HuggingFaceID,Architecture,System,Backend,Version,Status,ErrMsg,Command,Source,FPEProbeCount,FPETopologyCount,FPEStatusCounts,FPEPhaseLatencyMs,SourceSHA
MiniMaxAI/MiniMax-M2.7,MiniMaxM2ForCausalLM,l40s,sglang,0.5.10,FAIL,"Strict-native op-level FPE probes: BUILD_FAILED=56, PERF_DATA_MISSING=164, SDK_UNREPRESENTABLE=320; raw probes=540; topologies=135; source_sha=26dae1f99b2b50fb17118f38d8a8e95dfac3357c. Representative failure: Invalid quantized MoE configuration: (moe_intermediate_size=1536 / moe_tp_size=16) % weight_block_size=128 != 0.","python python/aisimulate/tools/support_matrix/generate_fpe_support_matrix.py --model ""MiniMaxAI/MiniMax-M2.7"" --system ""l40s"" --backend ""sglang"" --backend-version ""0.5.10"" --forward-model op_level --max-workers 8",,540,135,"BUILD_FAILED=56, PERF_DATA_MISSING=164, SDK_UNREPRESENTABLE=320",,26dae1f99b2b50fb17118f38d8a8e95dfac3357c
MiniMaxAI/MiniMax-M2.7,MiniMaxM2ForCausalLM,l40s,sglang,0.5.12,FAIL,"Strict-native op-level FPE probes: BUILD_FAILED=56, PERF_DATA_MISSING=164, SDK_UNREPRESENTABLE=320; raw probes=540; topologies=135; source_sha=26dae1f99b2b50fb17118f38d8a8e95dfac3357c. Representative failure: Invalid quantized MoE configuration: (moe_intermediate_size=1536 / moe_tp_size=16) % weight_block_size=128 != 0.","python python/aisimulate/tools/support_matrix/generate_fpe_support_matrix.py --model ""MiniMaxAI/MiniMax-M2.7"" --system ""l40s"" --backend ""sglang"" --backend-version ""0.5.12"" --forward-model op_level --max-workers 8",,540,135,"BUILD_FAILED=56, PERF_DATA_MISSING=164, SDK_UNREPRESENTABLE=320",,26dae1f99b2b50fb17118f38d8a8e95dfac3357c
MiniMaxAI/MiniMax-M2.7,MiniMaxM2ForCausalLM,l40s,sglang,0.5.14,FAIL,"Strict-native op-level FPE probes: BUILD_FAILED=56, PERF_DATA_MISSING=164, SDK_UNREPRESENTABLE=320; raw probes=540; topologies=135; source_sha=26dae1f99b2b50fb17118f38d8a8e95dfac3357c. Representative failure: Invalid quantized MoE configuration: (moe_intermediate_size=1536 / moe_tp_size=16) % weight_block_size=128 != 0.","python python/aisimulate/tools/support_matrix/generate_fpe_support_matrix.py --model ""MiniMaxAI/MiniMax-M2.7"" --system ""l40s"" --backend ""sglang"" --backend-version ""0.5.14"" --forward-model op_level --max-workers 8",,540,135,"BUILD_FAILED=56, PERF_DATA_MISSING=164, SDK_UNREPRESENTABLE=320",,26dae1f99b2b50fb17118f38d8a8e95dfac3357c
MiniMaxAI/MiniMax-M2.7,MiniMaxM2ForCausalLM,l40s,sglang,0.5.16,FAIL,"Strict-native op-level FPE probes: BUILD_FAILED=56, PERF_DATA_MISSING=164, SDK_UNREPRESENTABLE=320; raw probes=540; topologies=135; source_sha=26dae1f99b2b50fb17118f38d8a8e95dfac3357c. Representative failure: Invalid quantized MoE configuration: (moe_intermediate_size=1536 / moe_tp_size=16) % weight_block_size=128 != 0.","python python/aisimulate/tools/support_matrix/generate_fpe_support_matrix.py --model ""MiniMaxAI/MiniMax-M2.7"" --system ""l40s"" --backend ""sglang"" --backend-version ""0.5.16"" --forward-model op_level --max-workers 8",,540,135,"BUILD_FAILED=56, PERF_DATA_MISSING=164, SDK_UNREPRESENTABLE=320",,26dae1f99b2b50fb17118f38d8a8e95dfac3357c
MiniMaxAI/MiniMax-M2.7,MiniMaxM2ForCausalLM,l40s,sglang,0.5.9,FAIL,"Strict-native op-level FPE probes: BUILD_FAILED=56, PERF_DATA_MISSING=164, SDK_UNREPRESENTABLE=320; raw probes=540; topologies=135; source_sha=26dae1f99b2b50fb17118f38d8a8e95dfac3357c. Representative failure: Invalid quantized MoE configuration: (moe_intermediate_size=1536 / moe_tp_size=16) % weight_block_size=128 != 0.","python python/aisimulate/tools/support_matrix/generate_fpe_support_matrix.py --model ""MiniMaxAI/MiniMax-M2.7"" --system ""l40s"" --backend ""sglang"" --backend-version ""0.5.9"" --forward-model op_level --max-workers 8",,540,135,"BUILD_FAILED=56, PERF_DATA_MISSING=164, SDK_UNREPRESENTABLE=320",,26dae1f99b2b50fb17118f38d8a8e95dfac3357c
MiniMaxAI/MiniMax-M2.7,MiniMaxM2ForCausalLM,l40s,trtllm,1.0.0,FAIL,"Strict-native op-level FPE probes: BUILD_FAILED=24, PERF_DATA_MISSING=92; raw probes=116; topologies=29; source_sha=26dae1f99b2b50fb17118f38d8a8e95dfac3357c. Representative failure: Invalid quantized MoE configuration: (moe_intermediate_size=1536 / moe_tp_size=16) % weight_block_size=128 != 0.","python python/aisimulate/tools/support_matrix/generate_fpe_support_matrix.py --model ""MiniMaxAI/MiniMax-M2.7"" --system ""l40s"" --backend ""trtllm"" --backend-version ""1.0.0"" --forward-model op_level --max-workers 8",,116,29,"BUILD_FAILED=24, PERF_DATA_MISSING=92",,26dae1f99b2b50fb17118f38d8a8e95dfac3357c
MiniMaxAI/MiniMax-M2.7,MiniMaxM2ForCausalLM,l40s,trtllm,1.3.0rc15,FAIL,"Strict-native op-level FPE probes: BUILD_FAILED=24, PERF_DATA_MISSING=92; raw probes=116; topologies=29; source_sha=26dae1f99b2b50fb17118f38d8a8e95dfac3357c. Representative failure: Invalid quantized MoE configuration: (moe_intermediate_size=1536 / moe_tp_size=16) % weight_block_size=128 != 0.","python python/aisimulate/tools/support_matrix/generate_fpe_support_matrix.py --model ""MiniMaxAI/MiniMax-M2.7"" --system ""l40s"" --backend ""trtllm"" --backend-version ""1.3.0rc15"" --forward-model op_level --max-workers 8",,116,29,"BUILD_FAILED=24, PERF_DATA_MISSING=92",,26dae1f99b2b50fb17118f38d8a8e95dfac3357c
MiniMaxAI/MiniMax-M2.7,MiniMaxM2ForCausalLM,l40s,trtllm,1.3.0rc20,FAIL,"Strict-native op-level FPE probes: BUILD_FAILED=24, PERF_DATA_MISSING=92; raw probes=116; topologies=29; source_sha=26dae1f99b2b50fb17118f38d8a8e95dfac3357c. Representative failure: Invalid quantized MoE configuration: (moe_intermediate_size=1536 / moe_tp_size=16) % weight_block_size=128 != 0.","python python/aisimulate/tools/support_matrix/generate_fpe_support_matrix.py --model ""MiniMaxAI/MiniMax-M2.7"" --system ""l40s"" --backend ""trtllm"" --backend-version ""1.3.0rc20"" --forward-model op_level --max-workers 8",,116,29,"BUILD_FAILED=24, PERF_DATA_MISSING=92",,26dae1f99b2b50fb17118f38d8a8e95dfac3357c
MiniMaxAI/MiniMax-M2.7,MiniMaxM2ForCausalLM,l40s,trtllm,1.3.0rc23,FAIL,"Strict-native op-level FPE probes: BUILD_FAILED=24, PERF_DATA_MISSING=92; raw probes=116; topologies=29; source_sha=26dae1f99b2b50fb17118f38d8a8e95dfac3357c. Representative failure: Invalid quantized MoE configuration: (moe_intermediate_size=1536 / moe_tp_size=16) % weight_block_size=128 != 0.","python python/aisimulate/tools/support_matrix/generate_fpe_support_matrix.py --model ""MiniMaxAI/MiniMax-M2.7"" --system ""l40s"" --backend ""trtllm"" --backend-version ""1.3.0rc23"" --forward-model op_level --max-workers 8",,116,29,"BUILD_FAILED=24, PERF_DATA_MISSING=92",,26dae1f99b2b50fb17118f38d8a8e95dfac3357c
MiniMaxAI/MiniMax-M2.7,MiniMaxM2ForCausalLM,l40s,vllm,0.1.dev19262,FAIL,"Strict-native op-level FPE probes: BUILD_FAILED=36, PERF_DATA_MISSING=80; raw probes=116; topologies=29; source_sha=26dae1f99b2b50fb17118f38d8a8e95dfac3357c. Representative failure: Invalid quantized MoE configuration: (moe_intermediate_size=1536 / moe_tp_size=16) % weight_block_size=128 != 0.","python python/aisimulate/tools/support_matrix/generate_fpe_support_matrix.py --model ""MiniMaxAI/MiniMax-M2.7"" --system ""l40s"" --backend ""vllm"" --backend-version ""0.1.dev19262"" --forward-model op_level --max-workers 8",,116,29,"BUILD_FAILED=36, PERF_DATA_MISSING=80",,26dae1f99b2b50fb17118f38d8a8e95dfac3357c
MiniMaxAI/MiniMax-M2.7,MiniMaxM2ForCausalLM,l40s,vllm,0.14.0,FAIL,"Strict-native op-level FPE probes: BUILD_FAILED=36, PERF_DATA_MISSING=80; raw probes=116; topologies=29; source_sha=26dae1f99b2b50fb17118f38d8a8e95dfac3357c. Representative failure: Invalid quantized MoE configuration: (moe_intermediate_size=1536 / moe_tp_size=16) % weight_block_size=128 != 0.","python python/aisimulate/tools/support_matrix/generate_fpe_support_matrix.py --model ""MiniMaxAI/MiniMax-M2.7"" --system ""l40s"" --backend ""vllm"" --backend-version ""0.14.0"" --forward-model op_level --max-workers 8",,116,29,"BUILD_FAILED=36, PERF_DATA_MISSING=80",,26dae1f99b2b50fb17118f38d8a8e95dfac3357c
MiniMaxAI/MiniMax-M2.7,MiniMaxM2ForCausalLM,l40s,vllm,0.22.0,PASS,,"python python/aisimulate/tools/support_matrix/generate_fpe_support_matrix.py --model ""MiniMaxAI/MiniMax-M2.7"" --system ""l40s"" --backend ""vllm"" --backend-version ""0.22.0"" --forward-model op_level --max-workers 8",silicon,116,29,"BUILD_FAILED=36, PASS=80","decode_end=29211.636295, decode_start=114.529771, mixed=328.635782, prefill=324.801857",26dae1f99b2b50fb17118f38d8a8e95dfac3357c
MiniMaxAI/MiniMax-M2.7,MiniMaxM2ForCausalLM,l40s,vllm,0.24.0,PASS,,"python python/aisimulate/tools/support_matrix/generate_fpe_support_matrix.py --model ""MiniMaxAI/MiniMax-M2.7"" --system ""l40s"" --backend ""vllm"" --backend-version ""0.24.0"" --forward-model op_level --max-workers 8",silicon,116,29,"BUILD_FAILED=36, PASS=80","decode_end=29212.504836, decode_start=114.533178, mixed=328.639347, prefill=324.808911",26dae1f99b2b50fb17118f38d8a8e95dfac3357c
MiniMaxAI/MiniMax-M3,MiniMaxM3ForCausalLM,l40s,sglang,0.5.10,FAIL,"Strict-native op-level FPE probes: PERF_DATA_MISSING=220; raw probes=220; topologies=55; source_sha=26dae1f99b2b50fb17118f38d8a8e95dfac3357c. Representative failure: perf database error: MoE data missing for MoeKey { quant: ""bfloat16"", distribution: ""power_law_1.01"", topk: 4, num_experts: 128, hidden_size: 6144, inter_size: 3072, moe_tp_size: 1, moe_ep_size: 1 } at <repo>/python/aisimulate/src/aiconfigurator_core/systems/data/l40s/sglang/0.5.10","python python/aisimulate/tools/support_matrix/generate_fpe_support_matrix.py --model ""MiniMaxAI/MiniMax-M3"" --system ""l40s"" --backend ""sglang"" --backend-version ""0.5.10"" --forward-model op_level --max-workers 8",,220,55,PERF_DATA_MISSING=220,,26dae1f99b2b50fb17118f38d8a8e95dfac3357c
MiniMaxAI/MiniMax-M3,MiniMaxM3ForCausalLM,l40s,sglang,0.5.12,FAIL,Strict-native op-level FPE probes: PERF_DATA_MISSING=220; raw probes=220; topologies=55; source_sha=26dae1f99b2b50fb17118f38d8a8e95dfac3357c. Representative failure: perf database error: perf database error: perf database error: no DSA module rows loaded from 1 source(s) (first: <repo>/python/aisimulate/src/aiconfigurator_core/systems/data/l40s/sglang/0.5.12/msa_context_module_perf.parquet),"python python/aisimulate/tools/support_matrix/generate_fpe_support_matrix.py --model ""MiniMaxAI/MiniMax-M3"" --system ""l40s"" --backend ""sglang"" --backend-version ""0.5.12"" --forward-model op_level --max-workers 8",,220,55,PERF_DATA_MISSING=220,,26dae1f99b2b50fb17118f38d8a8e95dfac3357c
MiniMaxAI/MiniMax-M3,MiniMaxM3ForCausalLM,l40s,sglang,0.5.14,FAIL,Strict-native op-level FPE probes: PERF_DATA_MISSING=220; raw probes=220; topologies=55; source_sha=26dae1f99b2b50fb17118f38d8a8e95dfac3357c. Representative failure: perf database error: perf database error: perf database error: no DSA module rows loaded from 1 source(s) (first: <repo>/python/aisimulate/src/aiconfigurator_core/systems/data/l40s/sglang/0.5.14/msa_context_module_perf.parquet),"python python/aisimulate/tools/support_matrix/generate_fpe_support_matrix.py --model ""MiniMaxAI/MiniMax-M3"" --system ""l40s"" --backend ""sglang"" --backend-version ""0.5.14"" --forward-model op_level --max-workers 8",,220,55,PERF_DATA_MISSING=220,,26dae1f99b2b50fb17118f38d8a8e95dfac3357c
MiniMaxAI/MiniMax-M3,MiniMaxM3ForCausalLM,l40s,sglang,0.5.16,FAIL,Strict-native op-level FPE probes: PERF_DATA_MISSING=220; raw probes=220; topologies=55; source_sha=26dae1f99b2b50fb17118f38d8a8e95dfac3357c. Representative failure: perf database error: perf database error: perf database error: no DSA module rows loaded from 1 source(s) (first: <repo>/python/aisimulate/src/aiconfigurator_core/systems/data/l40s/sglang/0.5.16/msa_context_module_perf.parquet),"python python/aisimulate/tools/support_matrix/generate_fpe_support_matrix.py --model ""MiniMaxAI/MiniMax-M3"" --system ""l40s"" --backend ""sglang"" --backend-version ""0.5.16"" --forward-model op_level --max-workers 8",,220,55,PERF_DATA_MISSING=220,,26dae1f99b2b50fb17118f38d8a8e95dfac3357c
MiniMaxAI/MiniMax-M3,MiniMaxM3ForCausalLM,l40s,sglang,0.5.9,FAIL,"Strict-native op-level FPE probes: PERF_DATA_MISSING=220; raw probes=220; topologies=55; source_sha=26dae1f99b2b50fb17118f38d8a8e95dfac3357c. Representative failure: perf database error: MoE data missing for MoeKey { quant: ""bfloat16"", distribution: ""power_law_1.01"", topk: 4, num_experts: 128, hidden_size: 6144, inter_size: 3072, moe_tp_size: 1, moe_ep_size: 1 } at <repo>/python/aisimulate/src/aiconfigurator_core/systems/data/l40s/sglang/0.5.9","python python/aisimulate/tools/support_matrix/generate_fpe_support_matrix.py --model ""MiniMaxAI/MiniMax-M3"" --system ""l40s"" --backend ""sglang"" --backend-version ""0.5.9"" --forward-model op_level --max-workers 8",,220,55,PERF_DATA_MISSING=220,,26dae1f99b2b50fb17118f38d8a8e95dfac3357c
MiniMaxAI/MiniMax-M3,MiniMaxM3ForCausalLM,l40s,trtllm,1.0.0,FAIL,"Strict-native op-level FPE probes: PERF_DATA_MISSING=116; raw probes=116; topologies=29; source_sha=26dae1f99b2b50fb17118f38d8a8e95dfac3357c. Representative failure: perf database error: MoE data missing for MoeKey { quant: ""bfloat16"", distribution: ""power_law_1.01"", topk: 4, num_experts: 128, hidden_size: 6144, inter_size: 3072, moe_tp_size: 1, moe_ep_size: 1 } at <repo>/python/aisimulate/src/aiconfigurator_core/systems/data/l40s/trtllm/1.0.0","python python/aisimulate/tools/support_matrix/generate_fpe_support_matrix.py --model ""MiniMaxAI/MiniMax-M3"" --system ""l40s"" --backend ""trtllm"" --backend-version ""1.0.0"" --forward-model op_level --max-workers 8",,116,29,PERF_DATA_MISSING=116,,26dae1f99b2b50fb17118f38d8a8e95dfac3357c
MiniMaxAI/MiniMax-M3,MiniMaxM3ForCausalLM,l40s,trtllm,1.3.0rc15,FAIL,"Strict-native op-level FPE probes: PERF_DATA_MISSING=116; raw probes=116; topologies=29; source_sha=26dae1f99b2b50fb17118f38d8a8e95dfac3357c. Representative failure: perf database error: MoE data missing for MoeKey { quant: ""bfloat16"", distribution: ""power_law_1.01"", topk: 4, num_experts: 128, hidden_size: 6144, inter_size: 3072, moe_tp_size: 1, moe_ep_size: 1 } at <repo>/python/aisimulate/src/aiconfigurator_core/systems/data/l40s/trtllm/1.3.0rc15","python python/aisimulate/tools/support_matrix/generate_fpe_support_matrix.py --model ""MiniMaxAI/MiniMax-M3"" --system ""l40s"" --backend ""trtllm"" --backend-version ""1.3.0rc15"" --forward-model op_level --max-workers 8",,116,29,PERF_DATA_MISSING=116,,26dae1f99b2b50fb17118f38d8a8e95dfac3357c
MiniMaxAI/MiniMax-M3,MiniMaxM3ForCausalLM,l40s,trtllm,1.3.0rc20,FAIL,Strict-native op-level FPE probes: PERF_DATA_MISSING=116; raw probes=116; topologies=29; source_sha=26dae1f99b2b50fb17118f38d8a8e95dfac3357c. Representative failure: perf database error: perf database error: perf database error: no DSA module rows loaded from 1 source(s) (first: <repo>/python/aisimulate/src/aiconfigurator_core/systems/data/l40s/trtllm/1.3.0rc20/msa_context_module_perf.parquet),"python python/aisimulate/tools/support_matrix/generate_fpe_support_matrix.py --model ""MiniMaxAI/MiniMax-M3"" --system ""l40s"" --backend ""trtllm"" --backend-version ""1.3.0rc20"" --forward-model op_level --max-workers 8",,116,29,PERF_DATA_MISSING=116,,26dae1f99b2b50fb17118f38d8a8e95dfac3357c
MiniMaxAI/MiniMax-M3,MiniMaxM3ForCausalLM,l40s,trtllm,1.3.0rc23,PASS,,"python python/aisimulate/tools/support_matrix/generate_fpe_support_matrix.py --model ""MiniMaxAI/MiniMax-M3"" --system ""l40s"" --backend ""trtllm"" --backend-version ""1.3.0rc23"" --forward-model op_level --max-workers 8",silicon,116,29,PASS=116,"decode_end=90903.371895, decode_start=354.556773, mixed=1153.438299, prefill=1114.513039",26dae1f99b2b50fb17118f38d8a8e95dfac3357c
MiniMaxAI/MiniMax-M3,MiniMaxM3ForCausalLM,l40s,vllm,0.1.dev19262,FAIL,Strict-native op-level FPE probes: PERF_DATA_MISSING=116; raw probes=116; topologies=29; source_sha=26dae1f99b2b50fb17118f38d8a8e95dfac3357c. Representative failure: perf database error: perf database error: no GEMM rows loaded from 1 source(s) (first: <repo>/python/aisimulate/src/aiconfigurator_core/systems/data/l40s/vllm/0.1.dev19262/gemm_perf.parquet),"python python/aisimulate/tools/support_matrix/generate_fpe_support_matrix.py --model ""MiniMaxAI/MiniMax-M3"" --system ""l40s"" --backend ""vllm"" --backend-version ""0.1.dev19262"" --forward-model op_level --max-workers 8",,116,29,PERF_DATA_MISSING=116,,26dae1f99b2b50fb17118f38d8a8e95dfac3357c
MiniMaxAI/MiniMax-M3,MiniMaxM3ForCausalLM,l40s,vllm,0.14.0,FAIL,"Strict-native op-level FPE probes: PERF_DATA_MISSING=116; raw probes=116; topologies=29; source_sha=26dae1f99b2b50fb17118f38d8a8e95dfac3357c. Representative failure: perf database error: MoE data missing for MoeKey { quant: ""bfloat16"", distribution: ""power_law_1.01"", topk: 4, num_experts: 128, hidden_size: 6144, inter_size: 3072, moe_tp_size: 1, moe_ep_size: 1 } at <repo>/python/aisimulate/src/aiconfigurator_core/systems/data/l40s/vllm/0.14.0","python python/aisimulate/tools/support_matrix/generate_fpe_support_matrix.py --model ""MiniMaxAI/MiniMax-M3"" --system ""l40s"" --backend ""vllm"" --backend-version ""0.14.0"" --forward-model op_level --max-workers 8",,116,29,PERF_DATA_MISSING=116,,26dae1f99b2b50fb17118f38d8a8e95dfac3357c
MiniMaxAI/MiniMax-M3,MiniMaxM3ForCausalLM,l40s,vllm,0.22.0,FAIL,Strict-native op-level FPE probes: PERF_DATA_MISSING=116; raw probes=116; topologies=29; source_sha=26dae1f99b2b50fb17118f38d8a8e95dfac3357c. Representative failure: perf database error: perf database error: perf database error: no DSA module rows loaded from 1 source(s) (first: <repo>/python/aisimulate/src/aiconfigurator_core/systems/data/l40s/vllm/0.22.0/msa_context_module_perf.parquet),"python python/aisimulate/tools/support_matrix/generate_fpe_support_matrix.py --model ""MiniMaxAI/MiniMax-M3"" --system ""l40s"" --backend ""vllm"" --backend-version ""0.22.0"" --forward-model op_level --max-workers 8",,116,29,PERF_DATA_MISSING=116,,26dae1f99b2b50fb17118f38d8a8e95dfac3357c
MiniMaxAI/MiniMax-M3,MiniMaxM3ForCausalLM,l40s,vllm,0.24.0,PASS,,"python python/aisimulate/tools/support_matrix/generate_fpe_support_matrix.py --model ""MiniMaxAI/MiniMax-M3"" --system ""l40s"" --backend ""vllm"" --backend-version ""0.24.0"" --forward-model op_level --max-workers 8",silicon,116,29,PASS=116,"decode_end=82572.865101, decode_start=323.613825, mixed=1123.525907, prefill=1100.834217",26dae1f99b2b50fb17118f38d8a8e95dfac3357c
Qwen/Qwen3-0.6B,Qwen3ForCausalLM,l40s,sglang,0.5.10,PASS,,"python python/aisimulate/tools/support_matrix/generate_fpe_support_matrix.py --model ""Qwen/Qwen3-0.6B"" --system ""l40s"" --backend ""sglang"" --backend-version ""0.5.10"" --forward-model op_level --max-workers 8",silicon,24,6,"PASS=12, SDK_UNREPRESENTABLE=12","decode_end=621.507877, decode_start=2.318493, mixed=4.373179, prefill=4.073625",26dae1f99b2b50fb17118f38d8a8e95dfac3357c
Qwen/Qwen3-0.6B,Qwen3ForCausalLM,l40s,sglang,0.5.12,PASS,,"python python/aisimulate/tools/support_matrix/generate_fpe_support_matrix.py --model ""Qwen/Qwen3-0.6B"" --system ""l40s"" --backend ""sglang"" --backend-version ""0.5.12"" --forward-model op_level --max-workers 8",silicon,24,6,"PASS=12, SDK_UNREPRESENTABLE=12","decode_end=588.894228, decode_start=2.197578, mixed=4.510474, prefill=3.711271",26dae1f99b2b50fb17118f38d8a8e95dfac3357c
Qwen/Qwen3-0.6B,Qwen3ForCausalLM,l40s,sglang,0.5.14,PASS,,"python python/aisimulate/tools/support_matrix/generate_fpe_support_matrix.py --model ""Qwen/Qwen3-0.6B"" --system ""l40s"" --backend ""sglang"" --backend-version ""0.5.14"" --forward-model op_level --max-workers 8",silicon,24,6,"PASS=12, SDK_UNREPRESENTABLE=12","decode_end=581.070969, decode_start=2.163847, mixed=4.490320, prefill=3.950061",26dae1f99b2b50fb17118f38d8a8e95dfac3357c
Qwen/Qwen3-0.6B,Qwen3ForCausalLM,l40s,sglang,0.5.16,PASS,,"python python/aisimulate/tools/support_matrix/generate_fpe_support_matrix.py --model ""Qwen/Qwen3-0.6B"" --system ""l40s"" --backend ""sglang"" --backend-version ""0.5.16"" --forward-model op_level --max-workers 8",silicon,24,6,"PASS=12, SDK_UNREPRESENTABLE=12","decode_end=581.070969, decode_start=2.163847, mixed=4.490320, prefill=3.950061",26dae1f99b2b50fb17118f38d8a8e95dfac3357c
Qwen/Qwen3-0.6B,Qwen3ForCausalLM,l40s,sglang,0.5.9,PASS,,"python python/aisimulate/tools/support_matrix/generate_fpe_support_matrix.py --model ""Qwen/Qwen3-0.6B"" --system ""l40s"" --backend ""sglang"" --backend-version ""0.5.9"" --forward-model op_level --max-workers 8",silicon,24,6,"PASS=12, SDK_UNREPRESENTABLE=12","decode_end=603.641666, decode_start=2.243302, mixed=4.246991, prefill=3.625953",26dae1f99b2b50fb17118f38d8a8e95dfac3357c
Qwen/Qwen3-0.6B,Qwen3ForCausalLM,l40s,trtllm,1.0.0,PASS,,"python python/aisimulate/tools/support_matrix/generate_fpe_support_matrix.py --model ""Qwen/Qwen3-0.6B"" --system ""l40s"" --backend ""trtllm"" --backend-version ""1.0.0"" --forward-model op_level --max-workers 8",silicon,12,3,PASS=12,"decode_end=585.629225, decode_start=2.190492, mixed=4.180254, prefill=3.742576",26dae1f99b2b50fb17118f38d8a8e95dfac3357c
Qwen/Qwen3-0.6B,Qwen3ForCausalLM,l40s,trtllm,1.3.0rc15,PASS,,"python python/aisimulate/tools/support_matrix/generate_fpe_support_matrix.py --model ""Qwen/Qwen3-0.6B"" --system ""l40s"" --backend ""trtllm"" --backend-version ""1.3.0rc15"" --forward-model op_level --max-workers 8",silicon,12,3,PASS=12,"decode_end=585.251692, decode_start=2.192913, mixed=4.259029, prefill=3.826446",26dae1f99b2b50fb17118f38d8a8e95dfac3357c
Qwen/Qwen3-0.6B,Qwen3ForCausalLM,l40s,trtllm,1.3.0rc20,PASS,,"python python/aisimulate/tools/support_matrix/generate_fpe_support_matrix.py --model ""Qwen/Qwen3-0.6B"" --system ""l40s"" --backend ""trtllm"" --backend-version ""1.3.0rc20"" --forward-model op_level --max-workers 8",silicon,12,3,PASS=12,"decode_end=583.078720, decode_start=2.195686, mixed=4.253669, prefill=3.704730",26dae1f99b2b50fb17118f38d8a8e95dfac3357c
Qwen/Qwen3-0.6B,Qwen3ForCausalLM,l40s,trtllm,1.3.0rc23,PASS,,"python python/aisimulate/tools/support_matrix/generate_fpe_support_matrix.py --model ""Qwen/Qwen3-0.6B"" --system ""l40s"" --backend ""trtllm"" --backend-version ""1.3.0rc23"" --forward-model op_level --max-workers 8",silicon,12,3,PASS=12,"decode_end=583.078720, decode_start=2.195686, mixed=4.253669, prefill=3.704730",26dae1f99b2b50fb17118f38d8a8e95dfac3357c
Qwen/Qwen3-0.6B,Qwen3ForCausalLM,l40s,vllm,0.1.dev19262,FAIL,Strict-native op-level FPE probes: PERF_DATA_MISSING=12; raw probes=12; topologies=3; source_sha=26dae1f99b2b50fb17118f38d8a8e95dfac3357c. Representative failure: perf database error: perf database error: no GEMM rows loaded from 1 source(s) (first: <repo>/python/aisimulate/src/aiconfigurator_core/systems/data/l40s/vllm/0.1.dev19262/gemm_perf.parquet),"python python/aisimulate/tools/support_matrix/generate_fpe_support_matrix.py --model ""Qwen/Qwen3-0.6B"" --system ""l40s"" --backend ""vllm"" --backend-version ""0.1.dev19262"" --forward-model op_level --max-workers 8",,12,3,PERF_DATA_MISSING=12,,26dae1f99b2b50fb17118f38d8a8e95dfac3357c
Qwen/Qwen3-0.6B,Qwen3ForCausalLM,l40s,vllm,0.14.0,PASS,,"python python/aisimulate/tools/support_matrix/generate_fpe_support_matrix.py --model ""Qwen/Qwen3-0.6B"" --system ""l40s"" --backend ""vllm"" --backend-version ""0.14.0"" --forward-model op_level --max-workers 8",silicon,12,3,PASS=12,"decode_end=607.005138, decode_start=2.321369, mixed=4.144927, prefill=3.622547",26dae1f99b2b50fb17118f38d8a8e95dfac3357c
Qwen/Qwen3-0.6B,Qwen3ForCausalLM,l40s,vllm,0.22.0,PASS,,"python python/aisimulate/tools/support_matrix/generate_fpe_support_matrix.py --model ""Qwen/Qwen3-0.6B"" --system ""l40s"" --backend ""vllm"" --backend-version ""0.22.0"" --forward-model op_level --max-workers 8",silicon,12,3,PASS=12,"decode_end=607.027650, decode_start=2.317606, mixed=4.115942, prefill=3.583712",26dae1f99b2b50fb17118f38d8a8e95dfac3357c
Qwen/Qwen3-0.6B,Qwen3ForCausalLM,l40s,vllm,0.24.0,PASS,,"python python/aisimulate/tools/support_matrix/generate_fpe_support_matrix.py --model ""Qwen/Qwen3-0.6B"" --system ""l40s"" --backend ""vllm"" --backend-version ""0.24.0"" --forward-model op_level --max-workers 8",silicon,12,3,PASS=12,"decode_end=610.214746, decode_start=2.330104, mixed=4.188597, prefill=3.627665",26dae1f99b2b50fb17118f38d8a8e95dfac3357c
Qwen/Qwen3-1.7B,Qwen3ForCausalLM,l40s,sglang,0.5.10,PASS,,"python python/aisimulate/tools/support_matrix/generate_fpe_support_matrix.py --model ""Qwen/Qwen3-1.7B"" --system ""l40s"" --backend ""sglang"" --backend-version ""0.5.10"" --forward-model op_level --max-workers 8",silicon,24,6,"PASS=12, SDK_UNREPRESENTABLE=12","decode_end=1496.076404, decode_start=5.748173, mixed=8.554927, prefill=8.030994",26dae1f99b2b50fb17118f38d8a8e95dfac3357c
Qwen/Qwen3-1.7B,Qwen3ForCausalLM,l40s,sglang,0.5.12,PASS,,"python python/aisimulate/tools/support_matrix/generate_fpe_support_matrix.py --model ""Qwen/Qwen3-1.7B"" --system ""l40s"" --backend ""sglang"" --backend-version ""0.5.12"" --forward-model op_level --max-workers 8",silicon,24,6,"PASS=12, SDK_UNREPRESENTABLE=12","decode_end=1563.208036, decode_start=6.018416, mixed=8.129708, prefill=7.957108",26dae1f99b2b50fb17118f38d8a8e95dfac3357c
Qwen/Qwen3-1.7B,Qwen3ForCausalLM,l40s,sglang,0.5.14,PASS,,"python python/aisimulate/tools/support_matrix/generate_fpe_support_matrix.py --model ""Qwen/Qwen3-1.7B"" --system ""l40s"" --backend ""sglang"" --backend-version ""0.5.14"" --forward-model op_level --max-workers 8",silicon,24,6,"PASS=12, SDK_UNREPRESENTABLE=12","decode_end=1454.339356, decode_start=5.588428, mixed=8.817748, prefill=7.888699",26dae1f99b2b50fb17118f38d8a8e95dfac3357c
Qwen/Qwen3-1.7B,Qwen3ForCausalLM,l40s,sglang,0.5.16,PASS,,"python python/aisimulate/tools/support_matrix/generate_fpe_support_matrix.py --model ""Qwen/Qwen3-1.7B"" --system ""l40s"" --backend ""sglang"" --backend-version ""0.5.16"" --forward-model op_level --max-workers 8",silicon,24,6,"PASS=12, SDK_UNREPRESENTABLE=12","decode_end=1454.339356, decode_start=5.588428, mixed=8.817748, prefill=7.888699",26dae1f99b2b50fb17118f38d8a8e95dfac3357c
Qwen/Qwen3-1.7B,Qwen3ForCausalLM,l40s,sglang,0.5.9,PASS,,"python python/aisimulate/tools/support_matrix/generate_fpe_support_matrix.py --model ""Qwen/Qwen3-1.7B"" --system ""l40s"" --backend ""sglang"" --backend-version ""0.5.9"" --forward-model op_level --max-workers 8",silicon,24,6,"PASS=12, SDK_UNREPRESENTABLE=12","decode_end=1469.898747, decode_start=5.640389, mixed=8.681427, prefill=8.190255",26dae1f99b2b50fb17118f38d8a8e95dfac3357c
Qwen/Qwen3-1.7B,Qwen3ForCausalLM,l40s,trtllm,1.0.0,PASS,,"python python/aisimulate/tools/support_matrix/generate_fpe_support_matrix.py --model ""Qwen/Qwen3-1.7B"" --system ""l40s"" --backend ""trtllm"" --backend-version ""1.0.0"" --forward-model op_level --max-workers 8",silicon,12,3,PASS=12,"decode_end=1513.874639, decode_start=5.830670, mixed=8.308564, prefill=7.855597",26dae1f99b2b50fb17118f38d8a8e95dfac3357c
Qwen/Qwen3-1.7B,Qwen3ForCausalLM,l40s,trtllm,1.3.0rc15,PASS,,"python python/aisimulate/tools/support_matrix/generate_fpe_support_matrix.py --model ""Qwen/Qwen3-1.7B"" --system ""l40s"" --backend ""trtllm"" --backend-version ""1.3.0rc15"" --forward-model op_level --max-workers 8",silicon,12,3,PASS=12,"decode_end=1267.044394, decode_start=4.866610, mixed=7.708868, prefill=6.686942",26dae1f99b2b50fb17118f38d8a8e95dfac3357c
Qwen/Qwen3-1.7B,Qwen3ForCausalLM,l40s,trtllm,1.3.0rc20,PASS,,"python python/aisimulate/tools/support_matrix/generate_fpe_support_matrix.py --model ""Qwen/Qwen3-1.7B"" --system ""l40s"" --backend ""trtllm"" --backend-version ""1.3.0rc20"" --forward-model op_level --max-workers 8",silicon,12,3,PASS=12,"decode_end=1262.392450, decode_start=4.859662, mixed=7.514569, prefill=6.706996",26dae1f99b2b50fb17118f38d8a8e95dfac3357c
Qwen/Qwen3-1.7B,Qwen3ForCausalLM,l40s,trtllm,1.3.0rc23,PASS,,"python python/aisimulate/tools/support_matrix/generate_fpe_support_matrix.py --model ""Qwen/Qwen3-1.7B"" --system ""l40s"" --backend ""trtllm"" --backend-version ""1.3.0rc23"" --forward-model op_level --max-workers 8",silicon,12,3,PASS=12,"decode_end=1262.392450, decode_start=4.859662, mixed=7.514569, prefill=6.706996",26dae1f99b2b50fb17118f38d8a8e95dfac3357c
Qwen/Qwen3-1.7B,Qwen3ForCausalLM,l40s,vllm,0.1.dev19262,FAIL,Strict-native op-level FPE probes: PERF_DATA_MISSING=12; raw probes=12; topologies=3; source_sha=26dae1f99b2b50fb17118f38d8a8e95dfac3357c. Representative failure: perf database error: perf database error: no GEMM rows loaded from 1 source(s) (first: <repo>/python/aisimulate/src/aiconfigurator_core/systems/data/l40s/vllm/0.1.dev19262/gemm_perf.parquet),"python python/aisimulate/tools/support_matrix/generate_fpe_support_matrix.py --model ""Qwen/Qwen3-1.7B"" --system ""l40s"" --backend ""vllm"" --backend-version ""0.1.dev19262"" --forward-model op_level --max-workers 8",,12,3,PERF_DATA_MISSING=12,,26dae1f99b2b50fb17118f38d8a8e95dfac3357c
Qwen/Qwen3-1.7B,Qwen3ForCausalLM,l40s,vllm,0.14.0,PASS,,"python python/aisimulate/tools/support_matrix/generate_fpe_support_matrix.py --model ""Qwen/Qwen3-1.7B"" --system ""l40s"" --backend ""vllm"" --backend-version ""0.14.0"" --forward-model op_level --max-workers 8",silicon,12,3,PASS=12,"decode_end=1526.042638, decode_start=5.925438, mixed=7.919186, prefill=7.374953",26dae1f99b2b50fb17118f38d8a8e95dfac3357c
Qwen/Qwen3-1.7B,Qwen3ForCausalLM,l40s,vllm,0.22.0,PASS,,"python python/aisimulate/tools/support_matrix/generate_fpe_support_matrix.py --model ""Qwen/Qwen3-1.7B"" --system ""l40s"" --backend ""vllm"" --backend-version ""0.22.0"" --forward-model op_level --max-workers 8",silicon,12,3,PASS=12,"decode_end=1527.105516, decode_start=5.925754, mixed=8.241961, prefill=7.609101",26dae1f99b2b50fb17118f38d8a8e95dfac3357c
Qwen/Qwen3-1.7B,Qwen3ForCausalLM,l40s,vllm,0.24.0,PASS,,"python python/aisimulate/tools/support_matrix/generate_fpe_support_matrix.py --model ""Qwen/Qwen3-1.7B"" --system ""l40s"" --backend ""vllm"" --backend-version ""0.24.0"" --forward-model op_level --max-workers 8",silicon,12,3,PASS=12,"decode_end=1526.106375, decode_start=5.921836, mixed=8.107582, prefill=7.833240",26dae1f99b2b50fb17118f38d8a8e95dfac3357c
Qwen/Qwen3-235B-A22B,Qwen3MoeForCausalLM,l40s,sglang,0.5.10,PASS,,"python python/aisimulate/tools/support_matrix/generate_fpe_support_matrix.py --model ""Qwen/Qwen3-235B-A22B"" --system ""l40s"" --backend ""sglang"" --backend-version ""0.5.10"" --forward-model op_level --max-workers 8",silicon,540,135,"PASS=220, SDK_UNREPRESENTABLE=320","decode_end=64368.589757, decode_start=252.171925, mixed=768.210183, prefill=677.303008",26dae1f99b2b50fb17118f38d8a8e95dfac3357c
Qwen/Qwen3-235B-A22B,Qwen3MoeForCausalLM,l40s,sglang,0.5.12,PASS,,"python python/aisimulate/tools/support_matrix/generate_fpe_support_matrix.py --model ""Qwen/Qwen3-235B-A22B"" --system ""l40s"" --backend ""sglang"" --backend-version ""0.5.12"" --forward-model op_level --max-workers 8",silicon,540,135,"PASS=220, SDK_UNREPRESENTABLE=320","decode_end=61002.029380, decode_start=239.201183, mixed=767.500232, prefill=679.411513",26dae1f99b2b50fb17118f38d8a8e95dfac3357c
Qwen/Qwen3-235B-A22B,Qwen3MoeForCausalLM,l40s,sglang,0.5.14,PASS,,"python python/aisimulate/tools/support_matrix/generate_fpe_support_matrix.py --model ""Qwen/Qwen3-235B-A22B"" --system ""l40s"" --backend ""sglang"" --backend-version ""0.5.14"" --forward-model op_level --max-workers 8",silicon,540,135,"PASS=220, SDK_UNREPRESENTABLE=320","decode_end=60931.685975, decode_start=238.901942, mixed=764.171852, prefill=673.965971",26dae1f99b2b50fb17118f38d8a8e95dfac3357c
Qwen/Qwen3-235B-A22B,Qwen3MoeForCausalLM,l40s,sglang,0.5.16,PASS,,"python python/aisimulate/tools/support_matrix/generate_fpe_support_matrix.py --model ""Qwen/Qwen3-235B-A22B"" --system ""l40s"" --backend ""sglang"" --backend-version ""0.5.16"" --forward-model op_level --max-workers 8",silicon,540,135,"PASS=220, SDK_UNREPRESENTABLE=320","decode_end=60931.685975, decode_start=238.901942, mixed=764.171852, prefill=673.965971",26dae1f99b2b50fb17118f38d8a8e95dfac3357c
Qwen/Qwen3-235B-A22B,Qwen3MoeForCausalLM,l40s,sglang,0.5.9,PASS,,"python python/aisimulate/tools/support_matrix/generate_fpe_support_matrix.py --model ""Qwen/Qwen3-235B-A22B"" --system ""l40s"" --backend ""sglang"" --backend-version ""0.5.9"" --forward-model op_level --max-workers 8",silicon,540,135,"PASS=60, PERF_DATA_MISSING=160, SDK_UNREPRESENTABLE=320","decode_end=63750.388576, decode_start=249.733717, mixed=744.066878, prefill=654.523721",26dae1f99b2b50fb17118f38d8a8e95dfac3357c
Qwen/Qwen3-235B-A22B,Qwen3MoeForCausalLM,l40s,trtllm,1.0.0,PASS,,"python python/aisimulate/tools/support_matrix/generate_fpe_support_matrix.py --model ""Qwen/Qwen3-235B-A22B"" --system ""l40s"" --backend ""trtllm"" --backend-version ""1.0.0"" --forward-model op_level --max-workers 8",silicon,116,29,PASS=116,"decode_end=49882.944903, decode_start=195.597655, mixed=659.416389, prefill=656.613528",26dae1f99b2b50fb17118f38d8a8e95dfac3357c
Qwen/Qwen3-235B-A22B,Qwen3MoeForCausalLM,l40s,trtllm,1.3.0rc15,PASS,,"python python/aisimulate/tools/support_matrix/generate_fpe_support_matrix.py --model ""Qwen/Qwen3-235B-A22B"" --system ""l40s"" --backend ""trtllm"" --backend-version ""1.3.0rc15"" --forward-model op_level --max-workers 8",silicon,116,29,PASS=116,"decode_end=62752.128296, decode_start=246.069272, mixed=682.229363, prefill=676.766217",26dae1f99b2b50fb17118f38d8a8e95dfac3357c
Qwen/Qwen3-235B-A22B,Qwen3MoeForCausalLM,l40s,trtllm,1.3.0rc20,PASS,,"python python/aisimulate/tools/support_matrix/generate_fpe_support_matrix.py --model ""Qwen/Qwen3-235B-A22B"" --system ""l40s"" --backend ""trtllm"" --backend-version ""1.3.0rc20"" --forward-model op_level --max-workers 8",silicon,116,29,PASS=116,"decode_end=64790.594921, decode_start=254.018250, mixed=681.958025, prefill=674.692917",26dae1f99b2b50fb17118f38d8a8e95dfac3357c
Qwen/Qwen3-235B-A22B,Qwen3MoeForCausalLM,l40s,trtllm,1.3.0rc23,PASS,,"python python/aisimulate/tools/support_matrix/generate_fpe_support_matrix.py --model ""Qwen/Qwen3-235B-A22B"" --system ""l40s"" --backend ""trtllm"" --backend-version ""1.3.0rc23"" --forward-model op_level --max-workers 8",silicon,116,29,PASS=116,"decode_end=64790.594921, decode_start=254.018250, mixed=681.958025, prefill=674.692917",26dae1f99b2b50fb17118f38d8a8e95dfac3357c
Qwen/Qwen3-235B-A22B,Qwen3MoeForCausalLM,l40s,vllm,0.1.dev19262,FAIL,Strict-native op-level FPE probes: PERF_DATA_MISSING=116; raw probes=116; topologies=29; source_sha=26dae1f99b2b50fb17118f38d8a8e95dfac3357c. Representative failure: perf database error: perf database error: no GEMM rows loaded from 1 source(s) (first: <repo>/python/aisimulate/src/aiconfigurator_core/systems/data/l40s/vllm/0.1.dev19262/gemm_perf.parquet),"python python/aisimulate/tools/support_matrix/generate_fpe_support_matrix.py --model ""Qwen/Qwen3-235B-A22B"" --system ""l40s"" --backend ""vllm"" --backend-version ""0.1.dev19262"" --forward-model op_level --max-workers 8",,116,29,PERF_DATA_MISSING=116,,26dae1f99b2b50fb17118f38d8a8e95dfac3357c
Qwen/Qwen3-235B-A22B,Qwen3MoeForCausalLM,l40s,vllm,0.14.0,PASS,,"python python/aisimulate/tools/support_matrix/generate_fpe_support_matrix.py --model ""Qwen/Qwen3-235B-A22B"" --system ""l40s"" --backend ""vllm"" --backend-version ""0.14.0"" --forward-model op_level --max-workers 8",silicon,116,29,PASS=116,"decode_end=67282.189404, decode_start=263.808390, mixed=742.086523, prefill=655.558929",26dae1f99b2b50fb17118f38d8a8e95dfac3357c
Qwen/Qwen3-235B-A22B,Qwen3MoeForCausalLM,l40s,vllm,0.22.0,PASS,,"python python/aisimulate/tools/support_matrix/generate_fpe_support_matrix.py --model ""Qwen/Qwen3-235B-A22B"" --system ""l40s"" --backend ""vllm"" --backend-version ""0.22.0"" --forward-model op_level --max-workers 8",silicon,116,29,PASS=116,"decode_end=57181.274656, decode_start=224.202008, mixed=716.982672, prefill=710.971204",26dae1f99b2b50fb17118f38d8a8e95dfac3357c
Qwen/Qwen3-235B-A22B,Qwen3MoeForCausalLM,l40s,vllm,0.24.0,PASS,,"python python/aisimulate/tools/support_matrix/generate_fpe_support_matrix.py --model ""Qwen/Qwen3-235B-A22B"" --system ""l40s"" --backend ""vllm"" --backend-version ""0.24.0"" --forward-model op_level --max-workers 8",silicon,116,29,PASS=116,"decode_end=60698.561313, decode_start=237.995289, mixed=709.859477, prefill=704.431719",26dae1f99b2b50fb17118f38d8a8e95dfac3357c
Qwen/Qwen3-235B-A22B-FP8,Qwen3MoeForCausalLM,l40s,sglang,0.5.10,FAIL,"Strict-native op-level FPE probes: BUILD_FAILED=56, PERF_DATA_MISSING=164, SDK_UNREPRESENTABLE=320; raw probes=540; topologies=135; source_sha=26dae1f99b2b50fb17118f38d8a8e95dfac3357c. Representative failure: Invalid quantized MoE configuration: (moe_intermediate_size=1536 / moe_tp_size=16) % weight_block_size=128 != 0.","python python/aisimulate/tools/support_matrix/generate_fpe_support_matrix.py --model ""Qwen/Qwen3-235B-A22B-FP8"" --system ""l40s"" --backend ""sglang"" --backend-version ""0.5.10"" --forward-model op_level --max-workers 8",,540,135,"BUILD_FAILED=56, PERF_DATA_MISSING=164, SDK_UNREPRESENTABLE=320",,26dae1f99b2b50fb17118f38d8a8e95dfac3357c
Qwen/Qwen3-235B-A22B-FP8,Qwen3MoeForCausalLM,l40s,sglang,0.5.12,FAIL,"Strict-native op-level FPE probes: BUILD_FAILED=56, PERF_DATA_MISSING=164, SDK_UNREPRESENTABLE=320; raw probes=540; topologies=135; source_sha=26dae1f99b2b50fb17118f38d8a8e95dfac3357c. Representative failure: Invalid quantized MoE configuration: (moe_intermediate_size=1536 / moe_tp_size=16) % weight_block_size=128 != 0.","python python/aisimulate/tools/support_matrix/generate_fpe_support_matrix.py --model ""Qwen/Qwen3-235B-A22B-FP8"" --system ""l40s"" --backend ""sglang"" --backend-version ""0.5.12"" --forward-model op_level --max-workers 8",,540,135,"BUILD_FAILED=56, PERF_DATA_MISSING=164, SDK_UNREPRESENTABLE=320",,26dae1f99b2b50fb17118f38d8a8e95dfac3357c
Qwen/Qwen3-235B-A22B-FP8,Qwen3MoeForCausalLM,l40s,sglang,0.5.14,FAIL,"Strict-native op-level FPE probes: BUILD_FAILED=56, PERF_DATA_MISSING=164, SDK_UNREPRESENTABLE=320; raw probes=540; topologies=135; source_sha=26dae1f99b2b50fb17118f38d8a8e95dfac3357c. Representative failure: Invalid quantized MoE configuration: (moe_intermediate_size=1536 / moe_tp_size=16) % weight_block_size=128 != 0.","python python/aisimulate/tools/support_matrix/generate_fpe_support_matrix.py --model ""Qwen/Qwen3-235B-A22B-FP8"" --system ""l40s"" --backend ""sglang"" --backend-version ""0.5.14"" --forward-model op_level --max-workers 8",,540,135,"BUILD_FAILED=56, PERF_DATA_MISSING=164, SDK_UNREPRESENTABLE=320",,26dae1f99b2b50fb17118f38d8a8e95dfac3357c
Qwen/Qwen3-235B-A22B-FP8,Qwen3MoeForCausalLM,l40s,sglang,0.5.16,FAIL,"Strict-native op-level FPE probes: BUILD_FAILED=56, PERF_DATA_MISSING=164, SDK_UNREPRESENTABLE=320; raw probes=540; topologies=135; source_sha=26dae1f99b2b50fb17118f38d8a8e95dfac3357c. Representative failure: Invalid quantized MoE configuration: (moe_intermediate_size=1536 / moe_tp_size=16) % weight_block_size=128 != 0.","python python/aisimulate/tools/support_matrix/generate_fpe_support_matrix.py --model ""Qwen/Qwen3-235B-A22B-FP8"" --system ""l40s"" --backend ""sglang"" --backend-version ""0.5.16"" --forward-model op_level --max-workers 8",,540,135,"BUILD_FAILED=56, PERF_DATA_MISSING=164, SDK_UNREPRESENTABLE=320",,26dae1f99b2b50fb17118f38d8a8e95dfac3357c
Qwen/Qwen3-235B-A22B-FP8,Qwen3MoeForCausalLM,l40s,sglang,0.5.9,FAIL,"Strict-native op-level FPE probes: BUILD_FAILED=56, PERF_DATA_MISSING=164, SDK_UNREPRESENTABLE=320; raw probes=540; topologies=135; source_sha=26dae1f99b2b50fb17118f38d8a8e95dfac3357c. Representative failure: Invalid quantized MoE configuration: (moe_intermediate_size=1536 / moe_tp_size=16) % weight_block_size=128 != 0.","python python/aisimulate/tools/support_matrix/generate_fpe_support_matrix.py --model ""Qwen/Qwen3-235B-A22B-FP8"" --system ""l40s"" --backend ""sglang"" --backend-version ""0.5.9"" --forward-model op_level --max-workers 8",,540,135,"BUILD_FAILED=56, PERF_DATA_MISSING=164, SDK_UNREPRESENTABLE=320",,26dae1f99b2b50fb17118f38d8a8e95dfac3357c
Qwen/Qwen3-235B-A22B-FP8,Qwen3MoeForCausalLM,l40s,trtllm,1.0.0,FAIL,"Strict-native op-level FPE probes: BUILD_FAILED=24, PERF_DATA_MISSING=92; raw probes=116; topologies=29; source_sha=26dae1f99b2b50fb17118f38d8a8e95dfac3357c. Representative failure: Invalid quantized MoE configuration: (moe_intermediate_size=1536 / moe_tp_size=16) % weight_block_size=128 != 0.","python python/aisimulate/tools/support_matrix/generate_fpe_support_matrix.py --model ""Qwen/Qwen3-235B-A22B-FP8"" --system ""l40s"" --backend ""trtllm"" --backend-version ""1.0.0"" --forward-model op_level --max-workers 8",,116,29,"BUILD_FAILED=24, PERF_DATA_MISSING=92",,26dae1f99b2b50fb17118f38d8a8e95dfac3357c
Qwen/Qwen3-235B-A22B-FP8,Qwen3MoeForCausalLM,l40s,trtllm,1.3.0rc15,FAIL,"Strict-native op-level FPE probes: BUILD_FAILED=24, PERF_DATA_MISSING=92; raw probes=116; topologies=29; source_sha=26dae1f99b2b50fb17118f38d8a8e95dfac3357c. Representative failure: Invalid quantized MoE configuration: (moe_intermediate_size=1536 / moe_tp_size=16) % weight_block_size=128 != 0.","python python/aisimulate/tools/support_matrix/generate_fpe_support_matrix.py --model ""Qwen/Qwen3-235B-A22B-FP8"" --system ""l40s"" --backend ""trtllm"" --backend-version ""1.3.0rc15"" --forward-model op_level --max-workers 8",,116,29,"BUILD_FAILED=24, PERF_DATA_MISSING=92",,26dae1f99b2b50fb17118f38d8a8e95dfac3357c
Qwen/Qwen3-235B-A22B-FP8,Qwen3MoeForCausalLM,l40s,trtllm,1.3.0rc20,FAIL,"Strict-native op-level FPE probes: BUILD_FAILED=24, PERF_DATA_MISSING=92; raw probes=116; topologies=29; source_sha=26dae1f99b2b50fb17118f38d8a8e95dfac3357c. Representative failure: Invalid quantized MoE configuration: (moe_intermediate_size=1536 / moe_tp_size=16) % weight_block_size=128 != 0.","python python/aisimulate/tools/support_matrix/generate_fpe_support_matrix.py --model ""Qwen/Qwen3-235B-A22B-FP8"" --system ""l40s"" --backend ""trtllm"" --backend-version ""1.3.0rc20"" --forward-model op_level --max-workers 8",,116,29,"BUILD_FAILED=24, PERF_DATA_MISSING=92",,26dae1f99b2b50fb17118f38d8a8e95dfac3357c
Qwen/Qwen3-235B-A22B-FP8,Qwen3MoeForCausalLM,l40s,trtllm,1.3.0rc23,FAIL,"Strict-native op-level FPE probes: BUILD_FAILED=24, PERF_DATA_MISSING=92; raw probes=116; topologies=29; source_sha=26dae1f99b2b50fb17118f38d8a8e95dfac3357c. Representative failure: Invalid quantized MoE configuration: (moe_intermediate_size=1536 / moe_tp_size=16) % weight_block_size=128 != 0.","python python/aisimulate/tools/support_matrix/generate_fpe_support_matrix.py --model ""Qwen/Qwen3-235B-A22B-FP8"" --system ""l40s"" --backend ""trtllm"" --backend-version ""1.3.0rc23"" --forward-model op_level --max-workers 8",,116,29,"BUILD_FAILED=24, PERF_DATA_MISSING=92",,26dae1f99b2b50fb17118f38d8a8e95dfac3357c
Qwen/Qwen3-235B-A22B-FP8,Qwen3MoeForCausalLM,l40s,vllm,0.1.dev19262,FAIL,"Strict-native op-level FPE probes: BUILD_FAILED=36, PERF_DATA_MISSING=80; raw probes=116; topologies=29; source_sha=26dae1f99b2b50fb17118f38d8a8e95dfac3357c. Representative failure: Invalid quantized MoE configuration: (moe_intermediate_size=1536 / moe_tp_size=16) % weight_block_size=128 != 0.","python python/aisimulate/tools/support_matrix/generate_fpe_support_matrix.py --model ""Qwen/Qwen3-235B-A22B-FP8"" --system ""l40s"" --backend ""vllm"" --backend-version ""0.1.dev19262"" --forward-model op_level --max-workers 8",,116,29,"BUILD_FAILED=36, PERF_DATA_MISSING=80",,26dae1f99b2b50fb17118f38d8a8e95dfac3357c
Qwen/Qwen3-235B-A22B-FP8,Qwen3MoeForCausalLM,l40s,vllm,0.14.0,FAIL,"Strict-native op-level FPE probes: BUILD_FAILED=36, PERF_DATA_MISSING=80; raw probes=116; topologies=29; source_sha=26dae1f99b2b50fb17118f38d8a8e95dfac3357c. Representative failure: Invalid quantized MoE configuration: (moe_intermediate_size=1536 / moe_tp_size=16) % weight_block_size=128 != 0.","python python/aisimulate/tools/support_matrix/generate_fpe_support_matrix.py --model ""Qwen/Qwen3-235B-A22B-FP8"" --system ""l40s"" --backend ""vllm"" --backend-version ""0.14.0"" --forward-model op_level --max-workers 8",,116,29,"BUILD_FAILED=36, PERF_DATA_MISSING=80",,26dae1f99b2b50fb17118f38d8a8e95dfac3357c
Qwen/Qwen3-235B-A22B-FP8,Qwen3MoeForCausalLM,l40s,vllm,0.22.0,PASS,,"python python/aisimulate/tools/support_matrix/generate_fpe_support_matrix.py --model ""Qwen/Qwen3-235B-A22B-FP8"" --system ""l40s"" --backend ""vllm"" --backend-version ""0.22.0"" --forward-model op_level --max-workers 8",silicon,116,29,"BUILD_FAILED=36, PASS=80","decode_end=47241.876243, decode_start=185.241937, mixed=415.560878, prefill=413.689498",26dae1f99b2b50fb17118f38d8a8e95dfac3357c
Qwen/Qwen3-235B-A22B-FP8,Qwen3MoeForCausalLM,l40s,vllm,0.24.0,PASS,,"python python/aisimulate/tools/support_matrix/generate_fpe_support_matrix.py --model ""Qwen/Qwen3-235B-A22B-FP8"" --system ""l40s"" --backend ""vllm"" --backend-version ""0.24.0"" --forward-model op_level --max-workers 8",silicon,116,29,"BUILD_FAILED=36, PASS=80","decode_end=47232.727631, decode_start=185.206060, mixed=415.564174, prefill=413.700778",26dae1f99b2b50fb17118f38d8a8e95dfac3357c
Qwen/Qwen3-30B-A3B,Qwen3MoeForCausalLM,l40s,sglang,0.5.10,PASS,,"python python/aisimulate/tools/support_matrix/generate_fpe_support_matrix.py --model ""Qwen/Qwen3-30B-A3B"" --system ""l40s"" --backend ""sglang"" --backend-version ""0.5.10"" --forward-model op_level --max-workers 8",silicon,540,135,"PASS=164, PERF_DATA_MISSING=56, SDK_UNREPRESENTABLE=320","decode_end=8989.346375, decode_start=35.128072, mixed=101.881397, prefill=90.663745",26dae1f99b2b50fb17118f38d8a8e95dfac3357c
Qwen/Qwen3-30B-A3B,Qwen3MoeForCausalLM,l40s,sglang,0.5.12,PASS,,"python python/aisimulate/tools/support_matrix/generate_fpe_support_matrix.py --model ""Qwen/Qwen3-30B-A3B"" --system ""l40s"" --backend ""sglang"" --backend-version ""0.5.12"" --forward-model op_level --max-workers 8",silicon,540,135,"PASS=220, SDK_UNREPRESENTABLE=320","decode_end=8692.530556, decode_start=34.079846, mixed=100.932312, prefill=90.550909",26dae1f99b2b50fb17118f38d8a8e95dfac3357c
Qwen/Qwen3-30B-A3B,Qwen3MoeForCausalLM,l40s,sglang,0.5.14,PASS,,"python python/aisimulate/tools/support_matrix/generate_fpe_support_matrix.py --model ""Qwen/Qwen3-30B-A3B"" --system ""l40s"" --backend ""sglang"" --backend-version ""0.5.14"" --forward-model op_level --max-workers 8",silicon,540,135,"PASS=220, SDK_UNREPRESENTABLE=320","decode_end=8567.771399, decode_start=33.579450, mixed=102.041474, prefill=91.257349",26dae1f99b2b50fb17118f38d8a8e95dfac3357c
Qwen/Qwen3-30B-A3B,Qwen3MoeForCausalLM,l40s,sglang,0.5.16,PASS,,"python python/aisimulate/tools/support_matrix/generate_fpe_support_matrix.py --model ""Qwen/Qwen3-30B-A3B"" --system ""l40s"" --backend ""sglang"" --backend-version ""0.5.16"" --forward-model op_level --max-workers 8",silicon,540,135,"PASS=220, SDK_UNREPRESENTABLE=320","decode_end=8567.771399, decode_start=33.579450, mixed=102.041474, prefill=91.257349",26dae1f99b2b50fb17118f38d8a8e95dfac3357c
Qwen/Qwen3-30B-A3B,Qwen3MoeForCausalLM,l40s,sglang,0.5.9,PASS,,"python python/aisimulate/tools/support_matrix/generate_fpe_support_matrix.py --model ""Qwen/Qwen3-30B-A3B"" --system ""l40s"" --backend ""sglang"" --backend-version ""0.5.9"" --forward-model op_level --max-workers 8",silicon,540,135,"PASS=24, PERF_DATA_MISSING=196, SDK_UNREPRESENTABLE=320","decode_end=8811.488071, decode_start=34.430649, mixed=98.388315, prefill=87.578214",26dae1f99b2b50fb17118f38d8a8e95dfac3357c
Qwen/Qwen3-30B-A3B,Qwen3MoeForCausalLM,l40s,trtllm,1.0.0,PASS,,"python python/aisimulate/tools/support_matrix/generate_fpe_support_matrix.py --model ""Qwen/Qwen3-30B-A3B"" --system ""l40s"" --backend ""trtllm"" --backend-version ""1.0.0"" --forward-model op_level --max-workers 8",silicon,116,29,"PASS=92, PERF_DATA_MISSING=24","decode_end=8150.846760, decode_start=31.940649, mixed=89.507839, prefill=88.281650",26dae1f99b2b50fb17118f38d8a8e95dfac3357c
Qwen/Qwen3-30B-A3B,Qwen3MoeForCausalLM,l40s,trtllm,1.3.0rc15,PASS,,"python python/aisimulate/tools/support_matrix/generate_fpe_support_matrix.py --model ""Qwen/Qwen3-30B-A3B"" --system ""l40s"" --backend ""trtllm"" --backend-version ""1.3.0rc15"" --forward-model op_level --max-workers 8",silicon,116,29,"PASS=92, PERF_DATA_MISSING=24","decode_end=8582.287838, decode_start=33.624737, mixed=89.124174, prefill=87.408879",26dae1f99b2b50fb17118f38d8a8e95dfac3357c
Qwen/Qwen3-30B-A3B,Qwen3MoeForCausalLM,l40s,trtllm,1.3.0rc20,PASS,,"python python/aisimulate/tools/support_matrix/generate_fpe_support_matrix.py --model ""Qwen/Qwen3-30B-A3B"" --system ""l40s"" --backend ""trtllm"" --backend-version ""1.3.0rc20"" --forward-model op_level --max-workers 8",silicon,116,29,PASS=116,"decode_end=8277.428354, decode_start=32.438823, mixed=90.205494, prefill=89.010157",26dae1f99b2b50fb17118f38d8a8e95dfac3357c
Qwen/Qwen3-30B-A3B,Qwen3MoeForCausalLM,l40s,trtllm,1.3.0rc23,PASS,,"python python/aisimulate/tools/support_matrix/generate_fpe_support_matrix.py --model ""Qwen/Qwen3-30B-A3B"" --system ""l40s"" --backend ""trtllm"" --backend-version ""1.3.0rc23"" --forward-model op_level --max-workers 8",silicon,116,29,PASS=116,"decode_end=8277.428354, decode_start=32.438823, mixed=90.205494, prefill=89.010157",26dae1f99b2b50fb17118f38d8a8e95dfac3357c
Qwen/Qwen3-30B-A3B,Qwen3MoeForCausalLM,l40s,vllm,0.1.dev19262,FAIL,Strict-native op-level FPE probes: PERF_DATA_MISSING=116; raw probes=116; topologies=29; source_sha=26dae1f99b2b50fb17118f38d8a8e95dfac3357c. Representative failure: perf database error: perf database error: no GEMM rows loaded from 1 source(s) (first: <repo>/python/aisimulate/src/aiconfigurator_core/systems/data/l40s/vllm/0.1.dev19262/gemm_perf.parquet),"python python/aisimulate/tools/support_matrix/generate_fpe_support_matrix.py --model ""Qwen/Qwen3-30B-A3B"" --system ""l40s"" --backend ""vllm"" --backend-version ""0.1.dev19262"" --forward-model op_level --max-workers 8",,116,29,PERF_DATA_MISSING=116,,26dae1f99b2b50fb17118f38d8a8e95dfac3357c
Qwen/Qwen3-30B-A3B,Qwen3MoeForCausalLM,l40s,vllm,0.14.0,PASS,,"python python/aisimulate/tools/support_matrix/generate_fpe_support_matrix.py --model ""Qwen/Qwen3-30B-A3B"" --system ""l40s"" --backend ""vllm"" --backend-version ""0.14.0"" --forward-model op_level --max-workers 8",silicon,116,29,"PASS=80, PERF_DATA_MISSING=36","decode_end=9196.314992, decode_start=36.041481, mixed=97.030133, prefill=86.869433",26dae1f99b2b50fb17118f38d8a8e95dfac3357c
Qwen/Qwen3-30B-A3B,Qwen3MoeForCausalLM,l40s,vllm,0.22.0,PASS,,"python python/aisimulate/tools/support_matrix/generate_fpe_support_matrix.py --model ""Qwen/Qwen3-30B-A3B"" --system ""l40s"" --backend ""vllm"" --backend-version ""0.22.0"" --forward-model op_level --max-workers 8",silicon,116,29,PASS=116,"decode_end=8467.118052, decode_start=33.185251, mixed=94.648222, prefill=93.641166",26dae1f99b2b50fb17118f38d8a8e95dfac3357c
Qwen/Qwen3-30B-A3B,Qwen3MoeForCausalLM,l40s,vllm,0.24.0,PASS,,"python python/aisimulate/tools/support_matrix/generate_fpe_support_matrix.py --model ""Qwen/Qwen3-30B-A3B"" --system ""l40s"" --backend ""vllm"" --backend-version ""0.24.0"" --forward-model op_level --max-workers 8",silicon,116,29,PASS=116,"decode_end=7953.607974, decode_start=31.171486, mixed=95.160808, prefill=93.125543",26dae1f99b2b50fb17118f38d8a8e95dfac3357c
Qwen/Qwen3-30B-A3B-FP8,Qwen3MoeForCausalLM,l40s,sglang,0.5.10,FAIL,"Strict-native op-level FPE probes: BUILD_FAILED=104, PERF_DATA_MISSING=116, SDK_UNREPRESENTABLE=320; raw probes=540; topologies=135; source_sha=26dae1f99b2b50fb17118f38d8a8e95dfac3357c. Representative failure: Invalid quantized MoE configuration: (moe_intermediate_size=768 / moe_tp_size=16) % weight_block_size=128 != 0.","python python/aisimulate/tools/support_matrix/generate_fpe_support_matrix.py --model ""Qwen/Qwen3-30B-A3B-FP8"" --system ""l40s"" --backend ""sglang"" --backend-version ""0.5.10"" --forward-model op_level --max-workers 8",,540,135,"BUILD_FAILED=104, PERF_DATA_MISSING=116, SDK_UNREPRESENTABLE=320",,26dae1f99b2b50fb17118f38d8a8e95dfac3357c
Qwen/Qwen3-30B-A3B-FP8,Qwen3MoeForCausalLM,l40s,sglang,0.5.12,FAIL,"Strict-native op-level FPE probes: BUILD_FAILED=104, PERF_DATA_MISSING=116, SDK_UNREPRESENTABLE=320; raw probes=540; topologies=135; source_sha=26dae1f99b2b50fb17118f38d8a8e95dfac3357c. Representative failure: Invalid quantized MoE configuration: (moe_intermediate_size=768 / moe_tp_size=16) % weight_block_size=128 != 0.","python python/aisimulate/tools/support_matrix/generate_fpe_support_matrix.py --model ""Qwen/Qwen3-30B-A3B-FP8"" --system ""l40s"" --backend ""sglang"" --backend-version ""0.5.12"" --forward-model op_level --max-workers 8",,540,135,"BUILD_FAILED=104, PERF_DATA_MISSING=116, SDK_UNREPRESENTABLE=320",,26dae1f99b2b50fb17118f38d8a8e95dfac3357c
Qwen/Qwen3-30B-A3B-FP8,Qwen3MoeForCausalLM,l40s,sglang,0.5.14,FAIL,"Strict-native op-level FPE probes: BUILD_FAILED=104, PERF_DATA_MISSING=116, SDK_UNREPRESENTABLE=320; raw probes=540; topologies=135; source_sha=26dae1f99b2b50fb17118f38d8a8e95dfac3357c. Representative failure: Invalid quantized MoE configuration: (moe_intermediate_size=768 / moe_tp_size=16) % weight_block_size=128 != 0.","python python/aisimulate/tools/support_matrix/generate_fpe_support_matrix.py --model ""Qwen/Qwen3-30B-A3B-FP8"" --system ""l40s"" --backend ""sglang"" --backend-version ""0.5.14"" --forward-model op_level --max-workers 8",,540,135,"BUILD_FAILED=104, PERF_DATA_MISSING=116, SDK_UNREPRESENTABLE=320",,26dae1f99b2b50fb17118f38d8a8e95dfac3357c
Qwen/Qwen3-30B-A3B-FP8,Qwen3MoeForCausalLM,l40s,sglang,0.5.16,FAIL,"Strict-native op-level FPE probes: BUILD_FAILED=104, PERF_DATA_MISSING=116, SDK_UNREPRESENTABLE=320; raw probes=540; topologies=135; source_sha=26dae1f99b2b50fb17118f38d8a8e95dfac3357c. Representative failure: Invalid quantized MoE configuration: (moe_intermediate_size=768 / moe_tp_size=16) % weight_block_size=128 != 0.","python python/aisimulate/tools/support_matrix/generate_fpe_support_matrix.py --model ""Qwen/Qwen3-30B-A3B-FP8"" --system ""l40s"" --backend ""sglang"" --backend-version ""0.5.16"" --forward-model op_level --max-workers 8",,540,135,"BUILD_FAILED=104, PERF_DATA_MISSING=116, SDK_UNREPRESENTABLE=320",,26dae1f99b2b50fb17118f38d8a8e95dfac3357c
Qwen/Qwen3-30B-A3B-FP8,Qwen3MoeForCausalLM,l40s,sglang,0.5.9,FAIL,"Strict-native op-level FPE probes: BUILD_FAILED=104, PERF_DATA_MISSING=116, SDK_UNREPRESENTABLE=320; raw probes=540; topologies=135; source_sha=26dae1f99b2b50fb17118f38d8a8e95dfac3357c. Representative failure: Invalid quantized MoE configuration: (moe_intermediate_size=768 / moe_tp_size=16) % weight_block_size=128 != 0.","python python/aisimulate/tools/support_matrix/generate_fpe_support_matrix.py --model ""Qwen/Qwen3-30B-A3B-FP8"" --system ""l40s"" --backend ""sglang"" --backend-version ""0.5.9"" --forward-model op_level --max-workers 8",,540,135,"BUILD_FAILED=104, PERF_DATA_MISSING=116, SDK_UNREPRESENTABLE=320",,26dae1f99b2b50fb17118f38d8a8e95dfac3357c
Qwen/Qwen3-30B-A3B-FP8,Qwen3MoeForCausalLM,l40s,trtllm,1.0.0,FAIL,"Strict-native op-level FPE probes: BUILD_FAILED=48, PERF_DATA_MISSING=68; raw probes=116; topologies=29; source_sha=26dae1f99b2b50fb17118f38d8a8e95dfac3357c. Representative failure: Invalid quantized MoE configuration: (moe_intermediate_size=768 / moe_tp_size=16) % weight_block_size=128 != 0.","python python/aisimulate/tools/support_matrix/generate_fpe_support_matrix.py --model ""Qwen/Qwen3-30B-A3B-FP8"" --system ""l40s"" --backend ""trtllm"" --backend-version ""1.0.0"" --forward-model op_level --max-workers 8",,116,29,"BUILD_FAILED=48, PERF_DATA_MISSING=68",,26dae1f99b2b50fb17118f38d8a8e95dfac3357c
Qwen/Qwen3-30B-A3B-FP8,Qwen3MoeForCausalLM,l40s,trtllm,1.3.0rc15,FAIL,"Strict-native op-level FPE probes: BUILD_FAILED=48, PERF_DATA_MISSING=68; raw probes=116; topologies=29; source_sha=26dae1f99b2b50fb17118f38d8a8e95dfac3357c. Representative failure: Invalid quantized MoE configuration: (moe_intermediate_size=768 / moe_tp_size=16) % weight_block_size=128 != 0.","python python/aisimulate/tools/support_matrix/generate_fpe_support_matrix.py --model ""Qwen/Qwen3-30B-A3B-FP8"" --system ""l40s"" --backend ""trtllm"" --backend-version ""1.3.0rc15"" --forward-model op_level --max-workers 8",,116,29,"BUILD_FAILED=48, PERF_DATA_MISSING=68",,26dae1f99b2b50fb17118f38d8a8e95dfac3357c
Qwen/Qwen3-30B-A3B-FP8,Qwen3MoeForCausalLM,l40s,trtllm,1.3.0rc20,FAIL,"Strict-native op-level FPE probes: BUILD_FAILED=48, PERF_DATA_MISSING=68; raw probes=116; topologies=29; source_sha=26dae1f99b2b50fb17118f38d8a8e95dfac3357c. Representative failure: Invalid quantized MoE configuration: (moe_intermediate_size=768 / moe_tp_size=16) % weight_block_size=128 != 0.","python python/aisimulate/tools/support_matrix/generate_fpe_support_matrix.py --model ""Qwen/Qwen3-30B-A3B-FP8"" --system ""l40s"" --backend ""trtllm"" --backend-version ""1.3.0rc20"" --forward-model op_level --max-workers 8",,116,29,"BUILD_FAILED=48, PERF_DATA_MISSING=68",,26dae1f99b2b50fb17118f38d8a8e95dfac3357c
Qwen/Qwen3-30B-A3B-FP8,Qwen3MoeForCausalLM,l40s,trtllm,1.3.0rc23,FAIL,"Strict-native op-level FPE probes: BUILD_FAILED=48, PERF_DATA_MISSING=68; raw probes=116; topologies=29; source_sha=26dae1f99b2b50fb17118f38d8a8e95dfac3357c. Representative failure: Invalid quantized MoE configuration: (moe_intermediate_size=768 / moe_tp_size=16) % weight_block_size=128 != 0.","python python/aisimulate/tools/support_matrix/generate_fpe_support_matrix.py --model ""Qwen/Qwen3-30B-A3B-FP8"" --system ""l40s"" --backend ""trtllm"" --backend-version ""1.3.0rc23"" --forward-model op_level --max-workers 8",,116,29,"BUILD_FAILED=48, PERF_DATA_MISSING=68",,26dae1f99b2b50fb17118f38d8a8e95dfac3357c
Qwen/Qwen3-30B-A3B-FP8,Qwen3MoeForCausalLM,l40s,vllm,0.1.dev19262,FAIL,"Strict-native op-level FPE probes: BUILD_FAILED=48, PERF_DATA_MISSING=68; raw probes=116; topologies=29; source_sha=26dae1f99b2b50fb17118f38d8a8e95dfac3357c. Representative failure: Invalid quantized MoE configuration: (moe_intermediate_size=768 / moe_tp_size=16) % weight_block_size=128 != 0.","python python/aisimulate/tools/support_matrix/generate_fpe_support_matrix.py --model ""Qwen/Qwen3-30B-A3B-FP8"" --system ""l40s"" --backend ""vllm"" --backend-version ""0.1.dev19262"" --forward-model op_level --max-workers 8",,116,29,"BUILD_FAILED=48, PERF_DATA_MISSING=68",,26dae1f99b2b50fb17118f38d8a8e95dfac3357c
Qwen/Qwen3-30B-A3B-FP8,Qwen3MoeForCausalLM,l40s,vllm,0.14.0,FAIL,"Strict-native op-level FPE probes: BUILD_FAILED=48, PERF_DATA_MISSING=68; raw probes=116; topologies=29; source_sha=26dae1f99b2b50fb17118f38d8a8e95dfac3357c. Representative failure: Invalid quantized MoE configuration: (moe_intermediate_size=768 / moe_tp_size=16) % weight_block_size=128 != 0.","python python/aisimulate/tools/support_matrix/generate_fpe_support_matrix.py --model ""Qwen/Qwen3-30B-A3B-FP8"" --system ""l40s"" --backend ""vllm"" --backend-version ""0.14.0"" --forward-model op_level --max-workers 8",,116,29,"BUILD_FAILED=48, PERF_DATA_MISSING=68",,26dae1f99b2b50fb17118f38d8a8e95dfac3357c
Qwen/Qwen3-30B-A3B-FP8,Qwen3MoeForCausalLM,l40s,vllm,0.22.0,PASS,,"python python/aisimulate/tools/support_matrix/generate_fpe_support_matrix.py --model ""Qwen/Qwen3-30B-A3B-FP8"" --system ""l40s"" --backend ""vllm"" --backend-version ""0.22.0"" --forward-model op_level --max-workers 8",silicon,116,29,"BUILD_FAILED=48, PASS=68","decode_end=13215.068631, decode_start=51.811189, mixed=79.953711, prefill=81.240413",26dae1f99b2b50fb17118f38d8a8e95dfac3357c
Qwen/Qwen3-30B-A3B-FP8,Qwen3MoeForCausalLM,l40s,vllm,0.24.0,PASS,,"python python/aisimulate/tools/support_matrix/generate_fpe_support_matrix.py --model ""Qwen/Qwen3-30B-A3B-FP8"" --system ""l40s"" --backend ""vllm"" --backend-version ""0.24.0"" --forward-model op_level --max-workers 8",silicon,116,29,"BUILD_FAILED=48, PASS=68","decode_end=13217.077190, decode_start=51.819066, mixed=79.956750, prefill=81.245874",26dae1f99b2b50fb17118f38d8a8e95dfac3357c
Qwen/Qwen3-32B,Qwen3ForCausalLM,l40s,sglang,0.5.10,PASS,,"python python/aisimulate/tools/support_matrix/generate_fpe_support_matrix.py --model ""Qwen/Qwen3-32B"" --system ""l40s"" --backend ""sglang"" --backend-version ""0.5.10"" --forward-model op_level --max-workers 8",silicon,40,10,"PASS=16, SDK_UNREPRESENTABLE=24","decode_end=23664.668011, decode_start=92.528160, mixed=120.340842, prefill=114.670225",26dae1f99b2b50fb17118f38d8a8e95dfac3357c
Qwen/Qwen3-32B,Qwen3ForCausalLM,l40s,sglang,0.5.12,PASS,,"python python/aisimulate/tools/support_matrix/generate_fpe_support_matrix.py --model ""Qwen/Qwen3-32B"" --system ""l40s"" --backend ""sglang"" --backend-version ""0.5.12"" --forward-model op_level --max-workers 8",silicon,40,10,"PASS=16, SDK_UNREPRESENTABLE=24","decode_end=23685.957836, decode_start=92.630125, mixed=125.569685, prefill=118.079041",26dae1f99b2b50fb17118f38d8a8e95dfac3357c
Qwen/Qwen3-32B,Qwen3ForCausalLM,l40s,sglang,0.5.14,PASS,,"python python/aisimulate/tools/support_matrix/generate_fpe_support_matrix.py --model ""Qwen/Qwen3-32B"" --system ""l40s"" --backend ""sglang"" --backend-version ""0.5.14"" --forward-model op_level --max-workers 8",silicon,40,10,"PASS=16, SDK_UNREPRESENTABLE=24","decode_end=23585.943954, decode_start=92.249663, mixed=126.065508, prefill=116.095831",26dae1f99b2b50fb17118f38d8a8e95dfac3357c
Qwen/Qwen3-32B,Qwen3ForCausalLM,l40s,sglang,0.5.16,PASS,,"python python/aisimulate/tools/support_matrix/generate_fpe_support_matrix.py --model ""Qwen/Qwen3-32B"" --system ""l40s"" --backend ""sglang"" --backend-version ""0.5.16"" --forward-model op_level --max-workers 8",silicon,40,10,"PASS=16, SDK_UNREPRESENTABLE=24","decode_end=23585.943954, decode_start=92.249663, mixed=126.065508, prefill=116.095831",26dae1f99b2b50fb17118f38d8a8e95dfac3357c
Qwen/Qwen3-32B,Qwen3ForCausalLM,l40s,sglang,0.5.9,PASS,,"python python/aisimulate/tools/support_matrix/generate_fpe_support_matrix.py --model ""Qwen/Qwen3-32B"" --system ""l40s"" --backend ""sglang"" --backend-version ""0.5.9"" --forward-model op_level --max-workers 8",silicon,40,10,"PASS=16, SDK_UNREPRESENTABLE=24","decode_end=23633.077837, decode_start=92.402964, mixed=116.987818, prefill=114.474754",26dae1f99b2b50fb17118f38d8a8e95dfac3357c
Qwen/Qwen3-32B,Qwen3ForCausalLM,l40s,trtllm,1.0.0,PASS,,"python python/aisimulate/tools/support_matrix/generate_fpe_support_matrix.py --model ""Qwen/Qwen3-32B"" --system ""l40s"" --backend ""trtllm"" --backend-version ""1.0.0"" --forward-model op_level --max-workers 8",silicon,16,4,PASS=16,"decode_end=23416.412149, decode_start=91.581191, mixed=114.464059, prefill=111.883415",26dae1f99b2b50fb17118f38d8a8e95dfac3357c
Qwen/Qwen3-32B,Qwen3ForCausalLM,l40s,trtllm,1.3.0rc15,PASS,,"python python/aisimulate/tools/support_matrix/generate_fpe_support_matrix.py --model ""Qwen/Qwen3-32B"" --system ""l40s"" --backend ""trtllm"" --backend-version ""1.3.0rc15"" --forward-model op_level --max-workers 8",silicon,16,4,PASS=16,"decode_end=23061.220129, decode_start=90.207251, mixed=118.099786, prefill=110.385973",26dae1f99b2b50fb17118f38d8a8e95dfac3357c
Qwen/Qwen3-32B,Qwen3ForCausalLM,l40s,trtllm,1.3.0rc20,PASS,,"python python/aisimulate/tools/support_matrix/generate_fpe_support_matrix.py --model ""Qwen/Qwen3-32B"" --system ""l40s"" --backend ""trtllm"" --backend-version ""1.3.0rc20"" --forward-model op_level --max-workers 8",silicon,16,4,PASS=16,"decode_end=23259.172072, decode_start=90.987992, mixed=120.540051, prefill=111.112635",26dae1f99b2b50fb17118f38d8a8e95dfac3357c
Qwen/Qwen3-32B,Qwen3ForCausalLM,l40s,trtllm,1.3.0rc23,PASS,,"python python/aisimulate/tools/support_matrix/generate_fpe_support_matrix.py --model ""Qwen/Qwen3-32B"" --system ""l40s"" --backend ""trtllm"" --backend-version ""1.3.0rc23"" --forward-model op_level --max-workers 8",silicon,16,4,PASS=16,"decode_end=23259.172072, decode_start=90.987992, mixed=120.540051, prefill=111.112635",26dae1f99b2b50fb17118f38d8a8e95dfac3357c
Qwen/Qwen3-32B,Qwen3ForCausalLM,l40s,vllm,0.1.dev19262,FAIL,Strict-native op-level FPE probes: PERF_DATA_MISSING=16; raw probes=16; topologies=4; source_sha=26dae1f99b2b50fb17118f38d8a8e95dfac3357c. Representative failure: perf database error: perf database error: no GEMM rows loaded from 1 source(s) (first: <repo>/python/aisimulate/src/aiconfigurator_core/systems/data/l40s/vllm/0.1.dev19262/gemm_perf.parquet),"python python/aisimulate/tools/support_matrix/generate_fpe_support_matrix.py --model ""Qwen/Qwen3-32B"" --system ""l40s"" --backend ""vllm"" --backend-version ""0.1.dev19262"" --forward-model op_level --max-workers 8",,16,4,PERF_DATA_MISSING=16,,26dae1f99b2b50fb17118f38d8a8e95dfac3357c
Qwen/Qwen3-32B,Qwen3ForCausalLM,l40s,vllm,0.14.0,PASS,,"python python/aisimulate/tools/support_matrix/generate_fpe_support_matrix.py --model ""Qwen/Qwen3-32B"" --system ""l40s"" --backend ""vllm"" --backend-version ""0.14.0"" --forward-model op_level --max-workers 8",silicon,16,4,PASS=16,"decode_end=23885.623664, decode_start=93.533100, mixed=115.480840, prefill=112.642614",26dae1f99b2b50fb17118f38d8a8e95dfac3357c
Qwen/Qwen3-32B,Qwen3ForCausalLM,l40s,vllm,0.22.0,PASS,,"python python/aisimulate/tools/support_matrix/generate_fpe_support_matrix.py --model ""Qwen/Qwen3-32B"" --system ""l40s"" --backend ""vllm"" --backend-version ""0.22.0"" --forward-model op_level --max-workers 8",silicon,16,4,PASS=16,"decode_end=24353.730120, decode_start=95.365520, mixed=119.700187, prefill=115.403237",26dae1f99b2b50fb17118f38d8a8e95dfac3357c
Qwen/Qwen3-32B,Qwen3ForCausalLM,l40s,vllm,0.24.0,PASS,,"python python/aisimulate/tools/support_matrix/generate_fpe_support_matrix.py --model ""Qwen/Qwen3-32B"" --system ""l40s"" --backend ""vllm"" --backend-version ""0.24.0"" --forward-model op_level --max-workers 8",silicon,16,4,PASS=16,"decode_end=23775.790714, decode_start=93.099091, mixed=120.400386, prefill=110.101352",26dae1f99b2b50fb17118f38d8a8e95dfac3357c
Qwen/Qwen3-32B-FP8,Qwen3ForCausalLM,l40s,sglang,0.5.10,FAIL,"Strict-native op-level FPE probes: PERF_DATA_MISSING=16, SDK_UNREPRESENTABLE=24; raw probes=40; topologies=10; source_sha=26dae1f99b2b50fb17118f38d8a8e95dfac3357c. Representative failure: perf database error: GEMM perf data missing for quant 'fp8_block' at <repo>/python/aisimulate/src/aiconfigurator_core/systems/data/l40s/sglang/0.5.10; available: [""bfloat16"", ""fp8""]","python python/aisimulate/tools/support_matrix/generate_fpe_support_matrix.py --model ""Qwen/Qwen3-32B-FP8"" --system ""l40s"" --backend ""sglang"" --backend-version ""0.5.10"" --forward-model op_level --max-workers 8",,40,10,"PERF_DATA_MISSING=16, SDK_UNREPRESENTABLE=24",,26dae1f99b2b50fb17118f38d8a8e95dfac3357c
Qwen/Qwen3-32B-FP8,Qwen3ForCausalLM,l40s,sglang,0.5.12,FAIL,"Strict-native op-level FPE probes: PERF_DATA_MISSING=16, SDK_UNREPRESENTABLE=24; raw probes=40; topologies=10; source_sha=26dae1f99b2b50fb17118f38d8a8e95dfac3357c. Representative failure: perf database error: GEMM perf data missing for quant 'fp8_block' at <repo>/python/aisimulate/src/aiconfigurator_core/systems/data/l40s/sglang/0.5.12; available: [""bfloat16"", ""fp8"", ""fp8_static""]","python python/aisimulate/tools/support_matrix/generate_fpe_support_matrix.py --model ""Qwen/Qwen3-32B-FP8"" --system ""l40s"" --backend ""sglang"" --backend-version ""0.5.12"" --forward-model op_level --max-workers 8",,40,10,"PERF_DATA_MISSING=16, SDK_UNREPRESENTABLE=24",,26dae1f99b2b50fb17118f38d8a8e95dfac3357c
Qwen/Qwen3-32B-FP8,Qwen3ForCausalLM,l40s,sglang,0.5.14,FAIL,"Strict-native op-level FPE probes: PERF_DATA_MISSING=16, SDK_UNREPRESENTABLE=24; raw probes=40; topologies=10; source_sha=26dae1f99b2b50fb17118f38d8a8e95dfac3357c. Representative failure: perf database error: GEMM perf data missing for quant 'fp8_block' at <repo>/python/aisimulate/src/aiconfigurator_core/systems/data/l40s/sglang/0.5.14; available: [""bfloat16"", ""fp8"", ""fp8_static""]","python python/aisimulate/tools/support_matrix/generate_fpe_support_matrix.py --model ""Qwen/Qwen3-32B-FP8"" --system ""l40s"" --backend ""sglang"" --backend-version ""0.5.14"" --forward-model op_level --max-workers 8",,40,10,"PERF_DATA_MISSING=16, SDK_UNREPRESENTABLE=24",,26dae1f99b2b50fb17118f38d8a8e95dfac3357c
Qwen/Qwen3-32B-FP8,Qwen3ForCausalLM,l40s,sglang,0.5.16,FAIL,"Strict-native op-level FPE probes: PERF_DATA_MISSING=16, SDK_UNREPRESENTABLE=24; raw probes=40; topologies=10; source_sha=26dae1f99b2b50fb17118f38d8a8e95dfac3357c. Representative failure: perf database error: GEMM perf data missing for quant 'fp8_block' at <repo>/python/aisimulate/src/aiconfigurator_core/systems/data/l40s/sglang/0.5.16; available: [""bfloat16"", ""fp8"", ""fp8_static""]","python python/aisimulate/tools/support_matrix/generate_fpe_support_matrix.py --model ""Qwen/Qwen3-32B-FP8"" --system ""l40s"" --backend ""sglang"" --backend-version ""0.5.16"" --forward-model op_level --max-workers 8",,40,10,"PERF_DATA_MISSING=16, SDK_UNREPRESENTABLE=24",,26dae1f99b2b50fb17118f38d8a8e95dfac3357c
Qwen/Qwen3-32B-FP8,Qwen3ForCausalLM,l40s,sglang,0.5.9,FAIL,"Strict-native op-level FPE probes: PERF_DATA_MISSING=16, SDK_UNREPRESENTABLE=24; raw probes=40; topologies=10; source_sha=26dae1f99b2b50fb17118f38d8a8e95dfac3357c. Representative failure: perf database error: GEMM perf data missing for quant 'fp8_block' at <repo>/python/aisimulate/src/aiconfigurator_core/systems/data/l40s/sglang/0.5.9; available: [""bfloat16"", ""fp8""]","python python/aisimulate/tools/support_matrix/generate_fpe_support_matrix.py --model ""Qwen/Qwen3-32B-FP8"" --system ""l40s"" --backend ""sglang"" --backend-version ""0.5.9"" --forward-model op_level --max-workers 8",,40,10,"PERF_DATA_MISSING=16, SDK_UNREPRESENTABLE=24",,26dae1f99b2b50fb17118f38d8a8e95dfac3357c
Qwen/Qwen3-32B-FP8,Qwen3ForCausalLM,l40s,trtllm,1.0.0,PASS,,"python python/aisimulate/tools/support_matrix/generate_fpe_support_matrix.py --model ""Qwen/Qwen3-32B-FP8"" --system ""l40s"" --backend ""trtllm"" --backend-version ""1.0.0"" --forward-model op_level --max-workers 8",silicon,16,4,PASS=16,"decode_end=13207.743157, decode_start=51.654081, mixed=63.314829, prefill=61.914964",26dae1f99b2b50fb17118f38d8a8e95dfac3357c
Qwen/Qwen3-32B-FP8,Qwen3ForCausalLM,l40s,trtllm,1.3.0rc15,PASS,,"python python/aisimulate/tools/support_matrix/generate_fpe_support_matrix.py --model ""Qwen/Qwen3-32B-FP8"" --system ""l40s"" --backend ""trtllm"" --backend-version ""1.3.0rc15"" --forward-model op_level --max-workers 8",silicon,16,4,PASS=16,"decode_end=12480.385229, decode_start=48.808406, mixed=66.780474, prefill=65.946396",26dae1f99b2b50fb17118f38d8a8e95dfac3357c
Qwen/Qwen3-32B-FP8,Qwen3ForCausalLM,l40s,trtllm,1.3.0rc20,PASS,,"python python/aisimulate/tools/support_matrix/generate_fpe_support_matrix.py --model ""Qwen/Qwen3-32B-FP8"" --system ""l40s"" --backend ""trtllm"" --backend-version ""1.3.0rc20"" --forward-model op_level --max-workers 8",silicon,16,4,PASS=16,"decode_end=12533.369414, decode_start=49.007837, mixed=67.002944, prefill=65.380250",26dae1f99b2b50fb17118f38d8a8e95dfac3357c
Qwen/Qwen3-32B-FP8,Qwen3ForCausalLM,l40s,trtllm,1.3.0rc23,PASS,,"python python/aisimulate/tools/support_matrix/generate_fpe_support_matrix.py --model ""Qwen/Qwen3-32B-FP8"" --system ""l40s"" --backend ""trtllm"" --backend-version ""1.3.0rc23"" --forward-model op_level --max-workers 8",silicon,16,4,PASS=16,"decode_end=12533.369414, decode_start=49.007837, mixed=67.002944, prefill=65.380250",26dae1f99b2b50fb17118f38d8a8e95dfac3357c
Qwen/Qwen3-32B-FP8,Qwen3ForCausalLM,l40s,vllm,0.1.dev19262,FAIL,Strict-native op-level FPE probes: PERF_DATA_MISSING=16; raw probes=16; topologies=4; source_sha=26dae1f99b2b50fb17118f38d8a8e95dfac3357c. Representative failure: perf database error: perf database error: no GEMM rows loaded from 1 source(s) (first: <repo>/python/aisimulate/src/aiconfigurator_core/systems/data/l40s/vllm/0.1.dev19262/gemm_perf.parquet),"python python/aisimulate/tools/support_matrix/generate_fpe_support_matrix.py --model ""Qwen/Qwen3-32B-FP8"" --system ""l40s"" --backend ""vllm"" --backend-version ""0.1.dev19262"" --forward-model op_level --max-workers 8",,16,4,PERF_DATA_MISSING=16,,26dae1f99b2b50fb17118f38d8a8e95dfac3357c
Qwen/Qwen3-32B-FP8,Qwen3ForCausalLM,l40s,vllm,0.14.0,FAIL,"Strict-native op-level FPE probes: PERF_DATA_MISSING=16; raw probes=16; topologies=4; source_sha=26dae1f99b2b50fb17118f38d8a8e95dfac3357c. Representative failure: perf database error: GEMM perf data missing for quant 'fp8_block' at <repo>/python/aisimulate/src/aiconfigurator_core/systems/data/l40s/vllm/0.14.0; available: [""bfloat16"", ""fp8""]","python python/aisimulate/tools/support_matrix/generate_fpe_support_matrix.py --model ""Qwen/Qwen3-32B-FP8"" --system ""l40s"" --backend ""vllm"" --backend-version ""0.14.0"" --forward-model op_level --max-workers 8",,16,4,PERF_DATA_MISSING=16,,26dae1f99b2b50fb17118f38d8a8e95dfac3357c
Qwen/Qwen3-32B-FP8,Qwen3ForCausalLM,l40s,vllm,0.22.0,PASS,,"python python/aisimulate/tools/support_matrix/generate_fpe_support_matrix.py --model ""Qwen/Qwen3-32B-FP8"" --system ""l40s"" --backend ""vllm"" --backend-version ""0.22.0"" --forward-model op_level --max-workers 8",silicon,16,4,PASS=16,"decode_end=28415.669559, decode_start=111.418766, mixed=125.984611, prefill=119.335552",26dae1f99b2b50fb17118f38d8a8e95dfac3357c
Qwen/Qwen3-32B-FP8,Qwen3ForCausalLM,l40s,vllm,0.24.0,PASS,,"python python/aisimulate/tools/support_matrix/generate_fpe_support_matrix.py --model ""Qwen/Qwen3-32B-FP8"" --system ""l40s"" --backend ""vllm"" --backend-version ""0.24.0"" --forward-model op_level --max-workers 8",silicon,16,4,PASS=16,"decode_end=28412.403659, decode_start=111.405959, mixed=126.013167, prefill=119.364108",26dae1f99b2b50fb17118f38d8a8e95dfac3357c
Qwen/Qwen3-32B-FP8-Static-PerTensor,Qwen3ForCausalLM,l40s,sglang,0.5.10,FAIL,"Strict-native op-level FPE probes: PERF_DATA_MISSING=16, SDK_UNREPRESENTABLE=24; raw probes=40; topologies=10; source_sha=26dae1f99b2b50fb17118f38d8a8e95dfac3357c. Representative failure: perf database error: perf database error: no rows loaded from 1 source(s) (first: <repo>/python/aisimulate/src/aiconfigurator_core/systems/data/l40s/sglang/0.5.10/computescale_perf.parquet)","python python/aisimulate/tools/support_matrix/generate_fpe_support_matrix.py --model ""Qwen/Qwen3-32B-FP8-Static-PerTensor"" --system ""l40s"" --backend ""sglang"" --backend-version ""0.5.10"" --forward-model op_level --max-workers 8",,40,10,"PERF_DATA_MISSING=16, SDK_UNREPRESENTABLE=24",,26dae1f99b2b50fb17118f38d8a8e95dfac3357c
Qwen/Qwen3-32B-FP8-Static-PerTensor,Qwen3ForCausalLM,l40s,sglang,0.5.12,FAIL,"Strict-native op-level FPE probes: PASS=8, PERF_DATA_MISSING=8, SDK_UNREPRESENTABLE=24; raw probes=40; topologies=10; source_sha=26dae1f99b2b50fb17118f38d8a8e95dfac3357c. Representative failure: perf database error: context attention data missing for ContextKey { fmha_quant: ""fp8"", kv_quant: ""fp8"", n_kv_lookup: 1, head_size: 128, window_size: 0 } at <repo>/python/aisimulate/src/aiconfigurator_core/systems/data/l40s/sglang/0.5.12","python python/aisimulate/tools/support_matrix/generate_fpe_support_matrix.py --model ""Qwen/Qwen3-32B-FP8-Static-PerTensor"" --system ""l40s"" --backend ""sglang"" --backend-version ""0.5.12"" --forward-model op_level --max-workers 8",,40,10,"PASS=8, PERF_DATA_MISSING=8, SDK_UNREPRESENTABLE=24",,26dae1f99b2b50fb17118f38d8a8e95dfac3357c
Qwen/Qwen3-32B-FP8-Static-PerTensor,Qwen3ForCausalLM,l40s,sglang,0.5.14,FAIL,"Strict-native op-level FPE probes: PASS=8, PERF_DATA_MISSING=8, SDK_UNREPRESENTABLE=24; raw probes=40; topologies=10; source_sha=26dae1f99b2b50fb17118f38d8a8e95dfac3357c. Representative failure: perf database error: context attention data missing for ContextKey { fmha_quant: ""fp8"", kv_quant: ""fp8"", n_kv_lookup: 1, head_size: 128, window_size: 0 } at <repo>/python/aisimulate/src/aiconfigurator_core/systems/data/l40s/sglang/0.5.14","python python/aisimulate/tools/support_matrix/generate_fpe_support_matrix.py --model ""Qwen/Qwen3-32B-FP8-Static-PerTensor"" --system ""l40s"" --backend ""sglang"" --backend-version ""0.5.14"" --forward-model op_level --max-workers 8",,40,10,"PASS=8, PERF_DATA_MISSING=8, SDK_UNREPRESENTABLE=24",,26dae1f99b2b50fb17118f38d8a8e95dfac3357c
Qwen/Qwen3-32B-FP8-Static-PerTensor,Qwen3ForCausalLM,l40s,sglang,0.5.16,FAIL,"Strict-native op-level FPE probes: PASS=8, PERF_DATA_MISSING=8, SDK_UNREPRESENTABLE=24; raw probes=40; topologies=10; source_sha=26dae1f99b2b50fb17118f38d8a8e95dfac3357c. Representative failure: perf database error: context attention data missing for ContextKey { fmha_quant: ""fp8"", kv_quant: ""fp8"", n_kv_lookup: 1, head_size: 128, window_size: 0 } at <repo>/python/aisimulate/src/aiconfigurator_core/systems/data/l40s/sglang/0.5.16","python python/aisimulate/tools/support_matrix/generate_fpe_support_matrix.py --model ""Qwen/Qwen3-32B-FP8-Static-PerTensor"" --system ""l40s"" --backend ""sglang"" --backend-version ""0.5.16"" --forward-model op_level --max-workers 8",,40,10,"PASS=8, PERF_DATA_MISSING=8, SDK_UNREPRESENTABLE=24",,26dae1f99b2b50fb17118f38d8a8e95dfac3357c
Qwen/Qwen3-32B-FP8-Static-PerTensor,Qwen3ForCausalLM,l40s,sglang,0.5.9,FAIL,"Strict-native op-level FPE probes: PERF_DATA_MISSING=16, SDK_UNREPRESENTABLE=24; raw probes=40; topologies=10; source_sha=26dae1f99b2b50fb17118f38d8a8e95dfac3357c. Representative failure: perf database error: perf database error: no rows loaded from 1 source(s) (first: <repo>/python/aisimulate/src/aiconfigurator_core/systems/data/l40s/sglang/0.5.9/computescale_perf.parquet)","python python/aisimulate/tools/support_matrix/generate_fpe_support_matrix.py --model ""Qwen/Qwen3-32B-FP8-Static-PerTensor"" --system ""l40s"" --backend ""sglang"" --backend-version ""0.5.9"" --forward-model op_level --max-workers 8",,40,10,"PERF_DATA_MISSING=16, SDK_UNREPRESENTABLE=24",,26dae1f99b2b50fb17118f38d8a8e95dfac3357c
Qwen/Qwen3-32B-FP8-Static-PerTensor,Qwen3ForCausalLM,l40s,trtllm,1.0.0,PASS,,"python python/aisimulate/tools/support_matrix/generate_fpe_support_matrix.py --model ""Qwen/Qwen3-32B-FP8-Static-PerTensor"" --system ""l40s"" --backend ""trtllm"" --backend-version ""1.0.0"" --forward-model op_level --max-workers 8",silicon,16,4,PASS=16,"decode_end=12101.421398, decode_start=47.315564, mixed=62.924486, prefill=61.432940",26dae1f99b2b50fb17118f38d8a8e95dfac3357c
Qwen/Qwen3-32B-FP8-Static-PerTensor,Qwen3ForCausalLM,l40s,trtllm,1.3.0rc15,PASS,,"python python/aisimulate/tools/support_matrix/generate_fpe_support_matrix.py --model ""Qwen/Qwen3-32B-FP8-Static-PerTensor"" --system ""l40s"" --backend ""trtllm"" --backend-version ""1.3.0rc15"" --forward-model op_level --max-workers 8",silicon,16,4,PASS=16,"decode_end=11542.802380, decode_start=45.131611, mixed=65.163760, prefill=61.905986",26dae1f99b2b50fb17118f38d8a8e95dfac3357c
Qwen/Qwen3-32B-FP8-Static-PerTensor,Qwen3ForCausalLM,l40s,trtllm,1.3.0rc20,PASS,,"python python/aisimulate/tools/support_matrix/generate_fpe_support_matrix.py --model ""Qwen/Qwen3-32B-FP8-Static-PerTensor"" --system ""l40s"" --backend ""trtllm"" --backend-version ""1.3.0rc20"" --forward-model op_level --max-workers 8",silicon,16,4,PASS=16,"decode_end=11957.509348, decode_start=46.749562, mixed=64.901139, prefill=61.553858",26dae1f99b2b50fb17118f38d8a8e95dfac3357c
Qwen/Qwen3-32B-FP8-Static-PerTensor,Qwen3ForCausalLM,l40s,trtllm,1.3.0rc23,PASS,,"python python/aisimulate/tools/support_matrix/generate_fpe_support_matrix.py --model ""Qwen/Qwen3-32B-FP8-Static-PerTensor"" --system ""l40s"" --backend ""trtllm"" --backend-version ""1.3.0rc23"" --forward-model op_level --max-workers 8",silicon,16,4,PASS=16,"decode_end=11957.509348, decode_start=46.749562, mixed=64.901139, prefill=61.553858",26dae1f99b2b50fb17118f38d8a8e95dfac3357c
Qwen/Qwen3-32B-FP8-Static-PerTensor,Qwen3ForCausalLM,l40s,vllm,0.1.dev19262,FAIL,Strict-native op-level FPE probes: PERF_DATA_MISSING=16; raw probes=16; topologies=4; source_sha=26dae1f99b2b50fb17118f38d8a8e95dfac3357c. Representative failure: perf database error: perf database error: no GEMM rows loaded from 1 source(s) (first: <repo>/python/aisimulate/src/aiconfigurator_core/systems/data/l40s/vllm/0.1.dev19262/gemm_perf.parquet),"python python/aisimulate/tools/support_matrix/generate_fpe_support_matrix.py --model ""Qwen/Qwen3-32B-FP8-Static-PerTensor"" --system ""l40s"" --backend ""vllm"" --backend-version ""0.1.dev19262"" --forward-model op_level --max-workers 8",,16,4,PERF_DATA_MISSING=16,,26dae1f99b2b50fb17118f38d8a8e95dfac3357c
Qwen/Qwen3-32B-FP8-Static-PerTensor,Qwen3ForCausalLM,l40s,vllm,0.14.0,FAIL,Strict-native op-level FPE probes: PERF_DATA_MISSING=16; raw probes=16; topologies=4; source_sha=26dae1f99b2b50fb17118f38d8a8e95dfac3357c. Representative failure: perf database error: perf database error: no rows loaded from 1 source(s) (first: <repo>/python/aisimulate/src/aiconfigurator_core/systems/data/l40s/vllm/0.14.0/computescale_perf.parquet),"python python/aisimulate/tools/support_matrix/generate_fpe_support_matrix.py --model ""Qwen/Qwen3-32B-FP8-Static-PerTensor"" --system ""l40s"" --backend ""vllm"" --backend-version ""0.14.0"" --forward-model op_level --max-workers 8",,16,4,PERF_DATA_MISSING=16,,26dae1f99b2b50fb17118f38d8a8e95dfac3357c
Qwen/Qwen3-32B-FP8-Static-PerTensor,Qwen3ForCausalLM,l40s,vllm,0.22.0,PASS,,"python python/aisimulate/tools/support_matrix/generate_fpe_support_matrix.py --model ""Qwen/Qwen3-32B-FP8-Static-PerTensor"" --system ""l40s"" --backend ""vllm"" --backend-version ""0.22.0"" --forward-model op_level --max-workers 8",silicon,16,4,PASS=16,"decode_end=13774.276357, decode_start=54.001538, mixed=74.408820, prefill=67.376348",26dae1f99b2b50fb17118f38d8a8e95dfac3357c
Qwen/Qwen3-32B-FP8-Static-PerTensor,Qwen3ForCausalLM,l40s,vllm,0.24.0,PASS,,"python python/aisimulate/tools/support_matrix/generate_fpe_support_matrix.py --model ""Qwen/Qwen3-32B-FP8-Static-PerTensor"" --system ""l40s"" --backend ""vllm"" --backend-version ""0.24.0"" --forward-model op_level --max-workers 8",silicon,16,4,PASS=16,"decode_end=13771.010457, decode_start=53.988730, mixed=74.437376, prefill=67.404904",26dae1f99b2b50fb17118f38d8a8e95dfac3357c
Qwen/Qwen3-8B,Qwen3ForCausalLM,l40s,sglang,0.5.10,PASS,,"python python/aisimulate/tools/support_matrix/generate_fpe_support_matrix.py --model ""Qwen/Qwen3-8B"" --system ""l40s"" --backend ""sglang"" --backend-version ""0.5.10"" --forward-model op_level --max-workers 8",silicon,24,6,"PASS=12, SDK_UNREPRESENTABLE=12","decode_end=5992.337029, decode_start=23.351228, mixed=30.370868, prefill=29.551740",26dae1f99b2b50fb17118f38d8a8e95dfac3357c
Qwen/Qwen3-8B,Qwen3ForCausalLM,l40s,sglang,0.5.12,PASS,,"python python/aisimulate/tools/support_matrix/generate_fpe_support_matrix.py --model ""Qwen/Qwen3-8B"" --system ""l40s"" --backend ""sglang"" --backend-version ""0.5.12"" --forward-model op_level --max-workers 8",silicon,24,6,"PASS=12, SDK_UNREPRESENTABLE=12","decode_end=6080.271092, decode_start=23.700493, mixed=30.030226, prefill=29.607799",26dae1f99b2b50fb17118f38d8a8e95dfac3357c
Qwen/Qwen3-8B,Qwen3ForCausalLM,l40s,sglang,0.5.14,PASS,,"python python/aisimulate/tools/support_matrix/generate_fpe_support_matrix.py --model ""Qwen/Qwen3-8B"" --system ""l40s"" --backend ""sglang"" --backend-version ""0.5.14"" --forward-model op_level --max-workers 8",silicon,24,6,"PASS=12, SDK_UNREPRESENTABLE=12","decode_end=5976.298132, decode_start=23.293854, mixed=30.668739, prefill=29.943596",26dae1f99b2b50fb17118f38d8a8e95dfac3357c
Qwen/Qwen3-8B,Qwen3ForCausalLM,l40s,sglang,0.5.16,PASS,,"python python/aisimulate/tools/support_matrix/generate_fpe_support_matrix.py --model ""Qwen/Qwen3-8B"" --system ""l40s"" --backend ""sglang"" --backend-version ""0.5.16"" --forward-model op_level --max-workers 8",silicon,24,6,"PASS=12, SDK_UNREPRESENTABLE=12","decode_end=5976.298132, decode_start=23.293854, mixed=30.668739, prefill=29.943596",26dae1f99b2b50fb17118f38d8a8e95dfac3357c
Qwen/Qwen3-8B,Qwen3ForCausalLM,l40s,sglang,0.5.9,PASS,,"python python/aisimulate/tools/support_matrix/generate_fpe_support_matrix.py --model ""Qwen/Qwen3-8B"" --system ""l40s"" --backend ""sglang"" --backend-version ""0.5.9"" --forward-model op_level --max-workers 8",silicon,24,6,"PASS=12, SDK_UNREPRESENTABLE=12","decode_end=5946.930149, decode_start=23.167888, mixed=29.875200, prefill=28.806547",26dae1f99b2b50fb17118f38d8a8e95dfac3357c
Qwen/Qwen3-8B,Qwen3ForCausalLM,l40s,trtllm,1.0.0,PASS,,"python python/aisimulate/tools/support_matrix/generate_fpe_support_matrix.py --model ""Qwen/Qwen3-8B"" --system ""l40s"" --backend ""trtllm"" --backend-version ""1.0.0"" --forward-model op_level --max-workers 8",silicon,12,3,PASS=12,"decode_end=6161.163149, decode_start=24.024542, mixed=29.865742, prefill=29.012431",26dae1f99b2b50fb17118f38d8a8e95dfac3357c
Qwen/Qwen3-8B,Qwen3ForCausalLM,l40s,trtllm,1.3.0rc15,PASS,,"python python/aisimulate/tools/support_matrix/generate_fpe_support_matrix.py --model ""Qwen/Qwen3-8B"" --system ""l40s"" --backend ""trtllm"" --backend-version ""1.3.0rc15"" --forward-model op_level --max-workers 8",silicon,12,3,PASS=12,"decode_end=5146.691069, decode_start=20.049047, mixed=27.023235, prefill=25.946589",26dae1f99b2b50fb17118f38d8a8e95dfac3357c
Qwen/Qwen3-8B,Qwen3ForCausalLM,l40s,trtllm,1.3.0rc20,PASS,,"python python/aisimulate/tools/support_matrix/generate_fpe_support_matrix.py --model ""Qwen/Qwen3-8B"" --system ""l40s"" --backend ""trtllm"" --backend-version ""1.3.0rc20"" --forward-model op_level --max-workers 8",silicon,12,3,PASS=12,"decode_end=5152.582046, decode_start=20.079777, mixed=27.028634, prefill=26.252405",26dae1f99b2b50fb17118f38d8a8e95dfac3357c
Qwen/Qwen3-8B,Qwen3ForCausalLM,l40s,trtllm,1.3.0rc23,PASS,,"python python/aisimulate/tools/support_matrix/generate_fpe_support_matrix.py --model ""Qwen/Qwen3-8B"" --system ""l40s"" --backend ""trtllm"" --backend-version ""1.3.0rc23"" --forward-model op_level --max-workers 8",silicon,12,3,PASS=12,"decode_end=5152.582046, decode_start=20.079777, mixed=27.028634, prefill=26.252405",26dae1f99b2b50fb17118f38d8a8e95dfac3357c
Qwen/Qwen3-8B,Qwen3ForCausalLM,l40s,vllm,0.1.dev19262,FAIL,Strict-native op-level FPE probes: PERF_DATA_MISSING=12; raw probes=12; topologies=3; source_sha=26dae1f99b2b50fb17118f38d8a8e95dfac3357c. Representative failure: perf database error: perf database error: no GEMM rows loaded from 1 source(s) (first: <repo>/python/aisimulate/src/aiconfigurator_core/systems/data/l40s/vllm/0.1.dev19262/gemm_perf.parquet),"python python/aisimulate/tools/support_matrix/generate_fpe_support_matrix.py --model ""Qwen/Qwen3-8B"" --system ""l40s"" --backend ""vllm"" --backend-version ""0.1.dev19262"" --forward-model op_level --max-workers 8",,12,3,PERF_DATA_MISSING=12,,26dae1f99b2b50fb17118f38d8a8e95dfac3357c
Qwen/Qwen3-8B,Qwen3ForCausalLM,l40s,vllm,0.14.0,PASS,,"python python/aisimulate/tools/support_matrix/generate_fpe_support_matrix.py --model ""Qwen/Qwen3-8B"" --system ""l40s"" --backend ""vllm"" --backend-version ""0.14.0"" --forward-model op_level --max-workers 8",silicon,12,3,PASS=12,"decode_end=5940.636487, decode_start=23.220456, mixed=29.193367, prefill=28.196582",26dae1f99b2b50fb17118f38d8a8e95dfac3357c
Qwen/Qwen3-8B,Qwen3ForCausalLM,l40s,vllm,0.22.0,PASS,,"python python/aisimulate/tools/support_matrix/generate_fpe_support_matrix.py --model ""Qwen/Qwen3-8B"" --system ""l40s"" --backend ""vllm"" --backend-version ""0.22.0"" --forward-model op_level --max-workers 8",silicon,12,3,PASS=12,"decode_end=6409.744812, decode_start=25.055050, mixed=30.751107, prefill=28.968547",26dae1f99b2b50fb17118f38d8a8e95dfac3357c
Qwen/Qwen3-8B,Qwen3ForCausalLM,l40s,vllm,0.24.0,PASS,,"python python/aisimulate/tools/support_matrix/generate_fpe_support_matrix.py --model ""Qwen/Qwen3-8B"" --system ""l40s"" --backend ""vllm"" --backend-version ""0.24.0"" --forward-model op_level --max-workers 8",silicon,12,3,PASS=12,"decode_end=5902.771463, decode_start=23.066919, mixed=29.480835, prefill=29.096530",26dae1f99b2b50fb17118f38d8a8e95dfac3357c
Qwen/Qwen3-Coder-480B-A35B-Instruct,Qwen3MoeForCausalLM,l40s,sglang,0.5.10,PASS,,"python python/aisimulate/tools/support_matrix/generate_fpe_support_matrix.py --model ""Qwen/Qwen3-Coder-480B-A35B-Instruct"" --system ""l40s"" --backend ""sglang"" --backend-version ""0.5.10"" --forward-model op_level --max-workers 8",silicon,540,135,"PASS=220, SDK_UNREPRESENTABLE=320","decode_end=110277.454461, decode_start=432.180687, mixed=1320.565544, prefill=1314.306936",26dae1f99b2b50fb17118f38d8a8e95dfac3357c
Qwen/Qwen3-Coder-480B-A35B-Instruct,Qwen3MoeForCausalLM,l40s,sglang,0.5.12,PASS,,"python python/aisimulate/tools/support_matrix/generate_fpe_support_matrix.py --model ""Qwen/Qwen3-Coder-480B-A35B-Instruct"" --system ""l40s"" --backend ""sglang"" --backend-version ""0.5.12"" --forward-model op_level --max-workers 8",silicon,540,135,"PASS=220, SDK_UNREPRESENTABLE=320","decode_end=113053.315542, decode_start=443.098192, mixed=1329.304951, prefill=1312.115840",26dae1f99b2b50fb17118f38d8a8e95dfac3357c
Qwen/Qwen3-Coder-480B-A35B-Instruct,Qwen3MoeForCausalLM,l40s,sglang,0.5.14,PASS,,"python python/aisimulate/tools/support_matrix/generate_fpe_support_matrix.py --model ""Qwen/Qwen3-Coder-480B-A35B-Instruct"" --system ""l40s"" --backend ""sglang"" --backend-version ""0.5.14"" --forward-model op_level --max-workers 8",silicon,540,135,"PASS=220, SDK_UNREPRESENTABLE=320","decode_end=113060.158347, decode_start=443.139514, mixed=1315.137799, prefill=1294.855810",26dae1f99b2b50fb17118f38d8a8e95dfac3357c
Qwen/Qwen3-Coder-480B-A35B-Instruct,Qwen3MoeForCausalLM,l40s,sglang,0.5.16,PASS,,"python python/aisimulate/tools/support_matrix/generate_fpe_support_matrix.py --model ""Qwen/Qwen3-Coder-480B-A35B-Instruct"" --system ""l40s"" --backend ""sglang"" --backend-version ""0.5.16"" --forward-model op_level --max-workers 8",silicon,540,135,"PASS=220, SDK_UNREPRESENTABLE=320","decode_end=113060.158347, decode_start=443.139514, mixed=1315.137799, prefill=1294.855810",26dae1f99b2b50fb17118f38d8a8e95dfac3357c
Qwen/Qwen3-Coder-480B-A35B-Instruct,Qwen3MoeForCausalLM,l40s,sglang,0.5.9,PASS,,"python python/aisimulate/tools/support_matrix/generate_fpe_support_matrix.py --model ""Qwen/Qwen3-Coder-480B-A35B-Instruct"" --system ""l40s"" --backend ""sglang"" --backend-version ""0.5.9"" --forward-model op_level --max-workers 8",silicon,540,135,"PASS=60, PERF_DATA_MISSING=160, SDK_UNREPRESENTABLE=320","decode_end=109866.491565, decode_start=430.565018, mixed=1307.911056, prefill=1303.198235",26dae1f99b2b50fb17118f38d8a8e95dfac3357c
Qwen/Qwen3-Coder-480B-A35B-Instruct,Qwen3MoeForCausalLM,l40s,trtllm,1.0.0,FAIL,"Strict-native op-level FPE probes: PASS=16, PERF_DATA_MISSING=100; raw probes=116; topologies=29; source_sha=26dae1f99b2b50fb17118f38d8a8e95dfac3357c. Representative failure: perf database error: MoE data missing for MoeKey { quant: ""bfloat16"", distribution: ""power_law_1.2"", topk: 8, num_experts: 160, hidden_size: 6144, inter_size: 2560, moe_tp_size: 1, moe_ep_size: 1 } at <repo>/python/aisimulate/src/aiconfigurator_core/systems/data/l40s/trtllm/1.0.0","python python/aisimulate/tools/support_matrix/generate_fpe_support_matrix.py --model ""Qwen/Qwen3-Coder-480B-A35B-Instruct"" --system ""l40s"" --backend ""trtllm"" --backend-version ""1.0.0"" --forward-model op_level --max-workers 8",,116,29,"PASS=16, PERF_DATA_MISSING=100",,26dae1f99b2b50fb17118f38d8a8e95dfac3357c
Qwen/Qwen3-Coder-480B-A35B-Instruct,Qwen3MoeForCausalLM,l40s,trtllm,1.3.0rc15,PASS,,"python python/aisimulate/tools/support_matrix/generate_fpe_support_matrix.py --model ""Qwen/Qwen3-Coder-480B-A35B-Instruct"" --system ""l40s"" --backend ""trtllm"" --backend-version ""1.3.0rc15"" --forward-model op_level --max-workers 8",silicon,116,29,PASS=116,"decode_end=109437.873468, decode_start=428.941989, mixed=1298.847483, prefill=1288.328906",26dae1f99b2b50fb17118f38d8a8e95dfac3357c
Qwen/Qwen3-Coder-480B-A35B-Instruct,Qwen3MoeForCausalLM,l40s,trtllm,1.3.0rc20,PASS,,"python python/aisimulate/tools/support_matrix/generate_fpe_support_matrix.py --model ""Qwen/Qwen3-Coder-480B-A35B-Instruct"" --system ""l40s"" --backend ""trtllm"" --backend-version ""1.3.0rc20"" --forward-model op_level --max-workers 8",silicon,116,29,PASS=116,"decode_end=111369.713379, decode_start=436.535109, mixed=1272.571951, prefill=1259.211039",26dae1f99b2b50fb17118f38d8a8e95dfac3357c
Qwen/Qwen3-Coder-480B-A35B-Instruct,Qwen3MoeForCausalLM,l40s,trtllm,1.3.0rc23,PASS,,"python python/aisimulate/tools/support_matrix/generate_fpe_support_matrix.py --model ""Qwen/Qwen3-Coder-480B-A35B-Instruct"" --system ""l40s"" --backend ""trtllm"" --backend-version ""1.3.0rc23"" --forward-model op_level --max-workers 8",silicon,116,29,PASS=116,"decode_end=111369.713379, decode_start=436.535109, mixed=1272.571951, prefill=1259.211039",26dae1f99b2b50fb17118f38d8a8e95dfac3357c
Qwen/Qwen3-Coder-480B-A35B-Instruct,Qwen3MoeForCausalLM,l40s,vllm,0.1.dev19262,FAIL,Strict-native op-level FPE probes: PERF_DATA_MISSING=116; raw probes=116; topologies=29; source_sha=26dae1f99b2b50fb17118f38d8a8e95dfac3357c. Representative failure: perf database error: perf database error: no GEMM rows loaded from 1 source(s) (first: <repo>/python/aisimulate/src/aiconfigurator_core/systems/data/l40s/vllm/0.1.dev19262/gemm_perf.parquet),"python python/aisimulate/tools/support_matrix/generate_fpe_support_matrix.py --model ""Qwen/Qwen3-Coder-480B-A35B-Instruct"" --system ""l40s"" --backend ""vllm"" --backend-version ""0.1.dev19262"" --forward-model op_level --max-workers 8",,116,29,PERF_DATA_MISSING=116,,26dae1f99b2b50fb17118f38d8a8e95dfac3357c
Qwen/Qwen3-Coder-480B-A35B-Instruct,Qwen3MoeForCausalLM,l40s,vllm,0.14.0,PASS,,"python python/aisimulate/tools/support_matrix/generate_fpe_support_matrix.py --model ""Qwen/Qwen3-Coder-480B-A35B-Instruct"" --system ""l40s"" --backend ""vllm"" --backend-version ""0.14.0"" --forward-model op_level --max-workers 8",silicon,116,29,PASS=116,"decode_end=110330.375220, decode_start=432.549852, mixed=1308.681991, prefill=1302.927528",26dae1f99b2b50fb17118f38d8a8e95dfac3357c
Qwen/Qwen3-Coder-480B-A35B-Instruct,Qwen3MoeForCausalLM,l40s,vllm,0.22.0,PASS,,"python python/aisimulate/tools/support_matrix/generate_fpe_support_matrix.py --model ""Qwen/Qwen3-Coder-480B-A35B-Instruct"" --system ""l40s"" --backend ""vllm"" --backend-version ""0.22.0"" --forward-model op_level --max-workers 8",silicon,116,29,PASS=116,"decode_end=109874.858406, decode_start=430.742537, mixed=1364.474902, prefill=1353.012672",26dae1f99b2b50fb17118f38d8a8e95dfac3357c
Qwen/Qwen3-Coder-480B-A35B-Instruct,Qwen3MoeForCausalLM,l40s,vllm,0.24.0,PASS,,"python python/aisimulate/tools/support_matrix/generate_fpe_support_matrix.py --model ""Qwen/Qwen3-Coder-480B-A35B-Instruct"" --system ""l40s"" --backend ""vllm"" --backend-version ""0.24.0"" --forward-model op_level --max-workers 8",silicon,116,29,PASS=116,"decode_end=116731.706059, decode_start=457.632136, mixed=1375.418387, prefill=1359.719982",26dae1f99b2b50fb17118f38d8a8e95dfac3357c
Qwen/Qwen3-VL-235B-A22B-Instruct,Qwen3VLMoeForConditionalGeneration,l40s,sglang,0.5.10,PASS,,"python python/aisimulate/tools/support_matrix/generate_fpe_support_matrix.py --model ""Qwen/Qwen3-VL-235B-A22B-Instruct"" --system ""l40s"" --backend ""sglang"" --backend-version ""0.5.10"" --forward-model op_level --max-workers 8",silicon,540,135,"PASS=220, SDK_UNREPRESENTABLE=320","decode_end=64368.589757, decode_start=252.171925, mixed=765.718167, prefill=674.810991",26dae1f99b2b50fb17118f38d8a8e95dfac3357c
Qwen/Qwen3-VL-235B-A22B-Instruct,Qwen3VLMoeForConditionalGeneration,l40s,sglang,0.5.12,PASS,,"python python/aisimulate/tools/support_matrix/generate_fpe_support_matrix.py --model ""Qwen/Qwen3-VL-235B-A22B-Instruct"" --system ""l40s"" --backend ""sglang"" --backend-version ""0.5.12"" --forward-model op_level --max-workers 8",silicon,540,135,"PASS=220, SDK_UNREPRESENTABLE=320","decode_end=61002.029380, decode_start=239.201183, mixed=765.008216, prefill=676.919497",26dae1f99b2b50fb17118f38d8a8e95dfac3357c
Qwen/Qwen3-VL-235B-A22B-Instruct,Qwen3VLMoeForConditionalGeneration,l40s,sglang,0.5.14,PASS,,"python python/aisimulate/tools/support_matrix/generate_fpe_support_matrix.py --model ""Qwen/Qwen3-VL-235B-A22B-Instruct"" --system ""l40s"" --backend ""sglang"" --backend-version ""0.5.14"" --forward-model op_level --max-workers 8",silicon,540,135,"PASS=220, SDK_UNREPRESENTABLE=320","decode_end=60931.685975, decode_start=238.901942, mixed=761.679836, prefill=671.473954",26dae1f99b2b50fb17118f38d8a8e95dfac3357c
Qwen/Qwen3-VL-235B-A22B-Instruct,Qwen3VLMoeForConditionalGeneration,l40s,sglang,0.5.16,PASS,,"python python/aisimulate/tools/support_matrix/generate_fpe_support_matrix.py --model ""Qwen/Qwen3-VL-235B-A22B-Instruct"" --system ""l40s"" --backend ""sglang"" --backend-version ""0.5.16"" --forward-model op_level --max-workers 8",silicon,540,135,"PASS=220, SDK_UNREPRESENTABLE=320","decode_end=60931.685975, decode_start=238.901942, mixed=761.679836, prefill=671.473954",26dae1f99b2b50fb17118f38d8a8e95dfac3357c
Qwen/Qwen3-VL-235B-A22B-Instruct,Qwen3VLMoeForConditionalGeneration,l40s,sglang,0.5.9,PASS,,"python python/aisimulate/tools/support_matrix/generate_fpe_support_matrix.py --model ""Qwen/Qwen3-VL-235B-A22B-Instruct"" --system ""l40s"" --backend ""sglang"" --backend-version ""0.5.9"" --forward-model op_level --max-workers 8",silicon,540,135,"PASS=60, PERF_DATA_MISSING=160, SDK_UNREPRESENTABLE=320","decode_end=63750.388576, decode_start=249.733717, mixed=741.574861, prefill=652.031704",26dae1f99b2b50fb17118f38d8a8e95dfac3357c
Qwen/Qwen3-VL-235B-A22B-Instruct,Qwen3VLMoeForConditionalGeneration,l40s,trtllm,1.0.0,PASS,,"python python/aisimulate/tools/support_matrix/generate_fpe_support_matrix.py --model ""Qwen/Qwen3-VL-235B-A22B-Instruct"" --system ""l40s"" --backend ""trtllm"" --backend-version ""1.0.0"" --forward-model op_level --max-workers 8",silicon,116,29,PASS=116,"decode_end=49882.944903, decode_start=195.597655, mixed=656.924372, prefill=654.121512",26dae1f99b2b50fb17118f38d8a8e95dfac3357c
Qwen/Qwen3-VL-235B-A22B-Instruct,Qwen3VLMoeForConditionalGeneration,l40s,trtllm,1.3.0rc15,PASS,,"python python/aisimulate/tools/support_matrix/generate_fpe_support_matrix.py --model ""Qwen/Qwen3-VL-235B-A22B-Instruct"" --system ""l40s"" --backend ""trtllm"" --backend-version ""1.3.0rc15"" --forward-model op_level --max-workers 8",silicon,116,29,PASS=116,"decode_end=62752.128296, decode_start=246.069272, mixed=679.737346, prefill=674.274200",26dae1f99b2b50fb17118f38d8a8e95dfac3357c
Qwen/Qwen3-VL-235B-A22B-Instruct,Qwen3VLMoeForConditionalGeneration,l40s,trtllm,1.3.0rc20,PASS,,"python python/aisimulate/tools/support_matrix/generate_fpe_support_matrix.py --model ""Qwen/Qwen3-VL-235B-A22B-Instruct"" --system ""l40s"" --backend ""trtllm"" --backend-version ""1.3.0rc20"" --forward-model op_level --max-workers 8",silicon,116,29,PASS=116,"decode_end=64790.594921, decode_start=254.018250, mixed=679.466008, prefill=672.200901",26dae1f99b2b50fb17118f38d8a8e95dfac3357c
Qwen/Qwen3-VL-235B-A22B-Instruct,Qwen3VLMoeForConditionalGeneration,l40s,trtllm,1.3.0rc23,PASS,,"python python/aisimulate/tools/support_matrix/generate_fpe_support_matrix.py --model ""Qwen/Qwen3-VL-235B-A22B-Instruct"" --system ""l40s"" --backend ""trtllm"" --backend-version ""1.3.0rc23"" --forward-model op_level --max-workers 8",silicon,116,29,PASS=116,"decode_end=64790.594921, decode_start=254.018250, mixed=679.466008, prefill=672.200901",26dae1f99b2b50fb17118f38d8a8e95dfac3357c
Qwen/Qwen3-VL-235B-A22B-Instruct,Qwen3VLMoeForConditionalGeneration,l40s,vllm,0.1.dev19262,FAIL,Strict-native op-level FPE probes: PERF_DATA_MISSING=116; raw probes=116; topologies=29; source_sha=26dae1f99b2b50fb17118f38d8a8e95dfac3357c. Representative failure: perf database error: perf database error: no GEMM rows loaded from 1 source(s) (first: <repo>/python/aisimulate/src/aiconfigurator_core/systems/data/l40s/vllm/0.1.dev19262/gemm_perf.parquet),"python python/aisimulate/tools/support_matrix/generate_fpe_support_matrix.py --model ""Qwen/Qwen3-VL-235B-A22B-Instruct"" --system ""l40s"" --backend ""vllm"" --backend-version ""0.1.dev19262"" --forward-model op_level --max-workers 8",,116,29,PERF_DATA_MISSING=116,,26dae1f99b2b50fb17118f38d8a8e95dfac3357c
Qwen/Qwen3-VL-235B-A22B-Instruct,Qwen3VLMoeForConditionalGeneration,l40s,vllm,0.14.0,PASS,,"python python/aisimulate/tools/support_matrix/generate_fpe_support_matrix.py --model ""Qwen/Qwen3-VL-235B-A22B-Instruct"" --system ""l40s"" --backend ""vllm"" --backend-version ""0.14.0"" --forward-model op_level --max-workers 8",silicon,116,29,PASS=116,"decode_end=67282.189404, decode_start=263.808390, mixed=739.594506, prefill=653.066912",26dae1f99b2b50fb17118f38d8a8e95dfac3357c
Qwen/Qwen3-VL-235B-A22B-Instruct,Qwen3VLMoeForConditionalGeneration,l40s,vllm,0.22.0,PASS,,"python python/aisimulate/tools/support_matrix/generate_fpe_support_matrix.py --model ""Qwen/Qwen3-VL-235B-A22B-Instruct"" --system ""l40s"" --backend ""vllm"" --backend-version ""0.22.0"" --forward-model op_level --max-workers 8",silicon,116,29,PASS=116,"decode_end=57181.274656, decode_start=224.202008, mixed=714.490655, prefill=708.479187",26dae1f99b2b50fb17118f38d8a8e95dfac3357c
Qwen/Qwen3-VL-235B-A22B-Instruct,Qwen3VLMoeForConditionalGeneration,l40s,vllm,0.24.0,PASS,,"python python/aisimulate/tools/support_matrix/generate_fpe_support_matrix.py --model ""Qwen/Qwen3-VL-235B-A22B-Instruct"" --system ""l40s"" --backend ""vllm"" --backend-version ""0.24.0"" --forward-model op_level --max-workers 8",silicon,116,29,PASS=116,"decode_end=60698.561313, decode_start=237.995289, mixed=707.367460, prefill=701.939703",26dae1f99b2b50fb17118f38d8a8e95dfac3357c
Qwen/Qwen3-VL-2B-Instruct,Qwen3VLForConditionalGeneration,l40s,sglang,0.5.10,PASS,,"python python/aisimulate/tools/support_matrix/generate_fpe_support_matrix.py --model ""Qwen/Qwen3-VL-2B-Instruct"" --system ""l40s"" --backend ""sglang"" --backend-version ""0.5.10"" --forward-model op_level --max-workers 8",silicon,24,6,"PASS=12, SDK_UNREPRESENTABLE=12","decode_end=1496.076404, decode_start=5.748173, mixed=7.814631, prefill=7.290699",26dae1f99b2b50fb17118f38d8a8e95dfac3357c
Qwen/Qwen3-VL-2B-Instruct,Qwen3VLForConditionalGeneration,l40s,sglang,0.5.12,PASS,,"python python/aisimulate/tools/support_matrix/generate_fpe_support_matrix.py --model ""Qwen/Qwen3-VL-2B-Instruct"" --system ""l40s"" --backend ""sglang"" --backend-version ""0.5.12"" --forward-model op_level --max-workers 8",silicon,24,6,"PASS=12, SDK_UNREPRESENTABLE=12","decode_end=1563.208036, decode_start=6.018416, mixed=7.389413, prefill=7.216813",26dae1f99b2b50fb17118f38d8a8e95dfac3357c
Qwen/Qwen3-VL-2B-Instruct,Qwen3VLForConditionalGeneration,l40s,sglang,0.5.14,PASS,,"python python/aisimulate/tools/support_matrix/generate_fpe_support_matrix.py --model ""Qwen/Qwen3-VL-2B-Instruct"" --system ""l40s"" --backend ""sglang"" --backend-version ""0.5.14"" --forward-model op_level --max-workers 8",silicon,24,6,"PASS=12, SDK_UNREPRESENTABLE=12","decode_end=1454.339356, decode_start=5.588428, mixed=8.077452, prefill=7.148403",26dae1f99b2b50fb17118f38d8a8e95dfac3357c
Qwen/Qwen3-VL-2B-Instruct,Qwen3VLForConditionalGeneration,l40s,sglang,0.5.16,PASS,,"python python/aisimulate/tools/support_matrix/generate_fpe_support_matrix.py --model ""Qwen/Qwen3-VL-2B-Instruct"" --system ""l40s"" --backend ""sglang"" --backend-version ""0.5.16"" --forward-model op_level --max-workers 8",silicon,24,6,"PASS=12, SDK_UNREPRESENTABLE=12","decode_end=1454.339356, decode_start=5.588428, mixed=8.077452, prefill=7.148403",26dae1f99b2b50fb17118f38d8a8e95dfac3357c
Qwen/Qwen3-VL-2B-Instruct,Qwen3VLForConditionalGeneration,l40s,sglang,0.5.9,PASS,,"python python/aisimulate/tools/support_matrix/generate_fpe_support_matrix.py --model ""Qwen/Qwen3-VL-2B-Instruct"" --system ""l40s"" --backend ""sglang"" --backend-version ""0.5.9"" --forward-model op_level --max-workers 8",silicon,24,6,"PASS=12, SDK_UNREPRESENTABLE=12","decode_end=1469.898747, decode_start=5.640389, mixed=7.941132, prefill=7.449960",26dae1f99b2b50fb17118f38d8a8e95dfac3357c
Qwen/Qwen3-VL-2B-Instruct,Qwen3VLForConditionalGeneration,l40s,trtllm,1.0.0,PASS,,"python python/aisimulate/tools/support_matrix/generate_fpe_support_matrix.py --model ""Qwen/Qwen3-VL-2B-Instruct"" --system ""l40s"" --backend ""trtllm"" --backend-version ""1.0.0"" --forward-model op_level --max-workers 8",silicon,12,3,PASS=12,"decode_end=1513.874639, decode_start=5.830670, mixed=7.568269, prefill=7.115302",26dae1f99b2b50fb17118f38d8a8e95dfac3357c
Qwen/Qwen3-VL-2B-Instruct,Qwen3VLForConditionalGeneration,l40s,trtllm,1.3.0rc15,PASS,,"python python/aisimulate/tools/support_matrix/generate_fpe_support_matrix.py --model ""Qwen/Qwen3-VL-2B-Instruct"" --system ""l40s"" --backend ""trtllm"" --backend-version ""1.3.0rc15"" --forward-model op_level --max-workers 8",silicon,12,3,PASS=12,"decode_end=1267.044394, decode_start=4.866610, mixed=6.968573, prefill=5.946647",26dae1f99b2b50fb17118f38d8a8e95dfac3357c
Qwen/Qwen3-VL-2B-Instruct,Qwen3VLForConditionalGeneration,l40s,trtllm,1.3.0rc20,PASS,,"python python/aisimulate/tools/support_matrix/generate_fpe_support_matrix.py --model ""Qwen/Qwen3-VL-2B-Instruct"" --system ""l40s"" --backend ""trtllm"" --backend-version ""1.3.0rc20"" --forward-model op_level --max-workers 8",silicon,12,3,PASS=12,"decode_end=1262.392450, decode_start=4.859662, mixed=6.774274, prefill=5.966701",26dae1f99b2b50fb17118f38d8a8e95dfac3357c
Qwen/Qwen3-VL-2B-Instruct,Qwen3VLForConditionalGeneration,l40s,trtllm,1.3.0rc23,PASS,,"python python/aisimulate/tools/support_matrix/generate_fpe_support_matrix.py --model ""Qwen/Qwen3-VL-2B-Instruct"" --system ""l40s"" --backend ""trtllm"" --backend-version ""1.3.0rc23"" --forward-model op_level --max-workers 8",silicon,12,3,PASS=12,"decode_end=1262.392450, decode_start=4.859662, mixed=6.774274, prefill=5.966701",26dae1f99b2b50fb17118f38d8a8e95dfac3357c
Qwen/Qwen3-VL-2B-Instruct,Qwen3VLForConditionalGeneration,l40s,vllm,0.1.dev19262,FAIL,Strict-native op-level FPE probes: PERF_DATA_MISSING=12; raw probes=12; topologies=3; source_sha=26dae1f99b2b50fb17118f38d8a8e95dfac3357c. Representative failure: perf database error: perf database error: no GEMM rows loaded from 1 source(s) (first: <repo>/python/aisimulate/src/aiconfigurator_core/systems/data/l40s/vllm/0.1.dev19262/gemm_perf.parquet),"python python/aisimulate/tools/support_matrix/generate_fpe_support_matrix.py --model ""Qwen/Qwen3-VL-2B-Instruct"" --system ""l40s"" --backend ""vllm"" --backend-version ""0.1.dev19262"" --forward-model op_level --max-workers 8",,12,3,PERF_DATA_MISSING=12,,26dae1f99b2b50fb17118f38d8a8e95dfac3357c
Qwen/Qwen3-VL-2B-Instruct,Qwen3VLForConditionalGeneration,l40s,vllm,0.14.0,PASS,,"python python/aisimulate/tools/support_matrix/generate_fpe_support_matrix.py --model ""Qwen/Qwen3-VL-2B-Instruct"" --system ""l40s"" --backend ""vllm"" --backend-version ""0.14.0"" --forward-model op_level --max-workers 8",silicon,12,3,PASS=12,"decode_end=1526.042638, decode_start=5.925438, mixed=7.178891, prefill=6.634658",26dae1f99b2b50fb17118f38d8a8e95dfac3357c
Qwen/Qwen3-VL-2B-Instruct,Qwen3VLForConditionalGeneration,l40s,vllm,0.22.0,PASS,,"python python/aisimulate/tools/support_matrix/generate_fpe_support_matrix.py --model ""Qwen/Qwen3-VL-2B-Instruct"" --system ""l40s"" --backend ""vllm"" --backend-version ""0.22.0"" --forward-model op_level --max-workers 8",silicon,12,3,PASS=12,"decode_end=1527.105516, decode_start=5.925754, mixed=7.501665, prefill=6.868806",26dae1f99b2b50fb17118f38d8a8e95dfac3357c
Qwen/Qwen3-VL-2B-Instruct,Qwen3VLForConditionalGeneration,l40s,vllm,0.24.0,PASS,,"python python/aisimulate/tools/support_matrix/generate_fpe_support_matrix.py --model ""Qwen/Qwen3-VL-2B-Instruct"" --system ""l40s"" --backend ""vllm"" --backend-version ""0.24.0"" --forward-model op_level --max-workers 8",silicon,12,3,PASS=12,"decode_end=1526.106375, decode_start=5.921836, mixed=7.367287, prefill=7.092945",26dae1f99b2b50fb17118f38d8a8e95dfac3357c
Qwen/Qwen3-VL-30B-A3B-Instruct,Qwen3VLMoeForConditionalGeneration,l40s,sglang,0.5.10,PASS,,"python python/aisimulate/tools/support_matrix/generate_fpe_support_matrix.py --model ""Qwen/Qwen3-VL-30B-A3B-Instruct"" --system ""l40s"" --backend ""sglang"" --backend-version ""0.5.10"" --forward-model op_level --max-workers 8",silicon,540,135,"PASS=164, PERF_DATA_MISSING=56, SDK_UNREPRESENTABLE=320","decode_end=8989.346375, decode_start=35.128072, mixed=100.611381, prefill=89.393729",26dae1f99b2b50fb17118f38d8a8e95dfac3357c
Qwen/Qwen3-VL-30B-A3B-Instruct,Qwen3VLMoeForConditionalGeneration,l40s,sglang,0.5.12,PASS,,"python python/aisimulate/tools/support_matrix/generate_fpe_support_matrix.py --model ""Qwen/Qwen3-VL-30B-A3B-Instruct"" --system ""l40s"" --backend ""sglang"" --backend-version ""0.5.12"" --forward-model op_level --max-workers 8",silicon,540,135,"PASS=220, SDK_UNREPRESENTABLE=320","decode_end=8692.530556, decode_start=34.079846, mixed=99.662296, prefill=89.280893",26dae1f99b2b50fb17118f38d8a8e95dfac3357c
Qwen/Qwen3-VL-30B-A3B-Instruct,Qwen3VLMoeForConditionalGeneration,l40s,sglang,0.5.14,PASS,,"python python/aisimulate/tools/support_matrix/generate_fpe_support_matrix.py --model ""Qwen/Qwen3-VL-30B-A3B-Instruct"" --system ""l40s"" --backend ""sglang"" --backend-version ""0.5.14"" --forward-model op_level --max-workers 8",silicon,540,135,"PASS=220, SDK_UNREPRESENTABLE=320","decode_end=8567.771399, decode_start=33.579450, mixed=100.771458, prefill=89.987333",26dae1f99b2b50fb17118f38d8a8e95dfac3357c
Qwen/Qwen3-VL-30B-A3B-Instruct,Qwen3VLMoeForConditionalGeneration,l40s,sglang,0.5.16,PASS,,"python python/aisimulate/tools/support_matrix/generate_fpe_support_matrix.py --model ""Qwen/Qwen3-VL-30B-A3B-Instruct"" --system ""l40s"" --backend ""sglang"" --backend-version ""0.5.16"" --forward-model op_level --max-workers 8",silicon,540,135,"PASS=220, SDK_UNREPRESENTABLE=320","decode_end=8567.771399, decode_start=33.579450, mixed=100.771458, prefill=89.987333",26dae1f99b2b50fb17118f38d8a8e95dfac3357c
Qwen/Qwen3-VL-30B-A3B-Instruct,Qwen3VLMoeForConditionalGeneration,l40s,sglang,0.5.9,PASS,,"python python/aisimulate/tools/support_matrix/generate_fpe_support_matrix.py --model ""Qwen/Qwen3-VL-30B-A3B-Instruct"" --system ""l40s"" --backend ""sglang"" --backend-version ""0.5.9"" --forward-model op_level --max-workers 8",silicon,540,135,"PASS=24, PERF_DATA_MISSING=196, SDK_UNREPRESENTABLE=320","decode_end=8811.488071, decode_start=34.430649, mixed=97.118299, prefill=86.308198",26dae1f99b2b50fb17118f38d8a8e95dfac3357c
Qwen/Qwen3-VL-30B-A3B-Instruct,Qwen3VLMoeForConditionalGeneration,l40s,trtllm,1.0.0,PASS,,"python python/aisimulate/tools/support_matrix/generate_fpe_support_matrix.py --model ""Qwen/Qwen3-VL-30B-A3B-Instruct"" --system ""l40s"" --backend ""trtllm"" --backend-version ""1.0.0"" --forward-model op_level --max-workers 8",silicon,116,29,"PASS=92, PERF_DATA_MISSING=24","decode_end=8150.846760, decode_start=31.940649, mixed=88.237823, prefill=87.011634",26dae1f99b2b50fb17118f38d8a8e95dfac3357c
Qwen/Qwen3-VL-30B-A3B-Instruct,Qwen3VLMoeForConditionalGeneration,l40s,trtllm,1.3.0rc15,PASS,,"python python/aisimulate/tools/support_matrix/generate_fpe_support_matrix.py --model ""Qwen/Qwen3-VL-30B-A3B-Instruct"" --system ""l40s"" --backend ""trtllm"" --backend-version ""1.3.0rc15"" --forward-model op_level --max-workers 8",silicon,116,29,"PASS=92, PERF_DATA_MISSING=24","decode_end=8582.287838, decode_start=33.624737, mixed=87.854158, prefill=86.138863",26dae1f99b2b50fb17118f38d8a8e95dfac3357c
Qwen/Qwen3-VL-30B-A3B-Instruct,Qwen3VLMoeForConditionalGeneration,l40s,trtllm,1.3.0rc20,PASS,,"python python/aisimulate/tools/support_matrix/generate_fpe_support_matrix.py --model ""Qwen/Qwen3-VL-30B-A3B-Instruct"" --system ""l40s"" --backend ""trtllm"" --backend-version ""1.3.0rc20"" --forward-model op_level --max-workers 8",silicon,116,29,PASS=116,"decode_end=8277.428354, decode_start=32.438823, mixed=88.935478, prefill=87.740141",26dae1f99b2b50fb17118f38d8a8e95dfac3357c
Qwen/Qwen3-VL-30B-A3B-Instruct,Qwen3VLMoeForConditionalGeneration,l40s,trtllm,1.3.0rc23,PASS,,"python python/aisimulate/tools/support_matrix/generate_fpe_support_matrix.py --model ""Qwen/Qwen3-VL-30B-A3B-Instruct"" --system ""l40s"" --backend ""trtllm"" --backend-version ""1.3.0rc23"" --forward-model op_level --max-workers 8",silicon,116,29,PASS=116,"decode_end=8277.428354, decode_start=32.438823, mixed=88.935478, prefill=87.740141",26dae1f99b2b50fb17118f38d8a8e95dfac3357c
Qwen/Qwen3-VL-30B-A3B-Instruct,Qwen3VLMoeForConditionalGeneration,l40s,vllm,0.1.dev19262,FAIL,Strict-native op-level FPE probes: PERF_DATA_MISSING=116; raw probes=116; topologies=29; source_sha=26dae1f99b2b50fb17118f38d8a8e95dfac3357c. Representative failure: perf database error: perf database error: no GEMM rows loaded from 1 source(s) (first: <repo>/python/aisimulate/src/aiconfigurator_core/systems/data/l40s/vllm/0.1.dev19262/gemm_perf.parquet),"python python/aisimulate/tools/support_matrix/generate_fpe_support_matrix.py --model ""Qwen/Qwen3-VL-30B-A3B-Instruct"" --system ""l40s"" --backend ""vllm"" --backend-version ""0.1.dev19262"" --forward-model op_level --max-workers 8",,116,29,PERF_DATA_MISSING=116,,26dae1f99b2b50fb17118f38d8a8e95dfac3357c
Qwen/Qwen3-VL-30B-A3B-Instruct,Qwen3VLMoeForConditionalGeneration,l40s,vllm,0.14.0,PASS,,"python python/aisimulate/tools/support_matrix/generate_fpe_support_matrix.py --model ""Qwen/Qwen3-VL-30B-A3B-Instruct"" --system ""l40s"" --backend ""vllm"" --backend-version ""0.14.0"" --forward-model op_level --max-workers 8",silicon,116,29,"PASS=80, PERF_DATA_MISSING=36","decode_end=9196.314992, decode_start=36.041481, mixed=95.760117, prefill=85.599417",26dae1f99b2b50fb17118f38d8a8e95dfac3357c
Qwen/Qwen3-VL-30B-A3B-Instruct,Qwen3VLMoeForConditionalGeneration,l40s,vllm,0.22.0,PASS,,"python python/aisimulate/tools/support_matrix/generate_fpe_support_matrix.py --model ""Qwen/Qwen3-VL-30B-A3B-Instruct"" --system ""l40s"" --backend ""vllm"" --backend-version ""0.22.0"" --forward-model op_level --max-workers 8",silicon,116,29,PASS=116,"decode_end=8467.118052, decode_start=33.185251, mixed=93.378206, prefill=92.371150",26dae1f99b2b50fb17118f38d8a8e95dfac3357c
Qwen/Qwen3-VL-30B-A3B-Instruct,Qwen3VLMoeForConditionalGeneration,l40s,vllm,0.24.0,PASS,,"python python/aisimulate/tools/support_matrix/generate_fpe_support_matrix.py --model ""Qwen/Qwen3-VL-30B-A3B-Instruct"" --system ""l40s"" --backend ""vllm"" --backend-version ""0.24.0"" --forward-model op_level --max-workers 8",silicon,116,29,PASS=116,"decode_end=7953.607974, decode_start=31.171486, mixed=93.890792, prefill=91.855527",26dae1f99b2b50fb17118f38d8a8e95dfac3357c
Qwen/Qwen3-VL-32B-Instruct,Qwen3VLForConditionalGeneration,l40s,sglang,0.5.10,PASS,,"python python/aisimulate/tools/support_matrix/generate_fpe_support_matrix.py --model ""Qwen/Qwen3-VL-32B-Instruct"" --system ""l40s"" --backend ""sglang"" --backend-version ""0.5.10"" --forward-model op_level --max-workers 8",silicon,40,10,"PASS=16, SDK_UNREPRESENTABLE=24","decode_end=23664.668011, decode_start=92.528160, mixed=118.643732, prefill=112.973115",26dae1f99b2b50fb17118f38d8a8e95dfac3357c
Qwen/Qwen3-VL-32B-Instruct,Qwen3VLForConditionalGeneration,l40s,sglang,0.5.12,PASS,,"python python/aisimulate/tools/support_matrix/generate_fpe_support_matrix.py --model ""Qwen/Qwen3-VL-32B-Instruct"" --system ""l40s"" --backend ""sglang"" --backend-version ""0.5.12"" --forward-model op_level --max-workers 8",silicon,40,10,"PASS=16, SDK_UNREPRESENTABLE=24","decode_end=23685.957836, decode_start=92.630125, mixed=123.872575, prefill=116.381932",26dae1f99b2b50fb17118f38d8a8e95dfac3357c
Qwen/Qwen3-VL-32B-Instruct,Qwen3VLForConditionalGeneration,l40s,sglang,0.5.14,PASS,,"python python/aisimulate/tools/support_matrix/generate_fpe_support_matrix.py --model ""Qwen/Qwen3-VL-32B-Instruct"" --system ""l40s"" --backend ""sglang"" --backend-version ""0.5.14"" --forward-model op_level --max-workers 8",silicon,40,10,"PASS=16, SDK_UNREPRESENTABLE=24","decode_end=23585.943954, decode_start=92.249663, mixed=124.368399, prefill=114.398721",26dae1f99b2b50fb17118f38d8a8e95dfac3357c
Qwen/Qwen3-VL-32B-Instruct,Qwen3VLForConditionalGeneration,l40s,sglang,0.5.16,PASS,,"python python/aisimulate/tools/support_matrix/generate_fpe_support_matrix.py --model ""Qwen/Qwen3-VL-32B-Instruct"" --system ""l40s"" --backend ""sglang"" --backend-version ""0.5.16"" --forward-model op_level --max-workers 8",silicon,40,10,"PASS=16, SDK_UNREPRESENTABLE=24","decode_end=23585.943954, decode_start=92.249663, mixed=124.368399, prefill=114.398721",26dae1f99b2b50fb17118f38d8a8e95dfac3357c
Qwen/Qwen3-VL-32B-Instruct,Qwen3VLForConditionalGeneration,l40s,sglang,0.5.9,PASS,,"python python/aisimulate/tools/support_matrix/generate_fpe_support_matrix.py --model ""Qwen/Qwen3-VL-32B-Instruct"" --system ""l40s"" --backend ""sglang"" --backend-version ""0.5.9"" --forward-model op_level --max-workers 8",silicon,40,10,"PASS=16, SDK_UNREPRESENTABLE=24","decode_end=23633.077837, decode_start=92.402964, mixed=115.290709, prefill=112.777644",26dae1f99b2b50fb17118f38d8a8e95dfac3357c
Qwen/Qwen3-VL-32B-Instruct,Qwen3VLForConditionalGeneration,l40s,trtllm,1.0.0,PASS,,"python python/aisimulate/tools/support_matrix/generate_fpe_support_matrix.py --model ""Qwen/Qwen3-VL-32B-Instruct"" --system ""l40s"" --backend ""trtllm"" --backend-version ""1.0.0"" --forward-model op_level --max-workers 8",silicon,16,4,PASS=16,"decode_end=23416.412149, decode_start=91.581191, mixed=112.766950, prefill=110.186306",26dae1f99b2b50fb17118f38d8a8e95dfac3357c
Qwen/Qwen3-VL-32B-Instruct,Qwen3VLForConditionalGeneration,l40s,trtllm,1.3.0rc15,PASS,,"python python/aisimulate/tools/support_matrix/generate_fpe_support_matrix.py --model ""Qwen/Qwen3-VL-32B-Instruct"" --system ""l40s"" --backend ""trtllm"" --backend-version ""1.3.0rc15"" --forward-model op_level --max-workers 8",silicon,16,4,PASS=16,"decode_end=23061.220129, decode_start=90.207251, mixed=116.402677, prefill=108.688863",26dae1f99b2b50fb17118f38d8a8e95dfac3357c
Qwen/Qwen3-VL-32B-Instruct,Qwen3VLForConditionalGeneration,l40s,trtllm,1.3.0rc20,PASS,,"python python/aisimulate/tools/support_matrix/generate_fpe_support_matrix.py --model ""Qwen/Qwen3-VL-32B-Instruct"" --system ""l40s"" --backend ""trtllm"" --backend-version ""1.3.0rc20"" --forward-model op_level --max-workers 8",silicon,16,4,PASS=16,"decode_end=23259.172072, decode_start=90.987992, mixed=118.842942, prefill=109.415526",26dae1f99b2b50fb17118f38d8a8e95dfac3357c
Qwen/Qwen3-VL-32B-Instruct,Qwen3VLForConditionalGeneration,l40s,trtllm,1.3.0rc23,PASS,,"python python/aisimulate/tools/support_matrix/generate_fpe_support_matrix.py --model ""Qwen/Qwen3-VL-32B-Instruct"" --system ""l40s"" --backend ""trtllm"" --backend-version ""1.3.0rc23"" --forward-model op_level --max-workers 8",silicon,16,4,PASS=16,"decode_end=23259.172072, decode_start=90.987992, mixed=118.842942, prefill=109.415526",26dae1f99b2b50fb17118f38d8a8e95dfac3357c
Qwen/Qwen3-VL-32B-Instruct,Qwen3VLForConditionalGeneration,l40s,vllm,0.1.dev19262,FAIL,Strict-native op-level FPE probes: PERF_DATA_MISSING=16; raw probes=16; topologies=4; source_sha=26dae1f99b2b50fb17118f38d8a8e95dfac3357c. Representative failure: perf database error: perf database error: no GEMM rows loaded from 1 source(s) (first: <repo>/python/aisimulate/src/aiconfigurator_core/systems/data/l40s/vllm/0.1.dev19262/gemm_perf.parquet),"python python/aisimulate/tools/support_matrix/generate_fpe_support_matrix.py --model ""Qwen/Qwen3-VL-32B-Instruct"" --system ""l40s"" --backend ""vllm"" --backend-version ""0.1.dev19262"" --forward-model op_level --max-workers 8",,16,4,PERF_DATA_MISSING=16,,26dae1f99b2b50fb17118f38d8a8e95dfac3357c
Qwen/Qwen3-VL-32B-Instruct,Qwen3VLForConditionalGeneration,l40s,vllm,0.14.0,PASS,,"python python/aisimulate/tools/support_matrix/generate_fpe_support_matrix.py --model ""Qwen/Qwen3-VL-32B-Instruct"" --system ""l40s"" --backend ""vllm"" --backend-version ""0.14.0"" --forward-model op_level --max-workers 8",silicon,16,4,PASS=16,"decode_end=23885.623664, decode_start=93.533100, mixed=113.783731, prefill=110.945504",26dae1f99b2b50fb17118f38d8a8e95dfac3357c
Qwen/Qwen3-VL-32B-Instruct,Qwen3VLForConditionalGeneration,l40s,vllm,0.22.0,PASS,,"python python/aisimulate/tools/support_matrix/generate_fpe_support_matrix.py --model ""Qwen/Qwen3-VL-32B-Instruct"" --system ""l40s"" --backend ""vllm"" --backend-version ""0.22.0"" --forward-model op_level --max-workers 8",silicon,16,4,PASS=16,"decode_end=24353.730120, decode_start=95.365520, mixed=118.003077, prefill=113.706128",26dae1f99b2b50fb17118f38d8a8e95dfac3357c
Qwen/Qwen3-VL-32B-Instruct,Qwen3VLForConditionalGeneration,l40s,vllm,0.24.0,PASS,,"python python/aisimulate/tools/support_matrix/generate_fpe_support_matrix.py --model ""Qwen/Qwen3-VL-32B-Instruct"" --system ""l40s"" --backend ""vllm"" --backend-version ""0.24.0"" --forward-model op_level --max-workers 8",silicon,16,4,PASS=16,"decode_end=23775.790714, decode_start=93.099091, mixed=118.703277, prefill=108.404243",26dae1f99b2b50fb17118f38d8a8e95dfac3357c
Qwen/Qwen3-VL-32B-Thinking,Qwen3VLForConditionalGeneration,l40s,sglang,0.5.10,PASS,,"python python/aisimulate/tools/support_matrix/generate_fpe_support_matrix.py --model ""Qwen/Qwen3-VL-32B-Thinking"" --system ""l40s"" --backend ""sglang"" --backend-version ""0.5.10"" --forward-model op_level --max-workers 8",silicon,40,10,"PASS=16, SDK_UNREPRESENTABLE=24","decode_end=23664.668011, decode_start=92.528160, mixed=118.643732, prefill=112.973115",26dae1f99b2b50fb17118f38d8a8e95dfac3357c
Qwen/Qwen3-VL-32B-Thinking,Qwen3VLForConditionalGeneration,l40s,sglang,0.5.12,PASS,,"python python/aisimulate/tools/support_matrix/generate_fpe_support_matrix.py --model ""Qwen/Qwen3-VL-32B-Thinking"" --system ""l40s"" --backend ""sglang"" --backend-version ""0.5.12"" --forward-model op_level --max-workers 8",silicon,40,10,"PASS=16, SDK_UNREPRESENTABLE=24","decode_end=23685.957836, decode_start=92.630125, mixed=123.872575, prefill=116.381932",26dae1f99b2b50fb17118f38d8a8e95dfac3357c
Qwen/Qwen3-VL-32B-Thinking,Qwen3VLForConditionalGeneration,l40s,sglang,0.5.14,PASS,,"python python/aisimulate/tools/support_matrix/generate_fpe_support_matrix.py --model ""Qwen/Qwen3-VL-32B-Thinking"" --system ""l40s"" --backend ""sglang"" --backend-version ""0.5.14"" --forward-model op_level --max-workers 8",silicon,40,10,"PASS=16, SDK_UNREPRESENTABLE=24","decode_end=23585.943954, decode_start=92.249663, mixed=124.368399, prefill=114.398721",26dae1f99b2b50fb17118f38d8a8e95dfac3357c
Qwen/Qwen3-VL-32B-Thinking,Qwen3VLForConditionalGeneration,l40s,sglang,0.5.16,PASS,,"python python/aisimulate/tools/support_matrix/generate_fpe_support_matrix.py --model ""Qwen/Qwen3-VL-32B-Thinking"" --system ""l40s"" --backend ""sglang"" --backend-version ""0.5.16"" --forward-model op_level --max-workers 8",silicon,40,10,"PASS=16, SDK_UNREPRESENTABLE=24","decode_end=23585.943954, decode_start=92.249663, mixed=124.368399, prefill=114.398721",26dae1f99b2b50fb17118f38d8a8e95dfac3357c
Qwen/Qwen3-VL-32B-Thinking,Qwen3VLForConditionalGeneration,l40s,sglang,0.5.9,PASS,,"python python/aisimulate/tools/support_matrix/generate_fpe_support_matrix.py --model ""Qwen/Qwen3-VL-32B-Thinking"" --system ""l40s"" --backend ""sglang"" --backend-version ""0.5.9"" --forward-model op_level --max-workers 8",silicon,40,10,"PASS=16, SDK_UNREPRESENTABLE=24","decode_end=23633.077837, decode_start=92.402964, mixed=115.290709, prefill=112.777644",26dae1f99b2b50fb17118f38d8a8e95dfac3357c
Qwen/Qwen3-VL-32B-Thinking,Qwen3VLForConditionalGeneration,l40s,trtllm,1.0.0,PASS,,"python python/aisimulate/tools/support_matrix/generate_fpe_support_matrix.py --model ""Qwen/Qwen3-VL-32B-Thinking"" --system ""l40s"" --backend ""trtllm"" --backend-version ""1.0.0"" --forward-model op_level --max-workers 8",silicon,16,4,PASS=16,"decode_end=23416.412149, decode_start=91.581191, mixed=112.766950, prefill=110.186306",26dae1f99b2b50fb17118f38d8a8e95dfac3357c
Qwen/Qwen3-VL-32B-Thinking,Qwen3VLForConditionalGeneration,l40s,trtllm,1.3.0rc15,PASS,,"python python/aisimulate/tools/support_matrix/generate_fpe_support_matrix.py --model ""Qwen/Qwen3-VL-32B-Thinking"" --system ""l40s"" --backend ""trtllm"" --backend-version ""1.3.0rc15"" --forward-model op_level --max-workers 8",silicon,16,4,PASS=16,"decode_end=23061.220129, decode_start=90.207251, mixed=116.402677, prefill=108.688863",26dae1f99b2b50fb17118f38d8a8e95dfac3357c
Qwen/Qwen3-VL-32B-Thinking,Qwen3VLForConditionalGeneration,l40s,trtllm,1.3.0rc20,PASS,,"python python/aisimulate/tools/support_matrix/generate_fpe_support_matrix.py --model ""Qwen/Qwen3-VL-32B-Thinking"" --system ""l40s"" --backend ""trtllm"" --backend-version ""1.3.0rc20"" --forward-model op_level --max-workers 8",silicon,16,4,PASS=16,"decode_end=23259.172072, decode_start=90.987992, mixed=118.842942, prefill=109.415526",26dae1f99b2b50fb17118f38d8a8e95dfac3357c
Qwen/Qwen3-VL-32B-Thinking,Qwen3VLForConditionalGeneration,l40s,trtllm,1.3.0rc23,PASS,,"python python/aisimulate/tools/support_matrix/generate_fpe_support_matrix.py --model ""Qwen/Qwen3-VL-32B-Thinking"" --system ""l40s"" --backend ""trtllm"" --backend-version ""1.3.0rc23"" --forward-model op_level --max-workers 8",silicon,16,4,PASS=16,"decode_end=23259.172072, decode_start=90.987992, mixed=118.842942, prefill=109.415526",26dae1f99b2b50fb17118f38d8a8e95dfac3357c
Qwen/Qwen3-VL-32B-Thinking,Qwen3VLForConditionalGeneration,l40s,vllm,0.1.dev19262,FAIL,Strict-native op-level FPE probes: PERF_DATA_MISSING=16; raw probes=16; topologies=4; source_sha=26dae1f99b2b50fb17118f38d8a8e95dfac3357c. Representative failure: perf database error: perf database error: no GEMM rows loaded from 1 source(s) (first: <repo>/python/aisimulate/src/aiconfigurator_core/systems/data/l40s/vllm/0.1.dev19262/gemm_perf.parquet),"python python/aisimulate/tools/support_matrix/generate_fpe_support_matrix.py --model ""Qwen/Qwen3-VL-32B-Thinking"" --system ""l40s"" --backend ""vllm"" --backend-version ""0.1.dev19262"" --forward-model op_level --max-workers 8",,16,4,PERF_DATA_MISSING=16,,26dae1f99b2b50fb17118f38d8a8e95dfac3357c
Qwen/Qwen3-VL-32B-Thinking,Qwen3VLForConditionalGeneration,l40s,vllm,0.14.0,PASS,,"python python/aisimulate/tools/support_matrix/generate_fpe_support_matrix.py --model ""Qwen/Qwen3-VL-32B-Thinking"" --system ""l40s"" --backend ""vllm"" --backend-version ""0.14.0"" --forward-model op_level --max-workers 8",silicon,16,4,PASS=16,"decode_end=23885.623664, decode_start=93.533100, mixed=113.783731, prefill=110.945504",26dae1f99b2b50fb17118f38d8a8e95dfac3357c
Qwen/Qwen3-VL-32B-Thinking,Qwen3VLForConditionalGeneration,l40s,vllm,0.22.0,PASS,,"python python/aisimulate/tools/support_matrix/generate_fpe_support_matrix.py --model ""Qwen/Qwen3-VL-32B-Thinking"" --system ""l40s"" --backend ""vllm"" --backend-version ""0.22.0"" --forward-model op_level --max-workers 8",silicon,16,4,PASS=16,"decode_end=24353.730120, decode_start=95.365520, mixed=118.003077, prefill=113.706128",26dae1f99b2b50fb17118f38d8a8e95dfac3357c
Qwen/Qwen3-VL-32B-Thinking,Qwen3VLForConditionalGeneration,l40s,vllm,0.24.0,PASS,,"python python/aisimulate/tools/support_matrix/generate_fpe_support_matrix.py --model ""Qwen/Qwen3-VL-32B-Thinking"" --system ""l40s"" --backend ""vllm"" --backend-version ""0.24.0"" --forward-model op_level --max-workers 8",silicon,16,4,PASS=16,"decode_end=23775.790714, decode_start=93.099091, mixed=118.703277, prefill=108.404243",26dae1f99b2b50fb17118f38d8a8e95dfac3357c
Qwen/Qwen3-VL-4B-Instruct,Qwen3VLForConditionalGeneration,l40s,sglang,0.5.10,PASS,,"python python/aisimulate/tools/support_matrix/generate_fpe_support_matrix.py --model ""Qwen/Qwen3-VL-4B-Instruct"" --system ""l40s"" --backend ""sglang"" --backend-version ""0.5.10"" --forward-model op_level --max-workers 8",silicon,24,6,"PASS=12, SDK_UNREPRESENTABLE=12","decode_end=3447.220842, decode_start=13.370380, mixed=17.486079, prefill=15.908787",26dae1f99b2b50fb17118f38d8a8e95dfac3357c
Qwen/Qwen3-VL-4B-Instruct,Qwen3VLForConditionalGeneration,l40s,sglang,0.5.12,PASS,,"python python/aisimulate/tools/support_matrix/generate_fpe_support_matrix.py --model ""Qwen/Qwen3-VL-4B-Instruct"" --system ""l40s"" --backend ""sglang"" --backend-version ""0.5.12"" --forward-model op_level --max-workers 8",silicon,24,6,"PASS=12, SDK_UNREPRESENTABLE=12","decode_end=3263.521270, decode_start=12.654415, mixed=16.798102, prefill=15.411504",26dae1f99b2b50fb17118f38d8a8e95dfac3357c
Qwen/Qwen3-VL-4B-Instruct,Qwen3VLForConditionalGeneration,l40s,sglang,0.5.14,PASS,,"python python/aisimulate/tools/support_matrix/generate_fpe_support_matrix.py --model ""Qwen/Qwen3-VL-4B-Instruct"" --system ""l40s"" --backend ""sglang"" --backend-version ""0.5.14"" --forward-model op_level --max-workers 8",silicon,24,6,"PASS=12, SDK_UNREPRESENTABLE=12","decode_end=3491.398939, decode_start=13.549152, mixed=17.292210, prefill=15.920435",26dae1f99b2b50fb17118f38d8a8e95dfac3357c
Qwen/Qwen3-VL-4B-Instruct,Qwen3VLForConditionalGeneration,l40s,sglang,0.5.16,PASS,,"python python/aisimulate/tools/support_matrix/generate_fpe_support_matrix.py --model ""Qwen/Qwen3-VL-4B-Instruct"" --system ""l40s"" --backend ""sglang"" --backend-version ""0.5.16"" --forward-model op_level --max-workers 8",silicon,24,6,"PASS=12, SDK_UNREPRESENTABLE=12","decode_end=3491.398939, decode_start=13.549152, mixed=17.292210, prefill=15.920435",26dae1f99b2b50fb17118f38d8a8e95dfac3357c
Qwen/Qwen3-VL-4B-Instruct,Qwen3VLForConditionalGeneration,l40s,sglang,0.5.9,PASS,,"python python/aisimulate/tools/support_matrix/generate_fpe_support_matrix.py --model ""Qwen/Qwen3-VL-4B-Instruct"" --system ""l40s"" --backend ""sglang"" --backend-version ""0.5.9"" --forward-model op_level --max-workers 8",silicon,24,6,"PASS=12, SDK_UNREPRESENTABLE=12","decode_end=3298.599632, decode_start=12.782279, mixed=16.582755, prefill=15.411118",26dae1f99b2b50fb17118f38d8a8e95dfac3357c
Qwen/Qwen3-VL-4B-Instruct,Qwen3VLForConditionalGeneration,l40s,trtllm,1.0.0,PASS,,"python python/aisimulate/tools/support_matrix/generate_fpe_support_matrix.py --model ""Qwen/Qwen3-VL-4B-Instruct"" --system ""l40s"" --backend ""trtllm"" --backend-version ""1.0.0"" --forward-model op_level --max-workers 8",silicon,12,3,PASS=12,"decode_end=3276.464070, decode_start=12.711997, mixed=15.656138, prefill=14.800231",26dae1f99b2b50fb17118f38d8a8e95dfac3357c
Qwen/Qwen3-VL-4B-Instruct,Qwen3VLForConditionalGeneration,l40s,trtllm,1.3.0rc15,PASS,,"python python/aisimulate/tools/support_matrix/generate_fpe_support_matrix.py --model ""Qwen/Qwen3-VL-4B-Instruct"" --system ""l40s"" --backend ""trtllm"" --backend-version ""1.3.0rc15"" --forward-model op_level --max-workers 8",silicon,12,3,PASS=12,"decode_end=2987.335092, decode_start=11.580985, mixed=15.501658, prefill=14.143755",26dae1f99b2b50fb17118f38d8a8e95dfac3357c
Qwen/Qwen3-VL-4B-Instruct,Qwen3VLForConditionalGeneration,l40s,trtllm,1.3.0rc20,PASS,,"python python/aisimulate/tools/support_matrix/generate_fpe_support_matrix.py --model ""Qwen/Qwen3-VL-4B-Instruct"" --system ""l40s"" --backend ""trtllm"" --backend-version ""1.3.0rc20"" --forward-model op_level --max-workers 8",silicon,12,3,PASS=12,"decode_end=3002.156819, decode_start=11.646737, mixed=15.540045, prefill=14.199595",26dae1f99b2b50fb17118f38d8a8e95dfac3357c
Qwen/Qwen3-VL-4B-Instruct,Qwen3VLForConditionalGeneration,l40s,trtllm,1.3.0rc23,PASS,,"python python/aisimulate/tools/support_matrix/generate_fpe_support_matrix.py --model ""Qwen/Qwen3-VL-4B-Instruct"" --system ""l40s"" --backend ""trtllm"" --backend-version ""1.3.0rc23"" --forward-model op_level --max-workers 8",silicon,12,3,PASS=12,"decode_end=3002.156819, decode_start=11.646737, mixed=15.540045, prefill=14.199595",26dae1f99b2b50fb17118f38d8a8e95dfac3357c
Qwen/Qwen3-VL-4B-Instruct,Qwen3VLForConditionalGeneration,l40s,vllm,0.1.dev19262,FAIL,Strict-native op-level FPE probes: PERF_DATA_MISSING=12; raw probes=12; topologies=3; source_sha=26dae1f99b2b50fb17118f38d8a8e95dfac3357c. Representative failure: perf database error: perf database error: no GEMM rows loaded from 1 source(s) (first: <repo>/python/aisimulate/src/aiconfigurator_core/systems/data/l40s/vllm/0.1.dev19262/gemm_perf.parquet),"python python/aisimulate/tools/support_matrix/generate_fpe_support_matrix.py --model ""Qwen/Qwen3-VL-4B-Instruct"" --system ""l40s"" --backend ""vllm"" --backend-version ""0.1.dev19262"" --forward-model op_level --max-workers 8",,12,3,PERF_DATA_MISSING=12,,26dae1f99b2b50fb17118f38d8a8e95dfac3357c
Qwen/Qwen3-VL-4B-Instruct,Qwen3VLForConditionalGeneration,l40s,vllm,0.14.0,PASS,,"python python/aisimulate/tools/support_matrix/generate_fpe_support_matrix.py --model ""Qwen/Qwen3-VL-4B-Instruct"" --system ""l40s"" --backend ""vllm"" --backend-version ""0.14.0"" --forward-model op_level --max-workers 8",silicon,12,3,PASS=12,"decode_end=3377.361778, decode_start=13.168398, mixed=15.536056, prefill=14.646414",26dae1f99b2b50fb17118f38d8a8e95dfac3357c
Qwen/Qwen3-VL-4B-Instruct,Qwen3VLForConditionalGeneration,l40s,vllm,0.22.0,PASS,,"python python/aisimulate/tools/support_matrix/generate_fpe_support_matrix.py --model ""Qwen/Qwen3-VL-4B-Instruct"" --system ""l40s"" --backend ""vllm"" --backend-version ""0.22.0"" --forward-model op_level --max-workers 8",silicon,12,3,PASS=12,"decode_end=3422.891391, decode_start=13.341899, mixed=16.584842, prefill=15.314579",26dae1f99b2b50fb17118f38d8a8e95dfac3357c
Qwen/Qwen3-VL-4B-Instruct,Qwen3VLForConditionalGeneration,l40s,vllm,0.24.0,PASS,,"python python/aisimulate/tools/support_matrix/generate_fpe_support_matrix.py --model ""Qwen/Qwen3-VL-4B-Instruct"" --system ""l40s"" --backend ""vllm"" --backend-version ""0.24.0"" --forward-model op_level --max-workers 8",silicon,12,3,PASS=12,"decode_end=3212.494439, decode_start=12.516813, mixed=15.998680, prefill=15.145058",26dae1f99b2b50fb17118f38d8a8e95dfac3357c
Qwen/Qwen3-VL-8B-Instruct,Qwen3VLForConditionalGeneration,l40s,sglang,0.5.10,PASS,,"python python/aisimulate/tools/support_matrix/generate_fpe_support_matrix.py --model ""Qwen/Qwen3-VL-8B-Instruct"" --system ""l40s"" --backend ""sglang"" --backend-version ""0.5.10"" --forward-model op_level --max-workers 8",silicon,24,6,"PASS=12, SDK_UNREPRESENTABLE=12","decode_end=5992.337029, decode_start=23.351228, mixed=29.418122, prefill=28.598993",26dae1f99b2b50fb17118f38d8a8e95dfac3357c
Qwen/Qwen3-VL-8B-Instruct,Qwen3VLForConditionalGeneration,l40s,sglang,0.5.12,PASS,,"python python/aisimulate/tools/support_matrix/generate_fpe_support_matrix.py --model ""Qwen/Qwen3-VL-8B-Instruct"" --system ""l40s"" --backend ""sglang"" --backend-version ""0.5.12"" --forward-model op_level --max-workers 8",silicon,24,6,"PASS=12, SDK_UNREPRESENTABLE=12","decode_end=6080.271092, decode_start=23.700493, mixed=29.077480, prefill=28.655052",26dae1f99b2b50fb17118f38d8a8e95dfac3357c
Qwen/Qwen3-VL-8B-Instruct,Qwen3VLForConditionalGeneration,l40s,sglang,0.5.14,PASS,,"python python/aisimulate/tools/support_matrix/generate_fpe_support_matrix.py --model ""Qwen/Qwen3-VL-8B-Instruct"" --system ""l40s"" --backend ""sglang"" --backend-version ""0.5.14"" --forward-model op_level --max-workers 8",silicon,24,6,"PASS=12, SDK_UNREPRESENTABLE=12","decode_end=5976.298132, decode_start=23.293854, mixed=29.715993, prefill=28.990849",26dae1f99b2b50fb17118f38d8a8e95dfac3357c
Qwen/Qwen3-VL-8B-Instruct,Qwen3VLForConditionalGeneration,l40s,sglang,0.5.16,PASS,,"python python/aisimulate/tools/support_matrix/generate_fpe_support_matrix.py --model ""Qwen/Qwen3-VL-8B-Instruct"" --system ""l40s"" --backend ""sglang"" --backend-version ""0.5.16"" --forward-model op_level --max-workers 8",silicon,24,6,"PASS=12, SDK_UNREPRESENTABLE=12","decode_end=5976.298132, decode_start=23.293854, mixed=29.715993, prefill=28.990849",26dae1f99b2b50fb17118f38d8a8e95dfac3357c
Qwen/Qwen3-VL-8B-Instruct,Qwen3VLForConditionalGeneration,l40s,sglang,0.5.9,PASS,,"python python/aisimulate/tools/support_matrix/generate_fpe_support_matrix.py --model ""Qwen/Qwen3-VL-8B-Instruct"" --system ""l40s"" --backend ""sglang"" --backend-version ""0.5.9"" --forward-model op_level --max-workers 8",silicon,24,6,"PASS=12, SDK_UNREPRESENTABLE=12","decode_end=5946.930149, decode_start=23.167888, mixed=28.922454, prefill=27.853800",26dae1f99b2b50fb17118f38d8a8e95dfac3357c
Qwen/Qwen3-VL-8B-Instruct,Qwen3VLForConditionalGeneration,l40s,trtllm,1.0.0,PASS,,"python python/aisimulate/tools/support_matrix/generate_fpe_support_matrix.py --model ""Qwen/Qwen3-VL-8B-Instruct"" --system ""l40s"" --backend ""trtllm"" --backend-version ""1.0.0"" --forward-model op_level --max-workers 8",silicon,12,3,PASS=12,"decode_end=6161.163149, decode_start=24.024542, mixed=28.912995, prefill=28.059685",26dae1f99b2b50fb17118f38d8a8e95dfac3357c
Qwen/Qwen3-VL-8B-Instruct,Qwen3VLForConditionalGeneration,l40s,trtllm,1.3.0rc15,PASS,,"python python/aisimulate/tools/support_matrix/generate_fpe_support_matrix.py --model ""Qwen/Qwen3-VL-8B-Instruct"" --system ""l40s"" --backend ""trtllm"" --backend-version ""1.3.0rc15"" --forward-model op_level --max-workers 8",silicon,12,3,PASS=12,"decode_end=5146.691069, decode_start=20.049047, mixed=26.070489, prefill=24.993842",26dae1f99b2b50fb17118f38d8a8e95dfac3357c
Qwen/Qwen3-VL-8B-Instruct,Qwen3VLForConditionalGeneration,l40s,trtllm,1.3.0rc20,PASS,,"python python/aisimulate/tools/support_matrix/generate_fpe_support_matrix.py --model ""Qwen/Qwen3-VL-8B-Instruct"" --system ""l40s"" --backend ""trtllm"" --backend-version ""1.3.0rc20"" --forward-model op_level --max-workers 8",silicon,12,3,PASS=12,"decode_end=5152.582046, decode_start=20.079777, mixed=26.075887, prefill=25.299658",26dae1f99b2b50fb17118f38d8a8e95dfac3357c
Qwen/Qwen3-VL-8B-Instruct,Qwen3VLForConditionalGeneration,l40s,trtllm,1.3.0rc23,PASS,,"python python/aisimulate/tools/support_matrix/generate_fpe_support_matrix.py --model ""Qwen/Qwen3-VL-8B-Instruct"" --system ""l40s"" --backend ""trtllm"" --backend-version ""1.3.0rc23"" --forward-model op_level --max-workers 8",silicon,12,3,PASS=12,"decode_end=5152.582046, decode_start=20.079777, mixed=26.075887, prefill=25.299658",26dae1f99b2b50fb17118f38d8a8e95dfac3357c
Qwen/Qwen3-VL-8B-Instruct,Qwen3VLForConditionalGeneration,l40s,vllm,0.1.dev19262,FAIL,Strict-native op-level FPE probes: PERF_DATA_MISSING=12; raw probes=12; topologies=3; source_sha=26dae1f99b2b50fb17118f38d8a8e95dfac3357c. Representative failure: perf database error: perf database error: no GEMM rows loaded from 1 source(s) (first: <repo>/python/aisimulate/src/aiconfigurator_core/systems/data/l40s/vllm/0.1.dev19262/gemm_perf.parquet),"python python/aisimulate/tools/support_matrix/generate_fpe_support_matrix.py --model ""Qwen/Qwen3-VL-8B-Instruct"" --system ""l40s"" --backend ""vllm"" --backend-version ""0.1.dev19262"" --forward-model op_level --max-workers 8",,12,3,PERF_DATA_MISSING=12,,26dae1f99b2b50fb17118f38d8a8e95dfac3357c
Qwen/Qwen3-VL-8B-Instruct,Qwen3VLForConditionalGeneration,l40s,vllm,0.14.0,PASS,,"python python/aisimulate/tools/support_matrix/generate_fpe_support_matrix.py --model ""Qwen/Qwen3-VL-8B-Instruct"" --system ""l40s"" --backend ""vllm"" --backend-version ""0.14.0"" --forward-model op_level --max-workers 8",silicon,12,3,PASS=12,"decode_end=5940.636487, decode_start=23.220456, mixed=28.240620, prefill=27.243836",26dae1f99b2b50fb17118f38d8a8e95dfac3357c
Qwen/Qwen3-VL-8B-Instruct,Qwen3VLForConditionalGeneration,l40s,vllm,0.22.0,PASS,,"python python/aisimulate/tools/support_matrix/generate_fpe_support_matrix.py --model ""Qwen/Qwen3-VL-8B-Instruct"" --system ""l40s"" --backend ""vllm"" --backend-version ""0.22.0"" --forward-model op_level --max-workers 8",silicon,12,3,PASS=12,"decode_end=6409.744812, decode_start=25.055050, mixed=29.798361, prefill=28.015800",26dae1f99b2b50fb17118f38d8a8e95dfac3357c
Qwen/Qwen3-VL-8B-Instruct,Qwen3VLForConditionalGeneration,l40s,vllm,0.24.0,PASS,,"python python/aisimulate/tools/support_matrix/generate_fpe_support_matrix.py --model ""Qwen/Qwen3-VL-8B-Instruct"" --system ""l40s"" --backend ""vllm"" --backend-version ""0.24.0"" --forward-model op_level --max-workers 8",silicon,12,3,PASS=12,"decode_end=5902.771463, decode_start=23.066919, mixed=28.528089, prefill=28.143784",26dae1f99b2b50fb17118f38d8a8e95dfac3357c
Qwen/Qwen3.5-27B,Qwen3_5ForConditionalGeneration,l40s,sglang,0.5.10,FAIL,"Strict-native op-level FPE probes: PERF_DATA_MISSING=16; raw probes=16; topologies=4; source_sha=26dae1f99b2b50fb17118f38d8a8e95dfac3357c. Representative failure: perf database error: context attention data missing for ContextKey { fmha_quant: ""bfloat16"", kv_quant: ""bfloat16"", n_kv_lookup: 1, head_size: 256, window_size: 0 } at <repo>/python/aisimulate/src/aiconfigurator_core/systems/data/l40s/sglang/0.5.10","python python/aisimulate/tools/support_matrix/generate_fpe_support_matrix.py --model ""Qwen/Qwen3.5-27B"" --system ""l40s"" --backend ""sglang"" --backend-version ""0.5.10"" --forward-model op_level --max-workers 8",,16,4,PERF_DATA_MISSING=16,,26dae1f99b2b50fb17118f38d8a8e95dfac3357c
Qwen/Qwen3.5-27B,Qwen3_5ForConditionalGeneration,l40s,sglang,0.5.12,PASS,,"python python/aisimulate/tools/support_matrix/generate_fpe_support_matrix.py --model ""Qwen/Qwen3.5-27B"" --system ""l40s"" --backend ""sglang"" --backend-version ""0.5.12"" --forward-model op_level --max-workers 8",silicon,16,4,PASS=16,"decode_end=19479.918108, decode_start=76.339845, mixed=94.888994, prefill=90.710781",26dae1f99b2b50fb17118f38d8a8e95dfac3357c
Qwen/Qwen3.5-27B,Qwen3_5ForConditionalGeneration,l40s,sglang,0.5.14,PASS,,"python python/aisimulate/tools/support_matrix/generate_fpe_support_matrix.py --model ""Qwen/Qwen3.5-27B"" --system ""l40s"" --backend ""sglang"" --backend-version ""0.5.14"" --forward-model op_level --max-workers 8",silicon,16,4,PASS=16,"decode_end=19189.198799, decode_start=75.199770, mixed=95.592701, prefill=90.848168",26dae1f99b2b50fb17118f38d8a8e95dfac3357c
Qwen/Qwen3.5-27B,Qwen3_5ForConditionalGeneration,l40s,sglang,0.5.16,PASS,,"python python/aisimulate/tools/support_matrix/generate_fpe_support_matrix.py --model ""Qwen/Qwen3.5-27B"" --system ""l40s"" --backend ""sglang"" --backend-version ""0.5.16"" --forward-model op_level --max-workers 8",silicon,16,4,PASS=16,"decode_end=19189.198799, decode_start=75.199770, mixed=95.592701, prefill=90.848168",26dae1f99b2b50fb17118f38d8a8e95dfac3357c
Qwen/Qwen3.5-27B,Qwen3_5ForConditionalGeneration,l40s,sglang,0.5.9,FAIL,"Strict-native op-level FPE probes: PERF_DATA_MISSING=16; raw probes=16; topologies=4; source_sha=26dae1f99b2b50fb17118f38d8a8e95dfac3357c. Representative failure: perf database error: context attention data missing for ContextKey { fmha_quant: ""bfloat16"", kv_quant: ""bfloat16"", n_kv_lookup: 1, head_size: 256, window_size: 0 } at <repo>/python/aisimulate/src/aiconfigurator_core/systems/data/l40s/sglang/0.5.9","python python/aisimulate/tools/support_matrix/generate_fpe_support_matrix.py --model ""Qwen/Qwen3.5-27B"" --system ""l40s"" --backend ""sglang"" --backend-version ""0.5.9"" --forward-model op_level --max-workers 8",,16,4,PERF_DATA_MISSING=16,,26dae1f99b2b50fb17118f38d8a8e95dfac3357c
Qwen/Qwen3.5-27B,Qwen3_5ForConditionalGeneration,l40s,trtllm,1.0.0,FAIL,"Strict-native op-level FPE probes: PERF_DATA_MISSING=16; raw probes=16; topologies=4; source_sha=26dae1f99b2b50fb17118f38d8a8e95dfac3357c. Representative failure: perf database error: context attention data missing for ContextKey { fmha_quant: ""bfloat16"", kv_quant: ""bfloat16"", n_kv_lookup: 1, head_size: 256, window_size: 0 } at <repo>/python/aisimulate/src/aiconfigurator_core/systems/data/l40s/trtllm/1.0.0","python python/aisimulate/tools/support_matrix/generate_fpe_support_matrix.py --model ""Qwen/Qwen3.5-27B"" --system ""l40s"" --backend ""trtllm"" --backend-version ""1.0.0"" --forward-model op_level --max-workers 8",,16,4,PERF_DATA_MISSING=16,,26dae1f99b2b50fb17118f38d8a8e95dfac3357c
Qwen/Qwen3.5-27B,Qwen3_5ForConditionalGeneration,l40s,trtllm,1.3.0rc15,PASS,,"python python/aisimulate/tools/support_matrix/generate_fpe_support_matrix.py --model ""Qwen/Qwen3.5-27B"" --system ""l40s"" --backend ""trtllm"" --backend-version ""1.3.0rc15"" --forward-model op_level --max-workers 8",silicon,16,4,PASS=16,"decode_end=18979.980794, decode_start=74.391550, mixed=92.849608, prefill=88.638903",26dae1f99b2b50fb17118f38d8a8e95dfac3357c
Qwen/Qwen3.5-27B,Qwen3_5ForConditionalGeneration,l40s,trtllm,1.3.0rc20,PASS,,"python python/aisimulate/tools/support_matrix/generate_fpe_support_matrix.py --model ""Qwen/Qwen3.5-27B"" --system ""l40s"" --backend ""trtllm"" --backend-version ""1.3.0rc20"" --forward-model op_level --max-workers 8",silicon,16,4,PASS=16,"decode_end=19467.873068, decode_start=76.308197, mixed=92.504586, prefill=88.354832",26dae1f99b2b50fb17118f38d8a8e95dfac3357c
Qwen/Qwen3.5-27B,Qwen3_5ForConditionalGeneration,l40s,trtllm,1.3.0rc23,PASS,,"python python/aisimulate/tools/support_matrix/generate_fpe_support_matrix.py --model ""Qwen/Qwen3.5-27B"" --system ""l40s"" --backend ""trtllm"" --backend-version ""1.3.0rc23"" --forward-model op_level --max-workers 8",silicon,16,4,PASS=16,"decode_end=19467.873068, decode_start=76.308197, mixed=92.504586, prefill=88.354832",26dae1f99b2b50fb17118f38d8a8e95dfac3357c
Qwen/Qwen3.5-27B,Qwen3_5ForConditionalGeneration,l40s,vllm,0.1.dev19262,FAIL,Strict-native op-level FPE probes: PERF_DATA_MISSING=16; raw probes=16; topologies=4; source_sha=26dae1f99b2b50fb17118f38d8a8e95dfac3357c. Representative failure: perf database error: perf database error: no GEMM rows loaded from 1 source(s) (first: <repo>/python/aisimulate/src/aiconfigurator_core/systems/data/l40s/vllm/0.1.dev19262/gemm_perf.parquet),"python python/aisimulate/tools/support_matrix/generate_fpe_support_matrix.py --model ""Qwen/Qwen3.5-27B"" --system ""l40s"" --backend ""vllm"" --backend-version ""0.1.dev19262"" --forward-model op_level --max-workers 8",,16,4,PERF_DATA_MISSING=16,,26dae1f99b2b50fb17118f38d8a8e95dfac3357c
Qwen/Qwen3.5-27B,Qwen3_5ForConditionalGeneration,l40s,vllm,0.14.0,FAIL,"Strict-native op-level FPE probes: PERF_DATA_MISSING=16; raw probes=16; topologies=4; source_sha=26dae1f99b2b50fb17118f38d8a8e95dfac3357c. Representative failure: perf database error: context attention data missing for ContextKey { fmha_quant: ""bfloat16"", kv_quant: ""bfloat16"", n_kv_lookup: 1, head_size: 256, window_size: 0 } at <repo>/python/aisimulate/src/aiconfigurator_core/systems/data/l40s/vllm/0.14.0","python python/aisimulate/tools/support_matrix/generate_fpe_support_matrix.py --model ""Qwen/Qwen3.5-27B"" --system ""l40s"" --backend ""vllm"" --backend-version ""0.14.0"" --forward-model op_level --max-workers 8",,16,4,PERF_DATA_MISSING=16,,26dae1f99b2b50fb17118f38d8a8e95dfac3357c
Qwen/Qwen3.5-27B,Qwen3_5ForConditionalGeneration,l40s,vllm,0.22.0,PASS,,"python python/aisimulate/tools/support_matrix/generate_fpe_support_matrix.py --model ""Qwen/Qwen3.5-27B"" --system ""l40s"" --backend ""vllm"" --backend-version ""0.22.0"" --forward-model op_level --max-workers 8",silicon,16,4,PASS=16,"decode_end=19668.923625, decode_start=77.093931, mixed=93.306659, prefill=92.408324",26dae1f99b2b50fb17118f38d8a8e95dfac3357c
Qwen/Qwen3.5-27B,Qwen3_5ForConditionalGeneration,l40s,vllm,0.24.0,PASS,,"python python/aisimulate/tools/support_matrix/generate_fpe_support_matrix.py --model ""Qwen/Qwen3.5-27B"" --system ""l40s"" --backend ""vllm"" --backend-version ""0.24.0"" --forward-model op_level --max-workers 8",silicon,16,4,PASS=16,"decode_end=20043.414328, decode_start=78.562522, mixed=93.538537, prefill=89.859312",26dae1f99b2b50fb17118f38d8a8e95dfac3357c
Qwen/Qwen3.5-35B-A3B,Qwen3_5MoeForConditionalGeneration,l40s,sglang,0.5.10,FAIL,"Strict-native op-level FPE probes: PERF_DATA_MISSING=220; raw probes=220; topologies=55; source_sha=26dae1f99b2b50fb17118f38d8a8e95dfac3357c. Representative failure: perf database error: MoE data missing for MoeKey { quant: ""bfloat16"", distribution: ""power_law_1.2"", topk: 8, num_experts: 256, hidden_size: 2048, inter_size: 512, moe_tp_size: 1, moe_ep_size: 16 } at <repo>/python/aisimulate/src/aiconfigurator_core/systems/data/l40s/sglang/0.5.10","python python/aisimulate/tools/support_matrix/generate_fpe_support_matrix.py --model ""Qwen/Qwen3.5-35B-A3B"" --system ""l40s"" --backend ""sglang"" --backend-version ""0.5.10"" --forward-model op_level --max-workers 8",,220,55,PERF_DATA_MISSING=220,,26dae1f99b2b50fb17118f38d8a8e95dfac3357c
Qwen/Qwen3.5-35B-A3B,Qwen3_5MoeForConditionalGeneration,l40s,sglang,0.5.12,PASS,,"python python/aisimulate/tools/support_matrix/generate_fpe_support_matrix.py --model ""Qwen/Qwen3.5-35B-A3B"" --system ""l40s"" --backend ""sglang"" --backend-version ""0.5.12"" --forward-model op_level --max-workers 8",silicon,220,55,PASS=220,"decode_end=7405.362379, decode_start=29.035730, mixed=86.283649, prefill=84.982835",26dae1f99b2b50fb17118f38d8a8e95dfac3357c
Qwen/Qwen3.5-35B-A3B,Qwen3_5MoeForConditionalGeneration,l40s,sglang,0.5.14,PASS,,"python python/aisimulate/tools/support_matrix/generate_fpe_support_matrix.py --model ""Qwen/Qwen3.5-35B-A3B"" --system ""l40s"" --backend ""sglang"" --backend-version ""0.5.14"" --forward-model op_level --max-workers 8",silicon,220,55,PASS=220,"decode_end=7302.071314, decode_start=28.630667, mixed=86.213482, prefill=85.190082",26dae1f99b2b50fb17118f38d8a8e95dfac3357c
Qwen/Qwen3.5-35B-A3B,Qwen3_5MoeForConditionalGeneration,l40s,sglang,0.5.16,PASS,,"python python/aisimulate/tools/support_matrix/generate_fpe_support_matrix.py --model ""Qwen/Qwen3.5-35B-A3B"" --system ""l40s"" --backend ""sglang"" --backend-version ""0.5.16"" --forward-model op_level --max-workers 8",silicon,220,55,PASS=220,"decode_end=7302.071314, decode_start=28.630667, mixed=86.213482, prefill=85.190082",26dae1f99b2b50fb17118f38d8a8e95dfac3357c
Qwen/Qwen3.5-35B-A3B,Qwen3_5MoeForConditionalGeneration,l40s,sglang,0.5.9,FAIL,"Strict-native op-level FPE probes: PERF_DATA_MISSING=220; raw probes=220; topologies=55; source_sha=26dae1f99b2b50fb17118f38d8a8e95dfac3357c. Representative failure: perf database error: MoE data missing for MoeKey { quant: ""bfloat16"", distribution: ""power_law_1.2"", topk: 8, num_experts: 256, hidden_size: 2048, inter_size: 512, moe_tp_size: 1, moe_ep_size: 1 } at <repo>/python/aisimulate/src/aiconfigurator_core/systems/data/l40s/sglang/0.5.9","python python/aisimulate/tools/support_matrix/generate_fpe_support_matrix.py --model ""Qwen/Qwen3.5-35B-A3B"" --system ""l40s"" --backend ""sglang"" --backend-version ""0.5.9"" --forward-model op_level --max-workers 8",,220,55,PERF_DATA_MISSING=220,,26dae1f99b2b50fb17118f38d8a8e95dfac3357c
Qwen/Qwen3.5-35B-A3B,Qwen3_5MoeForConditionalGeneration,l40s,trtllm,1.0.0,FAIL,"Strict-native op-level FPE probes: PERF_DATA_MISSING=116; raw probes=116; topologies=29; source_sha=26dae1f99b2b50fb17118f38d8a8e95dfac3357c. Representative failure: perf database error: MoE data missing for MoeKey { quant: ""bfloat16"", distribution: ""power_law_1.2"", topk: 8, num_experts: 256, hidden_size: 2048, inter_size: 512, moe_tp_size: 1, moe_ep_size: 16 } at <repo>/python/aisimulate/src/aiconfigurator_core/systems/data/l40s/trtllm/1.0.0","python python/aisimulate/tools/support_matrix/generate_fpe_support_matrix.py --model ""Qwen/Qwen3.5-35B-A3B"" --system ""l40s"" --backend ""trtllm"" --backend-version ""1.0.0"" --forward-model op_level --max-workers 8",,116,29,PERF_DATA_MISSING=116,,26dae1f99b2b50fb17118f38d8a8e95dfac3357c
Qwen/Qwen3.5-35B-A3B,Qwen3_5MoeForConditionalGeneration,l40s,trtllm,1.3.0rc15,PASS,,"python python/aisimulate/tools/support_matrix/generate_fpe_support_matrix.py --model ""Qwen/Qwen3.5-35B-A3B"" --system ""l40s"" --backend ""trtllm"" --backend-version ""1.3.0rc15"" --forward-model op_level --max-workers 8",silicon,116,29,PASS=116,"decode_end=7185.367594, decode_start=28.203623, mixed=84.900917, prefill=84.090756",26dae1f99b2b50fb17118f38d8a8e95dfac3357c
Qwen/Qwen3.5-35B-A3B,Qwen3_5MoeForConditionalGeneration,l40s,trtllm,1.3.0rc20,PASS,,"python python/aisimulate/tools/support_matrix/generate_fpe_support_matrix.py --model ""Qwen/Qwen3.5-35B-A3B"" --system ""l40s"" --backend ""trtllm"" --backend-version ""1.3.0rc20"" --forward-model op_level --max-workers 8",silicon,116,29,PASS=116,"decode_end=7239.642674, decode_start=28.417141, mixed=85.483410, prefill=83.810289",26dae1f99b2b50fb17118f38d8a8e95dfac3357c
Qwen/Qwen3.5-35B-A3B,Qwen3_5MoeForConditionalGeneration,l40s,trtllm,1.3.0rc23,PASS,,"python python/aisimulate/tools/support_matrix/generate_fpe_support_matrix.py --model ""Qwen/Qwen3.5-35B-A3B"" --system ""l40s"" --backend ""trtllm"" --backend-version ""1.3.0rc23"" --forward-model op_level --max-workers 8",silicon,116,29,PASS=116,"decode_end=7239.642674, decode_start=28.417141, mixed=85.483410, prefill=83.810289",26dae1f99b2b50fb17118f38d8a8e95dfac3357c
Qwen/Qwen3.5-35B-A3B,Qwen3_5MoeForConditionalGeneration,l40s,vllm,0.1.dev19262,FAIL,Strict-native op-level FPE probes: PERF_DATA_MISSING=116; raw probes=116; topologies=29; source_sha=26dae1f99b2b50fb17118f38d8a8e95dfac3357c. Representative failure: perf database error: perf database error: no GEMM rows loaded from 1 source(s) (first: <repo>/python/aisimulate/src/aiconfigurator_core/systems/data/l40s/vllm/0.1.dev19262/gemm_perf.parquet),"python python/aisimulate/tools/support_matrix/generate_fpe_support_matrix.py --model ""Qwen/Qwen3.5-35B-A3B"" --system ""l40s"" --backend ""vllm"" --backend-version ""0.1.dev19262"" --forward-model op_level --max-workers 8",,116,29,PERF_DATA_MISSING=116,,26dae1f99b2b50fb17118f38d8a8e95dfac3357c
Qwen/Qwen3.5-35B-A3B,Qwen3_5MoeForConditionalGeneration,l40s,vllm,0.14.0,FAIL,"Strict-native op-level FPE probes: PERF_DATA_MISSING=116; raw probes=116; topologies=29; source_sha=26dae1f99b2b50fb17118f38d8a8e95dfac3357c. Representative failure: perf database error: MoE data missing for MoeKey { quant: ""bfloat16"", distribution: ""power_law_1.2"", topk: 8, num_experts: 256, hidden_size: 2048, inter_size: 512, moe_tp_size: 1, moe_ep_size: 1 } at <repo>/python/aisimulate/src/aiconfigurator_core/systems/data/l40s/vllm/0.14.0","python python/aisimulate/tools/support_matrix/generate_fpe_support_matrix.py --model ""Qwen/Qwen3.5-35B-A3B"" --system ""l40s"" --backend ""vllm"" --backend-version ""0.14.0"" --forward-model op_level --max-workers 8",,116,29,PERF_DATA_MISSING=116,,26dae1f99b2b50fb17118f38d8a8e95dfac3357c
Qwen/Qwen3.5-35B-A3B,Qwen3_5MoeForConditionalGeneration,l40s,vllm,0.22.0,PASS,,"python python/aisimulate/tools/support_matrix/generate_fpe_support_matrix.py --model ""Qwen/Qwen3.5-35B-A3B"" --system ""l40s"" --backend ""vllm"" --backend-version ""0.22.0"" --forward-model op_level --max-workers 8",silicon,116,29,PASS=116,"decode_end=6983.756187, decode_start=27.381627, mixed=89.887050, prefill=89.136440",26dae1f99b2b50fb17118f38d8a8e95dfac3357c
Qwen/Qwen3.5-35B-A3B,Qwen3_5MoeForConditionalGeneration,l40s,vllm,0.24.0,PASS,,"python python/aisimulate/tools/support_matrix/generate_fpe_support_matrix.py --model ""Qwen/Qwen3.5-35B-A3B"" --system ""l40s"" --backend ""vllm"" --backend-version ""0.24.0"" --forward-model op_level --max-workers 8",silicon,116,29,PASS=116,"decode_end=7166.356854, decode_start=28.097708, mixed=91.197048, prefill=91.033602",26dae1f99b2b50fb17118f38d8a8e95dfac3357c
Qwen/Qwen3.5-397B-A17B,Qwen3_5MoeForConditionalGeneration,l40s,sglang,0.5.10,FAIL,"Strict-native op-level FPE probes: PERF_DATA_MISSING=220; raw probes=220; topologies=55; source_sha=26dae1f99b2b50fb17118f38d8a8e95dfac3357c. Representative failure: perf database error: context attention data missing for ContextKey { fmha_quant: ""bfloat16"", kv_quant: ""bfloat16"", n_kv_lookup: 1, head_size: 256, window_size: 0 } at <repo>/python/aisimulate/src/aiconfigurator_core/systems/data/l40s/sglang/0.5.10","python python/aisimulate/tools/support_matrix/generate_fpe_support_matrix.py --model ""Qwen/Qwen3.5-397B-A17B"" --system ""l40s"" --backend ""sglang"" --backend-version ""0.5.10"" --forward-model op_level --max-workers 8",,220,55,PERF_DATA_MISSING=220,,26dae1f99b2b50fb17118f38d8a8e95dfac3357c
Qwen/Qwen3.5-397B-A17B,Qwen3_5MoeForConditionalGeneration,l40s,sglang,0.5.12,PASS,,"python python/aisimulate/tools/support_matrix/generate_fpe_support_matrix.py --model ""Qwen/Qwen3.5-397B-A17B"" --system ""l40s"" --backend ""sglang"" --backend-version ""0.5.12"" --forward-model op_level --max-workers 8",silicon,220,55,PASS=220,"decode_end=54084.791268, decode_start=212.090072, mixed=847.986075, prefill=840.462061",26dae1f99b2b50fb17118f38d8a8e95dfac3357c
Qwen/Qwen3.5-397B-A17B,Qwen3_5MoeForConditionalGeneration,l40s,sglang,0.5.14,PASS,,"python python/aisimulate/tools/support_matrix/generate_fpe_support_matrix.py --model ""Qwen/Qwen3.5-397B-A17B"" --system ""l40s"" --backend ""sglang"" --backend-version ""0.5.14"" --forward-model op_level --max-workers 8",silicon,220,55,PASS=220,"decode_end=53843.521054, decode_start=211.143914, mixed=849.272543, prefill=840.774042",26dae1f99b2b50fb17118f38d8a8e95dfac3357c
Qwen/Qwen3.5-397B-A17B,Qwen3_5MoeForConditionalGeneration,l40s,sglang,0.5.16,PASS,,"python python/aisimulate/tools/support_matrix/generate_fpe_support_matrix.py --model ""Qwen/Qwen3.5-397B-A17B"" --system ""l40s"" --backend ""sglang"" --backend-version ""0.5.16"" --forward-model op_level --max-workers 8",silicon,220,55,PASS=220,"decode_end=53843.521054, decode_start=211.143914, mixed=849.272543, prefill=840.774042",26dae1f99b2b50fb17118f38d8a8e95dfac3357c
Qwen/Qwen3.5-397B-A17B,Qwen3_5MoeForConditionalGeneration,l40s,sglang,0.5.9,FAIL,"Strict-native op-level FPE probes: PERF_DATA_MISSING=220; raw probes=220; topologies=55; source_sha=26dae1f99b2b50fb17118f38d8a8e95dfac3357c. Representative failure: perf database error: MoE data missing for MoeKey { quant: ""bfloat16"", distribution: ""power_law_1.2"", topk: 10, num_experts: 512, hidden_size: 4096, inter_size: 1024, moe_tp_size: 1, moe_ep_size: 1 } at <repo>/python/aisimulate/src/aiconfigurator_core/systems/data/l40s/sglang/0.5.9","python python/aisimulate/tools/support_matrix/generate_fpe_support_matrix.py --model ""Qwen/Qwen3.5-397B-A17B"" --system ""l40s"" --backend ""sglang"" --backend-version ""0.5.9"" --forward-model op_level --max-workers 8",,220,55,PERF_DATA_MISSING=220,,26dae1f99b2b50fb17118f38d8a8e95dfac3357c
Qwen/Qwen3.5-397B-A17B,Qwen3_5MoeForConditionalGeneration,l40s,trtllm,1.0.0,FAIL,"Strict-native op-level FPE probes: PERF_DATA_MISSING=116; raw probes=116; topologies=29; source_sha=26dae1f99b2b50fb17118f38d8a8e95dfac3357c. Representative failure: perf database error: MoE data missing for MoeKey { quant: ""bfloat16"", distribution: ""power_law_1.2"", topk: 10, num_experts: 512, hidden_size: 4096, inter_size: 1024, moe_tp_size: 1, moe_ep_size: 1 } at <repo>/python/aisimulate/src/aiconfigurator_core/systems/data/l40s/trtllm/1.0.0","python python/aisimulate/tools/support_matrix/generate_fpe_support_matrix.py --model ""Qwen/Qwen3.5-397B-A17B"" --system ""l40s"" --backend ""trtllm"" --backend-version ""1.0.0"" --forward-model op_level --max-workers 8",,116,29,PERF_DATA_MISSING=116,,26dae1f99b2b50fb17118f38d8a8e95dfac3357c
Qwen/Qwen3.5-397B-A17B,Qwen3_5MoeForConditionalGeneration,l40s,trtllm,1.3.0rc15,PASS,,"python python/aisimulate/tools/support_matrix/generate_fpe_support_matrix.py --model ""Qwen/Qwen3.5-397B-A17B"" --system ""l40s"" --backend ""trtllm"" --backend-version ""1.3.0rc15"" --forward-model op_level --max-workers 8",silicon,116,29,PASS=116,"decode_end=50914.867315, decode_start=199.674834, mixed=816.399676, prefill=805.127511",26dae1f99b2b50fb17118f38d8a8e95dfac3357c
Qwen/Qwen3.5-397B-A17B,Qwen3_5MoeForConditionalGeneration,l40s,trtllm,1.3.0rc20,PASS,,"python python/aisimulate/tools/support_matrix/generate_fpe_support_matrix.py --model ""Qwen/Qwen3.5-397B-A17B"" --system ""l40s"" --backend ""trtllm"" --backend-version ""1.3.0rc20"" --forward-model op_level --max-workers 8",silicon,116,29,PASS=116,"decode_end=50889.139560, decode_start=199.575313, mixed=816.174114, prefill=806.491389",26dae1f99b2b50fb17118f38d8a8e95dfac3357c
Qwen/Qwen3.5-397B-A17B,Qwen3_5MoeForConditionalGeneration,l40s,trtllm,1.3.0rc23,PASS,,"python python/aisimulate/tools/support_matrix/generate_fpe_support_matrix.py --model ""Qwen/Qwen3.5-397B-A17B"" --system ""l40s"" --backend ""trtllm"" --backend-version ""1.3.0rc23"" --forward-model op_level --max-workers 8",silicon,116,29,PASS=116,"decode_end=50889.139560, decode_start=199.575313, mixed=816.174114, prefill=806.491389",26dae1f99b2b50fb17118f38d8a8e95dfac3357c
Qwen/Qwen3.5-397B-A17B,Qwen3_5MoeForConditionalGeneration,l40s,vllm,0.1.dev19262,FAIL,Strict-native op-level FPE probes: PERF_DATA_MISSING=116; raw probes=116; topologies=29; source_sha=26dae1f99b2b50fb17118f38d8a8e95dfac3357c. Representative failure: perf database error: perf database error: no GEMM rows loaded from 1 source(s) (first: <repo>/python/aisimulate/src/aiconfigurator_core/systems/data/l40s/vllm/0.1.dev19262/gemm_perf.parquet),"python python/aisimulate/tools/support_matrix/generate_fpe_support_matrix.py --model ""Qwen/Qwen3.5-397B-A17B"" --system ""l40s"" --backend ""vllm"" --backend-version ""0.1.dev19262"" --forward-model op_level --max-workers 8",,116,29,PERF_DATA_MISSING=116,,26dae1f99b2b50fb17118f38d8a8e95dfac3357c
Qwen/Qwen3.5-397B-A17B,Qwen3_5MoeForConditionalGeneration,l40s,vllm,0.14.0,FAIL,"Strict-native op-level FPE probes: PERF_DATA_MISSING=116; raw probes=116; topologies=29; source_sha=26dae1f99b2b50fb17118f38d8a8e95dfac3357c. Representative failure: perf database error: MoE data missing for MoeKey { quant: ""bfloat16"", distribution: ""power_law_1.2"", topk: 10, num_experts: 512, hidden_size: 4096, inter_size: 1024, moe_tp_size: 1, moe_ep_size: 1 } at <repo>/python/aisimulate/src/aiconfigurator_core/systems/data/l40s/vllm/0.14.0","python python/aisimulate/tools/support_matrix/generate_fpe_support_matrix.py --model ""Qwen/Qwen3.5-397B-A17B"" --system ""l40s"" --backend ""vllm"" --backend-version ""0.14.0"" --forward-model op_level --max-workers 8",,116,29,PERF_DATA_MISSING=116,,26dae1f99b2b50fb17118f38d8a8e95dfac3357c
Qwen/Qwen3.5-397B-A17B,Qwen3_5MoeForConditionalGeneration,l40s,vllm,0.22.0,PASS,,"python python/aisimulate/tools/support_matrix/generate_fpe_support_matrix.py --model ""Qwen/Qwen3.5-397B-A17B"" --system ""l40s"" --backend ""vllm"" --backend-version ""0.22.0"" --forward-model op_level --max-workers 8",silicon,116,29,PASS=116,"decode_end=48890.839408, decode_start=191.719938, mixed=858.387417, prefill=849.545020",26dae1f99b2b50fb17118f38d8a8e95dfac3357c
Qwen/Qwen3.5-397B-A17B,Qwen3_5MoeForConditionalGeneration,l40s,vllm,0.24.0,PASS,,"python python/aisimulate/tools/support_matrix/generate_fpe_support_matrix.py --model ""Qwen/Qwen3.5-397B-A17B"" --system ""l40s"" --backend ""vllm"" --backend-version ""0.24.0"" --forward-model op_level --max-workers 8",silicon,116,29,PASS=116,"decode_end=48644.643511, decode_start=190.754464, mixed=875.428764, prefill=862.124306",26dae1f99b2b50fb17118f38d8a8e95dfac3357c
XiaomiMiMo/MiMo-7B-Base,MiMoForCausalLM,l40s,sglang,0.5.10,PASS,,"python python/aisimulate/tools/support_matrix/generate_fpe_support_matrix.py --model ""XiaomiMiMo/MiMo-7B-Base"" --system ""l40s"" --backend ""sglang"" --backend-version ""0.5.10"" --forward-model op_level --max-workers 8",silicon,24,6,"PASS=12, SDK_UNREPRESENTABLE=12","decode_end=5483.263931, decode_start=21.354863, mixed=27.224678, prefill=25.765745",26dae1f99b2b50fb17118f38d8a8e95dfac3357c
XiaomiMiMo/MiMo-7B-Base,MiMoForCausalLM,l40s,sglang,0.5.12,PASS,,"python python/aisimulate/tools/support_matrix/generate_fpe_support_matrix.py --model ""XiaomiMiMo/MiMo-7B-Base"" --system ""l40s"" --backend ""sglang"" --backend-version ""0.5.12"" --forward-model op_level --max-workers 8",silicon,24,6,"PASS=12, SDK_UNREPRESENTABLE=12","decode_end=5544.976943, decode_start=21.601300, mixed=26.824693, prefill=25.822336",26dae1f99b2b50fb17118f38d8a8e95dfac3357c
XiaomiMiMo/MiMo-7B-Base,MiMoForCausalLM,l40s,sglang,0.5.14,PASS,,"python python/aisimulate/tools/support_matrix/generate_fpe_support_matrix.py --model ""XiaomiMiMo/MiMo-7B-Base"" --system ""l40s"" --backend ""sglang"" --backend-version ""0.5.14"" --forward-model op_level --max-workers 8",silicon,24,6,"PASS=12, SDK_UNREPRESENTABLE=12","decode_end=5460.955816, decode_start=21.272904, mixed=27.426498, prefill=26.223167",26dae1f99b2b50fb17118f38d8a8e95dfac3357c
XiaomiMiMo/MiMo-7B-Base,MiMoForCausalLM,l40s,sglang,0.5.16,PASS,,"python python/aisimulate/tools/support_matrix/generate_fpe_support_matrix.py --model ""XiaomiMiMo/MiMo-7B-Base"" --system ""l40s"" --backend ""sglang"" --backend-version ""0.5.16"" --forward-model op_level --max-workers 8",silicon,24,6,"PASS=12, SDK_UNREPRESENTABLE=12","decode_end=5460.955816, decode_start=21.272904, mixed=27.426498, prefill=26.223167",26dae1f99b2b50fb17118f38d8a8e95dfac3357c
XiaomiMiMo/MiMo-7B-Base,MiMoForCausalLM,l40s,sglang,0.5.9,PASS,,"python python/aisimulate/tools/support_matrix/generate_fpe_support_matrix.py --model ""XiaomiMiMo/MiMo-7B-Base"" --system ""l40s"" --backend ""sglang"" --backend-version ""0.5.9"" --forward-model op_level --max-workers 8",silicon,24,6,"PASS=12, SDK_UNREPRESENTABLE=12","decode_end=5433.101508, decode_start=21.152874, mixed=26.887081, prefill=25.823423",26dae1f99b2b50fb17118f38d8a8e95dfac3357c
XiaomiMiMo/MiMo-7B-Base,MiMoForCausalLM,l40s,trtllm,1.0.0,PASS,,"python python/aisimulate/tools/support_matrix/generate_fpe_support_matrix.py --model ""XiaomiMiMo/MiMo-7B-Base"" --system ""l40s"" --backend ""trtllm"" --backend-version ""1.0.0"" --forward-model op_level --max-workers 8",silicon,12,3,PASS=12,"decode_end=5624.392236, decode_start=21.919558, mixed=26.510108, prefill=25.645314",26dae1f99b2b50fb17118f38d8a8e95dfac3357c
XiaomiMiMo/MiMo-7B-Base,MiMoForCausalLM,l40s,trtllm,1.3.0rc15,PASS,,"python python/aisimulate/tools/support_matrix/generate_fpe_support_matrix.py --model ""XiaomiMiMo/MiMo-7B-Base"" --system ""l40s"" --backend ""trtllm"" --backend-version ""1.3.0rc15"" --forward-model op_level --max-workers 8",silicon,12,3,PASS=12,"decode_end=4954.825440, decode_start=19.296633, mixed=24.429068, prefill=23.051049",26dae1f99b2b50fb17118f38d8a8e95dfac3357c
XiaomiMiMo/MiMo-7B-Base,MiMoForCausalLM,l40s,trtllm,1.3.0rc20,PASS,,"python python/aisimulate/tools/support_matrix/generate_fpe_support_matrix.py --model ""XiaomiMiMo/MiMo-7B-Base"" --system ""l40s"" --backend ""trtllm"" --backend-version ""1.3.0rc20"" --forward-model op_level --max-workers 8",silicon,12,3,PASS=12,"decode_end=4959.402142, decode_start=19.322209, mixed=24.650002, prefill=23.219046",26dae1f99b2b50fb17118f38d8a8e95dfac3357c
XiaomiMiMo/MiMo-7B-Base,MiMoForCausalLM,l40s,trtllm,1.3.0rc23,PASS,,"python python/aisimulate/tools/support_matrix/generate_fpe_support_matrix.py --model ""XiaomiMiMo/MiMo-7B-Base"" --system ""l40s"" --backend ""trtllm"" --backend-version ""1.3.0rc23"" --forward-model op_level --max-workers 8",silicon,12,3,PASS=12,"decode_end=4959.402142, decode_start=19.322209, mixed=24.650002, prefill=23.219046",26dae1f99b2b50fb17118f38d8a8e95dfac3357c
XiaomiMiMo/MiMo-7B-Base,MiMoForCausalLM,l40s,vllm,0.1.dev19262,FAIL,Strict-native op-level FPE probes: PERF_DATA_MISSING=12; raw probes=12; topologies=3; source_sha=26dae1f99b2b50fb17118f38d8a8e95dfac3357c. Representative failure: perf database error: perf database error: no GEMM rows loaded from 1 source(s) (first: <repo>/python/aisimulate/src/aiconfigurator_core/systems/data/l40s/vllm/0.1.dev19262/gemm_perf.parquet),"python python/aisimulate/tools/support_matrix/generate_fpe_support_matrix.py --model ""XiaomiMiMo/MiMo-7B-Base"" --system ""l40s"" --backend ""vllm"" --backend-version ""0.1.dev19262"" --forward-model op_level --max-workers 8",,12,3,PERF_DATA_MISSING=12,,26dae1f99b2b50fb17118f38d8a8e95dfac3357c
XiaomiMiMo/MiMo-7B-Base,MiMoForCausalLM,l40s,vllm,0.14.0,PASS,,"python python/aisimulate/tools/support_matrix/generate_fpe_support_matrix.py --model ""XiaomiMiMo/MiMo-7B-Base"" --system ""l40s"" --backend ""vllm"" --backend-version ""0.14.0"" --forward-model op_level --max-workers 8",silicon,12,3,PASS=12,"decode_end=5522.141814, decode_start=21.579300, mixed=25.936154, prefill=24.954540",26dae1f99b2b50fb17118f38d8a8e95dfac3357c
XiaomiMiMo/MiMo-7B-Base,MiMoForCausalLM,l40s,vllm,0.22.0,PASS,,"python python/aisimulate/tools/support_matrix/generate_fpe_support_matrix.py --model ""XiaomiMiMo/MiMo-7B-Base"" --system ""l40s"" --backend ""vllm"" --backend-version ""0.22.0"" --forward-model op_level --max-workers 8",silicon,12,3,PASS=12,"decode_end=5736.166708, decode_start=22.413567, mixed=26.976977, prefill=25.633681",26dae1f99b2b50fb17118f38d8a8e95dfac3357c
XiaomiMiMo/MiMo-7B-Base,MiMoForCausalLM,l40s,vllm,0.24.0,PASS,,"python python/aisimulate/tools/support_matrix/generate_fpe_support_matrix.py --model ""XiaomiMiMo/MiMo-7B-Base"" --system ""l40s"" --backend ""vllm"" --backend-version ""0.24.0"" --forward-model op_level --max-workers 8",silicon,12,3,PASS=12,"decode_end=5405.304125, decode_start=21.116067, mixed=26.519483, prefill=25.666641",26dae1f99b2b50fb17118f38d8a8e95dfac3357c
XiaomiMiMo/MiMo-V2-Flash,MiMoV2FlashForCausalLM,l40s,sglang,0.5.10,FAIL,"Strict-native op-level FPE probes: PERF_DATA_MISSING=220, SDK_UNREPRESENTABLE=320; raw probes=540; topologies=135; source_sha=26dae1f99b2b50fb17118f38d8a8e95dfac3357c. Representative failure: perf database error: GEMM perf data missing for quant 'fp8_block' at <repo>/python/aisimulate/src/aiconfigurator_core/systems/data/l40s/sglang/0.5.10; available: [""bfloat16"", ""fp8""]","python python/aisimulate/tools/support_matrix/generate_fpe_support_matrix.py --model ""XiaomiMiMo/MiMo-V2-Flash"" --system ""l40s"" --backend ""sglang"" --backend-version ""0.5.10"" --forward-model op_level --max-workers 8",,540,135,"PERF_DATA_MISSING=220, SDK_UNREPRESENTABLE=320",,26dae1f99b2b50fb17118f38d8a8e95dfac3357c
XiaomiMiMo/MiMo-V2-Flash,MiMoV2FlashForCausalLM,l40s,sglang,0.5.12,FAIL,"Strict-native op-level FPE probes: PERF_DATA_MISSING=220, SDK_UNREPRESENTABLE=320; raw probes=540; topologies=135; source_sha=26dae1f99b2b50fb17118f38d8a8e95dfac3357c. Representative failure: perf database error: GEMM perf data missing for quant 'fp8_block' at <repo>/python/aisimulate/src/aiconfigurator_core/systems/data/l40s/sglang/0.5.12; available: [""bfloat16"", ""fp8"", ""fp8_static""]","python python/aisimulate/tools/support_matrix/generate_fpe_support_matrix.py --model ""XiaomiMiMo/MiMo-V2-Flash"" --system ""l40s"" --backend ""sglang"" --backend-version ""0.5.12"" --forward-model op_level --max-workers 8",,540,135,"PERF_DATA_MISSING=220, SDK_UNREPRESENTABLE=320",,26dae1f99b2b50fb17118f38d8a8e95dfac3357c
XiaomiMiMo/MiMo-V2-Flash,MiMoV2FlashForCausalLM,l40s,sglang,0.5.14,FAIL,"Strict-native op-level FPE probes: PERF_DATA_MISSING=220, SDK_UNREPRESENTABLE=320; raw probes=540; topologies=135; source_sha=26dae1f99b2b50fb17118f38d8a8e95dfac3357c. Representative failure: perf database error: GEMM perf data missing for quant 'fp8_block' at <repo>/python/aisimulate/src/aiconfigurator_core/systems/data/l40s/sglang/0.5.14; available: [""bfloat16"", ""fp8"", ""fp8_static""]","python python/aisimulate/tools/support_matrix/generate_fpe_support_matrix.py --model ""XiaomiMiMo/MiMo-V2-Flash"" --system ""l40s"" --backend ""sglang"" --backend-version ""0.5.14"" --forward-model op_level --max-workers 8",,540,135,"PERF_DATA_MISSING=220, SDK_UNREPRESENTABLE=320",,26dae1f99b2b50fb17118f38d8a8e95dfac3357c
XiaomiMiMo/MiMo-V2-Flash,MiMoV2FlashForCausalLM,l40s,sglang,0.5.16,FAIL,"Strict-native op-level FPE probes: PERF_DATA_MISSING=220, SDK_UNREPRESENTABLE=320; raw probes=540; topologies=135; source_sha=26dae1f99b2b50fb17118f38d8a8e95dfac3357c. Representative failure: perf database error: GEMM perf data missing for quant 'fp8_block' at <repo>/python/aisimulate/src/aiconfigurator_core/systems/data/l40s/sglang/0.5.16; available: [""bfloat16"", ""fp8"", ""fp8_static""]","python python/aisimulate/tools/support_matrix/generate_fpe_support_matrix.py --model ""XiaomiMiMo/MiMo-V2-Flash"" --system ""l40s"" --backend ""sglang"" --backend-version ""0.5.16"" --forward-model op_level --max-workers 8",,540,135,"PERF_DATA_MISSING=220, SDK_UNREPRESENTABLE=320",,26dae1f99b2b50fb17118f38d8a8e95dfac3357c
XiaomiMiMo/MiMo-V2-Flash,MiMoV2FlashForCausalLM,l40s,sglang,0.5.9,FAIL,"Strict-native op-level FPE probes: PERF_DATA_MISSING=220, SDK_UNREPRESENTABLE=320; raw probes=540; topologies=135; source_sha=26dae1f99b2b50fb17118f38d8a8e95dfac3357c. Representative failure: perf database error: GEMM perf data missing for quant 'fp8_block' at <repo>/python/aisimulate/src/aiconfigurator_core/systems/data/l40s/sglang/0.5.9; available: [""bfloat16"", ""fp8""]","python python/aisimulate/tools/support_matrix/generate_fpe_support_matrix.py --model ""XiaomiMiMo/MiMo-V2-Flash"" --system ""l40s"" --backend ""sglang"" --backend-version ""0.5.9"" --forward-model op_level --max-workers 8",,540,135,"PERF_DATA_MISSING=220, SDK_UNREPRESENTABLE=320",,26dae1f99b2b50fb17118f38d8a8e95dfac3357c
XiaomiMiMo/MiMo-V2-Flash,MiMoV2FlashForCausalLM,l40s,trtllm,1.0.0,FAIL,"Strict-native op-level FPE probes: PERF_DATA_MISSING=116; raw probes=116; topologies=29; source_sha=26dae1f99b2b50fb17118f38d8a8e95dfac3357c. Representative failure: perf database error: MoE data missing for MoeKey { quant: ""fp8_block"", distribution: ""uniform"", topk: 8, num_experts: 256, hidden_size: 4096, inter_size: 2048, moe_tp_size: 1, moe_ep_size: 1 } at <repo>/python/aisimulate/src/aiconfigurator_core/systems/data/l40s/trtllm/1.0.0","python python/aisimulate/tools/support_matrix/generate_fpe_support_matrix.py --model ""XiaomiMiMo/MiMo-V2-Flash"" --system ""l40s"" --backend ""trtllm"" --backend-version ""1.0.0"" --forward-model op_level --max-workers 8",,116,29,PERF_DATA_MISSING=116,,26dae1f99b2b50fb17118f38d8a8e95dfac3357c
XiaomiMiMo/MiMo-V2-Flash,MiMoV2FlashForCausalLM,l40s,trtllm,1.3.0rc15,FAIL,"Strict-native op-level FPE probes: PERF_DATA_MISSING=116; raw probes=116; topologies=29; source_sha=26dae1f99b2b50fb17118f38d8a8e95dfac3357c. Representative failure: perf database error: MoE data missing for MoeKey { quant: ""fp8_block"", distribution: ""uniform"", topk: 8, num_experts: 256, hidden_size: 4096, inter_size: 2048, moe_tp_size: 1, moe_ep_size: 1 } at <repo>/python/aisimulate/src/aiconfigurator_core/systems/data/l40s/trtllm/1.3.0rc15","python python/aisimulate/tools/support_matrix/generate_fpe_support_matrix.py --model ""XiaomiMiMo/MiMo-V2-Flash"" --system ""l40s"" --backend ""trtllm"" --backend-version ""1.3.0rc15"" --forward-model op_level --max-workers 8",,116,29,PERF_DATA_MISSING=116,,26dae1f99b2b50fb17118f38d8a8e95dfac3357c
XiaomiMiMo/MiMo-V2-Flash,MiMoV2FlashForCausalLM,l40s,trtllm,1.3.0rc20,FAIL,"Strict-native op-level FPE probes: PERF_DATA_MISSING=116; raw probes=116; topologies=29; source_sha=26dae1f99b2b50fb17118f38d8a8e95dfac3357c. Representative failure: perf database error: MoE data missing for MoeKey { quant: ""fp8_block"", distribution: ""uniform"", topk: 8, num_experts: 256, hidden_size: 4096, inter_size: 2048, moe_tp_size: 1, moe_ep_size: 1 } at <repo>/python/aisimulate/src/aiconfigurator_core/systems/data/l40s/trtllm/1.3.0rc20","python python/aisimulate/tools/support_matrix/generate_fpe_support_matrix.py --model ""XiaomiMiMo/MiMo-V2-Flash"" --system ""l40s"" --backend ""trtllm"" --backend-version ""1.3.0rc20"" --forward-model op_level --max-workers 8",,116,29,PERF_DATA_MISSING=116,,26dae1f99b2b50fb17118f38d8a8e95dfac3357c
XiaomiMiMo/MiMo-V2-Flash,MiMoV2FlashForCausalLM,l40s,trtllm,1.3.0rc23,FAIL,"Strict-native op-level FPE probes: PERF_DATA_MISSING=116; raw probes=116; topologies=29; source_sha=26dae1f99b2b50fb17118f38d8a8e95dfac3357c. Representative failure: perf database error: MoE data missing for MoeKey { quant: ""fp8_block"", distribution: ""uniform"", topk: 8, num_experts: 256, hidden_size: 4096, inter_size: 2048, moe_tp_size: 1, moe_ep_size: 1 } at <repo>/python/aisimulate/src/aiconfigurator_core/systems/data/l40s/trtllm/1.3.0rc23","python python/aisimulate/tools/support_matrix/generate_fpe_support_matrix.py --model ""XiaomiMiMo/MiMo-V2-Flash"" --system ""l40s"" --backend ""trtllm"" --backend-version ""1.3.0rc23"" --forward-model op_level --max-workers 8",,116,29,PERF_DATA_MISSING=116,,26dae1f99b2b50fb17118f38d8a8e95dfac3357c
XiaomiMiMo/MiMo-V2-Flash,MiMoV2FlashForCausalLM,l40s,vllm,0.1.dev19262,FAIL,Strict-native op-level FPE probes: PERF_DATA_MISSING=116; raw probes=116; topologies=29; source_sha=26dae1f99b2b50fb17118f38d8a8e95dfac3357c. Representative failure: perf database error: perf database error: no GEMM rows loaded from 1 source(s) (first: <repo>/python/aisimulate/src/aiconfigurator_core/systems/data/l40s/vllm/0.1.dev19262/gemm_perf.parquet),"python python/aisimulate/tools/support_matrix/generate_fpe_support_matrix.py --model ""XiaomiMiMo/MiMo-V2-Flash"" --system ""l40s"" --backend ""vllm"" --backend-version ""0.1.dev19262"" --forward-model op_level --max-workers 8",,116,29,PERF_DATA_MISSING=116,,26dae1f99b2b50fb17118f38d8a8e95dfac3357c
XiaomiMiMo/MiMo-V2-Flash,MiMoV2FlashForCausalLM,l40s,vllm,0.14.0,FAIL,"Strict-native op-level FPE probes: PERF_DATA_MISSING=116; raw probes=116; topologies=29; source_sha=26dae1f99b2b50fb17118f38d8a8e95dfac3357c. Representative failure: perf database error: GEMM perf data missing for quant 'fp8_block' at <repo>/python/aisimulate/src/aiconfigurator_core/systems/data/l40s/vllm/0.14.0; available: [""bfloat16"", ""fp8""]","python python/aisimulate/tools/support_matrix/generate_fpe_support_matrix.py --model ""XiaomiMiMo/MiMo-V2-Flash"" --system ""l40s"" --backend ""vllm"" --backend-version ""0.14.0"" --forward-model op_level --max-workers 8",,116,29,PERF_DATA_MISSING=116,,26dae1f99b2b50fb17118f38d8a8e95dfac3357c
XiaomiMiMo/MiMo-V2-Flash,MiMoV2FlashForCausalLM,l40s,vllm,0.22.0,PASS,,"python python/aisimulate/tools/support_matrix/generate_fpe_support_matrix.py --model ""XiaomiMiMo/MiMo-V2-Flash"" --system ""l40s"" --backend ""vllm"" --backend-version ""0.22.0"" --forward-model op_level --max-workers 8",silicon,116,29,PASS=116,"decode_end=38120.687508, decode_start=149.415871, mixed=420.273498, prefill=417.808762",26dae1f99b2b50fb17118f38d8a8e95dfac3357c
XiaomiMiMo/MiMo-V2-Flash,MiMoV2FlashForCausalLM,l40s,vllm,0.24.0,PASS,,"python python/aisimulate/tools/support_matrix/generate_fpe_support_matrix.py --model ""XiaomiMiMo/MiMo-V2-Flash"" --system ""l40s"" --backend ""vllm"" --backend-version ""0.24.0"" --forward-model op_level --max-workers 8",silicon,116,29,PASS=116,"decode_end=38111.142138, decode_start=149.378438, mixed=420.411185, prefill=417.946924",26dae1f99b2b50fb17118f38d8a8e95dfac3357c
deepseek-ai/DeepSeek-R1,DeepseekV3ForCausalLM,l40s,sglang,0.5.10,FAIL,"Strict-native op-level FPE probes: PERF_DATA_MISSING=220, SDK_UNREPRESENTABLE=320; raw probes=540; topologies=135; source_sha=26dae1f99b2b50fb17118f38d8a8e95dfac3357c. Representative failure: perf database error: GEMM perf data missing for quant 'fp8_block' at <repo>/python/aisimulate/src/aiconfigurator_core/systems/data/l40s/sglang/0.5.10; available: [""bfloat16"", ""fp8""]","python python/aisimulate/tools/support_matrix/generate_fpe_support_matrix.py --model ""deepseek-ai/DeepSeek-R1"" --system ""l40s"" --backend ""sglang"" --backend-version ""0.5.10"" --forward-model op_level --max-workers 8",,540,135,"PERF_DATA_MISSING=220, SDK_UNREPRESENTABLE=320",,26dae1f99b2b50fb17118f38d8a8e95dfac3357c
deepseek-ai/DeepSeek-R1,DeepseekV3ForCausalLM,l40s,sglang,0.5.12,FAIL,"Strict-native op-level FPE probes: PERF_DATA_MISSING=220, SDK_UNREPRESENTABLE=320; raw probes=540; topologies=135; source_sha=26dae1f99b2b50fb17118f38d8a8e95dfac3357c. Representative failure: perf database error: GEMM perf data missing for quant 'fp8_block' at <repo>/python/aisimulate/src/aiconfigurator_core/systems/data/l40s/sglang/0.5.12; available: [""bfloat16"", ""fp8"", ""fp8_static""]","python python/aisimulate/tools/support_matrix/generate_fpe_support_matrix.py --model ""deepseek-ai/DeepSeek-R1"" --system ""l40s"" --backend ""sglang"" --backend-version ""0.5.12"" --forward-model op_level --max-workers 8",,540,135,"PERF_DATA_MISSING=220, SDK_UNREPRESENTABLE=320",,26dae1f99b2b50fb17118f38d8a8e95dfac3357c
deepseek-ai/DeepSeek-R1,DeepseekV3ForCausalLM,l40s,sglang,0.5.14,FAIL,"Strict-native op-level FPE probes: PERF_DATA_MISSING=220, SDK_UNREPRESENTABLE=320; raw probes=540; topologies=135; source_sha=26dae1f99b2b50fb17118f38d8a8e95dfac3357c. Representative failure: perf database error: GEMM perf data missing for quant 'fp8_block' at <repo>/python/aisimulate/src/aiconfigurator_core/systems/data/l40s/sglang/0.5.14; available: [""bfloat16"", ""fp8"", ""fp8_static""]","python python/aisimulate/tools/support_matrix/generate_fpe_support_matrix.py --model ""deepseek-ai/DeepSeek-R1"" --system ""l40s"" --backend ""sglang"" --backend-version ""0.5.14"" --forward-model op_level --max-workers 8",,540,135,"PERF_DATA_MISSING=220, SDK_UNREPRESENTABLE=320",,26dae1f99b2b50fb17118f38d8a8e95dfac3357c
deepseek-ai/DeepSeek-R1,DeepseekV3ForCausalLM,l40s,sglang,0.5.16,FAIL,"Strict-native op-level FPE probes: PERF_DATA_MISSING=220, SDK_UNREPRESENTABLE=320; raw probes=540; topologies=135; source_sha=26dae1f99b2b50fb17118f38d8a8e95dfac3357c. Representative failure: perf database error: GEMM perf data missing for quant 'fp8_block' at <repo>/python/aisimulate/src/aiconfigurator_core/systems/data/l40s/sglang/0.5.16; available: [""bfloat16"", ""fp8"", ""fp8_static""]","python python/aisimulate/tools/support_matrix/generate_fpe_support_matrix.py --model ""deepseek-ai/DeepSeek-R1"" --system ""l40s"" --backend ""sglang"" --backend-version ""0.5.16"" --forward-model op_level --max-workers 8",,540,135,"PERF_DATA_MISSING=220, SDK_UNREPRESENTABLE=320",,26dae1f99b2b50fb17118f38d8a8e95dfac3357c
deepseek-ai/DeepSeek-R1,DeepseekV3ForCausalLM,l40s,sglang,0.5.9,FAIL,"Strict-native op-level FPE probes: PERF_DATA_MISSING=220, SDK_UNREPRESENTABLE=320; raw probes=540; topologies=135; source_sha=26dae1f99b2b50fb17118f38d8a8e95dfac3357c. Representative failure: perf database error: GEMM perf data missing for quant 'fp8_block' at <repo>/python/aisimulate/src/aiconfigurator_core/systems/data/l40s/sglang/0.5.9; available: [""bfloat16"", ""fp8""]","python python/aisimulate/tools/support_matrix/generate_fpe_support_matrix.py --model ""deepseek-ai/DeepSeek-R1"" --system ""l40s"" --backend ""sglang"" --backend-version ""0.5.9"" --forward-model op_level --max-workers 8",,540,135,"PERF_DATA_MISSING=220, SDK_UNREPRESENTABLE=320",,26dae1f99b2b50fb17118f38d8a8e95dfac3357c
deepseek-ai/DeepSeek-R1,DeepseekV3ForCausalLM,l40s,trtllm,1.0.0,FAIL,"Strict-native op-level FPE probes: PERF_DATA_MISSING=116; raw probes=116; topologies=29; source_sha=26dae1f99b2b50fb17118f38d8a8e95dfac3357c. Representative failure: perf database error: MoE data missing for MoeKey { quant: ""fp8_block"", distribution: ""uniform"", topk: 8, num_experts: 256, hidden_size: 7168, inter_size: 2048, moe_tp_size: 1, moe_ep_size: 1 } at <repo>/python/aisimulate/src/aiconfigurator_core/systems/data/l40s/trtllm/1.0.0","python python/aisimulate/tools/support_matrix/generate_fpe_support_matrix.py --model ""deepseek-ai/DeepSeek-R1"" --system ""l40s"" --backend ""trtllm"" --backend-version ""1.0.0"" --forward-model op_level --max-workers 8",,116,29,PERF_DATA_MISSING=116,,26dae1f99b2b50fb17118f38d8a8e95dfac3357c
deepseek-ai/DeepSeek-R1,DeepseekV3ForCausalLM,l40s,trtllm,1.3.0rc15,FAIL,"Strict-native op-level FPE probes: PERF_DATA_MISSING=116; raw probes=116; topologies=29; source_sha=26dae1f99b2b50fb17118f38d8a8e95dfac3357c. Representative failure: perf database error: MoE data missing for MoeKey { quant: ""fp8_block"", distribution: ""uniform"", topk: 8, num_experts: 256, hidden_size: 7168, inter_size: 2048, moe_tp_size: 1, moe_ep_size: 1 } at <repo>/python/aisimulate/src/aiconfigurator_core/systems/data/l40s/trtllm/1.3.0rc15","python python/aisimulate/tools/support_matrix/generate_fpe_support_matrix.py --model ""deepseek-ai/DeepSeek-R1"" --system ""l40s"" --backend ""trtllm"" --backend-version ""1.3.0rc15"" --forward-model op_level --max-workers 8",,116,29,PERF_DATA_MISSING=116,,26dae1f99b2b50fb17118f38d8a8e95dfac3357c
deepseek-ai/DeepSeek-R1,DeepseekV3ForCausalLM,l40s,trtllm,1.3.0rc20,FAIL,"Strict-native op-level FPE probes: PERF_DATA_MISSING=116; raw probes=116; topologies=29; source_sha=26dae1f99b2b50fb17118f38d8a8e95dfac3357c. Representative failure: perf database error: MoE data missing for MoeKey { quant: ""fp8_block"", distribution: ""uniform"", topk: 8, num_experts: 256, hidden_size: 7168, inter_size: 2048, moe_tp_size: 1, moe_ep_size: 1 } at <repo>/python/aisimulate/src/aiconfigurator_core/systems/data/l40s/trtllm/1.3.0rc20","python python/aisimulate/tools/support_matrix/generate_fpe_support_matrix.py --model ""deepseek-ai/DeepSeek-R1"" --system ""l40s"" --backend ""trtllm"" --backend-version ""1.3.0rc20"" --forward-model op_level --max-workers 8",,116,29,PERF_DATA_MISSING=116,,26dae1f99b2b50fb17118f38d8a8e95dfac3357c
deepseek-ai/DeepSeek-R1,DeepseekV3ForCausalLM,l40s,trtllm,1.3.0rc23,FAIL,"Strict-native op-level FPE probes: PERF_DATA_MISSING=116; raw probes=116; topologies=29; source_sha=26dae1f99b2b50fb17118f38d8a8e95dfac3357c. Representative failure: perf database error: MoE data missing for MoeKey { quant: ""fp8_block"", distribution: ""uniform"", topk: 8, num_experts: 256, hidden_size: 7168, inter_size: 2048, moe_tp_size: 1, moe_ep_size: 1 } at <repo>/python/aisimulate/src/aiconfigurator_core/systems/data/l40s/trtllm/1.3.0rc23","python python/aisimulate/tools/support_matrix/generate_fpe_support_matrix.py --model ""deepseek-ai/DeepSeek-R1"" --system ""l40s"" --backend ""trtllm"" --backend-version ""1.3.0rc23"" --forward-model op_level --max-workers 8",,116,29,PERF_DATA_MISSING=116,,26dae1f99b2b50fb17118f38d8a8e95dfac3357c
deepseek-ai/DeepSeek-R1,DeepseekV3ForCausalLM,l40s,vllm,0.1.dev19262,FAIL,Strict-native op-level FPE probes: PERF_DATA_MISSING=116; raw probes=116; topologies=29; source_sha=26dae1f99b2b50fb17118f38d8a8e95dfac3357c. Representative failure: perf database error: perf database error: no GEMM rows loaded from 1 source(s) (first: <repo>/python/aisimulate/src/aiconfigurator_core/systems/data/l40s/vllm/0.1.dev19262/gemm_perf.parquet),"python python/aisimulate/tools/support_matrix/generate_fpe_support_matrix.py --model ""deepseek-ai/DeepSeek-R1"" --system ""l40s"" --backend ""vllm"" --backend-version ""0.1.dev19262"" --forward-model op_level --max-workers 8",,116,29,PERF_DATA_MISSING=116,,26dae1f99b2b50fb17118f38d8a8e95dfac3357c
deepseek-ai/DeepSeek-R1,DeepseekV3ForCausalLM,l40s,vllm,0.14.0,FAIL,"Strict-native op-level FPE probes: PERF_DATA_MISSING=116; raw probes=116; topologies=29; source_sha=26dae1f99b2b50fb17118f38d8a8e95dfac3357c. Representative failure: perf database error: GEMM perf data missing for quant 'fp8_block' at <repo>/python/aisimulate/src/aiconfigurator_core/systems/data/l40s/vllm/0.14.0; available: [""bfloat16"", ""fp8""]","python python/aisimulate/tools/support_matrix/generate_fpe_support_matrix.py --model ""deepseek-ai/DeepSeek-R1"" --system ""l40s"" --backend ""vllm"" --backend-version ""0.14.0"" --forward-model op_level --max-workers 8",,116,29,PERF_DATA_MISSING=116,,26dae1f99b2b50fb17118f38d8a8e95dfac3357c
deepseek-ai/DeepSeek-R1,DeepseekV3ForCausalLM,l40s,vllm,0.22.0,PASS,,"python python/aisimulate/tools/support_matrix/generate_fpe_support_matrix.py --model ""deepseek-ai/DeepSeek-R1"" --system ""l40s"" --backend ""vllm"" --backend-version ""0.22.0"" --forward-model op_level --max-workers 8",silicon,116,29,PASS=116,"decode_end=84797.076660, decode_start=332.570551, mixed=896.534389, prefill=894.050493",26dae1f99b2b50fb17118f38d8a8e95dfac3357c
deepseek-ai/DeepSeek-R1,DeepseekV3ForCausalLM,l40s,vllm,0.24.0,PASS,,"python python/aisimulate/tools/support_matrix/generate_fpe_support_matrix.py --model ""deepseek-ai/DeepSeek-R1"" --system ""l40s"" --backend ""vllm"" --backend-version ""0.24.0"" --forward-model op_level --max-workers 8",silicon,116,29,PASS=116,"decode_end=84792.525067, decode_start=332.552701, mixed=896.572648, prefill=894.091646",26dae1f99b2b50fb17118f38d8a8e95dfac3357c
deepseek-ai/DeepSeek-V3,DeepseekV3ForCausalLM,l40s,sglang,0.5.10,FAIL,"Strict-native op-level FPE probes: PERF_DATA_MISSING=220, SDK_UNREPRESENTABLE=320; raw probes=540; topologies=135; source_sha=26dae1f99b2b50fb17118f38d8a8e95dfac3357c. Representative failure: perf database error: GEMM perf data missing for quant 'fp8_block' at <repo>/python/aisimulate/src/aiconfigurator_core/systems/data/l40s/sglang/0.5.10; available: [""bfloat16"", ""fp8""]","python python/aisimulate/tools/support_matrix/generate_fpe_support_matrix.py --model ""deepseek-ai/DeepSeek-V3"" --system ""l40s"" --backend ""sglang"" --backend-version ""0.5.10"" --forward-model op_level --max-workers 8",,540,135,"PERF_DATA_MISSING=220, SDK_UNREPRESENTABLE=320",,26dae1f99b2b50fb17118f38d8a8e95dfac3357c
deepseek-ai/DeepSeek-V3,DeepseekV3ForCausalLM,l40s,sglang,0.5.12,FAIL,"Strict-native op-level FPE probes: PERF_DATA_MISSING=220, SDK_UNREPRESENTABLE=320; raw probes=540; topologies=135; source_sha=26dae1f99b2b50fb17118f38d8a8e95dfac3357c. Representative failure: perf database error: GEMM perf data missing for quant 'fp8_block' at <repo>/python/aisimulate/src/aiconfigurator_core/systems/data/l40s/sglang/0.5.12; available: [""bfloat16"", ""fp8"", ""fp8_static""]","python python/aisimulate/tools/support_matrix/generate_fpe_support_matrix.py --model ""deepseek-ai/DeepSeek-V3"" --system ""l40s"" --backend ""sglang"" --backend-version ""0.5.12"" --forward-model op_level --max-workers 8",,540,135,"PERF_DATA_MISSING=220, SDK_UNREPRESENTABLE=320",,26dae1f99b2b50fb17118f38d8a8e95dfac3357c
deepseek-ai/DeepSeek-V3,DeepseekV3ForCausalLM,l40s,sglang,0.5.14,FAIL,"Strict-native op-level FPE probes: PERF_DATA_MISSING=220, SDK_UNREPRESENTABLE=320; raw probes=540; topologies=135; source_sha=26dae1f99b2b50fb17118f38d8a8e95dfac3357c. Representative failure: perf database error: GEMM perf data missing for quant 'fp8_block' at <repo>/python/aisimulate/src/aiconfigurator_core/systems/data/l40s/sglang/0.5.14; available: [""bfloat16"", ""fp8"", ""fp8_static""]","python python/aisimulate/tools/support_matrix/generate_fpe_support_matrix.py --model ""deepseek-ai/DeepSeek-V3"" --system ""l40s"" --backend ""sglang"" --backend-version ""0.5.14"" --forward-model op_level --max-workers 8",,540,135,"PERF_DATA_MISSING=220, SDK_UNREPRESENTABLE=320",,26dae1f99b2b50fb17118f38d8a8e95dfac3357c
deepseek-ai/DeepSeek-V3,DeepseekV3ForCausalLM,l40s,sglang,0.5.16,FAIL,"Strict-native op-level FPE probes: PERF_DATA_MISSING=220, SDK_UNREPRESENTABLE=320; raw probes=540; topologies=135; source_sha=26dae1f99b2b50fb17118f38d8a8e95dfac3357c. Representative failure: perf database error: GEMM perf data missing for quant 'fp8_block' at <repo>/python/aisimulate/src/aiconfigurator_core/systems/data/l40s/sglang/0.5.16; available: [""bfloat16"", ""fp8"", ""fp8_static""]","python python/aisimulate/tools/support_matrix/generate_fpe_support_matrix.py --model ""deepseek-ai/DeepSeek-V3"" --system ""l40s"" --backend ""sglang"" --backend-version ""0.5.16"" --forward-model op_level --max-workers 8",,540,135,"PERF_DATA_MISSING=220, SDK_UNREPRESENTABLE=320",,26dae1f99b2b50fb17118f38d8a8e95dfac3357c
deepseek-ai/DeepSeek-V3,DeepseekV3ForCausalLM,l40s,sglang,0.5.9,FAIL,"Strict-native op-level FPE probes: PERF_DATA_MISSING=220, SDK_UNREPRESENTABLE=320; raw probes=540; topologies=135; source_sha=26dae1f99b2b50fb17118f38d8a8e95dfac3357c. Representative failure: perf database error: GEMM perf data missing for quant 'fp8_block' at <repo>/python/aisimulate/src/aiconfigurator_core/systems/data/l40s/sglang/0.5.9; available: [""bfloat16"", ""fp8""]","python python/aisimulate/tools/support_matrix/generate_fpe_support_matrix.py --model ""deepseek-ai/DeepSeek-V3"" --system ""l40s"" --backend ""sglang"" --backend-version ""0.5.9"" --forward-model op_level --max-workers 8",,540,135,"PERF_DATA_MISSING=220, SDK_UNREPRESENTABLE=320",,26dae1f99b2b50fb17118f38d8a8e95dfac3357c
deepseek-ai/DeepSeek-V3,DeepseekV3ForCausalLM,l40s,trtllm,1.0.0,FAIL,"Strict-native op-level FPE probes: PERF_DATA_MISSING=116; raw probes=116; topologies=29; source_sha=26dae1f99b2b50fb17118f38d8a8e95dfac3357c. Representative failure: perf database error: MoE data missing for MoeKey { quant: ""fp8_block"", distribution: ""uniform"", topk: 8, num_experts: 256, hidden_size: 7168, inter_size: 2048, moe_tp_size: 1, moe_ep_size: 1 } at <repo>/python/aisimulate/src/aiconfigurator_core/systems/data/l40s/trtllm/1.0.0","python python/aisimulate/tools/support_matrix/generate_fpe_support_matrix.py --model ""deepseek-ai/DeepSeek-V3"" --system ""l40s"" --backend ""trtllm"" --backend-version ""1.0.0"" --forward-model op_level --max-workers 8",,116,29,PERF_DATA_MISSING=116,,26dae1f99b2b50fb17118f38d8a8e95dfac3357c
deepseek-ai/DeepSeek-V3,DeepseekV3ForCausalLM,l40s,trtllm,1.3.0rc15,FAIL,"Strict-native op-level FPE probes: PERF_DATA_MISSING=116; raw probes=116; topologies=29; source_sha=26dae1f99b2b50fb17118f38d8a8e95dfac3357c. Representative failure: perf database error: MoE data missing for MoeKey { quant: ""fp8_block"", distribution: ""uniform"", topk: 8, num_experts: 256, hidden_size: 7168, inter_size: 2048, moe_tp_size: 1, moe_ep_size: 1 } at <repo>/python/aisimulate/src/aiconfigurator_core/systems/data/l40s/trtllm/1.3.0rc15","python python/aisimulate/tools/support_matrix/generate_fpe_support_matrix.py --model ""deepseek-ai/DeepSeek-V3"" --system ""l40s"" --backend ""trtllm"" --backend-version ""1.3.0rc15"" --forward-model op_level --max-workers 8",,116,29,PERF_DATA_MISSING=116,,26dae1f99b2b50fb17118f38d8a8e95dfac3357c
deepseek-ai/DeepSeek-V3,DeepseekV3ForCausalLM,l40s,trtllm,1.3.0rc20,FAIL,"Strict-native op-level FPE probes: PERF_DATA_MISSING=116; raw probes=116; topologies=29; source_sha=26dae1f99b2b50fb17118f38d8a8e95dfac3357c. Representative failure: perf database error: MoE data missing for MoeKey { quant: ""fp8_block"", distribution: ""uniform"", topk: 8, num_experts: 256, hidden_size: 7168, inter_size: 2048, moe_tp_size: 1, moe_ep_size: 1 } at <repo>/python/aisimulate/src/aiconfigurator_core/systems/data/l40s/trtllm/1.3.0rc20","python python/aisimulate/tools/support_matrix/generate_fpe_support_matrix.py --model ""deepseek-ai/DeepSeek-V3"" --system ""l40s"" --backend ""trtllm"" --backend-version ""1.3.0rc20"" --forward-model op_level --max-workers 8",,116,29,PERF_DATA_MISSING=116,,26dae1f99b2b50fb17118f38d8a8e95dfac3357c
deepseek-ai/DeepSeek-V3,DeepseekV3ForCausalLM,l40s,trtllm,1.3.0rc23,FAIL,"Strict-native op-level FPE probes: PERF_DATA_MISSING=116; raw probes=116; topologies=29; source_sha=26dae1f99b2b50fb17118f38d8a8e95dfac3357c. Representative failure: perf database error: MoE data missing for MoeKey { quant: ""fp8_block"", distribution: ""uniform"", topk: 8, num_experts: 256, hidden_size: 7168, inter_size: 2048, moe_tp_size: 1, moe_ep_size: 1 } at <repo>/python/aisimulate/src/aiconfigurator_core/systems/data/l40s/trtllm/1.3.0rc23","python python/aisimulate/tools/support_matrix/generate_fpe_support_matrix.py --model ""deepseek-ai/DeepSeek-V3"" --system ""l40s"" --backend ""trtllm"" --backend-version ""1.3.0rc23"" --forward-model op_level --max-workers 8",,116,29,PERF_DATA_MISSING=116,,26dae1f99b2b50fb17118f38d8a8e95dfac3357c
deepseek-ai/DeepSeek-V3,DeepseekV3ForCausalLM,l40s,vllm,0.1.dev19262,FAIL,Strict-native op-level FPE probes: PERF_DATA_MISSING=116; raw probes=116; topologies=29; source_sha=26dae1f99b2b50fb17118f38d8a8e95dfac3357c. Representative failure: perf database error: perf database error: no GEMM rows loaded from 1 source(s) (first: <repo>/python/aisimulate/src/aiconfigurator_core/systems/data/l40s/vllm/0.1.dev19262/gemm_perf.parquet),"python python/aisimulate/tools/support_matrix/generate_fpe_support_matrix.py --model ""deepseek-ai/DeepSeek-V3"" --system ""l40s"" --backend ""vllm"" --backend-version ""0.1.dev19262"" --forward-model op_level --max-workers 8",,116,29,PERF_DATA_MISSING=116,,26dae1f99b2b50fb17118f38d8a8e95dfac3357c
deepseek-ai/DeepSeek-V3,DeepseekV3ForCausalLM,l40s,vllm,0.14.0,FAIL,"Strict-native op-level FPE probes: PERF_DATA_MISSING=116; raw probes=116; topologies=29; source_sha=26dae1f99b2b50fb17118f38d8a8e95dfac3357c. Representative failure: perf database error: GEMM perf data missing for quant 'fp8_block' at <repo>/python/aisimulate/src/aiconfigurator_core/systems/data/l40s/vllm/0.14.0; available: [""bfloat16"", ""fp8""]","python python/aisimulate/tools/support_matrix/generate_fpe_support_matrix.py --model ""deepseek-ai/DeepSeek-V3"" --system ""l40s"" --backend ""vllm"" --backend-version ""0.14.0"" --forward-model op_level --max-workers 8",,116,29,PERF_DATA_MISSING=116,,26dae1f99b2b50fb17118f38d8a8e95dfac3357c
deepseek-ai/DeepSeek-V3,DeepseekV3ForCausalLM,l40s,vllm,0.22.0,PASS,,"python python/aisimulate/tools/support_matrix/generate_fpe_support_matrix.py --model ""deepseek-ai/DeepSeek-V3"" --system ""l40s"" --backend ""vllm"" --backend-version ""0.22.0"" --forward-model op_level --max-workers 8",silicon,116,29,PASS=116,"decode_end=84797.076660, decode_start=332.570551, mixed=896.534389, prefill=894.050493",26dae1f99b2b50fb17118f38d8a8e95dfac3357c
deepseek-ai/DeepSeek-V3,DeepseekV3ForCausalLM,l40s,vllm,0.24.0,PASS,,"python python/aisimulate/tools/support_matrix/generate_fpe_support_matrix.py --model ""deepseek-ai/DeepSeek-V3"" --system ""l40s"" --backend ""vllm"" --backend-version ""0.24.0"" --forward-model op_level --max-workers 8",silicon,116,29,PASS=116,"decode_end=84792.525067, decode_start=332.552701, mixed=896.572648, prefill=894.091646",26dae1f99b2b50fb17118f38d8a8e95dfac3357c
deepseek-ai/DeepSeek-V3.2,DeepseekV32ForCausalLM,l40s,sglang,0.5.10,FAIL,"Strict-native op-level FPE probes: PERF_DATA_MISSING=220, SDK_UNREPRESENTABLE=320; raw probes=540; topologies=135; source_sha=26dae1f99b2b50fb17118f38d8a8e95dfac3357c. Representative failure: perf database error: GEMM perf data missing for quant 'fp8_block' at <repo>/python/aisimulate/src/aiconfigurator_core/systems/data/l40s/sglang/0.5.10; available: [""bfloat16"", ""fp8""]","python python/aisimulate/tools/support_matrix/generate_fpe_support_matrix.py --model ""deepseek-ai/DeepSeek-V3.2"" --system ""l40s"" --backend ""sglang"" --backend-version ""0.5.10"" --forward-model op_level --max-workers 8",,540,135,"PERF_DATA_MISSING=220, SDK_UNREPRESENTABLE=320",,26dae1f99b2b50fb17118f38d8a8e95dfac3357c
deepseek-ai/DeepSeek-V3.2,DeepseekV32ForCausalLM,l40s,sglang,0.5.12,FAIL,"Strict-native op-level FPE probes: PERF_DATA_MISSING=220, SDK_UNREPRESENTABLE=320; raw probes=540; topologies=135; source_sha=26dae1f99b2b50fb17118f38d8a8e95dfac3357c. Representative failure: perf database error: GEMM perf data missing for quant 'fp8_block' at <repo>/python/aisimulate/src/aiconfigurator_core/systems/data/l40s/sglang/0.5.12; available: [""bfloat16"", ""fp8"", ""fp8_static""]","python python/aisimulate/tools/support_matrix/generate_fpe_support_matrix.py --model ""deepseek-ai/DeepSeek-V3.2"" --system ""l40s"" --backend ""sglang"" --backend-version ""0.5.12"" --forward-model op_level --max-workers 8",,540,135,"PERF_DATA_MISSING=220, SDK_UNREPRESENTABLE=320",,26dae1f99b2b50fb17118f38d8a8e95dfac3357c
deepseek-ai/DeepSeek-V3.2,DeepseekV32ForCausalLM,l40s,sglang,0.5.14,FAIL,"Strict-native op-level FPE probes: PERF_DATA_MISSING=220, SDK_UNREPRESENTABLE=320; raw probes=540; topologies=135; source_sha=26dae1f99b2b50fb17118f38d8a8e95dfac3357c. Representative failure: perf database error: GEMM perf data missing for quant 'fp8_block' at <repo>/python/aisimulate/src/aiconfigurator_core/systems/data/l40s/sglang/0.5.14; available: [""bfloat16"", ""fp8"", ""fp8_static""]","python python/aisimulate/tools/support_matrix/generate_fpe_support_matrix.py --model ""deepseek-ai/DeepSeek-V3.2"" --system ""l40s"" --backend ""sglang"" --backend-version ""0.5.14"" --forward-model op_level --max-workers 8",,540,135,"PERF_DATA_MISSING=220, SDK_UNREPRESENTABLE=320",,26dae1f99b2b50fb17118f38d8a8e95dfac3357c
deepseek-ai/DeepSeek-V3.2,DeepseekV32ForCausalLM,l40s,sglang,0.5.16,FAIL,"Strict-native op-level FPE probes: PERF_DATA_MISSING=220, SDK_UNREPRESENTABLE=320; raw probes=540; topologies=135; source_sha=26dae1f99b2b50fb17118f38d8a8e95dfac3357c. Representative failure: perf database error: GEMM perf data missing for quant 'fp8_block' at <repo>/python/aisimulate/src/aiconfigurator_core/systems/data/l40s/sglang/0.5.16; available: [""bfloat16"", ""fp8"", ""fp8_static""]","python python/aisimulate/tools/support_matrix/generate_fpe_support_matrix.py --model ""deepseek-ai/DeepSeek-V3.2"" --system ""l40s"" --backend ""sglang"" --backend-version ""0.5.16"" --forward-model op_level --max-workers 8",,540,135,"PERF_DATA_MISSING=220, SDK_UNREPRESENTABLE=320",,26dae1f99b2b50fb17118f38d8a8e95dfac3357c
deepseek-ai/DeepSeek-V3.2,DeepseekV32ForCausalLM,l40s,sglang,0.5.9,FAIL,"Strict-native op-level FPE probes: PERF_DATA_MISSING=220, SDK_UNREPRESENTABLE=320; raw probes=540; topologies=135; source_sha=26dae1f99b2b50fb17118f38d8a8e95dfac3357c. Representative failure: perf database error: GEMM perf data missing for quant 'fp8_block' at <repo>/python/aisimulate/src/aiconfigurator_core/systems/data/l40s/sglang/0.5.9; available: [""bfloat16"", ""fp8""]","python python/aisimulate/tools/support_matrix/generate_fpe_support_matrix.py --model ""deepseek-ai/DeepSeek-V3.2"" --system ""l40s"" --backend ""sglang"" --backend-version ""0.5.9"" --forward-model op_level --max-workers 8",,540,135,"PERF_DATA_MISSING=220, SDK_UNREPRESENTABLE=320",,26dae1f99b2b50fb17118f38d8a8e95dfac3357c
deepseek-ai/DeepSeek-V3.2,DeepseekV32ForCausalLM,l40s,trtllm,1.0.0,FAIL,"Strict-native op-level FPE probes: PERF_DATA_MISSING=116; raw probes=116; topologies=29; source_sha=26dae1f99b2b50fb17118f38d8a8e95dfac3357c. Representative failure: perf database error: MoE data missing for MoeKey { quant: ""fp8_block"", distribution: ""uniform"", topk: 8, num_experts: 256, hidden_size: 7168, inter_size: 2048, moe_tp_size: 1, moe_ep_size: 1 } at <repo>/python/aisimulate/src/aiconfigurator_core/systems/data/l40s/trtllm/1.0.0","python python/aisimulate/tools/support_matrix/generate_fpe_support_matrix.py --model ""deepseek-ai/DeepSeek-V3.2"" --system ""l40s"" --backend ""trtllm"" --backend-version ""1.0.0"" --forward-model op_level --max-workers 8",,116,29,PERF_DATA_MISSING=116,,26dae1f99b2b50fb17118f38d8a8e95dfac3357c
deepseek-ai/DeepSeek-V3.2,DeepseekV32ForCausalLM,l40s,trtllm,1.3.0rc15,FAIL,"Strict-native op-level FPE probes: PERF_DATA_MISSING=116; raw probes=116; topologies=29; source_sha=26dae1f99b2b50fb17118f38d8a8e95dfac3357c. Representative failure: perf database error: MoE data missing for MoeKey { quant: ""fp8_block"", distribution: ""uniform"", topk: 8, num_experts: 256, hidden_size: 7168, inter_size: 2048, moe_tp_size: 1, moe_ep_size: 1 } at <repo>/python/aisimulate/src/aiconfigurator_core/systems/data/l40s/trtllm/1.3.0rc15","python python/aisimulate/tools/support_matrix/generate_fpe_support_matrix.py --model ""deepseek-ai/DeepSeek-V3.2"" --system ""l40s"" --backend ""trtllm"" --backend-version ""1.3.0rc15"" --forward-model op_level --max-workers 8",,116,29,PERF_DATA_MISSING=116,,26dae1f99b2b50fb17118f38d8a8e95dfac3357c
deepseek-ai/DeepSeek-V3.2,DeepseekV32ForCausalLM,l40s,trtllm,1.3.0rc20,FAIL,"Strict-native op-level FPE probes: PERF_DATA_MISSING=116; raw probes=116; topologies=29; source_sha=26dae1f99b2b50fb17118f38d8a8e95dfac3357c. Representative failure: perf database error: MoE data missing for MoeKey { quant: ""fp8_block"", distribution: ""uniform"", topk: 8, num_experts: 256, hidden_size: 7168, inter_size: 2048, moe_tp_size: 1, moe_ep_size: 1 } at <repo>/python/aisimulate/src/aiconfigurator_core/systems/data/l40s/trtllm/1.3.0rc20","python python/aisimulate/tools/support_matrix/generate_fpe_support_matrix.py --model ""deepseek-ai/DeepSeek-V3.2"" --system ""l40s"" --backend ""trtllm"" --backend-version ""1.3.0rc20"" --forward-model op_level --max-workers 8",,116,29,PERF_DATA_MISSING=116,,26dae1f99b2b50fb17118f38d8a8e95dfac3357c
deepseek-ai/DeepSeek-V3.2,DeepseekV32ForCausalLM,l40s,trtllm,1.3.0rc23,FAIL,"Strict-native op-level FPE probes: PERF_DATA_MISSING=116; raw probes=116; topologies=29; source_sha=26dae1f99b2b50fb17118f38d8a8e95dfac3357c. Representative failure: perf database error: MoE data missing for MoeKey { quant: ""fp8_block"", distribution: ""uniform"", topk: 8, num_experts: 256, hidden_size: 7168, inter_size: 2048, moe_tp_size: 1, moe_ep_size: 1 } at <repo>/python/aisimulate/src/aiconfigurator_core/systems/data/l40s/trtllm/1.3.0rc23","python python/aisimulate/tools/support_matrix/generate_fpe_support_matrix.py --model ""deepseek-ai/DeepSeek-V3.2"" --system ""l40s"" --backend ""trtllm"" --backend-version ""1.3.0rc23"" --forward-model op_level --max-workers 8",,116,29,PERF_DATA_MISSING=116,,26dae1f99b2b50fb17118f38d8a8e95dfac3357c
deepseek-ai/DeepSeek-V3.2,DeepseekV32ForCausalLM,l40s,vllm,0.1.dev19262,FAIL,Strict-native op-level FPE probes: PERF_DATA_MISSING=116; raw probes=116; topologies=29; source_sha=26dae1f99b2b50fb17118f38d8a8e95dfac3357c. Representative failure: perf database error: perf database error: no GEMM rows loaded from 1 source(s) (first: <repo>/python/aisimulate/src/aiconfigurator_core/systems/data/l40s/vllm/0.1.dev19262/gemm_perf.parquet),"python python/aisimulate/tools/support_matrix/generate_fpe_support_matrix.py --model ""deepseek-ai/DeepSeek-V3.2"" --system ""l40s"" --backend ""vllm"" --backend-version ""0.1.dev19262"" --forward-model op_level --max-workers 8",,116,29,PERF_DATA_MISSING=116,,26dae1f99b2b50fb17118f38d8a8e95dfac3357c
deepseek-ai/DeepSeek-V3.2,DeepseekV32ForCausalLM,l40s,vllm,0.14.0,FAIL,"Strict-native op-level FPE probes: PERF_DATA_MISSING=116; raw probes=116; topologies=29; source_sha=26dae1f99b2b50fb17118f38d8a8e95dfac3357c. Representative failure: perf database error: GEMM perf data missing for quant 'fp8_block' at <repo>/python/aisimulate/src/aiconfigurator_core/systems/data/l40s/vllm/0.14.0; available: [""bfloat16"", ""fp8""]","python python/aisimulate/tools/support_matrix/generate_fpe_support_matrix.py --model ""deepseek-ai/DeepSeek-V3.2"" --system ""l40s"" --backend ""vllm"" --backend-version ""0.14.0"" --forward-model op_level --max-workers 8",,116,29,PERF_DATA_MISSING=116,,26dae1f99b2b50fb17118f38d8a8e95dfac3357c
deepseek-ai/DeepSeek-V3.2,DeepseekV32ForCausalLM,l40s,vllm,0.22.0,FAIL,Strict-native op-level FPE probes: PERF_DATA_MISSING=116; raw probes=116; topologies=29; source_sha=26dae1f99b2b50fb17118f38d8a8e95dfac3357c. Representative failure: perf database error: perf database error: perf database error: no DSA module rows loaded from 1 source(s) (first: <repo>/python/aisimulate/src/aiconfigurator_core/systems/data/l40s/vllm/0.22.0/dsa_context_module_perf.parquet),"python python/aisimulate/tools/support_matrix/generate_fpe_support_matrix.py --model ""deepseek-ai/DeepSeek-V3.2"" --system ""l40s"" --backend ""vllm"" --backend-version ""0.22.0"" --forward-model op_level --max-workers 8",,116,29,PERF_DATA_MISSING=116,,26dae1f99b2b50fb17118f38d8a8e95dfac3357c
deepseek-ai/DeepSeek-V3.2,DeepseekV32ForCausalLM,l40s,vllm,0.24.0,FAIL,Strict-native op-level FPE probes: PERF_DATA_MISSING=116; raw probes=116; topologies=29; source_sha=26dae1f99b2b50fb17118f38d8a8e95dfac3357c. Representative failure: perf database error: perf database error: perf database error: no DSA module rows loaded from 1 source(s) (first: <repo>/python/aisimulate/src/aiconfigurator_core/systems/data/l40s/vllm/0.24.0/dsa_context_module_perf.parquet),"python python/aisimulate/tools/support_matrix/generate_fpe_support_matrix.py --model ""deepseek-ai/DeepSeek-V3.2"" --system ""l40s"" --backend ""vllm"" --backend-version ""0.24.0"" --forward-model op_level --max-workers 8",,116,29,PERF_DATA_MISSING=116,,26dae1f99b2b50fb17118f38d8a8e95dfac3357c
deepseek-ai/DeepSeek-V4-Flash,DeepseekV4ForCausalLM,l40s,sglang,0.5.10,FAIL,"Strict-native op-level FPE probes: PERF_DATA_MISSING=220, SDK_UNREPRESENTABLE=320; raw probes=540; topologies=135; source_sha=26dae1f99b2b50fb17118f38d8a8e95dfac3357c. Representative failure: perf database error: perf database error: no MHC module rows loaded from 1 source(s) (first: <repo>/python/aisimulate/src/aiconfigurator_core/systems/data/l40s/sglang/0.5.10/mhc_module_perf.parquet)","python python/aisimulate/tools/support_matrix/generate_fpe_support_matrix.py --model ""deepseek-ai/DeepSeek-V4-Flash"" --system ""l40s"" --backend ""sglang"" --backend-version ""0.5.10"" --forward-model op_level --max-workers 8",,540,135,"PERF_DATA_MISSING=220, SDK_UNREPRESENTABLE=320",,26dae1f99b2b50fb17118f38d8a8e95dfac3357c
deepseek-ai/DeepSeek-V4-Flash,DeepseekV4ForCausalLM,l40s,sglang,0.5.12,FAIL,"Strict-native op-level FPE probes: PERF_DATA_MISSING=220, SDK_UNREPRESENTABLE=320; raw probes=540; topologies=135; source_sha=26dae1f99b2b50fb17118f38d8a8e95dfac3357c. Representative failure: perf database error: perf database error: no MHC module rows loaded from 1 source(s) (first: <repo>/python/aisimulate/src/aiconfigurator_core/systems/data/l40s/sglang/0.5.12/mhc_module_perf.parquet)","python python/aisimulate/tools/support_matrix/generate_fpe_support_matrix.py --model ""deepseek-ai/DeepSeek-V4-Flash"" --system ""l40s"" --backend ""sglang"" --backend-version ""0.5.12"" --forward-model op_level --max-workers 8",,540,135,"PERF_DATA_MISSING=220, SDK_UNREPRESENTABLE=320",,26dae1f99b2b50fb17118f38d8a8e95dfac3357c
deepseek-ai/DeepSeek-V4-Flash,DeepseekV4ForCausalLM,l40s,sglang,0.5.14,FAIL,"Strict-native op-level FPE probes: PERF_DATA_MISSING=220, SDK_UNREPRESENTABLE=320; raw probes=540; topologies=135; source_sha=26dae1f99b2b50fb17118f38d8a8e95dfac3357c. Representative failure: perf database error: perf database error: no MHC module rows loaded from 1 source(s) (first: <repo>/python/aisimulate/src/aiconfigurator_core/systems/data/l40s/sglang/0.5.14/mhc_module_perf.parquet)","python python/aisimulate/tools/support_matrix/generate_fpe_support_matrix.py --model ""deepseek-ai/DeepSeek-V4-Flash"" --system ""l40s"" --backend ""sglang"" --backend-version ""0.5.14"" --forward-model op_level --max-workers 8",,540,135,"PERF_DATA_MISSING=220, SDK_UNREPRESENTABLE=320",,26dae1f99b2b50fb17118f38d8a8e95dfac3357c
deepseek-ai/DeepSeek-V4-Flash,DeepseekV4ForCausalLM,l40s,sglang,0.5.16,FAIL,"Strict-native op-level FPE probes: PERF_DATA_MISSING=220, SDK_UNREPRESENTABLE=320; raw probes=540; topologies=135; source_sha=26dae1f99b2b50fb17118f38d8a8e95dfac3357c. Representative failure: perf database error: perf database error: no MHC module rows loaded from 1 source(s) (first: <repo>/python/aisimulate/src/aiconfigurator_core/systems/data/l40s/sglang/0.5.16/mhc_module_perf.parquet)","python python/aisimulate/tools/support_matrix/generate_fpe_support_matrix.py --model ""deepseek-ai/DeepSeek-V4-Flash"" --system ""l40s"" --backend ""sglang"" --backend-version ""0.5.16"" --forward-model op_level --max-workers 8",,540,135,"PERF_DATA_MISSING=220, SDK_UNREPRESENTABLE=320",,26dae1f99b2b50fb17118f38d8a8e95dfac3357c
deepseek-ai/DeepSeek-V4-Flash,DeepseekV4ForCausalLM,l40s,sglang,0.5.9,FAIL,"Strict-native op-level FPE probes: PERF_DATA_MISSING=220, SDK_UNREPRESENTABLE=320; raw probes=540; topologies=135; source_sha=26dae1f99b2b50fb17118f38d8a8e95dfac3357c. Representative failure: perf database error: perf database error: no MHC module rows loaded from 1 source(s) (first: <repo>/python/aisimulate/src/aiconfigurator_core/systems/data/l40s/sglang/0.5.9/mhc_module_perf.parquet)","python python/aisimulate/tools/support_matrix/generate_fpe_support_matrix.py --model ""deepseek-ai/DeepSeek-V4-Flash"" --system ""l40s"" --backend ""sglang"" --backend-version ""0.5.9"" --forward-model op_level --max-workers 8",,540,135,"PERF_DATA_MISSING=220, SDK_UNREPRESENTABLE=320",,26dae1f99b2b50fb17118f38d8a8e95dfac3357c
deepseek-ai/DeepSeek-V4-Flash,DeepseekV4ForCausalLM,l40s,trtllm,1.0.0,FAIL,Strict-native op-level FPE probes: PERF_DATA_MISSING=116; raw probes=116; topologies=29; source_sha=26dae1f99b2b50fb17118f38d8a8e95dfac3357c. Representative failure: perf database error: perf database error: no MHC module rows loaded from 1 source(s) (first: <repo>/python/aisimulate/src/aiconfigurator_core/systems/data/l40s/trtllm/1.0.0/mhc_module_perf.parquet),"python python/aisimulate/tools/support_matrix/generate_fpe_support_matrix.py --model ""deepseek-ai/DeepSeek-V4-Flash"" --system ""l40s"" --backend ""trtllm"" --backend-version ""1.0.0"" --forward-model op_level --max-workers 8",,116,29,PERF_DATA_MISSING=116,,26dae1f99b2b50fb17118f38d8a8e95dfac3357c
deepseek-ai/DeepSeek-V4-Flash,DeepseekV4ForCausalLM,l40s,trtllm,1.3.0rc15,FAIL,Strict-native op-level FPE probes: PERF_DATA_MISSING=116; raw probes=116; topologies=29; source_sha=26dae1f99b2b50fb17118f38d8a8e95dfac3357c. Representative failure: perf database error: perf database error: no MHC module rows loaded from 1 source(s) (first: <repo>/python/aisimulate/src/aiconfigurator_core/systems/data/l40s/trtllm/1.3.0rc15/mhc_module_perf.parquet),"python python/aisimulate/tools/support_matrix/generate_fpe_support_matrix.py --model ""deepseek-ai/DeepSeek-V4-Flash"" --system ""l40s"" --backend ""trtllm"" --backend-version ""1.3.0rc15"" --forward-model op_level --max-workers 8",,116,29,PERF_DATA_MISSING=116,,26dae1f99b2b50fb17118f38d8a8e95dfac3357c
deepseek-ai/DeepSeek-V4-Flash,DeepseekV4ForCausalLM,l40s,trtllm,1.3.0rc20,FAIL,"Strict-native op-level FPE probes: PERF_DATA_MISSING=116; raw probes=116; topologies=29; source_sha=26dae1f99b2b50fb17118f38d8a8e95dfac3357c. Representative failure: perf database error: MoE data missing for MoeKey { quant: ""w4a8_mxfp4_mxfp8"", distribution: ""uniform"", topk: 6, num_experts: 256, hidden_size: 4096, inter_size: 2048, moe_tp_size: 1, moe_ep_size: 1 } at <repo>/python/aisimulate/src/aiconfigurator_core/systems/data/l40s/trtllm/1.3.0rc20","python python/aisimulate/tools/support_matrix/generate_fpe_support_matrix.py --model ""deepseek-ai/DeepSeek-V4-Flash"" --system ""l40s"" --backend ""trtllm"" --backend-version ""1.3.0rc20"" --forward-model op_level --max-workers 8",,116,29,PERF_DATA_MISSING=116,,26dae1f99b2b50fb17118f38d8a8e95dfac3357c
deepseek-ai/DeepSeek-V4-Flash,DeepseekV4ForCausalLM,l40s,trtllm,1.3.0rc23,FAIL,"Strict-native op-level FPE probes: PERF_DATA_MISSING=116; raw probes=116; topologies=29; source_sha=26dae1f99b2b50fb17118f38d8a8e95dfac3357c. Representative failure: perf database error: MoE data missing for MoeKey { quant: ""w4a8_mxfp4_mxfp8"", distribution: ""uniform"", topk: 6, num_experts: 256, hidden_size: 4096, inter_size: 2048, moe_tp_size: 1, moe_ep_size: 1 } at <repo>/python/aisimulate/src/aiconfigurator_core/systems/data/l40s/trtllm/1.3.0rc23","python python/aisimulate/tools/support_matrix/generate_fpe_support_matrix.py --model ""deepseek-ai/DeepSeek-V4-Flash"" --system ""l40s"" --backend ""trtllm"" --backend-version ""1.3.0rc23"" --forward-model op_level --max-workers 8",,116,29,PERF_DATA_MISSING=116,,26dae1f99b2b50fb17118f38d8a8e95dfac3357c
deepseek-ai/DeepSeek-V4-Flash,DeepseekV4ForCausalLM,l40s,vllm,0.1.dev19262,FAIL,Strict-native op-level FPE probes: PERF_DATA_MISSING=116; raw probes=116; topologies=29; source_sha=26dae1f99b2b50fb17118f38d8a8e95dfac3357c. Representative failure: perf database error: perf database error: no MHC module rows loaded from 1 source(s) (first: <repo>/python/aisimulate/src/aiconfigurator_core/systems/data/l40s/vllm/0.1.dev19262/mhc_module_perf.parquet),"python python/aisimulate/tools/support_matrix/generate_fpe_support_matrix.py --model ""deepseek-ai/DeepSeek-V4-Flash"" --system ""l40s"" --backend ""vllm"" --backend-version ""0.1.dev19262"" --forward-model op_level --max-workers 8",,116,29,PERF_DATA_MISSING=116,,26dae1f99b2b50fb17118f38d8a8e95dfac3357c
deepseek-ai/DeepSeek-V4-Flash,DeepseekV4ForCausalLM,l40s,vllm,0.14.0,FAIL,Strict-native op-level FPE probes: PERF_DATA_MISSING=116; raw probes=116; topologies=29; source_sha=26dae1f99b2b50fb17118f38d8a8e95dfac3357c. Representative failure: perf database error: perf database error: no MHC module rows loaded from 1 source(s) (first: <repo>/python/aisimulate/src/aiconfigurator_core/systems/data/l40s/vllm/0.14.0/mhc_module_perf.parquet),"python python/aisimulate/tools/support_matrix/generate_fpe_support_matrix.py --model ""deepseek-ai/DeepSeek-V4-Flash"" --system ""l40s"" --backend ""vllm"" --backend-version ""0.14.0"" --forward-model op_level --max-workers 8",,116,29,PERF_DATA_MISSING=116,,26dae1f99b2b50fb17118f38d8a8e95dfac3357c
deepseek-ai/DeepSeek-V4-Flash,DeepseekV4ForCausalLM,l40s,vllm,0.22.0,FAIL,"Strict-native op-level FPE probes: PERF_DATA_MISSING=116; raw probes=116; topologies=29; source_sha=26dae1f99b2b50fb17118f38d8a8e95dfac3357c. Representative failure: perf database error: MoE data missing for MoeKey { quant: ""w4a8_mxfp4_mxfp8"", distribution: ""uniform"", topk: 6, num_experts: 256, hidden_size: 4096, inter_size: 2048, moe_tp_size: 1, moe_ep_size: 1 } at <repo>/python/aisimulate/src/aiconfigurator_core/systems/data/l40s/vllm/0.22.0","python python/aisimulate/tools/support_matrix/generate_fpe_support_matrix.py --model ""deepseek-ai/DeepSeek-V4-Flash"" --system ""l40s"" --backend ""vllm"" --backend-version ""0.22.0"" --forward-model op_level --max-workers 8",,116,29,PERF_DATA_MISSING=116,,26dae1f99b2b50fb17118f38d8a8e95dfac3357c
deepseek-ai/DeepSeek-V4-Flash,DeepseekV4ForCausalLM,l40s,vllm,0.24.0,FAIL,"Strict-native op-level FPE probes: PERF_DATA_MISSING=116; raw probes=116; topologies=29; source_sha=26dae1f99b2b50fb17118f38d8a8e95dfac3357c. Representative failure: perf database error: MoE data missing for MoeKey { quant: ""w4a8_mxfp4_mxfp8"", distribution: ""uniform"", topk: 6, num_experts: 256, hidden_size: 4096, inter_size: 2048, moe_tp_size: 1, moe_ep_size: 1 } at <repo>/python/aisimulate/src/aiconfigurator_core/systems/data/l40s/vllm/0.24.0","python python/aisimulate/tools/support_matrix/generate_fpe_support_matrix.py --model ""deepseek-ai/DeepSeek-V4-Flash"" --system ""l40s"" --backend ""vllm"" --backend-version ""0.24.0"" --forward-model op_level --max-workers 8",,116,29,PERF_DATA_MISSING=116,,26dae1f99b2b50fb17118f38d8a8e95dfac3357c
deepseek-ai/DeepSeek-V4-Pro,DeepseekV4ForCausalLM,l40s,sglang,0.5.10,FAIL,"Strict-native op-level FPE probes: PERF_DATA_MISSING=220, SDK_UNREPRESENTABLE=320; raw probes=540; topologies=135; source_sha=26dae1f99b2b50fb17118f38d8a8e95dfac3357c. Representative failure: perf database error: perf database error: no MHC module rows loaded from 1 source(s) (first: <repo>/python/aisimulate/src/aiconfigurator_core/systems/data/l40s/sglang/0.5.10/mhc_module_perf.parquet)","python python/aisimulate/tools/support_matrix/generate_fpe_support_matrix.py --model ""deepseek-ai/DeepSeek-V4-Pro"" --system ""l40s"" --backend ""sglang"" --backend-version ""0.5.10"" --forward-model op_level --max-workers 8",,540,135,"PERF_DATA_MISSING=220, SDK_UNREPRESENTABLE=320",,26dae1f99b2b50fb17118f38d8a8e95dfac3357c
deepseek-ai/DeepSeek-V4-Pro,DeepseekV4ForCausalLM,l40s,sglang,0.5.12,FAIL,"Strict-native op-level FPE probes: PERF_DATA_MISSING=220, SDK_UNREPRESENTABLE=320; raw probes=540; topologies=135; source_sha=26dae1f99b2b50fb17118f38d8a8e95dfac3357c. Representative failure: perf database error: perf database error: no MHC module rows loaded from 1 source(s) (first: <repo>/python/aisimulate/src/aiconfigurator_core/systems/data/l40s/sglang/0.5.12/mhc_module_perf.parquet)","python python/aisimulate/tools/support_matrix/generate_fpe_support_matrix.py --model ""deepseek-ai/DeepSeek-V4-Pro"" --system ""l40s"" --backend ""sglang"" --backend-version ""0.5.12"" --forward-model op_level --max-workers 8",,540,135,"PERF_DATA_MISSING=220, SDK_UNREPRESENTABLE=320",,26dae1f99b2b50fb17118f38d8a8e95dfac3357c
deepseek-ai/DeepSeek-V4-Pro,DeepseekV4ForCausalLM,l40s,sglang,0.5.14,FAIL,"Strict-native op-level FPE probes: PERF_DATA_MISSING=220, SDK_UNREPRESENTABLE=320; raw probes=540; topologies=135; source_sha=26dae1f99b2b50fb17118f38d8a8e95dfac3357c. Representative failure: perf database error: perf database error: no MHC module rows loaded from 1 source(s) (first: <repo>/python/aisimulate/src/aiconfigurator_core/systems/data/l40s/sglang/0.5.14/mhc_module_perf.parquet)","python python/aisimulate/tools/support_matrix/generate_fpe_support_matrix.py --model ""deepseek-ai/DeepSeek-V4-Pro"" --system ""l40s"" --backend ""sglang"" --backend-version ""0.5.14"" --forward-model op_level --max-workers 8",,540,135,"PERF_DATA_MISSING=220, SDK_UNREPRESENTABLE=320",,26dae1f99b2b50fb17118f38d8a8e95dfac3357c
deepseek-ai/DeepSeek-V4-Pro,DeepseekV4ForCausalLM,l40s,sglang,0.5.16,FAIL,"Strict-native op-level FPE probes: PERF_DATA_MISSING=220, SDK_UNREPRESENTABLE=320; raw probes=540; topologies=135; source_sha=26dae1f99b2b50fb17118f38d8a8e95dfac3357c. Representative failure: perf database error: perf database error: no MHC module rows loaded from 1 source(s) (first: <repo>/python/aisimulate/src/aiconfigurator_core/systems/data/l40s/sglang/0.5.16/mhc_module_perf.parquet)","python python/aisimulate/tools/support_matrix/generate_fpe_support_matrix.py --model ""deepseek-ai/DeepSeek-V4-Pro"" --system ""l40s"" --backend ""sglang"" --backend-version ""0.5.16"" --forward-model op_level --max-workers 8",,540,135,"PERF_DATA_MISSING=220, SDK_UNREPRESENTABLE=320",,26dae1f99b2b50fb17118f38d8a8e95dfac3357c
deepseek-ai/DeepSeek-V4-Pro,DeepseekV4ForCausalLM,l40s,sglang,0.5.9,FAIL,"Strict-native op-level FPE probes: PERF_DATA_MISSING=220, SDK_UNREPRESENTABLE=320; raw probes=540; topologies=135; source_sha=26dae1f99b2b50fb17118f38d8a8e95dfac3357c. Representative failure: perf database error: perf database error: no MHC module rows loaded from 1 source(s) (first: <repo>/python/aisimulate/src/aiconfigurator_core/systems/data/l40s/sglang/0.5.9/mhc_module_perf.parquet)","python python/aisimulate/tools/support_matrix/generate_fpe_support_matrix.py --model ""deepseek-ai/DeepSeek-V4-Pro"" --system ""l40s"" --backend ""sglang"" --backend-version ""0.5.9"" --forward-model op_level --max-workers 8",,540,135,"PERF_DATA_MISSING=220, SDK_UNREPRESENTABLE=320",,26dae1f99b2b50fb17118f38d8a8e95dfac3357c
deepseek-ai/DeepSeek-V4-Pro,DeepseekV4ForCausalLM,l40s,trtllm,1.0.0,FAIL,Strict-native op-level FPE probes: PERF_DATA_MISSING=116; raw probes=116; topologies=29; source_sha=26dae1f99b2b50fb17118f38d8a8e95dfac3357c. Representative failure: perf database error: perf database error: no MHC module rows loaded from 1 source(s) (first: <repo>/python/aisimulate/src/aiconfigurator_core/systems/data/l40s/trtllm/1.0.0/mhc_module_perf.parquet),"python python/aisimulate/tools/support_matrix/generate_fpe_support_matrix.py --model ""deepseek-ai/DeepSeek-V4-Pro"" --system ""l40s"" --backend ""trtllm"" --backend-version ""1.0.0"" --forward-model op_level --max-workers 8",,116,29,PERF_DATA_MISSING=116,,26dae1f99b2b50fb17118f38d8a8e95dfac3357c
deepseek-ai/DeepSeek-V4-Pro,DeepseekV4ForCausalLM,l40s,trtllm,1.3.0rc15,FAIL,Strict-native op-level FPE probes: PERF_DATA_MISSING=116; raw probes=116; topologies=29; source_sha=26dae1f99b2b50fb17118f38d8a8e95dfac3357c. Representative failure: perf database error: perf database error: no MHC module rows loaded from 1 source(s) (first: <repo>/python/aisimulate/src/aiconfigurator_core/systems/data/l40s/trtllm/1.3.0rc15/mhc_module_perf.parquet),"python python/aisimulate/tools/support_matrix/generate_fpe_support_matrix.py --model ""deepseek-ai/DeepSeek-V4-Pro"" --system ""l40s"" --backend ""trtllm"" --backend-version ""1.3.0rc15"" --forward-model op_level --max-workers 8",,116,29,PERF_DATA_MISSING=116,,26dae1f99b2b50fb17118f38d8a8e95dfac3357c
deepseek-ai/DeepSeek-V4-Pro,DeepseekV4ForCausalLM,l40s,trtllm,1.3.0rc20,FAIL,"Strict-native op-level FPE probes: PERF_DATA_MISSING=116; raw probes=116; topologies=29; source_sha=26dae1f99b2b50fb17118f38d8a8e95dfac3357c. Representative failure: perf database error: MoE data missing for MoeKey { quant: ""w4a8_mxfp4_mxfp8"", distribution: ""uniform"", topk: 6, num_experts: 384, hidden_size: 7168, inter_size: 3072, moe_tp_size: 1, moe_ep_size: 1 } at <repo>/python/aisimulate/src/aiconfigurator_core/systems/data/l40s/trtllm/1.3.0rc20","python python/aisimulate/tools/support_matrix/generate_fpe_support_matrix.py --model ""deepseek-ai/DeepSeek-V4-Pro"" --system ""l40s"" --backend ""trtllm"" --backend-version ""1.3.0rc20"" --forward-model op_level --max-workers 8",,116,29,PERF_DATA_MISSING=116,,26dae1f99b2b50fb17118f38d8a8e95dfac3357c
deepseek-ai/DeepSeek-V4-Pro,DeepseekV4ForCausalLM,l40s,trtllm,1.3.0rc23,FAIL,"Strict-native op-level FPE probes: PERF_DATA_MISSING=116; raw probes=116; topologies=29; source_sha=26dae1f99b2b50fb17118f38d8a8e95dfac3357c. Representative failure: perf database error: MoE data missing for MoeKey { quant: ""w4a8_mxfp4_mxfp8"", distribution: ""uniform"", topk: 6, num_experts: 384, hidden_size: 7168, inter_size: 3072, moe_tp_size: 1, moe_ep_size: 1 } at <repo>/python/aisimulate/src/aiconfigurator_core/systems/data/l40s/trtllm/1.3.0rc23","python python/aisimulate/tools/support_matrix/generate_fpe_support_matrix.py --model ""deepseek-ai/DeepSeek-V4-Pro"" --system ""l40s"" --backend ""trtllm"" --backend-version ""1.3.0rc23"" --forward-model op_level --max-workers 8",,116,29,PERF_DATA_MISSING=116,,26dae1f99b2b50fb17118f38d8a8e95dfac3357c
deepseek-ai/DeepSeek-V4-Pro,DeepseekV4ForCausalLM,l40s,vllm,0.1.dev19262,FAIL,Strict-native op-level FPE probes: PERF_DATA_MISSING=116; raw probes=116; topologies=29; source_sha=26dae1f99b2b50fb17118f38d8a8e95dfac3357c. Representative failure: perf database error: perf database error: no MHC module rows loaded from 1 source(s) (first: <repo>/python/aisimulate/src/aiconfigurator_core/systems/data/l40s/vllm/0.1.dev19262/mhc_module_perf.parquet),"python python/aisimulate/tools/support_matrix/generate_fpe_support_matrix.py --model ""deepseek-ai/DeepSeek-V4-Pro"" --system ""l40s"" --backend ""vllm"" --backend-version ""0.1.dev19262"" --forward-model op_level --max-workers 8",,116,29,PERF_DATA_MISSING=116,,26dae1f99b2b50fb17118f38d8a8e95dfac3357c
deepseek-ai/DeepSeek-V4-Pro,DeepseekV4ForCausalLM,l40s,vllm,0.14.0,FAIL,Strict-native op-level FPE probes: PERF_DATA_MISSING=116; raw probes=116; topologies=29; source_sha=26dae1f99b2b50fb17118f38d8a8e95dfac3357c. Representative failure: perf database error: perf database error: no MHC module rows loaded from 1 source(s) (first: <repo>/python/aisimulate/src/aiconfigurator_core/systems/data/l40s/vllm/0.14.0/mhc_module_perf.parquet),"python python/aisimulate/tools/support_matrix/generate_fpe_support_matrix.py --model ""deepseek-ai/DeepSeek-V4-Pro"" --system ""l40s"" --backend ""vllm"" --backend-version ""0.14.0"" --forward-model op_level --max-workers 8",,116,29,PERF_DATA_MISSING=116,,26dae1f99b2b50fb17118f38d8a8e95dfac3357c
deepseek-ai/DeepSeek-V4-Pro,DeepseekV4ForCausalLM,l40s,vllm,0.22.0,FAIL,"Strict-native op-level FPE probes: PERF_DATA_MISSING=116; raw probes=116; topologies=29; source_sha=26dae1f99b2b50fb17118f38d8a8e95dfac3357c. Representative failure: perf database error: MoE data missing for MoeKey { quant: ""w4a8_mxfp4_mxfp8"", distribution: ""uniform"", topk: 6, num_experts: 384, hidden_size: 7168, inter_size: 3072, moe_tp_size: 1, moe_ep_size: 1 } at <repo>/python/aisimulate/src/aiconfigurator_core/systems/data/l40s/vllm/0.22.0","python python/aisimulate/tools/support_matrix/generate_fpe_support_matrix.py --model ""deepseek-ai/DeepSeek-V4-Pro"" --system ""l40s"" --backend ""vllm"" --backend-version ""0.22.0"" --forward-model op_level --max-workers 8",,116,29,PERF_DATA_MISSING=116,,26dae1f99b2b50fb17118f38d8a8e95dfac3357c
deepseek-ai/DeepSeek-V4-Pro,DeepseekV4ForCausalLM,l40s,vllm,0.24.0,FAIL,"Strict-native op-level FPE probes: PERF_DATA_MISSING=116; raw probes=116; topologies=29; source_sha=26dae1f99b2b50fb17118f38d8a8e95dfac3357c. Representative failure: perf database error: MoE data missing for MoeKey { quant: ""w4a8_mxfp4_mxfp8"", distribution: ""uniform"", topk: 6, num_experts: 384, hidden_size: 7168, inter_size: 3072, moe_tp_size: 1, moe_ep_size: 1 } at <repo>/python/aisimulate/src/aiconfigurator_core/systems/data/l40s/vllm/0.24.0","python python/aisimulate/tools/support_matrix/generate_fpe_support_matrix.py --model ""deepseek-ai/DeepSeek-V4-Pro"" --system ""l40s"" --backend ""vllm"" --backend-version ""0.24.0"" --forward-model op_level --max-workers 8",,116,29,PERF_DATA_MISSING=116,,26dae1f99b2b50fb17118f38d8a8e95dfac3357c
google/gemma-4-26B-A4B,Gemma4ForConditionalGeneration,l40s,sglang,0.5.10,FAIL,"Strict-native op-level FPE probes: PERF_DATA_MISSING=220, SDK_UNREPRESENTABLE=320; raw probes=540; topologies=135; source_sha=26dae1f99b2b50fb17118f38d8a8e95dfac3357c. Representative failure: perf database error: MoE data missing for MoeKey { quant: ""bfloat16"", distribution: ""power_law_1.01"", topk: 8, num_experts: 128, hidden_size: 2816, inter_size: 704, moe_tp_size: 1, moe_ep_size: 1 } at <repo>/python/aisimulate/src/aiconfigurator_core/systems/data/l40s/sglang/0.5.10","python python/aisimulate/tools/support_matrix/generate_fpe_support_matrix.py --model ""google/gemma-4-26B-A4B"" --system ""l40s"" --backend ""sglang"" --backend-version ""0.5.10"" --forward-model op_level --max-workers 8",,540,135,"PERF_DATA_MISSING=220, SDK_UNREPRESENTABLE=320",,26dae1f99b2b50fb17118f38d8a8e95dfac3357c
google/gemma-4-26B-A4B,Gemma4ForConditionalGeneration,l40s,sglang,0.5.12,FAIL,"Strict-native op-level FPE probes: PASS=72, PERF_DATA_MISSING=148, SDK_UNREPRESENTABLE=320; raw probes=540; topologies=135; source_sha=26dae1f99b2b50fb17118f38d8a8e95dfac3357c. Representative failure: perf database error: MoE data missing for MoeKey { quant: ""bfloat16"", distribution: ""power_law_1.01"", topk: 8, num_experts: 128, hidden_size: 2816, inter_size: 704, moe_tp_size: 16, moe_ep_size: 1 } at <repo>/python/aisimulate/src/aiconfigurator_core/systems/data/l40s/sglang/0.5.12","python python/aisimulate/tools/support_matrix/generate_fpe_support_matrix.py --model ""google/gemma-4-26B-A4B"" --system ""l40s"" --backend ""sglang"" --backend-version ""0.5.12"" --forward-model op_level --max-workers 8",,540,135,"PASS=72, PERF_DATA_MISSING=148, SDK_UNREPRESENTABLE=320",,26dae1f99b2b50fb17118f38d8a8e95dfac3357c
google/gemma-4-26B-A4B,Gemma4ForConditionalGeneration,l40s,sglang,0.5.14,FAIL,"Strict-native op-level FPE probes: PASS=72, PERF_DATA_MISSING=148, SDK_UNREPRESENTABLE=320; raw probes=540; topologies=135; source_sha=26dae1f99b2b50fb17118f38d8a8e95dfac3357c. Representative failure: perf database error: MoE data missing for MoeKey { quant: ""bfloat16"", distribution: ""power_law_1.01"", topk: 8, num_experts: 128, hidden_size: 2816, inter_size: 704, moe_tp_size: 16, moe_ep_size: 1 } at <repo>/python/aisimulate/src/aiconfigurator_core/systems/data/l40s/sglang/0.5.14","python python/aisimulate/tools/support_matrix/generate_fpe_support_matrix.py --model ""google/gemma-4-26B-A4B"" --system ""l40s"" --backend ""sglang"" --backend-version ""0.5.14"" --forward-model op_level --max-workers 8",,540,135,"PASS=72, PERF_DATA_MISSING=148, SDK_UNREPRESENTABLE=320",,26dae1f99b2b50fb17118f38d8a8e95dfac3357c
google/gemma-4-26B-A4B,Gemma4ForConditionalGeneration,l40s,sglang,0.5.16,FAIL,"Strict-native op-level FPE probes: PASS=72, PERF_DATA_MISSING=148, SDK_UNREPRESENTABLE=320; raw probes=540; topologies=135; source_sha=26dae1f99b2b50fb17118f38d8a8e95dfac3357c. Representative failure: perf database error: MoE data missing for MoeKey { quant: ""bfloat16"", distribution: ""power_law_1.01"", topk: 8, num_experts: 128, hidden_size: 2816, inter_size: 704, moe_tp_size: 16, moe_ep_size: 1 } at <repo>/python/aisimulate/src/aiconfigurator_core/systems/data/l40s/sglang/0.5.16","python python/aisimulate/tools/support_matrix/generate_fpe_support_matrix.py --model ""google/gemma-4-26B-A4B"" --system ""l40s"" --backend ""sglang"" --backend-version ""0.5.16"" --forward-model op_level --max-workers 8",,540,135,"PASS=72, PERF_DATA_MISSING=148, SDK_UNREPRESENTABLE=320",,26dae1f99b2b50fb17118f38d8a8e95dfac3357c
google/gemma-4-26B-A4B,Gemma4ForConditionalGeneration,l40s,sglang,0.5.9,FAIL,"Strict-native op-level FPE probes: PERF_DATA_MISSING=220, SDK_UNREPRESENTABLE=320; raw probes=540; topologies=135; source_sha=26dae1f99b2b50fb17118f38d8a8e95dfac3357c. Representative failure: perf database error: MoE data missing for MoeKey { quant: ""bfloat16"", distribution: ""power_law_1.01"", topk: 8, num_experts: 128, hidden_size: 2816, inter_size: 704, moe_tp_size: 1, moe_ep_size: 1 } at <repo>/python/aisimulate/src/aiconfigurator_core/systems/data/l40s/sglang/0.5.9","python python/aisimulate/tools/support_matrix/generate_fpe_support_matrix.py --model ""google/gemma-4-26B-A4B"" --system ""l40s"" --backend ""sglang"" --backend-version ""0.5.9"" --forward-model op_level --max-workers 8",,540,135,"PERF_DATA_MISSING=220, SDK_UNREPRESENTABLE=320",,26dae1f99b2b50fb17118f38d8a8e95dfac3357c
google/gemma-4-26B-A4B,Gemma4ForConditionalGeneration,l40s,trtllm,1.0.0,FAIL,"Strict-native op-level FPE probes: PERF_DATA_MISSING=116; raw probes=116; topologies=29; source_sha=26dae1f99b2b50fb17118f38d8a8e95dfac3357c. Representative failure: perf database error: MoE data missing for MoeKey { quant: ""bfloat16"", distribution: ""power_law_1.01"", topk: 8, num_experts: 128, hidden_size: 2816, inter_size: 704, moe_tp_size: 1, moe_ep_size: 16 } at <repo>/python/aisimulate/src/aiconfigurator_core/systems/data/l40s/trtllm/1.0.0","python python/aisimulate/tools/support_matrix/generate_fpe_support_matrix.py --model ""google/gemma-4-26B-A4B"" --system ""l40s"" --backend ""trtllm"" --backend-version ""1.0.0"" --forward-model op_level --max-workers 8",,116,29,PERF_DATA_MISSING=116,,26dae1f99b2b50fb17118f38d8a8e95dfac3357c
google/gemma-4-26B-A4B,Gemma4ForConditionalGeneration,l40s,trtllm,1.3.0rc15,FAIL,"Strict-native op-level FPE probes: PERF_DATA_MISSING=116; raw probes=116; topologies=29; source_sha=26dae1f99b2b50fb17118f38d8a8e95dfac3357c. Representative failure: perf database error: MoE data missing for MoeKey { quant: ""bfloat16"", distribution: ""power_law_1.01"", topk: 8, num_experts: 128, hidden_size: 2816, inter_size: 704, moe_tp_size: 16, moe_ep_size: 1 } at <repo>/python/aisimulate/src/aiconfigurator_core/systems/data/l40s/trtllm/1.3.0rc15","python python/aisimulate/tools/support_matrix/generate_fpe_support_matrix.py --model ""google/gemma-4-26B-A4B"" --system ""l40s"" --backend ""trtllm"" --backend-version ""1.3.0rc15"" --forward-model op_level --max-workers 8",,116,29,PERF_DATA_MISSING=116,,26dae1f99b2b50fb17118f38d8a8e95dfac3357c
google/gemma-4-26B-A4B,Gemma4ForConditionalGeneration,l40s,trtllm,1.3.0rc20,FAIL,"Strict-native op-level FPE probes: PERF_DATA_MISSING=116; raw probes=116; topologies=29; source_sha=26dae1f99b2b50fb17118f38d8a8e95dfac3357c. Representative failure: perf database error: MoE data missing for MoeKey { quant: ""bfloat16"", distribution: ""power_law_1.01"", topk: 8, num_experts: 128, hidden_size: 2816, inter_size: 704, moe_tp_size: 16, moe_ep_size: 1 } at <repo>/python/aisimulate/src/aiconfigurator_core/systems/data/l40s/trtllm/1.3.0rc20","python python/aisimulate/tools/support_matrix/generate_fpe_support_matrix.py --model ""google/gemma-4-26B-A4B"" --system ""l40s"" --backend ""trtllm"" --backend-version ""1.3.0rc20"" --forward-model op_level --max-workers 8",,116,29,PERF_DATA_MISSING=116,,26dae1f99b2b50fb17118f38d8a8e95dfac3357c
google/gemma-4-26B-A4B,Gemma4ForConditionalGeneration,l40s,trtllm,1.3.0rc23,FAIL,"Strict-native op-level FPE probes: PERF_DATA_MISSING=116; raw probes=116; topologies=29; source_sha=26dae1f99b2b50fb17118f38d8a8e95dfac3357c. Representative failure: perf database error: MoE data missing for MoeKey { quant: ""bfloat16"", distribution: ""power_law_1.01"", topk: 8, num_experts: 128, hidden_size: 2816, inter_size: 704, moe_tp_size: 16, moe_ep_size: 1 } at <repo>/python/aisimulate/src/aiconfigurator_core/systems/data/l40s/trtllm/1.3.0rc23","python python/aisimulate/tools/support_matrix/generate_fpe_support_matrix.py --model ""google/gemma-4-26B-A4B"" --system ""l40s"" --backend ""trtllm"" --backend-version ""1.3.0rc23"" --forward-model op_level --max-workers 8",,116,29,PERF_DATA_MISSING=116,,26dae1f99b2b50fb17118f38d8a8e95dfac3357c
google/gemma-4-26B-A4B,Gemma4ForConditionalGeneration,l40s,vllm,0.1.dev19262,FAIL,Strict-native op-level FPE probes: PERF_DATA_MISSING=116; raw probes=116; topologies=29; source_sha=26dae1f99b2b50fb17118f38d8a8e95dfac3357c. Representative failure: perf database error: perf database error: no GEMM rows loaded from 1 source(s) (first: <repo>/python/aisimulate/src/aiconfigurator_core/systems/data/l40s/vllm/0.1.dev19262/gemm_perf.parquet),"python python/aisimulate/tools/support_matrix/generate_fpe_support_matrix.py --model ""google/gemma-4-26B-A4B"" --system ""l40s"" --backend ""vllm"" --backend-version ""0.1.dev19262"" --forward-model op_level --max-workers 8",,116,29,PERF_DATA_MISSING=116,,26dae1f99b2b50fb17118f38d8a8e95dfac3357c
google/gemma-4-26B-A4B,Gemma4ForConditionalGeneration,l40s,vllm,0.14.0,FAIL,"Strict-native op-level FPE probes: PERF_DATA_MISSING=116; raw probes=116; topologies=29; source_sha=26dae1f99b2b50fb17118f38d8a8e95dfac3357c. Representative failure: perf database error: MoE data missing for MoeKey { quant: ""bfloat16"", distribution: ""power_law_1.01"", topk: 8, num_experts: 128, hidden_size: 2816, inter_size: 704, moe_tp_size: 1, moe_ep_size: 1 } at <repo>/python/aisimulate/src/aiconfigurator_core/systems/data/l40s/vllm/0.14.0","python python/aisimulate/tools/support_matrix/generate_fpe_support_matrix.py --model ""google/gemma-4-26B-A4B"" --system ""l40s"" --backend ""vllm"" --backend-version ""0.14.0"" --forward-model op_level --max-workers 8",,116,29,PERF_DATA_MISSING=116,,26dae1f99b2b50fb17118f38d8a8e95dfac3357c
google/gemma-4-26B-A4B,Gemma4ForConditionalGeneration,l40s,vllm,0.22.0,FAIL,"Strict-native op-level FPE probes: PERF_DATA_MISSING=116; raw probes=116; topologies=29; source_sha=26dae1f99b2b50fb17118f38d8a8e95dfac3357c. Representative failure: perf database error: context attention data missing for ContextKey { fmha_quant: ""bfloat16"", kv_quant: ""bfloat16"", n_kv_lookup: 0, head_size: 512, window_size: 0 } at <repo>/python/aisimulate/src/aiconfigurator_core/systems/data/l40s/vllm/0.22.0","python python/aisimulate/tools/support_matrix/generate_fpe_support_matrix.py --model ""google/gemma-4-26B-A4B"" --system ""l40s"" --backend ""vllm"" --backend-version ""0.22.0"" --forward-model op_level --max-workers 8",,116,29,PERF_DATA_MISSING=116,,26dae1f99b2b50fb17118f38d8a8e95dfac3357c
google/gemma-4-26B-A4B,Gemma4ForConditionalGeneration,l40s,vllm,0.24.0,FAIL,"Strict-native op-level FPE probes: PERF_DATA_MISSING=116; raw probes=116; topologies=29; source_sha=26dae1f99b2b50fb17118f38d8a8e95dfac3357c. Representative failure: perf database error: context attention data missing for ContextKey { fmha_quant: ""bfloat16"", kv_quant: ""bfloat16"", n_kv_lookup: 0, head_size: 512, window_size: 0 } at <repo>/python/aisimulate/src/aiconfigurator_core/systems/data/l40s/vllm/0.24.0","python python/aisimulate/tools/support_matrix/generate_fpe_support_matrix.py --model ""google/gemma-4-26B-A4B"" --system ""l40s"" --backend ""vllm"" --backend-version ""0.24.0"" --forward-model op_level --max-workers 8",,116,29,PERF_DATA_MISSING=116,,26dae1f99b2b50fb17118f38d8a8e95dfac3357c
meta-llama/Llama-4-Maverick-17B-128E-Instruct,Llama4ForConditionalGeneration,l40s,sglang,0.5.10,PASS,,"python python/aisimulate/tools/support_matrix/generate_fpe_support_matrix.py --model ""meta-llama/Llama-4-Maverick-17B-128E-Instruct"" --system ""l40s"" --backend ""sglang"" --backend-version ""0.5.10"" --forward-model op_level --max-workers 8",silicon,540,135,"BUILD_FAILED=20, PASS=120, PERF_DATA_MISSING=80, SDK_UNREPRESENTABLE=320","decode_end=16938.488530, decode_start=65.945973, mixed=628.551222, prefill=593.054946",26dae1f99b2b50fb17118f38d8a8e95dfac3357c
meta-llama/Llama-4-Maverick-17B-128E-Instruct,Llama4ForConditionalGeneration,l40s,sglang,0.5.12,PASS,,"python python/aisimulate/tools/support_matrix/generate_fpe_support_matrix.py --model ""meta-llama/Llama-4-Maverick-17B-128E-Instruct"" --system ""l40s"" --backend ""sglang"" --backend-version ""0.5.12"" --forward-model op_level --max-workers 8",silicon,540,135,"BUILD_FAILED=20, PASS=200, SDK_UNREPRESENTABLE=320","decode_end=25580.872870, decode_start=100.131951, mixed=694.463301, prefill=595.607900",26dae1f99b2b50fb17118f38d8a8e95dfac3357c
meta-llama/Llama-4-Maverick-17B-128E-Instruct,Llama4ForConditionalGeneration,l40s,sglang,0.5.14,PASS,,"python python/aisimulate/tools/support_matrix/generate_fpe_support_matrix.py --model ""meta-llama/Llama-4-Maverick-17B-128E-Instruct"" --system ""l40s"" --backend ""sglang"" --backend-version ""0.5.14"" --forward-model op_level --max-workers 8",silicon,540,135,"BUILD_FAILED=20, PASS=200, SDK_UNREPRESENTABLE=320","decode_end=25538.828861, decode_start=99.967073, mixed=692.539892, prefill=592.417670",26dae1f99b2b50fb17118f38d8a8e95dfac3357c
meta-llama/Llama-4-Maverick-17B-128E-Instruct,Llama4ForConditionalGeneration,l40s,sglang,0.5.16,PASS,,"python python/aisimulate/tools/support_matrix/generate_fpe_support_matrix.py --model ""meta-llama/Llama-4-Maverick-17B-128E-Instruct"" --system ""l40s"" --backend ""sglang"" --backend-version ""0.5.16"" --forward-model op_level --max-workers 8",silicon,540,135,"BUILD_FAILED=20, PASS=200, SDK_UNREPRESENTABLE=320","decode_end=25538.828861, decode_start=99.967073, mixed=692.539892, prefill=592.417670",26dae1f99b2b50fb17118f38d8a8e95dfac3357c
meta-llama/Llama-4-Maverick-17B-128E-Instruct,Llama4ForConditionalGeneration,l40s,sglang,0.5.9,FAIL,"Strict-native op-level FPE probes: BUILD_FAILED=20, PERF_DATA_MISSING=200, SDK_UNREPRESENTABLE=320; raw probes=540; topologies=135; source_sha=26dae1f99b2b50fb17118f38d8a8e95dfac3357c. Representative failure: num_heads 40 should be divisible by tp_size 16","python python/aisimulate/tools/support_matrix/generate_fpe_support_matrix.py --model ""meta-llama/Llama-4-Maverick-17B-128E-Instruct"" --system ""l40s"" --backend ""sglang"" --backend-version ""0.5.9"" --forward-model op_level --max-workers 8",,540,135,"BUILD_FAILED=20, PERF_DATA_MISSING=200, SDK_UNREPRESENTABLE=320",,26dae1f99b2b50fb17118f38d8a8e95dfac3357c
meta-llama/Llama-4-Maverick-17B-128E-Instruct,Llama4ForConditionalGeneration,l40s,trtllm,1.0.0,FAIL,"Strict-native op-level FPE probes: BUILD_FAILED=20, PERF_DATA_MISSING=96; raw probes=116; topologies=29; source_sha=26dae1f99b2b50fb17118f38d8a8e95dfac3357c. Representative failure: num_heads 40 should be divisible by tp_size 16","python python/aisimulate/tools/support_matrix/generate_fpe_support_matrix.py --model ""meta-llama/Llama-4-Maverick-17B-128E-Instruct"" --system ""l40s"" --backend ""trtllm"" --backend-version ""1.0.0"" --forward-model op_level --max-workers 8",,116,29,"BUILD_FAILED=20, PERF_DATA_MISSING=96",,26dae1f99b2b50fb17118f38d8a8e95dfac3357c
meta-llama/Llama-4-Maverick-17B-128E-Instruct,Llama4ForConditionalGeneration,l40s,trtllm,1.3.0rc15,PASS,,"python python/aisimulate/tools/support_matrix/generate_fpe_support_matrix.py --model ""meta-llama/Llama-4-Maverick-17B-128E-Instruct"" --system ""l40s"" --backend ""trtllm"" --backend-version ""1.3.0rc15"" --forward-model op_level --max-workers 8",silicon,116,29,"BUILD_FAILED=20, PASS=96","decode_end=25351.754764, decode_start=98.933295, mixed=624.591741, prefill=600.774559",26dae1f99b2b50fb17118f38d8a8e95dfac3357c
meta-llama/Llama-4-Maverick-17B-128E-Instruct,Llama4ForConditionalGeneration,l40s,trtllm,1.3.0rc20,PASS,,"python python/aisimulate/tools/support_matrix/generate_fpe_support_matrix.py --model ""meta-llama/Llama-4-Maverick-17B-128E-Instruct"" --system ""l40s"" --backend ""trtllm"" --backend-version ""1.3.0rc20"" --forward-model op_level --max-workers 8",silicon,116,29,"BUILD_FAILED=20, PASS=96","decode_end=25293.319054, decode_start=99.028592, mixed=616.053585, prefill=589.384002",26dae1f99b2b50fb17118f38d8a8e95dfac3357c
meta-llama/Llama-4-Maverick-17B-128E-Instruct,Llama4ForConditionalGeneration,l40s,trtllm,1.3.0rc23,PASS,,"python python/aisimulate/tools/support_matrix/generate_fpe_support_matrix.py --model ""meta-llama/Llama-4-Maverick-17B-128E-Instruct"" --system ""l40s"" --backend ""trtllm"" --backend-version ""1.3.0rc23"" --forward-model op_level --max-workers 8",silicon,116,29,"BUILD_FAILED=20, PASS=96","decode_end=25293.319054, decode_start=99.028592, mixed=616.053585, prefill=589.384002",26dae1f99b2b50fb17118f38d8a8e95dfac3357c
meta-llama/Llama-4-Maverick-17B-128E-Instruct,Llama4ForConditionalGeneration,l40s,vllm,0.1.dev19262,FAIL,"Strict-native op-level FPE probes: BUILD_FAILED=8, PERF_DATA_MISSING=108; raw probes=116; topologies=29; source_sha=26dae1f99b2b50fb17118f38d8a8e95dfac3357c. Representative failure: num_heads 40 should be divisible by tp_size 16","python python/aisimulate/tools/support_matrix/generate_fpe_support_matrix.py --model ""meta-llama/Llama-4-Maverick-17B-128E-Instruct"" --system ""l40s"" --backend ""vllm"" --backend-version ""0.1.dev19262"" --forward-model op_level --max-workers 8",,116,29,"BUILD_FAILED=8, PERF_DATA_MISSING=108",,26dae1f99b2b50fb17118f38d8a8e95dfac3357c
meta-llama/Llama-4-Maverick-17B-128E-Instruct,Llama4ForConditionalGeneration,l40s,vllm,0.14.0,FAIL,"Strict-native op-level FPE probes: BUILD_FAILED=8, PERF_DATA_MISSING=108; raw probes=116; topologies=29; source_sha=26dae1f99b2b50fb17118f38d8a8e95dfac3357c. Representative failure: num_heads 40 should be divisible by tp_size 16","python python/aisimulate/tools/support_matrix/generate_fpe_support_matrix.py --model ""meta-llama/Llama-4-Maverick-17B-128E-Instruct"" --system ""l40s"" --backend ""vllm"" --backend-version ""0.14.0"" --forward-model op_level --max-workers 8",,116,29,"BUILD_FAILED=8, PERF_DATA_MISSING=108",,26dae1f99b2b50fb17118f38d8a8e95dfac3357c
meta-llama/Llama-4-Maverick-17B-128E-Instruct,Llama4ForConditionalGeneration,l40s,vllm,0.22.0,PASS,,"python python/aisimulate/tools/support_matrix/generate_fpe_support_matrix.py --model ""meta-llama/Llama-4-Maverick-17B-128E-Instruct"" --system ""l40s"" --backend ""vllm"" --backend-version ""0.22.0"" --forward-model op_level --max-workers 8",silicon,116,29,"BUILD_FAILED=8, PASS=108","decode_end=24910.187843, decode_start=97.483807, mixed=649.878953, prefill=627.191794",26dae1f99b2b50fb17118f38d8a8e95dfac3357c
meta-llama/Llama-4-Maverick-17B-128E-Instruct,Llama4ForConditionalGeneration,l40s,vllm,0.24.0,PASS,,"python python/aisimulate/tools/support_matrix/generate_fpe_support_matrix.py --model ""meta-llama/Llama-4-Maverick-17B-128E-Instruct"" --system ""l40s"" --backend ""vllm"" --backend-version ""0.24.0"" --forward-model op_level --max-workers 8",silicon,116,29,"BUILD_FAILED=8, PASS=108","decode_end=25157.751958, decode_start=98.454647, mixed=650.074779, prefill=621.932065",26dae1f99b2b50fb17118f38d8a8e95dfac3357c
meta-llama/Llama-4-Scout-17B-16E-Instruct,Llama4ForConditionalGeneration,l40s,sglang,0.5.10,PASS,,"python python/aisimulate/tools/support_matrix/generate_fpe_support_matrix.py --model ""meta-llama/Llama-4-Scout-17B-16E-Instruct"" --system ""l40s"" --backend ""sglang"" --backend-version ""0.5.10"" --forward-model op_level --max-workers 8",silicon,540,135,"BUILD_FAILED=20, PASS=120, PERF_DATA_MISSING=80, SDK_UNREPRESENTABLE=320","decode_end=54095.903886, decode_start=211.661327, mixed=415.062598, prefill=410.601146",26dae1f99b2b50fb17118f38d8a8e95dfac3357c
meta-llama/Llama-4-Scout-17B-16E-Instruct,Llama4ForConditionalGeneration,l40s,sglang,0.5.12,PASS,,"python python/aisimulate/tools/support_matrix/generate_fpe_support_matrix.py --model ""meta-llama/Llama-4-Scout-17B-16E-Instruct"" --system ""l40s"" --backend ""sglang"" --backend-version ""0.5.12"" --forward-model op_level --max-workers 8",silicon,540,135,"BUILD_FAILED=20, PASS=200, SDK_UNREPRESENTABLE=320","decode_end=28646.108214, decode_start=112.152482, mixed=421.931226, prefill=414.998471",26dae1f99b2b50fb17118f38d8a8e95dfac3357c
meta-llama/Llama-4-Scout-17B-16E-Instruct,Llama4ForConditionalGeneration,l40s,sglang,0.5.14,PASS,,"python python/aisimulate/tools/support_matrix/generate_fpe_support_matrix.py --model ""meta-llama/Llama-4-Scout-17B-16E-Instruct"" --system ""l40s"" --backend ""sglang"" --backend-version ""0.5.14"" --forward-model op_level --max-workers 8",silicon,540,135,"BUILD_FAILED=20, PASS=200, SDK_UNREPRESENTABLE=320","decode_end=28677.518550, decode_start=112.275660, mixed=423.506068, prefill=416.036026",26dae1f99b2b50fb17118f38d8a8e95dfac3357c
meta-llama/Llama-4-Scout-17B-16E-Instruct,Llama4ForConditionalGeneration,l40s,sglang,0.5.16,PASS,,"python python/aisimulate/tools/support_matrix/generate_fpe_support_matrix.py --model ""meta-llama/Llama-4-Scout-17B-16E-Instruct"" --system ""l40s"" --backend ""sglang"" --backend-version ""0.5.16"" --forward-model op_level --max-workers 8",silicon,540,135,"BUILD_FAILED=20, PASS=200, SDK_UNREPRESENTABLE=320","decode_end=28677.518550, decode_start=112.275660, mixed=423.506068, prefill=416.036026",26dae1f99b2b50fb17118f38d8a8e95dfac3357c
meta-llama/Llama-4-Scout-17B-16E-Instruct,Llama4ForConditionalGeneration,l40s,sglang,0.5.9,FAIL,"Strict-native op-level FPE probes: BUILD_FAILED=20, PERF_DATA_MISSING=200, SDK_UNREPRESENTABLE=320; raw probes=540; topologies=135; source_sha=26dae1f99b2b50fb17118f38d8a8e95dfac3357c. Representative failure: num_heads 40 should be divisible by tp_size 16","python python/aisimulate/tools/support_matrix/generate_fpe_support_matrix.py --model ""meta-llama/Llama-4-Scout-17B-16E-Instruct"" --system ""l40s"" --backend ""sglang"" --backend-version ""0.5.9"" --forward-model op_level --max-workers 8",,540,135,"BUILD_FAILED=20, PERF_DATA_MISSING=200, SDK_UNREPRESENTABLE=320",,26dae1f99b2b50fb17118f38d8a8e95dfac3357c
meta-llama/Llama-4-Scout-17B-16E-Instruct,Llama4ForConditionalGeneration,l40s,trtllm,1.0.0,FAIL,"Strict-native op-level FPE probes: BUILD_FAILED=20, PERF_DATA_MISSING=96; raw probes=116; topologies=29; source_sha=26dae1f99b2b50fb17118f38d8a8e95dfac3357c. Representative failure: num_heads 40 should be divisible by tp_size 16","python python/aisimulate/tools/support_matrix/generate_fpe_support_matrix.py --model ""meta-llama/Llama-4-Scout-17B-16E-Instruct"" --system ""l40s"" --backend ""trtllm"" --backend-version ""1.0.0"" --forward-model op_level --max-workers 8",,116,29,"BUILD_FAILED=20, PERF_DATA_MISSING=96",,26dae1f99b2b50fb17118f38d8a8e95dfac3357c
meta-llama/Llama-4-Scout-17B-16E-Instruct,Llama4ForConditionalGeneration,l40s,trtllm,1.3.0rc15,PASS,,"python python/aisimulate/tools/support_matrix/generate_fpe_support_matrix.py --model ""meta-llama/Llama-4-Scout-17B-16E-Instruct"" --system ""l40s"" --backend ""trtllm"" --backend-version ""1.3.0rc15"" --forward-model op_level --max-workers 8",silicon,116,29,"BUILD_FAILED=20, PASS=96","decode_end=30964.393074, decode_start=120.943641, mixed=297.305849, prefill=295.071265",26dae1f99b2b50fb17118f38d8a8e95dfac3357c
meta-llama/Llama-4-Scout-17B-16E-Instruct,Llama4ForConditionalGeneration,l40s,trtllm,1.3.0rc20,PASS,,"python python/aisimulate/tools/support_matrix/generate_fpe_support_matrix.py --model ""meta-llama/Llama-4-Scout-17B-16E-Instruct"" --system ""l40s"" --backend ""trtllm"" --backend-version ""1.3.0rc20"" --forward-model op_level --max-workers 8",silicon,116,29,"BUILD_FAILED=20, PASS=96","decode_end=33468.412904, decode_start=131.087784, mixed=287.378964, prefill=281.072374",26dae1f99b2b50fb17118f38d8a8e95dfac3357c
meta-llama/Llama-4-Scout-17B-16E-Instruct,Llama4ForConditionalGeneration,l40s,trtllm,1.3.0rc23,PASS,,"python python/aisimulate/tools/support_matrix/generate_fpe_support_matrix.py --model ""meta-llama/Llama-4-Scout-17B-16E-Instruct"" --system ""l40s"" --backend ""trtllm"" --backend-version ""1.3.0rc23"" --forward-model op_level --max-workers 8",silicon,116,29,"BUILD_FAILED=20, PASS=96","decode_end=33468.412904, decode_start=131.087784, mixed=287.378964, prefill=281.072374",26dae1f99b2b50fb17118f38d8a8e95dfac3357c
meta-llama/Llama-4-Scout-17B-16E-Instruct,Llama4ForConditionalGeneration,l40s,vllm,0.1.dev19262,FAIL,"Strict-native op-level FPE probes: BUILD_FAILED=8, PERF_DATA_MISSING=108; raw probes=116; topologies=29; source_sha=26dae1f99b2b50fb17118f38d8a8e95dfac3357c. Representative failure: num_heads 40 should be divisible by tp_size 16","python python/aisimulate/tools/support_matrix/generate_fpe_support_matrix.py --model ""meta-llama/Llama-4-Scout-17B-16E-Instruct"" --system ""l40s"" --backend ""vllm"" --backend-version ""0.1.dev19262"" --forward-model op_level --max-workers 8",,116,29,"BUILD_FAILED=8, PERF_DATA_MISSING=108",,26dae1f99b2b50fb17118f38d8a8e95dfac3357c
meta-llama/Llama-4-Scout-17B-16E-Instruct,Llama4ForConditionalGeneration,l40s,vllm,0.14.0,FAIL,"Strict-native op-level FPE probes: BUILD_FAILED=8, PERF_DATA_MISSING=108; raw probes=116; topologies=29; source_sha=26dae1f99b2b50fb17118f38d8a8e95dfac3357c. Representative failure: num_heads 40 should be divisible by tp_size 16","python python/aisimulate/tools/support_matrix/generate_fpe_support_matrix.py --model ""meta-llama/Llama-4-Scout-17B-16E-Instruct"" --system ""l40s"" --backend ""vllm"" --backend-version ""0.14.0"" --forward-model op_level --max-workers 8",,116,29,"BUILD_FAILED=8, PERF_DATA_MISSING=108",,26dae1f99b2b50fb17118f38d8a8e95dfac3357c
meta-llama/Llama-4-Scout-17B-16E-Instruct,Llama4ForConditionalGeneration,l40s,vllm,0.22.0,PASS,,"python python/aisimulate/tools/support_matrix/generate_fpe_support_matrix.py --model ""meta-llama/Llama-4-Scout-17B-16E-Instruct"" --system ""l40s"" --backend ""vllm"" --backend-version ""0.22.0"" --forward-model op_level --max-workers 8",silicon,116,29,"BUILD_FAILED=8, PASS=108","decode_end=30808.567419, decode_start=120.614708, mixed=296.575705, prefill=294.560392",26dae1f99b2b50fb17118f38d8a8e95dfac3357c
meta-llama/Llama-4-Scout-17B-16E-Instruct,Llama4ForConditionalGeneration,l40s,vllm,0.24.0,PASS,,"python python/aisimulate/tools/support_matrix/generate_fpe_support_matrix.py --model ""meta-llama/Llama-4-Scout-17B-16E-Instruct"" --system ""l40s"" --backend ""vllm"" --backend-version ""0.24.0"" --forward-model op_level --max-workers 8",silicon,116,29,"BUILD_FAILED=8, PASS=108","decode_end=32617.153170, decode_start=127.707201, mixed=304.328041, prefill=303.524225",26dae1f99b2b50fb17118f38d8a8e95dfac3357c
meta-llama/Meta-Llama-3.1-405B,LlamaForCausalLM,l40s,sglang,0.5.10,PASS,,"python python/aisimulate/tools/support_matrix/generate_fpe_support_matrix.py --model ""meta-llama/Meta-Llama-3.1-405B"" --system ""l40s"" --backend ""sglang"" --backend-version ""0.5.10"" --forward-model op_level --max-workers 8",silicon,40,10,"PASS=16, SDK_UNREPRESENTABLE=24","decode_end=295026.496700, decode_start=1156.403460, mixed=1362.313713, prefill=1285.445107",26dae1f99b2b50fb17118f38d8a8e95dfac3357c
meta-llama/Meta-Llama-3.1-405B,LlamaForCausalLM,l40s,sglang,0.5.12,PASS,,"python python/aisimulate/tools/support_matrix/generate_fpe_support_matrix.py --model ""meta-llama/Meta-Llama-3.1-405B"" --system ""l40s"" --backend ""sglang"" --backend-version ""0.5.12"" --forward-model op_level --max-workers 8",silicon,40,10,"PASS=16, SDK_UNREPRESENTABLE=24","decode_end=297279.870625, decode_start=1165.297795, mixed=1352.803236, prefill=1285.888011",26dae1f99b2b50fb17118f38d8a8e95dfac3357c
meta-llama/Meta-Llama-3.1-405B,LlamaForCausalLM,l40s,sglang,0.5.14,PASS,,"python python/aisimulate/tools/support_matrix/generate_fpe_support_matrix.py --model ""meta-llama/Meta-Llama-3.1-405B"" --system ""l40s"" --backend ""sglang"" --backend-version ""0.5.14"" --forward-model op_level --max-workers 8",silicon,40,10,"PASS=16, SDK_UNREPRESENTABLE=24","decode_end=292677.587600, decode_start=1147.293583, mixed=1361.756125, prefill=1286.569249",26dae1f99b2b50fb17118f38d8a8e95dfac3357c
meta-llama/Meta-Llama-3.1-405B,LlamaForCausalLM,l40s,sglang,0.5.16,PASS,,"python python/aisimulate/tools/support_matrix/generate_fpe_support_matrix.py --model ""meta-llama/Meta-Llama-3.1-405B"" --system ""l40s"" --backend ""sglang"" --backend-version ""0.5.16"" --forward-model op_level --max-workers 8",silicon,40,10,"PASS=16, SDK_UNREPRESENTABLE=24","decode_end=292677.587600, decode_start=1147.293583, mixed=1361.756125, prefill=1286.569249",26dae1f99b2b50fb17118f38d8a8e95dfac3357c
meta-llama/Meta-Llama-3.1-405B,LlamaForCausalLM,l40s,sglang,0.5.9,PASS,,"python python/aisimulate/tools/support_matrix/generate_fpe_support_matrix.py --model ""meta-llama/Meta-Llama-3.1-405B"" --system ""l40s"" --backend ""sglang"" --backend-version ""0.5.9"" --forward-model op_level --max-workers 8",silicon,40,10,"PASS=16, SDK_UNREPRESENTABLE=24","decode_end=289515.890656, decode_start=1134.788970, mixed=1310.319025, prefill=1286.939726",26dae1f99b2b50fb17118f38d8a8e95dfac3357c
meta-llama/Meta-Llama-3.1-405B,LlamaForCausalLM,l40s,trtllm,1.0.0,PASS,,"python python/aisimulate/tools/support_matrix/generate_fpe_support_matrix.py --model ""meta-llama/Meta-Llama-3.1-405B"" --system ""l40s"" --backend ""trtllm"" --backend-version ""1.0.0"" --forward-model op_level --max-workers 8",silicon,16,4,PASS=16,"decode_end=291385.205424, decode_start=1142.186819, mixed=1303.985598, prefill=1286.314370",26dae1f99b2b50fb17118f38d8a8e95dfac3357c
meta-llama/Meta-Llama-3.1-405B,LlamaForCausalLM,l40s,trtllm,1.3.0rc15,PASS,,"python python/aisimulate/tools/support_matrix/generate_fpe_support_matrix.py --model ""meta-llama/Meta-Llama-3.1-405B"" --system ""l40s"" --backend ""trtllm"" --backend-version ""1.3.0rc15"" --forward-model op_level --max-workers 8",silicon,16,4,PASS=16,"decode_end=290370.817988, decode_start=1138.264693, mixed=1368.569466, prefill=1292.725159",26dae1f99b2b50fb17118f38d8a8e95dfac3357c
meta-llama/Meta-Llama-3.1-405B,LlamaForCausalLM,l40s,trtllm,1.3.0rc20,PASS,,"python python/aisimulate/tools/support_matrix/generate_fpe_support_matrix.py --model ""meta-llama/Meta-Llama-3.1-405B"" --system ""l40s"" --backend ""trtllm"" --backend-version ""1.3.0rc20"" --forward-model op_level --max-workers 8",silicon,16,4,PASS=16,"decode_end=289912.939946, decode_start=1136.487765, mixed=1363.817690, prefill=1295.549239",26dae1f99b2b50fb17118f38d8a8e95dfac3357c
meta-llama/Meta-Llama-3.1-405B,LlamaForCausalLM,l40s,trtllm,1.3.0rc23,PASS,,"python python/aisimulate/tools/support_matrix/generate_fpe_support_matrix.py --model ""meta-llama/Meta-Llama-3.1-405B"" --system ""l40s"" --backend ""trtllm"" --backend-version ""1.3.0rc23"" --forward-model op_level --max-workers 8",silicon,16,4,PASS=16,"decode_end=289912.939946, decode_start=1136.487765, mixed=1363.817690, prefill=1295.549239",26dae1f99b2b50fb17118f38d8a8e95dfac3357c
meta-llama/Meta-Llama-3.1-405B,LlamaForCausalLM,l40s,vllm,0.1.dev19262,FAIL,Strict-native op-level FPE probes: PERF_DATA_MISSING=16; raw probes=16; topologies=4; source_sha=26dae1f99b2b50fb17118f38d8a8e95dfac3357c. Representative failure: perf database error: perf database error: no GEMM rows loaded from 1 source(s) (first: <repo>/python/aisimulate/src/aiconfigurator_core/systems/data/l40s/vllm/0.1.dev19262/gemm_perf.parquet),"python python/aisimulate/tools/support_matrix/generate_fpe_support_matrix.py --model ""meta-llama/Meta-Llama-3.1-405B"" --system ""l40s"" --backend ""vllm"" --backend-version ""0.1.dev19262"" --forward-model op_level --max-workers 8",,16,4,PERF_DATA_MISSING=16,,26dae1f99b2b50fb17118f38d8a8e95dfac3357c
meta-llama/Meta-Llama-3.1-405B,LlamaForCausalLM,l40s,vllm,0.14.0,PASS,,"python python/aisimulate/tools/support_matrix/generate_fpe_support_matrix.py --model ""meta-llama/Meta-Llama-3.1-405B"" --system ""l40s"" --backend ""vllm"" --backend-version ""0.14.0"" --forward-model op_level --max-workers 8",silicon,16,4,PASS=16,"decode_end=298924.755464, decode_start=1172.018009, mixed=1324.001745, prefill=1312.565126",26dae1f99b2b50fb17118f38d8a8e95dfac3357c
meta-llama/Meta-Llama-3.1-405B,LlamaForCausalLM,l40s,vllm,0.22.0,PASS,,"python python/aisimulate/tools/support_matrix/generate_fpe_support_matrix.py --model ""meta-llama/Meta-Llama-3.1-405B"" --system ""l40s"" --backend ""vllm"" --backend-version ""0.22.0"" --forward-model op_level --max-workers 8",silicon,16,4,PASS=16,"decode_end=297246.949504, decode_start=1165.415970, mixed=1383.091089, prefill=1325.801996",26dae1f99b2b50fb17118f38d8a8e95dfac3357c
meta-llama/Meta-Llama-3.1-405B,LlamaForCausalLM,l40s,vllm,0.24.0,PASS,,"python python/aisimulate/tools/support_matrix/generate_fpe_support_matrix.py --model ""meta-llama/Meta-Llama-3.1-405B"" --system ""l40s"" --backend ""vllm"" --backend-version ""0.24.0"" --forward-model op_level --max-workers 8",silicon,16,4,PASS=16,"decode_end=290760.184499, decode_start=1139.977676, mixed=1353.967736, prefill=1282.617238",26dae1f99b2b50fb17118f38d8a8e95dfac3357c
meta-llama/Meta-Llama-3.1-70B,LlamaForCausalLM,l40s,sglang,0.5.10,PASS,,"python python/aisimulate/tools/support_matrix/generate_fpe_support_matrix.py --model ""meta-llama/Meta-Llama-3.1-70B"" --system ""l40s"" --backend ""sglang"" --backend-version ""0.5.10"" --forward-model op_level --max-workers 8",silicon,40,10,"PASS=16, SDK_UNREPRESENTABLE=24","decode_end=51178.522173, decode_start=200.357013, mixed=240.561476, prefill=231.478105",26dae1f99b2b50fb17118f38d8a8e95dfac3357c
meta-llama/Meta-Llama-3.1-70B,LlamaForCausalLM,l40s,sglang,0.5.12,PASS,,"python python/aisimulate/tools/support_matrix/generate_fpe_support_matrix.py --model ""meta-llama/Meta-Llama-3.1-70B"" --system ""l40s"" --backend ""sglang"" --backend-version ""0.5.12"" --forward-model op_level --max-workers 8",silicon,40,10,"PASS=16, SDK_UNREPRESENTABLE=24","decode_end=51765.323139, decode_start=202.681287, mixed=248.366020, prefill=230.694159",26dae1f99b2b50fb17118f38d8a8e95dfac3357c
meta-llama/Meta-Llama-3.1-70B,LlamaForCausalLM,l40s,sglang,0.5.14,PASS,,"python python/aisimulate/tools/support_matrix/generate_fpe_support_matrix.py --model ""meta-llama/Meta-Llama-3.1-70B"" --system ""l40s"" --backend ""sglang"" --backend-version ""0.5.14"" --forward-model op_level --max-workers 8",silicon,40,10,"PASS=16, SDK_UNREPRESENTABLE=24","decode_end=52100.479672, decode_start=204.010313, mixed=242.245759, prefill=233.952186",26dae1f99b2b50fb17118f38d8a8e95dfac3357c
meta-llama/Meta-Llama-3.1-70B,LlamaForCausalLM,l40s,sglang,0.5.16,PASS,,"python python/aisimulate/tools/support_matrix/generate_fpe_support_matrix.py --model ""meta-llama/Meta-Llama-3.1-70B"" --system ""l40s"" --backend ""sglang"" --backend-version ""0.5.16"" --forward-model op_level --max-workers 8",silicon,40,10,"PASS=16, SDK_UNREPRESENTABLE=24","decode_end=52100.479672, decode_start=204.010313, mixed=242.245759, prefill=233.952186",26dae1f99b2b50fb17118f38d8a8e95dfac3357c
meta-llama/Meta-Llama-3.1-70B,LlamaForCausalLM,l40s,sglang,0.5.9,PASS,,"python python/aisimulate/tools/support_matrix/generate_fpe_support_matrix.py --model ""meta-llama/Meta-Llama-3.1-70B"" --system ""l40s"" --backend ""sglang"" --backend-version ""0.5.9"" --forward-model op_level --max-workers 8",silicon,40,10,"PASS=16, SDK_UNREPRESENTABLE=24","decode_end=50726.146976, decode_start=198.581351, mixed=234.815862, prefill=230.149618",26dae1f99b2b50fb17118f38d8a8e95dfac3357c
meta-llama/Meta-Llama-3.1-70B,LlamaForCausalLM,l40s,trtllm,1.0.0,PASS,,"python python/aisimulate/tools/support_matrix/generate_fpe_support_matrix.py --model ""meta-llama/Meta-Llama-3.1-70B"" --system ""l40s"" --backend ""trtllm"" --backend-version ""1.0.0"" --forward-model op_level --max-workers 8",silicon,16,4,PASS=16,"decode_end=50530.671963, decode_start=197.849653, mixed=233.153329, prefill=229.025517",26dae1f99b2b50fb17118f38d8a8e95dfac3357c
meta-llama/Meta-Llama-3.1-70B,LlamaForCausalLM,l40s,trtllm,1.3.0rc15,PASS,,"python python/aisimulate/tools/support_matrix/generate_fpe_support_matrix.py --model ""meta-llama/Meta-Llama-3.1-70B"" --system ""l40s"" --backend ""trtllm"" --backend-version ""1.3.0rc15"" --forward-model op_level --max-workers 8",silicon,16,4,PASS=16,"decode_end=50675.464460, decode_start=198.441178, mixed=242.255837, prefill=230.094160",26dae1f99b2b50fb17118f38d8a8e95dfac3357c
meta-llama/Meta-Llama-3.1-70B,LlamaForCausalLM,l40s,trtllm,1.3.0rc20,PASS,,"python python/aisimulate/tools/support_matrix/generate_fpe_support_matrix.py --model ""meta-llama/Meta-Llama-3.1-70B"" --system ""l40s"" --backend ""trtllm"" --backend-version ""1.3.0rc20"" --forward-model op_level --max-workers 8",silicon,16,4,PASS=16,"decode_end=50798.366076, decode_start=198.928719, mixed=244.151155, prefill=230.120709",26dae1f99b2b50fb17118f38d8a8e95dfac3357c
meta-llama/Meta-Llama-3.1-70B,LlamaForCausalLM,l40s,trtllm,1.3.0rc23,PASS,,"python python/aisimulate/tools/support_matrix/generate_fpe_support_matrix.py --model ""meta-llama/Meta-Llama-3.1-70B"" --system ""l40s"" --backend ""trtllm"" --backend-version ""1.3.0rc23"" --forward-model op_level --max-workers 8",silicon,16,4,PASS=16,"decode_end=50798.366076, decode_start=198.928719, mixed=244.151155, prefill=230.120709",26dae1f99b2b50fb17118f38d8a8e95dfac3357c
meta-llama/Meta-Llama-3.1-70B,LlamaForCausalLM,l40s,vllm,0.1.dev19262,FAIL,Strict-native op-level FPE probes: PERF_DATA_MISSING=16; raw probes=16; topologies=4; source_sha=26dae1f99b2b50fb17118f38d8a8e95dfac3357c. Representative failure: perf database error: perf database error: no GEMM rows loaded from 1 source(s) (first: <repo>/python/aisimulate/src/aiconfigurator_core/systems/data/l40s/vllm/0.1.dev19262/gemm_perf.parquet),"python python/aisimulate/tools/support_matrix/generate_fpe_support_matrix.py --model ""meta-llama/Meta-Llama-3.1-70B"" --system ""l40s"" --backend ""vllm"" --backend-version ""0.1.dev19262"" --forward-model op_level --max-workers 8",,16,4,PERF_DATA_MISSING=16,,26dae1f99b2b50fb17118f38d8a8e95dfac3357c
meta-llama/Meta-Llama-3.1-70B,LlamaForCausalLM,l40s,vllm,0.14.0,PASS,,"python python/aisimulate/tools/support_matrix/generate_fpe_support_matrix.py --model ""meta-llama/Meta-Llama-3.1-70B"" --system ""l40s"" --backend ""vllm"" --backend-version ""0.14.0"" --forward-model op_level --max-workers 8",silicon,16,4,PASS=16,"decode_end=51349.558735, decode_start=201.200802, mixed=236.873516, prefill=231.883123",26dae1f99b2b50fb17118f38d8a8e95dfac3357c
meta-llama/Meta-Llama-3.1-70B,LlamaForCausalLM,l40s,vllm,0.22.0,PASS,,"python python/aisimulate/tools/support_matrix/generate_fpe_support_matrix.py --model ""meta-llama/Meta-Llama-3.1-70B"" --system ""l40s"" --backend ""vllm"" --backend-version ""0.22.0"" --forward-model op_level --max-workers 8",silicon,16,4,PASS=16,"decode_end=54647.090808, decode_start=214.128187, mixed=247.316896, prefill=237.623377",26dae1f99b2b50fb17118f38d8a8e95dfac3357c
meta-llama/Meta-Llama-3.1-70B,LlamaForCausalLM,l40s,vllm,0.24.0,PASS,,"python python/aisimulate/tools/support_matrix/generate_fpe_support_matrix.py --model ""meta-llama/Meta-Llama-3.1-70B"" --system ""l40s"" --backend ""vllm"" --backend-version ""0.24.0"" --forward-model op_level --max-workers 8",silicon,16,4,PASS=16,"decode_end=51452.697415, decode_start=201.601154, mixed=242.708614, prefill=230.988693",26dae1f99b2b50fb17118f38d8a8e95dfac3357c
meta-llama/Meta-Llama-3.1-8B,LlamaForCausalLM,l40s,sglang,0.5.10,PASS,,"python python/aisimulate/tools/support_matrix/generate_fpe_support_matrix.py --model ""meta-llama/Meta-Llama-3.1-8B"" --system ""l40s"" --backend ""sglang"" --backend-version ""0.5.10"" --forward-model op_level --max-workers 8",silicon,24,6,"PASS=12, SDK_UNREPRESENTABLE=12","decode_end=5942.187103, decode_start=23.171021, mixed=28.998089, prefill=27.741193",26dae1f99b2b50fb17118f38d8a8e95dfac3357c
meta-llama/Meta-Llama-3.1-8B,LlamaForCausalLM,l40s,sglang,0.5.12,PASS,,"python python/aisimulate/tools/support_matrix/generate_fpe_support_matrix.py --model ""meta-llama/Meta-Llama-3.1-8B"" --system ""l40s"" --backend ""sglang"" --backend-version ""0.5.12"" --forward-model op_level --max-workers 8",silicon,24,6,"PASS=12, SDK_UNREPRESENTABLE=12","decode_end=5818.569508, decode_start=22.690180, mixed=28.368673, prefill=27.567689",26dae1f99b2b50fb17118f38d8a8e95dfac3357c
meta-llama/Meta-Llama-3.1-8B,LlamaForCausalLM,l40s,sglang,0.5.14,PASS,,"python python/aisimulate/tools/support_matrix/generate_fpe_support_matrix.py --model ""meta-llama/Meta-Llama-3.1-8B"" --system ""l40s"" --backend ""sglang"" --backend-version ""0.5.14"" --forward-model op_level --max-workers 8",silicon,24,6,"PASS=12, SDK_UNREPRESENTABLE=12","decode_end=5821.310970, decode_start=22.701907, mixed=28.601433, prefill=27.731877",26dae1f99b2b50fb17118f38d8a8e95dfac3357c
meta-llama/Meta-Llama-3.1-8B,LlamaForCausalLM,l40s,sglang,0.5.16,PASS,,"python python/aisimulate/tools/support_matrix/generate_fpe_support_matrix.py --model ""meta-llama/Meta-Llama-3.1-8B"" --system ""l40s"" --backend ""sglang"" --backend-version ""0.5.16"" --forward-model op_level --max-workers 8",silicon,24,6,"PASS=12, SDK_UNREPRESENTABLE=12","decode_end=5821.310970, decode_start=22.701907, mixed=28.601433, prefill=27.731877",26dae1f99b2b50fb17118f38d8a8e95dfac3357c
meta-llama/Meta-Llama-3.1-8B,LlamaForCausalLM,l40s,sglang,0.5.9,PASS,,"python python/aisimulate/tools/support_matrix/generate_fpe_support_matrix.py --model ""meta-llama/Meta-Llama-3.1-8B"" --system ""l40s"" --backend ""sglang"" --backend-version ""0.5.9"" --forward-model op_level --max-workers 8",silicon,24,6,"PASS=12, SDK_UNREPRESENTABLE=12","decode_end=5853.558887, decode_start=22.818772, mixed=28.235185, prefill=27.192410",26dae1f99b2b50fb17118f38d8a8e95dfac3357c
meta-llama/Meta-Llama-3.1-8B,LlamaForCausalLM,l40s,trtllm,1.0.0,PASS,,"python python/aisimulate/tools/support_matrix/generate_fpe_support_matrix.py --model ""meta-llama/Meta-Llama-3.1-8B"" --system ""l40s"" --backend ""trtllm"" --backend-version ""1.0.0"" --forward-model op_level --max-workers 8",silicon,12,3,PASS=12,"decode_end=6008.498361, decode_start=23.441066, mixed=28.236861, prefill=27.404860",26dae1f99b2b50fb17118f38d8a8e95dfac3357c
meta-llama/Meta-Llama-3.1-8B,LlamaForCausalLM,l40s,trtllm,1.3.0rc15,PASS,,"python python/aisimulate/tools/support_matrix/generate_fpe_support_matrix.py --model ""meta-llama/Meta-Llama-3.1-8B"" --system ""l40s"" --backend ""trtllm"" --backend-version ""1.3.0rc15"" --forward-model op_level --max-workers 8",silicon,12,3,PASS=12,"decode_end=5398.503544, decode_start=21.051442, mixed=26.816390, prefill=25.659209",26dae1f99b2b50fb17118f38d8a8e95dfac3357c
meta-llama/Meta-Llama-3.1-8B,LlamaForCausalLM,l40s,trtllm,1.3.0rc20,PASS,,"python python/aisimulate/tools/support_matrix/generate_fpe_support_matrix.py --model ""meta-llama/Meta-Llama-3.1-8B"" --system ""l40s"" --backend ""trtllm"" --backend-version ""1.3.0rc20"" --forward-model op_level --max-workers 8",silicon,12,3,PASS=12,"decode_end=5399.274671, decode_start=21.061247, mixed=26.904526, prefill=25.526939",26dae1f99b2b50fb17118f38d8a8e95dfac3357c
meta-llama/Meta-Llama-3.1-8B,LlamaForCausalLM,l40s,trtllm,1.3.0rc23,PASS,,"python python/aisimulate/tools/support_matrix/generate_fpe_support_matrix.py --model ""meta-llama/Meta-Llama-3.1-8B"" --system ""l40s"" --backend ""trtllm"" --backend-version ""1.3.0rc23"" --forward-model op_level --max-workers 8",silicon,12,3,PASS=12,"decode_end=5399.274671, decode_start=21.061247, mixed=26.904526, prefill=25.526939",26dae1f99b2b50fb17118f38d8a8e95dfac3357c
meta-llama/Meta-Llama-3.1-8B,LlamaForCausalLM,l40s,vllm,0.1.dev19262,FAIL,Strict-native op-level FPE probes: PERF_DATA_MISSING=12; raw probes=12; topologies=3; source_sha=26dae1f99b2b50fb17118f38d8a8e95dfac3357c. Representative failure: perf database error: perf database error: no GEMM rows loaded from 1 source(s) (first: <repo>/python/aisimulate/src/aiconfigurator_core/systems/data/l40s/vllm/0.1.dev19262/gemm_perf.parquet),"python python/aisimulate/tools/support_matrix/generate_fpe_support_matrix.py --model ""meta-llama/Meta-Llama-3.1-8B"" --system ""l40s"" --backend ""vllm"" --backend-version ""0.1.dev19262"" --forward-model op_level --max-workers 8",,12,3,PERF_DATA_MISSING=12,,26dae1f99b2b50fb17118f38d8a8e95dfac3357c
meta-llama/Meta-Llama-3.1-8B,LlamaForCausalLM,l40s,vllm,0.14.0,PASS,,"python python/aisimulate/tools/support_matrix/generate_fpe_support_matrix.py --model ""meta-llama/Meta-Llama-3.1-8B"" --system ""l40s"" --backend ""vllm"" --backend-version ""0.14.0"" --forward-model op_level --max-workers 8",silicon,12,3,PASS=12,"decode_end=5789.697559, decode_start=22.637000, mixed=27.593867, prefill=26.642631",26dae1f99b2b50fb17118f38d8a8e95dfac3357c
meta-llama/Meta-Llama-3.1-8B,LlamaForCausalLM,l40s,vllm,0.22.0,PASS,,"python python/aisimulate/tools/support_matrix/generate_fpe_support_matrix.py --model ""meta-llama/Meta-Llama-3.1-8B"" --system ""l40s"" --backend ""vllm"" --backend-version ""0.22.0"" --forward-model op_level --max-workers 8",silicon,12,3,PASS=12,"decode_end=6139.525592, decode_start=24.004389, mixed=28.736898, prefill=27.884231",26dae1f99b2b50fb17118f38d8a8e95dfac3357c
meta-llama/Meta-Llama-3.1-8B,LlamaForCausalLM,l40s,vllm,0.24.0,PASS,,"python python/aisimulate/tools/support_matrix/generate_fpe_support_matrix.py --model ""meta-llama/Meta-Llama-3.1-8B"" --system ""l40s"" --backend ""vllm"" --backend-version ""0.24.0"" --forward-model op_level --max-workers 8",silicon,12,3,PASS=12,"decode_end=5809.576779, decode_start=22.710472, mixed=27.969562, prefill=26.926322",26dae1f99b2b50fb17118f38d8a8e95dfac3357c
moonshotai/Kimi-K2.5,KimiK25ForConditionalGeneration,l40s,sglang,0.5.10,PASS,,"python python/aisimulate/tools/support_matrix/generate_fpe_support_matrix.py --model ""moonshotai/Kimi-K2.5"" --system ""l40s"" --backend ""sglang"" --backend-version ""0.5.10"" --forward-model op_level --max-workers 8",silicon,540,135,"PASS=200, PERF_DATA_MISSING=20, SDK_UNREPRESENTABLE=320","decode_end=37884.423555, decode_start=147.827922, mixed=681.642448, prefill=676.213869",26dae1f99b2b50fb17118f38d8a8e95dfac3357c
moonshotai/Kimi-K2.5,KimiK25ForConditionalGeneration,l40s,sglang,0.5.12,PASS,,"python python/aisimulate/tools/support_matrix/generate_fpe_support_matrix.py --model ""moonshotai/Kimi-K2.5"" --system ""l40s"" --backend ""sglang"" --backend-version ""0.5.12"" --forward-model op_level --max-workers 8",silicon,540,135,"PASS=220, SDK_UNREPRESENTABLE=320","decode_end=43474.985619, decode_start=170.185179, mixed=674.753619, prefill=643.324909",26dae1f99b2b50fb17118f38d8a8e95dfac3357c
moonshotai/Kimi-K2.5,KimiK25ForConditionalGeneration,l40s,sglang,0.5.14,PASS,,"python python/aisimulate/tools/support_matrix/generate_fpe_support_matrix.py --model ""moonshotai/Kimi-K2.5"" --system ""l40s"" --backend ""sglang"" --backend-version ""0.5.14"" --forward-model op_level --max-workers 8",silicon,540,135,"PASS=220, SDK_UNREPRESENTABLE=320","decode_end=43449.124615, decode_start=170.083764, mixed=720.070426, prefill=706.852216",26dae1f99b2b50fb17118f38d8a8e95dfac3357c
moonshotai/Kimi-K2.5,KimiK25ForConditionalGeneration,l40s,sglang,0.5.16,PASS,,"python python/aisimulate/tools/support_matrix/generate_fpe_support_matrix.py --model ""moonshotai/Kimi-K2.5"" --system ""l40s"" --backend ""sglang"" --backend-version ""0.5.16"" --forward-model op_level --max-workers 8",silicon,540,135,"PASS=220, SDK_UNREPRESENTABLE=320","decode_end=43449.124615, decode_start=170.083764, mixed=720.070426, prefill=706.852216",26dae1f99b2b50fb17118f38d8a8e95dfac3357c
moonshotai/Kimi-K2.5,KimiK25ForConditionalGeneration,l40s,sglang,0.5.9,FAIL,"Strict-native op-level FPE probes: PERF_DATA_MISSING=220, SDK_UNREPRESENTABLE=320; raw probes=540; topologies=135; source_sha=26dae1f99b2b50fb17118f38d8a8e95dfac3357c. Representative failure: perf database error: perf database error: no MLA op rows loaded from 1 source(s) (first: <repo>/python/aisimulate/src/aiconfigurator_core/systems/data/l40s/sglang/0.5.9/context_mla_perf.parquet)","python python/aisimulate/tools/support_matrix/generate_fpe_support_matrix.py --model ""moonshotai/Kimi-K2.5"" --system ""l40s"" --backend ""sglang"" --backend-version ""0.5.9"" --forward-model op_level --max-workers 8",,540,135,"PERF_DATA_MISSING=220, SDK_UNREPRESENTABLE=320",,26dae1f99b2b50fb17118f38d8a8e95dfac3357c
moonshotai/Kimi-K2.5,KimiK25ForConditionalGeneration,l40s,trtllm,1.0.0,FAIL,"Strict-native op-level FPE probes: PERF_DATA_MISSING=116; raw probes=116; topologies=29; source_sha=26dae1f99b2b50fb17118f38d8a8e95dfac3357c. Representative failure: perf database error: MoE data missing for MoeKey { quant: ""int4_wo"", distribution: ""uniform"", topk: 8, num_experts: 384, hidden_size: 7168, inter_size: 2048, moe_tp_size: 1, moe_ep_size: 1 } at <repo>/python/aisimulate/src/aiconfigurator_core/systems/data/l40s/trtllm/1.0.0","python python/aisimulate/tools/support_matrix/generate_fpe_support_matrix.py --model ""moonshotai/Kimi-K2.5"" --system ""l40s"" --backend ""trtllm"" --backend-version ""1.0.0"" --forward-model op_level --max-workers 8",,116,29,PERF_DATA_MISSING=116,,26dae1f99b2b50fb17118f38d8a8e95dfac3357c
moonshotai/Kimi-K2.5,KimiK25ForConditionalGeneration,l40s,trtllm,1.3.0rc15,FAIL,"Strict-native op-level FPE probes: PERF_DATA_MISSING=116; raw probes=116; topologies=29; source_sha=26dae1f99b2b50fb17118f38d8a8e95dfac3357c. Representative failure: perf database error: MoE data missing for MoeKey { quant: ""int4_wo"", distribution: ""uniform"", topk: 8, num_experts: 384, hidden_size: 7168, inter_size: 2048, moe_tp_size: 1, moe_ep_size: 1 } at <repo>/python/aisimulate/src/aiconfigurator_core/systems/data/l40s/trtllm/1.3.0rc15","python python/aisimulate/tools/support_matrix/generate_fpe_support_matrix.py --model ""moonshotai/Kimi-K2.5"" --system ""l40s"" --backend ""trtllm"" --backend-version ""1.3.0rc15"" --forward-model op_level --max-workers 8",,116,29,PERF_DATA_MISSING=116,,26dae1f99b2b50fb17118f38d8a8e95dfac3357c
moonshotai/Kimi-K2.5,KimiK25ForConditionalGeneration,l40s,trtllm,1.3.0rc20,FAIL,"Strict-native op-level FPE probes: PERF_DATA_MISSING=116; raw probes=116; topologies=29; source_sha=26dae1f99b2b50fb17118f38d8a8e95dfac3357c. Representative failure: perf database error: MoE data missing for MoeKey { quant: ""int4_wo"", distribution: ""uniform"", topk: 8, num_experts: 384, hidden_size: 7168, inter_size: 2048, moe_tp_size: 1, moe_ep_size: 1 } at <repo>/python/aisimulate/src/aiconfigurator_core/systems/data/l40s/trtllm/1.3.0rc20","python python/aisimulate/tools/support_matrix/generate_fpe_support_matrix.py --model ""moonshotai/Kimi-K2.5"" --system ""l40s"" --backend ""trtllm"" --backend-version ""1.3.0rc20"" --forward-model op_level --max-workers 8",,116,29,PERF_DATA_MISSING=116,,26dae1f99b2b50fb17118f38d8a8e95dfac3357c
moonshotai/Kimi-K2.5,KimiK25ForConditionalGeneration,l40s,trtllm,1.3.0rc23,FAIL,"Strict-native op-level FPE probes: PERF_DATA_MISSING=116; raw probes=116; topologies=29; source_sha=26dae1f99b2b50fb17118f38d8a8e95dfac3357c. Representative failure: perf database error: MoE data missing for MoeKey { quant: ""int4_wo"", distribution: ""uniform"", topk: 8, num_experts: 384, hidden_size: 7168, inter_size: 2048, moe_tp_size: 1, moe_ep_size: 1 } at <repo>/python/aisimulate/src/aiconfigurator_core/systems/data/l40s/trtllm/1.3.0rc23","python python/aisimulate/tools/support_matrix/generate_fpe_support_matrix.py --model ""moonshotai/Kimi-K2.5"" --system ""l40s"" --backend ""trtllm"" --backend-version ""1.3.0rc23"" --forward-model op_level --max-workers 8",,116,29,PERF_DATA_MISSING=116,,26dae1f99b2b50fb17118f38d8a8e95dfac3357c
moonshotai/Kimi-K2.5,KimiK25ForConditionalGeneration,l40s,vllm,0.1.dev19262,FAIL,Strict-native op-level FPE probes: PERF_DATA_MISSING=116; raw probes=116; topologies=29; source_sha=26dae1f99b2b50fb17118f38d8a8e95dfac3357c. Representative failure: perf database error: perf database error: no GEMM rows loaded from 1 source(s) (first: <repo>/python/aisimulate/src/aiconfigurator_core/systems/data/l40s/vllm/0.1.dev19262/gemm_perf.parquet),"python python/aisimulate/tools/support_matrix/generate_fpe_support_matrix.py --model ""moonshotai/Kimi-K2.5"" --system ""l40s"" --backend ""vllm"" --backend-version ""0.1.dev19262"" --forward-model op_level --max-workers 8",,116,29,PERF_DATA_MISSING=116,,26dae1f99b2b50fb17118f38d8a8e95dfac3357c
moonshotai/Kimi-K2.5,KimiK25ForConditionalGeneration,l40s,vllm,0.14.0,FAIL,"Strict-native op-level FPE probes: PERF_DATA_MISSING=116; raw probes=116; topologies=29; source_sha=26dae1f99b2b50fb17118f38d8a8e95dfac3357c. Representative failure: perf database error: MoE data missing for MoeKey { quant: ""int4_wo"", distribution: ""uniform"", topk: 8, num_experts: 384, hidden_size: 7168, inter_size: 2048, moe_tp_size: 1, moe_ep_size: 1 } at <repo>/python/aisimulate/src/aiconfigurator_core/systems/data/l40s/vllm/0.14.0","python python/aisimulate/tools/support_matrix/generate_fpe_support_matrix.py --model ""moonshotai/Kimi-K2.5"" --system ""l40s"" --backend ""vllm"" --backend-version ""0.14.0"" --forward-model op_level --max-workers 8",,116,29,PERF_DATA_MISSING=116,,26dae1f99b2b50fb17118f38d8a8e95dfac3357c
moonshotai/Kimi-K2.5,KimiK25ForConditionalGeneration,l40s,vllm,0.22.0,PASS,,"python python/aisimulate/tools/support_matrix/generate_fpe_support_matrix.py --model ""moonshotai/Kimi-K2.5"" --system ""l40s"" --backend ""vllm"" --backend-version ""0.22.0"" --forward-model op_level --max-workers 8",silicon,116,29,PASS=116,"decode_end=104604.988261, decode_start=409.686642, mixed=1961.642198, prefill=1939.732694",26dae1f99b2b50fb17118f38d8a8e95dfac3357c
moonshotai/Kimi-K2.5,KimiK25ForConditionalGeneration,l40s,vllm,0.24.0,PASS,,"python python/aisimulate/tools/support_matrix/generate_fpe_support_matrix.py --model ""moonshotai/Kimi-K2.5"" --system ""l40s"" --backend ""vllm"" --backend-version ""0.24.0"" --forward-model op_level --max-workers 8",silicon,116,29,PASS=116,"decode_end=104598.308175, decode_start=409.660445, mixed=1960.640520, prefill=1939.563684",26dae1f99b2b50fb17118f38d8a8e95dfac3357c
moonshotai/Kimi-K3,KimiK3ForConditionalGeneration,l40s,sglang,0.5.10,FAIL,"Strict-native op-level FPE probes: PERF_DATA_MISSING=220; raw probes=220; topologies=55; source_sha=26dae1f99b2b50fb17118f38d8a8e95dfac3357c. Representative failure: perf database error: MoE data missing for MoeKey { quant: ""w4a16_mxfp4"", distribution: ""uniform"", topk: 16, num_experts: 896, hidden_size: 3584, inter_size: 3072, moe_tp_size: 1, moe_ep_size: 1 } at <repo>/python/aisimulate/src/aiconfigurator_core/systems/data/l40s/sglang/0.5.10","python python/aisimulate/tools/support_matrix/generate_fpe_support_matrix.py --model ""moonshotai/Kimi-K3"" --system ""l40s"" --backend ""sglang"" --backend-version ""0.5.10"" --forward-model op_level --max-workers 8",,220,55,PERF_DATA_MISSING=220,,26dae1f99b2b50fb17118f38d8a8e95dfac3357c
moonshotai/Kimi-K3,KimiK3ForConditionalGeneration,l40s,sglang,0.5.12,PASS,,"python python/aisimulate/tools/support_matrix/generate_fpe_support_matrix.py --model ""moonshotai/Kimi-K3"" --system ""l40s"" --backend ""sglang"" --backend-version ""0.5.12"" --forward-model op_level --max-workers 8",silicon,220,55,"PASS=216, PERF_DATA_MISSING=4","decode_end=339509.992087, decode_start=1331.331322, mixed=3341.495506, prefill=3286.147918",26dae1f99b2b50fb17118f38d8a8e95dfac3357c
moonshotai/Kimi-K3,KimiK3ForConditionalGeneration,l40s,sglang,0.5.14,PASS,,"python python/aisimulate/tools/support_matrix/generate_fpe_support_matrix.py --model ""moonshotai/Kimi-K3"" --system ""l40s"" --backend ""sglang"" --backend-version ""0.5.14"" --forward-model op_level --max-workers 8",silicon,220,55,"PASS=216, PERF_DATA_MISSING=4","decode_end=338266.108238, decode_start=1326.453346, mixed=3338.322441, prefill=3288.317296",26dae1f99b2b50fb17118f38d8a8e95dfac3357c
moonshotai/Kimi-K3,KimiK3ForConditionalGeneration,l40s,sglang,0.5.16,PASS,,"python python/aisimulate/tools/support_matrix/generate_fpe_support_matrix.py --model ""moonshotai/Kimi-K3"" --system ""l40s"" --backend ""sglang"" --backend-version ""0.5.16"" --forward-model op_level --max-workers 8",silicon,220,55,"PASS=216, PERF_DATA_MISSING=4","decode_end=336725.042722, decode_start=1320.409952, mixed=3287.805105, prefill=3237.506970",26dae1f99b2b50fb17118f38d8a8e95dfac3357c
moonshotai/Kimi-K3,KimiK3ForConditionalGeneration,l40s,sglang,0.5.9,FAIL,"Strict-native op-level FPE probes: PERF_DATA_MISSING=220; raw probes=220; topologies=55; source_sha=26dae1f99b2b50fb17118f38d8a8e95dfac3357c. Representative failure: perf database error: MoE data missing for MoeKey { quant: ""w4a16_mxfp4"", distribution: ""uniform"", topk: 16, num_experts: 896, hidden_size: 3584, inter_size: 3072, moe_tp_size: 1, moe_ep_size: 1 } at <repo>/python/aisimulate/src/aiconfigurator_core/systems/data/l40s/sglang/0.5.9","python python/aisimulate/tools/support_matrix/generate_fpe_support_matrix.py --model ""moonshotai/Kimi-K3"" --system ""l40s"" --backend ""sglang"" --backend-version ""0.5.9"" --forward-model op_level --max-workers 8",,220,55,PERF_DATA_MISSING=220,,26dae1f99b2b50fb17118f38d8a8e95dfac3357c
moonshotai/Kimi-K3,KimiK3ForConditionalGeneration,l40s,trtllm,1.0.0,FAIL,"Strict-native op-level FPE probes: PERF_DATA_MISSING=116; raw probes=116; topologies=29; source_sha=26dae1f99b2b50fb17118f38d8a8e95dfac3357c. Representative failure: perf database error: MoE data missing for MoeKey { quant: ""w4a16_mxfp4"", distribution: ""uniform"", topk: 16, num_experts: 896, hidden_size: 3584, inter_size: 3072, moe_tp_size: 1, moe_ep_size: 1 } at <repo>/python/aisimulate/src/aiconfigurator_core/systems/data/l40s/trtllm/1.0.0","python python/aisimulate/tools/support_matrix/generate_fpe_support_matrix.py --model ""moonshotai/Kimi-K3"" --system ""l40s"" --backend ""trtllm"" --backend-version ""1.0.0"" --forward-model op_level --max-workers 8",,116,29,PERF_DATA_MISSING=116,,26dae1f99b2b50fb17118f38d8a8e95dfac3357c
moonshotai/Kimi-K3,KimiK3ForConditionalGeneration,l40s,trtllm,1.3.0rc15,FAIL,"Strict-native op-level FPE probes: PERF_DATA_MISSING=116; raw probes=116; topologies=29; source_sha=26dae1f99b2b50fb17118f38d8a8e95dfac3357c. Representative failure: perf database error: MoE data missing for MoeKey { quant: ""w4a16_mxfp4"", distribution: ""uniform"", topk: 16, num_experts: 896, hidden_size: 3584, inter_size: 3072, moe_tp_size: 1, moe_ep_size: 1 } at <repo>/python/aisimulate/src/aiconfigurator_core/systems/data/l40s/trtllm/1.3.0rc15","python python/aisimulate/tools/support_matrix/generate_fpe_support_matrix.py --model ""moonshotai/Kimi-K3"" --system ""l40s"" --backend ""trtllm"" --backend-version ""1.3.0rc15"" --forward-model op_level --max-workers 8",,116,29,PERF_DATA_MISSING=116,,26dae1f99b2b50fb17118f38d8a8e95dfac3357c
moonshotai/Kimi-K3,KimiK3ForConditionalGeneration,l40s,trtllm,1.3.0rc20,FAIL,"Strict-native op-level FPE probes: PERF_DATA_MISSING=116; raw probes=116; topologies=29; source_sha=26dae1f99b2b50fb17118f38d8a8e95dfac3357c. Representative failure: perf database error: MoE data missing for MoeKey { quant: ""w4a16_mxfp4"", distribution: ""uniform"", topk: 16, num_experts: 896, hidden_size: 3584, inter_size: 3072, moe_tp_size: 1, moe_ep_size: 1 } at <repo>/python/aisimulate/src/aiconfigurator_core/systems/data/l40s/trtllm/1.3.0rc20","python python/aisimulate/tools/support_matrix/generate_fpe_support_matrix.py --model ""moonshotai/Kimi-K3"" --system ""l40s"" --backend ""trtllm"" --backend-version ""1.3.0rc20"" --forward-model op_level --max-workers 8",,116,29,PERF_DATA_MISSING=116,,26dae1f99b2b50fb17118f38d8a8e95dfac3357c
moonshotai/Kimi-K3,KimiK3ForConditionalGeneration,l40s,trtllm,1.3.0rc23,FAIL,"Strict-native op-level FPE probes: PERF_DATA_MISSING=116; raw probes=116; topologies=29; source_sha=26dae1f99b2b50fb17118f38d8a8e95dfac3357c. Representative failure: perf database error: MoE data missing for MoeKey { quant: ""w4a16_mxfp4"", distribution: ""uniform"", topk: 16, num_experts: 896, hidden_size: 3584, inter_size: 3072, moe_tp_size: 1, moe_ep_size: 1 } at <repo>/python/aisimulate/src/aiconfigurator_core/systems/data/l40s/trtllm/1.3.0rc23","python python/aisimulate/tools/support_matrix/generate_fpe_support_matrix.py --model ""moonshotai/Kimi-K3"" --system ""l40s"" --backend ""trtllm"" --backend-version ""1.3.0rc23"" --forward-model op_level --max-workers 8",,116,29,PERF_DATA_MISSING=116,,26dae1f99b2b50fb17118f38d8a8e95dfac3357c
moonshotai/Kimi-K3,KimiK3ForConditionalGeneration,l40s,vllm,0.1.dev19262,FAIL,Strict-native op-level FPE probes: PERF_DATA_MISSING=116; raw probes=116; topologies=29; source_sha=26dae1f99b2b50fb17118f38d8a8e95dfac3357c. Representative failure: perf database error: perf database error: no GEMM rows loaded from 1 source(s) (first: <repo>/python/aisimulate/src/aiconfigurator_core/systems/data/l40s/vllm/0.1.dev19262/gemm_perf.parquet),"python python/aisimulate/tools/support_matrix/generate_fpe_support_matrix.py --model ""moonshotai/Kimi-K3"" --system ""l40s"" --backend ""vllm"" --backend-version ""0.1.dev19262"" --forward-model op_level --max-workers 8",,116,29,PERF_DATA_MISSING=116,,26dae1f99b2b50fb17118f38d8a8e95dfac3357c
moonshotai/Kimi-K3,KimiK3ForConditionalGeneration,l40s,vllm,0.14.0,FAIL,"Strict-native op-level FPE probes: PERF_DATA_MISSING=116; raw probes=116; topologies=29; source_sha=26dae1f99b2b50fb17118f38d8a8e95dfac3357c. Representative failure: perf database error: MoE data missing for MoeKey { quant: ""w4a16_mxfp4"", distribution: ""uniform"", topk: 16, num_experts: 896, hidden_size: 3584, inter_size: 3072, moe_tp_size: 1, moe_ep_size: 1 } at <repo>/python/aisimulate/src/aiconfigurator_core/systems/data/l40s/vllm/0.14.0","python python/aisimulate/tools/support_matrix/generate_fpe_support_matrix.py --model ""moonshotai/Kimi-K3"" --system ""l40s"" --backend ""vllm"" --backend-version ""0.14.0"" --forward-model op_level --max-workers 8",,116,29,PERF_DATA_MISSING=116,,26dae1f99b2b50fb17118f38d8a8e95dfac3357c
moonshotai/Kimi-K3,KimiK3ForConditionalGeneration,l40s,vllm,0.22.0,FAIL,"Strict-native op-level FPE probes: PERF_DATA_MISSING=116; raw probes=116; topologies=29; source_sha=26dae1f99b2b50fb17118f38d8a8e95dfac3357c. Representative failure: perf database error: MoE data missing for MoeKey { quant: ""w4a16_mxfp4"", distribution: ""power_law_1.01"", topk: 16, num_experts: 896, hidden_size: 3584, inter_size: 3072, moe_tp_size: 1, moe_ep_size: 1 } at <repo>/python/aisimulate/src/aiconfigurator_core/systems/data/l40s/vllm/0.22.0","python python/aisimulate/tools/support_matrix/generate_fpe_support_matrix.py --model ""moonshotai/Kimi-K3"" --system ""l40s"" --backend ""vllm"" --backend-version ""0.22.0"" --forward-model op_level --max-workers 8",,116,29,PERF_DATA_MISSING=116,,26dae1f99b2b50fb17118f38d8a8e95dfac3357c
moonshotai/Kimi-K3,KimiK3ForConditionalGeneration,l40s,vllm,0.24.0,FAIL,"Strict-native op-level FPE probes: PERF_DATA_MISSING=116; raw probes=116; topologies=29; source_sha=26dae1f99b2b50fb17118f38d8a8e95dfac3357c. Representative failure: perf database error: MoE data missing for MoeKey { quant: ""w4a16_mxfp4"", distribution: ""power_law_1.01"", topk: 16, num_experts: 896, hidden_size: 3584, inter_size: 3072, moe_tp_size: 1, moe_ep_size: 1 } at <repo>/python/aisimulate/src/aiconfigurator_core/systems/data/l40s/vllm/0.24.0","python python/aisimulate/tools/support_matrix/generate_fpe_support_matrix.py --model ""moonshotai/Kimi-K3"" --system ""l40s"" --backend ""vllm"" --backend-version ""0.24.0"" --forward-model op_level --max-workers 8",,116,29,PERF_DATA_MISSING=116,,26dae1f99b2b50fb17118f38d8a8e95dfac3357c
nvidia/DeepSeek-V3.1-NVFP4,DeepseekV3ForCausalLM,l40s,sglang,0.5.10,FAIL,"Strict-native op-level FPE probes: PERF_DATA_MISSING=220, SDK_UNREPRESENTABLE=320; raw probes=540; topologies=135; source_sha=26dae1f99b2b50fb17118f38d8a8e95dfac3357c. Representative failure: perf database error: GEMM perf data missing for quant 'nvfp4_wo' at <repo>/python/aisimulate/src/aiconfigurator_core/systems/data/l40s/sglang/0.5.10; available: [""bfloat16"", ""fp8""]","python python/aisimulate/tools/support_matrix/generate_fpe_support_matrix.py --model ""nvidia/DeepSeek-V3.1-NVFP4"" --system ""l40s"" --backend ""sglang"" --backend-version ""0.5.10"" --forward-model op_level --max-workers 8",,540,135,"PERF_DATA_MISSING=220, SDK_UNREPRESENTABLE=320",,26dae1f99b2b50fb17118f38d8a8e95dfac3357c
nvidia/DeepSeek-V3.1-NVFP4,DeepseekV3ForCausalLM,l40s,sglang,0.5.12,FAIL,"Strict-native op-level FPE probes: PERF_DATA_MISSING=220, SDK_UNREPRESENTABLE=320; raw probes=540; topologies=135; source_sha=26dae1f99b2b50fb17118f38d8a8e95dfac3357c. Representative failure: perf database error: GEMM perf data missing for quant 'nvfp4_wo' at <repo>/python/aisimulate/src/aiconfigurator_core/systems/data/l40s/sglang/0.5.12; available: [""bfloat16"", ""fp8"", ""fp8_static""]","python python/aisimulate/tools/support_matrix/generate_fpe_support_matrix.py --model ""nvidia/DeepSeek-V3.1-NVFP4"" --system ""l40s"" --backend ""sglang"" --backend-version ""0.5.12"" --forward-model op_level --max-workers 8",,540,135,"PERF_DATA_MISSING=220, SDK_UNREPRESENTABLE=320",,26dae1f99b2b50fb17118f38d8a8e95dfac3357c
nvidia/DeepSeek-V3.1-NVFP4,DeepseekV3ForCausalLM,l40s,sglang,0.5.14,FAIL,"Strict-native op-level FPE probes: PERF_DATA_MISSING=220, SDK_UNREPRESENTABLE=320; raw probes=540; topologies=135; source_sha=26dae1f99b2b50fb17118f38d8a8e95dfac3357c. Representative failure: perf database error: GEMM perf data missing for quant 'nvfp4_wo' at <repo>/python/aisimulate/src/aiconfigurator_core/systems/data/l40s/sglang/0.5.14; available: [""bfloat16"", ""fp8"", ""fp8_static""]","python python/aisimulate/tools/support_matrix/generate_fpe_support_matrix.py --model ""nvidia/DeepSeek-V3.1-NVFP4"" --system ""l40s"" --backend ""sglang"" --backend-version ""0.5.14"" --forward-model op_level --max-workers 8",,540,135,"PERF_DATA_MISSING=220, SDK_UNREPRESENTABLE=320",,26dae1f99b2b50fb17118f38d8a8e95dfac3357c
nvidia/DeepSeek-V3.1-NVFP4,DeepseekV3ForCausalLM,l40s,sglang,0.5.16,FAIL,"Strict-native op-level FPE probes: PERF_DATA_MISSING=220, SDK_UNREPRESENTABLE=320; raw probes=540; topologies=135; source_sha=26dae1f99b2b50fb17118f38d8a8e95dfac3357c. Representative failure: perf database error: GEMM perf data missing for quant 'nvfp4_wo' at <repo>/python/aisimulate/src/aiconfigurator_core/systems/data/l40s/sglang/0.5.16; available: [""bfloat16"", ""fp8"", ""fp8_static""]","python python/aisimulate/tools/support_matrix/generate_fpe_support_matrix.py --model ""nvidia/DeepSeek-V3.1-NVFP4"" --system ""l40s"" --backend ""sglang"" --backend-version ""0.5.16"" --forward-model op_level --max-workers 8",,540,135,"PERF_DATA_MISSING=220, SDK_UNREPRESENTABLE=320",,26dae1f99b2b50fb17118f38d8a8e95dfac3357c
nvidia/DeepSeek-V3.1-NVFP4,DeepseekV3ForCausalLM,l40s,sglang,0.5.9,FAIL,"Strict-native op-level FPE probes: PERF_DATA_MISSING=220, SDK_UNREPRESENTABLE=320; raw probes=540; topologies=135; source_sha=26dae1f99b2b50fb17118f38d8a8e95dfac3357c. Representative failure: perf database error: GEMM perf data missing for quant 'nvfp4_wo' at <repo>/python/aisimulate/src/aiconfigurator_core/systems/data/l40s/sglang/0.5.9; available: [""bfloat16"", ""fp8""]","python python/aisimulate/tools/support_matrix/generate_fpe_support_matrix.py --model ""nvidia/DeepSeek-V3.1-NVFP4"" --system ""l40s"" --backend ""sglang"" --backend-version ""0.5.9"" --forward-model op_level --max-workers 8",,540,135,"PERF_DATA_MISSING=220, SDK_UNREPRESENTABLE=320",,26dae1f99b2b50fb17118f38d8a8e95dfac3357c
nvidia/DeepSeek-V3.1-NVFP4,DeepseekV3ForCausalLM,l40s,trtllm,1.0.0,FAIL,"Strict-native op-level FPE probes: PERF_DATA_MISSING=116; raw probes=116; topologies=29; source_sha=26dae1f99b2b50fb17118f38d8a8e95dfac3357c. Representative failure: perf database error: GEMM perf data missing for quant 'nvfp4_wo' at <repo>/python/aisimulate/src/aiconfigurator_core/systems/data/l40s/trtllm/1.0.0; available: [""bfloat16"", ""fp8"", ""fp8_block"", ""int4_wo"", ""int8_wo"", ""sq""]","python python/aisimulate/tools/support_matrix/generate_fpe_support_matrix.py --model ""nvidia/DeepSeek-V3.1-NVFP4"" --system ""l40s"" --backend ""trtllm"" --backend-version ""1.0.0"" --forward-model op_level --max-workers 8",,116,29,PERF_DATA_MISSING=116,,26dae1f99b2b50fb17118f38d8a8e95dfac3357c
nvidia/DeepSeek-V3.1-NVFP4,DeepseekV3ForCausalLM,l40s,trtllm,1.3.0rc15,FAIL,"Strict-native op-level FPE probes: PERF_DATA_MISSING=116; raw probes=116; topologies=29; source_sha=26dae1f99b2b50fb17118f38d8a8e95dfac3357c. Representative failure: perf database error: GEMM perf data missing for quant 'nvfp4_wo' at <repo>/python/aisimulate/src/aiconfigurator_core/systems/data/l40s/trtllm/1.3.0rc15; available: [""bfloat16"", ""fp8"", ""fp8_block"", ""fp8_static"", ""int4_wo"", ""int8_wo"", ""sq""]","python python/aisimulate/tools/support_matrix/generate_fpe_support_matrix.py --model ""nvidia/DeepSeek-V3.1-NVFP4"" --system ""l40s"" --backend ""trtllm"" --backend-version ""1.3.0rc15"" --forward-model op_level --max-workers 8",,116,29,PERF_DATA_MISSING=116,,26dae1f99b2b50fb17118f38d8a8e95dfac3357c
nvidia/DeepSeek-V3.1-NVFP4,DeepseekV3ForCausalLM,l40s,trtllm,1.3.0rc20,FAIL,"Strict-native op-level FPE probes: PERF_DATA_MISSING=116; raw probes=116; topologies=29; source_sha=26dae1f99b2b50fb17118f38d8a8e95dfac3357c. Representative failure: perf database error: GEMM perf data missing for quant 'nvfp4_wo' at <repo>/python/aisimulate/src/aiconfigurator_core/systems/data/l40s/trtllm/1.3.0rc20; available: [""bfloat16"", ""fp8"", ""fp8_block"", ""fp8_static"", ""int4_wo"", ""int8_wo"", ""sq""]","python python/aisimulate/tools/support_matrix/generate_fpe_support_matrix.py --model ""nvidia/DeepSeek-V3.1-NVFP4"" --system ""l40s"" --backend ""trtllm"" --backend-version ""1.3.0rc20"" --forward-model op_level --max-workers 8",,116,29,PERF_DATA_MISSING=116,,26dae1f99b2b50fb17118f38d8a8e95dfac3357c
nvidia/DeepSeek-V3.1-NVFP4,DeepseekV3ForCausalLM,l40s,trtllm,1.3.0rc23,FAIL,"Strict-native op-level FPE probes: PERF_DATA_MISSING=116; raw probes=116; topologies=29; source_sha=26dae1f99b2b50fb17118f38d8a8e95dfac3357c. Representative failure: perf database error: GEMM perf data missing for quant 'nvfp4_wo' at <repo>/python/aisimulate/src/aiconfigurator_core/systems/data/l40s/trtllm/1.3.0rc23; available: [""bfloat16"", ""fp8"", ""fp8_block"", ""fp8_static"", ""int4_wo"", ""int8_wo"", ""sq""]","python python/aisimulate/tools/support_matrix/generate_fpe_support_matrix.py --model ""nvidia/DeepSeek-V3.1-NVFP4"" --system ""l40s"" --backend ""trtllm"" --backend-version ""1.3.0rc23"" --forward-model op_level --max-workers 8",,116,29,PERF_DATA_MISSING=116,,26dae1f99b2b50fb17118f38d8a8e95dfac3357c
nvidia/DeepSeek-V3.1-NVFP4,DeepseekV3ForCausalLM,l40s,vllm,0.1.dev19262,FAIL,Strict-native op-level FPE probes: PERF_DATA_MISSING=116; raw probes=116; topologies=29; source_sha=26dae1f99b2b50fb17118f38d8a8e95dfac3357c. Representative failure: perf database error: perf database error: no GEMM rows loaded from 1 source(s) (first: <repo>/python/aisimulate/src/aiconfigurator_core/systems/data/l40s/vllm/0.1.dev19262/gemm_perf.parquet),"python python/aisimulate/tools/support_matrix/generate_fpe_support_matrix.py --model ""nvidia/DeepSeek-V3.1-NVFP4"" --system ""l40s"" --backend ""vllm"" --backend-version ""0.1.dev19262"" --forward-model op_level --max-workers 8",,116,29,PERF_DATA_MISSING=116,,26dae1f99b2b50fb17118f38d8a8e95dfac3357c
nvidia/DeepSeek-V3.1-NVFP4,DeepseekV3ForCausalLM,l40s,vllm,0.14.0,FAIL,"Strict-native op-level FPE probes: PERF_DATA_MISSING=116; raw probes=116; topologies=29; source_sha=26dae1f99b2b50fb17118f38d8a8e95dfac3357c. Representative failure: perf database error: GEMM perf data missing for quant 'nvfp4_wo' at <repo>/python/aisimulate/src/aiconfigurator_core/systems/data/l40s/vllm/0.14.0; available: [""bfloat16"", ""fp8""]","python python/aisimulate/tools/support_matrix/generate_fpe_support_matrix.py --model ""nvidia/DeepSeek-V3.1-NVFP4"" --system ""l40s"" --backend ""vllm"" --backend-version ""0.14.0"" --forward-model op_level --max-workers 8",,116,29,PERF_DATA_MISSING=116,,26dae1f99b2b50fb17118f38d8a8e95dfac3357c
nvidia/DeepSeek-V3.1-NVFP4,DeepseekV3ForCausalLM,l40s,vllm,0.22.0,FAIL,"Strict-native op-level FPE probes: PERF_DATA_MISSING=116; raw probes=116; topologies=29; source_sha=26dae1f99b2b50fb17118f38d8a8e95dfac3357c. Representative failure: perf database error: GEMM perf data missing for quant 'nvfp4_wo' at <repo>/python/aisimulate/src/aiconfigurator_core/systems/data/l40s/vllm/0.22.0; available: [""bfloat16"", ""fp8"", ""fp8_block""]","python python/aisimulate/tools/support_matrix/generate_fpe_support_matrix.py --model ""nvidia/DeepSeek-V3.1-NVFP4"" --system ""l40s"" --backend ""vllm"" --backend-version ""0.22.0"" --forward-model op_level --max-workers 8",,116,29,PERF_DATA_MISSING=116,,26dae1f99b2b50fb17118f38d8a8e95dfac3357c
nvidia/DeepSeek-V3.1-NVFP4,DeepseekV3ForCausalLM,l40s,vllm,0.24.0,FAIL,"Strict-native op-level FPE probes: PERF_DATA_MISSING=116; raw probes=116; topologies=29; source_sha=26dae1f99b2b50fb17118f38d8a8e95dfac3357c. Representative failure: perf database error: GEMM perf data missing for quant 'nvfp4_wo' at <repo>/python/aisimulate/src/aiconfigurator_core/systems/data/l40s/vllm/0.24.0; available: [""bfloat16"", ""fp8"", ""fp8_block""]","python python/aisimulate/tools/support_matrix/generate_fpe_support_matrix.py --model ""nvidia/DeepSeek-V3.1-NVFP4"" --system ""l40s"" --backend ""vllm"" --backend-version ""0.24.0"" --forward-model op_level --max-workers 8",,116,29,PERF_DATA_MISSING=116,,26dae1f99b2b50fb17118f38d8a8e95dfac3357c
nvidia/DeepSeek-V3.2-NVFP4,DeepseekV32ForCausalLM,l40s,sglang,0.5.10,FAIL,"Strict-native op-level FPE probes: PERF_DATA_MISSING=220, SDK_UNREPRESENTABLE=320; raw probes=540; topologies=135; source_sha=26dae1f99b2b50fb17118f38d8a8e95dfac3357c. Representative failure: perf database error: GEMM perf data missing for quant 'nvfp4_wo' at <repo>/python/aisimulate/src/aiconfigurator_core/systems/data/l40s/sglang/0.5.10; available: [""bfloat16"", ""fp8""]","python python/aisimulate/tools/support_matrix/generate_fpe_support_matrix.py --model ""nvidia/DeepSeek-V3.2-NVFP4"" --system ""l40s"" --backend ""sglang"" --backend-version ""0.5.10"" --forward-model op_level --max-workers 8",,540,135,"PERF_DATA_MISSING=220, SDK_UNREPRESENTABLE=320",,26dae1f99b2b50fb17118f38d8a8e95dfac3357c
nvidia/DeepSeek-V3.2-NVFP4,DeepseekV32ForCausalLM,l40s,sglang,0.5.12,FAIL,"Strict-native op-level FPE probes: PERF_DATA_MISSING=220, SDK_UNREPRESENTABLE=320; raw probes=540; topologies=135; source_sha=26dae1f99b2b50fb17118f38d8a8e95dfac3357c. Representative failure: perf database error: GEMM perf data missing for quant 'nvfp4_wo' at <repo>/python/aisimulate/src/aiconfigurator_core/systems/data/l40s/sglang/0.5.12; available: [""bfloat16"", ""fp8"", ""fp8_static""]","python python/aisimulate/tools/support_matrix/generate_fpe_support_matrix.py --model ""nvidia/DeepSeek-V3.2-NVFP4"" --system ""l40s"" --backend ""sglang"" --backend-version ""0.5.12"" --forward-model op_level --max-workers 8",,540,135,"PERF_DATA_MISSING=220, SDK_UNREPRESENTABLE=320",,26dae1f99b2b50fb17118f38d8a8e95dfac3357c
nvidia/DeepSeek-V3.2-NVFP4,DeepseekV32ForCausalLM,l40s,sglang,0.5.14,FAIL,"Strict-native op-level FPE probes: PERF_DATA_MISSING=220, SDK_UNREPRESENTABLE=320; raw probes=540; topologies=135; source_sha=26dae1f99b2b50fb17118f38d8a8e95dfac3357c. Representative failure: perf database error: GEMM perf data missing for quant 'nvfp4_wo' at <repo>/python/aisimulate/src/aiconfigurator_core/systems/data/l40s/sglang/0.5.14; available: [""bfloat16"", ""fp8"", ""fp8_static""]","python python/aisimulate/tools/support_matrix/generate_fpe_support_matrix.py --model ""nvidia/DeepSeek-V3.2-NVFP4"" --system ""l40s"" --backend ""sglang"" --backend-version ""0.5.14"" --forward-model op_level --max-workers 8",,540,135,"PERF_DATA_MISSING=220, SDK_UNREPRESENTABLE=320",,26dae1f99b2b50fb17118f38d8a8e95dfac3357c
nvidia/DeepSeek-V3.2-NVFP4,DeepseekV32ForCausalLM,l40s,sglang,0.5.16,FAIL,"Strict-native op-level FPE probes: PERF_DATA_MISSING=220, SDK_UNREPRESENTABLE=320; raw probes=540; topologies=135; source_sha=26dae1f99b2b50fb17118f38d8a8e95dfac3357c. Representative failure: perf database error: GEMM perf data missing for quant 'nvfp4_wo' at <repo>/python/aisimulate/src/aiconfigurator_core/systems/data/l40s/sglang/0.5.16; available: [""bfloat16"", ""fp8"", ""fp8_static""]","python python/aisimulate/tools/support_matrix/generate_fpe_support_matrix.py --model ""nvidia/DeepSeek-V3.2-NVFP4"" --system ""l40s"" --backend ""sglang"" --backend-version ""0.5.16"" --forward-model op_level --max-workers 8",,540,135,"PERF_DATA_MISSING=220, SDK_UNREPRESENTABLE=320",,26dae1f99b2b50fb17118f38d8a8e95dfac3357c
nvidia/DeepSeek-V3.2-NVFP4,DeepseekV32ForCausalLM,l40s,sglang,0.5.9,FAIL,"Strict-native op-level FPE probes: PERF_DATA_MISSING=220, SDK_UNREPRESENTABLE=320; raw probes=540; topologies=135; source_sha=26dae1f99b2b50fb17118f38d8a8e95dfac3357c. Representative failure: perf database error: GEMM perf data missing for quant 'nvfp4_wo' at <repo>/python/aisimulate/src/aiconfigurator_core/systems/data/l40s/sglang/0.5.9; available: [""bfloat16"", ""fp8""]","python python/aisimulate/tools/support_matrix/generate_fpe_support_matrix.py --model ""nvidia/DeepSeek-V3.2-NVFP4"" --system ""l40s"" --backend ""sglang"" --backend-version ""0.5.9"" --forward-model op_level --max-workers 8",,540,135,"PERF_DATA_MISSING=220, SDK_UNREPRESENTABLE=320",,26dae1f99b2b50fb17118f38d8a8e95dfac3357c
nvidia/DeepSeek-V3.2-NVFP4,DeepseekV32ForCausalLM,l40s,trtllm,1.0.0,FAIL,"Strict-native op-level FPE probes: PERF_DATA_MISSING=116; raw probes=116; topologies=29; source_sha=26dae1f99b2b50fb17118f38d8a8e95dfac3357c. Representative failure: perf database error: GEMM perf data missing for quant 'nvfp4_wo' at <repo>/python/aisimulate/src/aiconfigurator_core/systems/data/l40s/trtllm/1.0.0; available: [""bfloat16"", ""fp8"", ""fp8_block"", ""int4_wo"", ""int8_wo"", ""sq""]","python python/aisimulate/tools/support_matrix/generate_fpe_support_matrix.py --model ""nvidia/DeepSeek-V3.2-NVFP4"" --system ""l40s"" --backend ""trtllm"" --backend-version ""1.0.0"" --forward-model op_level --max-workers 8",,116,29,PERF_DATA_MISSING=116,,26dae1f99b2b50fb17118f38d8a8e95dfac3357c
nvidia/DeepSeek-V3.2-NVFP4,DeepseekV32ForCausalLM,l40s,trtllm,1.3.0rc15,FAIL,"Strict-native op-level FPE probes: PERF_DATA_MISSING=116; raw probes=116; topologies=29; source_sha=26dae1f99b2b50fb17118f38d8a8e95dfac3357c. Representative failure: perf database error: GEMM perf data missing for quant 'nvfp4_wo' at <repo>/python/aisimulate/src/aiconfigurator_core/systems/data/l40s/trtllm/1.3.0rc15; available: [""bfloat16"", ""fp8"", ""fp8_block"", ""fp8_static"", ""int4_wo"", ""int8_wo"", ""sq""]","python python/aisimulate/tools/support_matrix/generate_fpe_support_matrix.py --model ""nvidia/DeepSeek-V3.2-NVFP4"" --system ""l40s"" --backend ""trtllm"" --backend-version ""1.3.0rc15"" --forward-model op_level --max-workers 8",,116,29,PERF_DATA_MISSING=116,,26dae1f99b2b50fb17118f38d8a8e95dfac3357c
nvidia/DeepSeek-V3.2-NVFP4,DeepseekV32ForCausalLM,l40s,trtllm,1.3.0rc20,FAIL,"Strict-native op-level FPE probes: PERF_DATA_MISSING=116; raw probes=116; topologies=29; source_sha=26dae1f99b2b50fb17118f38d8a8e95dfac3357c. Representative failure: perf database error: GEMM perf data missing for quant 'nvfp4_wo' at <repo>/python/aisimulate/src/aiconfigurator_core/systems/data/l40s/trtllm/1.3.0rc20; available: [""bfloat16"", ""fp8"", ""fp8_block"", ""fp8_static"", ""int4_wo"", ""int8_wo"", ""sq""]","python python/aisimulate/tools/support_matrix/generate_fpe_support_matrix.py --model ""nvidia/DeepSeek-V3.2-NVFP4"" --system ""l40s"" --backend ""trtllm"" --backend-version ""1.3.0rc20"" --forward-model op_level --max-workers 8",,116,29,PERF_DATA_MISSING=116,,26dae1f99b2b50fb17118f38d8a8e95dfac3357c
nvidia/DeepSeek-V3.2-NVFP4,DeepseekV32ForCausalLM,l40s,trtllm,1.3.0rc23,FAIL,"Strict-native op-level FPE probes: PERF_DATA_MISSING=116; raw probes=116; topologies=29; source_sha=26dae1f99b2b50fb17118f38d8a8e95dfac3357c. Representative failure: perf database error: GEMM perf data missing for quant 'nvfp4_wo' at <repo>/python/aisimulate/src/aiconfigurator_core/systems/data/l40s/trtllm/1.3.0rc23; available: [""bfloat16"", ""fp8"", ""fp8_block"", ""fp8_static"", ""int4_wo"", ""int8_wo"", ""sq""]","python python/aisimulate/tools/support_matrix/generate_fpe_support_matrix.py --model ""nvidia/DeepSeek-V3.2-NVFP4"" --system ""l40s"" --backend ""trtllm"" --backend-version ""1.3.0rc23"" --forward-model op_level --max-workers 8",,116,29,PERF_DATA_MISSING=116,,26dae1f99b2b50fb17118f38d8a8e95dfac3357c
nvidia/DeepSeek-V3.2-NVFP4,DeepseekV32ForCausalLM,l40s,vllm,0.1.dev19262,FAIL,Strict-native op-level FPE probes: PERF_DATA_MISSING=116; raw probes=116; topologies=29; source_sha=26dae1f99b2b50fb17118f38d8a8e95dfac3357c. Representative failure: perf database error: perf database error: no GEMM rows loaded from 1 source(s) (first: <repo>/python/aisimulate/src/aiconfigurator_core/systems/data/l40s/vllm/0.1.dev19262/gemm_perf.parquet),"python python/aisimulate/tools/support_matrix/generate_fpe_support_matrix.py --model ""nvidia/DeepSeek-V3.2-NVFP4"" --system ""l40s"" --backend ""vllm"" --backend-version ""0.1.dev19262"" --forward-model op_level --max-workers 8",,116,29,PERF_DATA_MISSING=116,,26dae1f99b2b50fb17118f38d8a8e95dfac3357c
nvidia/DeepSeek-V3.2-NVFP4,DeepseekV32ForCausalLM,l40s,vllm,0.14.0,FAIL,"Strict-native op-level FPE probes: PERF_DATA_MISSING=116; raw probes=116; topologies=29; source_sha=26dae1f99b2b50fb17118f38d8a8e95dfac3357c. Representative failure: perf database error: GEMM perf data missing for quant 'nvfp4_wo' at <repo>/python/aisimulate/src/aiconfigurator_core/systems/data/l40s/vllm/0.14.0; available: [""bfloat16"", ""fp8""]","python python/aisimulate/tools/support_matrix/generate_fpe_support_matrix.py --model ""nvidia/DeepSeek-V3.2-NVFP4"" --system ""l40s"" --backend ""vllm"" --backend-version ""0.14.0"" --forward-model op_level --max-workers 8",,116,29,PERF_DATA_MISSING=116,,26dae1f99b2b50fb17118f38d8a8e95dfac3357c
nvidia/DeepSeek-V3.2-NVFP4,DeepseekV32ForCausalLM,l40s,vllm,0.22.0,FAIL,"Strict-native op-level FPE probes: PERF_DATA_MISSING=116; raw probes=116; topologies=29; source_sha=26dae1f99b2b50fb17118f38d8a8e95dfac3357c. Representative failure: perf database error: GEMM perf data missing for quant 'nvfp4_wo' at <repo>/python/aisimulate/src/aiconfigurator_core/systems/data/l40s/vllm/0.22.0; available: [""bfloat16"", ""fp8"", ""fp8_block""]","python python/aisimulate/tools/support_matrix/generate_fpe_support_matrix.py --model ""nvidia/DeepSeek-V3.2-NVFP4"" --system ""l40s"" --backend ""vllm"" --backend-version ""0.22.0"" --forward-model op_level --max-workers 8",,116,29,PERF_DATA_MISSING=116,,26dae1f99b2b50fb17118f38d8a8e95dfac3357c
nvidia/DeepSeek-V3.2-NVFP4,DeepseekV32ForCausalLM,l40s,vllm,0.24.0,FAIL,"Strict-native op-level FPE probes: PERF_DATA_MISSING=116; raw probes=116; topologies=29; source_sha=26dae1f99b2b50fb17118f38d8a8e95dfac3357c. Representative failure: perf database error: GEMM perf data missing for quant 'nvfp4_wo' at <repo>/python/aisimulate/src/aiconfigurator_core/systems/data/l40s/vllm/0.24.0; available: [""bfloat16"", ""fp8"", ""fp8_block""]","python python/aisimulate/tools/support_matrix/generate_fpe_support_matrix.py --model ""nvidia/DeepSeek-V3.2-NVFP4"" --system ""l40s"" --backend ""vllm"" --backend-version ""0.24.0"" --forward-model op_level --max-workers 8",,116,29,PERF_DATA_MISSING=116,,26dae1f99b2b50fb17118f38d8a8e95dfac3357c
nvidia/DeepSeek-V4-Flash-NVFP4,DeepseekV4ForCausalLM,l40s,sglang,0.5.10,FAIL,"Strict-native op-level FPE probes: PERF_DATA_MISSING=220, SDK_UNREPRESENTABLE=320; raw probes=540; topologies=135; source_sha=26dae1f99b2b50fb17118f38d8a8e95dfac3357c. Representative failure: perf database error: perf database error: no MHC module rows loaded from 1 source(s) (first: <repo>/python/aisimulate/src/aiconfigurator_core/systems/data/l40s/sglang/0.5.10/mhc_module_perf.parquet)","python python/aisimulate/tools/support_matrix/generate_fpe_support_matrix.py --model ""nvidia/DeepSeek-V4-Flash-NVFP4"" --system ""l40s"" --backend ""sglang"" --backend-version ""0.5.10"" --forward-model op_level --max-workers 8",,540,135,"PERF_DATA_MISSING=220, SDK_UNREPRESENTABLE=320",,26dae1f99b2b50fb17118f38d8a8e95dfac3357c
nvidia/DeepSeek-V4-Flash-NVFP4,DeepseekV4ForCausalLM,l40s,sglang,0.5.12,FAIL,"Strict-native op-level FPE probes: PERF_DATA_MISSING=220, SDK_UNREPRESENTABLE=320; raw probes=540; topologies=135; source_sha=26dae1f99b2b50fb17118f38d8a8e95dfac3357c. Representative failure: perf database error: perf database error: no MHC module rows loaded from 1 source(s) (first: <repo>/python/aisimulate/src/aiconfigurator_core/systems/data/l40s/sglang/0.5.12/mhc_module_perf.parquet)","python python/aisimulate/tools/support_matrix/generate_fpe_support_matrix.py --model ""nvidia/DeepSeek-V4-Flash-NVFP4"" --system ""l40s"" --backend ""sglang"" --backend-version ""0.5.12"" --forward-model op_level --max-workers 8",,540,135,"PERF_DATA_MISSING=220, SDK_UNREPRESENTABLE=320",,26dae1f99b2b50fb17118f38d8a8e95dfac3357c
nvidia/DeepSeek-V4-Flash-NVFP4,DeepseekV4ForCausalLM,l40s,sglang,0.5.14,FAIL,"Strict-native op-level FPE probes: PERF_DATA_MISSING=220, SDK_UNREPRESENTABLE=320; raw probes=540; topologies=135; source_sha=26dae1f99b2b50fb17118f38d8a8e95dfac3357c. Representative failure: perf database error: perf database error: no MHC module rows loaded from 1 source(s) (first: <repo>/python/aisimulate/src/aiconfigurator_core/systems/data/l40s/sglang/0.5.14/mhc_module_perf.parquet)","python python/aisimulate/tools/support_matrix/generate_fpe_support_matrix.py --model ""nvidia/DeepSeek-V4-Flash-NVFP4"" --system ""l40s"" --backend ""sglang"" --backend-version ""0.5.14"" --forward-model op_level --max-workers 8",,540,135,"PERF_DATA_MISSING=220, SDK_UNREPRESENTABLE=320",,26dae1f99b2b50fb17118f38d8a8e95dfac3357c
nvidia/DeepSeek-V4-Flash-NVFP4,DeepseekV4ForCausalLM,l40s,sglang,0.5.16,FAIL,"Strict-native op-level FPE probes: PERF_DATA_MISSING=220, SDK_UNREPRESENTABLE=320; raw probes=540; topologies=135; source_sha=26dae1f99b2b50fb17118f38d8a8e95dfac3357c. Representative failure: perf database error: perf database error: no MHC module rows loaded from 1 source(s) (first: <repo>/python/aisimulate/src/aiconfigurator_core/systems/data/l40s/sglang/0.5.16/mhc_module_perf.parquet)","python python/aisimulate/tools/support_matrix/generate_fpe_support_matrix.py --model ""nvidia/DeepSeek-V4-Flash-NVFP4"" --system ""l40s"" --backend ""sglang"" --backend-version ""0.5.16"" --forward-model op_level --max-workers 8",,540,135,"PERF_DATA_MISSING=220, SDK_UNREPRESENTABLE=320",,26dae1f99b2b50fb17118f38d8a8e95dfac3357c
nvidia/DeepSeek-V4-Flash-NVFP4,DeepseekV4ForCausalLM,l40s,sglang,0.5.9,FAIL,"Strict-native op-level FPE probes: PERF_DATA_MISSING=220, SDK_UNREPRESENTABLE=320; raw probes=540; topologies=135; source_sha=26dae1f99b2b50fb17118f38d8a8e95dfac3357c. Representative failure: perf database error: perf database error: no MHC module rows loaded from 1 source(s) (first: <repo>/python/aisimulate/src/aiconfigurator_core/systems/data/l40s/sglang/0.5.9/mhc_module_perf.parquet)","python python/aisimulate/tools/support_matrix/generate_fpe_support_matrix.py --model ""nvidia/DeepSeek-V4-Flash-NVFP4"" --system ""l40s"" --backend ""sglang"" --backend-version ""0.5.9"" --forward-model op_level --max-workers 8",,540,135,"PERF_DATA_MISSING=220, SDK_UNREPRESENTABLE=320",,26dae1f99b2b50fb17118f38d8a8e95dfac3357c
nvidia/DeepSeek-V4-Flash-NVFP4,DeepseekV4ForCausalLM,l40s,trtllm,1.0.0,FAIL,Strict-native op-level FPE probes: PERF_DATA_MISSING=116; raw probes=116; topologies=29; source_sha=26dae1f99b2b50fb17118f38d8a8e95dfac3357c. Representative failure: perf database error: perf database error: no MHC module rows loaded from 1 source(s) (first: <repo>/python/aisimulate/src/aiconfigurator_core/systems/data/l40s/trtllm/1.0.0/mhc_module_perf.parquet),"python python/aisimulate/tools/support_matrix/generate_fpe_support_matrix.py --model ""nvidia/DeepSeek-V4-Flash-NVFP4"" --system ""l40s"" --backend ""trtllm"" --backend-version ""1.0.0"" --forward-model op_level --max-workers 8",,116,29,PERF_DATA_MISSING=116,,26dae1f99b2b50fb17118f38d8a8e95dfac3357c
nvidia/DeepSeek-V4-Flash-NVFP4,DeepseekV4ForCausalLM,l40s,trtllm,1.3.0rc15,FAIL,Strict-native op-level FPE probes: PERF_DATA_MISSING=116; raw probes=116; topologies=29; source_sha=26dae1f99b2b50fb17118f38d8a8e95dfac3357c. Representative failure: perf database error: perf database error: no MHC module rows loaded from 1 source(s) (first: <repo>/python/aisimulate/src/aiconfigurator_core/systems/data/l40s/trtllm/1.3.0rc15/mhc_module_perf.parquet),"python python/aisimulate/tools/support_matrix/generate_fpe_support_matrix.py --model ""nvidia/DeepSeek-V4-Flash-NVFP4"" --system ""l40s"" --backend ""trtllm"" --backend-version ""1.3.0rc15"" --forward-model op_level --max-workers 8",,116,29,PERF_DATA_MISSING=116,,26dae1f99b2b50fb17118f38d8a8e95dfac3357c
nvidia/DeepSeek-V4-Flash-NVFP4,DeepseekV4ForCausalLM,l40s,trtllm,1.3.0rc20,FAIL,"Strict-native op-level FPE probes: PERF_DATA_MISSING=116; raw probes=116; topologies=29; source_sha=26dae1f99b2b50fb17118f38d8a8e95dfac3357c. Representative failure: perf database error: MoE data missing for MoeKey { quant: ""nvfp4_wo"", distribution: ""uniform"", topk: 6, num_experts: 256, hidden_size: 4096, inter_size: 2048, moe_tp_size: 1, moe_ep_size: 1 } at <repo>/python/aisimulate/src/aiconfigurator_core/systems/data/l40s/trtllm/1.3.0rc20","python python/aisimulate/tools/support_matrix/generate_fpe_support_matrix.py --model ""nvidia/DeepSeek-V4-Flash-NVFP4"" --system ""l40s"" --backend ""trtllm"" --backend-version ""1.3.0rc20"" --forward-model op_level --max-workers 8",,116,29,PERF_DATA_MISSING=116,,26dae1f99b2b50fb17118f38d8a8e95dfac3357c
nvidia/DeepSeek-V4-Flash-NVFP4,DeepseekV4ForCausalLM,l40s,trtllm,1.3.0rc23,FAIL,"Strict-native op-level FPE probes: PERF_DATA_MISSING=116; raw probes=116; topologies=29; source_sha=26dae1f99b2b50fb17118f38d8a8e95dfac3357c. Representative failure: perf database error: MoE data missing for MoeKey { quant: ""nvfp4_wo"", distribution: ""uniform"", topk: 6, num_experts: 256, hidden_size: 4096, inter_size: 2048, moe_tp_size: 1, moe_ep_size: 1 } at <repo>/python/aisimulate/src/aiconfigurator_core/systems/data/l40s/trtllm/1.3.0rc23","python python/aisimulate/tools/support_matrix/generate_fpe_support_matrix.py --model ""nvidia/DeepSeek-V4-Flash-NVFP4"" --system ""l40s"" --backend ""trtllm"" --backend-version ""1.3.0rc23"" --forward-model op_level --max-workers 8",,116,29,PERF_DATA_MISSING=116,,26dae1f99b2b50fb17118f38d8a8e95dfac3357c
nvidia/DeepSeek-V4-Flash-NVFP4,DeepseekV4ForCausalLM,l40s,vllm,0.1.dev19262,FAIL,Strict-native op-level FPE probes: PERF_DATA_MISSING=116; raw probes=116; topologies=29; source_sha=26dae1f99b2b50fb17118f38d8a8e95dfac3357c. Representative failure: perf database error: perf database error: no MHC module rows loaded from 1 source(s) (first: <repo>/python/aisimulate/src/aiconfigurator_core/systems/data/l40s/vllm/0.1.dev19262/mhc_module_perf.parquet),"python python/aisimulate/tools/support_matrix/generate_fpe_support_matrix.py --model ""nvidia/DeepSeek-V4-Flash-NVFP4"" --system ""l40s"" --backend ""vllm"" --backend-version ""0.1.dev19262"" --forward-model op_level --max-workers 8",,116,29,PERF_DATA_MISSING=116,,26dae1f99b2b50fb17118f38d8a8e95dfac3357c
nvidia/DeepSeek-V4-Flash-NVFP4,DeepseekV4ForCausalLM,l40s,vllm,0.14.0,FAIL,Strict-native op-level FPE probes: PERF_DATA_MISSING=116; raw probes=116; topologies=29; source_sha=26dae1f99b2b50fb17118f38d8a8e95dfac3357c. Representative failure: perf database error: perf database error: no MHC module rows loaded from 1 source(s) (first: <repo>/python/aisimulate/src/aiconfigurator_core/systems/data/l40s/vllm/0.14.0/mhc_module_perf.parquet),"python python/aisimulate/tools/support_matrix/generate_fpe_support_matrix.py --model ""nvidia/DeepSeek-V4-Flash-NVFP4"" --system ""l40s"" --backend ""vllm"" --backend-version ""0.14.0"" --forward-model op_level --max-workers 8",,116,29,PERF_DATA_MISSING=116,,26dae1f99b2b50fb17118f38d8a8e95dfac3357c
nvidia/DeepSeek-V4-Flash-NVFP4,DeepseekV4ForCausalLM,l40s,vllm,0.22.0,FAIL,"Strict-native op-level FPE probes: PERF_DATA_MISSING=116; raw probes=116; topologies=29; source_sha=26dae1f99b2b50fb17118f38d8a8e95dfac3357c. Representative failure: perf database error: MoE data missing for MoeKey { quant: ""nvfp4_wo"", distribution: ""uniform"", topk: 6, num_experts: 256, hidden_size: 4096, inter_size: 2048, moe_tp_size: 1, moe_ep_size: 1 } at <repo>/python/aisimulate/src/aiconfigurator_core/systems/data/l40s/vllm/0.22.0","python python/aisimulate/tools/support_matrix/generate_fpe_support_matrix.py --model ""nvidia/DeepSeek-V4-Flash-NVFP4"" --system ""l40s"" --backend ""vllm"" --backend-version ""0.22.0"" --forward-model op_level --max-workers 8",,116,29,PERF_DATA_MISSING=116,,26dae1f99b2b50fb17118f38d8a8e95dfac3357c
nvidia/DeepSeek-V4-Flash-NVFP4,DeepseekV4ForCausalLM,l40s,vllm,0.24.0,FAIL,"Strict-native op-level FPE probes: PERF_DATA_MISSING=116; raw probes=116; topologies=29; source_sha=26dae1f99b2b50fb17118f38d8a8e95dfac3357c. Representative failure: perf database error: MoE data missing for MoeKey { quant: ""nvfp4_wo"", distribution: ""uniform"", topk: 6, num_experts: 256, hidden_size: 4096, inter_size: 2048, moe_tp_size: 1, moe_ep_size: 1 } at <repo>/python/aisimulate/src/aiconfigurator_core/systems/data/l40s/vllm/0.24.0","python python/aisimulate/tools/support_matrix/generate_fpe_support_matrix.py --model ""nvidia/DeepSeek-V4-Flash-NVFP4"" --system ""l40s"" --backend ""vllm"" --backend-version ""0.24.0"" --forward-model op_level --max-workers 8",,116,29,PERF_DATA_MISSING=116,,26dae1f99b2b50fb17118f38d8a8e95dfac3357c
nvidia/DeepSeek-V4-Pro-NVFP4,DeepseekV4ForCausalLM,l40s,sglang,0.5.10,FAIL,"Strict-native op-level FPE probes: PERF_DATA_MISSING=220, SDK_UNREPRESENTABLE=320; raw probes=540; topologies=135; source_sha=26dae1f99b2b50fb17118f38d8a8e95dfac3357c. Representative failure: perf database error: perf database error: no MHC module rows loaded from 1 source(s) (first: <repo>/python/aisimulate/src/aiconfigurator_core/systems/data/l40s/sglang/0.5.10/mhc_module_perf.parquet)","python python/aisimulate/tools/support_matrix/generate_fpe_support_matrix.py --model ""nvidia/DeepSeek-V4-Pro-NVFP4"" --system ""l40s"" --backend ""sglang"" --backend-version ""0.5.10"" --forward-model op_level --max-workers 8",,540,135,"PERF_DATA_MISSING=220, SDK_UNREPRESENTABLE=320",,26dae1f99b2b50fb17118f38d8a8e95dfac3357c
nvidia/DeepSeek-V4-Pro-NVFP4,DeepseekV4ForCausalLM,l40s,sglang,0.5.12,FAIL,"Strict-native op-level FPE probes: PERF_DATA_MISSING=220, SDK_UNREPRESENTABLE=320; raw probes=540; topologies=135; source_sha=26dae1f99b2b50fb17118f38d8a8e95dfac3357c. Representative failure: perf database error: perf database error: no MHC module rows loaded from 1 source(s) (first: <repo>/python/aisimulate/src/aiconfigurator_core/systems/data/l40s/sglang/0.5.12/mhc_module_perf.parquet)","python python/aisimulate/tools/support_matrix/generate_fpe_support_matrix.py --model ""nvidia/DeepSeek-V4-Pro-NVFP4"" --system ""l40s"" --backend ""sglang"" --backend-version ""0.5.12"" --forward-model op_level --max-workers 8",,540,135,"PERF_DATA_MISSING=220, SDK_UNREPRESENTABLE=320",,26dae1f99b2b50fb17118f38d8a8e95dfac3357c
nvidia/DeepSeek-V4-Pro-NVFP4,DeepseekV4ForCausalLM,l40s,sglang,0.5.14,FAIL,"Strict-native op-level FPE probes: PERF_DATA_MISSING=220, SDK_UNREPRESENTABLE=320; raw probes=540; topologies=135; source_sha=26dae1f99b2b50fb17118f38d8a8e95dfac3357c. Representative failure: perf database error: perf database error: no MHC module rows loaded from 1 source(s) (first: <repo>/python/aisimulate/src/aiconfigurator_core/systems/data/l40s/sglang/0.5.14/mhc_module_perf.parquet)","python python/aisimulate/tools/support_matrix/generate_fpe_support_matrix.py --model ""nvidia/DeepSeek-V4-Pro-NVFP4"" --system ""l40s"" --backend ""sglang"" --backend-version ""0.5.14"" --forward-model op_level --max-workers 8",,540,135,"PERF_DATA_MISSING=220, SDK_UNREPRESENTABLE=320",,26dae1f99b2b50fb17118f38d8a8e95dfac3357c
nvidia/DeepSeek-V4-Pro-NVFP4,DeepseekV4ForCausalLM,l40s,sglang,0.5.16,FAIL,"Strict-native op-level FPE probes: PERF_DATA_MISSING=220, SDK_UNREPRESENTABLE=320; raw probes=540; topologies=135; source_sha=26dae1f99b2b50fb17118f38d8a8e95dfac3357c. Representative failure: perf database error: perf database error: no MHC module rows loaded from 1 source(s) (first: <repo>/python/aisimulate/src/aiconfigurator_core/systems/data/l40s/sglang/0.5.16/mhc_module_perf.parquet)","python python/aisimulate/tools/support_matrix/generate_fpe_support_matrix.py --model ""nvidia/DeepSeek-V4-Pro-NVFP4"" --system ""l40s"" --backend ""sglang"" --backend-version ""0.5.16"" --forward-model op_level --max-workers 8",,540,135,"PERF_DATA_MISSING=220, SDK_UNREPRESENTABLE=320",,26dae1f99b2b50fb17118f38d8a8e95dfac3357c
nvidia/DeepSeek-V4-Pro-NVFP4,DeepseekV4ForCausalLM,l40s,sglang,0.5.9,FAIL,"Strict-native op-level FPE probes: PERF_DATA_MISSING=220, SDK_UNREPRESENTABLE=320; raw probes=540; topologies=135; source_sha=26dae1f99b2b50fb17118f38d8a8e95dfac3357c. Representative failure: perf database error: perf database error: no MHC module rows loaded from 1 source(s) (first: <repo>/python/aisimulate/src/aiconfigurator_core/systems/data/l40s/sglang/0.5.9/mhc_module_perf.parquet)","python python/aisimulate/tools/support_matrix/generate_fpe_support_matrix.py --model ""nvidia/DeepSeek-V4-Pro-NVFP4"" --system ""l40s"" --backend ""sglang"" --backend-version ""0.5.9"" --forward-model op_level --max-workers 8",,540,135,"PERF_DATA_MISSING=220, SDK_UNREPRESENTABLE=320",,26dae1f99b2b50fb17118f38d8a8e95dfac3357c
nvidia/DeepSeek-V4-Pro-NVFP4,DeepseekV4ForCausalLM,l40s,trtllm,1.0.0,FAIL,Strict-native op-level FPE probes: PERF_DATA_MISSING=116; raw probes=116; topologies=29; source_sha=26dae1f99b2b50fb17118f38d8a8e95dfac3357c. Representative failure: perf database error: perf database error: no MHC module rows loaded from 1 source(s) (first: <repo>/python/aisimulate/src/aiconfigurator_core/systems/data/l40s/trtllm/1.0.0/mhc_module_perf.parquet),"python python/aisimulate/tools/support_matrix/generate_fpe_support_matrix.py --model ""nvidia/DeepSeek-V4-Pro-NVFP4"" --system ""l40s"" --backend ""trtllm"" --backend-version ""1.0.0"" --forward-model op_level --max-workers 8",,116,29,PERF_DATA_MISSING=116,,26dae1f99b2b50fb17118f38d8a8e95dfac3357c
nvidia/DeepSeek-V4-Pro-NVFP4,DeepseekV4ForCausalLM,l40s,trtllm,1.3.0rc15,FAIL,Strict-native op-level FPE probes: PERF_DATA_MISSING=116; raw probes=116; topologies=29; source_sha=26dae1f99b2b50fb17118f38d8a8e95dfac3357c. Representative failure: perf database error: perf database error: no MHC module rows loaded from 1 source(s) (first: <repo>/python/aisimulate/src/aiconfigurator_core/systems/data/l40s/trtllm/1.3.0rc15/mhc_module_perf.parquet),"python python/aisimulate/tools/support_matrix/generate_fpe_support_matrix.py --model ""nvidia/DeepSeek-V4-Pro-NVFP4"" --system ""l40s"" --backend ""trtllm"" --backend-version ""1.3.0rc15"" --forward-model op_level --max-workers 8",,116,29,PERF_DATA_MISSING=116,,26dae1f99b2b50fb17118f38d8a8e95dfac3357c
nvidia/DeepSeek-V4-Pro-NVFP4,DeepseekV4ForCausalLM,l40s,trtllm,1.3.0rc20,FAIL,"Strict-native op-level FPE probes: PERF_DATA_MISSING=116; raw probes=116; topologies=29; source_sha=26dae1f99b2b50fb17118f38d8a8e95dfac3357c. Representative failure: perf database error: MoE data missing for MoeKey { quant: ""nvfp4_wo"", distribution: ""uniform"", topk: 6, num_experts: 384, hidden_size: 7168, inter_size: 3072, moe_tp_size: 1, moe_ep_size: 1 } at <repo>/python/aisimulate/src/aiconfigurator_core/systems/data/l40s/trtllm/1.3.0rc20","python python/aisimulate/tools/support_matrix/generate_fpe_support_matrix.py --model ""nvidia/DeepSeek-V4-Pro-NVFP4"" --system ""l40s"" --backend ""trtllm"" --backend-version ""1.3.0rc20"" --forward-model op_level --max-workers 8",,116,29,PERF_DATA_MISSING=116,,26dae1f99b2b50fb17118f38d8a8e95dfac3357c
nvidia/DeepSeek-V4-Pro-NVFP4,DeepseekV4ForCausalLM,l40s,trtllm,1.3.0rc23,FAIL,"Strict-native op-level FPE probes: PERF_DATA_MISSING=116; raw probes=116; topologies=29; source_sha=26dae1f99b2b50fb17118f38d8a8e95dfac3357c. Representative failure: perf database error: MoE data missing for MoeKey { quant: ""nvfp4_wo"", distribution: ""uniform"", topk: 6, num_experts: 384, hidden_size: 7168, inter_size: 3072, moe_tp_size: 1, moe_ep_size: 1 } at <repo>/python/aisimulate/src/aiconfigurator_core/systems/data/l40s/trtllm/1.3.0rc23","python python/aisimulate/tools/support_matrix/generate_fpe_support_matrix.py --model ""nvidia/DeepSeek-V4-Pro-NVFP4"" --system ""l40s"" --backend ""trtllm"" --backend-version ""1.3.0rc23"" --forward-model op_level --max-workers 8",,116,29,PERF_DATA_MISSING=116,,26dae1f99b2b50fb17118f38d8a8e95dfac3357c
nvidia/DeepSeek-V4-Pro-NVFP4,DeepseekV4ForCausalLM,l40s,vllm,0.1.dev19262,FAIL,Strict-native op-level FPE probes: PERF_DATA_MISSING=116; raw probes=116; topologies=29; source_sha=26dae1f99b2b50fb17118f38d8a8e95dfac3357c. Representative failure: perf database error: perf database error: no MHC module rows loaded from 1 source(s) (first: <repo>/python/aisimulate/src/aiconfigurator_core/systems/data/l40s/vllm/0.1.dev19262/mhc_module_perf.parquet),"python python/aisimulate/tools/support_matrix/generate_fpe_support_matrix.py --model ""nvidia/DeepSeek-V4-Pro-NVFP4"" --system ""l40s"" --backend ""vllm"" --backend-version ""0.1.dev19262"" --forward-model op_level --max-workers 8",,116,29,PERF_DATA_MISSING=116,,26dae1f99b2b50fb17118f38d8a8e95dfac3357c
nvidia/DeepSeek-V4-Pro-NVFP4,DeepseekV4ForCausalLM,l40s,vllm,0.14.0,FAIL,Strict-native op-level FPE probes: PERF_DATA_MISSING=116; raw probes=116; topologies=29; source_sha=26dae1f99b2b50fb17118f38d8a8e95dfac3357c. Representative failure: perf database error: perf database error: no MHC module rows loaded from 1 source(s) (first: <repo>/python/aisimulate/src/aiconfigurator_core/systems/data/l40s/vllm/0.14.0/mhc_module_perf.parquet),"python python/aisimulate/tools/support_matrix/generate_fpe_support_matrix.py --model ""nvidia/DeepSeek-V4-Pro-NVFP4"" --system ""l40s"" --backend ""vllm"" --backend-version ""0.14.0"" --forward-model op_level --max-workers 8",,116,29,PERF_DATA_MISSING=116,,26dae1f99b2b50fb17118f38d8a8e95dfac3357c
nvidia/DeepSeek-V4-Pro-NVFP4,DeepseekV4ForCausalLM,l40s,vllm,0.22.0,FAIL,"Strict-native op-level FPE probes: PERF_DATA_MISSING=116; raw probes=116; topologies=29; source_sha=26dae1f99b2b50fb17118f38d8a8e95dfac3357c. Representative failure: perf database error: MoE data missing for MoeKey { quant: ""nvfp4_wo"", distribution: ""uniform"", topk: 6, num_experts: 384, hidden_size: 7168, inter_size: 3072, moe_tp_size: 1, moe_ep_size: 1 } at <repo>/python/aisimulate/src/aiconfigurator_core/systems/data/l40s/vllm/0.22.0","python python/aisimulate/tools/support_matrix/generate_fpe_support_matrix.py --model ""nvidia/DeepSeek-V4-Pro-NVFP4"" --system ""l40s"" --backend ""vllm"" --backend-version ""0.22.0"" --forward-model op_level --max-workers 8",,116,29,PERF_DATA_MISSING=116,,26dae1f99b2b50fb17118f38d8a8e95dfac3357c
nvidia/DeepSeek-V4-Pro-NVFP4,DeepseekV4ForCausalLM,l40s,vllm,0.24.0,FAIL,"Strict-native op-level FPE probes: PERF_DATA_MISSING=116; raw probes=116; topologies=29; source_sha=26dae1f99b2b50fb17118f38d8a8e95dfac3357c. Representative failure: perf database error: MoE data missing for MoeKey { quant: ""nvfp4_wo"", distribution: ""uniform"", topk: 6, num_experts: 384, hidden_size: 7168, inter_size: 3072, moe_tp_size: 1, moe_ep_size: 1 } at <repo>/python/aisimulate/src/aiconfigurator_core/systems/data/l40s/vllm/0.24.0","python python/aisimulate/tools/support_matrix/generate_fpe_support_matrix.py --model ""nvidia/DeepSeek-V4-Pro-NVFP4"" --system ""l40s"" --backend ""vllm"" --backend-version ""0.24.0"" --forward-model op_level --max-workers 8",,116,29,PERF_DATA_MISSING=116,,26dae1f99b2b50fb17118f38d8a8e95dfac3357c
nvidia/GLM-5.2-NVFP4,GlmMoeDsaForCausalLM,l40s,sglang,0.5.10,FAIL,"Strict-native op-level FPE probes: PERF_DATA_MISSING=220, SDK_UNREPRESENTABLE=320; raw probes=540; topologies=135; source_sha=26dae1f99b2b50fb17118f38d8a8e95dfac3357c. Representative failure: perf database error: MoE data missing for MoeKey { quant: ""nvfp4_wo"", distribution: ""uniform"", topk: 8, num_experts: 256, hidden_size: 6144, inter_size: 2048, moe_tp_size: 1, moe_ep_size: 1 } at <repo>/python/aisimulate/src/aiconfigurator_core/systems/data/l40s/sglang/0.5.10","python python/aisimulate/tools/support_matrix/generate_fpe_support_matrix.py --model ""nvidia/GLM-5.2-NVFP4"" --system ""l40s"" --backend ""sglang"" --backend-version ""0.5.10"" --forward-model op_level --max-workers 8",,540,135,"PERF_DATA_MISSING=220, SDK_UNREPRESENTABLE=320",,26dae1f99b2b50fb17118f38d8a8e95dfac3357c
nvidia/GLM-5.2-NVFP4,GlmMoeDsaForCausalLM,l40s,sglang,0.5.12,FAIL,"Strict-native op-level FPE probes: PERF_DATA_MISSING=220, SDK_UNREPRESENTABLE=320; raw probes=540; topologies=135; source_sha=26dae1f99b2b50fb17118f38d8a8e95dfac3357c. Representative failure: perf database error: MoE data missing for MoeKey { quant: ""nvfp4_wo"", distribution: ""uniform"", topk: 8, num_experts: 256, hidden_size: 6144, inter_size: 2048, moe_tp_size: 1, moe_ep_size: 1 } at <repo>/python/aisimulate/src/aiconfigurator_core/systems/data/l40s/sglang/0.5.12","python python/aisimulate/tools/support_matrix/generate_fpe_support_matrix.py --model ""nvidia/GLM-5.2-NVFP4"" --system ""l40s"" --backend ""sglang"" --backend-version ""0.5.12"" --forward-model op_level --max-workers 8",,540,135,"PERF_DATA_MISSING=220, SDK_UNREPRESENTABLE=320",,26dae1f99b2b50fb17118f38d8a8e95dfac3357c
nvidia/GLM-5.2-NVFP4,GlmMoeDsaForCausalLM,l40s,sglang,0.5.14,FAIL,"Strict-native op-level FPE probes: PERF_DATA_MISSING=220, SDK_UNREPRESENTABLE=320; raw probes=540; topologies=135; source_sha=26dae1f99b2b50fb17118f38d8a8e95dfac3357c. Representative failure: perf database error: MoE data missing for MoeKey { quant: ""nvfp4_wo"", distribution: ""uniform"", topk: 8, num_experts: 256, hidden_size: 6144, inter_size: 2048, moe_tp_size: 1, moe_ep_size: 1 } at <repo>/python/aisimulate/src/aiconfigurator_core/systems/data/l40s/sglang/0.5.14","python python/aisimulate/tools/support_matrix/generate_fpe_support_matrix.py --model ""nvidia/GLM-5.2-NVFP4"" --system ""l40s"" --backend ""sglang"" --backend-version ""0.5.14"" --forward-model op_level --max-workers 8",,540,135,"PERF_DATA_MISSING=220, SDK_UNREPRESENTABLE=320",,26dae1f99b2b50fb17118f38d8a8e95dfac3357c
nvidia/GLM-5.2-NVFP4,GlmMoeDsaForCausalLM,l40s,sglang,0.5.16,FAIL,"Strict-native op-level FPE probes: PERF_DATA_MISSING=220, SDK_UNREPRESENTABLE=320; raw probes=540; topologies=135; source_sha=26dae1f99b2b50fb17118f38d8a8e95dfac3357c. Representative failure: perf database error: MoE data missing for MoeKey { quant: ""nvfp4_wo"", distribution: ""uniform"", topk: 8, num_experts: 256, hidden_size: 6144, inter_size: 2048, moe_tp_size: 1, moe_ep_size: 1 } at <repo>/python/aisimulate/src/aiconfigurator_core/systems/data/l40s/sglang/0.5.16","python python/aisimulate/tools/support_matrix/generate_fpe_support_matrix.py --model ""nvidia/GLM-5.2-NVFP4"" --system ""l40s"" --backend ""sglang"" --backend-version ""0.5.16"" --forward-model op_level --max-workers 8",,540,135,"PERF_DATA_MISSING=220, SDK_UNREPRESENTABLE=320",,26dae1f99b2b50fb17118f38d8a8e95dfac3357c
nvidia/GLM-5.2-NVFP4,GlmMoeDsaForCausalLM,l40s,sglang,0.5.9,FAIL,"Strict-native op-level FPE probes: PERF_DATA_MISSING=220, SDK_UNREPRESENTABLE=320; raw probes=540; topologies=135; source_sha=26dae1f99b2b50fb17118f38d8a8e95dfac3357c. Representative failure: perf database error: MoE data missing for MoeKey { quant: ""nvfp4_wo"", distribution: ""uniform"", topk: 8, num_experts: 256, hidden_size: 6144, inter_size: 2048, moe_tp_size: 1, moe_ep_size: 1 } at <repo>/python/aisimulate/src/aiconfigurator_core/systems/data/l40s/sglang/0.5.9","python python/aisimulate/tools/support_matrix/generate_fpe_support_matrix.py --model ""nvidia/GLM-5.2-NVFP4"" --system ""l40s"" --backend ""sglang"" --backend-version ""0.5.9"" --forward-model op_level --max-workers 8",,540,135,"PERF_DATA_MISSING=220, SDK_UNREPRESENTABLE=320",,26dae1f99b2b50fb17118f38d8a8e95dfac3357c
nvidia/GLM-5.2-NVFP4,GlmMoeDsaForCausalLM,l40s,trtllm,1.0.0,FAIL,"Strict-native op-level FPE probes: PERF_DATA_MISSING=116; raw probes=116; topologies=29; source_sha=26dae1f99b2b50fb17118f38d8a8e95dfac3357c. Representative failure: perf database error: MoE data missing for MoeKey { quant: ""nvfp4_wo"", distribution: ""uniform"", topk: 8, num_experts: 256, hidden_size: 6144, inter_size: 2048, moe_tp_size: 1, moe_ep_size: 1 } at <repo>/python/aisimulate/src/aiconfigurator_core/systems/data/l40s/trtllm/1.0.0","python python/aisimulate/tools/support_matrix/generate_fpe_support_matrix.py --model ""nvidia/GLM-5.2-NVFP4"" --system ""l40s"" --backend ""trtllm"" --backend-version ""1.0.0"" --forward-model op_level --max-workers 8",,116,29,PERF_DATA_MISSING=116,,26dae1f99b2b50fb17118f38d8a8e95dfac3357c
nvidia/GLM-5.2-NVFP4,GlmMoeDsaForCausalLM,l40s,trtllm,1.3.0rc15,FAIL,"Strict-native op-level FPE probes: PERF_DATA_MISSING=116; raw probes=116; topologies=29; source_sha=26dae1f99b2b50fb17118f38d8a8e95dfac3357c. Representative failure: perf database error: MoE data missing for MoeKey { quant: ""nvfp4_wo"", distribution: ""uniform"", topk: 8, num_experts: 256, hidden_size: 6144, inter_size: 2048, moe_tp_size: 1, moe_ep_size: 1 } at <repo>/python/aisimulate/src/aiconfigurator_core/systems/data/l40s/trtllm/1.3.0rc15","python python/aisimulate/tools/support_matrix/generate_fpe_support_matrix.py --model ""nvidia/GLM-5.2-NVFP4"" --system ""l40s"" --backend ""trtllm"" --backend-version ""1.3.0rc15"" --forward-model op_level --max-workers 8",,116,29,PERF_DATA_MISSING=116,,26dae1f99b2b50fb17118f38d8a8e95dfac3357c
nvidia/GLM-5.2-NVFP4,GlmMoeDsaForCausalLM,l40s,trtllm,1.3.0rc20,FAIL,"Strict-native op-level FPE probes: PERF_DATA_MISSING=116; raw probes=116; topologies=29; source_sha=26dae1f99b2b50fb17118f38d8a8e95dfac3357c. Representative failure: perf database error: MoE data missing for MoeKey { quant: ""nvfp4_wo"", distribution: ""uniform"", topk: 8, num_experts: 256, hidden_size: 6144, inter_size: 2048, moe_tp_size: 1, moe_ep_size: 1 } at <repo>/python/aisimulate/src/aiconfigurator_core/systems/data/l40s/trtllm/1.3.0rc20","python python/aisimulate/tools/support_matrix/generate_fpe_support_matrix.py --model ""nvidia/GLM-5.2-NVFP4"" --system ""l40s"" --backend ""trtllm"" --backend-version ""1.3.0rc20"" --forward-model op_level --max-workers 8",,116,29,PERF_DATA_MISSING=116,,26dae1f99b2b50fb17118f38d8a8e95dfac3357c
nvidia/GLM-5.2-NVFP4,GlmMoeDsaForCausalLM,l40s,trtllm,1.3.0rc23,FAIL,"Strict-native op-level FPE probes: PERF_DATA_MISSING=116; raw probes=116; topologies=29; source_sha=26dae1f99b2b50fb17118f38d8a8e95dfac3357c. Representative failure: perf database error: MoE data missing for MoeKey { quant: ""nvfp4_wo"", distribution: ""uniform"", topk: 8, num_experts: 256, hidden_size: 6144, inter_size: 2048, moe_tp_size: 1, moe_ep_size: 1 } at <repo>/python/aisimulate/src/aiconfigurator_core/systems/data/l40s/trtllm/1.3.0rc23","python python/aisimulate/tools/support_matrix/generate_fpe_support_matrix.py --model ""nvidia/GLM-5.2-NVFP4"" --system ""l40s"" --backend ""trtllm"" --backend-version ""1.3.0rc23"" --forward-model op_level --max-workers 8",,116,29,PERF_DATA_MISSING=116,,26dae1f99b2b50fb17118f38d8a8e95dfac3357c
nvidia/GLM-5.2-NVFP4,GlmMoeDsaForCausalLM,l40s,vllm,0.1.dev19262,FAIL,Strict-native op-level FPE probes: PERF_DATA_MISSING=116; raw probes=116; topologies=29; source_sha=26dae1f99b2b50fb17118f38d8a8e95dfac3357c. Representative failure: perf database error: perf database error: no GEMM rows loaded from 1 source(s) (first: <repo>/python/aisimulate/src/aiconfigurator_core/systems/data/l40s/vllm/0.1.dev19262/gemm_perf.parquet),"python python/aisimulate/tools/support_matrix/generate_fpe_support_matrix.py --model ""nvidia/GLM-5.2-NVFP4"" --system ""l40s"" --backend ""vllm"" --backend-version ""0.1.dev19262"" --forward-model op_level --max-workers 8",,116,29,PERF_DATA_MISSING=116,,26dae1f99b2b50fb17118f38d8a8e95dfac3357c
nvidia/GLM-5.2-NVFP4,GlmMoeDsaForCausalLM,l40s,vllm,0.14.0,FAIL,"Strict-native op-level FPE probes: PERF_DATA_MISSING=116; raw probes=116; topologies=29; source_sha=26dae1f99b2b50fb17118f38d8a8e95dfac3357c. Representative failure: perf database error: MoE data missing for MoeKey { quant: ""nvfp4_wo"", distribution: ""uniform"", topk: 8, num_experts: 256, hidden_size: 6144, inter_size: 2048, moe_tp_size: 1, moe_ep_size: 1 } at <repo>/python/aisimulate/src/aiconfigurator_core/systems/data/l40s/vllm/0.14.0","python python/aisimulate/tools/support_matrix/generate_fpe_support_matrix.py --model ""nvidia/GLM-5.2-NVFP4"" --system ""l40s"" --backend ""vllm"" --backend-version ""0.14.0"" --forward-model op_level --max-workers 8",,116,29,PERF_DATA_MISSING=116,,26dae1f99b2b50fb17118f38d8a8e95dfac3357c
nvidia/GLM-5.2-NVFP4,GlmMoeDsaForCausalLM,l40s,vllm,0.22.0,FAIL,"Strict-native op-level FPE probes: PERF_DATA_MISSING=116; raw probes=116; topologies=29; source_sha=26dae1f99b2b50fb17118f38d8a8e95dfac3357c. Representative failure: perf database error: MoE data missing for MoeKey { quant: ""nvfp4_wo"", distribution: ""uniform"", topk: 8, num_experts: 256, hidden_size: 6144, inter_size: 2048, moe_tp_size: 1, moe_ep_size: 1 } at <repo>/python/aisimulate/src/aiconfigurator_core/systems/data/l40s/vllm/0.22.0","python python/aisimulate/tools/support_matrix/generate_fpe_support_matrix.py --model ""nvidia/GLM-5.2-NVFP4"" --system ""l40s"" --backend ""vllm"" --backend-version ""0.22.0"" --forward-model op_level --max-workers 8",,116,29,PERF_DATA_MISSING=116,,26dae1f99b2b50fb17118f38d8a8e95dfac3357c
nvidia/GLM-5.2-NVFP4,GlmMoeDsaForCausalLM,l40s,vllm,0.24.0,FAIL,"Strict-native op-level FPE probes: PERF_DATA_MISSING=116; raw probes=116; topologies=29; source_sha=26dae1f99b2b50fb17118f38d8a8e95dfac3357c. Representative failure: perf database error: MoE data missing for MoeKey { quant: ""nvfp4_wo"", distribution: ""uniform"", topk: 8, num_experts: 256, hidden_size: 6144, inter_size: 2048, moe_tp_size: 1, moe_ep_size: 1 } at <repo>/python/aisimulate/src/aiconfigurator_core/systems/data/l40s/vllm/0.24.0","python python/aisimulate/tools/support_matrix/generate_fpe_support_matrix.py --model ""nvidia/GLM-5.2-NVFP4"" --system ""l40s"" --backend ""vllm"" --backend-version ""0.24.0"" --forward-model op_level --max-workers 8",,116,29,PERF_DATA_MISSING=116,,26dae1f99b2b50fb17118f38d8a8e95dfac3357c
nvidia/Gemma-4-26B-A4B-NVFP4,Gemma4ForConditionalGeneration,l40s,sglang,0.5.10,FAIL,"Strict-native op-level FPE probes: PERF_DATA_MISSING=220, SDK_UNREPRESENTABLE=320; raw probes=540; topologies=135; source_sha=26dae1f99b2b50fb17118f38d8a8e95dfac3357c. Representative failure: perf database error: GEMM perf data missing for quant 'nvfp4_wo' at <repo>/python/aisimulate/src/aiconfigurator_core/systems/data/l40s/sglang/0.5.10; available: [""bfloat16"", ""fp8""]","python python/aisimulate/tools/support_matrix/generate_fpe_support_matrix.py --model ""nvidia/Gemma-4-26B-A4B-NVFP4"" --system ""l40s"" --backend ""sglang"" --backend-version ""0.5.10"" --forward-model op_level --max-workers 8",,540,135,"PERF_DATA_MISSING=220, SDK_UNREPRESENTABLE=320",,26dae1f99b2b50fb17118f38d8a8e95dfac3357c
nvidia/Gemma-4-26B-A4B-NVFP4,Gemma4ForConditionalGeneration,l40s,sglang,0.5.12,FAIL,"Strict-native op-level FPE probes: PERF_DATA_MISSING=220, SDK_UNREPRESENTABLE=320; raw probes=540; topologies=135; source_sha=26dae1f99b2b50fb17118f38d8a8e95dfac3357c. Representative failure: perf database error: GEMM perf data missing for quant 'nvfp4_wo' at <repo>/python/aisimulate/src/aiconfigurator_core/systems/data/l40s/sglang/0.5.12; available: [""bfloat16"", ""fp8"", ""fp8_static""]","python python/aisimulate/tools/support_matrix/generate_fpe_support_matrix.py --model ""nvidia/Gemma-4-26B-A4B-NVFP4"" --system ""l40s"" --backend ""sglang"" --backend-version ""0.5.12"" --forward-model op_level --max-workers 8",,540,135,"PERF_DATA_MISSING=220, SDK_UNREPRESENTABLE=320",,26dae1f99b2b50fb17118f38d8a8e95dfac3357c
nvidia/Gemma-4-26B-A4B-NVFP4,Gemma4ForConditionalGeneration,l40s,sglang,0.5.14,FAIL,"Strict-native op-level FPE probes: PERF_DATA_MISSING=220, SDK_UNREPRESENTABLE=320; raw probes=540; topologies=135; source_sha=26dae1f99b2b50fb17118f38d8a8e95dfac3357c. Representative failure: perf database error: GEMM perf data missing for quant 'nvfp4_wo' at <repo>/python/aisimulate/src/aiconfigurator_core/systems/data/l40s/sglang/0.5.14; available: [""bfloat16"", ""fp8"", ""fp8_static""]","python python/aisimulate/tools/support_matrix/generate_fpe_support_matrix.py --model ""nvidia/Gemma-4-26B-A4B-NVFP4"" --system ""l40s"" --backend ""sglang"" --backend-version ""0.5.14"" --forward-model op_level --max-workers 8",,540,135,"PERF_DATA_MISSING=220, SDK_UNREPRESENTABLE=320",,26dae1f99b2b50fb17118f38d8a8e95dfac3357c
nvidia/Gemma-4-26B-A4B-NVFP4,Gemma4ForConditionalGeneration,l40s,sglang,0.5.16,FAIL,"Strict-native op-level FPE probes: PERF_DATA_MISSING=220, SDK_UNREPRESENTABLE=320; raw probes=540; topologies=135; source_sha=26dae1f99b2b50fb17118f38d8a8e95dfac3357c. Representative failure: perf database error: GEMM perf data missing for quant 'nvfp4_wo' at <repo>/python/aisimulate/src/aiconfigurator_core/systems/data/l40s/sglang/0.5.16; available: [""bfloat16"", ""fp8"", ""fp8_static""]","python python/aisimulate/tools/support_matrix/generate_fpe_support_matrix.py --model ""nvidia/Gemma-4-26B-A4B-NVFP4"" --system ""l40s"" --backend ""sglang"" --backend-version ""0.5.16"" --forward-model op_level --max-workers 8",,540,135,"PERF_DATA_MISSING=220, SDK_UNREPRESENTABLE=320",,26dae1f99b2b50fb17118f38d8a8e95dfac3357c
nvidia/Gemma-4-26B-A4B-NVFP4,Gemma4ForConditionalGeneration,l40s,sglang,0.5.9,FAIL,"Strict-native op-level FPE probes: PERF_DATA_MISSING=220, SDK_UNREPRESENTABLE=320; raw probes=540; topologies=135; source_sha=26dae1f99b2b50fb17118f38d8a8e95dfac3357c. Representative failure: perf database error: GEMM perf data missing for quant 'nvfp4_wo' at <repo>/python/aisimulate/src/aiconfigurator_core/systems/data/l40s/sglang/0.5.9; available: [""bfloat16"", ""fp8""]","python python/aisimulate/tools/support_matrix/generate_fpe_support_matrix.py --model ""nvidia/Gemma-4-26B-A4B-NVFP4"" --system ""l40s"" --backend ""sglang"" --backend-version ""0.5.9"" --forward-model op_level --max-workers 8",,540,135,"PERF_DATA_MISSING=220, SDK_UNREPRESENTABLE=320",,26dae1f99b2b50fb17118f38d8a8e95dfac3357c
nvidia/Gemma-4-26B-A4B-NVFP4,Gemma4ForConditionalGeneration,l40s,trtllm,1.0.0,FAIL,"Strict-native op-level FPE probes: PERF_DATA_MISSING=116; raw probes=116; topologies=29; source_sha=26dae1f99b2b50fb17118f38d8a8e95dfac3357c. Representative failure: perf database error: GEMM perf data missing for quant 'nvfp4_wo' at <repo>/python/aisimulate/src/aiconfigurator_core/systems/data/l40s/trtllm/1.0.0; available: [""bfloat16"", ""fp8"", ""fp8_block"", ""int4_wo"", ""int8_wo"", ""sq""]","python python/aisimulate/tools/support_matrix/generate_fpe_support_matrix.py --model ""nvidia/Gemma-4-26B-A4B-NVFP4"" --system ""l40s"" --backend ""trtllm"" --backend-version ""1.0.0"" --forward-model op_level --max-workers 8",,116,29,PERF_DATA_MISSING=116,,26dae1f99b2b50fb17118f38d8a8e95dfac3357c
nvidia/Gemma-4-26B-A4B-NVFP4,Gemma4ForConditionalGeneration,l40s,trtllm,1.3.0rc15,FAIL,"Strict-native op-level FPE probes: PERF_DATA_MISSING=116; raw probes=116; topologies=29; source_sha=26dae1f99b2b50fb17118f38d8a8e95dfac3357c. Representative failure: perf database error: GEMM perf data missing for quant 'nvfp4_wo' at <repo>/python/aisimulate/src/aiconfigurator_core/systems/data/l40s/trtllm/1.3.0rc15; available: [""bfloat16"", ""fp8"", ""fp8_block"", ""fp8_static"", ""int4_wo"", ""int8_wo"", ""sq""]","python python/aisimulate/tools/support_matrix/generate_fpe_support_matrix.py --model ""nvidia/Gemma-4-26B-A4B-NVFP4"" --system ""l40s"" --backend ""trtllm"" --backend-version ""1.3.0rc15"" --forward-model op_level --max-workers 8",,116,29,PERF_DATA_MISSING=116,,26dae1f99b2b50fb17118f38d8a8e95dfac3357c
nvidia/Gemma-4-26B-A4B-NVFP4,Gemma4ForConditionalGeneration,l40s,trtllm,1.3.0rc20,FAIL,"Strict-native op-level FPE probes: PERF_DATA_MISSING=116; raw probes=116; topologies=29; source_sha=26dae1f99b2b50fb17118f38d8a8e95dfac3357c. Representative failure: perf database error: GEMM perf data missing for quant 'nvfp4_wo' at <repo>/python/aisimulate/src/aiconfigurator_core/systems/data/l40s/trtllm/1.3.0rc20; available: [""bfloat16"", ""fp8"", ""fp8_block"", ""fp8_static"", ""int4_wo"", ""int8_wo"", ""sq""]","python python/aisimulate/tools/support_matrix/generate_fpe_support_matrix.py --model ""nvidia/Gemma-4-26B-A4B-NVFP4"" --system ""l40s"" --backend ""trtllm"" --backend-version ""1.3.0rc20"" --forward-model op_level --max-workers 8",,116,29,PERF_DATA_MISSING=116,,26dae1f99b2b50fb17118f38d8a8e95dfac3357c
nvidia/Gemma-4-26B-A4B-NVFP4,Gemma4ForConditionalGeneration,l40s,trtllm,1.3.0rc23,FAIL,"Strict-native op-level FPE probes: PERF_DATA_MISSING=116; raw probes=116; topologies=29; source_sha=26dae1f99b2b50fb17118f38d8a8e95dfac3357c. Representative failure: perf database error: GEMM perf data missing for quant 'nvfp4_wo' at <repo>/python/aisimulate/src/aiconfigurator_core/systems/data/l40s/trtllm/1.3.0rc23; available: [""bfloat16"", ""fp8"", ""fp8_block"", ""fp8_static"", ""int4_wo"", ""int8_wo"", ""sq""]","python python/aisimulate/tools/support_matrix/generate_fpe_support_matrix.py --model ""nvidia/Gemma-4-26B-A4B-NVFP4"" --system ""l40s"" --backend ""trtllm"" --backend-version ""1.3.0rc23"" --forward-model op_level --max-workers 8",,116,29,PERF_DATA_MISSING=116,,26dae1f99b2b50fb17118f38d8a8e95dfac3357c
nvidia/Gemma-4-26B-A4B-NVFP4,Gemma4ForConditionalGeneration,l40s,vllm,0.1.dev19262,FAIL,Strict-native op-level FPE probes: PERF_DATA_MISSING=116; raw probes=116; topologies=29; source_sha=26dae1f99b2b50fb17118f38d8a8e95dfac3357c. Representative failure: perf database error: perf database error: no GEMM rows loaded from 1 source(s) (first: <repo>/python/aisimulate/src/aiconfigurator_core/systems/data/l40s/vllm/0.1.dev19262/gemm_perf.parquet),"python python/aisimulate/tools/support_matrix/generate_fpe_support_matrix.py --model ""nvidia/Gemma-4-26B-A4B-NVFP4"" --system ""l40s"" --backend ""vllm"" --backend-version ""0.1.dev19262"" --forward-model op_level --max-workers 8",,116,29,PERF_DATA_MISSING=116,,26dae1f99b2b50fb17118f38d8a8e95dfac3357c
nvidia/Gemma-4-26B-A4B-NVFP4,Gemma4ForConditionalGeneration,l40s,vllm,0.14.0,FAIL,"Strict-native op-level FPE probes: PERF_DATA_MISSING=116; raw probes=116; topologies=29; source_sha=26dae1f99b2b50fb17118f38d8a8e95dfac3357c. Representative failure: perf database error: GEMM perf data missing for quant 'nvfp4_wo' at <repo>/python/aisimulate/src/aiconfigurator_core/systems/data/l40s/vllm/0.14.0; available: [""bfloat16"", ""fp8""]","python python/aisimulate/tools/support_matrix/generate_fpe_support_matrix.py --model ""nvidia/Gemma-4-26B-A4B-NVFP4"" --system ""l40s"" --backend ""vllm"" --backend-version ""0.14.0"" --forward-model op_level --max-workers 8",,116,29,PERF_DATA_MISSING=116,,26dae1f99b2b50fb17118f38d8a8e95dfac3357c
nvidia/Gemma-4-26B-A4B-NVFP4,Gemma4ForConditionalGeneration,l40s,vllm,0.22.0,FAIL,"Strict-native op-level FPE probes: PERF_DATA_MISSING=116; raw probes=116; topologies=29; source_sha=26dae1f99b2b50fb17118f38d8a8e95dfac3357c. Representative failure: perf database error: GEMM perf data missing for quant 'nvfp4_wo' at <repo>/python/aisimulate/src/aiconfigurator_core/systems/data/l40s/vllm/0.22.0; available: [""bfloat16"", ""fp8"", ""fp8_block""]","python python/aisimulate/tools/support_matrix/generate_fpe_support_matrix.py --model ""nvidia/Gemma-4-26B-A4B-NVFP4"" --system ""l40s"" --backend ""vllm"" --backend-version ""0.22.0"" --forward-model op_level --max-workers 8",,116,29,PERF_DATA_MISSING=116,,26dae1f99b2b50fb17118f38d8a8e95dfac3357c
nvidia/Gemma-4-26B-A4B-NVFP4,Gemma4ForConditionalGeneration,l40s,vllm,0.24.0,FAIL,"Strict-native op-level FPE probes: PERF_DATA_MISSING=116; raw probes=116; topologies=29; source_sha=26dae1f99b2b50fb17118f38d8a8e95dfac3357c. Representative failure: perf database error: GEMM perf data missing for quant 'nvfp4_wo' at <repo>/python/aisimulate/src/aiconfigurator_core/systems/data/l40s/vllm/0.24.0; available: [""bfloat16"", ""fp8"", ""fp8_block""]","python python/aisimulate/tools/support_matrix/generate_fpe_support_matrix.py --model ""nvidia/Gemma-4-26B-A4B-NVFP4"" --system ""l40s"" --backend ""vllm"" --backend-version ""0.24.0"" --forward-model op_level --max-workers 8",,116,29,PERF_DATA_MISSING=116,,26dae1f99b2b50fb17118f38d8a8e95dfac3357c
nvidia/Gemma-4-31B-IT-NVFP4,Gemma4ForConditionalGeneration,l40s,sglang,0.5.10,FAIL,"Strict-native op-level FPE probes: BUILD_FAILED=160, PERF_DATA_MISSING=60, SDK_UNREPRESENTABLE=320; raw probes=540; topologies=135; source_sha=26dae1f99b2b50fb17118f38d8a8e95dfac3357c. Representative failure: dense Gemma 4 variants require moe_ep_size=1, got 16","python python/aisimulate/tools/support_matrix/generate_fpe_support_matrix.py --model ""nvidia/Gemma-4-31B-IT-NVFP4"" --system ""l40s"" --backend ""sglang"" --backend-version ""0.5.10"" --forward-model op_level --max-workers 8",,540,135,"BUILD_FAILED=160, PERF_DATA_MISSING=60, SDK_UNREPRESENTABLE=320",,26dae1f99b2b50fb17118f38d8a8e95dfac3357c
nvidia/Gemma-4-31B-IT-NVFP4,Gemma4ForConditionalGeneration,l40s,sglang,0.5.12,FAIL,"Strict-native op-level FPE probes: BUILD_FAILED=160, PERF_DATA_MISSING=60, SDK_UNREPRESENTABLE=320; raw probes=540; topologies=135; source_sha=26dae1f99b2b50fb17118f38d8a8e95dfac3357c. Representative failure: dense Gemma 4 variants require moe_ep_size=1, got 16","python python/aisimulate/tools/support_matrix/generate_fpe_support_matrix.py --model ""nvidia/Gemma-4-31B-IT-NVFP4"" --system ""l40s"" --backend ""sglang"" --backend-version ""0.5.12"" --forward-model op_level --max-workers 8",,540,135,"BUILD_FAILED=160, PERF_DATA_MISSING=60, SDK_UNREPRESENTABLE=320",,26dae1f99b2b50fb17118f38d8a8e95dfac3357c
nvidia/Gemma-4-31B-IT-NVFP4,Gemma4ForConditionalGeneration,l40s,sglang,0.5.14,FAIL,"Strict-native op-level FPE probes: BUILD_FAILED=160, PERF_DATA_MISSING=60, SDK_UNREPRESENTABLE=320; raw probes=540; topologies=135; source_sha=26dae1f99b2b50fb17118f38d8a8e95dfac3357c. Representative failure: dense Gemma 4 variants require moe_ep_size=1, got 16","python python/aisimulate/tools/support_matrix/generate_fpe_support_matrix.py --model ""nvidia/Gemma-4-31B-IT-NVFP4"" --system ""l40s"" --backend ""sglang"" --backend-version ""0.5.14"" --forward-model op_level --max-workers 8",,540,135,"BUILD_FAILED=160, PERF_DATA_MISSING=60, SDK_UNREPRESENTABLE=320",,26dae1f99b2b50fb17118f38d8a8e95dfac3357c
nvidia/Gemma-4-31B-IT-NVFP4,Gemma4ForConditionalGeneration,l40s,sglang,0.5.16,FAIL,"Strict-native op-level FPE probes: BUILD_FAILED=160, PERF_DATA_MISSING=60, SDK_UNREPRESENTABLE=320; raw probes=540; topologies=135; source_sha=26dae1f99b2b50fb17118f38d8a8e95dfac3357c. Representative failure: dense Gemma 4 variants require moe_ep_size=1, got 16","python python/aisimulate/tools/support_matrix/generate_fpe_support_matrix.py --model ""nvidia/Gemma-4-31B-IT-NVFP4"" --system ""l40s"" --backend ""sglang"" --backend-version ""0.5.16"" --forward-model op_level --max-workers 8",,540,135,"BUILD_FAILED=160, PERF_DATA_MISSING=60, SDK_UNREPRESENTABLE=320",,26dae1f99b2b50fb17118f38d8a8e95dfac3357c
nvidia/Gemma-4-31B-IT-NVFP4,Gemma4ForConditionalGeneration,l40s,sglang,0.5.9,FAIL,"Strict-native op-level FPE probes: BUILD_FAILED=160, PERF_DATA_MISSING=60, SDK_UNREPRESENTABLE=320; raw probes=540; topologies=135; source_sha=26dae1f99b2b50fb17118f38d8a8e95dfac3357c. Representative failure: dense Gemma 4 variants require moe_ep_size=1, got 16","python python/aisimulate/tools/support_matrix/generate_fpe_support_matrix.py --model ""nvidia/Gemma-4-31B-IT-NVFP4"" --system ""l40s"" --backend ""sglang"" --backend-version ""0.5.9"" --forward-model op_level --max-workers 8",,540,135,"BUILD_FAILED=160, PERF_DATA_MISSING=60, SDK_UNREPRESENTABLE=320",,26dae1f99b2b50fb17118f38d8a8e95dfac3357c
nvidia/Gemma-4-31B-IT-NVFP4,Gemma4ForConditionalGeneration,l40s,trtllm,1.0.0,FAIL,"Strict-native op-level FPE probes: BUILD_FAILED=80, PERF_DATA_MISSING=36; raw probes=116; topologies=29; source_sha=26dae1f99b2b50fb17118f38d8a8e95dfac3357c. Representative failure: dense Gemma 4 variants require moe_ep_size=1, got 16","python python/aisimulate/tools/support_matrix/generate_fpe_support_matrix.py --model ""nvidia/Gemma-4-31B-IT-NVFP4"" --system ""l40s"" --backend ""trtllm"" --backend-version ""1.0.0"" --forward-model op_level --max-workers 8",,116,29,"BUILD_FAILED=80, PERF_DATA_MISSING=36",,26dae1f99b2b50fb17118f38d8a8e95dfac3357c
nvidia/Gemma-4-31B-IT-NVFP4,Gemma4ForConditionalGeneration,l40s,trtllm,1.3.0rc15,FAIL,"Strict-native op-level FPE probes: BUILD_FAILED=80, PERF_DATA_MISSING=36; raw probes=116; topologies=29; source_sha=26dae1f99b2b50fb17118f38d8a8e95dfac3357c. Representative failure: dense Gemma 4 variants require moe_ep_size=1, got 16","python python/aisimulate/tools/support_matrix/generate_fpe_support_matrix.py --model ""nvidia/Gemma-4-31B-IT-NVFP4"" --system ""l40s"" --backend ""trtllm"" --backend-version ""1.3.0rc15"" --forward-model op_level --max-workers 8",,116,29,"BUILD_FAILED=80, PERF_DATA_MISSING=36",,26dae1f99b2b50fb17118f38d8a8e95dfac3357c
nvidia/Gemma-4-31B-IT-NVFP4,Gemma4ForConditionalGeneration,l40s,trtllm,1.3.0rc20,FAIL,"Strict-native op-level FPE probes: BUILD_FAILED=80, PERF_DATA_MISSING=36; raw probes=116; topologies=29; source_sha=26dae1f99b2b50fb17118f38d8a8e95dfac3357c. Representative failure: dense Gemma 4 variants require moe_ep_size=1, got 16","python python/aisimulate/tools/support_matrix/generate_fpe_support_matrix.py --model ""nvidia/Gemma-4-31B-IT-NVFP4"" --system ""l40s"" --backend ""trtllm"" --backend-version ""1.3.0rc20"" --forward-model op_level --max-workers 8",,116,29,"BUILD_FAILED=80, PERF_DATA_MISSING=36",,26dae1f99b2b50fb17118f38d8a8e95dfac3357c
nvidia/Gemma-4-31B-IT-NVFP4,Gemma4ForConditionalGeneration,l40s,trtllm,1.3.0rc23,FAIL,"Strict-native op-level FPE probes: BUILD_FAILED=80, PERF_DATA_MISSING=36; raw probes=116; topologies=29; source_sha=26dae1f99b2b50fb17118f38d8a8e95dfac3357c. Representative failure: dense Gemma 4 variants require moe_ep_size=1, got 16","python python/aisimulate/tools/support_matrix/generate_fpe_support_matrix.py --model ""nvidia/Gemma-4-31B-IT-NVFP4"" --system ""l40s"" --backend ""trtllm"" --backend-version ""1.3.0rc23"" --forward-model op_level --max-workers 8",,116,29,"BUILD_FAILED=80, PERF_DATA_MISSING=36",,26dae1f99b2b50fb17118f38d8a8e95dfac3357c
nvidia/Gemma-4-31B-IT-NVFP4,Gemma4ForConditionalGeneration,l40s,vllm,0.1.dev19262,FAIL,"Strict-native op-level FPE probes: BUILD_FAILED=56, PERF_DATA_MISSING=60; raw probes=116; topologies=29; source_sha=26dae1f99b2b50fb17118f38d8a8e95dfac3357c. Representative failure: dense Gemma 4 variants require moe_ep_size=1, got 16","python python/aisimulate/tools/support_matrix/generate_fpe_support_matrix.py --model ""nvidia/Gemma-4-31B-IT-NVFP4"" --system ""l40s"" --backend ""vllm"" --backend-version ""0.1.dev19262"" --forward-model op_level --max-workers 8",,116,29,"BUILD_FAILED=56, PERF_DATA_MISSING=60",,26dae1f99b2b50fb17118f38d8a8e95dfac3357c
nvidia/Gemma-4-31B-IT-NVFP4,Gemma4ForConditionalGeneration,l40s,vllm,0.14.0,FAIL,"Strict-native op-level FPE probes: BUILD_FAILED=56, PERF_DATA_MISSING=60; raw probes=116; topologies=29; source_sha=26dae1f99b2b50fb17118f38d8a8e95dfac3357c. Representative failure: dense Gemma 4 variants require moe_ep_size=1, got 16","python python/aisimulate/tools/support_matrix/generate_fpe_support_matrix.py --model ""nvidia/Gemma-4-31B-IT-NVFP4"" --system ""l40s"" --backend ""vllm"" --backend-version ""0.14.0"" --forward-model op_level --max-workers 8",,116,29,"BUILD_FAILED=56, PERF_DATA_MISSING=60",,26dae1f99b2b50fb17118f38d8a8e95dfac3357c
nvidia/Gemma-4-31B-IT-NVFP4,Gemma4ForConditionalGeneration,l40s,vllm,0.22.0,FAIL,"Strict-native op-level FPE probes: BUILD_FAILED=56, PERF_DATA_MISSING=60; raw probes=116; topologies=29; source_sha=26dae1f99b2b50fb17118f38d8a8e95dfac3357c. Representative failure: dense Gemma 4 variants require moe_ep_size=1, got 16","python python/aisimulate/tools/support_matrix/generate_fpe_support_matrix.py --model ""nvidia/Gemma-4-31B-IT-NVFP4"" --system ""l40s"" --backend ""vllm"" --backend-version ""0.22.0"" --forward-model op_level --max-workers 8",,116,29,"BUILD_FAILED=56, PERF_DATA_MISSING=60",,26dae1f99b2b50fb17118f38d8a8e95dfac3357c
nvidia/Gemma-4-31B-IT-NVFP4,Gemma4ForConditionalGeneration,l40s,vllm,0.24.0,FAIL,"Strict-native op-level FPE probes: BUILD_FAILED=56, PERF_DATA_MISSING=60; raw probes=116; topologies=29; source_sha=26dae1f99b2b50fb17118f38d8a8e95dfac3357c. Representative failure: dense Gemma 4 variants require moe_ep_size=1, got 16","python python/aisimulate/tools/support_matrix/generate_fpe_support_matrix.py --model ""nvidia/Gemma-4-31B-IT-NVFP4"" --system ""l40s"" --backend ""vllm"" --backend-version ""0.24.0"" --forward-model op_level --max-workers 8",,116,29,"BUILD_FAILED=56, PERF_DATA_MISSING=60",,26dae1f99b2b50fb17118f38d8a8e95dfac3357c
nvidia/Kimi-K2.5-NVFP4,KimiK25ForConditionalGeneration,l40s,sglang,0.5.10,FAIL,"Strict-native op-level FPE probes: PERF_DATA_MISSING=220, SDK_UNREPRESENTABLE=320; raw probes=540; topologies=135; source_sha=26dae1f99b2b50fb17118f38d8a8e95dfac3357c. Representative failure: perf database error: context MLA data missing for ContextKey { fmha_quant: ""fp8"", kv_quant: ""fp8"" } at <repo>/python/aisimulate/src/aiconfigurator_core/systems/data/l40s/sglang/0.5.10","python python/aisimulate/tools/support_matrix/generate_fpe_support_matrix.py --model ""nvidia/Kimi-K2.5-NVFP4"" --system ""l40s"" --backend ""sglang"" --backend-version ""0.5.10"" --forward-model op_level --max-workers 8",,540,135,"PERF_DATA_MISSING=220, SDK_UNREPRESENTABLE=320",,26dae1f99b2b50fb17118f38d8a8e95dfac3357c
nvidia/Kimi-K2.5-NVFP4,KimiK25ForConditionalGeneration,l40s,sglang,0.5.12,FAIL,"Strict-native op-level FPE probes: PERF_DATA_MISSING=220, SDK_UNREPRESENTABLE=320; raw probes=540; topologies=135; source_sha=26dae1f99b2b50fb17118f38d8a8e95dfac3357c. Representative failure: perf database error: context MLA data missing for ContextKey { fmha_quant: ""fp8"", kv_quant: ""fp8"" } at <repo>/python/aisimulate/src/aiconfigurator_core/systems/data/l40s/sglang/0.5.12","python python/aisimulate/tools/support_matrix/generate_fpe_support_matrix.py --model ""nvidia/Kimi-K2.5-NVFP4"" --system ""l40s"" --backend ""sglang"" --backend-version ""0.5.12"" --forward-model op_level --max-workers 8",,540,135,"PERF_DATA_MISSING=220, SDK_UNREPRESENTABLE=320",,26dae1f99b2b50fb17118f38d8a8e95dfac3357c
nvidia/Kimi-K2.5-NVFP4,KimiK25ForConditionalGeneration,l40s,sglang,0.5.14,FAIL,"Strict-native op-level FPE probes: PERF_DATA_MISSING=220, SDK_UNREPRESENTABLE=320; raw probes=540; topologies=135; source_sha=26dae1f99b2b50fb17118f38d8a8e95dfac3357c. Representative failure: perf database error: context MLA data missing for ContextKey { fmha_quant: ""fp8"", kv_quant: ""fp8"" } at <repo>/python/aisimulate/src/aiconfigurator_core/systems/data/l40s/sglang/0.5.14","python python/aisimulate/tools/support_matrix/generate_fpe_support_matrix.py --model ""nvidia/Kimi-K2.5-NVFP4"" --system ""l40s"" --backend ""sglang"" --backend-version ""0.5.14"" --forward-model op_level --max-workers 8",,540,135,"PERF_DATA_MISSING=220, SDK_UNREPRESENTABLE=320",,26dae1f99b2b50fb17118f38d8a8e95dfac3357c
nvidia/Kimi-K2.5-NVFP4,KimiK25ForConditionalGeneration,l40s,sglang,0.5.16,FAIL,"Strict-native op-level FPE probes: PERF_DATA_MISSING=220, SDK_UNREPRESENTABLE=320; raw probes=540; topologies=135; source_sha=26dae1f99b2b50fb17118f38d8a8e95dfac3357c. Representative failure: perf database error: context MLA data missing for ContextKey { fmha_quant: ""fp8"", kv_quant: ""fp8"" } at <repo>/python/aisimulate/src/aiconfigurator_core/systems/data/l40s/sglang/0.5.16","python python/aisimulate/tools/support_matrix/generate_fpe_support_matrix.py --model ""nvidia/Kimi-K2.5-NVFP4"" --system ""l40s"" --backend ""sglang"" --backend-version ""0.5.16"" --forward-model op_level --max-workers 8",,540,135,"PERF_DATA_MISSING=220, SDK_UNREPRESENTABLE=320",,26dae1f99b2b50fb17118f38d8a8e95dfac3357c
nvidia/Kimi-K2.5-NVFP4,KimiK25ForConditionalGeneration,l40s,sglang,0.5.9,FAIL,"Strict-native op-level FPE probes: PERF_DATA_MISSING=220, SDK_UNREPRESENTABLE=320; raw probes=540; topologies=135; source_sha=26dae1f99b2b50fb17118f38d8a8e95dfac3357c. Representative failure: perf database error: perf database error: no MLA op rows loaded from 1 source(s) (first: <repo>/python/aisimulate/src/aiconfigurator_core/systems/data/l40s/sglang/0.5.9/context_mla_perf.parquet)","python python/aisimulate/tools/support_matrix/generate_fpe_support_matrix.py --model ""nvidia/Kimi-K2.5-NVFP4"" --system ""l40s"" --backend ""sglang"" --backend-version ""0.5.9"" --forward-model op_level --max-workers 8",,540,135,"PERF_DATA_MISSING=220, SDK_UNREPRESENTABLE=320",,26dae1f99b2b50fb17118f38d8a8e95dfac3357c
nvidia/Kimi-K2.5-NVFP4,KimiK25ForConditionalGeneration,l40s,trtllm,1.0.0,FAIL,"Strict-native op-level FPE probes: PERF_DATA_MISSING=116; raw probes=116; topologies=29; source_sha=26dae1f99b2b50fb17118f38d8a8e95dfac3357c. Representative failure: perf database error: GEMM perf data missing for quant 'nvfp4_wo' at <repo>/python/aisimulate/src/aiconfigurator_core/systems/data/l40s/trtllm/1.0.0; available: [""bfloat16"", ""fp8"", ""fp8_block"", ""int4_wo"", ""int8_wo"", ""sq""]","python python/aisimulate/tools/support_matrix/generate_fpe_support_matrix.py --model ""nvidia/Kimi-K2.5-NVFP4"" --system ""l40s"" --backend ""trtllm"" --backend-version ""1.0.0"" --forward-model op_level --max-workers 8",,116,29,PERF_DATA_MISSING=116,,26dae1f99b2b50fb17118f38d8a8e95dfac3357c
nvidia/Kimi-K2.5-NVFP4,KimiK25ForConditionalGeneration,l40s,trtllm,1.3.0rc15,FAIL,"Strict-native op-level FPE probes: PERF_DATA_MISSING=116; raw probes=116; topologies=29; source_sha=26dae1f99b2b50fb17118f38d8a8e95dfac3357c. Representative failure: perf database error: GEMM perf data missing for quant 'nvfp4_wo' at <repo>/python/aisimulate/src/aiconfigurator_core/systems/data/l40s/trtllm/1.3.0rc15; available: [""bfloat16"", ""fp8"", ""fp8_block"", ""fp8_static"", ""int4_wo"", ""int8_wo"", ""sq""]","python python/aisimulate/tools/support_matrix/generate_fpe_support_matrix.py --model ""nvidia/Kimi-K2.5-NVFP4"" --system ""l40s"" --backend ""trtllm"" --backend-version ""1.3.0rc15"" --forward-model op_level --max-workers 8",,116,29,PERF_DATA_MISSING=116,,26dae1f99b2b50fb17118f38d8a8e95dfac3357c
nvidia/Kimi-K2.5-NVFP4,KimiK25ForConditionalGeneration,l40s,trtllm,1.3.0rc20,FAIL,"Strict-native op-level FPE probes: PERF_DATA_MISSING=116; raw probes=116; topologies=29; source_sha=26dae1f99b2b50fb17118f38d8a8e95dfac3357c. Representative failure: perf database error: GEMM perf data missing for quant 'nvfp4_wo' at <repo>/python/aisimulate/src/aiconfigurator_core/systems/data/l40s/trtllm/1.3.0rc20; available: [""bfloat16"", ""fp8"", ""fp8_block"", ""fp8_static"", ""int4_wo"", ""int8_wo"", ""sq""]","python python/aisimulate/tools/support_matrix/generate_fpe_support_matrix.py --model ""nvidia/Kimi-K2.5-NVFP4"" --system ""l40s"" --backend ""trtllm"" --backend-version ""1.3.0rc20"" --forward-model op_level --max-workers 8",,116,29,PERF_DATA_MISSING=116,,26dae1f99b2b50fb17118f38d8a8e95dfac3357c
nvidia/Kimi-K2.5-NVFP4,KimiK25ForConditionalGeneration,l40s,trtllm,1.3.0rc23,FAIL,"Strict-native op-level FPE probes: PERF_DATA_MISSING=116; raw probes=116; topologies=29; source_sha=26dae1f99b2b50fb17118f38d8a8e95dfac3357c. Representative failure: perf database error: GEMM perf data missing for quant 'nvfp4_wo' at <repo>/python/aisimulate/src/aiconfigurator_core/systems/data/l40s/trtllm/1.3.0rc23; available: [""bfloat16"", ""fp8"", ""fp8_block"", ""fp8_static"", ""int4_wo"", ""int8_wo"", ""sq""]","python python/aisimulate/tools/support_matrix/generate_fpe_support_matrix.py --model ""nvidia/Kimi-K2.5-NVFP4"" --system ""l40s"" --backend ""trtllm"" --backend-version ""1.3.0rc23"" --forward-model op_level --max-workers 8",,116,29,PERF_DATA_MISSING=116,,26dae1f99b2b50fb17118f38d8a8e95dfac3357c
nvidia/Kimi-K2.5-NVFP4,KimiK25ForConditionalGeneration,l40s,vllm,0.1.dev19262,FAIL,Strict-native op-level FPE probes: PERF_DATA_MISSING=116; raw probes=116; topologies=29; source_sha=26dae1f99b2b50fb17118f38d8a8e95dfac3357c. Representative failure: perf database error: perf database error: no GEMM rows loaded from 1 source(s) (first: <repo>/python/aisimulate/src/aiconfigurator_core/systems/data/l40s/vllm/0.1.dev19262/gemm_perf.parquet),"python python/aisimulate/tools/support_matrix/generate_fpe_support_matrix.py --model ""nvidia/Kimi-K2.5-NVFP4"" --system ""l40s"" --backend ""vllm"" --backend-version ""0.1.dev19262"" --forward-model op_level --max-workers 8",,116,29,PERF_DATA_MISSING=116,,26dae1f99b2b50fb17118f38d8a8e95dfac3357c
nvidia/Kimi-K2.5-NVFP4,KimiK25ForConditionalGeneration,l40s,vllm,0.14.0,FAIL,"Strict-native op-level FPE probes: PERF_DATA_MISSING=116; raw probes=116; topologies=29; source_sha=26dae1f99b2b50fb17118f38d8a8e95dfac3357c. Representative failure: perf database error: GEMM perf data missing for quant 'nvfp4_wo' at <repo>/python/aisimulate/src/aiconfigurator_core/systems/data/l40s/vllm/0.14.0; available: [""bfloat16"", ""fp8""]","python python/aisimulate/tools/support_matrix/generate_fpe_support_matrix.py --model ""nvidia/Kimi-K2.5-NVFP4"" --system ""l40s"" --backend ""vllm"" --backend-version ""0.14.0"" --forward-model op_level --max-workers 8",,116,29,PERF_DATA_MISSING=116,,26dae1f99b2b50fb17118f38d8a8e95dfac3357c
nvidia/Kimi-K2.5-NVFP4,KimiK25ForConditionalGeneration,l40s,vllm,0.22.0,FAIL,"Strict-native op-level FPE probes: PERF_DATA_MISSING=116; raw probes=116; topologies=29; source_sha=26dae1f99b2b50fb17118f38d8a8e95dfac3357c. Representative failure: perf database error: GEMM perf data missing for quant 'nvfp4_wo' at <repo>/python/aisimulate/src/aiconfigurator_core/systems/data/l40s/vllm/0.22.0; available: [""bfloat16"", ""fp8"", ""fp8_block""]","python python/aisimulate/tools/support_matrix/generate_fpe_support_matrix.py --model ""nvidia/Kimi-K2.5-NVFP4"" --system ""l40s"" --backend ""vllm"" --backend-version ""0.22.0"" --forward-model op_level --max-workers 8",,116,29,PERF_DATA_MISSING=116,,26dae1f99b2b50fb17118f38d8a8e95dfac3357c
nvidia/Kimi-K2.5-NVFP4,KimiK25ForConditionalGeneration,l40s,vllm,0.24.0,FAIL,"Strict-native op-level FPE probes: PERF_DATA_MISSING=116; raw probes=116; topologies=29; source_sha=26dae1f99b2b50fb17118f38d8a8e95dfac3357c. Representative failure: perf database error: GEMM perf data missing for quant 'nvfp4_wo' at <repo>/python/aisimulate/src/aiconfigurator_core/systems/data/l40s/vllm/0.24.0; available: [""bfloat16"", ""fp8"", ""fp8_block""]","python python/aisimulate/tools/support_matrix/generate_fpe_support_matrix.py --model ""nvidia/Kimi-K2.5-NVFP4"" --system ""l40s"" --backend ""vllm"" --backend-version ""0.24.0"" --forward-model op_level --max-workers 8",,116,29,PERF_DATA_MISSING=116,,26dae1f99b2b50fb17118f38d8a8e95dfac3357c
nvidia/Kimi-K2.6-NVFP4,KimiK25ForConditionalGeneration,l40s,sglang,0.5.10,FAIL,"Strict-native op-level FPE probes: PERF_DATA_MISSING=220, SDK_UNREPRESENTABLE=320; raw probes=540; topologies=135; source_sha=26dae1f99b2b50fb17118f38d8a8e95dfac3357c. Representative failure: perf database error: context MLA data missing for ContextKey { fmha_quant: ""fp8"", kv_quant: ""fp8"" } at <repo>/python/aisimulate/src/aiconfigurator_core/systems/data/l40s/sglang/0.5.10","python python/aisimulate/tools/support_matrix/generate_fpe_support_matrix.py --model ""nvidia/Kimi-K2.6-NVFP4"" --system ""l40s"" --backend ""sglang"" --backend-version ""0.5.10"" --forward-model op_level --max-workers 8",,540,135,"PERF_DATA_MISSING=220, SDK_UNREPRESENTABLE=320",,26dae1f99b2b50fb17118f38d8a8e95dfac3357c
nvidia/Kimi-K2.6-NVFP4,KimiK25ForConditionalGeneration,l40s,sglang,0.5.12,FAIL,"Strict-native op-level FPE probes: PERF_DATA_MISSING=220, SDK_UNREPRESENTABLE=320; raw probes=540; topologies=135; source_sha=26dae1f99b2b50fb17118f38d8a8e95dfac3357c. Representative failure: perf database error: context MLA data missing for ContextKey { fmha_quant: ""fp8"", kv_quant: ""fp8"" } at <repo>/python/aisimulate/src/aiconfigurator_core/systems/data/l40s/sglang/0.5.12","python python/aisimulate/tools/support_matrix/generate_fpe_support_matrix.py --model ""nvidia/Kimi-K2.6-NVFP4"" --system ""l40s"" --backend ""sglang"" --backend-version ""0.5.12"" --forward-model op_level --max-workers 8",,540,135,"PERF_DATA_MISSING=220, SDK_UNREPRESENTABLE=320",,26dae1f99b2b50fb17118f38d8a8e95dfac3357c
nvidia/Kimi-K2.6-NVFP4,KimiK25ForConditionalGeneration,l40s,sglang,0.5.14,FAIL,"Strict-native op-level FPE probes: PERF_DATA_MISSING=220, SDK_UNREPRESENTABLE=320; raw probes=540; topologies=135; source_sha=26dae1f99b2b50fb17118f38d8a8e95dfac3357c. Representative failure: perf database error: context MLA data missing for ContextKey { fmha_quant: ""fp8"", kv_quant: ""fp8"" } at <repo>/python/aisimulate/src/aiconfigurator_core/systems/data/l40s/sglang/0.5.14","python python/aisimulate/tools/support_matrix/generate_fpe_support_matrix.py --model ""nvidia/Kimi-K2.6-NVFP4"" --system ""l40s"" --backend ""sglang"" --backend-version ""0.5.14"" --forward-model op_level --max-workers 8",,540,135,"PERF_DATA_MISSING=220, SDK_UNREPRESENTABLE=320",,26dae1f99b2b50fb17118f38d8a8e95dfac3357c
nvidia/Kimi-K2.6-NVFP4,KimiK25ForConditionalGeneration,l40s,sglang,0.5.16,FAIL,"Strict-native op-level FPE probes: PERF_DATA_MISSING=220, SDK_UNREPRESENTABLE=320; raw probes=540; topologies=135; source_sha=26dae1f99b2b50fb17118f38d8a8e95dfac3357c. Representative failure: perf database error: context MLA data missing for ContextKey { fmha_quant: ""fp8"", kv_quant: ""fp8"" } at <repo>/python/aisimulate/src/aiconfigurator_core/systems/data/l40s/sglang/0.5.16","python python/aisimulate/tools/support_matrix/generate_fpe_support_matrix.py --model ""nvidia/Kimi-K2.6-NVFP4"" --system ""l40s"" --backend ""sglang"" --backend-version ""0.5.16"" --forward-model op_level --max-workers 8",,540,135,"PERF_DATA_MISSING=220, SDK_UNREPRESENTABLE=320",,26dae1f99b2b50fb17118f38d8a8e95dfac3357c
nvidia/Kimi-K2.6-NVFP4,KimiK25ForConditionalGeneration,l40s,sglang,0.5.9,FAIL,"Strict-native op-level FPE probes: PERF_DATA_MISSING=220, SDK_UNREPRESENTABLE=320; raw probes=540; topologies=135; source_sha=26dae1f99b2b50fb17118f38d8a8e95dfac3357c. Representative failure: perf database error: perf database error: no MLA op rows loaded from 1 source(s) (first: <repo>/python/aisimulate/src/aiconfigurator_core/systems/data/l40s/sglang/0.5.9/context_mla_perf.parquet)","python python/aisimulate/tools/support_matrix/generate_fpe_support_matrix.py --model ""nvidia/Kimi-K2.6-NVFP4"" --system ""l40s"" --backend ""sglang"" --backend-version ""0.5.9"" --forward-model op_level --max-workers 8",,540,135,"PERF_DATA_MISSING=220, SDK_UNREPRESENTABLE=320",,26dae1f99b2b50fb17118f38d8a8e95dfac3357c
nvidia/Kimi-K2.6-NVFP4,KimiK25ForConditionalGeneration,l40s,trtllm,1.0.0,FAIL,"Strict-native op-level FPE probes: PERF_DATA_MISSING=116; raw probes=116; topologies=29; source_sha=26dae1f99b2b50fb17118f38d8a8e95dfac3357c. Representative failure: perf database error: GEMM perf data missing for quant 'nvfp4_wo' at <repo>/python/aisimulate/src/aiconfigurator_core/systems/data/l40s/trtllm/1.0.0; available: [""bfloat16"", ""fp8"", ""fp8_block"", ""int4_wo"", ""int8_wo"", ""sq""]","python python/aisimulate/tools/support_matrix/generate_fpe_support_matrix.py --model ""nvidia/Kimi-K2.6-NVFP4"" --system ""l40s"" --backend ""trtllm"" --backend-version ""1.0.0"" --forward-model op_level --max-workers 8",,116,29,PERF_DATA_MISSING=116,,26dae1f99b2b50fb17118f38d8a8e95dfac3357c
nvidia/Kimi-K2.6-NVFP4,KimiK25ForConditionalGeneration,l40s,trtllm,1.3.0rc15,FAIL,"Strict-native op-level FPE probes: PERF_DATA_MISSING=116; raw probes=116; topologies=29; source_sha=26dae1f99b2b50fb17118f38d8a8e95dfac3357c. Representative failure: perf database error: GEMM perf data missing for quant 'nvfp4_wo' at <repo>/python/aisimulate/src/aiconfigurator_core/systems/data/l40s/trtllm/1.3.0rc15; available: [""bfloat16"", ""fp8"", ""fp8_block"", ""fp8_static"", ""int4_wo"", ""int8_wo"", ""sq""]","python python/aisimulate/tools/support_matrix/generate_fpe_support_matrix.py --model ""nvidia/Kimi-K2.6-NVFP4"" --system ""l40s"" --backend ""trtllm"" --backend-version ""1.3.0rc15"" --forward-model op_level --max-workers 8",,116,29,PERF_DATA_MISSING=116,,26dae1f99b2b50fb17118f38d8a8e95dfac3357c
nvidia/Kimi-K2.6-NVFP4,KimiK25ForConditionalGeneration,l40s,trtllm,1.3.0rc20,FAIL,"Strict-native op-level FPE probes: PERF_DATA_MISSING=116; raw probes=116; topologies=29; source_sha=26dae1f99b2b50fb17118f38d8a8e95dfac3357c. Representative failure: perf database error: GEMM perf data missing for quant 'nvfp4_wo' at <repo>/python/aisimulate/src/aiconfigurator_core/systems/data/l40s/trtllm/1.3.0rc20; available: [""bfloat16"", ""fp8"", ""fp8_block"", ""fp8_static"", ""int4_wo"", ""int8_wo"", ""sq""]","python python/aisimulate/tools/support_matrix/generate_fpe_support_matrix.py --model ""nvidia/Kimi-K2.6-NVFP4"" --system ""l40s"" --backend ""trtllm"" --backend-version ""1.3.0rc20"" --forward-model op_level --max-workers 8",,116,29,PERF_DATA_MISSING=116,,26dae1f99b2b50fb17118f38d8a8e95dfac3357c
nvidia/Kimi-K2.6-NVFP4,KimiK25ForConditionalGeneration,l40s,trtllm,1.3.0rc23,FAIL,"Strict-native op-level FPE probes: PERF_DATA_MISSING=116; raw probes=116; topologies=29; source_sha=26dae1f99b2b50fb17118f38d8a8e95dfac3357c. Representative failure: perf database error: GEMM perf data missing for quant 'nvfp4_wo' at <repo>/python/aisimulate/src/aiconfigurator_core/systems/data/l40s/trtllm/1.3.0rc23; available: [""bfloat16"", ""fp8"", ""fp8_block"", ""fp8_static"", ""int4_wo"", ""int8_wo"", ""sq""]","python python/aisimulate/tools/support_matrix/generate_fpe_support_matrix.py --model ""nvidia/Kimi-K2.6-NVFP4"" --system ""l40s"" --backend ""trtllm"" --backend-version ""1.3.0rc23"" --forward-model op_level --max-workers 8",,116,29,PERF_DATA_MISSING=116,,26dae1f99b2b50fb17118f38d8a8e95dfac3357c
nvidia/Kimi-K2.6-NVFP4,KimiK25ForConditionalGeneration,l40s,vllm,0.1.dev19262,FAIL,Strict-native op-level FPE probes: PERF_DATA_MISSING=116; raw probes=116; topologies=29; source_sha=26dae1f99b2b50fb17118f38d8a8e95dfac3357c. Representative failure: perf database error: perf database error: no GEMM rows loaded from 1 source(s) (first: <repo>/python/aisimulate/src/aiconfigurator_core/systems/data/l40s/vllm/0.1.dev19262/gemm_perf.parquet),"python python/aisimulate/tools/support_matrix/generate_fpe_support_matrix.py --model ""nvidia/Kimi-K2.6-NVFP4"" --system ""l40s"" --backend ""vllm"" --backend-version ""0.1.dev19262"" --forward-model op_level --max-workers 8",,116,29,PERF_DATA_MISSING=116,,26dae1f99b2b50fb17118f38d8a8e95dfac3357c
nvidia/Kimi-K2.6-NVFP4,KimiK25ForConditionalGeneration,l40s,vllm,0.14.0,FAIL,"Strict-native op-level FPE probes: PERF_DATA_MISSING=116; raw probes=116; topologies=29; source_sha=26dae1f99b2b50fb17118f38d8a8e95dfac3357c. Representative failure: perf database error: GEMM perf data missing for quant 'nvfp4_wo' at <repo>/python/aisimulate/src/aiconfigurator_core/systems/data/l40s/vllm/0.14.0; available: [""bfloat16"", ""fp8""]","python python/aisimulate/tools/support_matrix/generate_fpe_support_matrix.py --model ""nvidia/Kimi-K2.6-NVFP4"" --system ""l40s"" --backend ""vllm"" --backend-version ""0.14.0"" --forward-model op_level --max-workers 8",,116,29,PERF_DATA_MISSING=116,,26dae1f99b2b50fb17118f38d8a8e95dfac3357c
nvidia/Kimi-K2.6-NVFP4,KimiK25ForConditionalGeneration,l40s,vllm,0.22.0,FAIL,"Strict-native op-level FPE probes: PERF_DATA_MISSING=116; raw probes=116; topologies=29; source_sha=26dae1f99b2b50fb17118f38d8a8e95dfac3357c. Representative failure: perf database error: GEMM perf data missing for quant 'nvfp4_wo' at <repo>/python/aisimulate/src/aiconfigurator_core/systems/data/l40s/vllm/0.22.0; available: [""bfloat16"", ""fp8"", ""fp8_block""]","python python/aisimulate/tools/support_matrix/generate_fpe_support_matrix.py --model ""nvidia/Kimi-K2.6-NVFP4"" --system ""l40s"" --backend ""vllm"" --backend-version ""0.22.0"" --forward-model op_level --max-workers 8",,116,29,PERF_DATA_MISSING=116,,26dae1f99b2b50fb17118f38d8a8e95dfac3357c
nvidia/Kimi-K2.6-NVFP4,KimiK25ForConditionalGeneration,l40s,vllm,0.24.0,FAIL,"Strict-native op-level FPE probes: PERF_DATA_MISSING=116; raw probes=116; topologies=29; source_sha=26dae1f99b2b50fb17118f38d8a8e95dfac3357c. Representative failure: perf database error: GEMM perf data missing for quant 'nvfp4_wo' at <repo>/python/aisimulate/src/aiconfigurator_core/systems/data/l40s/vllm/0.24.0; available: [""bfloat16"", ""fp8"", ""fp8_block""]","python python/aisimulate/tools/support_matrix/generate_fpe_support_matrix.py --model ""nvidia/Kimi-K2.6-NVFP4"" --system ""l40s"" --backend ""vllm"" --backend-version ""0.24.0"" --forward-model op_level --max-workers 8",,116,29,PERF_DATA_MISSING=116,,26dae1f99b2b50fb17118f38d8a8e95dfac3357c
nvidia/Kimi-K2.7-Code-NVFP4,KimiK25ForConditionalGeneration,l40s,sglang,0.5.10,FAIL,"Strict-native op-level FPE probes: PERF_DATA_MISSING=220, SDK_UNREPRESENTABLE=320; raw probes=540; topologies=135; source_sha=26dae1f99b2b50fb17118f38d8a8e95dfac3357c. Representative failure: perf database error: context MLA data missing for ContextKey { fmha_quant: ""fp8"", kv_quant: ""fp8"" } at <repo>/python/aisimulate/src/aiconfigurator_core/systems/data/l40s/sglang/0.5.10","python python/aisimulate/tools/support_matrix/generate_fpe_support_matrix.py --model ""nvidia/Kimi-K2.7-Code-NVFP4"" --system ""l40s"" --backend ""sglang"" --backend-version ""0.5.10"" --forward-model op_level --max-workers 8",,540,135,"PERF_DATA_MISSING=220, SDK_UNREPRESENTABLE=320",,26dae1f99b2b50fb17118f38d8a8e95dfac3357c
nvidia/Kimi-K2.7-Code-NVFP4,KimiK25ForConditionalGeneration,l40s,sglang,0.5.12,FAIL,"Strict-native op-level FPE probes: PERF_DATA_MISSING=220, SDK_UNREPRESENTABLE=320; raw probes=540; topologies=135; source_sha=26dae1f99b2b50fb17118f38d8a8e95dfac3357c. Representative failure: perf database error: context MLA data missing for ContextKey { fmha_quant: ""fp8"", kv_quant: ""fp8"" } at <repo>/python/aisimulate/src/aiconfigurator_core/systems/data/l40s/sglang/0.5.12","python python/aisimulate/tools/support_matrix/generate_fpe_support_matrix.py --model ""nvidia/Kimi-K2.7-Code-NVFP4"" --system ""l40s"" --backend ""sglang"" --backend-version ""0.5.12"" --forward-model op_level --max-workers 8",,540,135,"PERF_DATA_MISSING=220, SDK_UNREPRESENTABLE=320",,26dae1f99b2b50fb17118f38d8a8e95dfac3357c
nvidia/Kimi-K2.7-Code-NVFP4,KimiK25ForConditionalGeneration,l40s,sglang,0.5.14,FAIL,"Strict-native op-level FPE probes: PERF_DATA_MISSING=220, SDK_UNREPRESENTABLE=320; raw probes=540; topologies=135; source_sha=26dae1f99b2b50fb17118f38d8a8e95dfac3357c. Representative failure: perf database error: context MLA data missing for ContextKey { fmha_quant: ""fp8"", kv_quant: ""fp8"" } at <repo>/python/aisimulate/src/aiconfigurator_core/systems/data/l40s/sglang/0.5.14","python python/aisimulate/tools/support_matrix/generate_fpe_support_matrix.py --model ""nvidia/Kimi-K2.7-Code-NVFP4"" --system ""l40s"" --backend ""sglang"" --backend-version ""0.5.14"" --forward-model op_level --max-workers 8",,540,135,"PERF_DATA_MISSING=220, SDK_UNREPRESENTABLE=320",,26dae1f99b2b50fb17118f38d8a8e95dfac3357c
nvidia/Kimi-K2.7-Code-NVFP4,KimiK25ForConditionalGeneration,l40s,sglang,0.5.16,FAIL,"Strict-native op-level FPE probes: PERF_DATA_MISSING=220, SDK_UNREPRESENTABLE=320; raw probes=540; topologies=135; source_sha=26dae1f99b2b50fb17118f38d8a8e95dfac3357c. Representative failure: perf database error: context MLA data missing for ContextKey { fmha_quant: ""fp8"", kv_quant: ""fp8"" } at <repo>/python/aisimulate/src/aiconfigurator_core/systems/data/l40s/sglang/0.5.16","python python/aisimulate/tools/support_matrix/generate_fpe_support_matrix.py --model ""nvidia/Kimi-K2.7-Code-NVFP4"" --system ""l40s"" --backend ""sglang"" --backend-version ""0.5.16"" --forward-model op_level --max-workers 8",,540,135,"PERF_DATA_MISSING=220, SDK_UNREPRESENTABLE=320",,26dae1f99b2b50fb17118f38d8a8e95dfac3357c
nvidia/Kimi-K2.7-Code-NVFP4,KimiK25ForConditionalGeneration,l40s,sglang,0.5.9,FAIL,"Strict-native op-level FPE probes: PERF_DATA_MISSING=220, SDK_UNREPRESENTABLE=320; raw probes=540; topologies=135; source_sha=26dae1f99b2b50fb17118f38d8a8e95dfac3357c. Representative failure: perf database error: perf database error: no MLA op rows loaded from 1 source(s) (first: <repo>/python/aisimulate/src/aiconfigurator_core/systems/data/l40s/sglang/0.5.9/context_mla_perf.parquet)","python python/aisimulate/tools/support_matrix/generate_fpe_support_matrix.py --model ""nvidia/Kimi-K2.7-Code-NVFP4"" --system ""l40s"" --backend ""sglang"" --backend-version ""0.5.9"" --forward-model op_level --max-workers 8",,540,135,"PERF_DATA_MISSING=220, SDK_UNREPRESENTABLE=320",,26dae1f99b2b50fb17118f38d8a8e95dfac3357c
nvidia/Kimi-K2.7-Code-NVFP4,KimiK25ForConditionalGeneration,l40s,trtllm,1.0.0,FAIL,"Strict-native op-level FPE probes: PERF_DATA_MISSING=116; raw probes=116; topologies=29; source_sha=26dae1f99b2b50fb17118f38d8a8e95dfac3357c. Representative failure: perf database error: GEMM perf data missing for quant 'nvfp4_wo' at <repo>/python/aisimulate/src/aiconfigurator_core/systems/data/l40s/trtllm/1.0.0; available: [""bfloat16"", ""fp8"", ""fp8_block"", ""int4_wo"", ""int8_wo"", ""sq""]","python python/aisimulate/tools/support_matrix/generate_fpe_support_matrix.py --model ""nvidia/Kimi-K2.7-Code-NVFP4"" --system ""l40s"" --backend ""trtllm"" --backend-version ""1.0.0"" --forward-model op_level --max-workers 8",,116,29,PERF_DATA_MISSING=116,,26dae1f99b2b50fb17118f38d8a8e95dfac3357c
nvidia/Kimi-K2.7-Code-NVFP4,KimiK25ForConditionalGeneration,l40s,trtllm,1.3.0rc15,FAIL,"Strict-native op-level FPE probes: PERF_DATA_MISSING=116; raw probes=116; topologies=29; source_sha=26dae1f99b2b50fb17118f38d8a8e95dfac3357c. Representative failure: perf database error: GEMM perf data missing for quant 'nvfp4_wo' at <repo>/python/aisimulate/src/aiconfigurator_core/systems/data/l40s/trtllm/1.3.0rc15; available: [""bfloat16"", ""fp8"", ""fp8_block"", ""fp8_static"", ""int4_wo"", ""int8_wo"", ""sq""]","python python/aisimulate/tools/support_matrix/generate_fpe_support_matrix.py --model ""nvidia/Kimi-K2.7-Code-NVFP4"" --system ""l40s"" --backend ""trtllm"" --backend-version ""1.3.0rc15"" --forward-model op_level --max-workers 8",,116,29,PERF_DATA_MISSING=116,,26dae1f99b2b50fb17118f38d8a8e95dfac3357c
nvidia/Kimi-K2.7-Code-NVFP4,KimiK25ForConditionalGeneration,l40s,trtllm,1.3.0rc20,FAIL,"Strict-native op-level FPE probes: PERF_DATA_MISSING=116; raw probes=116; topologies=29; source_sha=26dae1f99b2b50fb17118f38d8a8e95dfac3357c. Representative failure: perf database error: GEMM perf data missing for quant 'nvfp4_wo' at <repo>/python/aisimulate/src/aiconfigurator_core/systems/data/l40s/trtllm/1.3.0rc20; available: [""bfloat16"", ""fp8"", ""fp8_block"", ""fp8_static"", ""int4_wo"", ""int8_wo"", ""sq""]","python python/aisimulate/tools/support_matrix/generate_fpe_support_matrix.py --model ""nvidia/Kimi-K2.7-Code-NVFP4"" --system ""l40s"" --backend ""trtllm"" --backend-version ""1.3.0rc20"" --forward-model op_level --max-workers 8",,116,29,PERF_DATA_MISSING=116,,26dae1f99b2b50fb17118f38d8a8e95dfac3357c
nvidia/Kimi-K2.7-Code-NVFP4,KimiK25ForConditionalGeneration,l40s,trtllm,1.3.0rc23,FAIL,"Strict-native op-level FPE probes: PERF_DATA_MISSING=116; raw probes=116; topologies=29; source_sha=26dae1f99b2b50fb17118f38d8a8e95dfac3357c. Representative failure: perf database error: GEMM perf data missing for quant 'nvfp4_wo' at <repo>/python/aisimulate/src/aiconfigurator_core/systems/data/l40s/trtllm/1.3.0rc23; available: [""bfloat16"", ""fp8"", ""fp8_block"", ""fp8_static"", ""int4_wo"", ""int8_wo"", ""sq""]","python python/aisimulate/tools/support_matrix/generate_fpe_support_matrix.py --model ""nvidia/Kimi-K2.7-Code-NVFP4"" --system ""l40s"" --backend ""trtllm"" --backend-version ""1.3.0rc23"" --forward-model op_level --max-workers 8",,116,29,PERF_DATA_MISSING=116,,26dae1f99b2b50fb17118f38d8a8e95dfac3357c
nvidia/Kimi-K2.7-Code-NVFP4,KimiK25ForConditionalGeneration,l40s,vllm,0.1.dev19262,FAIL,Strict-native op-level FPE probes: PERF_DATA_MISSING=116; raw probes=116; topologies=29; source_sha=26dae1f99b2b50fb17118f38d8a8e95dfac3357c. Representative failure: perf database error: perf database error: no GEMM rows loaded from 1 source(s) (first: <repo>/python/aisimulate/src/aiconfigurator_core/systems/data/l40s/vllm/0.1.dev19262/gemm_perf.parquet),"python python/aisimulate/tools/support_matrix/generate_fpe_support_matrix.py --model ""nvidia/Kimi-K2.7-Code-NVFP4"" --system ""l40s"" --backend ""vllm"" --backend-version ""0.1.dev19262"" --forward-model op_level --max-workers 8",,116,29,PERF_DATA_MISSING=116,,26dae1f99b2b50fb17118f38d8a8e95dfac3357c
nvidia/Kimi-K2.7-Code-NVFP4,KimiK25ForConditionalGeneration,l40s,vllm,0.14.0,FAIL,"Strict-native op-level FPE probes: PERF_DATA_MISSING=116; raw probes=116; topologies=29; source_sha=26dae1f99b2b50fb17118f38d8a8e95dfac3357c. Representative failure: perf database error: GEMM perf data missing for quant 'nvfp4_wo' at <repo>/python/aisimulate/src/aiconfigurator_core/systems/data/l40s/vllm/0.14.0; available: [""bfloat16"", ""fp8""]","python python/aisimulate/tools/support_matrix/generate_fpe_support_matrix.py --model ""nvidia/Kimi-K2.7-Code-NVFP4"" --system ""l40s"" --backend ""vllm"" --backend-version ""0.14.0"" --forward-model op_level --max-workers 8",,116,29,PERF_DATA_MISSING=116,,26dae1f99b2b50fb17118f38d8a8e95dfac3357c
nvidia/Kimi-K2.7-Code-NVFP4,KimiK25ForConditionalGeneration,l40s,vllm,0.22.0,FAIL,"Strict-native op-level FPE probes: PERF_DATA_MISSING=116; raw probes=116; topologies=29; source_sha=26dae1f99b2b50fb17118f38d8a8e95dfac3357c. Representative failure: perf database error: GEMM perf data missing for quant 'nvfp4_wo' at <repo>/python/aisimulate/src/aiconfigurator_core/systems/data/l40s/vllm/0.22.0; available: [""bfloat16"", ""fp8"", ""fp8_block""]","python python/aisimulate/tools/support_matrix/generate_fpe_support_matrix.py --model ""nvidia/Kimi-K2.7-Code-NVFP4"" --system ""l40s"" --backend ""vllm"" --backend-version ""0.22.0"" --forward-model op_level --max-workers 8",,116,29,PERF_DATA_MISSING=116,,26dae1f99b2b50fb17118f38d8a8e95dfac3357c
nvidia/Kimi-K2.7-Code-NVFP4,KimiK25ForConditionalGeneration,l40s,vllm,0.24.0,FAIL,"Strict-native op-level FPE probes: PERF_DATA_MISSING=116; raw probes=116; topologies=29; source_sha=26dae1f99b2b50fb17118f38d8a8e95dfac3357c. Representative failure: perf database error: GEMM perf data missing for quant 'nvfp4_wo' at <repo>/python/aisimulate/src/aiconfigurator_core/systems/data/l40s/vllm/0.24.0; available: [""bfloat16"", ""fp8"", ""fp8_block""]","python python/aisimulate/tools/support_matrix/generate_fpe_support_matrix.py --model ""nvidia/Kimi-K2.7-Code-NVFP4"" --system ""l40s"" --backend ""vllm"" --backend-version ""0.24.0"" --forward-model op_level --max-workers 8",,116,29,PERF_DATA_MISSING=116,,26dae1f99b2b50fb17118f38d8a8e95dfac3357c
nvidia/Llama-3.1-70B-Instruct-FP8,LlamaForCausalLM,l40s,sglang,0.5.10,FAIL,"Strict-native op-level FPE probes: PERF_DATA_MISSING=16, SDK_UNREPRESENTABLE=24; raw probes=40; topologies=10; source_sha=26dae1f99b2b50fb17118f38d8a8e95dfac3357c. Representative failure: perf database error: perf database error: no rows loaded from 1 source(s) (first: <repo>/python/aisimulate/src/aiconfigurator_core/systems/data/l40s/sglang/0.5.10/computescale_perf.parquet)","python python/aisimulate/tools/support_matrix/generate_fpe_support_matrix.py --model ""nvidia/Llama-3.1-70B-Instruct-FP8"" --system ""l40s"" --backend ""sglang"" --backend-version ""0.5.10"" --forward-model op_level --max-workers 8",,40,10,"PERF_DATA_MISSING=16, SDK_UNREPRESENTABLE=24",,26dae1f99b2b50fb17118f38d8a8e95dfac3357c
nvidia/Llama-3.1-70B-Instruct-FP8,LlamaForCausalLM,l40s,sglang,0.5.12,FAIL,"Strict-native op-level FPE probes: PASS=8, PERF_DATA_MISSING=8, SDK_UNREPRESENTABLE=24; raw probes=40; topologies=10; source_sha=26dae1f99b2b50fb17118f38d8a8e95dfac3357c. Representative failure: perf database error: context attention data missing for ContextKey { fmha_quant: ""fp8"", kv_quant: ""fp8"", n_kv_lookup: 1, head_size: 128, window_size: 0 } at <repo>/python/aisimulate/src/aiconfigurator_core/systems/data/l40s/sglang/0.5.12","python python/aisimulate/tools/support_matrix/generate_fpe_support_matrix.py --model ""nvidia/Llama-3.1-70B-Instruct-FP8"" --system ""l40s"" --backend ""sglang"" --backend-version ""0.5.12"" --forward-model op_level --max-workers 8",,40,10,"PASS=8, PERF_DATA_MISSING=8, SDK_UNREPRESENTABLE=24",,26dae1f99b2b50fb17118f38d8a8e95dfac3357c
nvidia/Llama-3.1-70B-Instruct-FP8,LlamaForCausalLM,l40s,sglang,0.5.14,FAIL,"Strict-native op-level FPE probes: PASS=8, PERF_DATA_MISSING=8, SDK_UNREPRESENTABLE=24; raw probes=40; topologies=10; source_sha=26dae1f99b2b50fb17118f38d8a8e95dfac3357c. Representative failure: perf database error: context attention data missing for ContextKey { fmha_quant: ""fp8"", kv_quant: ""fp8"", n_kv_lookup: 1, head_size: 128, window_size: 0 } at <repo>/python/aisimulate/src/aiconfigurator_core/systems/data/l40s/sglang/0.5.14","python python/aisimulate/tools/support_matrix/generate_fpe_support_matrix.py --model ""nvidia/Llama-3.1-70B-Instruct-FP8"" --system ""l40s"" --backend ""sglang"" --backend-version ""0.5.14"" --forward-model op_level --max-workers 8",,40,10,"PASS=8, PERF_DATA_MISSING=8, SDK_UNREPRESENTABLE=24",,26dae1f99b2b50fb17118f38d8a8e95dfac3357c
nvidia/Llama-3.1-70B-Instruct-FP8,LlamaForCausalLM,l40s,sglang,0.5.16,FAIL,"Strict-native op-level FPE probes: PASS=8, PERF_DATA_MISSING=8, SDK_UNREPRESENTABLE=24; raw probes=40; topologies=10; source_sha=26dae1f99b2b50fb17118f38d8a8e95dfac3357c. Representative failure: perf database error: context attention data missing for ContextKey { fmha_quant: ""fp8"", kv_quant: ""fp8"", n_kv_lookup: 1, head_size: 128, window_size: 0 } at <repo>/python/aisimulate/src/aiconfigurator_core/systems/data/l40s/sglang/0.5.16","python python/aisimulate/tools/support_matrix/generate_fpe_support_matrix.py --model ""nvidia/Llama-3.1-70B-Instruct-FP8"" --system ""l40s"" --backend ""sglang"" --backend-version ""0.5.16"" --forward-model op_level --max-workers 8",,40,10,"PASS=8, PERF_DATA_MISSING=8, SDK_UNREPRESENTABLE=24",,26dae1f99b2b50fb17118f38d8a8e95dfac3357c
nvidia/Llama-3.1-70B-Instruct-FP8,LlamaForCausalLM,l40s,sglang,0.5.9,FAIL,"Strict-native op-level FPE probes: PERF_DATA_MISSING=16, SDK_UNREPRESENTABLE=24; raw probes=40; topologies=10; source_sha=26dae1f99b2b50fb17118f38d8a8e95dfac3357c. Representative failure: perf database error: perf database error: no rows loaded from 1 source(s) (first: <repo>/python/aisimulate/src/aiconfigurator_core/systems/data/l40s/sglang/0.5.9/computescale_perf.parquet)","python python/aisimulate/tools/support_matrix/generate_fpe_support_matrix.py --model ""nvidia/Llama-3.1-70B-Instruct-FP8"" --system ""l40s"" --backend ""sglang"" --backend-version ""0.5.9"" --forward-model op_level --max-workers 8",,40,10,"PERF_DATA_MISSING=16, SDK_UNREPRESENTABLE=24",,26dae1f99b2b50fb17118f38d8a8e95dfac3357c
nvidia/Llama-3.1-70B-Instruct-FP8,LlamaForCausalLM,l40s,trtllm,1.0.0,PASS,,"python python/aisimulate/tools/support_matrix/generate_fpe_support_matrix.py --model ""nvidia/Llama-3.1-70B-Instruct-FP8"" --system ""l40s"" --backend ""trtllm"" --backend-version ""1.0.0"" --forward-model op_level --max-workers 8",silicon,16,4,PASS=16,"decode_end=25985.859377, decode_start=101.729093, mixed=126.986892, prefill=124.855151",26dae1f99b2b50fb17118f38d8a8e95dfac3357c
nvidia/Llama-3.1-70B-Instruct-FP8,LlamaForCausalLM,l40s,trtllm,1.3.0rc15,PASS,,"python python/aisimulate/tools/support_matrix/generate_fpe_support_matrix.py --model ""nvidia/Llama-3.1-70B-Instruct-FP8"" --system ""l40s"" --backend ""trtllm"" --backend-version ""1.3.0rc15"" --forward-model op_level --max-workers 8",silicon,16,4,PASS=16,"decode_end=25122.084761, decode_start=98.350128, mixed=129.213313, prefill=125.794724",26dae1f99b2b50fb17118f38d8a8e95dfac3357c
nvidia/Llama-3.1-70B-Instruct-FP8,LlamaForCausalLM,l40s,trtllm,1.3.0rc20,PASS,,"python python/aisimulate/tools/support_matrix/generate_fpe_support_matrix.py --model ""nvidia/Llama-3.1-70B-Instruct-FP8"" --system ""l40s"" --backend ""trtllm"" --backend-version ""1.3.0rc20"" --forward-model op_level --max-workers 8",silicon,16,4,PASS=16,"decode_end=25186.216163, decode_start=98.591186, mixed=129.162143, prefill=126.181203",26dae1f99b2b50fb17118f38d8a8e95dfac3357c
nvidia/Llama-3.1-70B-Instruct-FP8,LlamaForCausalLM,l40s,trtllm,1.3.0rc23,PASS,,"python python/aisimulate/tools/support_matrix/generate_fpe_support_matrix.py --model ""nvidia/Llama-3.1-70B-Instruct-FP8"" --system ""l40s"" --backend ""trtllm"" --backend-version ""1.3.0rc23"" --forward-model op_level --max-workers 8",silicon,16,4,PASS=16,"decode_end=25186.216163, decode_start=98.591186, mixed=129.162143, prefill=126.181203",26dae1f99b2b50fb17118f38d8a8e95dfac3357c
nvidia/Llama-3.1-70B-Instruct-FP8,LlamaForCausalLM,l40s,vllm,0.1.dev19262,FAIL,Strict-native op-level FPE probes: PERF_DATA_MISSING=16; raw probes=16; topologies=4; source_sha=26dae1f99b2b50fb17118f38d8a8e95dfac3357c. Representative failure: perf database error: perf database error: no GEMM rows loaded from 1 source(s) (first: <repo>/python/aisimulate/src/aiconfigurator_core/systems/data/l40s/vllm/0.1.dev19262/gemm_perf.parquet),"python python/aisimulate/tools/support_matrix/generate_fpe_support_matrix.py --model ""nvidia/Llama-3.1-70B-Instruct-FP8"" --system ""l40s"" --backend ""vllm"" --backend-version ""0.1.dev19262"" --forward-model op_level --max-workers 8",,16,4,PERF_DATA_MISSING=16,,26dae1f99b2b50fb17118f38d8a8e95dfac3357c
nvidia/Llama-3.1-70B-Instruct-FP8,LlamaForCausalLM,l40s,vllm,0.14.0,FAIL,Strict-native op-level FPE probes: PERF_DATA_MISSING=16; raw probes=16; topologies=4; source_sha=26dae1f99b2b50fb17118f38d8a8e95dfac3357c. Representative failure: perf database error: perf database error: no rows loaded from 1 source(s) (first: <repo>/python/aisimulate/src/aiconfigurator_core/systems/data/l40s/vllm/0.14.0/computescale_perf.parquet),"python python/aisimulate/tools/support_matrix/generate_fpe_support_matrix.py --model ""nvidia/Llama-3.1-70B-Instruct-FP8"" --system ""l40s"" --backend ""vllm"" --backend-version ""0.14.0"" --forward-model op_level --max-workers 8",,16,4,PERF_DATA_MISSING=16,,26dae1f99b2b50fb17118f38d8a8e95dfac3357c
nvidia/Llama-3.1-70B-Instruct-FP8,LlamaForCausalLM,l40s,vllm,0.22.0,PASS,,"python python/aisimulate/tools/support_matrix/generate_fpe_support_matrix.py --model ""nvidia/Llama-3.1-70B-Instruct-FP8"" --system ""l40s"" --backend ""vllm"" --backend-version ""0.22.0"" --forward-model op_level --max-workers 8",silicon,16,4,PASS=16,"decode_end=30913.609356, decode_start=121.210800, mixed=156.706018, prefill=141.913779",26dae1f99b2b50fb17118f38d8a8e95dfac3357c
nvidia/Llama-3.1-70B-Instruct-FP8,LlamaForCausalLM,l40s,vllm,0.24.0,PASS,,"python python/aisimulate/tools/support_matrix/generate_fpe_support_matrix.py --model ""nvidia/Llama-3.1-70B-Instruct-FP8"" --system ""l40s"" --backend ""vllm"" --backend-version ""0.24.0"" --forward-model op_level --max-workers 8",silicon,16,4,PASS=16,"decode_end=30910.720462, decode_start=121.199471, mixed=156.753527, prefill=141.961289",26dae1f99b2b50fb17118f38d8a8e95dfac3357c
nvidia/MiniMax-M2.7-NVFP4,MiniMaxM2ForCausalLM,l40s,sglang,0.5.10,FAIL,"Strict-native op-level FPE probes: PERF_DATA_MISSING=220, SDK_UNREPRESENTABLE=320; raw probes=540; topologies=135; source_sha=26dae1f99b2b50fb17118f38d8a8e95dfac3357c. Representative failure: perf database error: GEMM perf data missing for quant 'nvfp4_wo' at <repo>/python/aisimulate/src/aiconfigurator_core/systems/data/l40s/sglang/0.5.10; available: [""bfloat16"", ""fp8""]","python python/aisimulate/tools/support_matrix/generate_fpe_support_matrix.py --model ""nvidia/MiniMax-M2.7-NVFP4"" --system ""l40s"" --backend ""sglang"" --backend-version ""0.5.10"" --forward-model op_level --max-workers 8",,540,135,"PERF_DATA_MISSING=220, SDK_UNREPRESENTABLE=320",,26dae1f99b2b50fb17118f38d8a8e95dfac3357c
nvidia/MiniMax-M2.7-NVFP4,MiniMaxM2ForCausalLM,l40s,sglang,0.5.12,FAIL,"Strict-native op-level FPE probes: PERF_DATA_MISSING=220, SDK_UNREPRESENTABLE=320; raw probes=540; topologies=135; source_sha=26dae1f99b2b50fb17118f38d8a8e95dfac3357c. Representative failure: perf database error: GEMM perf data missing for quant 'nvfp4_wo' at <repo>/python/aisimulate/src/aiconfigurator_core/systems/data/l40s/sglang/0.5.12; available: [""bfloat16"", ""fp8"", ""fp8_static""]","python python/aisimulate/tools/support_matrix/generate_fpe_support_matrix.py --model ""nvidia/MiniMax-M2.7-NVFP4"" --system ""l40s"" --backend ""sglang"" --backend-version ""0.5.12"" --forward-model op_level --max-workers 8",,540,135,"PERF_DATA_MISSING=220, SDK_UNREPRESENTABLE=320",,26dae1f99b2b50fb17118f38d8a8e95dfac3357c
nvidia/MiniMax-M2.7-NVFP4,MiniMaxM2ForCausalLM,l40s,sglang,0.5.14,FAIL,"Strict-native op-level FPE probes: PERF_DATA_MISSING=220, SDK_UNREPRESENTABLE=320; raw probes=540; topologies=135; source_sha=26dae1f99b2b50fb17118f38d8a8e95dfac3357c. Representative failure: perf database error: GEMM perf data missing for quant 'nvfp4_wo' at <repo>/python/aisimulate/src/aiconfigurator_core/systems/data/l40s/sglang/0.5.14; available: [""bfloat16"", ""fp8"", ""fp8_static""]","python python/aisimulate/tools/support_matrix/generate_fpe_support_matrix.py --model ""nvidia/MiniMax-M2.7-NVFP4"" --system ""l40s"" --backend ""sglang"" --backend-version ""0.5.14"" --forward-model op_level --max-workers 8",,540,135,"PERF_DATA_MISSING=220, SDK_UNREPRESENTABLE=320",,26dae1f99b2b50fb17118f38d8a8e95dfac3357c
nvidia/MiniMax-M2.7-NVFP4,MiniMaxM2ForCausalLM,l40s,sglang,0.5.16,FAIL,"Strict-native op-level FPE probes: PERF_DATA_MISSING=220, SDK_UNREPRESENTABLE=320; raw probes=540; topologies=135; source_sha=26dae1f99b2b50fb17118f38d8a8e95dfac3357c. Representative failure: perf database error: GEMM perf data missing for quant 'nvfp4_wo' at <repo>/python/aisimulate/src/aiconfigurator_core/systems/data/l40s/sglang/0.5.16; available: [""bfloat16"", ""fp8"", ""fp8_static""]","python python/aisimulate/tools/support_matrix/generate_fpe_support_matrix.py --model ""nvidia/MiniMax-M2.7-NVFP4"" --system ""l40s"" --backend ""sglang"" --backend-version ""0.5.16"" --forward-model op_level --max-workers 8",,540,135,"PERF_DATA_MISSING=220, SDK_UNREPRESENTABLE=320",,26dae1f99b2b50fb17118f38d8a8e95dfac3357c
nvidia/MiniMax-M2.7-NVFP4,MiniMaxM2ForCausalLM,l40s,sglang,0.5.9,FAIL,"Strict-native op-level FPE probes: PERF_DATA_MISSING=220, SDK_UNREPRESENTABLE=320; raw probes=540; topologies=135; source_sha=26dae1f99b2b50fb17118f38d8a8e95dfac3357c. Representative failure: perf database error: GEMM perf data missing for quant 'nvfp4_wo' at <repo>/python/aisimulate/src/aiconfigurator_core/systems/data/l40s/sglang/0.5.9; available: [""bfloat16"", ""fp8""]","python python/aisimulate/tools/support_matrix/generate_fpe_support_matrix.py --model ""nvidia/MiniMax-M2.7-NVFP4"" --system ""l40s"" --backend ""sglang"" --backend-version ""0.5.9"" --forward-model op_level --max-workers 8",,540,135,"PERF_DATA_MISSING=220, SDK_UNREPRESENTABLE=320",,26dae1f99b2b50fb17118f38d8a8e95dfac3357c
nvidia/MiniMax-M2.7-NVFP4,MiniMaxM2ForCausalLM,l40s,trtllm,1.0.0,FAIL,"Strict-native op-level FPE probes: PERF_DATA_MISSING=116; raw probes=116; topologies=29; source_sha=26dae1f99b2b50fb17118f38d8a8e95dfac3357c. Representative failure: perf database error: GEMM perf data missing for quant 'nvfp4_wo' at <repo>/python/aisimulate/src/aiconfigurator_core/systems/data/l40s/trtllm/1.0.0; available: [""bfloat16"", ""fp8"", ""fp8_block"", ""int4_wo"", ""int8_wo"", ""sq""]","python python/aisimulate/tools/support_matrix/generate_fpe_support_matrix.py --model ""nvidia/MiniMax-M2.7-NVFP4"" --system ""l40s"" --backend ""trtllm"" --backend-version ""1.0.0"" --forward-model op_level --max-workers 8",,116,29,PERF_DATA_MISSING=116,,26dae1f99b2b50fb17118f38d8a8e95dfac3357c
nvidia/MiniMax-M2.7-NVFP4,MiniMaxM2ForCausalLM,l40s,trtllm,1.3.0rc15,FAIL,"Strict-native op-level FPE probes: PERF_DATA_MISSING=116; raw probes=116; topologies=29; source_sha=26dae1f99b2b50fb17118f38d8a8e95dfac3357c. Representative failure: perf database error: GEMM perf data missing for quant 'nvfp4_wo' at <repo>/python/aisimulate/src/aiconfigurator_core/systems/data/l40s/trtllm/1.3.0rc15; available: [""bfloat16"", ""fp8"", ""fp8_block"", ""fp8_static"", ""int4_wo"", ""int8_wo"", ""sq""]","python python/aisimulate/tools/support_matrix/generate_fpe_support_matrix.py --model ""nvidia/MiniMax-M2.7-NVFP4"" --system ""l40s"" --backend ""trtllm"" --backend-version ""1.3.0rc15"" --forward-model op_level --max-workers 8",,116,29,PERF_DATA_MISSING=116,,26dae1f99b2b50fb17118f38d8a8e95dfac3357c
nvidia/MiniMax-M2.7-NVFP4,MiniMaxM2ForCausalLM,l40s,trtllm,1.3.0rc20,FAIL,"Strict-native op-level FPE probes: PERF_DATA_MISSING=116; raw probes=116; topologies=29; source_sha=26dae1f99b2b50fb17118f38d8a8e95dfac3357c. Representative failure: perf database error: GEMM perf data missing for quant 'nvfp4_wo' at <repo>/python/aisimulate/src/aiconfigurator_core/systems/data/l40s/trtllm/1.3.0rc20; available: [""bfloat16"", ""fp8"", ""fp8_block"", ""fp8_static"", ""int4_wo"", ""int8_wo"", ""sq""]","python python/aisimulate/tools/support_matrix/generate_fpe_support_matrix.py --model ""nvidia/MiniMax-M2.7-NVFP4"" --system ""l40s"" --backend ""trtllm"" --backend-version ""1.3.0rc20"" --forward-model op_level --max-workers 8",,116,29,PERF_DATA_MISSING=116,,26dae1f99b2b50fb17118f38d8a8e95dfac3357c
nvidia/MiniMax-M2.7-NVFP4,MiniMaxM2ForCausalLM,l40s,trtllm,1.3.0rc23,FAIL,"Strict-native op-level FPE probes: PERF_DATA_MISSING=116; raw probes=116; topologies=29; source_sha=26dae1f99b2b50fb17118f38d8a8e95dfac3357c. Representative failure: perf database error: GEMM perf data missing for quant 'nvfp4_wo' at <repo>/python/aisimulate/src/aiconfigurator_core/systems/data/l40s/trtllm/1.3.0rc23; available: [""bfloat16"", ""fp8"", ""fp8_block"", ""fp8_static"", ""int4_wo"", ""int8_wo"", ""sq""]","python python/aisimulate/tools/support_matrix/generate_fpe_support_matrix.py --model ""nvidia/MiniMax-M2.7-NVFP4"" --system ""l40s"" --backend ""trtllm"" --backend-version ""1.3.0rc23"" --forward-model op_level --max-workers 8",,116,29,PERF_DATA_MISSING=116,,26dae1f99b2b50fb17118f38d8a8e95dfac3357c
nvidia/MiniMax-M2.7-NVFP4,MiniMaxM2ForCausalLM,l40s,vllm,0.1.dev19262,FAIL,Strict-native op-level FPE probes: PERF_DATA_MISSING=116; raw probes=116; topologies=29; source_sha=26dae1f99b2b50fb17118f38d8a8e95dfac3357c. Representative failure: perf database error: perf database error: no GEMM rows loaded from 1 source(s) (first: <repo>/python/aisimulate/src/aiconfigurator_core/systems/data/l40s/vllm/0.1.dev19262/gemm_perf.parquet),"python python/aisimulate/tools/support_matrix/generate_fpe_support_matrix.py --model ""nvidia/MiniMax-M2.7-NVFP4"" --system ""l40s"" --backend ""vllm"" --backend-version ""0.1.dev19262"" --forward-model op_level --max-workers 8",,116,29,PERF_DATA_MISSING=116,,26dae1f99b2b50fb17118f38d8a8e95dfac3357c
nvidia/MiniMax-M2.7-NVFP4,MiniMaxM2ForCausalLM,l40s,vllm,0.14.0,FAIL,"Strict-native op-level FPE probes: PERF_DATA_MISSING=116; raw probes=116; topologies=29; source_sha=26dae1f99b2b50fb17118f38d8a8e95dfac3357c. Representative failure: perf database error: GEMM perf data missing for quant 'nvfp4_wo' at <repo>/python/aisimulate/src/aiconfigurator_core/systems/data/l40s/vllm/0.14.0; available: [""bfloat16"", ""fp8""]","python python/aisimulate/tools/support_matrix/generate_fpe_support_matrix.py --model ""nvidia/MiniMax-M2.7-NVFP4"" --system ""l40s"" --backend ""vllm"" --backend-version ""0.14.0"" --forward-model op_level --max-workers 8",,116,29,PERF_DATA_MISSING=116,,26dae1f99b2b50fb17118f38d8a8e95dfac3357c
nvidia/MiniMax-M2.7-NVFP4,MiniMaxM2ForCausalLM,l40s,vllm,0.22.0,FAIL,"Strict-native op-level FPE probes: PERF_DATA_MISSING=116; raw probes=116; topologies=29; source_sha=26dae1f99b2b50fb17118f38d8a8e95dfac3357c. Representative failure: perf database error: GEMM perf data missing for quant 'nvfp4_wo' at <repo>/python/aisimulate/src/aiconfigurator_core/systems/data/l40s/vllm/0.22.0; available: [""bfloat16"", ""fp8"", ""fp8_block""]","python python/aisimulate/tools/support_matrix/generate_fpe_support_matrix.py --model ""nvidia/MiniMax-M2.7-NVFP4"" --system ""l40s"" --backend ""vllm"" --backend-version ""0.22.0"" --forward-model op_level --max-workers 8",,116,29,PERF_DATA_MISSING=116,,26dae1f99b2b50fb17118f38d8a8e95dfac3357c
nvidia/MiniMax-M2.7-NVFP4,MiniMaxM2ForCausalLM,l40s,vllm,0.24.0,FAIL,"Strict-native op-level FPE probes: PERF_DATA_MISSING=116; raw probes=116; topologies=29; source_sha=26dae1f99b2b50fb17118f38d8a8e95dfac3357c. Representative failure: perf database error: GEMM perf data missing for quant 'nvfp4_wo' at <repo>/python/aisimulate/src/aiconfigurator_core/systems/data/l40s/vllm/0.24.0; available: [""bfloat16"", ""fp8"", ""fp8_block""]","python python/aisimulate/tools/support_matrix/generate_fpe_support_matrix.py --model ""nvidia/MiniMax-M2.7-NVFP4"" --system ""l40s"" --backend ""vllm"" --backend-version ""0.24.0"" --forward-model op_level --max-workers 8",,116,29,PERF_DATA_MISSING=116,,26dae1f99b2b50fb17118f38d8a8e95dfac3357c
nvidia/MiniMax-M3-NVFP4,MiniMaxM3SparseForConditionalGeneration,l40s,sglang,0.5.10,FAIL,"Strict-native op-level FPE probes: PERF_DATA_MISSING=220; raw probes=220; topologies=55; source_sha=26dae1f99b2b50fb17118f38d8a8e95dfac3357c. Representative failure: perf database error: GEMM perf data missing for quant 'fp8_block' at <repo>/python/aisimulate/src/aiconfigurator_core/systems/data/l40s/sglang/0.5.10; available: [""bfloat16"", ""fp8""]","python python/aisimulate/tools/support_matrix/generate_fpe_support_matrix.py --model ""nvidia/MiniMax-M3-NVFP4"" --system ""l40s"" --backend ""sglang"" --backend-version ""0.5.10"" --forward-model op_level --max-workers 8",,220,55,PERF_DATA_MISSING=220,,26dae1f99b2b50fb17118f38d8a8e95dfac3357c
nvidia/MiniMax-M3-NVFP4,MiniMaxM3SparseForConditionalGeneration,l40s,sglang,0.5.12,FAIL,"Strict-native op-level FPE probes: PERF_DATA_MISSING=220; raw probes=220; topologies=55; source_sha=26dae1f99b2b50fb17118f38d8a8e95dfac3357c. Representative failure: perf database error: GEMM perf data missing for quant 'fp8_block' at <repo>/python/aisimulate/src/aiconfigurator_core/systems/data/l40s/sglang/0.5.12; available: [""bfloat16"", ""fp8"", ""fp8_static""]","python python/aisimulate/tools/support_matrix/generate_fpe_support_matrix.py --model ""nvidia/MiniMax-M3-NVFP4"" --system ""l40s"" --backend ""sglang"" --backend-version ""0.5.12"" --forward-model op_level --max-workers 8",,220,55,PERF_DATA_MISSING=220,,26dae1f99b2b50fb17118f38d8a8e95dfac3357c
nvidia/MiniMax-M3-NVFP4,MiniMaxM3SparseForConditionalGeneration,l40s,sglang,0.5.14,FAIL,"Strict-native op-level FPE probes: PERF_DATA_MISSING=220; raw probes=220; topologies=55; source_sha=26dae1f99b2b50fb17118f38d8a8e95dfac3357c. Representative failure: perf database error: GEMM perf data missing for quant 'fp8_block' at <repo>/python/aisimulate/src/aiconfigurator_core/systems/data/l40s/sglang/0.5.14; available: [""bfloat16"", ""fp8"", ""fp8_static""]","python python/aisimulate/tools/support_matrix/generate_fpe_support_matrix.py --model ""nvidia/MiniMax-M3-NVFP4"" --system ""l40s"" --backend ""sglang"" --backend-version ""0.5.14"" --forward-model op_level --max-workers 8",,220,55,PERF_DATA_MISSING=220,,26dae1f99b2b50fb17118f38d8a8e95dfac3357c
nvidia/MiniMax-M3-NVFP4,MiniMaxM3SparseForConditionalGeneration,l40s,sglang,0.5.16,FAIL,"Strict-native op-level FPE probes: PERF_DATA_MISSING=220; raw probes=220; topologies=55; source_sha=26dae1f99b2b50fb17118f38d8a8e95dfac3357c. Representative failure: perf database error: GEMM perf data missing for quant 'fp8_block' at <repo>/python/aisimulate/src/aiconfigurator_core/systems/data/l40s/sglang/0.5.16; available: [""bfloat16"", ""fp8"", ""fp8_static""]","python python/aisimulate/tools/support_matrix/generate_fpe_support_matrix.py --model ""nvidia/MiniMax-M3-NVFP4"" --system ""l40s"" --backend ""sglang"" --backend-version ""0.5.16"" --forward-model op_level --max-workers 8",,220,55,PERF_DATA_MISSING=220,,26dae1f99b2b50fb17118f38d8a8e95dfac3357c
nvidia/MiniMax-M3-NVFP4,MiniMaxM3SparseForConditionalGeneration,l40s,sglang,0.5.9,FAIL,"Strict-native op-level FPE probes: PERF_DATA_MISSING=220; raw probes=220; topologies=55; source_sha=26dae1f99b2b50fb17118f38d8a8e95dfac3357c. Representative failure: perf database error: GEMM perf data missing for quant 'fp8_block' at <repo>/python/aisimulate/src/aiconfigurator_core/systems/data/l40s/sglang/0.5.9; available: [""bfloat16"", ""fp8""]","python python/aisimulate/tools/support_matrix/generate_fpe_support_matrix.py --model ""nvidia/MiniMax-M3-NVFP4"" --system ""l40s"" --backend ""sglang"" --backend-version ""0.5.9"" --forward-model op_level --max-workers 8",,220,55,PERF_DATA_MISSING=220,,26dae1f99b2b50fb17118f38d8a8e95dfac3357c
nvidia/MiniMax-M3-NVFP4,MiniMaxM3SparseForConditionalGeneration,l40s,trtllm,1.0.0,FAIL,"Strict-native op-level FPE probes: PERF_DATA_MISSING=116; raw probes=116; topologies=29; source_sha=26dae1f99b2b50fb17118f38d8a8e95dfac3357c. Representative failure: perf database error: MoE data missing for MoeKey { quant: ""nvfp4_wo"", distribution: ""uniform"", topk: 4, num_experts: 128, hidden_size: 6144, inter_size: 3072, moe_tp_size: 1, moe_ep_size: 1 } at <repo>/python/aisimulate/src/aiconfigurator_core/systems/data/l40s/trtllm/1.0.0","python python/aisimulate/tools/support_matrix/generate_fpe_support_matrix.py --model ""nvidia/MiniMax-M3-NVFP4"" --system ""l40s"" --backend ""trtllm"" --backend-version ""1.0.0"" --forward-model op_level --max-workers 8",,116,29,PERF_DATA_MISSING=116,,26dae1f99b2b50fb17118f38d8a8e95dfac3357c
nvidia/MiniMax-M3-NVFP4,MiniMaxM3SparseForConditionalGeneration,l40s,trtllm,1.3.0rc15,FAIL,"Strict-native op-level FPE probes: PERF_DATA_MISSING=116; raw probes=116; topologies=29; source_sha=26dae1f99b2b50fb17118f38d8a8e95dfac3357c. Representative failure: perf database error: MoE data missing for MoeKey { quant: ""nvfp4_wo"", distribution: ""uniform"", topk: 4, num_experts: 128, hidden_size: 6144, inter_size: 3072, moe_tp_size: 1, moe_ep_size: 1 } at <repo>/python/aisimulate/src/aiconfigurator_core/systems/data/l40s/trtllm/1.3.0rc15","python python/aisimulate/tools/support_matrix/generate_fpe_support_matrix.py --model ""nvidia/MiniMax-M3-NVFP4"" --system ""l40s"" --backend ""trtllm"" --backend-version ""1.3.0rc15"" --forward-model op_level --max-workers 8",,116,29,PERF_DATA_MISSING=116,,26dae1f99b2b50fb17118f38d8a8e95dfac3357c
nvidia/MiniMax-M3-NVFP4,MiniMaxM3SparseForConditionalGeneration,l40s,trtllm,1.3.0rc20,FAIL,"Strict-native op-level FPE probes: PERF_DATA_MISSING=116; raw probes=116; topologies=29; source_sha=26dae1f99b2b50fb17118f38d8a8e95dfac3357c. Representative failure: perf database error: MoE data missing for MoeKey { quant: ""nvfp4_wo"", distribution: ""uniform"", topk: 4, num_experts: 128, hidden_size: 6144, inter_size: 3072, moe_tp_size: 1, moe_ep_size: 1 } at <repo>/python/aisimulate/src/aiconfigurator_core/systems/data/l40s/trtllm/1.3.0rc20","python python/aisimulate/tools/support_matrix/generate_fpe_support_matrix.py --model ""nvidia/MiniMax-M3-NVFP4"" --system ""l40s"" --backend ""trtllm"" --backend-version ""1.3.0rc20"" --forward-model op_level --max-workers 8",,116,29,PERF_DATA_MISSING=116,,26dae1f99b2b50fb17118f38d8a8e95dfac3357c
nvidia/MiniMax-M3-NVFP4,MiniMaxM3SparseForConditionalGeneration,l40s,trtllm,1.3.0rc23,FAIL,"Strict-native op-level FPE probes: PERF_DATA_MISSING=116; raw probes=116; topologies=29; source_sha=26dae1f99b2b50fb17118f38d8a8e95dfac3357c. Representative failure: perf database error: MoE data missing for MoeKey { quant: ""nvfp4_wo"", distribution: ""uniform"", topk: 4, num_experts: 128, hidden_size: 6144, inter_size: 3072, moe_tp_size: 1, moe_ep_size: 1 } at <repo>/python/aisimulate/src/aiconfigurator_core/systems/data/l40s/trtllm/1.3.0rc23","python python/aisimulate/tools/support_matrix/generate_fpe_support_matrix.py --model ""nvidia/MiniMax-M3-NVFP4"" --system ""l40s"" --backend ""trtllm"" --backend-version ""1.3.0rc23"" --forward-model op_level --max-workers 8",,116,29,PERF_DATA_MISSING=116,,26dae1f99b2b50fb17118f38d8a8e95dfac3357c
nvidia/MiniMax-M3-NVFP4,MiniMaxM3SparseForConditionalGeneration,l40s,vllm,0.1.dev19262,FAIL,Strict-native op-level FPE probes: PERF_DATA_MISSING=116; raw probes=116; topologies=29; source_sha=26dae1f99b2b50fb17118f38d8a8e95dfac3357c. Representative failure: perf database error: perf database error: no GEMM rows loaded from 1 source(s) (first: <repo>/python/aisimulate/src/aiconfigurator_core/systems/data/l40s/vllm/0.1.dev19262/gemm_perf.parquet),"python python/aisimulate/tools/support_matrix/generate_fpe_support_matrix.py --model ""nvidia/MiniMax-M3-NVFP4"" --system ""l40s"" --backend ""vllm"" --backend-version ""0.1.dev19262"" --forward-model op_level --max-workers 8",,116,29,PERF_DATA_MISSING=116,,26dae1f99b2b50fb17118f38d8a8e95dfac3357c
nvidia/MiniMax-M3-NVFP4,MiniMaxM3SparseForConditionalGeneration,l40s,vllm,0.14.0,FAIL,"Strict-native op-level FPE probes: PERF_DATA_MISSING=116; raw probes=116; topologies=29; source_sha=26dae1f99b2b50fb17118f38d8a8e95dfac3357c. Representative failure: perf database error: GEMM perf data missing for quant 'fp8_block' at <repo>/python/aisimulate/src/aiconfigurator_core/systems/data/l40s/vllm/0.14.0; available: [""bfloat16"", ""fp8""]","python python/aisimulate/tools/support_matrix/generate_fpe_support_matrix.py --model ""nvidia/MiniMax-M3-NVFP4"" --system ""l40s"" --backend ""vllm"" --backend-version ""0.14.0"" --forward-model op_level --max-workers 8",,116,29,PERF_DATA_MISSING=116,,26dae1f99b2b50fb17118f38d8a8e95dfac3357c
nvidia/MiniMax-M3-NVFP4,MiniMaxM3SparseForConditionalGeneration,l40s,vllm,0.22.0,FAIL,"Strict-native op-level FPE probes: PERF_DATA_MISSING=116; raw probes=116; topologies=29; source_sha=26dae1f99b2b50fb17118f38d8a8e95dfac3357c. Representative failure: perf database error: MoE data missing for MoeKey { quant: ""nvfp4_wo"", distribution: ""uniform"", topk: 4, num_experts: 128, hidden_size: 6144, inter_size: 3072, moe_tp_size: 1, moe_ep_size: 1 } at <repo>/python/aisimulate/src/aiconfigurator_core/systems/data/l40s/vllm/0.22.0","python python/aisimulate/tools/support_matrix/generate_fpe_support_matrix.py --model ""nvidia/MiniMax-M3-NVFP4"" --system ""l40s"" --backend ""vllm"" --backend-version ""0.22.0"" --forward-model op_level --max-workers 8",,116,29,PERF_DATA_MISSING=116,,26dae1f99b2b50fb17118f38d8a8e95dfac3357c
nvidia/MiniMax-M3-NVFP4,MiniMaxM3SparseForConditionalGeneration,l40s,vllm,0.24.0,FAIL,"Strict-native op-level FPE probes: PERF_DATA_MISSING=116; raw probes=116; topologies=29; source_sha=26dae1f99b2b50fb17118f38d8a8e95dfac3357c. Representative failure: perf database error: MoE data missing for MoeKey { quant: ""nvfp4_wo"", distribution: ""uniform"", topk: 4, num_experts: 128, hidden_size: 6144, inter_size: 3072, moe_tp_size: 1, moe_ep_size: 1 } at <repo>/python/aisimulate/src/aiconfigurator_core/systems/data/l40s/vllm/0.24.0","python python/aisimulate/tools/support_matrix/generate_fpe_support_matrix.py --model ""nvidia/MiniMax-M3-NVFP4"" --system ""l40s"" --backend ""vllm"" --backend-version ""0.24.0"" --forward-model op_level --max-workers 8",,116,29,PERF_DATA_MISSING=116,,26dae1f99b2b50fb17118f38d8a8e95dfac3357c
nvidia/NVIDIA-Nemotron-3-Nano-30B-A3B-BF16,NemotronHForCausalLM,l40s,sglang,0.5.10,PASS,,"python python/aisimulate/tools/support_matrix/generate_fpe_support_matrix.py --model ""nvidia/NVIDIA-Nemotron-3-Nano-30B-A3B-BF16"" --system ""l40s"" --backend ""sglang"" --backend-version ""0.5.10"" --forward-model op_level --max-workers 8",silicon,220,55,PASS=220,"decode_end=11940.135954, decode_start=46.818328, mixed=117.373184, prefill=116.793876",26dae1f99b2b50fb17118f38d8a8e95dfac3357c
nvidia/NVIDIA-Nemotron-3-Nano-30B-A3B-BF16,NemotronHForCausalLM,l40s,sglang,0.5.12,PASS,,"python python/aisimulate/tools/support_matrix/generate_fpe_support_matrix.py --model ""nvidia/NVIDIA-Nemotron-3-Nano-30B-A3B-BF16"" --system ""l40s"" --backend ""sglang"" --backend-version ""0.5.12"" --forward-model op_level --max-workers 8",silicon,220,55,PASS=220,"decode_end=8497.367811, decode_start=33.323244, mixed=81.793806, prefill=81.672327",26dae1f99b2b50fb17118f38d8a8e95dfac3357c
nvidia/NVIDIA-Nemotron-3-Nano-30B-A3B-BF16,NemotronHForCausalLM,l40s,sglang,0.5.14,PASS,,"python python/aisimulate/tools/support_matrix/generate_fpe_support_matrix.py --model ""nvidia/NVIDIA-Nemotron-3-Nano-30B-A3B-BF16"" --system ""l40s"" --backend ""sglang"" --backend-version ""0.5.14"" --forward-model op_level --max-workers 8",silicon,220,55,PASS=220,"decode_end=8501.231548, decode_start=33.337158, mixed=81.973180, prefill=81.799586",26dae1f99b2b50fb17118f38d8a8e95dfac3357c
nvidia/NVIDIA-Nemotron-3-Nano-30B-A3B-BF16,NemotronHForCausalLM,l40s,sglang,0.5.16,PASS,,"python python/aisimulate/tools/support_matrix/generate_fpe_support_matrix.py --model ""nvidia/NVIDIA-Nemotron-3-Nano-30B-A3B-BF16"" --system ""l40s"" --backend ""sglang"" --backend-version ""0.5.16"" --forward-model op_level --max-workers 8",silicon,220,55,PASS=220,"decode_end=8501.231548, decode_start=33.337158, mixed=81.973180, prefill=81.799586",26dae1f99b2b50fb17118f38d8a8e95dfac3357c
nvidia/NVIDIA-Nemotron-3-Nano-30B-A3B-BF16,NemotronHForCausalLM,l40s,sglang,0.5.9,PASS,,"python python/aisimulate/tools/support_matrix/generate_fpe_support_matrix.py --model ""nvidia/NVIDIA-Nemotron-3-Nano-30B-A3B-BF16"" --system ""l40s"" --backend ""sglang"" --backend-version ""0.5.9"" --forward-model op_level --max-workers 8",silicon,220,55,"PASS=60, PERF_DATA_MISSING=160","decode_end=11752.703510, decode_start=46.083639, mixed=119.567046, prefill=116.499850",26dae1f99b2b50fb17118f38d8a8e95dfac3357c
nvidia/NVIDIA-Nemotron-3-Nano-30B-A3B-BF16,NemotronHForCausalLM,l40s,trtllm,1.0.0,FAIL,"Strict-native op-level FPE probes: PERF_DATA_MISSING=116; raw probes=116; topologies=29; source_sha=26dae1f99b2b50fb17118f38d8a8e95dfac3357c. Representative failure: perf database error: MoE data missing for MoeKey { quant: ""bfloat16"", distribution: ""power_law_1.01"", topk: 6, num_experts: 128, hidden_size: 2688, inter_size: 1856, moe_tp_size: 1, moe_ep_size: 1 } at <repo>/python/aisimulate/src/aiconfigurator_core/systems/data/l40s/trtllm/1.0.0","python python/aisimulate/tools/support_matrix/generate_fpe_support_matrix.py --model ""nvidia/NVIDIA-Nemotron-3-Nano-30B-A3B-BF16"" --system ""l40s"" --backend ""trtllm"" --backend-version ""1.0.0"" --forward-model op_level --max-workers 8",,116,29,PERF_DATA_MISSING=116,,26dae1f99b2b50fb17118f38d8a8e95dfac3357c
nvidia/NVIDIA-Nemotron-3-Nano-30B-A3B-BF16,NemotronHForCausalLM,l40s,trtllm,1.3.0rc15,PASS,,"python python/aisimulate/tools/support_matrix/generate_fpe_support_matrix.py --model ""nvidia/NVIDIA-Nemotron-3-Nano-30B-A3B-BF16"" --system ""l40s"" --backend ""trtllm"" --backend-version ""1.3.0rc15"" --forward-model op_level --max-workers 8",silicon,116,29,"PASS=92, PERF_DATA_MISSING=24","decode_end=8480.240961, decode_start=33.256004, mixed=84.807898, prefill=83.920664",26dae1f99b2b50fb17118f38d8a8e95dfac3357c
nvidia/NVIDIA-Nemotron-3-Nano-30B-A3B-BF16,NemotronHForCausalLM,l40s,trtllm,1.3.0rc20,PASS,,"python python/aisimulate/tools/support_matrix/generate_fpe_support_matrix.py --model ""nvidia/NVIDIA-Nemotron-3-Nano-30B-A3B-BF16"" --system ""l40s"" --backend ""trtllm"" --backend-version ""1.3.0rc20"" --forward-model op_level --max-workers 8",silicon,116,29,"PASS=92, PERF_DATA_MISSING=24","decode_end=8273.700688, decode_start=32.444799, mixed=83.658395, prefill=83.017659",26dae1f99b2b50fb17118f38d8a8e95dfac3357c
nvidia/NVIDIA-Nemotron-3-Nano-30B-A3B-BF16,NemotronHForCausalLM,l40s,trtllm,1.3.0rc23,PASS,,"python python/aisimulate/tools/support_matrix/generate_fpe_support_matrix.py --model ""nvidia/NVIDIA-Nemotron-3-Nano-30B-A3B-BF16"" --system ""l40s"" --backend ""trtllm"" --backend-version ""1.3.0rc23"" --forward-model op_level --max-workers 8",silicon,116,29,"PASS=92, PERF_DATA_MISSING=24","decode_end=8273.700688, decode_start=32.444799, mixed=83.658395, prefill=83.017659",26dae1f99b2b50fb17118f38d8a8e95dfac3357c
nvidia/NVIDIA-Nemotron-3-Nano-30B-A3B-BF16,NemotronHForCausalLM,l40s,vllm,0.1.dev19262,FAIL,Strict-native op-level FPE probes: PERF_DATA_MISSING=116; raw probes=116; topologies=29; source_sha=26dae1f99b2b50fb17118f38d8a8e95dfac3357c. Representative failure: perf database error: perf database error: no GEMM rows loaded from 1 source(s) (first: <repo>/python/aisimulate/src/aiconfigurator_core/systems/data/l40s/vllm/0.1.dev19262/gemm_perf.parquet),"python python/aisimulate/tools/support_matrix/generate_fpe_support_matrix.py --model ""nvidia/NVIDIA-Nemotron-3-Nano-30B-A3B-BF16"" --system ""l40s"" --backend ""vllm"" --backend-version ""0.1.dev19262"" --forward-model op_level --max-workers 8",,116,29,PERF_DATA_MISSING=116,,26dae1f99b2b50fb17118f38d8a8e95dfac3357c
nvidia/NVIDIA-Nemotron-3-Nano-30B-A3B-BF16,NemotronHForCausalLM,l40s,vllm,0.14.0,PASS,,"python python/aisimulate/tools/support_matrix/generate_fpe_support_matrix.py --model ""nvidia/NVIDIA-Nemotron-3-Nano-30B-A3B-BF16"" --system ""l40s"" --backend ""vllm"" --backend-version ""0.14.0"" --forward-model op_level --max-workers 8",silicon,116,29,PASS=116,"decode_end=11402.391918, decode_start=44.712913, mixed=116.035500, prefill=114.534499",26dae1f99b2b50fb17118f38d8a8e95dfac3357c
nvidia/NVIDIA-Nemotron-3-Nano-30B-A3B-BF16,NemotronHForCausalLM,l40s,vllm,0.22.0,PASS,,"python python/aisimulate/tools/support_matrix/generate_fpe_support_matrix.py --model ""nvidia/NVIDIA-Nemotron-3-Nano-30B-A3B-BF16"" --system ""l40s"" --backend ""vllm"" --backend-version ""0.22.0"" --forward-model op_level --max-workers 8",silicon,116,29,PASS=116,"decode_end=11263.409539, decode_start=44.169349, mixed=117.942814, prefill=117.019477",26dae1f99b2b50fb17118f38d8a8e95dfac3357c
nvidia/NVIDIA-Nemotron-3-Nano-30B-A3B-BF16,NemotronHForCausalLM,l40s,vllm,0.24.0,PASS,,"python python/aisimulate/tools/support_matrix/generate_fpe_support_matrix.py --model ""nvidia/NVIDIA-Nemotron-3-Nano-30B-A3B-BF16"" --system ""l40s"" --backend ""vllm"" --backend-version ""0.24.0"" --forward-model op_level --max-workers 8",silicon,116,29,PASS=116,"decode_end=8513.722064, decode_start=33.386261, mixed=79.598457, prefill=78.772712",26dae1f99b2b50fb17118f38d8a8e95dfac3357c
nvidia/NVIDIA-Nemotron-3-Nano-30B-A3B-NVFP4,NemotronHForCausalLM,l40s,sglang,0.5.10,FAIL,"Strict-native op-level FPE probes: PERF_DATA_MISSING=220; raw probes=220; topologies=55; source_sha=26dae1f99b2b50fb17118f38d8a8e95dfac3357c. Representative failure: perf database error: GEMM perf data missing for quant 'nvfp4_wo' at <repo>/python/aisimulate/src/aiconfigurator_core/systems/data/l40s/sglang/0.5.10; available: [""bfloat16"", ""fp8""]","python python/aisimulate/tools/support_matrix/generate_fpe_support_matrix.py --model ""nvidia/NVIDIA-Nemotron-3-Nano-30B-A3B-NVFP4"" --system ""l40s"" --backend ""sglang"" --backend-version ""0.5.10"" --forward-model op_level --max-workers 8",,220,55,PERF_DATA_MISSING=220,,26dae1f99b2b50fb17118f38d8a8e95dfac3357c
nvidia/NVIDIA-Nemotron-3-Nano-30B-A3B-NVFP4,NemotronHForCausalLM,l40s,sglang,0.5.12,FAIL,"Strict-native op-level FPE probes: PERF_DATA_MISSING=220; raw probes=220; topologies=55; source_sha=26dae1f99b2b50fb17118f38d8a8e95dfac3357c. Representative failure: perf database error: GEMM perf data missing for quant 'nvfp4_wo' at <repo>/python/aisimulate/src/aiconfigurator_core/systems/data/l40s/sglang/0.5.12; available: [""bfloat16"", ""fp8"", ""fp8_static""]","python python/aisimulate/tools/support_matrix/generate_fpe_support_matrix.py --model ""nvidia/NVIDIA-Nemotron-3-Nano-30B-A3B-NVFP4"" --system ""l40s"" --backend ""sglang"" --backend-version ""0.5.12"" --forward-model op_level --max-workers 8",,220,55,PERF_DATA_MISSING=220,,26dae1f99b2b50fb17118f38d8a8e95dfac3357c
nvidia/NVIDIA-Nemotron-3-Nano-30B-A3B-NVFP4,NemotronHForCausalLM,l40s,sglang,0.5.14,FAIL,"Strict-native op-level FPE probes: PERF_DATA_MISSING=220; raw probes=220; topologies=55; source_sha=26dae1f99b2b50fb17118f38d8a8e95dfac3357c. Representative failure: perf database error: GEMM perf data missing for quant 'nvfp4_wo' at <repo>/python/aisimulate/src/aiconfigurator_core/systems/data/l40s/sglang/0.5.14; available: [""bfloat16"", ""fp8"", ""fp8_static""]","python python/aisimulate/tools/support_matrix/generate_fpe_support_matrix.py --model ""nvidia/NVIDIA-Nemotron-3-Nano-30B-A3B-NVFP4"" --system ""l40s"" --backend ""sglang"" --backend-version ""0.5.14"" --forward-model op_level --max-workers 8",,220,55,PERF_DATA_MISSING=220,,26dae1f99b2b50fb17118f38d8a8e95dfac3357c
nvidia/NVIDIA-Nemotron-3-Nano-30B-A3B-NVFP4,NemotronHForCausalLM,l40s,sglang,0.5.16,FAIL,"Strict-native op-level FPE probes: PERF_DATA_MISSING=220; raw probes=220; topologies=55; source_sha=26dae1f99b2b50fb17118f38d8a8e95dfac3357c. Representative failure: perf database error: GEMM perf data missing for quant 'nvfp4_wo' at <repo>/python/aisimulate/src/aiconfigurator_core/systems/data/l40s/sglang/0.5.16; available: [""bfloat16"", ""fp8"", ""fp8_static""]","python python/aisimulate/tools/support_matrix/generate_fpe_support_matrix.py --model ""nvidia/NVIDIA-Nemotron-3-Nano-30B-A3B-NVFP4"" --system ""l40s"" --backend ""sglang"" --backend-version ""0.5.16"" --forward-model op_level --max-workers 8",,220,55,PERF_DATA_MISSING=220,,26dae1f99b2b50fb17118f38d8a8e95dfac3357c
nvidia/NVIDIA-Nemotron-3-Nano-30B-A3B-NVFP4,NemotronHForCausalLM,l40s,sglang,0.5.9,FAIL,"Strict-native op-level FPE probes: PERF_DATA_MISSING=220; raw probes=220; topologies=55; source_sha=26dae1f99b2b50fb17118f38d8a8e95dfac3357c. Representative failure: perf database error: GEMM perf data missing for quant 'nvfp4_wo' at <repo>/python/aisimulate/src/aiconfigurator_core/systems/data/l40s/sglang/0.5.9; available: [""bfloat16"", ""fp8""]","python python/aisimulate/tools/support_matrix/generate_fpe_support_matrix.py --model ""nvidia/NVIDIA-Nemotron-3-Nano-30B-A3B-NVFP4"" --system ""l40s"" --backend ""sglang"" --backend-version ""0.5.9"" --forward-model op_level --max-workers 8",,220,55,PERF_DATA_MISSING=220,,26dae1f99b2b50fb17118f38d8a8e95dfac3357c
nvidia/NVIDIA-Nemotron-3-Nano-30B-A3B-NVFP4,NemotronHForCausalLM,l40s,trtllm,1.0.0,FAIL,"Strict-native op-level FPE probes: PERF_DATA_MISSING=116; raw probes=116; topologies=29; source_sha=26dae1f99b2b50fb17118f38d8a8e95dfac3357c. Representative failure: perf database error: GEMM perf data missing for quant 'nvfp4_wo' at <repo>/python/aisimulate/src/aiconfigurator_core/systems/data/l40s/trtllm/1.0.0; available: [""bfloat16"", ""fp8"", ""fp8_block"", ""int4_wo"", ""int8_wo"", ""sq""]","python python/aisimulate/tools/support_matrix/generate_fpe_support_matrix.py --model ""nvidia/NVIDIA-Nemotron-3-Nano-30B-A3B-NVFP4"" --system ""l40s"" --backend ""trtllm"" --backend-version ""1.0.0"" --forward-model op_level --max-workers 8",,116,29,PERF_DATA_MISSING=116,,26dae1f99b2b50fb17118f38d8a8e95dfac3357c
nvidia/NVIDIA-Nemotron-3-Nano-30B-A3B-NVFP4,NemotronHForCausalLM,l40s,trtllm,1.3.0rc15,FAIL,"Strict-native op-level FPE probes: PERF_DATA_MISSING=116; raw probes=116; topologies=29; source_sha=26dae1f99b2b50fb17118f38d8a8e95dfac3357c. Representative failure: perf database error: GEMM perf data missing for quant 'nvfp4_wo' at <repo>/python/aisimulate/src/aiconfigurator_core/systems/data/l40s/trtllm/1.3.0rc15; available: [""bfloat16"", ""fp8"", ""fp8_block"", ""fp8_static"", ""int4_wo"", ""int8_wo"", ""sq""]","python python/aisimulate/tools/support_matrix/generate_fpe_support_matrix.py --model ""nvidia/NVIDIA-Nemotron-3-Nano-30B-A3B-NVFP4"" --system ""l40s"" --backend ""trtllm"" --backend-version ""1.3.0rc15"" --forward-model op_level --max-workers 8",,116,29,PERF_DATA_MISSING=116,,26dae1f99b2b50fb17118f38d8a8e95dfac3357c
nvidia/NVIDIA-Nemotron-3-Nano-30B-A3B-NVFP4,NemotronHForCausalLM,l40s,trtllm,1.3.0rc20,FAIL,"Strict-native op-level FPE probes: PERF_DATA_MISSING=116; raw probes=116; topologies=29; source_sha=26dae1f99b2b50fb17118f38d8a8e95dfac3357c. Representative failure: perf database error: GEMM perf data missing for quant 'nvfp4_wo' at <repo>/python/aisimulate/src/aiconfigurator_core/systems/data/l40s/trtllm/1.3.0rc20; available: [""bfloat16"", ""fp8"", ""fp8_block"", ""fp8_static"", ""int4_wo"", ""int8_wo"", ""sq""]","python python/aisimulate/tools/support_matrix/generate_fpe_support_matrix.py --model ""nvidia/NVIDIA-Nemotron-3-Nano-30B-A3B-NVFP4"" --system ""l40s"" --backend ""trtllm"" --backend-version ""1.3.0rc20"" --forward-model op_level --max-workers 8",,116,29,PERF_DATA_MISSING=116,,26dae1f99b2b50fb17118f38d8a8e95dfac3357c
nvidia/NVIDIA-Nemotron-3-Nano-30B-A3B-NVFP4,NemotronHForCausalLM,l40s,trtllm,1.3.0rc23,FAIL,"Strict-native op-level FPE probes: PERF_DATA_MISSING=116; raw probes=116; topologies=29; source_sha=26dae1f99b2b50fb17118f38d8a8e95dfac3357c. Representative failure: perf database error: GEMM perf data missing for quant 'nvfp4_wo' at <repo>/python/aisimulate/src/aiconfigurator_core/systems/data/l40s/trtllm/1.3.0rc23; available: [""bfloat16"", ""fp8"", ""fp8_block"", ""fp8_static"", ""int4_wo"", ""int8_wo"", ""sq""]","python python/aisimulate/tools/support_matrix/generate_fpe_support_matrix.py --model ""nvidia/NVIDIA-Nemotron-3-Nano-30B-A3B-NVFP4"" --system ""l40s"" --backend ""trtllm"" --backend-version ""1.3.0rc23"" --forward-model op_level --max-workers 8",,116,29,PERF_DATA_MISSING=116,,26dae1f99b2b50fb17118f38d8a8e95dfac3357c
nvidia/NVIDIA-Nemotron-3-Nano-30B-A3B-NVFP4,NemotronHForCausalLM,l40s,vllm,0.1.dev19262,FAIL,Strict-native op-level FPE probes: PERF_DATA_MISSING=116; raw probes=116; topologies=29; source_sha=26dae1f99b2b50fb17118f38d8a8e95dfac3357c. Representative failure: perf database error: perf database error: no GEMM rows loaded from 1 source(s) (first: <repo>/python/aisimulate/src/aiconfigurator_core/systems/data/l40s/vllm/0.1.dev19262/gemm_perf.parquet),"python python/aisimulate/tools/support_matrix/generate_fpe_support_matrix.py --model ""nvidia/NVIDIA-Nemotron-3-Nano-30B-A3B-NVFP4"" --system ""l40s"" --backend ""vllm"" --backend-version ""0.1.dev19262"" --forward-model op_level --max-workers 8",,116,29,PERF_DATA_MISSING=116,,26dae1f99b2b50fb17118f38d8a8e95dfac3357c
nvidia/NVIDIA-Nemotron-3-Nano-30B-A3B-NVFP4,NemotronHForCausalLM,l40s,vllm,0.14.0,FAIL,"Strict-native op-level FPE probes: PERF_DATA_MISSING=116; raw probes=116; topologies=29; source_sha=26dae1f99b2b50fb17118f38d8a8e95dfac3357c. Representative failure: perf database error: GEMM perf data missing for quant 'nvfp4_wo' at <repo>/python/aisimulate/src/aiconfigurator_core/systems/data/l40s/vllm/0.14.0; available: [""bfloat16"", ""fp8""]","python python/aisimulate/tools/support_matrix/generate_fpe_support_matrix.py --model ""nvidia/NVIDIA-Nemotron-3-Nano-30B-A3B-NVFP4"" --system ""l40s"" --backend ""vllm"" --backend-version ""0.14.0"" --forward-model op_level --max-workers 8",,116,29,PERF_DATA_MISSING=116,,26dae1f99b2b50fb17118f38d8a8e95dfac3357c
nvidia/NVIDIA-Nemotron-3-Nano-30B-A3B-NVFP4,NemotronHForCausalLM,l40s,vllm,0.22.0,FAIL,"Strict-native op-level FPE probes: PERF_DATA_MISSING=116; raw probes=116; topologies=29; source_sha=26dae1f99b2b50fb17118f38d8a8e95dfac3357c. Representative failure: perf database error: GEMM perf data missing for quant 'nvfp4_wo' at <repo>/python/aisimulate/src/aiconfigurator_core/systems/data/l40s/vllm/0.22.0; available: [""bfloat16"", ""fp8"", ""fp8_block""]","python python/aisimulate/tools/support_matrix/generate_fpe_support_matrix.py --model ""nvidia/NVIDIA-Nemotron-3-Nano-30B-A3B-NVFP4"" --system ""l40s"" --backend ""vllm"" --backend-version ""0.22.0"" --forward-model op_level --max-workers 8",,116,29,PERF_DATA_MISSING=116,,26dae1f99b2b50fb17118f38d8a8e95dfac3357c
nvidia/NVIDIA-Nemotron-3-Nano-30B-A3B-NVFP4,NemotronHForCausalLM,l40s,vllm,0.24.0,FAIL,"Strict-native op-level FPE probes: PERF_DATA_MISSING=116; raw probes=116; topologies=29; source_sha=26dae1f99b2b50fb17118f38d8a8e95dfac3357c. Representative failure: perf database error: GEMM perf data missing for quant 'nvfp4_wo' at <repo>/python/aisimulate/src/aiconfigurator_core/systems/data/l40s/vllm/0.24.0; available: [""bfloat16"", ""fp8"", ""fp8_block""]","python python/aisimulate/tools/support_matrix/generate_fpe_support_matrix.py --model ""nvidia/NVIDIA-Nemotron-3-Nano-30B-A3B-NVFP4"" --system ""l40s"" --backend ""vllm"" --backend-version ""0.24.0"" --forward-model op_level --max-workers 8",,116,29,PERF_DATA_MISSING=116,,26dae1f99b2b50fb17118f38d8a8e95dfac3357c
nvidia/NVIDIA-Nemotron-3-Super-120B-A12B-FP8,NemotronHForCausalLM,l40s,sglang,0.5.10,FAIL,Strict-native op-level FPE probes: PERF_DATA_MISSING=220; raw probes=220; topologies=55; source_sha=26dae1f99b2b50fb17118f38d8a8e95dfac3357c. Representative failure: perf database error: perf database error: no rows loaded from 1 source(s) (first: <repo>/python/aisimulate/src/aiconfigurator_core/systems/data/l40s/sglang/0.5.10/computescale_perf.parquet),"python python/aisimulate/tools/support_matrix/generate_fpe_support_matrix.py --model ""nvidia/NVIDIA-Nemotron-3-Super-120B-A12B-FP8"" --system ""l40s"" --backend ""sglang"" --backend-version ""0.5.10"" --forward-model op_level --max-workers 8",,220,55,PERF_DATA_MISSING=220,,26dae1f99b2b50fb17118f38d8a8e95dfac3357c
nvidia/NVIDIA-Nemotron-3-Super-120B-A12B-FP8,NemotronHForCausalLM,l40s,sglang,0.5.12,FAIL,"Strict-native op-level FPE probes: PERF_DATA_MISSING=220; raw probes=220; topologies=55; source_sha=26dae1f99b2b50fb17118f38d8a8e95dfac3357c. Representative failure: perf database error: MoE data missing for MoeKey { quant: ""fp8"", distribution: ""uniform"", topk: 22, num_experts: 512, hidden_size: 1024, inter_size: 2688, moe_tp_size: 1, moe_ep_size: 1 } at <repo>/python/aisimulate/src/aiconfigurator_core/systems/data/l40s/sglang/0.5.12","python python/aisimulate/tools/support_matrix/generate_fpe_support_matrix.py --model ""nvidia/NVIDIA-Nemotron-3-Super-120B-A12B-FP8"" --system ""l40s"" --backend ""sglang"" --backend-version ""0.5.12"" --forward-model op_level --max-workers 8",,220,55,PERF_DATA_MISSING=220,,26dae1f99b2b50fb17118f38d8a8e95dfac3357c
nvidia/NVIDIA-Nemotron-3-Super-120B-A12B-FP8,NemotronHForCausalLM,l40s,sglang,0.5.14,FAIL,"Strict-native op-level FPE probes: PERF_DATA_MISSING=220; raw probes=220; topologies=55; source_sha=26dae1f99b2b50fb17118f38d8a8e95dfac3357c. Representative failure: perf database error: MoE data missing for MoeKey { quant: ""fp8"", distribution: ""uniform"", topk: 22, num_experts: 512, hidden_size: 1024, inter_size: 2688, moe_tp_size: 1, moe_ep_size: 1 } at <repo>/python/aisimulate/src/aiconfigurator_core/systems/data/l40s/sglang/0.5.14","python python/aisimulate/tools/support_matrix/generate_fpe_support_matrix.py --model ""nvidia/NVIDIA-Nemotron-3-Super-120B-A12B-FP8"" --system ""l40s"" --backend ""sglang"" --backend-version ""0.5.14"" --forward-model op_level --max-workers 8",,220,55,PERF_DATA_MISSING=220,,26dae1f99b2b50fb17118f38d8a8e95dfac3357c
nvidia/NVIDIA-Nemotron-3-Super-120B-A12B-FP8,NemotronHForCausalLM,l40s,sglang,0.5.16,FAIL,"Strict-native op-level FPE probes: PERF_DATA_MISSING=220; raw probes=220; topologies=55; source_sha=26dae1f99b2b50fb17118f38d8a8e95dfac3357c. Representative failure: perf database error: MoE data missing for MoeKey { quant: ""fp8"", distribution: ""uniform"", topk: 22, num_experts: 512, hidden_size: 1024, inter_size: 2688, moe_tp_size: 1, moe_ep_size: 1 } at <repo>/python/aisimulate/src/aiconfigurator_core/systems/data/l40s/sglang/0.5.16","python python/aisimulate/tools/support_matrix/generate_fpe_support_matrix.py --model ""nvidia/NVIDIA-Nemotron-3-Super-120B-A12B-FP8"" --system ""l40s"" --backend ""sglang"" --backend-version ""0.5.16"" --forward-model op_level --max-workers 8",,220,55,PERF_DATA_MISSING=220,,26dae1f99b2b50fb17118f38d8a8e95dfac3357c
nvidia/NVIDIA-Nemotron-3-Super-120B-A12B-FP8,NemotronHForCausalLM,l40s,sglang,0.5.9,FAIL,Strict-native op-level FPE probes: PERF_DATA_MISSING=220; raw probes=220; topologies=55; source_sha=26dae1f99b2b50fb17118f38d8a8e95dfac3357c. Representative failure: perf database error: perf database error: no rows loaded from 1 source(s) (first: <repo>/python/aisimulate/src/aiconfigurator_core/systems/data/l40s/sglang/0.5.9/computescale_perf.parquet),"python python/aisimulate/tools/support_matrix/generate_fpe_support_matrix.py --model ""nvidia/NVIDIA-Nemotron-3-Super-120B-A12B-FP8"" --system ""l40s"" --backend ""sglang"" --backend-version ""0.5.9"" --forward-model op_level --max-workers 8",,220,55,PERF_DATA_MISSING=220,,26dae1f99b2b50fb17118f38d8a8e95dfac3357c
nvidia/NVIDIA-Nemotron-3-Super-120B-A12B-FP8,NemotronHForCausalLM,l40s,trtllm,1.0.0,FAIL,"Strict-native op-level FPE probes: PERF_DATA_MISSING=116; raw probes=116; topologies=29; source_sha=26dae1f99b2b50fb17118f38d8a8e95dfac3357c. Representative failure: perf database error: MoE data missing for MoeKey { quant: ""fp8"", distribution: ""uniform"", topk: 22, num_experts: 512, hidden_size: 1024, inter_size: 2688, moe_tp_size: 1, moe_ep_size: 1 } at <repo>/python/aisimulate/src/aiconfigurator_core/systems/data/l40s/trtllm/1.0.0","python python/aisimulate/tools/support_matrix/generate_fpe_support_matrix.py --model ""nvidia/NVIDIA-Nemotron-3-Super-120B-A12B-FP8"" --system ""l40s"" --backend ""trtllm"" --backend-version ""1.0.0"" --forward-model op_level --max-workers 8",,116,29,PERF_DATA_MISSING=116,,26dae1f99b2b50fb17118f38d8a8e95dfac3357c
nvidia/NVIDIA-Nemotron-3-Super-120B-A12B-FP8,NemotronHForCausalLM,l40s,trtllm,1.3.0rc15,FAIL,"Strict-native op-level FPE probes: PERF_DATA_MISSING=116; raw probes=116; topologies=29; source_sha=26dae1f99b2b50fb17118f38d8a8e95dfac3357c. Representative failure: perf database error: MoE data missing for MoeKey { quant: ""fp8"", distribution: ""power_law_1.01"", topk: 22, num_experts: 512, hidden_size: 1024, inter_size: 2688, moe_tp_size: 1, moe_ep_size: 1 } at <repo>/python/aisimulate/src/aiconfigurator_core/systems/data/l40s/trtllm/1.3.0rc15","python python/aisimulate/tools/support_matrix/generate_fpe_support_matrix.py --model ""nvidia/NVIDIA-Nemotron-3-Super-120B-A12B-FP8"" --system ""l40s"" --backend ""trtllm"" --backend-version ""1.3.0rc15"" --forward-model op_level --max-workers 8",,116,29,PERF_DATA_MISSING=116,,26dae1f99b2b50fb17118f38d8a8e95dfac3357c
nvidia/NVIDIA-Nemotron-3-Super-120B-A12B-FP8,NemotronHForCausalLM,l40s,trtllm,1.3.0rc20,FAIL,"Strict-native op-level FPE probes: PERF_DATA_MISSING=116; raw probes=116; topologies=29; source_sha=26dae1f99b2b50fb17118f38d8a8e95dfac3357c. Representative failure: perf database error: MoE data missing for MoeKey { quant: ""fp8"", distribution: ""power_law_1.01"", topk: 22, num_experts: 512, hidden_size: 1024, inter_size: 2688, moe_tp_size: 1, moe_ep_size: 1 } at <repo>/python/aisimulate/src/aiconfigurator_core/systems/data/l40s/trtllm/1.3.0rc20","python python/aisimulate/tools/support_matrix/generate_fpe_support_matrix.py --model ""nvidia/NVIDIA-Nemotron-3-Super-120B-A12B-FP8"" --system ""l40s"" --backend ""trtllm"" --backend-version ""1.3.0rc20"" --forward-model op_level --max-workers 8",,116,29,PERF_DATA_MISSING=116,,26dae1f99b2b50fb17118f38d8a8e95dfac3357c
nvidia/NVIDIA-Nemotron-3-Super-120B-A12B-FP8,NemotronHForCausalLM,l40s,trtllm,1.3.0rc23,FAIL,"Strict-native op-level FPE probes: PERF_DATA_MISSING=116; raw probes=116; topologies=29; source_sha=26dae1f99b2b50fb17118f38d8a8e95dfac3357c. Representative failure: perf database error: MoE data missing for MoeKey { quant: ""fp8"", distribution: ""power_law_1.01"", topk: 22, num_experts: 512, hidden_size: 1024, inter_size: 2688, moe_tp_size: 1, moe_ep_size: 1 } at <repo>/python/aisimulate/src/aiconfigurator_core/systems/data/l40s/trtllm/1.3.0rc23","python python/aisimulate/tools/support_matrix/generate_fpe_support_matrix.py --model ""nvidia/NVIDIA-Nemotron-3-Super-120B-A12B-FP8"" --system ""l40s"" --backend ""trtllm"" --backend-version ""1.3.0rc23"" --forward-model op_level --max-workers 8",,116,29,PERF_DATA_MISSING=116,,26dae1f99b2b50fb17118f38d8a8e95dfac3357c
nvidia/NVIDIA-Nemotron-3-Super-120B-A12B-FP8,NemotronHForCausalLM,l40s,vllm,0.1.dev19262,FAIL,Strict-native op-level FPE probes: PERF_DATA_MISSING=116; raw probes=116; topologies=29; source_sha=26dae1f99b2b50fb17118f38d8a8e95dfac3357c. Representative failure: perf database error: perf database error: no GEMM rows loaded from 1 source(s) (first: <repo>/python/aisimulate/src/aiconfigurator_core/systems/data/l40s/vllm/0.1.dev19262/gemm_perf.parquet),"python python/aisimulate/tools/support_matrix/generate_fpe_support_matrix.py --model ""nvidia/NVIDIA-Nemotron-3-Super-120B-A12B-FP8"" --system ""l40s"" --backend ""vllm"" --backend-version ""0.1.dev19262"" --forward-model op_level --max-workers 8",,116,29,PERF_DATA_MISSING=116,,26dae1f99b2b50fb17118f38d8a8e95dfac3357c
nvidia/NVIDIA-Nemotron-3-Super-120B-A12B-FP8,NemotronHForCausalLM,l40s,vllm,0.14.0,FAIL,Strict-native op-level FPE probes: PERF_DATA_MISSING=116; raw probes=116; topologies=29; source_sha=26dae1f99b2b50fb17118f38d8a8e95dfac3357c. Representative failure: perf database error: perf database error: no rows loaded from 1 source(s) (first: <repo>/python/aisimulate/src/aiconfigurator_core/systems/data/l40s/vllm/0.14.0/computescale_perf.parquet),"python python/aisimulate/tools/support_matrix/generate_fpe_support_matrix.py --model ""nvidia/NVIDIA-Nemotron-3-Super-120B-A12B-FP8"" --system ""l40s"" --backend ""vllm"" --backend-version ""0.14.0"" --forward-model op_level --max-workers 8",,116,29,PERF_DATA_MISSING=116,,26dae1f99b2b50fb17118f38d8a8e95dfac3357c
nvidia/NVIDIA-Nemotron-3-Super-120B-A12B-FP8,NemotronHForCausalLM,l40s,vllm,0.22.0,FAIL,"Strict-native op-level FPE probes: PERF_DATA_MISSING=116; raw probes=116; topologies=29; source_sha=26dae1f99b2b50fb17118f38d8a8e95dfac3357c. Representative failure: perf database error: MoE data missing for MoeKey { quant: ""fp8"", distribution: ""power_law_1.01"", topk: 22, num_experts: 512, hidden_size: 1024, inter_size: 2688, moe_tp_size: 1, moe_ep_size: 1 } at <repo>/python/aisimulate/src/aiconfigurator_core/systems/data/l40s/vllm/0.22.0","python python/aisimulate/tools/support_matrix/generate_fpe_support_matrix.py --model ""nvidia/NVIDIA-Nemotron-3-Super-120B-A12B-FP8"" --system ""l40s"" --backend ""vllm"" --backend-version ""0.22.0"" --forward-model op_level --max-workers 8",,116,29,PERF_DATA_MISSING=116,,26dae1f99b2b50fb17118f38d8a8e95dfac3357c
nvidia/NVIDIA-Nemotron-3-Super-120B-A12B-FP8,NemotronHForCausalLM,l40s,vllm,0.24.0,FAIL,"Strict-native op-level FPE probes: PERF_DATA_MISSING=116; raw probes=116; topologies=29; source_sha=26dae1f99b2b50fb17118f38d8a8e95dfac3357c. Representative failure: perf database error: MoE data missing for MoeKey { quant: ""fp8"", distribution: ""power_law_1.01"", topk: 22, num_experts: 512, hidden_size: 1024, inter_size: 2688, moe_tp_size: 1, moe_ep_size: 1 } at <repo>/python/aisimulate/src/aiconfigurator_core/systems/data/l40s/vllm/0.24.0","python python/aisimulate/tools/support_matrix/generate_fpe_support_matrix.py --model ""nvidia/NVIDIA-Nemotron-3-Super-120B-A12B-FP8"" --system ""l40s"" --backend ""vllm"" --backend-version ""0.24.0"" --forward-model op_level --max-workers 8",,116,29,PERF_DATA_MISSING=116,,26dae1f99b2b50fb17118f38d8a8e95dfac3357c
nvidia/NVIDIA-Nemotron-3-Super-120B-A12B-NVFP4,NemotronHForCausalLM,l40s,sglang,0.5.10,FAIL,"Strict-native op-level FPE probes: PERF_DATA_MISSING=220; raw probes=220; topologies=55; source_sha=26dae1f99b2b50fb17118f38d8a8e95dfac3357c. Representative failure: perf database error: GEMM perf data missing for quant 'nvfp4_wo' at <repo>/python/aisimulate/src/aiconfigurator_core/systems/data/l40s/sglang/0.5.10; available: [""bfloat16"", ""fp8""]","python python/aisimulate/tools/support_matrix/generate_fpe_support_matrix.py --model ""nvidia/NVIDIA-Nemotron-3-Super-120B-A12B-NVFP4"" --system ""l40s"" --backend ""sglang"" --backend-version ""0.5.10"" --forward-model op_level --max-workers 8",,220,55,PERF_DATA_MISSING=220,,26dae1f99b2b50fb17118f38d8a8e95dfac3357c
nvidia/NVIDIA-Nemotron-3-Super-120B-A12B-NVFP4,NemotronHForCausalLM,l40s,sglang,0.5.12,FAIL,"Strict-native op-level FPE probes: PERF_DATA_MISSING=220; raw probes=220; topologies=55; source_sha=26dae1f99b2b50fb17118f38d8a8e95dfac3357c. Representative failure: perf database error: GEMM perf data missing for quant 'nvfp4_wo' at <repo>/python/aisimulate/src/aiconfigurator_core/systems/data/l40s/sglang/0.5.12; available: [""bfloat16"", ""fp8"", ""fp8_static""]","python python/aisimulate/tools/support_matrix/generate_fpe_support_matrix.py --model ""nvidia/NVIDIA-Nemotron-3-Super-120B-A12B-NVFP4"" --system ""l40s"" --backend ""sglang"" --backend-version ""0.5.12"" --forward-model op_level --max-workers 8",,220,55,PERF_DATA_MISSING=220,,26dae1f99b2b50fb17118f38d8a8e95dfac3357c
nvidia/NVIDIA-Nemotron-3-Super-120B-A12B-NVFP4,NemotronHForCausalLM,l40s,sglang,0.5.14,FAIL,"Strict-native op-level FPE probes: PERF_DATA_MISSING=220; raw probes=220; topologies=55; source_sha=26dae1f99b2b50fb17118f38d8a8e95dfac3357c. Representative failure: perf database error: GEMM perf data missing for quant 'nvfp4_wo' at <repo>/python/aisimulate/src/aiconfigurator_core/systems/data/l40s/sglang/0.5.14; available: [""bfloat16"", ""fp8"", ""fp8_static""]","python python/aisimulate/tools/support_matrix/generate_fpe_support_matrix.py --model ""nvidia/NVIDIA-Nemotron-3-Super-120B-A12B-NVFP4"" --system ""l40s"" --backend ""sglang"" --backend-version ""0.5.14"" --forward-model op_level --max-workers 8",,220,55,PERF_DATA_MISSING=220,,26dae1f99b2b50fb17118f38d8a8e95dfac3357c
nvidia/NVIDIA-Nemotron-3-Super-120B-A12B-NVFP4,NemotronHForCausalLM,l40s,sglang,0.5.16,FAIL,"Strict-native op-level FPE probes: PERF_DATA_MISSING=220; raw probes=220; topologies=55; source_sha=26dae1f99b2b50fb17118f38d8a8e95dfac3357c. Representative failure: perf database error: GEMM perf data missing for quant 'nvfp4_wo' at <repo>/python/aisimulate/src/aiconfigurator_core/systems/data/l40s/sglang/0.5.16; available: [""bfloat16"", ""fp8"", ""fp8_static""]","python python/aisimulate/tools/support_matrix/generate_fpe_support_matrix.py --model ""nvidia/NVIDIA-Nemotron-3-Super-120B-A12B-NVFP4"" --system ""l40s"" --backend ""sglang"" --backend-version ""0.5.16"" --forward-model op_level --max-workers 8",,220,55,PERF_DATA_MISSING=220,,26dae1f99b2b50fb17118f38d8a8e95dfac3357c
nvidia/NVIDIA-Nemotron-3-Super-120B-A12B-NVFP4,NemotronHForCausalLM,l40s,sglang,0.5.9,FAIL,"Strict-native op-level FPE probes: PERF_DATA_MISSING=220; raw probes=220; topologies=55; source_sha=26dae1f99b2b50fb17118f38d8a8e95dfac3357c. Representative failure: perf database error: GEMM perf data missing for quant 'nvfp4_wo' at <repo>/python/aisimulate/src/aiconfigurator_core/systems/data/l40s/sglang/0.5.9; available: [""bfloat16"", ""fp8""]","python python/aisimulate/tools/support_matrix/generate_fpe_support_matrix.py --model ""nvidia/NVIDIA-Nemotron-3-Super-120B-A12B-NVFP4"" --system ""l40s"" --backend ""sglang"" --backend-version ""0.5.9"" --forward-model op_level --max-workers 8",,220,55,PERF_DATA_MISSING=220,,26dae1f99b2b50fb17118f38d8a8e95dfac3357c
nvidia/NVIDIA-Nemotron-3-Super-120B-A12B-NVFP4,NemotronHForCausalLM,l40s,trtllm,1.0.0,FAIL,"Strict-native op-level FPE probes: PERF_DATA_MISSING=116; raw probes=116; topologies=29; source_sha=26dae1f99b2b50fb17118f38d8a8e95dfac3357c. Representative failure: perf database error: GEMM perf data missing for quant 'nvfp4_wo' at <repo>/python/aisimulate/src/aiconfigurator_core/systems/data/l40s/trtllm/1.0.0; available: [""bfloat16"", ""fp8"", ""fp8_block"", ""int4_wo"", ""int8_wo"", ""sq""]","python python/aisimulate/tools/support_matrix/generate_fpe_support_matrix.py --model ""nvidia/NVIDIA-Nemotron-3-Super-120B-A12B-NVFP4"" --system ""l40s"" --backend ""trtllm"" --backend-version ""1.0.0"" --forward-model op_level --max-workers 8",,116,29,PERF_DATA_MISSING=116,,26dae1f99b2b50fb17118f38d8a8e95dfac3357c
nvidia/NVIDIA-Nemotron-3-Super-120B-A12B-NVFP4,NemotronHForCausalLM,l40s,trtllm,1.3.0rc15,FAIL,"Strict-native op-level FPE probes: PERF_DATA_MISSING=116; raw probes=116; topologies=29; source_sha=26dae1f99b2b50fb17118f38d8a8e95dfac3357c. Representative failure: perf database error: GEMM perf data missing for quant 'nvfp4_wo' at <repo>/python/aisimulate/src/aiconfigurator_core/systems/data/l40s/trtllm/1.3.0rc15; available: [""bfloat16"", ""fp8"", ""fp8_block"", ""fp8_static"", ""int4_wo"", ""int8_wo"", ""sq""]","python python/aisimulate/tools/support_matrix/generate_fpe_support_matrix.py --model ""nvidia/NVIDIA-Nemotron-3-Super-120B-A12B-NVFP4"" --system ""l40s"" --backend ""trtllm"" --backend-version ""1.3.0rc15"" --forward-model op_level --max-workers 8",,116,29,PERF_DATA_MISSING=116,,26dae1f99b2b50fb17118f38d8a8e95dfac3357c
nvidia/NVIDIA-Nemotron-3-Super-120B-A12B-NVFP4,NemotronHForCausalLM,l40s,trtllm,1.3.0rc20,FAIL,"Strict-native op-level FPE probes: PERF_DATA_MISSING=116; raw probes=116; topologies=29; source_sha=26dae1f99b2b50fb17118f38d8a8e95dfac3357c. Representative failure: perf database error: GEMM perf data missing for quant 'nvfp4_wo' at <repo>/python/aisimulate/src/aiconfigurator_core/systems/data/l40s/trtllm/1.3.0rc20; available: [""bfloat16"", ""fp8"", ""fp8_block"", ""fp8_static"", ""int4_wo"", ""int8_wo"", ""sq""]","python python/aisimulate/tools/support_matrix/generate_fpe_support_matrix.py --model ""nvidia/NVIDIA-Nemotron-3-Super-120B-A12B-NVFP4"" --system ""l40s"" --backend ""trtllm"" --backend-version ""1.3.0rc20"" --forward-model op_level --max-workers 8",,116,29,PERF_DATA_MISSING=116,,26dae1f99b2b50fb17118f38d8a8e95dfac3357c
nvidia/NVIDIA-Nemotron-3-Super-120B-A12B-NVFP4,NemotronHForCausalLM,l40s,trtllm,1.3.0rc23,FAIL,"Strict-native op-level FPE probes: PERF_DATA_MISSING=116; raw probes=116; topologies=29; source_sha=26dae1f99b2b50fb17118f38d8a8e95dfac3357c. Representative failure: perf database error: GEMM perf data missing for quant 'nvfp4_wo' at <repo>/python/aisimulate/src/aiconfigurator_core/systems/data/l40s/trtllm/1.3.0rc23; available: [""bfloat16"", ""fp8"", ""fp8_block"", ""fp8_static"", ""int4_wo"", ""int8_wo"", ""sq""]","python python/aisimulate/tools/support_matrix/generate_fpe_support_matrix.py --model ""nvidia/NVIDIA-Nemotron-3-Super-120B-A12B-NVFP4"" --system ""l40s"" --backend ""trtllm"" --backend-version ""1.3.0rc23"" --forward-model op_level --max-workers 8",,116,29,PERF_DATA_MISSING=116,,26dae1f99b2b50fb17118f38d8a8e95dfac3357c
nvidia/NVIDIA-Nemotron-3-Super-120B-A12B-NVFP4,NemotronHForCausalLM,l40s,vllm,0.1.dev19262,FAIL,Strict-native op-level FPE probes: PERF_DATA_MISSING=116; raw probes=116; topologies=29; source_sha=26dae1f99b2b50fb17118f38d8a8e95dfac3357c. Representative failure: perf database error: perf database error: no GEMM rows loaded from 1 source(s) (first: <repo>/python/aisimulate/src/aiconfigurator_core/systems/data/l40s/vllm/0.1.dev19262/gemm_perf.parquet),"python python/aisimulate/tools/support_matrix/generate_fpe_support_matrix.py --model ""nvidia/NVIDIA-Nemotron-3-Super-120B-A12B-NVFP4"" --system ""l40s"" --backend ""vllm"" --backend-version ""0.1.dev19262"" --forward-model op_level --max-workers 8",,116,29,PERF_DATA_MISSING=116,,26dae1f99b2b50fb17118f38d8a8e95dfac3357c
nvidia/NVIDIA-Nemotron-3-Super-120B-A12B-NVFP4,NemotronHForCausalLM,l40s,vllm,0.14.0,FAIL,"Strict-native op-level FPE probes: PERF_DATA_MISSING=116; raw probes=116; topologies=29; source_sha=26dae1f99b2b50fb17118f38d8a8e95dfac3357c. Representative failure: perf database error: GEMM perf data missing for quant 'nvfp4_wo' at <repo>/python/aisimulate/src/aiconfigurator_core/systems/data/l40s/vllm/0.14.0; available: [""bfloat16"", ""fp8""]","python python/aisimulate/tools/support_matrix/generate_fpe_support_matrix.py --model ""nvidia/NVIDIA-Nemotron-3-Super-120B-A12B-NVFP4"" --system ""l40s"" --backend ""vllm"" --backend-version ""0.14.0"" --forward-model op_level --max-workers 8",,116,29,PERF_DATA_MISSING=116,,26dae1f99b2b50fb17118f38d8a8e95dfac3357c
nvidia/NVIDIA-Nemotron-3-Super-120B-A12B-NVFP4,NemotronHForCausalLM,l40s,vllm,0.22.0,FAIL,"Strict-native op-level FPE probes: PERF_DATA_MISSING=116; raw probes=116; topologies=29; source_sha=26dae1f99b2b50fb17118f38d8a8e95dfac3357c. Representative failure: perf database error: GEMM perf data missing for quant 'nvfp4_wo' at <repo>/python/aisimulate/src/aiconfigurator_core/systems/data/l40s/vllm/0.22.0; available: [""bfloat16"", ""fp8"", ""fp8_block""]","python python/aisimulate/tools/support_matrix/generate_fpe_support_matrix.py --model ""nvidia/NVIDIA-Nemotron-3-Super-120B-A12B-NVFP4"" --system ""l40s"" --backend ""vllm"" --backend-version ""0.22.0"" --forward-model op_level --max-workers 8",,116,29,PERF_DATA_MISSING=116,,26dae1f99b2b50fb17118f38d8a8e95dfac3357c
nvidia/NVIDIA-Nemotron-3-Super-120B-A12B-NVFP4,NemotronHForCausalLM,l40s,vllm,0.24.0,FAIL,"Strict-native op-level FPE probes: PERF_DATA_MISSING=116; raw probes=116; topologies=29; source_sha=26dae1f99b2b50fb17118f38d8a8e95dfac3357c. Representative failure: perf database error: GEMM perf data missing for quant 'nvfp4_wo' at <repo>/python/aisimulate/src/aiconfigurator_core/systems/data/l40s/vllm/0.24.0; available: [""bfloat16"", ""fp8"", ""fp8_block""]","python python/aisimulate/tools/support_matrix/generate_fpe_support_matrix.py --model ""nvidia/NVIDIA-Nemotron-3-Super-120B-A12B-NVFP4"" --system ""l40s"" --backend ""vllm"" --backend-version ""0.24.0"" --forward-model op_level --max-workers 8",,116,29,PERF_DATA_MISSING=116,,26dae1f99b2b50fb17118f38d8a8e95dfac3357c
nvidia/NVIDIA-Nemotron-3-Ultra-550B-A55B-BF16,NemotronHForCausalLM,l40s,sglang,0.5.10,FAIL,"Strict-native op-level FPE probes: PERF_DATA_MISSING=220; raw probes=220; topologies=55; source_sha=26dae1f99b2b50fb17118f38d8a8e95dfac3357c. Representative failure: perf database error: MoE data missing for MoeKey { quant: ""bfloat16"", distribution: ""power_law_1.01"", topk: 22, num_experts: 512, hidden_size: 2048, inter_size: 5120, moe_tp_size: 1, moe_ep_size: 1 } at <repo>/python/aisimulate/src/aiconfigurator_core/systems/data/l40s/sglang/0.5.10","python python/aisimulate/tools/support_matrix/generate_fpe_support_matrix.py --model ""nvidia/NVIDIA-Nemotron-3-Ultra-550B-A55B-BF16"" --system ""l40s"" --backend ""sglang"" --backend-version ""0.5.10"" --forward-model op_level --max-workers 8",,220,55,PERF_DATA_MISSING=220,,26dae1f99b2b50fb17118f38d8a8e95dfac3357c
nvidia/NVIDIA-Nemotron-3-Ultra-550B-A55B-BF16,NemotronHForCausalLM,l40s,sglang,0.5.12,PASS,,"python python/aisimulate/tools/support_matrix/generate_fpe_support_matrix.py --model ""nvidia/NVIDIA-Nemotron-3-Ultra-550B-A55B-BF16"" --system ""l40s"" --backend ""sglang"" --backend-version ""0.5.12"" --forward-model op_level --max-workers 8",silicon,220,55,PASS=220,"decode_end=138222.169560, decode_start=542.046998, mixed=1417.080511, prefill=1406.881439",26dae1f99b2b50fb17118f38d8a8e95dfac3357c
nvidia/NVIDIA-Nemotron-3-Ultra-550B-A55B-BF16,NemotronHForCausalLM,l40s,sglang,0.5.14,PASS,,"python python/aisimulate/tools/support_matrix/generate_fpe_support_matrix.py --model ""nvidia/NVIDIA-Nemotron-3-Ultra-550B-A55B-BF16"" --system ""l40s"" --backend ""sglang"" --backend-version ""0.5.14"" --forward-model op_level --max-workers 8",silicon,220,55,PASS=220,"decode_end=137175.072455, decode_start=537.938727, mixed=1413.954388, prefill=1404.576785",26dae1f99b2b50fb17118f38d8a8e95dfac3357c
nvidia/NVIDIA-Nemotron-3-Ultra-550B-A55B-BF16,NemotronHForCausalLM,l40s,sglang,0.5.16,PASS,,"python python/aisimulate/tools/support_matrix/generate_fpe_support_matrix.py --model ""nvidia/NVIDIA-Nemotron-3-Ultra-550B-A55B-BF16"" --system ""l40s"" --backend ""sglang"" --backend-version ""0.5.16"" --forward-model op_level --max-workers 8",silicon,220,55,PASS=220,"decode_end=137175.072455, decode_start=537.938727, mixed=1413.954388, prefill=1404.576785",26dae1f99b2b50fb17118f38d8a8e95dfac3357c
nvidia/NVIDIA-Nemotron-3-Ultra-550B-A55B-BF16,NemotronHForCausalLM,l40s,sglang,0.5.9,FAIL,"Strict-native op-level FPE probes: PERF_DATA_MISSING=220; raw probes=220; topologies=55; source_sha=26dae1f99b2b50fb17118f38d8a8e95dfac3357c. Representative failure: perf database error: MoE data missing for MoeKey { quant: ""bfloat16"", distribution: ""power_law_1.01"", topk: 22, num_experts: 512, hidden_size: 2048, inter_size: 5120, moe_tp_size: 1, moe_ep_size: 1 } at <repo>/python/aisimulate/src/aiconfigurator_core/systems/data/l40s/sglang/0.5.9","python python/aisimulate/tools/support_matrix/generate_fpe_support_matrix.py --model ""nvidia/NVIDIA-Nemotron-3-Ultra-550B-A55B-BF16"" --system ""l40s"" --backend ""sglang"" --backend-version ""0.5.9"" --forward-model op_level --max-workers 8",,220,55,PERF_DATA_MISSING=220,,26dae1f99b2b50fb17118f38d8a8e95dfac3357c
nvidia/NVIDIA-Nemotron-3-Ultra-550B-A55B-BF16,NemotronHForCausalLM,l40s,trtllm,1.0.0,FAIL,"Strict-native op-level FPE probes: PERF_DATA_MISSING=116; raw probes=116; topologies=29; source_sha=26dae1f99b2b50fb17118f38d8a8e95dfac3357c. Representative failure: perf database error: MoE data missing for MoeKey { quant: ""bfloat16"", distribution: ""power_law_1.01"", topk: 22, num_experts: 512, hidden_size: 2048, inter_size: 5120, moe_tp_size: 1, moe_ep_size: 1 } at <repo>/python/aisimulate/src/aiconfigurator_core/systems/data/l40s/trtllm/1.0.0","python python/aisimulate/tools/support_matrix/generate_fpe_support_matrix.py --model ""nvidia/NVIDIA-Nemotron-3-Ultra-550B-A55B-BF16"" --system ""l40s"" --backend ""trtllm"" --backend-version ""1.0.0"" --forward-model op_level --max-workers 8",,116,29,PERF_DATA_MISSING=116,,26dae1f99b2b50fb17118f38d8a8e95dfac3357c
nvidia/NVIDIA-Nemotron-3-Ultra-550B-A55B-BF16,NemotronHForCausalLM,l40s,trtllm,1.3.0rc15,FAIL,"Strict-native op-level FPE probes: PERF_DATA_MISSING=116; raw probes=116; topologies=29; source_sha=26dae1f99b2b50fb17118f38d8a8e95dfac3357c. Representative failure: perf database error: MoE data missing for MoeKey { quant: ""bfloat16"", distribution: ""power_law_1.01"", topk: 22, num_experts: 512, hidden_size: 2048, inter_size: 5120, moe_tp_size: 1, moe_ep_size: 1 } at <repo>/python/aisimulate/src/aiconfigurator_core/systems/data/l40s/trtllm/1.3.0rc15","python python/aisimulate/tools/support_matrix/generate_fpe_support_matrix.py --model ""nvidia/NVIDIA-Nemotron-3-Ultra-550B-A55B-BF16"" --system ""l40s"" --backend ""trtllm"" --backend-version ""1.3.0rc15"" --forward-model op_level --max-workers 8",,116,29,PERF_DATA_MISSING=116,,26dae1f99b2b50fb17118f38d8a8e95dfac3357c
nvidia/NVIDIA-Nemotron-3-Ultra-550B-A55B-BF16,NemotronHForCausalLM,l40s,trtllm,1.3.0rc20,PASS,,"python python/aisimulate/tools/support_matrix/generate_fpe_support_matrix.py --model ""nvidia/NVIDIA-Nemotron-3-Ultra-550B-A55B-BF16"" --system ""l40s"" --backend ""trtllm"" --backend-version ""1.3.0rc20"" --forward-model op_level --max-workers 8",silicon,116,29,PASS=116,"decode_end=140026.307490, decode_start=549.146699, mixed=1414.110030, prefill=1403.550177",26dae1f99b2b50fb17118f38d8a8e95dfac3357c
nvidia/NVIDIA-Nemotron-3-Ultra-550B-A55B-BF16,NemotronHForCausalLM,l40s,trtllm,1.3.0rc23,PASS,,"python python/aisimulate/tools/support_matrix/generate_fpe_support_matrix.py --model ""nvidia/NVIDIA-Nemotron-3-Ultra-550B-A55B-BF16"" --system ""l40s"" --backend ""trtllm"" --backend-version ""1.3.0rc23"" --forward-model op_level --max-workers 8",silicon,116,29,PASS=116,"decode_end=140026.307490, decode_start=549.146699, mixed=1414.110030, prefill=1403.550177",26dae1f99b2b50fb17118f38d8a8e95dfac3357c
nvidia/NVIDIA-Nemotron-3-Ultra-550B-A55B-BF16,NemotronHForCausalLM,l40s,vllm,0.1.dev19262,FAIL,Strict-native op-level FPE probes: PERF_DATA_MISSING=116; raw probes=116; topologies=29; source_sha=26dae1f99b2b50fb17118f38d8a8e95dfac3357c. Representative failure: perf database error: perf database error: no GEMM rows loaded from 1 source(s) (first: <repo>/python/aisimulate/src/aiconfigurator_core/systems/data/l40s/vllm/0.1.dev19262/gemm_perf.parquet),"python python/aisimulate/tools/support_matrix/generate_fpe_support_matrix.py --model ""nvidia/NVIDIA-Nemotron-3-Ultra-550B-A55B-BF16"" --system ""l40s"" --backend ""vllm"" --backend-version ""0.1.dev19262"" --forward-model op_level --max-workers 8",,116,29,PERF_DATA_MISSING=116,,26dae1f99b2b50fb17118f38d8a8e95dfac3357c
nvidia/NVIDIA-Nemotron-3-Ultra-550B-A55B-BF16,NemotronHForCausalLM,l40s,vllm,0.14.0,FAIL,"Strict-native op-level FPE probes: PERF_DATA_MISSING=116; raw probes=116; topologies=29; source_sha=26dae1f99b2b50fb17118f38d8a8e95dfac3357c. Representative failure: perf database error: MoE data missing for MoeKey { quant: ""bfloat16"", distribution: ""power_law_1.01"", topk: 22, num_experts: 512, hidden_size: 2048, inter_size: 5120, moe_tp_size: 1, moe_ep_size: 1 } at <repo>/python/aisimulate/src/aiconfigurator_core/systems/data/l40s/vllm/0.14.0","python python/aisimulate/tools/support_matrix/generate_fpe_support_matrix.py --model ""nvidia/NVIDIA-Nemotron-3-Ultra-550B-A55B-BF16"" --system ""l40s"" --backend ""vllm"" --backend-version ""0.14.0"" --forward-model op_level --max-workers 8",,116,29,PERF_DATA_MISSING=116,,26dae1f99b2b50fb17118f38d8a8e95dfac3357c
nvidia/NVIDIA-Nemotron-3-Ultra-550B-A55B-BF16,NemotronHForCausalLM,l40s,vllm,0.22.0,PASS,,"python python/aisimulate/tools/support_matrix/generate_fpe_support_matrix.py --model ""nvidia/NVIDIA-Nemotron-3-Ultra-550B-A55B-BF16"" --system ""l40s"" --backend ""vllm"" --backend-version ""0.22.0"" --forward-model op_level --max-workers 8",silicon,116,29,"PASS=112, PERF_DATA_MISSING=4","decode_end=107443.676281, decode_start=421.341254, mixed=849.086780, prefill=841.283648",26dae1f99b2b50fb17118f38d8a8e95dfac3357c
nvidia/NVIDIA-Nemotron-3-Ultra-550B-A55B-BF16,NemotronHForCausalLM,l40s,vllm,0.24.0,PASS,,"python python/aisimulate/tools/support_matrix/generate_fpe_support_matrix.py --model ""nvidia/NVIDIA-Nemotron-3-Ultra-550B-A55B-BF16"" --system ""l40s"" --backend ""vllm"" --backend-version ""0.24.0"" --forward-model op_level --max-workers 8",silicon,116,29,"PASS=112, PERF_DATA_MISSING=4","decode_end=105640.991276, decode_start=414.271901, mixed=846.378983, prefill=837.660580",26dae1f99b2b50fb17118f38d8a8e95dfac3357c
nvidia/NVIDIA-Nemotron-3-Ultra-550B-A55B-FP8,NemotronHForCausalLM,l40s,sglang,0.5.10,FAIL,Strict-native op-level FPE probes: PERF_DATA_MISSING=220; raw probes=220; topologies=55; source_sha=26dae1f99b2b50fb17118f38d8a8e95dfac3357c. Representative failure: perf database error: perf database error: no rows loaded from 1 source(s) (first: <repo>/python/aisimulate/src/aiconfigurator_core/systems/data/l40s/sglang/0.5.10/computescale_perf.parquet),"python python/aisimulate/tools/support_matrix/generate_fpe_support_matrix.py --model ""nvidia/NVIDIA-Nemotron-3-Ultra-550B-A55B-FP8"" --system ""l40s"" --backend ""sglang"" --backend-version ""0.5.10"" --forward-model op_level --max-workers 8",,220,55,PERF_DATA_MISSING=220,,26dae1f99b2b50fb17118f38d8a8e95dfac3357c
nvidia/NVIDIA-Nemotron-3-Ultra-550B-A55B-FP8,NemotronHForCausalLM,l40s,sglang,0.5.12,FAIL,"Strict-native op-level FPE probes: PERF_DATA_MISSING=220; raw probes=220; topologies=55; source_sha=26dae1f99b2b50fb17118f38d8a8e95dfac3357c. Representative failure: perf database error: MoE data missing for MoeKey { quant: ""fp8"", distribution: ""uniform"", topk: 22, num_experts: 512, hidden_size: 2048, inter_size: 5120, moe_tp_size: 1, moe_ep_size: 1 } at <repo>/python/aisimulate/src/aiconfigurator_core/systems/data/l40s/sglang/0.5.12","python python/aisimulate/tools/support_matrix/generate_fpe_support_matrix.py --model ""nvidia/NVIDIA-Nemotron-3-Ultra-550B-A55B-FP8"" --system ""l40s"" --backend ""sglang"" --backend-version ""0.5.12"" --forward-model op_level --max-workers 8",,220,55,PERF_DATA_MISSING=220,,26dae1f99b2b50fb17118f38d8a8e95dfac3357c
nvidia/NVIDIA-Nemotron-3-Ultra-550B-A55B-FP8,NemotronHForCausalLM,l40s,sglang,0.5.14,FAIL,"Strict-native op-level FPE probes: PERF_DATA_MISSING=220; raw probes=220; topologies=55; source_sha=26dae1f99b2b50fb17118f38d8a8e95dfac3357c. Representative failure: perf database error: MoE data missing for MoeKey { quant: ""fp8"", distribution: ""uniform"", topk: 22, num_experts: 512, hidden_size: 2048, inter_size: 5120, moe_tp_size: 1, moe_ep_size: 1 } at <repo>/python/aisimulate/src/aiconfigurator_core/systems/data/l40s/sglang/0.5.14","python python/aisimulate/tools/support_matrix/generate_fpe_support_matrix.py --model ""nvidia/NVIDIA-Nemotron-3-Ultra-550B-A55B-FP8"" --system ""l40s"" --backend ""sglang"" --backend-version ""0.5.14"" --forward-model op_level --max-workers 8",,220,55,PERF_DATA_MISSING=220,,26dae1f99b2b50fb17118f38d8a8e95dfac3357c
nvidia/NVIDIA-Nemotron-3-Ultra-550B-A55B-FP8,NemotronHForCausalLM,l40s,sglang,0.5.16,FAIL,"Strict-native op-level FPE probes: PERF_DATA_MISSING=220; raw probes=220; topologies=55; source_sha=26dae1f99b2b50fb17118f38d8a8e95dfac3357c. Representative failure: perf database error: MoE data missing for MoeKey { quant: ""fp8"", distribution: ""uniform"", topk: 22, num_experts: 512, hidden_size: 2048, inter_size: 5120, moe_tp_size: 1, moe_ep_size: 1 } at <repo>/python/aisimulate/src/aiconfigurator_core/systems/data/l40s/sglang/0.5.16","python python/aisimulate/tools/support_matrix/generate_fpe_support_matrix.py --model ""nvidia/NVIDIA-Nemotron-3-Ultra-550B-A55B-FP8"" --system ""l40s"" --backend ""sglang"" --backend-version ""0.5.16"" --forward-model op_level --max-workers 8",,220,55,PERF_DATA_MISSING=220,,26dae1f99b2b50fb17118f38d8a8e95dfac3357c
nvidia/NVIDIA-Nemotron-3-Ultra-550B-A55B-FP8,NemotronHForCausalLM,l40s,sglang,0.5.9,FAIL,Strict-native op-level FPE probes: PERF_DATA_MISSING=220; raw probes=220; topologies=55; source_sha=26dae1f99b2b50fb17118f38d8a8e95dfac3357c. Representative failure: perf database error: perf database error: no rows loaded from 1 source(s) (first: <repo>/python/aisimulate/src/aiconfigurator_core/systems/data/l40s/sglang/0.5.9/computescale_perf.parquet),"python python/aisimulate/tools/support_matrix/generate_fpe_support_matrix.py --model ""nvidia/NVIDIA-Nemotron-3-Ultra-550B-A55B-FP8"" --system ""l40s"" --backend ""sglang"" --backend-version ""0.5.9"" --forward-model op_level --max-workers 8",,220,55,PERF_DATA_MISSING=220,,26dae1f99b2b50fb17118f38d8a8e95dfac3357c
nvidia/NVIDIA-Nemotron-3-Ultra-550B-A55B-FP8,NemotronHForCausalLM,l40s,trtllm,1.0.0,FAIL,"Strict-native op-level FPE probes: PERF_DATA_MISSING=116; raw probes=116; topologies=29; source_sha=26dae1f99b2b50fb17118f38d8a8e95dfac3357c. Representative failure: perf database error: MoE data missing for MoeKey { quant: ""fp8"", distribution: ""uniform"", topk: 22, num_experts: 512, hidden_size: 2048, inter_size: 5120, moe_tp_size: 1, moe_ep_size: 1 } at <repo>/python/aisimulate/src/aiconfigurator_core/systems/data/l40s/trtllm/1.0.0","python python/aisimulate/tools/support_matrix/generate_fpe_support_matrix.py --model ""nvidia/NVIDIA-Nemotron-3-Ultra-550B-A55B-FP8"" --system ""l40s"" --backend ""trtllm"" --backend-version ""1.0.0"" --forward-model op_level --max-workers 8",,116,29,PERF_DATA_MISSING=116,,26dae1f99b2b50fb17118f38d8a8e95dfac3357c
nvidia/NVIDIA-Nemotron-3-Ultra-550B-A55B-FP8,NemotronHForCausalLM,l40s,trtllm,1.3.0rc15,FAIL,"Strict-native op-level FPE probes: PERF_DATA_MISSING=116; raw probes=116; topologies=29; source_sha=26dae1f99b2b50fb17118f38d8a8e95dfac3357c. Representative failure: perf database error: MoE data missing for MoeKey { quant: ""fp8"", distribution: ""power_law_1.01"", topk: 22, num_experts: 512, hidden_size: 2048, inter_size: 5120, moe_tp_size: 1, moe_ep_size: 1 } at <repo>/python/aisimulate/src/aiconfigurator_core/systems/data/l40s/trtllm/1.3.0rc15","python python/aisimulate/tools/support_matrix/generate_fpe_support_matrix.py --model ""nvidia/NVIDIA-Nemotron-3-Ultra-550B-A55B-FP8"" --system ""l40s"" --backend ""trtllm"" --backend-version ""1.3.0rc15"" --forward-model op_level --max-workers 8",,116,29,PERF_DATA_MISSING=116,,26dae1f99b2b50fb17118f38d8a8e95dfac3357c
nvidia/NVIDIA-Nemotron-3-Ultra-550B-A55B-FP8,NemotronHForCausalLM,l40s,trtllm,1.3.0rc20,PASS,,"python python/aisimulate/tools/support_matrix/generate_fpe_support_matrix.py --model ""nvidia/NVIDIA-Nemotron-3-Ultra-550B-A55B-FP8"" --system ""l40s"" --backend ""trtllm"" --backend-version ""1.3.0rc20"" --forward-model op_level --max-workers 8",silicon,116,29,PASS=116,"decode_end=67957.584173, decode_start=266.478182, mixed=715.199789, prefill=711.492191",26dae1f99b2b50fb17118f38d8a8e95dfac3357c
nvidia/NVIDIA-Nemotron-3-Ultra-550B-A55B-FP8,NemotronHForCausalLM,l40s,trtllm,1.3.0rc23,PASS,,"python python/aisimulate/tools/support_matrix/generate_fpe_support_matrix.py --model ""nvidia/NVIDIA-Nemotron-3-Ultra-550B-A55B-FP8"" --system ""l40s"" --backend ""trtllm"" --backend-version ""1.3.0rc23"" --forward-model op_level --max-workers 8",silicon,116,29,PASS=116,"decode_end=67957.584173, decode_start=266.478182, mixed=715.199789, prefill=711.492191",26dae1f99b2b50fb17118f38d8a8e95dfac3357c
nvidia/NVIDIA-Nemotron-3-Ultra-550B-A55B-FP8,NemotronHForCausalLM,l40s,vllm,0.1.dev19262,FAIL,Strict-native op-level FPE probes: PERF_DATA_MISSING=116; raw probes=116; topologies=29; source_sha=26dae1f99b2b50fb17118f38d8a8e95dfac3357c. Representative failure: perf database error: perf database error: no GEMM rows loaded from 1 source(s) (first: <repo>/python/aisimulate/src/aiconfigurator_core/systems/data/l40s/vllm/0.1.dev19262/gemm_perf.parquet),"python python/aisimulate/tools/support_matrix/generate_fpe_support_matrix.py --model ""nvidia/NVIDIA-Nemotron-3-Ultra-550B-A55B-FP8"" --system ""l40s"" --backend ""vllm"" --backend-version ""0.1.dev19262"" --forward-model op_level --max-workers 8",,116,29,PERF_DATA_MISSING=116,,26dae1f99b2b50fb17118f38d8a8e95dfac3357c
nvidia/NVIDIA-Nemotron-3-Ultra-550B-A55B-FP8,NemotronHForCausalLM,l40s,vllm,0.14.0,FAIL,Strict-native op-level FPE probes: PERF_DATA_MISSING=116; raw probes=116; topologies=29; source_sha=26dae1f99b2b50fb17118f38d8a8e95dfac3357c. Representative failure: perf database error: perf database error: no rows loaded from 1 source(s) (first: <repo>/python/aisimulate/src/aiconfigurator_core/systems/data/l40s/vllm/0.14.0/computescale_perf.parquet),"python python/aisimulate/tools/support_matrix/generate_fpe_support_matrix.py --model ""nvidia/NVIDIA-Nemotron-3-Ultra-550B-A55B-FP8"" --system ""l40s"" --backend ""vllm"" --backend-version ""0.14.0"" --forward-model op_level --max-workers 8",,116,29,PERF_DATA_MISSING=116,,26dae1f99b2b50fb17118f38d8a8e95dfac3357c
nvidia/NVIDIA-Nemotron-3-Ultra-550B-A55B-FP8,NemotronHForCausalLM,l40s,vllm,0.22.0,PASS,,"python python/aisimulate/tools/support_matrix/generate_fpe_support_matrix.py --model ""nvidia/NVIDIA-Nemotron-3-Ultra-550B-A55B-FP8"" --system ""l40s"" --backend ""vllm"" --backend-version ""0.22.0"" --forward-model op_level --max-workers 8",silicon,116,29,PASS=116,"decode_end=74307.469582, decode_start=291.402980, mixed=774.478909, prefill=762.640647",26dae1f99b2b50fb17118f38d8a8e95dfac3357c
nvidia/NVIDIA-Nemotron-3-Ultra-550B-A55B-FP8,NemotronHForCausalLM,l40s,vllm,0.24.0,PASS,,"python python/aisimulate/tools/support_matrix/generate_fpe_support_matrix.py --model ""nvidia/NVIDIA-Nemotron-3-Ultra-550B-A55B-FP8"" --system ""l40s"" --backend ""vllm"" --backend-version ""0.24.0"" --forward-model op_level --max-workers 8",silicon,116,29,PASS=116,"decode_end=74304.637523, decode_start=291.391874, mixed=774.529201, prefill=762.688986",26dae1f99b2b50fb17118f38d8a8e95dfac3357c
nvidia/NVIDIA-Nemotron-3-Ultra-550B-A55B-NVFP4,NemotronHForCausalLM,l40s,sglang,0.5.10,FAIL,"Strict-native op-level FPE probes: PERF_DATA_MISSING=220; raw probes=220; topologies=55; source_sha=26dae1f99b2b50fb17118f38d8a8e95dfac3357c. Representative failure: perf database error: GEMM perf data missing for quant 'nvfp4_wo' at <repo>/python/aisimulate/src/aiconfigurator_core/systems/data/l40s/sglang/0.5.10; available: [""bfloat16"", ""fp8""]","python python/aisimulate/tools/support_matrix/generate_fpe_support_matrix.py --model ""nvidia/NVIDIA-Nemotron-3-Ultra-550B-A55B-NVFP4"" --system ""l40s"" --backend ""sglang"" --backend-version ""0.5.10"" --forward-model op_level --max-workers 8",,220,55,PERF_DATA_MISSING=220,,26dae1f99b2b50fb17118f38d8a8e95dfac3357c
nvidia/NVIDIA-Nemotron-3-Ultra-550B-A55B-NVFP4,NemotronHForCausalLM,l40s,sglang,0.5.12,FAIL,"Strict-native op-level FPE probes: PERF_DATA_MISSING=220; raw probes=220; topologies=55; source_sha=26dae1f99b2b50fb17118f38d8a8e95dfac3357c. Representative failure: perf database error: GEMM perf data missing for quant 'nvfp4_wo' at <repo>/python/aisimulate/src/aiconfigurator_core/systems/data/l40s/sglang/0.5.12; available: [""bfloat16"", ""fp8"", ""fp8_static""]","python python/aisimulate/tools/support_matrix/generate_fpe_support_matrix.py --model ""nvidia/NVIDIA-Nemotron-3-Ultra-550B-A55B-NVFP4"" --system ""l40s"" --backend ""sglang"" --backend-version ""0.5.12"" --forward-model op_level --max-workers 8",,220,55,PERF_DATA_MISSING=220,,26dae1f99b2b50fb17118f38d8a8e95dfac3357c
nvidia/NVIDIA-Nemotron-3-Ultra-550B-A55B-NVFP4,NemotronHForCausalLM,l40s,sglang,0.5.14,FAIL,"Strict-native op-level FPE probes: PERF_DATA_MISSING=220; raw probes=220; topologies=55; source_sha=26dae1f99b2b50fb17118f38d8a8e95dfac3357c. Representative failure: perf database error: GEMM perf data missing for quant 'nvfp4_wo' at <repo>/python/aisimulate/src/aiconfigurator_core/systems/data/l40s/sglang/0.5.14; available: [""bfloat16"", ""fp8"", ""fp8_static""]","python python/aisimulate/tools/support_matrix/generate_fpe_support_matrix.py --model ""nvidia/NVIDIA-Nemotron-3-Ultra-550B-A55B-NVFP4"" --system ""l40s"" --backend ""sglang"" --backend-version ""0.5.14"" --forward-model op_level --max-workers 8",,220,55,PERF_DATA_MISSING=220,,26dae1f99b2b50fb17118f38d8a8e95dfac3357c
nvidia/NVIDIA-Nemotron-3-Ultra-550B-A55B-NVFP4,NemotronHForCausalLM,l40s,sglang,0.5.16,FAIL,"Strict-native op-level FPE probes: PERF_DATA_MISSING=220; raw probes=220; topologies=55; source_sha=26dae1f99b2b50fb17118f38d8a8e95dfac3357c. Representative failure: perf database error: GEMM perf data missing for quant 'nvfp4_wo' at <repo>/python/aisimulate/src/aiconfigurator_core/systems/data/l40s/sglang/0.5.16; available: [""bfloat16"", ""fp8"", ""fp8_static""]","python python/aisimulate/tools/support_matrix/generate_fpe_support_matrix.py --model ""nvidia/NVIDIA-Nemotron-3-Ultra-550B-A55B-NVFP4"" --system ""l40s"" --backend ""sglang"" --backend-version ""0.5.16"" --forward-model op_level --max-workers 8",,220,55,PERF_DATA_MISSING=220,,26dae1f99b2b50fb17118f38d8a8e95dfac3357c
nvidia/NVIDIA-Nemotron-3-Ultra-550B-A55B-NVFP4,NemotronHForCausalLM,l40s,sglang,0.5.9,FAIL,"Strict-native op-level FPE probes: PERF_DATA_MISSING=220; raw probes=220; topologies=55; source_sha=26dae1f99b2b50fb17118f38d8a8e95dfac3357c. Representative failure: perf database error: GEMM perf data missing for quant 'nvfp4_wo' at <repo>/python/aisimulate/src/aiconfigurator_core/systems/data/l40s/sglang/0.5.9; available: [""bfloat16"", ""fp8""]","python python/aisimulate/tools/support_matrix/generate_fpe_support_matrix.py --model ""nvidia/NVIDIA-Nemotron-3-Ultra-550B-A55B-NVFP4"" --system ""l40s"" --backend ""sglang"" --backend-version ""0.5.9"" --forward-model op_level --max-workers 8",,220,55,PERF_DATA_MISSING=220,,26dae1f99b2b50fb17118f38d8a8e95dfac3357c
nvidia/NVIDIA-Nemotron-3-Ultra-550B-A55B-NVFP4,NemotronHForCausalLM,l40s,trtllm,1.0.0,FAIL,"Strict-native op-level FPE probes: PERF_DATA_MISSING=116; raw probes=116; topologies=29; source_sha=26dae1f99b2b50fb17118f38d8a8e95dfac3357c. Representative failure: perf database error: GEMM perf data missing for quant 'nvfp4_wo' at <repo>/python/aisimulate/src/aiconfigurator_core/systems/data/l40s/trtllm/1.0.0; available: [""bfloat16"", ""fp8"", ""fp8_block"", ""int4_wo"", ""int8_wo"", ""sq""]","python python/aisimulate/tools/support_matrix/generate_fpe_support_matrix.py --model ""nvidia/NVIDIA-Nemotron-3-Ultra-550B-A55B-NVFP4"" --system ""l40s"" --backend ""trtllm"" --backend-version ""1.0.0"" --forward-model op_level --max-workers 8",,116,29,PERF_DATA_MISSING=116,,26dae1f99b2b50fb17118f38d8a8e95dfac3357c
nvidia/NVIDIA-Nemotron-3-Ultra-550B-A55B-NVFP4,NemotronHForCausalLM,l40s,trtllm,1.3.0rc15,FAIL,"Strict-native op-level FPE probes: PERF_DATA_MISSING=116; raw probes=116; topologies=29; source_sha=26dae1f99b2b50fb17118f38d8a8e95dfac3357c. Representative failure: perf database error: GEMM perf data missing for quant 'nvfp4_wo' at <repo>/python/aisimulate/src/aiconfigurator_core/systems/data/l40s/trtllm/1.3.0rc15; available: [""bfloat16"", ""fp8"", ""fp8_block"", ""fp8_static"", ""int4_wo"", ""int8_wo"", ""sq""]","python python/aisimulate/tools/support_matrix/generate_fpe_support_matrix.py --model ""nvidia/NVIDIA-Nemotron-3-Ultra-550B-A55B-NVFP4"" --system ""l40s"" --backend ""trtllm"" --backend-version ""1.3.0rc15"" --forward-model op_level --max-workers 8",,116,29,PERF_DATA_MISSING=116,,26dae1f99b2b50fb17118f38d8a8e95dfac3357c
nvidia/NVIDIA-Nemotron-3-Ultra-550B-A55B-NVFP4,NemotronHForCausalLM,l40s,trtllm,1.3.0rc20,FAIL,"Strict-native op-level FPE probes: PERF_DATA_MISSING=116; raw probes=116; topologies=29; source_sha=26dae1f99b2b50fb17118f38d8a8e95dfac3357c. Representative failure: perf database error: GEMM perf data missing for quant 'nvfp4_wo' at <repo>/python/aisimulate/src/aiconfigurator_core/systems/data/l40s/trtllm/1.3.0rc20; available: [""bfloat16"", ""fp8"", ""fp8_block"", ""fp8_static"", ""int4_wo"", ""int8_wo"", ""sq""]","python python/aisimulate/tools/support_matrix/generate_fpe_support_matrix.py --model ""nvidia/NVIDIA-Nemotron-3-Ultra-550B-A55B-NVFP4"" --system ""l40s"" --backend ""trtllm"" --backend-version ""1.3.0rc20"" --forward-model op_level --max-workers 8",,116,29,PERF_DATA_MISSING=116,,26dae1f99b2b50fb17118f38d8a8e95dfac3357c
nvidia/NVIDIA-Nemotron-3-Ultra-550B-A55B-NVFP4,NemotronHForCausalLM,l40s,trtllm,1.3.0rc23,FAIL,"Strict-native op-level FPE probes: PERF_DATA_MISSING=116; raw probes=116; topologies=29; source_sha=26dae1f99b2b50fb17118f38d8a8e95dfac3357c. Representative failure: perf database error: GEMM perf data missing for quant 'nvfp4_wo' at <repo>/python/aisimulate/src/aiconfigurator_core/systems/data/l40s/trtllm/1.3.0rc23; available: [""bfloat16"", ""fp8"", ""fp8_block"", ""fp8_static"", ""int4_wo"", ""int8_wo"", ""sq""]","python python/aisimulate/tools/support_matrix/generate_fpe_support_matrix.py --model ""nvidia/NVIDIA-Nemotron-3-Ultra-550B-A55B-NVFP4"" --system ""l40s"" --backend ""trtllm"" --backend-version ""1.3.0rc23"" --forward-model op_level --max-workers 8",,116,29,PERF_DATA_MISSING=116,,26dae1f99b2b50fb17118f38d8a8e95dfac3357c
nvidia/NVIDIA-Nemotron-3-Ultra-550B-A55B-NVFP4,NemotronHForCausalLM,l40s,vllm,0.1.dev19262,FAIL,Strict-native op-level FPE probes: PERF_DATA_MISSING=116; raw probes=116; topologies=29; source_sha=26dae1f99b2b50fb17118f38d8a8e95dfac3357c. Representative failure: perf database error: perf database error: no GEMM rows loaded from 1 source(s) (first: <repo>/python/aisimulate/src/aiconfigurator_core/systems/data/l40s/vllm/0.1.dev19262/gemm_perf.parquet),"python python/aisimulate/tools/support_matrix/generate_fpe_support_matrix.py --model ""nvidia/NVIDIA-Nemotron-3-Ultra-550B-A55B-NVFP4"" --system ""l40s"" --backend ""vllm"" --backend-version ""0.1.dev19262"" --forward-model op_level --max-workers 8",,116,29,PERF_DATA_MISSING=116,,26dae1f99b2b50fb17118f38d8a8e95dfac3357c
nvidia/NVIDIA-Nemotron-3-Ultra-550B-A55B-NVFP4,NemotronHForCausalLM,l40s,vllm,0.14.0,FAIL,"Strict-native op-level FPE probes: PERF_DATA_MISSING=116; raw probes=116; topologies=29; source_sha=26dae1f99b2b50fb17118f38d8a8e95dfac3357c. Representative failure: perf database error: GEMM perf data missing for quant 'nvfp4_wo' at <repo>/python/aisimulate/src/aiconfigurator_core/systems/data/l40s/vllm/0.14.0; available: [""bfloat16"", ""fp8""]","python python/aisimulate/tools/support_matrix/generate_fpe_support_matrix.py --model ""nvidia/NVIDIA-Nemotron-3-Ultra-550B-A55B-NVFP4"" --system ""l40s"" --backend ""vllm"" --backend-version ""0.14.0"" --forward-model op_level --max-workers 8",,116,29,PERF_DATA_MISSING=116,,26dae1f99b2b50fb17118f38d8a8e95dfac3357c
nvidia/NVIDIA-Nemotron-3-Ultra-550B-A55B-NVFP4,NemotronHForCausalLM,l40s,vllm,0.22.0,FAIL,"Strict-native op-level FPE probes: PERF_DATA_MISSING=116; raw probes=116; topologies=29; source_sha=26dae1f99b2b50fb17118f38d8a8e95dfac3357c. Representative failure: perf database error: GEMM perf data missing for quant 'nvfp4_wo' at <repo>/python/aisimulate/src/aiconfigurator_core/systems/data/l40s/vllm/0.22.0; available: [""bfloat16"", ""fp8"", ""fp8_block""]","python python/aisimulate/tools/support_matrix/generate_fpe_support_matrix.py --model ""nvidia/NVIDIA-Nemotron-3-Ultra-550B-A55B-NVFP4"" --system ""l40s"" --backend ""vllm"" --backend-version ""0.22.0"" --forward-model op_level --max-workers 8",,116,29,PERF_DATA_MISSING=116,,26dae1f99b2b50fb17118f38d8a8e95dfac3357c
nvidia/NVIDIA-Nemotron-3-Ultra-550B-A55B-NVFP4,NemotronHForCausalLM,l40s,vllm,0.24.0,FAIL,"Strict-native op-level FPE probes: PERF_DATA_MISSING=116; raw probes=116; topologies=29; source_sha=26dae1f99b2b50fb17118f38d8a8e95dfac3357c. Representative failure: perf database error: GEMM perf data missing for quant 'nvfp4_wo' at <repo>/python/aisimulate/src/aiconfigurator_core/systems/data/l40s/vllm/0.24.0; available: [""bfloat16"", ""fp8"", ""fp8_block""]","python python/aisimulate/tools/support_matrix/generate_fpe_support_matrix.py --model ""nvidia/NVIDIA-Nemotron-3-Ultra-550B-A55B-NVFP4"" --system ""l40s"" --backend ""vllm"" --backend-version ""0.24.0"" --forward-model op_level --max-workers 8",,116,29,PERF_DATA_MISSING=116,,26dae1f99b2b50fb17118f38d8a8e95dfac3357c
nvidia/Qwen3-235B-A22B-NVFP4,Qwen3MoeForCausalLM,l40s,sglang,0.5.10,FAIL,"Strict-native op-level FPE probes: PERF_DATA_MISSING=220, SDK_UNREPRESENTABLE=320; raw probes=540; topologies=135; source_sha=26dae1f99b2b50fb17118f38d8a8e95dfac3357c. Representative failure: perf database error: GEMM perf data missing for quant 'nvfp4_wo' at <repo>/python/aisimulate/src/aiconfigurator_core/systems/data/l40s/sglang/0.5.10; available: [""bfloat16"", ""fp8""]","python python/aisimulate/tools/support_matrix/generate_fpe_support_matrix.py --model ""nvidia/Qwen3-235B-A22B-NVFP4"" --system ""l40s"" --backend ""sglang"" --backend-version ""0.5.10"" --forward-model op_level --max-workers 8",,540,135,"PERF_DATA_MISSING=220, SDK_UNREPRESENTABLE=320",,26dae1f99b2b50fb17118f38d8a8e95dfac3357c
nvidia/Qwen3-235B-A22B-NVFP4,Qwen3MoeForCausalLM,l40s,sglang,0.5.12,FAIL,"Strict-native op-level FPE probes: PERF_DATA_MISSING=220, SDK_UNREPRESENTABLE=320; raw probes=540; topologies=135; source_sha=26dae1f99b2b50fb17118f38d8a8e95dfac3357c. Representative failure: perf database error: GEMM perf data missing for quant 'nvfp4_wo' at <repo>/python/aisimulate/src/aiconfigurator_core/systems/data/l40s/sglang/0.5.12; available: [""bfloat16"", ""fp8"", ""fp8_static""]","python python/aisimulate/tools/support_matrix/generate_fpe_support_matrix.py --model ""nvidia/Qwen3-235B-A22B-NVFP4"" --system ""l40s"" --backend ""sglang"" --backend-version ""0.5.12"" --forward-model op_level --max-workers 8",,540,135,"PERF_DATA_MISSING=220, SDK_UNREPRESENTABLE=320",,26dae1f99b2b50fb17118f38d8a8e95dfac3357c
nvidia/Qwen3-235B-A22B-NVFP4,Qwen3MoeForCausalLM,l40s,sglang,0.5.14,FAIL,"Strict-native op-level FPE probes: PERF_DATA_MISSING=220, SDK_UNREPRESENTABLE=320; raw probes=540; topologies=135; source_sha=26dae1f99b2b50fb17118f38d8a8e95dfac3357c. Representative failure: perf database error: GEMM perf data missing for quant 'nvfp4_wo' at <repo>/python/aisimulate/src/aiconfigurator_core/systems/data/l40s/sglang/0.5.14; available: [""bfloat16"", ""fp8"", ""fp8_static""]","python python/aisimulate/tools/support_matrix/generate_fpe_support_matrix.py --model ""nvidia/Qwen3-235B-A22B-NVFP4"" --system ""l40s"" --backend ""sglang"" --backend-version ""0.5.14"" --forward-model op_level --max-workers 8",,540,135,"PERF_DATA_MISSING=220, SDK_UNREPRESENTABLE=320",,26dae1f99b2b50fb17118f38d8a8e95dfac3357c
nvidia/Qwen3-235B-A22B-NVFP4,Qwen3MoeForCausalLM,l40s,sglang,0.5.16,FAIL,"Strict-native op-level FPE probes: PERF_DATA_MISSING=220, SDK_UNREPRESENTABLE=320; raw probes=540; topologies=135; source_sha=26dae1f99b2b50fb17118f38d8a8e95dfac3357c. Representative failure: perf database error: GEMM perf data missing for quant 'nvfp4_wo' at <repo>/python/aisimulate/src/aiconfigurator_core/systems/data/l40s/sglang/0.5.16; available: [""bfloat16"", ""fp8"", ""fp8_static""]","python python/aisimulate/tools/support_matrix/generate_fpe_support_matrix.py --model ""nvidia/Qwen3-235B-A22B-NVFP4"" --system ""l40s"" --backend ""sglang"" --backend-version ""0.5.16"" --forward-model op_level --max-workers 8",,540,135,"PERF_DATA_MISSING=220, SDK_UNREPRESENTABLE=320",,26dae1f99b2b50fb17118f38d8a8e95dfac3357c
nvidia/Qwen3-235B-A22B-NVFP4,Qwen3MoeForCausalLM,l40s,sglang,0.5.9,FAIL,"Strict-native op-level FPE probes: PERF_DATA_MISSING=220, SDK_UNREPRESENTABLE=320; raw probes=540; topologies=135; source_sha=26dae1f99b2b50fb17118f38d8a8e95dfac3357c. Representative failure: perf database error: GEMM perf data missing for quant 'nvfp4_wo' at <repo>/python/aisimulate/src/aiconfigurator_core/systems/data/l40s/sglang/0.5.9; available: [""bfloat16"", ""fp8""]","python python/aisimulate/tools/support_matrix/generate_fpe_support_matrix.py --model ""nvidia/Qwen3-235B-A22B-NVFP4"" --system ""l40s"" --backend ""sglang"" --backend-version ""0.5.9"" --forward-model op_level --max-workers 8",,540,135,"PERF_DATA_MISSING=220, SDK_UNREPRESENTABLE=320",,26dae1f99b2b50fb17118f38d8a8e95dfac3357c
nvidia/Qwen3-235B-A22B-NVFP4,Qwen3MoeForCausalLM,l40s,trtllm,1.0.0,FAIL,"Strict-native op-level FPE probes: PERF_DATA_MISSING=116; raw probes=116; topologies=29; source_sha=26dae1f99b2b50fb17118f38d8a8e95dfac3357c. Representative failure: perf database error: GEMM perf data missing for quant 'nvfp4_wo' at <repo>/python/aisimulate/src/aiconfigurator_core/systems/data/l40s/trtllm/1.0.0; available: [""bfloat16"", ""fp8"", ""fp8_block"", ""int4_wo"", ""int8_wo"", ""sq""]","python python/aisimulate/tools/support_matrix/generate_fpe_support_matrix.py --model ""nvidia/Qwen3-235B-A22B-NVFP4"" --system ""l40s"" --backend ""trtllm"" --backend-version ""1.0.0"" --forward-model op_level --max-workers 8",,116,29,PERF_DATA_MISSING=116,,26dae1f99b2b50fb17118f38d8a8e95dfac3357c
nvidia/Qwen3-235B-A22B-NVFP4,Qwen3MoeForCausalLM,l40s,trtllm,1.3.0rc15,FAIL,"Strict-native op-level FPE probes: PERF_DATA_MISSING=116; raw probes=116; topologies=29; source_sha=26dae1f99b2b50fb17118f38d8a8e95dfac3357c. Representative failure: perf database error: GEMM perf data missing for quant 'nvfp4_wo' at <repo>/python/aisimulate/src/aiconfigurator_core/systems/data/l40s/trtllm/1.3.0rc15; available: [""bfloat16"", ""fp8"", ""fp8_block"", ""fp8_static"", ""int4_wo"", ""int8_wo"", ""sq""]","python python/aisimulate/tools/support_matrix/generate_fpe_support_matrix.py --model ""nvidia/Qwen3-235B-A22B-NVFP4"" --system ""l40s"" --backend ""trtllm"" --backend-version ""1.3.0rc15"" --forward-model op_level --max-workers 8",,116,29,PERF_DATA_MISSING=116,,26dae1f99b2b50fb17118f38d8a8e95dfac3357c
nvidia/Qwen3-235B-A22B-NVFP4,Qwen3MoeForCausalLM,l40s,trtllm,1.3.0rc20,FAIL,"Strict-native op-level FPE probes: PERF_DATA_MISSING=116; raw probes=116; topologies=29; source_sha=26dae1f99b2b50fb17118f38d8a8e95dfac3357c. Representative failure: perf database error: GEMM perf data missing for quant 'nvfp4_wo' at <repo>/python/aisimulate/src/aiconfigurator_core/systems/data/l40s/trtllm/1.3.0rc20; available: [""bfloat16"", ""fp8"", ""fp8_block"", ""fp8_static"", ""int4_wo"", ""int8_wo"", ""sq""]","python python/aisimulate/tools/support_matrix/generate_fpe_support_matrix.py --model ""nvidia/Qwen3-235B-A22B-NVFP4"" --system ""l40s"" --backend ""trtllm"" --backend-version ""1.3.0rc20"" --forward-model op_level --max-workers 8",,116,29,PERF_DATA_MISSING=116,,26dae1f99b2b50fb17118f38d8a8e95dfac3357c
nvidia/Qwen3-235B-A22B-NVFP4,Qwen3MoeForCausalLM,l40s,trtllm,1.3.0rc23,FAIL,"Strict-native op-level FPE probes: PERF_DATA_MISSING=116; raw probes=116; topologies=29; source_sha=26dae1f99b2b50fb17118f38d8a8e95dfac3357c. Representative failure: perf database error: GEMM perf data missing for quant 'nvfp4_wo' at <repo>/python/aisimulate/src/aiconfigurator_core/systems/data/l40s/trtllm/1.3.0rc23; available: [""bfloat16"", ""fp8"", ""fp8_block"", ""fp8_static"", ""int4_wo"", ""int8_wo"", ""sq""]","python python/aisimulate/tools/support_matrix/generate_fpe_support_matrix.py --model ""nvidia/Qwen3-235B-A22B-NVFP4"" --system ""l40s"" --backend ""trtllm"" --backend-version ""1.3.0rc23"" --forward-model op_level --max-workers 8",,116,29,PERF_DATA_MISSING=116,,26dae1f99b2b50fb17118f38d8a8e95dfac3357c
nvidia/Qwen3-235B-A22B-NVFP4,Qwen3MoeForCausalLM,l40s,vllm,0.1.dev19262,FAIL,Strict-native op-level FPE probes: PERF_DATA_MISSING=116; raw probes=116; topologies=29; source_sha=26dae1f99b2b50fb17118f38d8a8e95dfac3357c. Representative failure: perf database error: perf database error: no GEMM rows loaded from 1 source(s) (first: <repo>/python/aisimulate/src/aiconfigurator_core/systems/data/l40s/vllm/0.1.dev19262/gemm_perf.parquet),"python python/aisimulate/tools/support_matrix/generate_fpe_support_matrix.py --model ""nvidia/Qwen3-235B-A22B-NVFP4"" --system ""l40s"" --backend ""vllm"" --backend-version ""0.1.dev19262"" --forward-model op_level --max-workers 8",,116,29,PERF_DATA_MISSING=116,,26dae1f99b2b50fb17118f38d8a8e95dfac3357c
nvidia/Qwen3-235B-A22B-NVFP4,Qwen3MoeForCausalLM,l40s,vllm,0.14.0,FAIL,"Strict-native op-level FPE probes: PERF_DATA_MISSING=116; raw probes=116; topologies=29; source_sha=26dae1f99b2b50fb17118f38d8a8e95dfac3357c. Representative failure: perf database error: GEMM perf data missing for quant 'nvfp4_wo' at <repo>/python/aisimulate/src/aiconfigurator_core/systems/data/l40s/vllm/0.14.0; available: [""bfloat16"", ""fp8""]","python python/aisimulate/tools/support_matrix/generate_fpe_support_matrix.py --model ""nvidia/Qwen3-235B-A22B-NVFP4"" --system ""l40s"" --backend ""vllm"" --backend-version ""0.14.0"" --forward-model op_level --max-workers 8",,116,29,PERF_DATA_MISSING=116,,26dae1f99b2b50fb17118f38d8a8e95dfac3357c
nvidia/Qwen3-235B-A22B-NVFP4,Qwen3MoeForCausalLM,l40s,vllm,0.22.0,FAIL,"Strict-native op-level FPE probes: PERF_DATA_MISSING=116; raw probes=116; topologies=29; source_sha=26dae1f99b2b50fb17118f38d8a8e95dfac3357c. Representative failure: perf database error: GEMM perf data missing for quant 'nvfp4_wo' at <repo>/python/aisimulate/src/aiconfigurator_core/systems/data/l40s/vllm/0.22.0; available: [""bfloat16"", ""fp8"", ""fp8_block""]","python python/aisimulate/tools/support_matrix/generate_fpe_support_matrix.py --model ""nvidia/Qwen3-235B-A22B-NVFP4"" --system ""l40s"" --backend ""vllm"" --backend-version ""0.22.0"" --forward-model op_level --max-workers 8",,116,29,PERF_DATA_MISSING=116,,26dae1f99b2b50fb17118f38d8a8e95dfac3357c
nvidia/Qwen3-235B-A22B-NVFP4,Qwen3MoeForCausalLM,l40s,vllm,0.24.0,FAIL,"Strict-native op-level FPE probes: PERF_DATA_MISSING=116; raw probes=116; topologies=29; source_sha=26dae1f99b2b50fb17118f38d8a8e95dfac3357c. Representative failure: perf database error: GEMM perf data missing for quant 'nvfp4_wo' at <repo>/python/aisimulate/src/aiconfigurator_core/systems/data/l40s/vllm/0.24.0; available: [""bfloat16"", ""fp8"", ""fp8_block""]","python python/aisimulate/tools/support_matrix/generate_fpe_support_matrix.py --model ""nvidia/Qwen3-235B-A22B-NVFP4"" --system ""l40s"" --backend ""vllm"" --backend-version ""0.24.0"" --forward-model op_level --max-workers 8",,116,29,PERF_DATA_MISSING=116,,26dae1f99b2b50fb17118f38d8a8e95dfac3357c
nvidia/Qwen3.5-122B-A10B-NVFP4,Qwen3_5MoeForConditionalGeneration,l40s,sglang,0.5.10,FAIL,"Strict-native op-level FPE probes: PERF_DATA_MISSING=220; raw probes=220; topologies=55; source_sha=26dae1f99b2b50fb17118f38d8a8e95dfac3357c. Representative failure: perf database error: GEMM perf data missing for quant 'nvfp4_wo' at <repo>/python/aisimulate/src/aiconfigurator_core/systems/data/l40s/sglang/0.5.10; available: [""bfloat16"", ""fp8""]","python python/aisimulate/tools/support_matrix/generate_fpe_support_matrix.py --model ""nvidia/Qwen3.5-122B-A10B-NVFP4"" --system ""l40s"" --backend ""sglang"" --backend-version ""0.5.10"" --forward-model op_level --max-workers 8",,220,55,PERF_DATA_MISSING=220,,26dae1f99b2b50fb17118f38d8a8e95dfac3357c
nvidia/Qwen3.5-122B-A10B-NVFP4,Qwen3_5MoeForConditionalGeneration,l40s,sglang,0.5.12,FAIL,"Strict-native op-level FPE probes: PERF_DATA_MISSING=220; raw probes=220; topologies=55; source_sha=26dae1f99b2b50fb17118f38d8a8e95dfac3357c. Representative failure: perf database error: GEMM perf data missing for quant 'nvfp4_wo' at <repo>/python/aisimulate/src/aiconfigurator_core/systems/data/l40s/sglang/0.5.12; available: [""bfloat16"", ""fp8"", ""fp8_static""]","python python/aisimulate/tools/support_matrix/generate_fpe_support_matrix.py --model ""nvidia/Qwen3.5-122B-A10B-NVFP4"" --system ""l40s"" --backend ""sglang"" --backend-version ""0.5.12"" --forward-model op_level --max-workers 8",,220,55,PERF_DATA_MISSING=220,,26dae1f99b2b50fb17118f38d8a8e95dfac3357c
nvidia/Qwen3.5-122B-A10B-NVFP4,Qwen3_5MoeForConditionalGeneration,l40s,sglang,0.5.14,FAIL,"Strict-native op-level FPE probes: PERF_DATA_MISSING=220; raw probes=220; topologies=55; source_sha=26dae1f99b2b50fb17118f38d8a8e95dfac3357c. Representative failure: perf database error: GEMM perf data missing for quant 'nvfp4_wo' at <repo>/python/aisimulate/src/aiconfigurator_core/systems/data/l40s/sglang/0.5.14; available: [""bfloat16"", ""fp8"", ""fp8_static""]","python python/aisimulate/tools/support_matrix/generate_fpe_support_matrix.py --model ""nvidia/Qwen3.5-122B-A10B-NVFP4"" --system ""l40s"" --backend ""sglang"" --backend-version ""0.5.14"" --forward-model op_level --max-workers 8",,220,55,PERF_DATA_MISSING=220,,26dae1f99b2b50fb17118f38d8a8e95dfac3357c
nvidia/Qwen3.5-122B-A10B-NVFP4,Qwen3_5MoeForConditionalGeneration,l40s,sglang,0.5.16,FAIL,"Strict-native op-level FPE probes: PERF_DATA_MISSING=220; raw probes=220; topologies=55; source_sha=26dae1f99b2b50fb17118f38d8a8e95dfac3357c. Representative failure: perf database error: GEMM perf data missing for quant 'nvfp4_wo' at <repo>/python/aisimulate/src/aiconfigurator_core/systems/data/l40s/sglang/0.5.16; available: [""bfloat16"", ""fp8"", ""fp8_static""]","python python/aisimulate/tools/support_matrix/generate_fpe_support_matrix.py --model ""nvidia/Qwen3.5-122B-A10B-NVFP4"" --system ""l40s"" --backend ""sglang"" --backend-version ""0.5.16"" --forward-model op_level --max-workers 8",,220,55,PERF_DATA_MISSING=220,,26dae1f99b2b50fb17118f38d8a8e95dfac3357c
nvidia/Qwen3.5-122B-A10B-NVFP4,Qwen3_5MoeForConditionalGeneration,l40s,sglang,0.5.9,FAIL,"Strict-native op-level FPE probes: PERF_DATA_MISSING=220; raw probes=220; topologies=55; source_sha=26dae1f99b2b50fb17118f38d8a8e95dfac3357c. Representative failure: perf database error: GEMM perf data missing for quant 'nvfp4_wo' at <repo>/python/aisimulate/src/aiconfigurator_core/systems/data/l40s/sglang/0.5.9; available: [""bfloat16"", ""fp8""]","python python/aisimulate/tools/support_matrix/generate_fpe_support_matrix.py --model ""nvidia/Qwen3.5-122B-A10B-NVFP4"" --system ""l40s"" --backend ""sglang"" --backend-version ""0.5.9"" --forward-model op_level --max-workers 8",,220,55,PERF_DATA_MISSING=220,,26dae1f99b2b50fb17118f38d8a8e95dfac3357c
nvidia/Qwen3.5-122B-A10B-NVFP4,Qwen3_5MoeForConditionalGeneration,l40s,trtllm,1.0.0,FAIL,"Strict-native op-level FPE probes: PERF_DATA_MISSING=116; raw probes=116; topologies=29; source_sha=26dae1f99b2b50fb17118f38d8a8e95dfac3357c. Representative failure: perf database error: GEMM perf data missing for quant 'nvfp4_wo' at <repo>/python/aisimulate/src/aiconfigurator_core/systems/data/l40s/trtllm/1.0.0; available: [""bfloat16"", ""fp8"", ""fp8_block"", ""int4_wo"", ""int8_wo"", ""sq""]","python python/aisimulate/tools/support_matrix/generate_fpe_support_matrix.py --model ""nvidia/Qwen3.5-122B-A10B-NVFP4"" --system ""l40s"" --backend ""trtllm"" --backend-version ""1.0.0"" --forward-model op_level --max-workers 8",,116,29,PERF_DATA_MISSING=116,,26dae1f99b2b50fb17118f38d8a8e95dfac3357c
nvidia/Qwen3.5-122B-A10B-NVFP4,Qwen3_5MoeForConditionalGeneration,l40s,trtllm,1.3.0rc15,FAIL,"Strict-native op-level FPE probes: PERF_DATA_MISSING=116; raw probes=116; topologies=29; source_sha=26dae1f99b2b50fb17118f38d8a8e95dfac3357c. Representative failure: perf database error: GEMM perf data missing for quant 'nvfp4_wo' at <repo>/python/aisimulate/src/aiconfigurator_core/systems/data/l40s/trtllm/1.3.0rc15; available: [""bfloat16"", ""fp8"", ""fp8_block"", ""fp8_static"", ""int4_wo"", ""int8_wo"", ""sq""]","python python/aisimulate/tools/support_matrix/generate_fpe_support_matrix.py --model ""nvidia/Qwen3.5-122B-A10B-NVFP4"" --system ""l40s"" --backend ""trtllm"" --backend-version ""1.3.0rc15"" --forward-model op_level --max-workers 8",,116,29,PERF_DATA_MISSING=116,,26dae1f99b2b50fb17118f38d8a8e95dfac3357c
nvidia/Qwen3.5-122B-A10B-NVFP4,Qwen3_5MoeForConditionalGeneration,l40s,trtllm,1.3.0rc20,FAIL,"Strict-native op-level FPE probes: PERF_DATA_MISSING=116; raw probes=116; topologies=29; source_sha=26dae1f99b2b50fb17118f38d8a8e95dfac3357c. Representative failure: perf database error: GEMM perf data missing for quant 'nvfp4_wo' at <repo>/python/aisimulate/src/aiconfigurator_core/systems/data/l40s/trtllm/1.3.0rc20; available: [""bfloat16"", ""fp8"", ""fp8_block"", ""fp8_static"", ""int4_wo"", ""int8_wo"", ""sq""]","python python/aisimulate/tools/support_matrix/generate_fpe_support_matrix.py --model ""nvidia/Qwen3.5-122B-A10B-NVFP4"" --system ""l40s"" --backend ""trtllm"" --backend-version ""1.3.0rc20"" --forward-model op_level --max-workers 8",,116,29,PERF_DATA_MISSING=116,,26dae1f99b2b50fb17118f38d8a8e95dfac3357c
nvidia/Qwen3.5-122B-A10B-NVFP4,Qwen3_5MoeForConditionalGeneration,l40s,trtllm,1.3.0rc23,FAIL,"Strict-native op-level FPE probes: PERF_DATA_MISSING=116; raw probes=116; topologies=29; source_sha=26dae1f99b2b50fb17118f38d8a8e95dfac3357c. Representative failure: perf database error: GEMM perf data missing for quant 'nvfp4_wo' at <repo>/python/aisimulate/src/aiconfigurator_core/systems/data/l40s/trtllm/1.3.0rc23; available: [""bfloat16"", ""fp8"", ""fp8_block"", ""fp8_static"", ""int4_wo"", ""int8_wo"", ""sq""]","python python/aisimulate/tools/support_matrix/generate_fpe_support_matrix.py --model ""nvidia/Qwen3.5-122B-A10B-NVFP4"" --system ""l40s"" --backend ""trtllm"" --backend-version ""1.3.0rc23"" --forward-model op_level --max-workers 8",,116,29,PERF_DATA_MISSING=116,,26dae1f99b2b50fb17118f38d8a8e95dfac3357c
nvidia/Qwen3.5-122B-A10B-NVFP4,Qwen3_5MoeForConditionalGeneration,l40s,vllm,0.1.dev19262,FAIL,Strict-native op-level FPE probes: PERF_DATA_MISSING=116; raw probes=116; topologies=29; source_sha=26dae1f99b2b50fb17118f38d8a8e95dfac3357c. Representative failure: perf database error: perf database error: no GEMM rows loaded from 1 source(s) (first: <repo>/python/aisimulate/src/aiconfigurator_core/systems/data/l40s/vllm/0.1.dev19262/gemm_perf.parquet),"python python/aisimulate/tools/support_matrix/generate_fpe_support_matrix.py --model ""nvidia/Qwen3.5-122B-A10B-NVFP4"" --system ""l40s"" --backend ""vllm"" --backend-version ""0.1.dev19262"" --forward-model op_level --max-workers 8",,116,29,PERF_DATA_MISSING=116,,26dae1f99b2b50fb17118f38d8a8e95dfac3357c
nvidia/Qwen3.5-122B-A10B-NVFP4,Qwen3_5MoeForConditionalGeneration,l40s,vllm,0.14.0,FAIL,"Strict-native op-level FPE probes: PERF_DATA_MISSING=116; raw probes=116; topologies=29; source_sha=26dae1f99b2b50fb17118f38d8a8e95dfac3357c. Representative failure: perf database error: GEMM perf data missing for quant 'nvfp4_wo' at <repo>/python/aisimulate/src/aiconfigurator_core/systems/data/l40s/vllm/0.14.0; available: [""bfloat16"", ""fp8""]","python python/aisimulate/tools/support_matrix/generate_fpe_support_matrix.py --model ""nvidia/Qwen3.5-122B-A10B-NVFP4"" --system ""l40s"" --backend ""vllm"" --backend-version ""0.14.0"" --forward-model op_level --max-workers 8",,116,29,PERF_DATA_MISSING=116,,26dae1f99b2b50fb17118f38d8a8e95dfac3357c
nvidia/Qwen3.5-122B-A10B-NVFP4,Qwen3_5MoeForConditionalGeneration,l40s,vllm,0.22.0,FAIL,"Strict-native op-level FPE probes: PERF_DATA_MISSING=116; raw probes=116; topologies=29; source_sha=26dae1f99b2b50fb17118f38d8a8e95dfac3357c. Representative failure: perf database error: GEMM perf data missing for quant 'nvfp4_wo' at <repo>/python/aisimulate/src/aiconfigurator_core/systems/data/l40s/vllm/0.22.0; available: [""bfloat16"", ""fp8"", ""fp8_block""]","python python/aisimulate/tools/support_matrix/generate_fpe_support_matrix.py --model ""nvidia/Qwen3.5-122B-A10B-NVFP4"" --system ""l40s"" --backend ""vllm"" --backend-version ""0.22.0"" --forward-model op_level --max-workers 8",,116,29,PERF_DATA_MISSING=116,,26dae1f99b2b50fb17118f38d8a8e95dfac3357c
nvidia/Qwen3.5-122B-A10B-NVFP4,Qwen3_5MoeForConditionalGeneration,l40s,vllm,0.24.0,FAIL,"Strict-native op-level FPE probes: PERF_DATA_MISSING=116; raw probes=116; topologies=29; source_sha=26dae1f99b2b50fb17118f38d8a8e95dfac3357c. Representative failure: perf database error: GEMM perf data missing for quant 'nvfp4_wo' at <repo>/python/aisimulate/src/aiconfigurator_core/systems/data/l40s/vllm/0.24.0; available: [""bfloat16"", ""fp8"", ""fp8_block""]","python python/aisimulate/tools/support_matrix/generate_fpe_support_matrix.py --model ""nvidia/Qwen3.5-122B-A10B-NVFP4"" --system ""l40s"" --backend ""vllm"" --backend-version ""0.24.0"" --forward-model op_level --max-workers 8",,116,29,PERF_DATA_MISSING=116,,26dae1f99b2b50fb17118f38d8a8e95dfac3357c
nvidia/Qwen3.5-397B-A17B-NVFP4,Qwen3_5MoeForConditionalGeneration,l40s,sglang,0.5.10,FAIL,"Strict-native op-level FPE probes: PERF_DATA_MISSING=220; raw probes=220; topologies=55; source_sha=26dae1f99b2b50fb17118f38d8a8e95dfac3357c. Representative failure: perf database error: GEMM perf data missing for quant 'nvfp4_wo' at <repo>/python/aisimulate/src/aiconfigurator_core/systems/data/l40s/sglang/0.5.10; available: [""bfloat16"", ""fp8""]","python python/aisimulate/tools/support_matrix/generate_fpe_support_matrix.py --model ""nvidia/Qwen3.5-397B-A17B-NVFP4"" --system ""l40s"" --backend ""sglang"" --backend-version ""0.5.10"" --forward-model op_level --max-workers 8",,220,55,PERF_DATA_MISSING=220,,26dae1f99b2b50fb17118f38d8a8e95dfac3357c
nvidia/Qwen3.5-397B-A17B-NVFP4,Qwen3_5MoeForConditionalGeneration,l40s,sglang,0.5.12,FAIL,"Strict-native op-level FPE probes: PERF_DATA_MISSING=220; raw probes=220; topologies=55; source_sha=26dae1f99b2b50fb17118f38d8a8e95dfac3357c. Representative failure: perf database error: GEMM perf data missing for quant 'nvfp4_wo' at <repo>/python/aisimulate/src/aiconfigurator_core/systems/data/l40s/sglang/0.5.12; available: [""bfloat16"", ""fp8"", ""fp8_static""]","python python/aisimulate/tools/support_matrix/generate_fpe_support_matrix.py --model ""nvidia/Qwen3.5-397B-A17B-NVFP4"" --system ""l40s"" --backend ""sglang"" --backend-version ""0.5.12"" --forward-model op_level --max-workers 8",,220,55,PERF_DATA_MISSING=220,,26dae1f99b2b50fb17118f38d8a8e95dfac3357c
nvidia/Qwen3.5-397B-A17B-NVFP4,Qwen3_5MoeForConditionalGeneration,l40s,sglang,0.5.14,FAIL,"Strict-native op-level FPE probes: PERF_DATA_MISSING=220; raw probes=220; topologies=55; source_sha=26dae1f99b2b50fb17118f38d8a8e95dfac3357c. Representative failure: perf database error: GEMM perf data missing for quant 'nvfp4_wo' at <repo>/python/aisimulate/src/aiconfigurator_core/systems/data/l40s/sglang/0.5.14; available: [""bfloat16"", ""fp8"", ""fp8_static""]","python python/aisimulate/tools/support_matrix/generate_fpe_support_matrix.py --model ""nvidia/Qwen3.5-397B-A17B-NVFP4"" --system ""l40s"" --backend ""sglang"" --backend-version ""0.5.14"" --forward-model op_level --max-workers 8",,220,55,PERF_DATA_MISSING=220,,26dae1f99b2b50fb17118f38d8a8e95dfac3357c
nvidia/Qwen3.5-397B-A17B-NVFP4,Qwen3_5MoeForConditionalGeneration,l40s,sglang,0.5.16,FAIL,"Strict-native op-level FPE probes: PERF_DATA_MISSING=220; raw probes=220; topologies=55; source_sha=26dae1f99b2b50fb17118f38d8a8e95dfac3357c. Representative failure: perf database error: GEMM perf data missing for quant 'nvfp4_wo' at <repo>/python/aisimulate/src/aiconfigurator_core/systems/data/l40s/sglang/0.5.16; available: [""bfloat16"", ""fp8"", ""fp8_static""]","python python/aisimulate/tools/support_matrix/generate_fpe_support_matrix.py --model ""nvidia/Qwen3.5-397B-A17B-NVFP4"" --system ""l40s"" --backend ""sglang"" --backend-version ""0.5.16"" --forward-model op_level --max-workers 8",,220,55,PERF_DATA_MISSING=220,,26dae1f99b2b50fb17118f38d8a8e95dfac3357c
nvidia/Qwen3.5-397B-A17B-NVFP4,Qwen3_5MoeForConditionalGeneration,l40s,sglang,0.5.9,FAIL,"Strict-native op-level FPE probes: PERF_DATA_MISSING=220; raw probes=220; topologies=55; source_sha=26dae1f99b2b50fb17118f38d8a8e95dfac3357c. Representative failure: perf database error: GEMM perf data missing for quant 'nvfp4_wo' at <repo>/python/aisimulate/src/aiconfigurator_core/systems/data/l40s/sglang/0.5.9; available: [""bfloat16"", ""fp8""]","python python/aisimulate/tools/support_matrix/generate_fpe_support_matrix.py --model ""nvidia/Qwen3.5-397B-A17B-NVFP4"" --system ""l40s"" --backend ""sglang"" --backend-version ""0.5.9"" --forward-model op_level --max-workers 8",,220,55,PERF_DATA_MISSING=220,,26dae1f99b2b50fb17118f38d8a8e95dfac3357c
nvidia/Qwen3.5-397B-A17B-NVFP4,Qwen3_5MoeForConditionalGeneration,l40s,trtllm,1.0.0,FAIL,"Strict-native op-level FPE probes: PERF_DATA_MISSING=116; raw probes=116; topologies=29; source_sha=26dae1f99b2b50fb17118f38d8a8e95dfac3357c. Representative failure: perf database error: GEMM perf data missing for quant 'nvfp4_wo' at <repo>/python/aisimulate/src/aiconfigurator_core/systems/data/l40s/trtllm/1.0.0; available: [""bfloat16"", ""fp8"", ""fp8_block"", ""int4_wo"", ""int8_wo"", ""sq""]","python python/aisimulate/tools/support_matrix/generate_fpe_support_matrix.py --model ""nvidia/Qwen3.5-397B-A17B-NVFP4"" --system ""l40s"" --backend ""trtllm"" --backend-version ""1.0.0"" --forward-model op_level --max-workers 8",,116,29,PERF_DATA_MISSING=116,,26dae1f99b2b50fb17118f38d8a8e95dfac3357c
nvidia/Qwen3.5-397B-A17B-NVFP4,Qwen3_5MoeForConditionalGeneration,l40s,trtllm,1.3.0rc15,FAIL,"Strict-native op-level FPE probes: PERF_DATA_MISSING=116; raw probes=116; topologies=29; source_sha=26dae1f99b2b50fb17118f38d8a8e95dfac3357c. Representative failure: perf database error: GEMM perf data missing for quant 'nvfp4_wo' at <repo>/python/aisimulate/src/aiconfigurator_core/systems/data/l40s/trtllm/1.3.0rc15; available: [""bfloat16"", ""fp8"", ""fp8_block"", ""fp8_static"", ""int4_wo"", ""int8_wo"", ""sq""]","python python/aisimulate/tools/support_matrix/generate_fpe_support_matrix.py --model ""nvidia/Qwen3.5-397B-A17B-NVFP4"" --system ""l40s"" --backend ""trtllm"" --backend-version ""1.3.0rc15"" --forward-model op_level --max-workers 8",,116,29,PERF_DATA_MISSING=116,,26dae1f99b2b50fb17118f38d8a8e95dfac3357c
nvidia/Qwen3.5-397B-A17B-NVFP4,Qwen3_5MoeForConditionalGeneration,l40s,trtllm,1.3.0rc20,FAIL,"Strict-native op-level FPE probes: PERF_DATA_MISSING=116; raw probes=116; topologies=29; source_sha=26dae1f99b2b50fb17118f38d8a8e95dfac3357c. Representative failure: perf database error: GEMM perf data missing for quant 'nvfp4_wo' at <repo>/python/aisimulate/src/aiconfigurator_core/systems/data/l40s/trtllm/1.3.0rc20; available: [""bfloat16"", ""fp8"", ""fp8_block"", ""fp8_static"", ""int4_wo"", ""int8_wo"", ""sq""]","python python/aisimulate/tools/support_matrix/generate_fpe_support_matrix.py --model ""nvidia/Qwen3.5-397B-A17B-NVFP4"" --system ""l40s"" --backend ""trtllm"" --backend-version ""1.3.0rc20"" --forward-model op_level --max-workers 8",,116,29,PERF_DATA_MISSING=116,,26dae1f99b2b50fb17118f38d8a8e95dfac3357c
nvidia/Qwen3.5-397B-A17B-NVFP4,Qwen3_5MoeForConditionalGeneration,l40s,trtllm,1.3.0rc23,FAIL,"Strict-native op-level FPE probes: PERF_DATA_MISSING=116; raw probes=116; topologies=29; source_sha=26dae1f99b2b50fb17118f38d8a8e95dfac3357c. Representative failure: perf database error: GEMM perf data missing for quant 'nvfp4_wo' at <repo>/python/aisimulate/src/aiconfigurator_core/systems/data/l40s/trtllm/1.3.0rc23; available: [""bfloat16"", ""fp8"", ""fp8_block"", ""fp8_static"", ""int4_wo"", ""int8_wo"", ""sq""]","python python/aisimulate/tools/support_matrix/generate_fpe_support_matrix.py --model ""nvidia/Qwen3.5-397B-A17B-NVFP4"" --system ""l40s"" --backend ""trtllm"" --backend-version ""1.3.0rc23"" --forward-model op_level --max-workers 8",,116,29,PERF_DATA_MISSING=116,,26dae1f99b2b50fb17118f38d8a8e95dfac3357c
nvidia/Qwen3.5-397B-A17B-NVFP4,Qwen3_5MoeForConditionalGeneration,l40s,vllm,0.1.dev19262,FAIL,Strict-native op-level FPE probes: PERF_DATA_MISSING=116; raw probes=116; topologies=29; source_sha=26dae1f99b2b50fb17118f38d8a8e95dfac3357c. Representative failure: perf database error: perf database error: no GEMM rows loaded from 1 source(s) (first: <repo>/python/aisimulate/src/aiconfigurator_core/systems/data/l40s/vllm/0.1.dev19262/gemm_perf.parquet),"python python/aisimulate/tools/support_matrix/generate_fpe_support_matrix.py --model ""nvidia/Qwen3.5-397B-A17B-NVFP4"" --system ""l40s"" --backend ""vllm"" --backend-version ""0.1.dev19262"" --forward-model op_level --max-workers 8",,116,29,PERF_DATA_MISSING=116,,26dae1f99b2b50fb17118f38d8a8e95dfac3357c
nvidia/Qwen3.5-397B-A17B-NVFP4,Qwen3_5MoeForConditionalGeneration,l40s,vllm,0.14.0,FAIL,"Strict-native op-level FPE probes: PERF_DATA_MISSING=116; raw probes=116; topologies=29; source_sha=26dae1f99b2b50fb17118f38d8a8e95dfac3357c. Representative failure: perf database error: GEMM perf data missing for quant 'nvfp4_wo' at <repo>/python/aisimulate/src/aiconfigurator_core/systems/data/l40s/vllm/0.14.0; available: [""bfloat16"", ""fp8""]","python python/aisimulate/tools/support_matrix/generate_fpe_support_matrix.py --model ""nvidia/Qwen3.5-397B-A17B-NVFP4"" --system ""l40s"" --backend ""vllm"" --backend-version ""0.14.0"" --forward-model op_level --max-workers 8",,116,29,PERF_DATA_MISSING=116,,26dae1f99b2b50fb17118f38d8a8e95dfac3357c
nvidia/Qwen3.5-397B-A17B-NVFP4,Qwen3_5MoeForConditionalGeneration,l40s,vllm,0.22.0,FAIL,"Strict-native op-level FPE probes: PERF_DATA_MISSING=116; raw probes=116; topologies=29; source_sha=26dae1f99b2b50fb17118f38d8a8e95dfac3357c. Representative failure: perf database error: GEMM perf data missing for quant 'nvfp4_wo' at <repo>/python/aisimulate/src/aiconfigurator_core/systems/data/l40s/vllm/0.22.0; available: [""bfloat16"", ""fp8"", ""fp8_block""]","python python/aisimulate/tools/support_matrix/generate_fpe_support_matrix.py --model ""nvidia/Qwen3.5-397B-A17B-NVFP4"" --system ""l40s"" --backend ""vllm"" --backend-version ""0.22.0"" --forward-model op_level --max-workers 8",,116,29,PERF_DATA_MISSING=116,,26dae1f99b2b50fb17118f38d8a8e95dfac3357c
nvidia/Qwen3.5-397B-A17B-NVFP4,Qwen3_5MoeForConditionalGeneration,l40s,vllm,0.24.0,FAIL,"Strict-native op-level FPE probes: PERF_DATA_MISSING=116; raw probes=116; topologies=29; source_sha=26dae1f99b2b50fb17118f38d8a8e95dfac3357c. Representative failure: perf database error: GEMM perf data missing for quant 'nvfp4_wo' at <repo>/python/aisimulate/src/aiconfigurator_core/systems/data/l40s/vllm/0.24.0; available: [""bfloat16"", ""fp8"", ""fp8_block""]","python python/aisimulate/tools/support_matrix/generate_fpe_support_matrix.py --model ""nvidia/Qwen3.5-397B-A17B-NVFP4"" --system ""l40s"" --backend ""vllm"" --backend-version ""0.24.0"" --forward-model op_level --max-workers 8",,116,29,PERF_DATA_MISSING=116,,26dae1f99b2b50fb17118f38d8a8e95dfac3357c
nvidia/Qwen3.6-27B-NVFP4,Qwen3_5ForConditionalGeneration,l40s,sglang,0.5.10,FAIL,Strict-native op-level FPE probes: PERF_DATA_MISSING=16; raw probes=16; topologies=4; source_sha=26dae1f99b2b50fb17118f38d8a8e95dfac3357c. Representative failure: perf database error: perf database error: no rows loaded from 1 source(s) (first: <repo>/python/aisimulate/src/aiconfigurator_core/systems/data/l40s/sglang/0.5.10/computescale_perf.parquet),"python python/aisimulate/tools/support_matrix/generate_fpe_support_matrix.py --model ""nvidia/Qwen3.6-27B-NVFP4"" --system ""l40s"" --backend ""sglang"" --backend-version ""0.5.10"" --forward-model op_level --max-workers 8",,16,4,PERF_DATA_MISSING=16,,26dae1f99b2b50fb17118f38d8a8e95dfac3357c
nvidia/Qwen3.6-27B-NVFP4,Qwen3_5ForConditionalGeneration,l40s,sglang,0.5.12,FAIL,"Strict-native op-level FPE probes: PASS=8, PERF_DATA_MISSING=8; raw probes=16; topologies=4; source_sha=26dae1f99b2b50fb17118f38d8a8e95dfac3357c. Representative failure: perf database error: context attention data missing for ContextKey { fmha_quant: ""fp8"", kv_quant: ""fp8"", n_kv_lookup: 1, head_size: 256, window_size: 0 } at <repo>/python/aisimulate/src/aiconfigurator_core/systems/data/l40s/sglang/0.5.12","python python/aisimulate/tools/support_matrix/generate_fpe_support_matrix.py --model ""nvidia/Qwen3.6-27B-NVFP4"" --system ""l40s"" --backend ""sglang"" --backend-version ""0.5.12"" --forward-model op_level --max-workers 8",,16,4,"PASS=8, PERF_DATA_MISSING=8",,26dae1f99b2b50fb17118f38d8a8e95dfac3357c
nvidia/Qwen3.6-27B-NVFP4,Qwen3_5ForConditionalGeneration,l40s,sglang,0.5.14,FAIL,"Strict-native op-level FPE probes: PASS=8, PERF_DATA_MISSING=8; raw probes=16; topologies=4; source_sha=26dae1f99b2b50fb17118f38d8a8e95dfac3357c. Representative failure: perf database error: context attention data missing for ContextKey { fmha_quant: ""fp8"", kv_quant: ""fp8"", n_kv_lookup: 1, head_size: 256, window_size: 0 } at <repo>/python/aisimulate/src/aiconfigurator_core/systems/data/l40s/sglang/0.5.14","python python/aisimulate/tools/support_matrix/generate_fpe_support_matrix.py --model ""nvidia/Qwen3.6-27B-NVFP4"" --system ""l40s"" --backend ""sglang"" --backend-version ""0.5.14"" --forward-model op_level --max-workers 8",,16,4,"PASS=8, PERF_DATA_MISSING=8",,26dae1f99b2b50fb17118f38d8a8e95dfac3357c
nvidia/Qwen3.6-27B-NVFP4,Qwen3_5ForConditionalGeneration,l40s,sglang,0.5.16,FAIL,"Strict-native op-level FPE probes: PASS=8, PERF_DATA_MISSING=8; raw probes=16; topologies=4; source_sha=26dae1f99b2b50fb17118f38d8a8e95dfac3357c. Representative failure: perf database error: context attention data missing for ContextKey { fmha_quant: ""fp8"", kv_quant: ""fp8"", n_kv_lookup: 1, head_size: 256, window_size: 0 } at <repo>/python/aisimulate/src/aiconfigurator_core/systems/data/l40s/sglang/0.5.16","python python/aisimulate/tools/support_matrix/generate_fpe_support_matrix.py --model ""nvidia/Qwen3.6-27B-NVFP4"" --system ""l40s"" --backend ""sglang"" --backend-version ""0.5.16"" --forward-model op_level --max-workers 8",,16,4,"PASS=8, PERF_DATA_MISSING=8",,26dae1f99b2b50fb17118f38d8a8e95dfac3357c
nvidia/Qwen3.6-27B-NVFP4,Qwen3_5ForConditionalGeneration,l40s,sglang,0.5.9,FAIL,Strict-native op-level FPE probes: PERF_DATA_MISSING=16; raw probes=16; topologies=4; source_sha=26dae1f99b2b50fb17118f38d8a8e95dfac3357c. Representative failure: perf database error: perf database error: no rows loaded from 1 source(s) (first: <repo>/python/aisimulate/src/aiconfigurator_core/systems/data/l40s/sglang/0.5.9/computescale_perf.parquet),"python python/aisimulate/tools/support_matrix/generate_fpe_support_matrix.py --model ""nvidia/Qwen3.6-27B-NVFP4"" --system ""l40s"" --backend ""sglang"" --backend-version ""0.5.9"" --forward-model op_level --max-workers 8",,16,4,PERF_DATA_MISSING=16,,26dae1f99b2b50fb17118f38d8a8e95dfac3357c
nvidia/Qwen3.6-27B-NVFP4,Qwen3_5ForConditionalGeneration,l40s,trtllm,1.0.0,FAIL,"Strict-native op-level FPE probes: PERF_DATA_MISSING=16; raw probes=16; topologies=4; source_sha=26dae1f99b2b50fb17118f38d8a8e95dfac3357c. Representative failure: perf database error: context attention data missing for ContextKey { fmha_quant: ""fp8"", kv_quant: ""fp8"", n_kv_lookup: 1, head_size: 256, window_size: 0 } at <repo>/python/aisimulate/src/aiconfigurator_core/systems/data/l40s/trtllm/1.0.0","python python/aisimulate/tools/support_matrix/generate_fpe_support_matrix.py --model ""nvidia/Qwen3.6-27B-NVFP4"" --system ""l40s"" --backend ""trtllm"" --backend-version ""1.0.0"" --forward-model op_level --max-workers 8",,16,4,PERF_DATA_MISSING=16,,26dae1f99b2b50fb17118f38d8a8e95dfac3357c
nvidia/Qwen3.6-27B-NVFP4,Qwen3_5ForConditionalGeneration,l40s,trtllm,1.3.0rc15,PASS,,"python python/aisimulate/tools/support_matrix/generate_fpe_support_matrix.py --model ""nvidia/Qwen3.6-27B-NVFP4"" --system ""l40s"" --backend ""trtllm"" --backend-version ""1.3.0rc15"" --forward-model op_level --max-workers 8",silicon,16,4,PASS=16,"decode_end=9871.978661, decode_start=38.640179, mixed=53.614491, prefill=51.700934",26dae1f99b2b50fb17118f38d8a8e95dfac3357c
nvidia/Qwen3.6-27B-NVFP4,Qwen3_5ForConditionalGeneration,l40s,trtllm,1.3.0rc20,PASS,,"python python/aisimulate/tools/support_matrix/generate_fpe_support_matrix.py --model ""nvidia/Qwen3.6-27B-NVFP4"" --system ""l40s"" --backend ""trtllm"" --backend-version ""1.3.0rc20"" --forward-model op_level --max-workers 8",silicon,16,4,PASS=16,"decode_end=9961.920535, decode_start=39.001595, mixed=53.045623, prefill=51.454423",26dae1f99b2b50fb17118f38d8a8e95dfac3357c
nvidia/Qwen3.6-27B-NVFP4,Qwen3_5ForConditionalGeneration,l40s,trtllm,1.3.0rc23,PASS,,"python python/aisimulate/tools/support_matrix/generate_fpe_support_matrix.py --model ""nvidia/Qwen3.6-27B-NVFP4"" --system ""l40s"" --backend ""trtllm"" --backend-version ""1.3.0rc23"" --forward-model op_level --max-workers 8",silicon,16,4,PASS=16,"decode_end=9961.920535, decode_start=39.001595, mixed=53.045623, prefill=51.454423",26dae1f99b2b50fb17118f38d8a8e95dfac3357c
nvidia/Qwen3.6-27B-NVFP4,Qwen3_5ForConditionalGeneration,l40s,vllm,0.1.dev19262,FAIL,Strict-native op-level FPE probes: PERF_DATA_MISSING=16; raw probes=16; topologies=4; source_sha=26dae1f99b2b50fb17118f38d8a8e95dfac3357c. Representative failure: perf database error: perf database error: no GEMM rows loaded from 1 source(s) (first: <repo>/python/aisimulate/src/aiconfigurator_core/systems/data/l40s/vllm/0.1.dev19262/gemm_perf.parquet),"python python/aisimulate/tools/support_matrix/generate_fpe_support_matrix.py --model ""nvidia/Qwen3.6-27B-NVFP4"" --system ""l40s"" --backend ""vllm"" --backend-version ""0.1.dev19262"" --forward-model op_level --max-workers 8",,16,4,PERF_DATA_MISSING=16,,26dae1f99b2b50fb17118f38d8a8e95dfac3357c
nvidia/Qwen3.6-27B-NVFP4,Qwen3_5ForConditionalGeneration,l40s,vllm,0.14.0,FAIL,Strict-native op-level FPE probes: PERF_DATA_MISSING=16; raw probes=16; topologies=4; source_sha=26dae1f99b2b50fb17118f38d8a8e95dfac3357c. Representative failure: perf database error: perf database error: no rows loaded from 1 source(s) (first: <repo>/python/aisimulate/src/aiconfigurator_core/systems/data/l40s/vllm/0.14.0/computescale_perf.parquet),"python python/aisimulate/tools/support_matrix/generate_fpe_support_matrix.py --model ""nvidia/Qwen3.6-27B-NVFP4"" --system ""l40s"" --backend ""vllm"" --backend-version ""0.14.0"" --forward-model op_level --max-workers 8",,16,4,PERF_DATA_MISSING=16,,26dae1f99b2b50fb17118f38d8a8e95dfac3357c
nvidia/Qwen3.6-27B-NVFP4,Qwen3_5ForConditionalGeneration,l40s,vllm,0.22.0,PASS,,"python python/aisimulate/tools/support_matrix/generate_fpe_support_matrix.py --model ""nvidia/Qwen3.6-27B-NVFP4"" --system ""l40s"" --backend ""vllm"" --backend-version ""0.22.0"" --forward-model op_level --max-workers 8",silicon,16,4,PASS=16,"decode_end=11692.978760, decode_start=45.850387, mixed=59.441912, prefill=55.789388",26dae1f99b2b50fb17118f38d8a8e95dfac3357c
nvidia/Qwen3.6-27B-NVFP4,Qwen3_5ForConditionalGeneration,l40s,vllm,0.24.0,PASS,,"python python/aisimulate/tools/support_matrix/generate_fpe_support_matrix.py --model ""nvidia/Qwen3.6-27B-NVFP4"" --system ""l40s"" --backend ""vllm"" --backend-version ""0.24.0"" --forward-model op_level --max-workers 8",silicon,16,4,PASS=16,"decode_end=11686.688647, decode_start=45.825720, mixed=59.377701, prefill=55.714212",26dae1f99b2b50fb17118f38d8a8e95dfac3357c
nvidia/Qwen3.6-35B-A3B-NVFP4,Qwen3_5MoeForConditionalGeneration,l40s,sglang,0.5.10,FAIL,Strict-native op-level FPE probes: PERF_DATA_MISSING=220; raw probes=220; topologies=55; source_sha=26dae1f99b2b50fb17118f38d8a8e95dfac3357c. Representative failure: perf database error: perf database error: no rows loaded from 1 source(s) (first: <repo>/python/aisimulate/src/aiconfigurator_core/systems/data/l40s/sglang/0.5.10/computescale_perf.parquet),"python python/aisimulate/tools/support_matrix/generate_fpe_support_matrix.py --model ""nvidia/Qwen3.6-35B-A3B-NVFP4"" --system ""l40s"" --backend ""sglang"" --backend-version ""0.5.10"" --forward-model op_level --max-workers 8",,220,55,PERF_DATA_MISSING=220,,26dae1f99b2b50fb17118f38d8a8e95dfac3357c
nvidia/Qwen3.6-35B-A3B-NVFP4,Qwen3_5MoeForConditionalGeneration,l40s,sglang,0.5.12,FAIL,"Strict-native op-level FPE probes: PERF_DATA_MISSING=220; raw probes=220; topologies=55; source_sha=26dae1f99b2b50fb17118f38d8a8e95dfac3357c. Representative failure: perf database error: MoE data missing for MoeKey { quant: ""w4a16_nvfp4"", distribution: ""uniform"", topk: 8, num_experts: 256, hidden_size: 2048, inter_size: 512, moe_tp_size: 1, moe_ep_size: 1 } at <repo>/python/aisimulate/src/aiconfigurator_core/systems/data/l40s/sglang/0.5.12","python python/aisimulate/tools/support_matrix/generate_fpe_support_matrix.py --model ""nvidia/Qwen3.6-35B-A3B-NVFP4"" --system ""l40s"" --backend ""sglang"" --backend-version ""0.5.12"" --forward-model op_level --max-workers 8",,220,55,PERF_DATA_MISSING=220,,26dae1f99b2b50fb17118f38d8a8e95dfac3357c
nvidia/Qwen3.6-35B-A3B-NVFP4,Qwen3_5MoeForConditionalGeneration,l40s,sglang,0.5.14,FAIL,"Strict-native op-level FPE probes: PERF_DATA_MISSING=220; raw probes=220; topologies=55; source_sha=26dae1f99b2b50fb17118f38d8a8e95dfac3357c. Representative failure: perf database error: MoE data missing for MoeKey { quant: ""w4a16_nvfp4"", distribution: ""uniform"", topk: 8, num_experts: 256, hidden_size: 2048, inter_size: 512, moe_tp_size: 1, moe_ep_size: 1 } at <repo>/python/aisimulate/src/aiconfigurator_core/systems/data/l40s/sglang/0.5.14","python python/aisimulate/tools/support_matrix/generate_fpe_support_matrix.py --model ""nvidia/Qwen3.6-35B-A3B-NVFP4"" --system ""l40s"" --backend ""sglang"" --backend-version ""0.5.14"" --forward-model op_level --max-workers 8",,220,55,PERF_DATA_MISSING=220,,26dae1f99b2b50fb17118f38d8a8e95dfac3357c
nvidia/Qwen3.6-35B-A3B-NVFP4,Qwen3_5MoeForConditionalGeneration,l40s,sglang,0.5.16,FAIL,"Strict-native op-level FPE probes: PERF_DATA_MISSING=220; raw probes=220; topologies=55; source_sha=26dae1f99b2b50fb17118f38d8a8e95dfac3357c. Representative failure: perf database error: MoE data missing for MoeKey { quant: ""w4a16_nvfp4"", distribution: ""uniform"", topk: 8, num_experts: 256, hidden_size: 2048, inter_size: 512, moe_tp_size: 1, moe_ep_size: 1 } at <repo>/python/aisimulate/src/aiconfigurator_core/systems/data/l40s/sglang/0.5.16","python python/aisimulate/tools/support_matrix/generate_fpe_support_matrix.py --model ""nvidia/Qwen3.6-35B-A3B-NVFP4"" --system ""l40s"" --backend ""sglang"" --backend-version ""0.5.16"" --forward-model op_level --max-workers 8",,220,55,PERF_DATA_MISSING=220,,26dae1f99b2b50fb17118f38d8a8e95dfac3357c
nvidia/Qwen3.6-35B-A3B-NVFP4,Qwen3_5MoeForConditionalGeneration,l40s,sglang,0.5.9,FAIL,Strict-native op-level FPE probes: PERF_DATA_MISSING=220; raw probes=220; topologies=55; source_sha=26dae1f99b2b50fb17118f38d8a8e95dfac3357c. Representative failure: perf database error: perf database error: no rows loaded from 1 source(s) (first: <repo>/python/aisimulate/src/aiconfigurator_core/systems/data/l40s/sglang/0.5.9/computescale_perf.parquet),"python python/aisimulate/tools/support_matrix/generate_fpe_support_matrix.py --model ""nvidia/Qwen3.6-35B-A3B-NVFP4"" --system ""l40s"" --backend ""sglang"" --backend-version ""0.5.9"" --forward-model op_level --max-workers 8",,220,55,PERF_DATA_MISSING=220,,26dae1f99b2b50fb17118f38d8a8e95dfac3357c
nvidia/Qwen3.6-35B-A3B-NVFP4,Qwen3_5MoeForConditionalGeneration,l40s,trtllm,1.0.0,FAIL,"Strict-native op-level FPE probes: PERF_DATA_MISSING=116; raw probes=116; topologies=29; source_sha=26dae1f99b2b50fb17118f38d8a8e95dfac3357c. Representative failure: perf database error: MoE data missing for MoeKey { quant: ""w4a16_nvfp4"", distribution: ""uniform"", topk: 8, num_experts: 256, hidden_size: 2048, inter_size: 512, moe_tp_size: 1, moe_ep_size: 1 } at <repo>/python/aisimulate/src/aiconfigurator_core/systems/data/l40s/trtllm/1.0.0","python python/aisimulate/tools/support_matrix/generate_fpe_support_matrix.py --model ""nvidia/Qwen3.6-35B-A3B-NVFP4"" --system ""l40s"" --backend ""trtllm"" --backend-version ""1.0.0"" --forward-model op_level --max-workers 8",,116,29,PERF_DATA_MISSING=116,,26dae1f99b2b50fb17118f38d8a8e95dfac3357c
nvidia/Qwen3.6-35B-A3B-NVFP4,Qwen3_5MoeForConditionalGeneration,l40s,trtllm,1.3.0rc15,FAIL,"Strict-native op-level FPE probes: PERF_DATA_MISSING=116; raw probes=116; topologies=29; source_sha=26dae1f99b2b50fb17118f38d8a8e95dfac3357c. Representative failure: perf database error: MoE data missing for MoeKey { quant: ""w4a16_nvfp4"", distribution: ""uniform"", topk: 8, num_experts: 256, hidden_size: 2048, inter_size: 512, moe_tp_size: 1, moe_ep_size: 1 } at <repo>/python/aisimulate/src/aiconfigurator_core/systems/data/l40s/trtllm/1.3.0rc15","python python/aisimulate/tools/support_matrix/generate_fpe_support_matrix.py --model ""nvidia/Qwen3.6-35B-A3B-NVFP4"" --system ""l40s"" --backend ""trtllm"" --backend-version ""1.3.0rc15"" --forward-model op_level --max-workers 8",,116,29,PERF_DATA_MISSING=116,,26dae1f99b2b50fb17118f38d8a8e95dfac3357c
nvidia/Qwen3.6-35B-A3B-NVFP4,Qwen3_5MoeForConditionalGeneration,l40s,trtllm,1.3.0rc20,FAIL,"Strict-native op-level FPE probes: PERF_DATA_MISSING=116; raw probes=116; topologies=29; source_sha=26dae1f99b2b50fb17118f38d8a8e95dfac3357c. Representative failure: perf database error: MoE data missing for MoeKey { quant: ""w4a16_nvfp4"", distribution: ""uniform"", topk: 8, num_experts: 256, hidden_size: 2048, inter_size: 512, moe_tp_size: 1, moe_ep_size: 1 } at <repo>/python/aisimulate/src/aiconfigurator_core/systems/data/l40s/trtllm/1.3.0rc20","python python/aisimulate/tools/support_matrix/generate_fpe_support_matrix.py --model ""nvidia/Qwen3.6-35B-A3B-NVFP4"" --system ""l40s"" --backend ""trtllm"" --backend-version ""1.3.0rc20"" --forward-model op_level --max-workers 8",,116,29,PERF_DATA_MISSING=116,,26dae1f99b2b50fb17118f38d8a8e95dfac3357c
nvidia/Qwen3.6-35B-A3B-NVFP4,Qwen3_5MoeForConditionalGeneration,l40s,trtllm,1.3.0rc23,FAIL,"Strict-native op-level FPE probes: PERF_DATA_MISSING=116; raw probes=116; topologies=29; source_sha=26dae1f99b2b50fb17118f38d8a8e95dfac3357c. Representative failure: perf database error: MoE data missing for MoeKey { quant: ""w4a16_nvfp4"", distribution: ""uniform"", topk: 8, num_experts: 256, hidden_size: 2048, inter_size: 512, moe_tp_size: 1, moe_ep_size: 1 } at <repo>/python/aisimulate/src/aiconfigurator_core/systems/data/l40s/trtllm/1.3.0rc23","python python/aisimulate/tools/support_matrix/generate_fpe_support_matrix.py --model ""nvidia/Qwen3.6-35B-A3B-NVFP4"" --system ""l40s"" --backend ""trtllm"" --backend-version ""1.3.0rc23"" --forward-model op_level --max-workers 8",,116,29,PERF_DATA_MISSING=116,,26dae1f99b2b50fb17118f38d8a8e95dfac3357c
nvidia/Qwen3.6-35B-A3B-NVFP4,Qwen3_5MoeForConditionalGeneration,l40s,vllm,0.1.dev19262,FAIL,Strict-native op-level FPE probes: PERF_DATA_MISSING=116; raw probes=116; topologies=29; source_sha=26dae1f99b2b50fb17118f38d8a8e95dfac3357c. Representative failure: perf database error: perf database error: no GEMM rows loaded from 1 source(s) (first: <repo>/python/aisimulate/src/aiconfigurator_core/systems/data/l40s/vllm/0.1.dev19262/gemm_perf.parquet),"python python/aisimulate/tools/support_matrix/generate_fpe_support_matrix.py --model ""nvidia/Qwen3.6-35B-A3B-NVFP4"" --system ""l40s"" --backend ""vllm"" --backend-version ""0.1.dev19262"" --forward-model op_level --max-workers 8",,116,29,PERF_DATA_MISSING=116,,26dae1f99b2b50fb17118f38d8a8e95dfac3357c
nvidia/Qwen3.6-35B-A3B-NVFP4,Qwen3_5MoeForConditionalGeneration,l40s,vllm,0.14.0,FAIL,Strict-native op-level FPE probes: PERF_DATA_MISSING=116; raw probes=116; topologies=29; source_sha=26dae1f99b2b50fb17118f38d8a8e95dfac3357c. Representative failure: perf database error: perf database error: no rows loaded from 1 source(s) (first: <repo>/python/aisimulate/src/aiconfigurator_core/systems/data/l40s/vllm/0.14.0/computescale_perf.parquet),"python python/aisimulate/tools/support_matrix/generate_fpe_support_matrix.py --model ""nvidia/Qwen3.6-35B-A3B-NVFP4"" --system ""l40s"" --backend ""vllm"" --backend-version ""0.14.0"" --forward-model op_level --max-workers 8",,116,29,PERF_DATA_MISSING=116,,26dae1f99b2b50fb17118f38d8a8e95dfac3357c
nvidia/Qwen3.6-35B-A3B-NVFP4,Qwen3_5MoeForConditionalGeneration,l40s,vllm,0.22.0,FAIL,"Strict-native op-level FPE probes: PERF_DATA_MISSING=116; raw probes=116; topologies=29; source_sha=26dae1f99b2b50fb17118f38d8a8e95dfac3357c. Representative failure: perf database error: MoE data missing for MoeKey { quant: ""w4a16_nvfp4"", distribution: ""uniform"", topk: 8, num_experts: 256, hidden_size: 2048, inter_size: 512, moe_tp_size: 1, moe_ep_size: 1 } at <repo>/python/aisimulate/src/aiconfigurator_core/systems/data/l40s/vllm/0.22.0","python python/aisimulate/tools/support_matrix/generate_fpe_support_matrix.py --model ""nvidia/Qwen3.6-35B-A3B-NVFP4"" --system ""l40s"" --backend ""vllm"" --backend-version ""0.22.0"" --forward-model op_level --max-workers 8",,116,29,PERF_DATA_MISSING=116,,26dae1f99b2b50fb17118f38d8a8e95dfac3357c
nvidia/Qwen3.6-35B-A3B-NVFP4,Qwen3_5MoeForConditionalGeneration,l40s,vllm,0.24.0,FAIL,"Strict-native op-level FPE probes: PERF_DATA_MISSING=116; raw probes=116; topologies=29; source_sha=26dae1f99b2b50fb17118f38d8a8e95dfac3357c. Representative failure: perf database error: MoE data missing for MoeKey { quant: ""w4a16_nvfp4"", distribution: ""uniform"", topk: 8, num_experts: 256, hidden_size: 2048, inter_size: 512, moe_tp_size: 1, moe_ep_size: 1 } at <repo>/python/aisimulate/src/aiconfigurator_core/systems/data/l40s/vllm/0.24.0","python python/aisimulate/tools/support_matrix/generate_fpe_support_matrix.py --model ""nvidia/Qwen3.6-35B-A3B-NVFP4"" --system ""l40s"" --backend ""vllm"" --backend-version ""0.24.0"" --forward-model op_level --max-workers 8",,116,29,PERF_DATA_MISSING=116,,26dae1f99b2b50fb17118f38d8a8e95dfac3357c
openai/gpt-oss-120b,GptOssForCausalLM,l40s,sglang,0.5.10,FAIL,"Strict-native op-level FPE probes: PERF_DATA_MISSING=220, SDK_UNREPRESENTABLE=320; raw probes=540; topologies=135; source_sha=26dae1f99b2b50fb17118f38d8a8e95dfac3357c. Representative failure: perf database error: MoE data missing for MoeKey { quant: ""w4a16_mxfp4"", distribution: ""uniform"", topk: 4, num_experts: 128, hidden_size: 2880, inter_size: 2880, moe_tp_size: 1, moe_ep_size: 1 } at <repo>/python/aisimulate/src/aiconfigurator_core/systems/data/l40s/sglang/0.5.10","python python/aisimulate/tools/support_matrix/generate_fpe_support_matrix.py --model ""openai/gpt-oss-120b"" --system ""l40s"" --backend ""sglang"" --backend-version ""0.5.10"" --forward-model op_level --max-workers 8",,540,135,"PERF_DATA_MISSING=220, SDK_UNREPRESENTABLE=320",,26dae1f99b2b50fb17118f38d8a8e95dfac3357c
openai/gpt-oss-120b,GptOssForCausalLM,l40s,sglang,0.5.12,PASS,,"python python/aisimulate/tools/support_matrix/generate_fpe_support_matrix.py --model ""openai/gpt-oss-120b"" --system ""l40s"" --backend ""sglang"" --backend-version ""0.5.12"" --forward-model op_level --max-workers 8",silicon,540,135,"PASS=220, SDK_UNREPRESENTABLE=320","decode_end=20517.345742, decode_start=80.447398, mixed=311.355309, prefill=280.819255",26dae1f99b2b50fb17118f38d8a8e95dfac3357c
openai/gpt-oss-120b,GptOssForCausalLM,l40s,sglang,0.5.14,PASS,,"python python/aisimulate/tools/support_matrix/generate_fpe_support_matrix.py --model ""openai/gpt-oss-120b"" --system ""l40s"" --backend ""sglang"" --backend-version ""0.5.14"" --forward-model op_level --max-workers 8",silicon,540,135,"PASS=220, SDK_UNREPRESENTABLE=320","decode_end=20527.417332, decode_start=80.486894, mixed=311.463088, prefill=280.736339",26dae1f99b2b50fb17118f38d8a8e95dfac3357c
openai/gpt-oss-120b,GptOssForCausalLM,l40s,sglang,0.5.16,PASS,,"python python/aisimulate/tools/support_matrix/generate_fpe_support_matrix.py --model ""openai/gpt-oss-120b"" --system ""l40s"" --backend ""sglang"" --backend-version ""0.5.16"" --forward-model op_level --max-workers 8",silicon,540,135,"PASS=220, SDK_UNREPRESENTABLE=320","decode_end=20527.417332, decode_start=80.486894, mixed=311.463088, prefill=280.736339",26dae1f99b2b50fb17118f38d8a8e95dfac3357c
openai/gpt-oss-120b,GptOssForCausalLM,l40s,sglang,0.5.9,FAIL,"Strict-native op-level FPE probes: PERF_DATA_MISSING=220, SDK_UNREPRESENTABLE=320; raw probes=540; topologies=135; source_sha=26dae1f99b2b50fb17118f38d8a8e95dfac3357c. Representative failure: perf database error: MoE data missing for MoeKey { quant: ""w4a16_mxfp4"", distribution: ""uniform"", topk: 4, num_experts: 128, hidden_size: 2880, inter_size: 2880, moe_tp_size: 1, moe_ep_size: 1 } at <repo>/python/aisimulate/src/aiconfigurator_core/systems/data/l40s/sglang/0.5.9","python python/aisimulate/tools/support_matrix/generate_fpe_support_matrix.py --model ""openai/gpt-oss-120b"" --system ""l40s"" --backend ""sglang"" --backend-version ""0.5.9"" --forward-model op_level --max-workers 8",,540,135,"PERF_DATA_MISSING=220, SDK_UNREPRESENTABLE=320",,26dae1f99b2b50fb17118f38d8a8e95dfac3357c
openai/gpt-oss-120b,GptOssForCausalLM,l40s,trtllm,1.0.0,FAIL,"Strict-native op-level FPE probes: PERF_DATA_MISSING=116; raw probes=116; topologies=29; source_sha=26dae1f99b2b50fb17118f38d8a8e95dfac3357c. Representative failure: perf database error: MoE data missing for MoeKey { quant: ""w4a16_mxfp4"", distribution: ""uniform"", topk: 4, num_experts: 128, hidden_size: 2880, inter_size: 2880, moe_tp_size: 1, moe_ep_size: 1 } at <repo>/python/aisimulate/src/aiconfigurator_core/systems/data/l40s/trtllm/1.0.0","python python/aisimulate/tools/support_matrix/generate_fpe_support_matrix.py --model ""openai/gpt-oss-120b"" --system ""l40s"" --backend ""trtllm"" --backend-version ""1.0.0"" --forward-model op_level --max-workers 8",,116,29,PERF_DATA_MISSING=116,,26dae1f99b2b50fb17118f38d8a8e95dfac3357c
openai/gpt-oss-120b,GptOssForCausalLM,l40s,trtllm,1.3.0rc15,FAIL,"Strict-native op-level FPE probes: PERF_DATA_MISSING=116; raw probes=116; topologies=29; source_sha=26dae1f99b2b50fb17118f38d8a8e95dfac3357c. Representative failure: perf database error: MoE data missing for MoeKey { quant: ""w4a16_mxfp4"", distribution: ""uniform"", topk: 4, num_experts: 128, hidden_size: 2880, inter_size: 2880, moe_tp_size: 1, moe_ep_size: 1 } at <repo>/python/aisimulate/src/aiconfigurator_core/systems/data/l40s/trtllm/1.3.0rc15","python python/aisimulate/tools/support_matrix/generate_fpe_support_matrix.py --model ""openai/gpt-oss-120b"" --system ""l40s"" --backend ""trtllm"" --backend-version ""1.3.0rc15"" --forward-model op_level --max-workers 8",,116,29,PERF_DATA_MISSING=116,,26dae1f99b2b50fb17118f38d8a8e95dfac3357c
openai/gpt-oss-120b,GptOssForCausalLM,l40s,trtllm,1.3.0rc20,FAIL,"Strict-native op-level FPE probes: PERF_DATA_MISSING=116; raw probes=116; topologies=29; source_sha=26dae1f99b2b50fb17118f38d8a8e95dfac3357c. Representative failure: perf database error: MoE data missing for MoeKey { quant: ""w4a16_mxfp4"", distribution: ""uniform"", topk: 4, num_experts: 128, hidden_size: 2880, inter_size: 2880, moe_tp_size: 1, moe_ep_size: 1 } at <repo>/python/aisimulate/src/aiconfigurator_core/systems/data/l40s/trtllm/1.3.0rc20","python python/aisimulate/tools/support_matrix/generate_fpe_support_matrix.py --model ""openai/gpt-oss-120b"" --system ""l40s"" --backend ""trtllm"" --backend-version ""1.3.0rc20"" --forward-model op_level --max-workers 8",,116,29,PERF_DATA_MISSING=116,,26dae1f99b2b50fb17118f38d8a8e95dfac3357c
openai/gpt-oss-120b,GptOssForCausalLM,l40s,trtllm,1.3.0rc23,FAIL,"Strict-native op-level FPE probes: PERF_DATA_MISSING=116; raw probes=116; topologies=29; source_sha=26dae1f99b2b50fb17118f38d8a8e95dfac3357c. Representative failure: perf database error: MoE data missing for MoeKey { quant: ""w4a16_mxfp4"", distribution: ""uniform"", topk: 4, num_experts: 128, hidden_size: 2880, inter_size: 2880, moe_tp_size: 1, moe_ep_size: 1 } at <repo>/python/aisimulate/src/aiconfigurator_core/systems/data/l40s/trtllm/1.3.0rc23","python python/aisimulate/tools/support_matrix/generate_fpe_support_matrix.py --model ""openai/gpt-oss-120b"" --system ""l40s"" --backend ""trtllm"" --backend-version ""1.3.0rc23"" --forward-model op_level --max-workers 8",,116,29,PERF_DATA_MISSING=116,,26dae1f99b2b50fb17118f38d8a8e95dfac3357c
openai/gpt-oss-120b,GptOssForCausalLM,l40s,vllm,0.1.dev19262,FAIL,Strict-native op-level FPE probes: PERF_DATA_MISSING=116; raw probes=116; topologies=29; source_sha=26dae1f99b2b50fb17118f38d8a8e95dfac3357c. Representative failure: perf database error: perf database error: no GEMM rows loaded from 1 source(s) (first: <repo>/python/aisimulate/src/aiconfigurator_core/systems/data/l40s/vllm/0.1.dev19262/gemm_perf.parquet),"python python/aisimulate/tools/support_matrix/generate_fpe_support_matrix.py --model ""openai/gpt-oss-120b"" --system ""l40s"" --backend ""vllm"" --backend-version ""0.1.dev19262"" --forward-model op_level --max-workers 8",,116,29,PERF_DATA_MISSING=116,,26dae1f99b2b50fb17118f38d8a8e95dfac3357c
openai/gpt-oss-120b,GptOssForCausalLM,l40s,vllm,0.14.0,FAIL,"Strict-native op-level FPE probes: PERF_DATA_MISSING=116; raw probes=116; topologies=29; source_sha=26dae1f99b2b50fb17118f38d8a8e95dfac3357c. Representative failure: perf database error: MoE data missing for MoeKey { quant: ""w4a16_mxfp4"", distribution: ""uniform"", topk: 4, num_experts: 128, hidden_size: 2880, inter_size: 2880, moe_tp_size: 1, moe_ep_size: 1 } at <repo>/python/aisimulate/src/aiconfigurator_core/systems/data/l40s/vllm/0.14.0","python python/aisimulate/tools/support_matrix/generate_fpe_support_matrix.py --model ""openai/gpt-oss-120b"" --system ""l40s"" --backend ""vllm"" --backend-version ""0.14.0"" --forward-model op_level --max-workers 8",,116,29,PERF_DATA_MISSING=116,,26dae1f99b2b50fb17118f38d8a8e95dfac3357c
openai/gpt-oss-120b,GptOssForCausalLM,l40s,vllm,0.22.0,PASS,,"python python/aisimulate/tools/support_matrix/generate_fpe_support_matrix.py --model ""openai/gpt-oss-120b"" --system ""l40s"" --backend ""vllm"" --backend-version ""0.22.0"" --forward-model op_level --max-workers 8",silicon,116,29,PASS=116,"decode_end=6754.572975, decode_start=26.472405, mixed=83.444373, prefill=81.987550",26dae1f99b2b50fb17118f38d8a8e95dfac3357c
openai/gpt-oss-120b,GptOssForCausalLM,l40s,vllm,0.24.0,PASS,,"python python/aisimulate/tools/support_matrix/generate_fpe_support_matrix.py --model ""openai/gpt-oss-120b"" --system ""l40s"" --backend ""vllm"" --backend-version ""0.24.0"" --forward-model op_level --max-workers 8",silicon,116,29,PASS=116,"decode_end=6723.160740, decode_start=26.349220, mixed=83.275371, prefill=81.756829",26dae1f99b2b50fb17118f38d8a8e95dfac3357c
openai/gpt-oss-20b,GptOssForCausalLM,l40s,sglang,0.5.10,FAIL,"Strict-native op-level FPE probes: PERF_DATA_MISSING=220, SDK_UNREPRESENTABLE=320; raw probes=540; topologies=135; source_sha=26dae1f99b2b50fb17118f38d8a8e95dfac3357c. Representative failure: perf database error: MoE data missing for MoeKey { quant: ""w4a16_mxfp4"", distribution: ""uniform"", topk: 4, num_experts: 32, hidden_size: 2880, inter_size: 2880, moe_tp_size: 1, moe_ep_size: 1 } at <repo>/python/aisimulate/src/aiconfigurator_core/systems/data/l40s/sglang/0.5.10","python python/aisimulate/tools/support_matrix/generate_fpe_support_matrix.py --model ""openai/gpt-oss-20b"" --system ""l40s"" --backend ""sglang"" --backend-version ""0.5.10"" --forward-model op_level --max-workers 8",,540,135,"PERF_DATA_MISSING=220, SDK_UNREPRESENTABLE=320",,26dae1f99b2b50fb17118f38d8a8e95dfac3357c
openai/gpt-oss-20b,GptOssForCausalLM,l40s,sglang,0.5.12,PASS,,"python python/aisimulate/tools/support_matrix/generate_fpe_support_matrix.py --model ""openai/gpt-oss-20b"" --system ""l40s"" --backend ""sglang"" --backend-version ""0.5.12"" --forward-model op_level --max-workers 8",silicon,540,135,"PASS=220, SDK_UNREPRESENTABLE=320","decode_end=8089.841635, decode_start=31.716348, mixed=85.180953, prefill=84.857476",26dae1f99b2b50fb17118f38d8a8e95dfac3357c
openai/gpt-oss-20b,GptOssForCausalLM,l40s,sglang,0.5.14,PASS,,"python python/aisimulate/tools/support_matrix/generate_fpe_support_matrix.py --model ""openai/gpt-oss-20b"" --system ""l40s"" --backend ""sglang"" --backend-version ""0.5.14"" --forward-model op_level --max-workers 8",silicon,540,135,"PASS=220, SDK_UNREPRESENTABLE=320","decode_end=8096.055397, decode_start=31.740716, mixed=85.282299, prefill=84.805718",26dae1f99b2b50fb17118f38d8a8e95dfac3357c
openai/gpt-oss-20b,GptOssForCausalLM,l40s,sglang,0.5.16,PASS,,"python python/aisimulate/tools/support_matrix/generate_fpe_support_matrix.py --model ""openai/gpt-oss-20b"" --system ""l40s"" --backend ""sglang"" --backend-version ""0.5.16"" --forward-model op_level --max-workers 8",silicon,540,135,"PASS=220, SDK_UNREPRESENTABLE=320","decode_end=8096.055397, decode_start=31.740716, mixed=85.282299, prefill=84.805718",26dae1f99b2b50fb17118f38d8a8e95dfac3357c
openai/gpt-oss-20b,GptOssForCausalLM,l40s,sglang,0.5.9,FAIL,"Strict-native op-level FPE probes: PERF_DATA_MISSING=220, SDK_UNREPRESENTABLE=320; raw probes=540; topologies=135; source_sha=26dae1f99b2b50fb17118f38d8a8e95dfac3357c. Representative failure: perf database error: MoE data missing for MoeKey { quant: ""w4a16_mxfp4"", distribution: ""uniform"", topk: 4, num_experts: 32, hidden_size: 2880, inter_size: 2880, moe_tp_size: 1, moe_ep_size: 1 } at <repo>/python/aisimulate/src/aiconfigurator_core/systems/data/l40s/sglang/0.5.9","python python/aisimulate/tools/support_matrix/generate_fpe_support_matrix.py --model ""openai/gpt-oss-20b"" --system ""l40s"" --backend ""sglang"" --backend-version ""0.5.9"" --forward-model op_level --max-workers 8",,540,135,"PERF_DATA_MISSING=220, SDK_UNREPRESENTABLE=320",,26dae1f99b2b50fb17118f38d8a8e95dfac3357c
openai/gpt-oss-20b,GptOssForCausalLM,l40s,trtllm,1.0.0,FAIL,"Strict-native op-level FPE probes: PERF_DATA_MISSING=116; raw probes=116; topologies=29; source_sha=26dae1f99b2b50fb17118f38d8a8e95dfac3357c. Representative failure: perf database error: MoE data missing for MoeKey { quant: ""w4a16_mxfp4"", distribution: ""uniform"", topk: 4, num_experts: 32, hidden_size: 2880, inter_size: 2880, moe_tp_size: 1, moe_ep_size: 1 } at <repo>/python/aisimulate/src/aiconfigurator_core/systems/data/l40s/trtllm/1.0.0","python python/aisimulate/tools/support_matrix/generate_fpe_support_matrix.py --model ""openai/gpt-oss-20b"" --system ""l40s"" --backend ""trtllm"" --backend-version ""1.0.0"" --forward-model op_level --max-workers 8",,116,29,PERF_DATA_MISSING=116,,26dae1f99b2b50fb17118f38d8a8e95dfac3357c
openai/gpt-oss-20b,GptOssForCausalLM,l40s,trtllm,1.3.0rc15,FAIL,"Strict-native op-level FPE probes: PERF_DATA_MISSING=116; raw probes=116; topologies=29; source_sha=26dae1f99b2b50fb17118f38d8a8e95dfac3357c. Representative failure: perf database error: MoE data missing for MoeKey { quant: ""w4a16_mxfp4"", distribution: ""uniform"", topk: 4, num_experts: 32, hidden_size: 2880, inter_size: 2880, moe_tp_size: 1, moe_ep_size: 1 } at <repo>/python/aisimulate/src/aiconfigurator_core/systems/data/l40s/trtllm/1.3.0rc15","python python/aisimulate/tools/support_matrix/generate_fpe_support_matrix.py --model ""openai/gpt-oss-20b"" --system ""l40s"" --backend ""trtllm"" --backend-version ""1.3.0rc15"" --forward-model op_level --max-workers 8",,116,29,PERF_DATA_MISSING=116,,26dae1f99b2b50fb17118f38d8a8e95dfac3357c
openai/gpt-oss-20b,GptOssForCausalLM,l40s,trtllm,1.3.0rc20,FAIL,"Strict-native op-level FPE probes: PERF_DATA_MISSING=116; raw probes=116; topologies=29; source_sha=26dae1f99b2b50fb17118f38d8a8e95dfac3357c. Representative failure: perf database error: MoE data missing for MoeKey { quant: ""w4a16_mxfp4"", distribution: ""uniform"", topk: 4, num_experts: 32, hidden_size: 2880, inter_size: 2880, moe_tp_size: 1, moe_ep_size: 1 } at <repo>/python/aisimulate/src/aiconfigurator_core/systems/data/l40s/trtllm/1.3.0rc20","python python/aisimulate/tools/support_matrix/generate_fpe_support_matrix.py --model ""openai/gpt-oss-20b"" --system ""l40s"" --backend ""trtllm"" --backend-version ""1.3.0rc20"" --forward-model op_level --max-workers 8",,116,29,PERF_DATA_MISSING=116,,26dae1f99b2b50fb17118f38d8a8e95dfac3357c
openai/gpt-oss-20b,GptOssForCausalLM,l40s,trtllm,1.3.0rc23,FAIL,"Strict-native op-level FPE probes: PERF_DATA_MISSING=116; raw probes=116; topologies=29; source_sha=26dae1f99b2b50fb17118f38d8a8e95dfac3357c. Representative failure: perf database error: MoE data missing for MoeKey { quant: ""w4a16_mxfp4"", distribution: ""uniform"", topk: 4, num_experts: 32, hidden_size: 2880, inter_size: 2880, moe_tp_size: 1, moe_ep_size: 1 } at <repo>/python/aisimulate/src/aiconfigurator_core/systems/data/l40s/trtllm/1.3.0rc23","python python/aisimulate/tools/support_matrix/generate_fpe_support_matrix.py --model ""openai/gpt-oss-20b"" --system ""l40s"" --backend ""trtllm"" --backend-version ""1.3.0rc23"" --forward-model op_level --max-workers 8",,116,29,PERF_DATA_MISSING=116,,26dae1f99b2b50fb17118f38d8a8e95dfac3357c
openai/gpt-oss-20b,GptOssForCausalLM,l40s,vllm,0.1.dev19262,FAIL,Strict-native op-level FPE probes: PERF_DATA_MISSING=116; raw probes=116; topologies=29; source_sha=26dae1f99b2b50fb17118f38d8a8e95dfac3357c. Representative failure: perf database error: perf database error: no GEMM rows loaded from 1 source(s) (first: <repo>/python/aisimulate/src/aiconfigurator_core/systems/data/l40s/vllm/0.1.dev19262/gemm_perf.parquet),"python python/aisimulate/tools/support_matrix/generate_fpe_support_matrix.py --model ""openai/gpt-oss-20b"" --system ""l40s"" --backend ""vllm"" --backend-version ""0.1.dev19262"" --forward-model op_level --max-workers 8",,116,29,PERF_DATA_MISSING=116,,26dae1f99b2b50fb17118f38d8a8e95dfac3357c
openai/gpt-oss-20b,GptOssForCausalLM,l40s,vllm,0.14.0,FAIL,"Strict-native op-level FPE probes: PERF_DATA_MISSING=116; raw probes=116; topologies=29; source_sha=26dae1f99b2b50fb17118f38d8a8e95dfac3357c. Representative failure: perf database error: MoE data missing for MoeKey { quant: ""w4a16_mxfp4"", distribution: ""uniform"", topk: 4, num_experts: 32, hidden_size: 2880, inter_size: 2880, moe_tp_size: 1, moe_ep_size: 1 } at <repo>/python/aisimulate/src/aiconfigurator_core/systems/data/l40s/vllm/0.14.0","python python/aisimulate/tools/support_matrix/generate_fpe_support_matrix.py --model ""openai/gpt-oss-20b"" --system ""l40s"" --backend ""vllm"" --backend-version ""0.14.0"" --forward-model op_level --max-workers 8",,116,29,PERF_DATA_MISSING=116,,26dae1f99b2b50fb17118f38d8a8e95dfac3357c
openai/gpt-oss-20b,GptOssForCausalLM,l40s,vllm,0.22.0,PASS,,"python python/aisimulate/tools/support_matrix/generate_fpe_support_matrix.py --model ""openai/gpt-oss-20b"" --system ""l40s"" --backend ""vllm"" --backend-version ""0.22.0"" --forward-model op_level --max-workers 8",silicon,116,29,PASS=116,"decode_end=3353.639999, decode_start=13.140785, mixed=20.725898, prefill=20.045126",26dae1f99b2b50fb17118f38d8a8e95dfac3357c
openai/gpt-oss-20b,GptOssForCausalLM,l40s,vllm,0.24.0,PASS,,"python python/aisimulate/tools/support_matrix/generate_fpe_support_matrix.py --model ""openai/gpt-oss-20b"" --system ""l40s"" --backend ""vllm"" --backend-version ""0.24.0"" --forward-model op_level --max-workers 8",silicon,116,29,PASS=116,"decode_end=3332.583838, decode_start=13.058212, mixed=20.613145, prefill=19.889410",26dae1f99b2b50fb17118f38d8a8e95dfac3357c
sgl-project/DeepSeek-V4-Flash-FP8,DeepseekV4ForCausalLM,l40s,sglang,0.5.10,FAIL,"Strict-native op-level FPE probes: PERF_DATA_MISSING=220, SDK_UNREPRESENTABLE=320; raw probes=540; topologies=135; source_sha=26dae1f99b2b50fb17118f38d8a8e95dfac3357c. Representative failure: perf database error: perf database error: no MHC module rows loaded from 1 source(s) (first: <repo>/python/aisimulate/src/aiconfigurator_core/systems/data/l40s/sglang/0.5.10/mhc_module_perf.parquet)","python python/aisimulate/tools/support_matrix/generate_fpe_support_matrix.py --model ""sgl-project/DeepSeek-V4-Flash-FP8"" --system ""l40s"" --backend ""sglang"" --backend-version ""0.5.10"" --forward-model op_level --max-workers 8",,540,135,"PERF_DATA_MISSING=220, SDK_UNREPRESENTABLE=320",,26dae1f99b2b50fb17118f38d8a8e95dfac3357c
sgl-project/DeepSeek-V4-Flash-FP8,DeepseekV4ForCausalLM,l40s,sglang,0.5.12,FAIL,"Strict-native op-level FPE probes: PERF_DATA_MISSING=220, SDK_UNREPRESENTABLE=320; raw probes=540; topologies=135; source_sha=26dae1f99b2b50fb17118f38d8a8e95dfac3357c. Representative failure: perf database error: perf database error: no MHC module rows loaded from 1 source(s) (first: <repo>/python/aisimulate/src/aiconfigurator_core/systems/data/l40s/sglang/0.5.12/mhc_module_perf.parquet)","python python/aisimulate/tools/support_matrix/generate_fpe_support_matrix.py --model ""sgl-project/DeepSeek-V4-Flash-FP8"" --system ""l40s"" --backend ""sglang"" --backend-version ""0.5.12"" --forward-model op_level --max-workers 8",,540,135,"PERF_DATA_MISSING=220, SDK_UNREPRESENTABLE=320",,26dae1f99b2b50fb17118f38d8a8e95dfac3357c
sgl-project/DeepSeek-V4-Flash-FP8,DeepseekV4ForCausalLM,l40s,sglang,0.5.14,FAIL,"Strict-native op-level FPE probes: PERF_DATA_MISSING=220, SDK_UNREPRESENTABLE=320; raw probes=540; topologies=135; source_sha=26dae1f99b2b50fb17118f38d8a8e95dfac3357c. Representative failure: perf database error: perf database error: no MHC module rows loaded from 1 source(s) (first: <repo>/python/aisimulate/src/aiconfigurator_core/systems/data/l40s/sglang/0.5.14/mhc_module_perf.parquet)","python python/aisimulate/tools/support_matrix/generate_fpe_support_matrix.py --model ""sgl-project/DeepSeek-V4-Flash-FP8"" --system ""l40s"" --backend ""sglang"" --backend-version ""0.5.14"" --forward-model op_level --max-workers 8",,540,135,"PERF_DATA_MISSING=220, SDK_UNREPRESENTABLE=320",,26dae1f99b2b50fb17118f38d8a8e95dfac3357c
sgl-project/DeepSeek-V4-Flash-FP8,DeepseekV4ForCausalLM,l40s,sglang,0.5.16,FAIL,"Strict-native op-level FPE probes: PERF_DATA_MISSING=220, SDK_UNREPRESENTABLE=320; raw probes=540; topologies=135; source_sha=26dae1f99b2b50fb17118f38d8a8e95dfac3357c. Representative failure: perf database error: perf database error: no MHC module rows loaded from 1 source(s) (first: <repo>/python/aisimulate/src/aiconfigurator_core/systems/data/l40s/sglang/0.5.16/mhc_module_perf.parquet)","python python/aisimulate/tools/support_matrix/generate_fpe_support_matrix.py --model ""sgl-project/DeepSeek-V4-Flash-FP8"" --system ""l40s"" --backend ""sglang"" --backend-version ""0.5.16"" --forward-model op_level --max-workers 8",,540,135,"PERF_DATA_MISSING=220, SDK_UNREPRESENTABLE=320",,26dae1f99b2b50fb17118f38d8a8e95dfac3357c
sgl-project/DeepSeek-V4-Flash-FP8,DeepseekV4ForCausalLM,l40s,sglang,0.5.9,FAIL,"Strict-native op-level FPE probes: PERF_DATA_MISSING=220, SDK_UNREPRESENTABLE=320; raw probes=540; topologies=135; source_sha=26dae1f99b2b50fb17118f38d8a8e95dfac3357c. Representative failure: perf database error: perf database error: no MHC module rows loaded from 1 source(s) (first: <repo>/python/aisimulate/src/aiconfigurator_core/systems/data/l40s/sglang/0.5.9/mhc_module_perf.parquet)","python python/aisimulate/tools/support_matrix/generate_fpe_support_matrix.py --model ""sgl-project/DeepSeek-V4-Flash-FP8"" --system ""l40s"" --backend ""sglang"" --backend-version ""0.5.9"" --forward-model op_level --max-workers 8",,540,135,"PERF_DATA_MISSING=220, SDK_UNREPRESENTABLE=320",,26dae1f99b2b50fb17118f38d8a8e95dfac3357c
sgl-project/DeepSeek-V4-Flash-FP8,DeepseekV4ForCausalLM,l40s,trtllm,1.0.0,FAIL,Strict-native op-level FPE probes: PERF_DATA_MISSING=116; raw probes=116; topologies=29; source_sha=26dae1f99b2b50fb17118f38d8a8e95dfac3357c. Representative failure: perf database error: perf database error: no MHC module rows loaded from 1 source(s) (first: <repo>/python/aisimulate/src/aiconfigurator_core/systems/data/l40s/trtllm/1.0.0/mhc_module_perf.parquet),"python python/aisimulate/tools/support_matrix/generate_fpe_support_matrix.py --model ""sgl-project/DeepSeek-V4-Flash-FP8"" --system ""l40s"" --backend ""trtllm"" --backend-version ""1.0.0"" --forward-model op_level --max-workers 8",,116,29,PERF_DATA_MISSING=116,,26dae1f99b2b50fb17118f38d8a8e95dfac3357c
sgl-project/DeepSeek-V4-Flash-FP8,DeepseekV4ForCausalLM,l40s,trtllm,1.3.0rc15,FAIL,Strict-native op-level FPE probes: PERF_DATA_MISSING=116; raw probes=116; topologies=29; source_sha=26dae1f99b2b50fb17118f38d8a8e95dfac3357c. Representative failure: perf database error: perf database error: no MHC module rows loaded from 1 source(s) (first: <repo>/python/aisimulate/src/aiconfigurator_core/systems/data/l40s/trtllm/1.3.0rc15/mhc_module_perf.parquet),"python python/aisimulate/tools/support_matrix/generate_fpe_support_matrix.py --model ""sgl-project/DeepSeek-V4-Flash-FP8"" --system ""l40s"" --backend ""trtllm"" --backend-version ""1.3.0rc15"" --forward-model op_level --max-workers 8",,116,29,PERF_DATA_MISSING=116,,26dae1f99b2b50fb17118f38d8a8e95dfac3357c
sgl-project/DeepSeek-V4-Flash-FP8,DeepseekV4ForCausalLM,l40s,trtllm,1.3.0rc20,FAIL,"Strict-native op-level FPE probes: PERF_DATA_MISSING=116; raw probes=116; topologies=29; source_sha=26dae1f99b2b50fb17118f38d8a8e95dfac3357c. Representative failure: perf database error: MoE data missing for MoeKey { quant: ""fp8_block"", distribution: ""uniform"", topk: 6, num_experts: 256, hidden_size: 4096, inter_size: 2048, moe_tp_size: 1, moe_ep_size: 1 } at <repo>/python/aisimulate/src/aiconfigurator_core/systems/data/l40s/trtllm/1.3.0rc20","python python/aisimulate/tools/support_matrix/generate_fpe_support_matrix.py --model ""sgl-project/DeepSeek-V4-Flash-FP8"" --system ""l40s"" --backend ""trtllm"" --backend-version ""1.3.0rc20"" --forward-model op_level --max-workers 8",,116,29,PERF_DATA_MISSING=116,,26dae1f99b2b50fb17118f38d8a8e95dfac3357c
sgl-project/DeepSeek-V4-Flash-FP8,DeepseekV4ForCausalLM,l40s,trtllm,1.3.0rc23,FAIL,"Strict-native op-level FPE probes: PERF_DATA_MISSING=116; raw probes=116; topologies=29; source_sha=26dae1f99b2b50fb17118f38d8a8e95dfac3357c. Representative failure: perf database error: MoE data missing for MoeKey { quant: ""fp8_block"", distribution: ""uniform"", topk: 6, num_experts: 256, hidden_size: 4096, inter_size: 2048, moe_tp_size: 1, moe_ep_size: 1 } at <repo>/python/aisimulate/src/aiconfigurator_core/systems/data/l40s/trtllm/1.3.0rc23","python python/aisimulate/tools/support_matrix/generate_fpe_support_matrix.py --model ""sgl-project/DeepSeek-V4-Flash-FP8"" --system ""l40s"" --backend ""trtllm"" --backend-version ""1.3.0rc23"" --forward-model op_level --max-workers 8",,116,29,PERF_DATA_MISSING=116,,26dae1f99b2b50fb17118f38d8a8e95dfac3357c
sgl-project/DeepSeek-V4-Flash-FP8,DeepseekV4ForCausalLM,l40s,vllm,0.1.dev19262,FAIL,Strict-native op-level FPE probes: PERF_DATA_MISSING=116; raw probes=116; topologies=29; source_sha=26dae1f99b2b50fb17118f38d8a8e95dfac3357c. Representative failure: perf database error: perf database error: no MHC module rows loaded from 1 source(s) (first: <repo>/python/aisimulate/src/aiconfigurator_core/systems/data/l40s/vllm/0.1.dev19262/mhc_module_perf.parquet),"python python/aisimulate/tools/support_matrix/generate_fpe_support_matrix.py --model ""sgl-project/DeepSeek-V4-Flash-FP8"" --system ""l40s"" --backend ""vllm"" --backend-version ""0.1.dev19262"" --forward-model op_level --max-workers 8",,116,29,PERF_DATA_MISSING=116,,26dae1f99b2b50fb17118f38d8a8e95dfac3357c
sgl-project/DeepSeek-V4-Flash-FP8,DeepseekV4ForCausalLM,l40s,vllm,0.14.0,FAIL,Strict-native op-level FPE probes: PERF_DATA_MISSING=116; raw probes=116; topologies=29; source_sha=26dae1f99b2b50fb17118f38d8a8e95dfac3357c. Representative failure: perf database error: perf database error: no MHC module rows loaded from 1 source(s) (first: <repo>/python/aisimulate/src/aiconfigurator_core/systems/data/l40s/vllm/0.14.0/mhc_module_perf.parquet),"python python/aisimulate/tools/support_matrix/generate_fpe_support_matrix.py --model ""sgl-project/DeepSeek-V4-Flash-FP8"" --system ""l40s"" --backend ""vllm"" --backend-version ""0.14.0"" --forward-model op_level --max-workers 8",,116,29,PERF_DATA_MISSING=116,,26dae1f99b2b50fb17118f38d8a8e95dfac3357c
sgl-project/DeepSeek-V4-Flash-FP8,DeepseekV4ForCausalLM,l40s,vllm,0.22.0,FAIL,Strict-native op-level FPE probes: PERF_DATA_MISSING=116; raw probes=116; topologies=29; source_sha=26dae1f99b2b50fb17118f38d8a8e95dfac3357c. Representative failure: perf database error: perf database error: no DSV4 module rows loaded from 1 source(s) (first: <repo>/python/aisimulate/src/aiconfigurator_core/systems/data/l40s/vllm/0.22.0/dsv4_csa_context_module_perf.parquet),"python python/aisimulate/tools/support_matrix/generate_fpe_support_matrix.py --model ""sgl-project/DeepSeek-V4-Flash-FP8"" --system ""l40s"" --backend ""vllm"" --backend-version ""0.22.0"" --forward-model op_level --max-workers 8",,116,29,PERF_DATA_MISSING=116,,26dae1f99b2b50fb17118f38d8a8e95dfac3357c
sgl-project/DeepSeek-V4-Flash-FP8,DeepseekV4ForCausalLM,l40s,vllm,0.24.0,FAIL,Strict-native op-level FPE probes: PERF_DATA_MISSING=116; raw probes=116; topologies=29; source_sha=26dae1f99b2b50fb17118f38d8a8e95dfac3357c. Representative failure: perf database error: perf database error: no DSV4 module rows loaded from 1 source(s) (first: <repo>/python/aisimulate/src/aiconfigurator_core/systems/data/l40s/vllm/0.24.0/dsv4_csa_context_module_perf.parquet),"python python/aisimulate/tools/support_matrix/generate_fpe_support_matrix.py --model ""sgl-project/DeepSeek-V4-Flash-FP8"" --system ""l40s"" --backend ""vllm"" --backend-version ""0.24.0"" --forward-model op_level --max-workers 8",,116,29,PERF_DATA_MISSING=116,,26dae1f99b2b50fb17118f38d8a8e95dfac3357c
sgl-project/DeepSeek-V4-Pro-FP8,DeepseekV4ForCausalLM,l40s,sglang,0.5.10,FAIL,"Strict-native op-level FPE probes: PERF_DATA_MISSING=220, SDK_UNREPRESENTABLE=320; raw probes=540; topologies=135; source_sha=26dae1f99b2b50fb17118f38d8a8e95dfac3357c. Representative failure: perf database error: perf database error: no MHC module rows loaded from 1 source(s) (first: <repo>/python/aisimulate/src/aiconfigurator_core/systems/data/l40s/sglang/0.5.10/mhc_module_perf.parquet)","python python/aisimulate/tools/support_matrix/generate_fpe_support_matrix.py --model ""sgl-project/DeepSeek-V4-Pro-FP8"" --system ""l40s"" --backend ""sglang"" --backend-version ""0.5.10"" --forward-model op_level --max-workers 8",,540,135,"PERF_DATA_MISSING=220, SDK_UNREPRESENTABLE=320",,26dae1f99b2b50fb17118f38d8a8e95dfac3357c
sgl-project/DeepSeek-V4-Pro-FP8,DeepseekV4ForCausalLM,l40s,sglang,0.5.12,FAIL,"Strict-native op-level FPE probes: PERF_DATA_MISSING=220, SDK_UNREPRESENTABLE=320; raw probes=540; topologies=135; source_sha=26dae1f99b2b50fb17118f38d8a8e95dfac3357c. Representative failure: perf database error: perf database error: no MHC module rows loaded from 1 source(s) (first: <repo>/python/aisimulate/src/aiconfigurator_core/systems/data/l40s/sglang/0.5.12/mhc_module_perf.parquet)","python python/aisimulate/tools/support_matrix/generate_fpe_support_matrix.py --model ""sgl-project/DeepSeek-V4-Pro-FP8"" --system ""l40s"" --backend ""sglang"" --backend-version ""0.5.12"" --forward-model op_level --max-workers 8",,540,135,"PERF_DATA_MISSING=220, SDK_UNREPRESENTABLE=320",,26dae1f99b2b50fb17118f38d8a8e95dfac3357c
sgl-project/DeepSeek-V4-Pro-FP8,DeepseekV4ForCausalLM,l40s,sglang,0.5.14,FAIL,"Strict-native op-level FPE probes: PERF_DATA_MISSING=220, SDK_UNREPRESENTABLE=320; raw probes=540; topologies=135; source_sha=26dae1f99b2b50fb17118f38d8a8e95dfac3357c. Representative failure: perf database error: perf database error: no MHC module rows loaded from 1 source(s) (first: <repo>/python/aisimulate/src/aiconfigurator_core/systems/data/l40s/sglang/0.5.14/mhc_module_perf.parquet)","python python/aisimulate/tools/support_matrix/generate_fpe_support_matrix.py --model ""sgl-project/DeepSeek-V4-Pro-FP8"" --system ""l40s"" --backend ""sglang"" --backend-version ""0.5.14"" --forward-model op_level --max-workers 8",,540,135,"PERF_DATA_MISSING=220, SDK_UNREPRESENTABLE=320",,26dae1f99b2b50fb17118f38d8a8e95dfac3357c
sgl-project/DeepSeek-V4-Pro-FP8,DeepseekV4ForCausalLM,l40s,sglang,0.5.16,FAIL,"Strict-native op-level FPE probes: PERF_DATA_MISSING=220, SDK_UNREPRESENTABLE=320; raw probes=540; topologies=135; source_sha=26dae1f99b2b50fb17118f38d8a8e95dfac3357c. Representative failure: perf database error: perf database error: no MHC module rows loaded from 1 source(s) (first: <repo>/python/aisimulate/src/aiconfigurator_core/systems/data/l40s/sglang/0.5.16/mhc_module_perf.parquet)","python python/aisimulate/tools/support_matrix/generate_fpe_support_matrix.py --model ""sgl-project/DeepSeek-V4-Pro-FP8"" --system ""l40s"" --backend ""sglang"" --backend-version ""0.5.16"" --forward-model op_level --max-workers 8",,540,135,"PERF_DATA_MISSING=220, SDK_UNREPRESENTABLE=320",,26dae1f99b2b50fb17118f38d8a8e95dfac3357c
sgl-project/DeepSeek-V4-Pro-FP8,DeepseekV4ForCausalLM,l40s,sglang,0.5.9,FAIL,"Strict-native op-level FPE probes: PERF_DATA_MISSING=220, SDK_UNREPRESENTABLE=320; raw probes=540; topologies=135; source_sha=26dae1f99b2b50fb17118f38d8a8e95dfac3357c. Representative failure: perf database error: perf database error: no MHC module rows loaded from 1 source(s) (first: <repo>/python/aisimulate/src/aiconfigurator_core/systems/data/l40s/sglang/0.5.9/mhc_module_perf.parquet)","python python/aisimulate/tools/support_matrix/generate_fpe_support_matrix.py --model ""sgl-project/DeepSeek-V4-Pro-FP8"" --system ""l40s"" --backend ""sglang"" --backend-version ""0.5.9"" --forward-model op_level --max-workers 8",,540,135,"PERF_DATA_MISSING=220, SDK_UNREPRESENTABLE=320",,26dae1f99b2b50fb17118f38d8a8e95dfac3357c
sgl-project/DeepSeek-V4-Pro-FP8,DeepseekV4ForCausalLM,l40s,trtllm,1.0.0,FAIL,Strict-native op-level FPE probes: PERF_DATA_MISSING=116; raw probes=116; topologies=29; source_sha=26dae1f99b2b50fb17118f38d8a8e95dfac3357c. Representative failure: perf database error: perf database error: no MHC module rows loaded from 1 source(s) (first: <repo>/python/aisimulate/src/aiconfigurator_core/systems/data/l40s/trtllm/1.0.0/mhc_module_perf.parquet),"python python/aisimulate/tools/support_matrix/generate_fpe_support_matrix.py --model ""sgl-project/DeepSeek-V4-Pro-FP8"" --system ""l40s"" --backend ""trtllm"" --backend-version ""1.0.0"" --forward-model op_level --max-workers 8",,116,29,PERF_DATA_MISSING=116,,26dae1f99b2b50fb17118f38d8a8e95dfac3357c
sgl-project/DeepSeek-V4-Pro-FP8,DeepseekV4ForCausalLM,l40s,trtllm,1.3.0rc15,FAIL,Strict-native op-level FPE probes: PERF_DATA_MISSING=116; raw probes=116; topologies=29; source_sha=26dae1f99b2b50fb17118f38d8a8e95dfac3357c. Representative failure: perf database error: perf database error: no MHC module rows loaded from 1 source(s) (first: <repo>/python/aisimulate/src/aiconfigurator_core/systems/data/l40s/trtllm/1.3.0rc15/mhc_module_perf.parquet),"python python/aisimulate/tools/support_matrix/generate_fpe_support_matrix.py --model ""sgl-project/DeepSeek-V4-Pro-FP8"" --system ""l40s"" --backend ""trtllm"" --backend-version ""1.3.0rc15"" --forward-model op_level --max-workers 8",,116,29,PERF_DATA_MISSING=116,,26dae1f99b2b50fb17118f38d8a8e95dfac3357c
sgl-project/DeepSeek-V4-Pro-FP8,DeepseekV4ForCausalLM,l40s,trtllm,1.3.0rc20,FAIL,"Strict-native op-level FPE probes: PERF_DATA_MISSING=116; raw probes=116; topologies=29; source_sha=26dae1f99b2b50fb17118f38d8a8e95dfac3357c. Representative failure: perf database error: MoE data missing for MoeKey { quant: ""fp8_block"", distribution: ""uniform"", topk: 6, num_experts: 384, hidden_size: 7168, inter_size: 3072, moe_tp_size: 1, moe_ep_size: 1 } at <repo>/python/aisimulate/src/aiconfigurator_core/systems/data/l40s/trtllm/1.3.0rc20","python python/aisimulate/tools/support_matrix/generate_fpe_support_matrix.py --model ""sgl-project/DeepSeek-V4-Pro-FP8"" --system ""l40s"" --backend ""trtllm"" --backend-version ""1.3.0rc20"" --forward-model op_level --max-workers 8",,116,29,PERF_DATA_MISSING=116,,26dae1f99b2b50fb17118f38d8a8e95dfac3357c
sgl-project/DeepSeek-V4-Pro-FP8,DeepseekV4ForCausalLM,l40s,trtllm,1.3.0rc23,FAIL,"Strict-native op-level FPE probes: PERF_DATA_MISSING=116; raw probes=116; topologies=29; source_sha=26dae1f99b2b50fb17118f38d8a8e95dfac3357c. Representative failure: perf database error: MoE data missing for MoeKey { quant: ""fp8_block"", distribution: ""uniform"", topk: 6, num_experts: 384, hidden_size: 7168, inter_size: 3072, moe_tp_size: 1, moe_ep_size: 1 } at <repo>/python/aisimulate/src/aiconfigurator_core/systems/data/l40s/trtllm/1.3.0rc23","python python/aisimulate/tools/support_matrix/generate_fpe_support_matrix.py --model ""sgl-project/DeepSeek-V4-Pro-FP8"" --system ""l40s"" --backend ""trtllm"" --backend-version ""1.3.0rc23"" --forward-model op_level --max-workers 8",,116,29,PERF_DATA_MISSING=116,,26dae1f99b2b50fb17118f38d8a8e95dfac3357c
sgl-project/DeepSeek-V4-Pro-FP8,DeepseekV4ForCausalLM,l40s,vllm,0.1.dev19262,FAIL,Strict-native op-level FPE probes: PERF_DATA_MISSING=116; raw probes=116; topologies=29; source_sha=26dae1f99b2b50fb17118f38d8a8e95dfac3357c. Representative failure: perf database error: perf database error: no MHC module rows loaded from 1 source(s) (first: <repo>/python/aisimulate/src/aiconfigurator_core/systems/data/l40s/vllm/0.1.dev19262/mhc_module_perf.parquet),"python python/aisimulate/tools/support_matrix/generate_fpe_support_matrix.py --model ""sgl-project/DeepSeek-V4-Pro-FP8"" --system ""l40s"" --backend ""vllm"" --backend-version ""0.1.dev19262"" --forward-model op_level --max-workers 8",,116,29,PERF_DATA_MISSING=116,,26dae1f99b2b50fb17118f38d8a8e95dfac3357c
sgl-project/DeepSeek-V4-Pro-FP8,DeepseekV4ForCausalLM,l40s,vllm,0.14.0,FAIL,Strict-native op-level FPE probes: PERF_DATA_MISSING=116; raw probes=116; topologies=29; source_sha=26dae1f99b2b50fb17118f38d8a8e95dfac3357c. Representative failure: perf database error: perf database error: no MHC module rows loaded from 1 source(s) (first: <repo>/python/aisimulate/src/aiconfigurator_core/systems/data/l40s/vllm/0.14.0/mhc_module_perf.parquet),"python python/aisimulate/tools/support_matrix/generate_fpe_support_matrix.py --model ""sgl-project/DeepSeek-V4-Pro-FP8"" --system ""l40s"" --backend ""vllm"" --backend-version ""0.14.0"" --forward-model op_level --max-workers 8",,116,29,PERF_DATA_MISSING=116,,26dae1f99b2b50fb17118f38d8a8e95dfac3357c
sgl-project/DeepSeek-V4-Pro-FP8,DeepseekV4ForCausalLM,l40s,vllm,0.22.0,FAIL,"Strict-native op-level FPE probes: PERF_DATA_MISSING=116; raw probes=116; topologies=29; source_sha=26dae1f99b2b50fb17118f38d8a8e95dfac3357c. Representative failure: perf database error: MoE data missing for MoeKey { quant: ""fp8_block"", distribution: ""power_law_1.01"", topk: 6, num_experts: 384, hidden_size: 7168, inter_size: 3072, moe_tp_size: 1, moe_ep_size: 2 } at <repo>/python/aisimulate/src/aiconfigurator_core/systems/data/l40s/vllm/0.22.0","python python/aisimulate/tools/support_matrix/generate_fpe_support_matrix.py --model ""sgl-project/DeepSeek-V4-Pro-FP8"" --system ""l40s"" --backend ""vllm"" --backend-version ""0.22.0"" --forward-model op_level --max-workers 8",,116,29,PERF_DATA_MISSING=116,,26dae1f99b2b50fb17118f38d8a8e95dfac3357c
sgl-project/DeepSeek-V4-Pro-FP8,DeepseekV4ForCausalLM,l40s,vllm,0.24.0,FAIL,"Strict-native op-level FPE probes: PERF_DATA_MISSING=116; raw probes=116; topologies=29; source_sha=26dae1f99b2b50fb17118f38d8a8e95dfac3357c. Representative failure: perf database error: MoE data missing for MoeKey { quant: ""fp8_block"", distribution: ""power_law_1.01"", topk: 6, num_experts: 384, hidden_size: 7168, inter_size: 3072, moe_tp_size: 1, moe_ep_size: 2 } at <repo>/python/aisimulate/src/aiconfigurator_core/systems/data/l40s/vllm/0.24.0","python python/aisimulate/tools/support_matrix/generate_fpe_support_matrix.py --model ""sgl-project/DeepSeek-V4-Pro-FP8"" --system ""l40s"" --backend ""vllm"" --backend-version ""0.24.0"" --forward-model op_level --max-workers 8",,116,29,PERF_DATA_MISSING=116,,26dae1f99b2b50fb17118f38d8a8e95dfac3357c
stepfun-ai/Step-3.7-Flash,Step3p7FlashForCausalLM,l40s,sglang,0.5.10,FAIL,"Strict-native op-level FPE probes: PERF_DATA_MISSING=220, SDK_UNREPRESENTABLE=320; raw probes=540; topologies=135; source_sha=26dae1f99b2b50fb17118f38d8a8e95dfac3357c. Representative failure: perf database error: MoE data missing for MoeKey { quant: ""bfloat16"", distribution: ""power_law_1.01"", topk: 8, num_experts: 288, hidden_size: 4096, inter_size: 1280, moe_tp_size: 1, moe_ep_size: 1 } at <repo>/python/aisimulate/src/aiconfigurator_core/systems/data/l40s/sglang/0.5.10","python python/aisimulate/tools/support_matrix/generate_fpe_support_matrix.py --model ""stepfun-ai/Step-3.7-Flash"" --system ""l40s"" --backend ""sglang"" --backend-version ""0.5.10"" --forward-model op_level --max-workers 8",,540,135,"PERF_DATA_MISSING=220, SDK_UNREPRESENTABLE=320",,26dae1f99b2b50fb17118f38d8a8e95dfac3357c
stepfun-ai/Step-3.7-Flash,Step3p7FlashForCausalLM,l40s,sglang,0.5.12,FAIL,"Strict-native op-level FPE probes: PERF_DATA_MISSING=220, SDK_UNREPRESENTABLE=320; raw probes=540; topologies=135; source_sha=26dae1f99b2b50fb17118f38d8a8e95dfac3357c. Representative failure: perf database error: MoE data missing for MoeKey { quant: ""bfloat16"", distribution: ""power_law_1.01"", topk: 8, num_experts: 288, hidden_size: 4096, inter_size: 1280, moe_tp_size: 1, moe_ep_size: 1 } at <repo>/python/aisimulate/src/aiconfigurator_core/systems/data/l40s/sglang/0.5.12","python python/aisimulate/tools/support_matrix/generate_fpe_support_matrix.py --model ""stepfun-ai/Step-3.7-Flash"" --system ""l40s"" --backend ""sglang"" --backend-version ""0.5.12"" --forward-model op_level --max-workers 8",,540,135,"PERF_DATA_MISSING=220, SDK_UNREPRESENTABLE=320",,26dae1f99b2b50fb17118f38d8a8e95dfac3357c
stepfun-ai/Step-3.7-Flash,Step3p7FlashForCausalLM,l40s,sglang,0.5.14,FAIL,"Strict-native op-level FPE probes: PERF_DATA_MISSING=220, SDK_UNREPRESENTABLE=320; raw probes=540; topologies=135; source_sha=26dae1f99b2b50fb17118f38d8a8e95dfac3357c. Representative failure: perf database error: MoE data missing for MoeKey { quant: ""bfloat16"", distribution: ""power_law_1.01"", topk: 8, num_experts: 288, hidden_size: 4096, inter_size: 1280, moe_tp_size: 1, moe_ep_size: 1 } at <repo>/python/aisimulate/src/aiconfigurator_core/systems/data/l40s/sglang/0.5.14","python python/aisimulate/tools/support_matrix/generate_fpe_support_matrix.py --model ""stepfun-ai/Step-3.7-Flash"" --system ""l40s"" --backend ""sglang"" --backend-version ""0.5.14"" --forward-model op_level --max-workers 8",,540,135,"PERF_DATA_MISSING=220, SDK_UNREPRESENTABLE=320",,26dae1f99b2b50fb17118f38d8a8e95dfac3357c
stepfun-ai/Step-3.7-Flash,Step3p7FlashForCausalLM,l40s,sglang,0.5.16,FAIL,"Strict-native op-level FPE probes: PERF_DATA_MISSING=220, SDK_UNREPRESENTABLE=320; raw probes=540; topologies=135; source_sha=26dae1f99b2b50fb17118f38d8a8e95dfac3357c. Representative failure: perf database error: MoE data missing for MoeKey { quant: ""bfloat16"", distribution: ""power_law_1.01"", topk: 8, num_experts: 288, hidden_size: 4096, inter_size: 1280, moe_tp_size: 1, moe_ep_size: 1 } at <repo>/python/aisimulate/src/aiconfigurator_core/systems/data/l40s/sglang/0.5.16","python python/aisimulate/tools/support_matrix/generate_fpe_support_matrix.py --model ""stepfun-ai/Step-3.7-Flash"" --system ""l40s"" --backend ""sglang"" --backend-version ""0.5.16"" --forward-model op_level --max-workers 8",,540,135,"PERF_DATA_MISSING=220, SDK_UNREPRESENTABLE=320",,26dae1f99b2b50fb17118f38d8a8e95dfac3357c
stepfun-ai/Step-3.7-Flash,Step3p7FlashForCausalLM,l40s,sglang,0.5.9,FAIL,"Strict-native op-level FPE probes: PERF_DATA_MISSING=220, SDK_UNREPRESENTABLE=320; raw probes=540; topologies=135; source_sha=26dae1f99b2b50fb17118f38d8a8e95dfac3357c. Representative failure: perf database error: MoE data missing for MoeKey { quant: ""bfloat16"", distribution: ""power_law_1.01"", topk: 8, num_experts: 288, hidden_size: 4096, inter_size: 1280, moe_tp_size: 1, moe_ep_size: 1 } at <repo>/python/aisimulate/src/aiconfigurator_core/systems/data/l40s/sglang/0.5.9","python python/aisimulate/tools/support_matrix/generate_fpe_support_matrix.py --model ""stepfun-ai/Step-3.7-Flash"" --system ""l40s"" --backend ""sglang"" --backend-version ""0.5.9"" --forward-model op_level --max-workers 8",,540,135,"PERF_DATA_MISSING=220, SDK_UNREPRESENTABLE=320",,26dae1f99b2b50fb17118f38d8a8e95dfac3357c
stepfun-ai/Step-3.7-Flash,Step3p7FlashForCausalLM,l40s,trtllm,1.0.0,FAIL,"Strict-native op-level FPE probes: PERF_DATA_MISSING=116; raw probes=116; topologies=29; source_sha=26dae1f99b2b50fb17118f38d8a8e95dfac3357c. Representative failure: perf database error: MoE data missing for MoeKey { quant: ""bfloat16"", distribution: ""power_law_1.01"", topk: 8, num_experts: 288, hidden_size: 4096, inter_size: 1280, moe_tp_size: 1, moe_ep_size: 1 } at <repo>/python/aisimulate/src/aiconfigurator_core/systems/data/l40s/trtllm/1.0.0","python python/aisimulate/tools/support_matrix/generate_fpe_support_matrix.py --model ""stepfun-ai/Step-3.7-Flash"" --system ""l40s"" --backend ""trtllm"" --backend-version ""1.0.0"" --forward-model op_level --max-workers 8",,116,29,PERF_DATA_MISSING=116,,26dae1f99b2b50fb17118f38d8a8e95dfac3357c
stepfun-ai/Step-3.7-Flash,Step3p7FlashForCausalLM,l40s,trtllm,1.3.0rc15,FAIL,"Strict-native op-level FPE probes: PERF_DATA_MISSING=116; raw probes=116; topologies=29; source_sha=26dae1f99b2b50fb17118f38d8a8e95dfac3357c. Representative failure: perf database error: MoE data missing for MoeKey { quant: ""bfloat16"", distribution: ""power_law_1.01"", topk: 8, num_experts: 288, hidden_size: 4096, inter_size: 1280, moe_tp_size: 1, moe_ep_size: 1 } at <repo>/python/aisimulate/src/aiconfigurator_core/systems/data/l40s/trtllm/1.3.0rc15","python python/aisimulate/tools/support_matrix/generate_fpe_support_matrix.py --model ""stepfun-ai/Step-3.7-Flash"" --system ""l40s"" --backend ""trtllm"" --backend-version ""1.3.0rc15"" --forward-model op_level --max-workers 8",,116,29,PERF_DATA_MISSING=116,,26dae1f99b2b50fb17118f38d8a8e95dfac3357c
stepfun-ai/Step-3.7-Flash,Step3p7FlashForCausalLM,l40s,trtllm,1.3.0rc20,FAIL,"Strict-native op-level FPE probes: PERF_DATA_MISSING=116; raw probes=116; topologies=29; source_sha=26dae1f99b2b50fb17118f38d8a8e95dfac3357c. Representative failure: perf database error: MoE data missing for MoeKey { quant: ""bfloat16"", distribution: ""power_law_1.01"", topk: 8, num_experts: 288, hidden_size: 4096, inter_size: 1280, moe_tp_size: 1, moe_ep_size: 1 } at <repo>/python/aisimulate/src/aiconfigurator_core/systems/data/l40s/trtllm/1.3.0rc20","python python/aisimulate/tools/support_matrix/generate_fpe_support_matrix.py --model ""stepfun-ai/Step-3.7-Flash"" --system ""l40s"" --backend ""trtllm"" --backend-version ""1.3.0rc20"" --forward-model op_level --max-workers 8",,116,29,PERF_DATA_MISSING=116,,26dae1f99b2b50fb17118f38d8a8e95dfac3357c
stepfun-ai/Step-3.7-Flash,Step3p7FlashForCausalLM,l40s,trtllm,1.3.0rc23,FAIL,"Strict-native op-level FPE probes: PERF_DATA_MISSING=116; raw probes=116; topologies=29; source_sha=26dae1f99b2b50fb17118f38d8a8e95dfac3357c. Representative failure: perf database error: MoE data missing for MoeKey { quant: ""bfloat16"", distribution: ""power_law_1.01"", topk: 8, num_experts: 288, hidden_size: 4096, inter_size: 1280, moe_tp_size: 1, moe_ep_size: 1 } at <repo>/python/aisimulate/src/aiconfigurator_core/systems/data/l40s/trtllm/1.3.0rc23","python python/aisimulate/tools/support_matrix/generate_fpe_support_matrix.py --model ""stepfun-ai/Step-3.7-Flash"" --system ""l40s"" --backend ""trtllm"" --backend-version ""1.3.0rc23"" --forward-model op_level --max-workers 8",,116,29,PERF_DATA_MISSING=116,,26dae1f99b2b50fb17118f38d8a8e95dfac3357c
stepfun-ai/Step-3.7-Flash,Step3p7FlashForCausalLM,l40s,vllm,0.1.dev19262,FAIL,Strict-native op-level FPE probes: PERF_DATA_MISSING=116; raw probes=116; topologies=29; source_sha=26dae1f99b2b50fb17118f38d8a8e95dfac3357c. Representative failure: perf database error: perf database error: no GEMM rows loaded from 1 source(s) (first: <repo>/python/aisimulate/src/aiconfigurator_core/systems/data/l40s/vllm/0.1.dev19262/gemm_perf.parquet),"python python/aisimulate/tools/support_matrix/generate_fpe_support_matrix.py --model ""stepfun-ai/Step-3.7-Flash"" --system ""l40s"" --backend ""vllm"" --backend-version ""0.1.dev19262"" --forward-model op_level --max-workers 8",,116,29,PERF_DATA_MISSING=116,,26dae1f99b2b50fb17118f38d8a8e95dfac3357c
stepfun-ai/Step-3.7-Flash,Step3p7FlashForCausalLM,l40s,vllm,0.14.0,FAIL,"Strict-native op-level FPE probes: PERF_DATA_MISSING=116; raw probes=116; topologies=29; source_sha=26dae1f99b2b50fb17118f38d8a8e95dfac3357c. Representative failure: perf database error: MoE data missing for MoeKey { quant: ""bfloat16"", distribution: ""power_law_1.01"", topk: 8, num_experts: 288, hidden_size: 4096, inter_size: 1280, moe_tp_size: 1, moe_ep_size: 1 } at <repo>/python/aisimulate/src/aiconfigurator_core/systems/data/l40s/vllm/0.14.0","python python/aisimulate/tools/support_matrix/generate_fpe_support_matrix.py --model ""stepfun-ai/Step-3.7-Flash"" --system ""l40s"" --backend ""vllm"" --backend-version ""0.14.0"" --forward-model op_level --max-workers 8",,116,29,PERF_DATA_MISSING=116,,26dae1f99b2b50fb17118f38d8a8e95dfac3357c
stepfun-ai/Step-3.7-Flash,Step3p7FlashForCausalLM,l40s,vllm,0.22.0,FAIL,"Strict-native op-level FPE probes: PERF_DATA_MISSING=116; raw probes=116; topologies=29; source_sha=26dae1f99b2b50fb17118f38d8a8e95dfac3357c. Representative failure: perf database error: MoE data missing for MoeKey { quant: ""bfloat16"", distribution: ""power_law_1.01"", topk: 8, num_experts: 288, hidden_size: 4096, inter_size: 1280, moe_tp_size: 1, moe_ep_size: 1 } at <repo>/python/aisimulate/src/aiconfigurator_core/systems/data/l40s/vllm/0.22.0","python python/aisimulate/tools/support_matrix/generate_fpe_support_matrix.py --model ""stepfun-ai/Step-3.7-Flash"" --system ""l40s"" --backend ""vllm"" --backend-version ""0.22.0"" --forward-model op_level --max-workers 8",,116,29,PERF_DATA_MISSING=116,,26dae1f99b2b50fb17118f38d8a8e95dfac3357c
stepfun-ai/Step-3.7-Flash,Step3p7FlashForCausalLM,l40s,vllm,0.24.0,FAIL,"Strict-native op-level FPE probes: PERF_DATA_MISSING=116; raw probes=116; topologies=29; source_sha=26dae1f99b2b50fb17118f38d8a8e95dfac3357c. Representative failure: perf database error: MoE data missing for MoeKey { quant: ""bfloat16"", distribution: ""power_law_1.01"", topk: 8, num_experts: 288, hidden_size: 4096, inter_size: 1280, moe_tp_size: 1, moe_ep_size: 1 } at <repo>/python/aisimulate/src/aiconfigurator_core/systems/data/l40s/vllm/0.24.0","python python/aisimulate/tools/support_matrix/generate_fpe_support_matrix.py --model ""stepfun-ai/Step-3.7-Flash"" --system ""l40s"" --backend ""vllm"" --backend-version ""0.24.0"" --forward-model op_level --max-workers 8",,116,29,PERF_DATA_MISSING=116,,26dae1f99b2b50fb17118f38d8a8e95dfac3357c
stepfun-ai/Step-3.7-Flash-FP8,Step3p7FlashForCausalLM,l40s,sglang,0.5.10,FAIL,"Strict-native op-level FPE probes: BUILD_FAILED=104, PERF_DATA_MISSING=116, SDK_UNREPRESENTABLE=320; raw probes=540; topologies=135; source_sha=26dae1f99b2b50fb17118f38d8a8e95dfac3357c. Representative failure: Invalid quantized MoE configuration: (moe_intermediate_size=1280 / moe_tp_size=16) % weight_block_size=128 != 0.","python python/aisimulate/tools/support_matrix/generate_fpe_support_matrix.py --model ""stepfun-ai/Step-3.7-Flash-FP8"" --system ""l40s"" --backend ""sglang"" --backend-version ""0.5.10"" --forward-model op_level --max-workers 8",,540,135,"BUILD_FAILED=104, PERF_DATA_MISSING=116, SDK_UNREPRESENTABLE=320",,26dae1f99b2b50fb17118f38d8a8e95dfac3357c
stepfun-ai/Step-3.7-Flash-FP8,Step3p7FlashForCausalLM,l40s,sglang,0.5.12,FAIL,"Strict-native op-level FPE probes: BUILD_FAILED=104, PERF_DATA_MISSING=116, SDK_UNREPRESENTABLE=320; raw probes=540; topologies=135; source_sha=26dae1f99b2b50fb17118f38d8a8e95dfac3357c. Representative failure: Invalid quantized MoE configuration: (moe_intermediate_size=1280 / moe_tp_size=16) % weight_block_size=128 != 0.","python python/aisimulate/tools/support_matrix/generate_fpe_support_matrix.py --model ""stepfun-ai/Step-3.7-Flash-FP8"" --system ""l40s"" --backend ""sglang"" --backend-version ""0.5.12"" --forward-model op_level --max-workers 8",,540,135,"BUILD_FAILED=104, PERF_DATA_MISSING=116, SDK_UNREPRESENTABLE=320",,26dae1f99b2b50fb17118f38d8a8e95dfac3357c
stepfun-ai/Step-3.7-Flash-FP8,Step3p7FlashForCausalLM,l40s,sglang,0.5.14,FAIL,"Strict-native op-level FPE probes: BUILD_FAILED=104, PERF_DATA_MISSING=116, SDK_UNREPRESENTABLE=320; raw probes=540; topologies=135; source_sha=26dae1f99b2b50fb17118f38d8a8e95dfac3357c. Representative failure: Invalid quantized MoE configuration: (moe_intermediate_size=1280 / moe_tp_size=16) % weight_block_size=128 != 0.","python python/aisimulate/tools/support_matrix/generate_fpe_support_matrix.py --model ""stepfun-ai/Step-3.7-Flash-FP8"" --system ""l40s"" --backend ""sglang"" --backend-version ""0.5.14"" --forward-model op_level --max-workers 8",,540,135,"BUILD_FAILED=104, PERF_DATA_MISSING=116, SDK_UNREPRESENTABLE=320",,26dae1f99b2b50fb17118f38d8a8e95dfac3357c
stepfun-ai/Step-3.7-Flash-FP8,Step3p7FlashForCausalLM,l40s,sglang,0.5.16,FAIL,"Strict-native op-level FPE probes: BUILD_FAILED=104, PERF_DATA_MISSING=116, SDK_UNREPRESENTABLE=320; raw probes=540; topologies=135; source_sha=26dae1f99b2b50fb17118f38d8a8e95dfac3357c. Representative failure: Invalid quantized MoE configuration: (moe_intermediate_size=1280 / moe_tp_size=16) % weight_block_size=128 != 0.","python python/aisimulate/tools/support_matrix/generate_fpe_support_matrix.py --model ""stepfun-ai/Step-3.7-Flash-FP8"" --system ""l40s"" --backend ""sglang"" --backend-version ""0.5.16"" --forward-model op_level --max-workers 8",,540,135,"BUILD_FAILED=104, PERF_DATA_MISSING=116, SDK_UNREPRESENTABLE=320",,26dae1f99b2b50fb17118f38d8a8e95dfac3357c
stepfun-ai/Step-3.7-Flash-FP8,Step3p7FlashForCausalLM,l40s,sglang,0.5.9,FAIL,"Strict-native op-level FPE probes: BUILD_FAILED=104, PERF_DATA_MISSING=116, SDK_UNREPRESENTABLE=320; raw probes=540; topologies=135; source_sha=26dae1f99b2b50fb17118f38d8a8e95dfac3357c. Representative failure: Invalid quantized MoE configuration: (moe_intermediate_size=1280 / moe_tp_size=16) % weight_block_size=128 != 0.","python python/aisimulate/tools/support_matrix/generate_fpe_support_matrix.py --model ""stepfun-ai/Step-3.7-Flash-FP8"" --system ""l40s"" --backend ""sglang"" --backend-version ""0.5.9"" --forward-model op_level --max-workers 8",,540,135,"BUILD_FAILED=104, PERF_DATA_MISSING=116, SDK_UNREPRESENTABLE=320",,26dae1f99b2b50fb17118f38d8a8e95dfac3357c
stepfun-ai/Step-3.7-Flash-FP8,Step3p7FlashForCausalLM,l40s,trtllm,1.0.0,FAIL,"Strict-native op-level FPE probes: BUILD_FAILED=48, PERF_DATA_MISSING=68; raw probes=116; topologies=29; source_sha=26dae1f99b2b50fb17118f38d8a8e95dfac3357c. Representative failure: Invalid quantized MoE configuration: (moe_intermediate_size=1280 / moe_tp_size=16) % weight_block_size=128 != 0.","python python/aisimulate/tools/support_matrix/generate_fpe_support_matrix.py --model ""stepfun-ai/Step-3.7-Flash-FP8"" --system ""l40s"" --backend ""trtllm"" --backend-version ""1.0.0"" --forward-model op_level --max-workers 8",,116,29,"BUILD_FAILED=48, PERF_DATA_MISSING=68",,26dae1f99b2b50fb17118f38d8a8e95dfac3357c
stepfun-ai/Step-3.7-Flash-FP8,Step3p7FlashForCausalLM,l40s,trtllm,1.3.0rc15,FAIL,"Strict-native op-level FPE probes: BUILD_FAILED=48, PERF_DATA_MISSING=68; raw probes=116; topologies=29; source_sha=26dae1f99b2b50fb17118f38d8a8e95dfac3357c. Representative failure: Invalid quantized MoE configuration: (moe_intermediate_size=1280 / moe_tp_size=16) % weight_block_size=128 != 0.","python python/aisimulate/tools/support_matrix/generate_fpe_support_matrix.py --model ""stepfun-ai/Step-3.7-Flash-FP8"" --system ""l40s"" --backend ""trtllm"" --backend-version ""1.3.0rc15"" --forward-model op_level --max-workers 8",,116,29,"BUILD_FAILED=48, PERF_DATA_MISSING=68",,26dae1f99b2b50fb17118f38d8a8e95dfac3357c
stepfun-ai/Step-3.7-Flash-FP8,Step3p7FlashForCausalLM,l40s,trtllm,1.3.0rc20,FAIL,"Strict-native op-level FPE probes: BUILD_FAILED=48, PERF_DATA_MISSING=68; raw probes=116; topologies=29; source_sha=26dae1f99b2b50fb17118f38d8a8e95dfac3357c. Representative failure: Invalid quantized MoE configuration: (moe_intermediate_size=1280 / moe_tp_size=16) % weight_block_size=128 != 0.","python python/aisimulate/tools/support_matrix/generate_fpe_support_matrix.py --model ""stepfun-ai/Step-3.7-Flash-FP8"" --system ""l40s"" --backend ""trtllm"" --backend-version ""1.3.0rc20"" --forward-model op_level --max-workers 8",,116,29,"BUILD_FAILED=48, PERF_DATA_MISSING=68",,26dae1f99b2b50fb17118f38d8a8e95dfac3357c
stepfun-ai/Step-3.7-Flash-FP8,Step3p7FlashForCausalLM,l40s,trtllm,1.3.0rc23,FAIL,"Strict-native op-level FPE probes: BUILD_FAILED=48, PERF_DATA_MISSING=68; raw probes=116; topologies=29; source_sha=26dae1f99b2b50fb17118f38d8a8e95dfac3357c. Representative failure: Invalid quantized MoE configuration: (moe_intermediate_size=1280 / moe_tp_size=16) % weight_block_size=128 != 0.","python python/aisimulate/tools/support_matrix/generate_fpe_support_matrix.py --model ""stepfun-ai/Step-3.7-Flash-FP8"" --system ""l40s"" --backend ""trtllm"" --backend-version ""1.3.0rc23"" --forward-model op_level --max-workers 8",,116,29,"BUILD_FAILED=48, PERF_DATA_MISSING=68",,26dae1f99b2b50fb17118f38d8a8e95dfac3357c
stepfun-ai/Step-3.7-Flash-FP8,Step3p7FlashForCausalLM,l40s,vllm,0.1.dev19262,FAIL,"Strict-native op-level FPE probes: BUILD_FAILED=48, PERF_DATA_MISSING=68; raw probes=116; topologies=29; source_sha=26dae1f99b2b50fb17118f38d8a8e95dfac3357c. Representative failure: Invalid quantized MoE configuration: (moe_intermediate_size=1280 / moe_tp_size=16) % weight_block_size=128 != 0.","python python/aisimulate/tools/support_matrix/generate_fpe_support_matrix.py --model ""stepfun-ai/Step-3.7-Flash-FP8"" --system ""l40s"" --backend ""vllm"" --backend-version ""0.1.dev19262"" --forward-model op_level --max-workers 8",,116,29,"BUILD_FAILED=48, PERF_DATA_MISSING=68",,26dae1f99b2b50fb17118f38d8a8e95dfac3357c
stepfun-ai/Step-3.7-Flash-FP8,Step3p7FlashForCausalLM,l40s,vllm,0.14.0,FAIL,"Strict-native op-level FPE probes: BUILD_FAILED=48, PERF_DATA_MISSING=68; raw probes=116; topologies=29; source_sha=26dae1f99b2b50fb17118f38d8a8e95dfac3357c. Representative failure: Invalid quantized MoE configuration: (moe_intermediate_size=1280 / moe_tp_size=16) % weight_block_size=128 != 0.","python python/aisimulate/tools/support_matrix/generate_fpe_support_matrix.py --model ""stepfun-ai/Step-3.7-Flash-FP8"" --system ""l40s"" --backend ""vllm"" --backend-version ""0.14.0"" --forward-model op_level --max-workers 8",,116,29,"BUILD_FAILED=48, PERF_DATA_MISSING=68",,26dae1f99b2b50fb17118f38d8a8e95dfac3357c
stepfun-ai/Step-3.7-Flash-FP8,Step3p7FlashForCausalLM,l40s,vllm,0.22.0,FAIL,"Strict-native op-level FPE probes: BUILD_FAILED=48, PERF_DATA_MISSING=68; raw probes=116; topologies=29; source_sha=26dae1f99b2b50fb17118f38d8a8e95dfac3357c. Representative failure: Invalid quantized MoE configuration: (moe_intermediate_size=1280 / moe_tp_size=16) % weight_block_size=128 != 0.","python python/aisimulate/tools/support_matrix/generate_fpe_support_matrix.py --model ""stepfun-ai/Step-3.7-Flash-FP8"" --system ""l40s"" --backend ""vllm"" --backend-version ""0.22.0"" --forward-model op_level --max-workers 8",,116,29,"BUILD_FAILED=48, PERF_DATA_MISSING=68",,26dae1f99b2b50fb17118f38d8a8e95dfac3357c
stepfun-ai/Step-3.7-Flash-FP8,Step3p7FlashForCausalLM,l40s,vllm,0.24.0,FAIL,"Strict-native op-level FPE probes: BUILD_FAILED=48, PERF_DATA_MISSING=68; raw probes=116; topologies=29; source_sha=26dae1f99b2b50fb17118f38d8a8e95dfac3357c. Representative failure: Invalid quantized MoE configuration: (moe_intermediate_size=1280 / moe_tp_size=16) % weight_block_size=128 != 0.","python python/aisimulate/tools/support_matrix/generate_fpe_support_matrix.py --model ""stepfun-ai/Step-3.7-Flash-FP8"" --system ""l40s"" --backend ""vllm"" --backend-version ""0.24.0"" --forward-model op_level --max-workers 8",,116,29,"BUILD_FAILED=48, PERF_DATA_MISSING=68",,26dae1f99b2b50fb17118f38d8a8e95dfac3357c
zai-org/GLM-5.2,GlmMoeDsaForCausalLM,l40s,sglang,0.5.10,FAIL,"Strict-native op-level FPE probes: PERF_DATA_MISSING=220, SDK_UNREPRESENTABLE=320; raw probes=540; topologies=135; source_sha=26dae1f99b2b50fb17118f38d8a8e95dfac3357c. Representative failure: perf database error: perf database error: perf database error: no DSA module rows loaded from 1 source(s) (first: <repo>/python/aisimulate/src/aiconfigurator_core/systems/data/l40s/sglang/0.5.10/dsa_context_module_perf.parquet)","python python/aisimulate/tools/support_matrix/generate_fpe_support_matrix.py --model ""zai-org/GLM-5.2"" --system ""l40s"" --backend ""sglang"" --backend-version ""0.5.10"" --forward-model op_level --max-workers 8",,540,135,"PERF_DATA_MISSING=220, SDK_UNREPRESENTABLE=320",,26dae1f99b2b50fb17118f38d8a8e95dfac3357c
zai-org/GLM-5.2,GlmMoeDsaForCausalLM,l40s,sglang,0.5.12,FAIL,"Strict-native op-level FPE probes: PERF_DATA_MISSING=220, SDK_UNREPRESENTABLE=320; raw probes=540; topologies=135; source_sha=26dae1f99b2b50fb17118f38d8a8e95dfac3357c. Representative failure: perf database error: perf database error: perf database error: no DSA module rows loaded from 1 source(s) (first: <repo>/python/aisimulate/src/aiconfigurator_core/systems/data/l40s/sglang/0.5.12/dsa_context_module_perf.parquet)","python python/aisimulate/tools/support_matrix/generate_fpe_support_matrix.py --model ""zai-org/GLM-5.2"" --system ""l40s"" --backend ""sglang"" --backend-version ""0.5.12"" --forward-model op_level --max-workers 8",,540,135,"PERF_DATA_MISSING=220, SDK_UNREPRESENTABLE=320",,26dae1f99b2b50fb17118f38d8a8e95dfac3357c
zai-org/GLM-5.2,GlmMoeDsaForCausalLM,l40s,sglang,0.5.14,FAIL,"Strict-native op-level FPE probes: PERF_DATA_MISSING=220, SDK_UNREPRESENTABLE=320; raw probes=540; topologies=135; source_sha=26dae1f99b2b50fb17118f38d8a8e95dfac3357c. Representative failure: perf database error: perf database error: perf database error: no DSA module rows loaded from 1 source(s) (first: <repo>/python/aisimulate/src/aiconfigurator_core/systems/data/l40s/sglang/0.5.14/dsa_context_module_perf.parquet)","python python/aisimulate/tools/support_matrix/generate_fpe_support_matrix.py --model ""zai-org/GLM-5.2"" --system ""l40s"" --backend ""sglang"" --backend-version ""0.5.14"" --forward-model op_level --max-workers 8",,540,135,"PERF_DATA_MISSING=220, SDK_UNREPRESENTABLE=320",,26dae1f99b2b50fb17118f38d8a8e95dfac3357c
zai-org/GLM-5.2,GlmMoeDsaForCausalLM,l40s,sglang,0.5.16,FAIL,"Strict-native op-level FPE probes: PERF_DATA_MISSING=220, SDK_UNREPRESENTABLE=320; raw probes=540; topologies=135; source_sha=26dae1f99b2b50fb17118f38d8a8e95dfac3357c. Representative failure: perf database error: perf database error: perf database error: no DSA module rows loaded from 1 source(s) (first: <repo>/python/aisimulate/src/aiconfigurator_core/systems/data/l40s/sglang/0.5.16/dsa_context_module_perf.parquet)","python python/aisimulate/tools/support_matrix/generate_fpe_support_matrix.py --model ""zai-org/GLM-5.2"" --system ""l40s"" --backend ""sglang"" --backend-version ""0.5.16"" --forward-model op_level --max-workers 8",,540,135,"PERF_DATA_MISSING=220, SDK_UNREPRESENTABLE=320",,26dae1f99b2b50fb17118f38d8a8e95dfac3357c
zai-org/GLM-5.2,GlmMoeDsaForCausalLM,l40s,sglang,0.5.9,FAIL,"Strict-native op-level FPE probes: PERF_DATA_MISSING=220, SDK_UNREPRESENTABLE=320; raw probes=540; topologies=135; source_sha=26dae1f99b2b50fb17118f38d8a8e95dfac3357c. Representative failure: perf database error: MoE data missing for MoeKey { quant: ""bfloat16"", distribution: ""power_law_1.01"", topk: 8, num_experts: 256, hidden_size: 6144, inter_size: 2048, moe_tp_size: 1, moe_ep_size: 1 } at <repo>/python/aisimulate/src/aiconfigurator_core/systems/data/l40s/sglang/0.5.9","python python/aisimulate/tools/support_matrix/generate_fpe_support_matrix.py --model ""zai-org/GLM-5.2"" --system ""l40s"" --backend ""sglang"" --backend-version ""0.5.9"" --forward-model op_level --max-workers 8",,540,135,"PERF_DATA_MISSING=220, SDK_UNREPRESENTABLE=320",,26dae1f99b2b50fb17118f38d8a8e95dfac3357c
zai-org/GLM-5.2,GlmMoeDsaForCausalLM,l40s,trtllm,1.0.0,FAIL,"Strict-native op-level FPE probes: PERF_DATA_MISSING=116; raw probes=116; topologies=29; source_sha=26dae1f99b2b50fb17118f38d8a8e95dfac3357c. Representative failure: perf database error: MoE data missing for MoeKey { quant: ""bfloat16"", distribution: ""power_law_1.01"", topk: 8, num_experts: 256, hidden_size: 6144, inter_size: 2048, moe_tp_size: 1, moe_ep_size: 1 } at <repo>/python/aisimulate/src/aiconfigurator_core/systems/data/l40s/trtllm/1.0.0","python python/aisimulate/tools/support_matrix/generate_fpe_support_matrix.py --model ""zai-org/GLM-5.2"" --system ""l40s"" --backend ""trtllm"" --backend-version ""1.0.0"" --forward-model op_level --max-workers 8",,116,29,PERF_DATA_MISSING=116,,26dae1f99b2b50fb17118f38d8a8e95dfac3357c
zai-org/GLM-5.2,GlmMoeDsaForCausalLM,l40s,trtllm,1.3.0rc15,FAIL,"Strict-native op-level FPE probes: PERF_DATA_MISSING=116; raw probes=116; topologies=29; source_sha=26dae1f99b2b50fb17118f38d8a8e95dfac3357c. Representative failure: perf database error: MoE data missing for MoeKey { quant: ""bfloat16"", distribution: ""power_law_1.01"", topk: 8, num_experts: 256, hidden_size: 6144, inter_size: 2048, moe_tp_size: 1, moe_ep_size: 1 } at <repo>/python/aisimulate/src/aiconfigurator_core/systems/data/l40s/trtllm/1.3.0rc15","python python/aisimulate/tools/support_matrix/generate_fpe_support_matrix.py --model ""zai-org/GLM-5.2"" --system ""l40s"" --backend ""trtllm"" --backend-version ""1.3.0rc15"" --forward-model op_level --max-workers 8",,116,29,PERF_DATA_MISSING=116,,26dae1f99b2b50fb17118f38d8a8e95dfac3357c
zai-org/GLM-5.2,GlmMoeDsaForCausalLM,l40s,trtllm,1.3.0rc20,FAIL,Strict-native op-level FPE probes: PERF_DATA_MISSING=116; raw probes=116; topologies=29; source_sha=26dae1f99b2b50fb17118f38d8a8e95dfac3357c. Representative failure: perf database error: perf database error: perf database error: no DSA module rows loaded from 1 source(s) (first: <repo>/python/aisimulate/src/aiconfigurator_core/systems/data/l40s/trtllm/1.3.0rc20/dsa_context_module_perf.parquet),"python python/aisimulate/tools/support_matrix/generate_fpe_support_matrix.py --model ""zai-org/GLM-5.2"" --system ""l40s"" --backend ""trtllm"" --backend-version ""1.3.0rc20"" --forward-model op_level --max-workers 8",,116,29,PERF_DATA_MISSING=116,,26dae1f99b2b50fb17118f38d8a8e95dfac3357c
zai-org/GLM-5.2,GlmMoeDsaForCausalLM,l40s,trtllm,1.3.0rc23,FAIL,Strict-native op-level FPE probes: PERF_DATA_MISSING=116; raw probes=116; topologies=29; source_sha=26dae1f99b2b50fb17118f38d8a8e95dfac3357c. Representative failure: perf database error: perf database error: perf database error: no DSA module rows loaded from 1 source(s) (first: <repo>/python/aisimulate/src/aiconfigurator_core/systems/data/l40s/trtllm/1.3.0rc23/dsa_context_module_perf.parquet),"python python/aisimulate/tools/support_matrix/generate_fpe_support_matrix.py --model ""zai-org/GLM-5.2"" --system ""l40s"" --backend ""trtllm"" --backend-version ""1.3.0rc23"" --forward-model op_level --max-workers 8",,116,29,PERF_DATA_MISSING=116,,26dae1f99b2b50fb17118f38d8a8e95dfac3357c
zai-org/GLM-5.2,GlmMoeDsaForCausalLM,l40s,vllm,0.1.dev19262,FAIL,Strict-native op-level FPE probes: PERF_DATA_MISSING=116; raw probes=116; topologies=29; source_sha=26dae1f99b2b50fb17118f38d8a8e95dfac3357c. Representative failure: perf database error: perf database error: no GEMM rows loaded from 1 source(s) (first: <repo>/python/aisimulate/src/aiconfigurator_core/systems/data/l40s/vllm/0.1.dev19262/gemm_perf.parquet),"python python/aisimulate/tools/support_matrix/generate_fpe_support_matrix.py --model ""zai-org/GLM-5.2"" --system ""l40s"" --backend ""vllm"" --backend-version ""0.1.dev19262"" --forward-model op_level --max-workers 8",,116,29,PERF_DATA_MISSING=116,,26dae1f99b2b50fb17118f38d8a8e95dfac3357c
zai-org/GLM-5.2,GlmMoeDsaForCausalLM,l40s,vllm,0.14.0,FAIL,"Strict-native op-level FPE probes: PERF_DATA_MISSING=116; raw probes=116; topologies=29; source_sha=26dae1f99b2b50fb17118f38d8a8e95dfac3357c. Representative failure: perf database error: MoE data missing for MoeKey { quant: ""bfloat16"", distribution: ""power_law_1.01"", topk: 8, num_experts: 256, hidden_size: 6144, inter_size: 2048, moe_tp_size: 1, moe_ep_size: 1 } at <repo>/python/aisimulate/src/aiconfigurator_core/systems/data/l40s/vllm/0.14.0","python python/aisimulate/tools/support_matrix/generate_fpe_support_matrix.py --model ""zai-org/GLM-5.2"" --system ""l40s"" --backend ""vllm"" --backend-version ""0.14.0"" --forward-model op_level --max-workers 8",,116,29,PERF_DATA_MISSING=116,,26dae1f99b2b50fb17118f38d8a8e95dfac3357c
zai-org/GLM-5.2,GlmMoeDsaForCausalLM,l40s,vllm,0.22.0,FAIL,Strict-native op-level FPE probes: PERF_DATA_MISSING=116; raw probes=116; topologies=29; source_sha=26dae1f99b2b50fb17118f38d8a8e95dfac3357c. Representative failure: perf database error: perf database error: perf database error: no DSA module rows loaded from 1 source(s) (first: <repo>/python/aisimulate/src/aiconfigurator_core/systems/data/l40s/vllm/0.22.0/dsa_context_module_perf.parquet),"python python/aisimulate/tools/support_matrix/generate_fpe_support_matrix.py --model ""zai-org/GLM-5.2"" --system ""l40s"" --backend ""vllm"" --backend-version ""0.22.0"" --forward-model op_level --max-workers 8",,116,29,PERF_DATA_MISSING=116,,26dae1f99b2b50fb17118f38d8a8e95dfac3357c
zai-org/GLM-5.2,GlmMoeDsaForCausalLM,l40s,vllm,0.24.0,FAIL,Strict-native op-level FPE probes: PERF_DATA_MISSING=116; raw probes=116; topologies=29; source_sha=26dae1f99b2b50fb17118f38d8a8e95dfac3357c. Representative failure: perf database error: perf database error: perf database error: no DSA module rows loaded from 1 source(s) (first: <repo>/python/aisimulate/src/aiconfigurator_core/systems/data/l40s/vllm/0.24.0/dsa_context_module_perf.parquet),"python python/aisimulate/tools/support_matrix/generate_fpe_support_matrix.py --model ""zai-org/GLM-5.2"" --system ""l40s"" --backend ""vllm"" --backend-version ""0.24.0"" --forward-model op_level --max-workers 8",,116,29,PERF_DATA_MISSING=116,,26dae1f99b2b50fb17118f38d8a8e95dfac3357c
zai-org/GLM-5.2-FP8,GlmMoeDsaForCausalLM,l40s,sglang,0.5.10,FAIL,"Strict-native op-level FPE probes: PERF_DATA_MISSING=220, SDK_UNREPRESENTABLE=320; raw probes=540; topologies=135; source_sha=26dae1f99b2b50fb17118f38d8a8e95dfac3357c. Representative failure: perf database error: GEMM perf data missing for quant 'fp8_block' at <repo>/python/aisimulate/src/aiconfigurator_core/systems/data/l40s/sglang/0.5.10; available: [""bfloat16"", ""fp8""]","python python/aisimulate/tools/support_matrix/generate_fpe_support_matrix.py --model ""zai-org/GLM-5.2-FP8"" --system ""l40s"" --backend ""sglang"" --backend-version ""0.5.10"" --forward-model op_level --max-workers 8",,540,135,"PERF_DATA_MISSING=220, SDK_UNREPRESENTABLE=320",,26dae1f99b2b50fb17118f38d8a8e95dfac3357c
zai-org/GLM-5.2-FP8,GlmMoeDsaForCausalLM,l40s,sglang,0.5.12,FAIL,"Strict-native op-level FPE probes: PERF_DATA_MISSING=220, SDK_UNREPRESENTABLE=320; raw probes=540; topologies=135; source_sha=26dae1f99b2b50fb17118f38d8a8e95dfac3357c. Representative failure: perf database error: GEMM perf data missing for quant 'fp8_block' at <repo>/python/aisimulate/src/aiconfigurator_core/systems/data/l40s/sglang/0.5.12; available: [""bfloat16"", ""fp8"", ""fp8_static""]","python python/aisimulate/tools/support_matrix/generate_fpe_support_matrix.py --model ""zai-org/GLM-5.2-FP8"" --system ""l40s"" --backend ""sglang"" --backend-version ""0.5.12"" --forward-model op_level --max-workers 8",,540,135,"PERF_DATA_MISSING=220, SDK_UNREPRESENTABLE=320",,26dae1f99b2b50fb17118f38d8a8e95dfac3357c
zai-org/GLM-5.2-FP8,GlmMoeDsaForCausalLM,l40s,sglang,0.5.14,FAIL,"Strict-native op-level FPE probes: PERF_DATA_MISSING=220, SDK_UNREPRESENTABLE=320; raw probes=540; topologies=135; source_sha=26dae1f99b2b50fb17118f38d8a8e95dfac3357c. Representative failure: perf database error: GEMM perf data missing for quant 'fp8_block' at <repo>/python/aisimulate/src/aiconfigurator_core/systems/data/l40s/sglang/0.5.14; available: [""bfloat16"", ""fp8"", ""fp8_static""]","python python/aisimulate/tools/support_matrix/generate_fpe_support_matrix.py --model ""zai-org/GLM-5.2-FP8"" --system ""l40s"" --backend ""sglang"" --backend-version ""0.5.14"" --forward-model op_level --max-workers 8",,540,135,"PERF_DATA_MISSING=220, SDK_UNREPRESENTABLE=320",,26dae1f99b2b50fb17118f38d8a8e95dfac3357c
zai-org/GLM-5.2-FP8,GlmMoeDsaForCausalLM,l40s,sglang,0.5.16,FAIL,"Strict-native op-level FPE probes: PERF_DATA_MISSING=220, SDK_UNREPRESENTABLE=320; raw probes=540; topologies=135; source_sha=26dae1f99b2b50fb17118f38d8a8e95dfac3357c. Representative failure: perf database error: GEMM perf data missing for quant 'fp8_block' at <repo>/python/aisimulate/src/aiconfigurator_core/systems/data/l40s/sglang/0.5.16; available: [""bfloat16"", ""fp8"", ""fp8_static""]","python python/aisimulate/tools/support_matrix/generate_fpe_support_matrix.py --model ""zai-org/GLM-5.2-FP8"" --system ""l40s"" --backend ""sglang"" --backend-version ""0.5.16"" --forward-model op_level --max-workers 8",,540,135,"PERF_DATA_MISSING=220, SDK_UNREPRESENTABLE=320",,26dae1f99b2b50fb17118f38d8a8e95dfac3357c
zai-org/GLM-5.2-FP8,GlmMoeDsaForCausalLM,l40s,sglang,0.5.9,FAIL,"Strict-native op-level FPE probes: PERF_DATA_MISSING=220, SDK_UNREPRESENTABLE=320; raw probes=540; topologies=135; source_sha=26dae1f99b2b50fb17118f38d8a8e95dfac3357c. Representative failure: perf database error: GEMM perf data missing for quant 'fp8_block' at <repo>/python/aisimulate/src/aiconfigurator_core/systems/data/l40s/sglang/0.5.9; available: [""bfloat16"", ""fp8""]","python python/aisimulate/tools/support_matrix/generate_fpe_support_matrix.py --model ""zai-org/GLM-5.2-FP8"" --system ""l40s"" --backend ""sglang"" --backend-version ""0.5.9"" --forward-model op_level --max-workers 8",,540,135,"PERF_DATA_MISSING=220, SDK_UNREPRESENTABLE=320",,26dae1f99b2b50fb17118f38d8a8e95dfac3357c
zai-org/GLM-5.2-FP8,GlmMoeDsaForCausalLM,l40s,trtllm,1.0.0,FAIL,"Strict-native op-level FPE probes: PERF_DATA_MISSING=116; raw probes=116; topologies=29; source_sha=26dae1f99b2b50fb17118f38d8a8e95dfac3357c. Representative failure: perf database error: MoE data missing for MoeKey { quant: ""fp8_block"", distribution: ""uniform"", topk: 8, num_experts: 256, hidden_size: 6144, inter_size: 2048, moe_tp_size: 1, moe_ep_size: 1 } at <repo>/python/aisimulate/src/aiconfigurator_core/systems/data/l40s/trtllm/1.0.0","python python/aisimulate/tools/support_matrix/generate_fpe_support_matrix.py --model ""zai-org/GLM-5.2-FP8"" --system ""l40s"" --backend ""trtllm"" --backend-version ""1.0.0"" --forward-model op_level --max-workers 8",,116,29,PERF_DATA_MISSING=116,,26dae1f99b2b50fb17118f38d8a8e95dfac3357c
zai-org/GLM-5.2-FP8,GlmMoeDsaForCausalLM,l40s,trtllm,1.3.0rc15,FAIL,"Strict-native op-level FPE probes: PERF_DATA_MISSING=116; raw probes=116; topologies=29; source_sha=26dae1f99b2b50fb17118f38d8a8e95dfac3357c. Representative failure: perf database error: MoE data missing for MoeKey { quant: ""fp8_block"", distribution: ""uniform"", topk: 8, num_experts: 256, hidden_size: 6144, inter_size: 2048, moe_tp_size: 1, moe_ep_size: 1 } at <repo>/python/aisimulate/src/aiconfigurator_core/systems/data/l40s/trtllm/1.3.0rc15","python python/aisimulate/tools/support_matrix/generate_fpe_support_matrix.py --model ""zai-org/GLM-5.2-FP8"" --system ""l40s"" --backend ""trtllm"" --backend-version ""1.3.0rc15"" --forward-model op_level --max-workers 8",,116,29,PERF_DATA_MISSING=116,,26dae1f99b2b50fb17118f38d8a8e95dfac3357c
zai-org/GLM-5.2-FP8,GlmMoeDsaForCausalLM,l40s,trtllm,1.3.0rc20,FAIL,"Strict-native op-level FPE probes: PERF_DATA_MISSING=116; raw probes=116; topologies=29; source_sha=26dae1f99b2b50fb17118f38d8a8e95dfac3357c. Representative failure: perf database error: MoE data missing for MoeKey { quant: ""fp8_block"", distribution: ""uniform"", topk: 8, num_experts: 256, hidden_size: 6144, inter_size: 2048, moe_tp_size: 1, moe_ep_size: 1 } at <repo>/python/aisimulate/src/aiconfigurator_core/systems/data/l40s/trtllm/1.3.0rc20","python python/aisimulate/tools/support_matrix/generate_fpe_support_matrix.py --model ""zai-org/GLM-5.2-FP8"" --system ""l40s"" --backend ""trtllm"" --backend-version ""1.3.0rc20"" --forward-model op_level --max-workers 8",,116,29,PERF_DATA_MISSING=116,,26dae1f99b2b50fb17118f38d8a8e95dfac3357c
zai-org/GLM-5.2-FP8,GlmMoeDsaForCausalLM,l40s,trtllm,1.3.0rc23,FAIL,"Strict-native op-level FPE probes: PERF_DATA_MISSING=116; raw probes=116; topologies=29; source_sha=26dae1f99b2b50fb17118f38d8a8e95dfac3357c. Representative failure: perf database error: MoE data missing for MoeKey { quant: ""fp8_block"", distribution: ""uniform"", topk: 8, num_experts: 256, hidden_size: 6144, inter_size: 2048, moe_tp_size: 1, moe_ep_size: 1 } at <repo>/python/aisimulate/src/aiconfigurator_core/systems/data/l40s/trtllm/1.3.0rc23","python python/aisimulate/tools/support_matrix/generate_fpe_support_matrix.py --model ""zai-org/GLM-5.2-FP8"" --system ""l40s"" --backend ""trtllm"" --backend-version ""1.3.0rc23"" --forward-model op_level --max-workers 8",,116,29,PERF_DATA_MISSING=116,,26dae1f99b2b50fb17118f38d8a8e95dfac3357c
zai-org/GLM-5.2-FP8,GlmMoeDsaForCausalLM,l40s,vllm,0.1.dev19262,FAIL,Strict-native op-level FPE probes: PERF_DATA_MISSING=116; raw probes=116; topologies=29; source_sha=26dae1f99b2b50fb17118f38d8a8e95dfac3357c. Representative failure: perf database error: perf database error: no GEMM rows loaded from 1 source(s) (first: <repo>/python/aisimulate/src/aiconfigurator_core/systems/data/l40s/vllm/0.1.dev19262/gemm_perf.parquet),"python python/aisimulate/tools/support_matrix/generate_fpe_support_matrix.py --model ""zai-org/GLM-5.2-FP8"" --system ""l40s"" --backend ""vllm"" --backend-version ""0.1.dev19262"" --forward-model op_level --max-workers 8",,116,29,PERF_DATA_MISSING=116,,26dae1f99b2b50fb17118f38d8a8e95dfac3357c
zai-org/GLM-5.2-FP8,GlmMoeDsaForCausalLM,l40s,vllm,0.14.0,FAIL,"Strict-native op-level FPE probes: PERF_DATA_MISSING=116; raw probes=116; topologies=29; source_sha=26dae1f99b2b50fb17118f38d8a8e95dfac3357c. Representative failure: perf database error: GEMM perf data missing for quant 'fp8_block' at <repo>/python/aisimulate/src/aiconfigurator_core/systems/data/l40s/vllm/0.14.0; available: [""bfloat16"", ""fp8""]","python python/aisimulate/tools/support_matrix/generate_fpe_support_matrix.py --model ""zai-org/GLM-5.2-FP8"" --system ""l40s"" --backend ""vllm"" --backend-version ""0.14.0"" --forward-model op_level --max-workers 8",,116,29,PERF_DATA_MISSING=116,,26dae1f99b2b50fb17118f38d8a8e95dfac3357c
zai-org/GLM-5.2-FP8,GlmMoeDsaForCausalLM,l40s,vllm,0.22.0,FAIL,Strict-native op-level FPE probes: PERF_DATA_MISSING=116; raw probes=116; topologies=29; source_sha=26dae1f99b2b50fb17118f38d8a8e95dfac3357c. Representative failure: perf database error: perf database error: perf database error: no DSA module rows loaded from 1 source(s) (first: <repo>/python/aisimulate/src/aiconfigurator_core/systems/data/l40s/vllm/0.22.0/dsa_context_module_perf.parquet),"python python/aisimulate/tools/support_matrix/generate_fpe_support_matrix.py --model ""zai-org/GLM-5.2-FP8"" --system ""l40s"" --backend ""vllm"" --backend-version ""0.22.0"" --forward-model op_level --max-workers 8",,116,29,PERF_DATA_MISSING=116,,26dae1f99b2b50fb17118f38d8a8e95dfac3357c
zai-org/GLM-5.2-FP8,GlmMoeDsaForCausalLM,l40s,vllm,0.24.0,FAIL,Strict-native op-level FPE probes: PERF_DATA_MISSING=116; raw probes=116; topologies=29; source_sha=26dae1f99b2b50fb17118f38d8a8e95dfac3357c. Representative failure: perf database error: perf database error: perf database error: no DSA module rows loaded from 1 source(s) (first: <repo>/python/aisimulate/src/aiconfigurator_core/systems/data/l40s/vllm/0.24.0/dsa_context_module_perf.parquet),"python python/aisimulate/tools/support_matrix/generate_fpe_support_matrix.py --model ""zai-org/GLM-5.2-FP8"" --system ""l40s"" --backend ""vllm"" --backend-version ""0.24.0"" --forward-model op_level --max-workers 8",,116,29,PERF_DATA_MISSING=116,,26dae1f99b2b50fb17118f38d8a8e95dfac3357c
