HuggingFaceID,Architecture,System,Backend,Version,Status,ErrMsg,Command,Source,FPEProbeCount,FPETopologyCount,FPEStatusCounts,FPEPhaseLatencyMs,SourceSHA
MiniMaxAI/MiniMax-M2.7,MiniMaxM2ForCausalLM,b200_sxm,sglang,0.5.10,PASS,,"python python/aisimulate/tools/support_matrix/generate_fpe_support_matrix.py --model ""MiniMaxAI/MiniMax-M2.7"" --system ""b200_sxm"" --backend ""sglang"" --backend-version ""0.5.10"" --forward-model op_level --max-workers 8",silicon,540,135,"BUILD_FAILED=56, PASS=164, SDK_UNREPRESENTABLE=320","decode_end=4604.992000, decode_start=18.058196, mixed=47.594469, prefill=46.269943",26dae1f99b2b50fb17118f38d8a8e95dfac3357c
MiniMaxAI/MiniMax-M2.7,MiniMaxM2ForCausalLM,b200_sxm,sglang,0.5.12,PASS,,"python python/aisimulate/tools/support_matrix/generate_fpe_support_matrix.py --model ""MiniMaxAI/MiniMax-M2.7"" --system ""b200_sxm"" --backend ""sglang"" --backend-version ""0.5.12"" --forward-model op_level --max-workers 8",silicon,540,135,"BUILD_FAILED=56, PASS=164, SDK_UNREPRESENTABLE=320","decode_end=4261.152178, decode_start=16.708295, mixed=46.875477, prefill=45.431359",26dae1f99b2b50fb17118f38d8a8e95dfac3357c
MiniMaxAI/MiniMax-M2.7,MiniMaxM2ForCausalLM,b200_sxm,sglang,0.5.14,PASS,,"python python/aisimulate/tools/support_matrix/generate_fpe_support_matrix.py --model ""MiniMaxAI/MiniMax-M2.7"" --system ""b200_sxm"" --backend ""sglang"" --backend-version ""0.5.14"" --forward-model op_level --max-workers 8",silicon,540,135,"BUILD_FAILED=56, PASS=164, SDK_UNREPRESENTABLE=320","decode_end=4261.152178, decode_start=16.708295, mixed=46.875477, prefill=45.431359",26dae1f99b2b50fb17118f38d8a8e95dfac3357c
MiniMaxAI/MiniMax-M2.7,MiniMaxM2ForCausalLM,b200_sxm,sglang,0.5.16,PASS,,"python python/aisimulate/tools/support_matrix/generate_fpe_support_matrix.py --model ""MiniMaxAI/MiniMax-M2.7"" --system ""b200_sxm"" --backend ""sglang"" --backend-version ""0.5.16"" --forward-model op_level --max-workers 8",silicon,540,135,"BUILD_FAILED=56, PASS=164, SDK_UNREPRESENTABLE=320","decode_end=4261.152178, decode_start=16.708295, mixed=46.875477, prefill=45.431359",26dae1f99b2b50fb17118f38d8a8e95dfac3357c
MiniMaxAI/MiniMax-M2.7,MiniMaxM2ForCausalLM,b200_sxm,sglang,0.5.9,PASS,,"python python/aisimulate/tools/support_matrix/generate_fpe_support_matrix.py --model ""MiniMaxAI/MiniMax-M2.7"" --system ""b200_sxm"" --backend ""sglang"" --backend-version ""0.5.9"" --forward-model op_level --max-workers 8",silicon,540,135,"BUILD_FAILED=56, PASS=164, SDK_UNREPRESENTABLE=320","decode_end=4163.290866, decode_start=16.326534, mixed=40.586704, prefill=39.536886",26dae1f99b2b50fb17118f38d8a8e95dfac3357c
MiniMaxAI/MiniMax-M2.7,MiniMaxM2ForCausalLM,b200_sxm,trtllm,1.2.0rc5,PASS,,"python python/aisimulate/tools/support_matrix/generate_fpe_support_matrix.py --model ""MiniMaxAI/MiniMax-M2.7"" --system ""b200_sxm"" --backend ""trtllm"" --backend-version ""1.2.0rc5"" --forward-model op_level --max-workers 8",silicon,116,29,"BUILD_FAILED=24, PASS=72, PERF_DATA_MISSING=20","decode_end=4233.129617, decode_start=16.597928, mixed=23.060318, prefill=21.952098",26dae1f99b2b50fb17118f38d8a8e95dfac3357c
MiniMaxAI/MiniMax-M2.7,MiniMaxM2ForCausalLM,b200_sxm,trtllm,1.3.0rc10,PASS,,"python python/aisimulate/tools/support_matrix/generate_fpe_support_matrix.py --model ""MiniMaxAI/MiniMax-M2.7"" --system ""b200_sxm"" --backend ""trtllm"" --backend-version ""1.3.0rc10"" --forward-model op_level --max-workers 8",silicon,116,29,"BUILD_FAILED=24, PASS=72, PERF_DATA_MISSING=20","decode_end=4175.120524, decode_start=16.162208, mixed=24.614178, prefill=22.058341",26dae1f99b2b50fb17118f38d8a8e95dfac3357c
MiniMaxAI/MiniMax-M2.7,MiniMaxM2ForCausalLM,b200_sxm,trtllm,1.3.0rc15,PASS,,"python python/aisimulate/tools/support_matrix/generate_fpe_support_matrix.py --model ""MiniMaxAI/MiniMax-M2.7"" --system ""b200_sxm"" --backend ""trtllm"" --backend-version ""1.3.0rc15"" --forward-model op_level --max-workers 8",silicon,116,29,"BUILD_FAILED=24, PASS=88, PERF_DATA_MISSING=4","decode_end=3846.368961, decode_start=15.033554, mixed=30.694901, prefill=28.978112",26dae1f99b2b50fb17118f38d8a8e95dfac3357c
MiniMaxAI/MiniMax-M2.7,MiniMaxM2ForCausalLM,b200_sxm,trtllm,1.3.0rc20,PASS,,"python python/aisimulate/tools/support_matrix/generate_fpe_support_matrix.py --model ""MiniMaxAI/MiniMax-M2.7"" --system ""b200_sxm"" --backend ""trtllm"" --backend-version ""1.3.0rc20"" --forward-model op_level --max-workers 8",silicon,116,29,"BUILD_FAILED=24, PASS=92","decode_end=4594.432327, decode_start=18.026276, mixed=43.611503, prefill=42.520312",26dae1f99b2b50fb17118f38d8a8e95dfac3357c
MiniMaxAI/MiniMax-M2.7,MiniMaxM2ForCausalLM,b200_sxm,trtllm,1.3.0rc23,PASS,,"python python/aisimulate/tools/support_matrix/generate_fpe_support_matrix.py --model ""MiniMaxAI/MiniMax-M2.7"" --system ""b200_sxm"" --backend ""trtllm"" --backend-version ""1.3.0rc23"" --forward-model op_level --max-workers 8",silicon,116,29,"BUILD_FAILED=24, PASS=92","decode_end=4594.432327, decode_start=18.026276, mixed=43.611503, prefill=42.520312",26dae1f99b2b50fb17118f38d8a8e95dfac3357c
MiniMaxAI/MiniMax-M2.7,MiniMaxM2ForCausalLM,b200_sxm,vllm,0.1.dev19262,FAIL,"Strict-native op-level FPE probes: BUILD_FAILED=36, PERF_DATA_MISSING=80; raw probes=116; topologies=29; source_sha=26dae1f99b2b50fb17118f38d8a8e95dfac3357c. Representative failure: Invalid quantized MoE configuration: (moe_intermediate_size=1536 / moe_tp_size=16) % weight_block_size=128 != 0.","python python/aisimulate/tools/support_matrix/generate_fpe_support_matrix.py --model ""MiniMaxAI/MiniMax-M2.7"" --system ""b200_sxm"" --backend ""vllm"" --backend-version ""0.1.dev19262"" --forward-model op_level --max-workers 8",,116,29,"BUILD_FAILED=36, PERF_DATA_MISSING=80",,26dae1f99b2b50fb17118f38d8a8e95dfac3357c
MiniMaxAI/MiniMax-M2.7,MiniMaxM2ForCausalLM,b200_sxm,vllm,0.19.0,PASS,,"python python/aisimulate/tools/support_matrix/generate_fpe_support_matrix.py --model ""MiniMaxAI/MiniMax-M2.7"" --system ""b200_sxm"" --backend ""vllm"" --backend-version ""0.19.0"" --forward-model op_level --max-workers 8",silicon,116,29,"BUILD_FAILED=36, PASS=80","decode_end=3664.546841, decode_start=14.346148, mixed=60.108454, prefill=59.393803",26dae1f99b2b50fb17118f38d8a8e95dfac3357c
MiniMaxAI/MiniMax-M2.7,MiniMaxM2ForCausalLM,b200_sxm,vllm,0.22.0,PASS,,"python python/aisimulate/tools/support_matrix/generate_fpe_support_matrix.py --model ""MiniMaxAI/MiniMax-M2.7"" --system ""b200_sxm"" --backend ""vllm"" --backend-version ""0.22.0"" --forward-model op_level --max-workers 8",silicon,116,29,"BUILD_FAILED=36, PASS=80","decode_end=8202.167997, decode_start=32.113697, mixed=84.959986, prefill=77.299004",26dae1f99b2b50fb17118f38d8a8e95dfac3357c
MiniMaxAI/MiniMax-M2.7,MiniMaxM2ForCausalLM,b200_sxm,vllm,0.24.0,PASS,,"python python/aisimulate/tools/support_matrix/generate_fpe_support_matrix.py --model ""MiniMaxAI/MiniMax-M2.7"" --system ""b200_sxm"" --backend ""vllm"" --backend-version ""0.24.0"" --forward-model op_level --max-workers 8",silicon,116,29,"BUILD_FAILED=36, PASS=80","decode_end=8401.917729, decode_start=32.948645, mixed=61.127685, prefill=54.634358",26dae1f99b2b50fb17118f38d8a8e95dfac3357c
MiniMaxAI/MiniMax-M3,MiniMaxM3ForCausalLM,b200_sxm,sglang,0.5.10,FAIL,"Strict-native op-level FPE probes: PERF_DATA_MISSING=220; raw probes=220; topologies=55; source_sha=26dae1f99b2b50fb17118f38d8a8e95dfac3357c. Representative failure: perf database error: MoE data missing for MoeKey { quant: ""bfloat16"", distribution: ""power_law_1.01"", topk: 4, num_experts: 128, hidden_size: 6144, inter_size: 3072, moe_tp_size: 1, moe_ep_size: 1 } at <repo>/python/aisimulate/src/aiconfigurator_core/systems/data/b200_sxm/sglang/0.5.10","python python/aisimulate/tools/support_matrix/generate_fpe_support_matrix.py --model ""MiniMaxAI/MiniMax-M3"" --system ""b200_sxm"" --backend ""sglang"" --backend-version ""0.5.10"" --forward-model op_level --max-workers 8",,220,55,PERF_DATA_MISSING=220,,26dae1f99b2b50fb17118f38d8a8e95dfac3357c
MiniMaxAI/MiniMax-M3,MiniMaxM3ForCausalLM,b200_sxm,sglang,0.5.12,FAIL,Strict-native op-level FPE probes: PERF_DATA_MISSING=220; raw probes=220; topologies=55; source_sha=26dae1f99b2b50fb17118f38d8a8e95dfac3357c. Representative failure: perf database error: perf database error: perf database error: no DSA module rows loaded from 1 source(s) (first: <repo>/python/aisimulate/src/aiconfigurator_core/systems/data/b200_sxm/sglang/0.5.12/msa_context_module_perf.parquet),"python python/aisimulate/tools/support_matrix/generate_fpe_support_matrix.py --model ""MiniMaxAI/MiniMax-M3"" --system ""b200_sxm"" --backend ""sglang"" --backend-version ""0.5.12"" --forward-model op_level --max-workers 8",,220,55,PERF_DATA_MISSING=220,,26dae1f99b2b50fb17118f38d8a8e95dfac3357c
MiniMaxAI/MiniMax-M3,MiniMaxM3ForCausalLM,b200_sxm,sglang,0.5.14,FAIL,Strict-native op-level FPE probes: PERF_DATA_MISSING=220; raw probes=220; topologies=55; source_sha=26dae1f99b2b50fb17118f38d8a8e95dfac3357c. Representative failure: perf database error: perf database error: perf database error: no DSA module rows loaded from 1 source(s) (first: <repo>/python/aisimulate/src/aiconfigurator_core/systems/data/b200_sxm/sglang/0.5.14/msa_context_module_perf.parquet),"python python/aisimulate/tools/support_matrix/generate_fpe_support_matrix.py --model ""MiniMaxAI/MiniMax-M3"" --system ""b200_sxm"" --backend ""sglang"" --backend-version ""0.5.14"" --forward-model op_level --max-workers 8",,220,55,PERF_DATA_MISSING=220,,26dae1f99b2b50fb17118f38d8a8e95dfac3357c
MiniMaxAI/MiniMax-M3,MiniMaxM3ForCausalLM,b200_sxm,sglang,0.5.16,PASS,,"python python/aisimulate/tools/support_matrix/generate_fpe_support_matrix.py --model ""MiniMaxAI/MiniMax-M3"" --system ""b200_sxm"" --backend ""sglang"" --backend-version ""0.5.16"" --forward-model op_level --max-workers 8",silicon,220,55,PASS=220,"decode_end=11547.684140, decode_start=45.248430, mixed=171.134728, prefill=161.654871",26dae1f99b2b50fb17118f38d8a8e95dfac3357c
MiniMaxAI/MiniMax-M3,MiniMaxM3ForCausalLM,b200_sxm,sglang,0.5.9,FAIL,"Strict-native op-level FPE probes: PERF_DATA_MISSING=220; raw probes=220; topologies=55; source_sha=26dae1f99b2b50fb17118f38d8a8e95dfac3357c. Representative failure: perf database error: MoE data missing for MoeKey { quant: ""bfloat16"", distribution: ""power_law_1.01"", topk: 4, num_experts: 128, hidden_size: 6144, inter_size: 3072, moe_tp_size: 1, moe_ep_size: 1 } at <repo>/python/aisimulate/src/aiconfigurator_core/systems/data/b200_sxm/sglang/0.5.9","python python/aisimulate/tools/support_matrix/generate_fpe_support_matrix.py --model ""MiniMaxAI/MiniMax-M3"" --system ""b200_sxm"" --backend ""sglang"" --backend-version ""0.5.9"" --forward-model op_level --max-workers 8",,220,55,PERF_DATA_MISSING=220,,26dae1f99b2b50fb17118f38d8a8e95dfac3357c
MiniMaxAI/MiniMax-M3,MiniMaxM3ForCausalLM,b200_sxm,trtllm,1.2.0rc5,FAIL,"Strict-native op-level FPE probes: PERF_DATA_MISSING=116; raw probes=116; topologies=29; source_sha=26dae1f99b2b50fb17118f38d8a8e95dfac3357c. Representative failure: perf database error: MoE data missing for MoeKey { quant: ""bfloat16"", distribution: ""power_law_1.01"", topk: 4, num_experts: 128, hidden_size: 6144, inter_size: 3072, moe_tp_size: 1, moe_ep_size: 1 } at <repo>/python/aisimulate/src/aiconfigurator_core/systems/data/b200_sxm/trtllm/1.2.0rc5","python python/aisimulate/tools/support_matrix/generate_fpe_support_matrix.py --model ""MiniMaxAI/MiniMax-M3"" --system ""b200_sxm"" --backend ""trtllm"" --backend-version ""1.2.0rc5"" --forward-model op_level --max-workers 8",,116,29,PERF_DATA_MISSING=116,,26dae1f99b2b50fb17118f38d8a8e95dfac3357c
MiniMaxAI/MiniMax-M3,MiniMaxM3ForCausalLM,b200_sxm,trtllm,1.3.0rc10,FAIL,"Strict-native op-level FPE probes: PERF_DATA_MISSING=116; raw probes=116; topologies=29; source_sha=26dae1f99b2b50fb17118f38d8a8e95dfac3357c. Representative failure: perf database error: MoE data missing for MoeKey { quant: ""bfloat16"", distribution: ""power_law_1.01"", topk: 4, num_experts: 128, hidden_size: 6144, inter_size: 3072, moe_tp_size: 1, moe_ep_size: 1 } at <repo>/python/aisimulate/src/aiconfigurator_core/systems/data/b200_sxm/trtllm/1.3.0rc10","python python/aisimulate/tools/support_matrix/generate_fpe_support_matrix.py --model ""MiniMaxAI/MiniMax-M3"" --system ""b200_sxm"" --backend ""trtllm"" --backend-version ""1.3.0rc10"" --forward-model op_level --max-workers 8",,116,29,PERF_DATA_MISSING=116,,26dae1f99b2b50fb17118f38d8a8e95dfac3357c
MiniMaxAI/MiniMax-M3,MiniMaxM3ForCausalLM,b200_sxm,trtllm,1.3.0rc15,FAIL,"Strict-native op-level FPE probes: PERF_DATA_MISSING=116; raw probes=116; topologies=29; source_sha=26dae1f99b2b50fb17118f38d8a8e95dfac3357c. Representative failure: perf database error: MoE data missing for MoeKey { quant: ""bfloat16"", distribution: ""power_law_1.01"", topk: 4, num_experts: 128, hidden_size: 6144, inter_size: 3072, moe_tp_size: 1, moe_ep_size: 1 } at <repo>/python/aisimulate/src/aiconfigurator_core/systems/data/b200_sxm/trtllm/1.3.0rc15","python python/aisimulate/tools/support_matrix/generate_fpe_support_matrix.py --model ""MiniMaxAI/MiniMax-M3"" --system ""b200_sxm"" --backend ""trtllm"" --backend-version ""1.3.0rc15"" --forward-model op_level --max-workers 8",,116,29,PERF_DATA_MISSING=116,,26dae1f99b2b50fb17118f38d8a8e95dfac3357c
MiniMaxAI/MiniMax-M3,MiniMaxM3ForCausalLM,b200_sxm,trtllm,1.3.0rc20,FAIL,Strict-native op-level FPE probes: PERF_DATA_MISSING=116; raw probes=116; topologies=29; source_sha=26dae1f99b2b50fb17118f38d8a8e95dfac3357c. Representative failure: perf database error: perf database error: perf database error: no DSA module rows loaded from 1 source(s) (first: <repo>/python/aisimulate/src/aiconfigurator_core/systems/data/b200_sxm/trtllm/1.3.0rc20/msa_context_module_perf.parquet),"python python/aisimulate/tools/support_matrix/generate_fpe_support_matrix.py --model ""MiniMaxAI/MiniMax-M3"" --system ""b200_sxm"" --backend ""trtllm"" --backend-version ""1.3.0rc20"" --forward-model op_level --max-workers 8",,116,29,PERF_DATA_MISSING=116,,26dae1f99b2b50fb17118f38d8a8e95dfac3357c
MiniMaxAI/MiniMax-M3,MiniMaxM3ForCausalLM,b200_sxm,trtllm,1.3.0rc23,PASS,,"python python/aisimulate/tools/support_matrix/generate_fpe_support_matrix.py --model ""MiniMaxAI/MiniMax-M3"" --system ""b200_sxm"" --backend ""trtllm"" --backend-version ""1.3.0rc23"" --forward-model op_level --max-workers 8",silicon,116,29,PASS=116,"decode_end=11467.236674, decode_start=45.149970, mixed=277.731873, prefill=265.614233",26dae1f99b2b50fb17118f38d8a8e95dfac3357c
MiniMaxAI/MiniMax-M3,MiniMaxM3ForCausalLM,b200_sxm,vllm,0.1.dev19262,FAIL,Strict-native op-level FPE probes: PERF_DATA_MISSING=116; raw probes=116; topologies=29; source_sha=26dae1f99b2b50fb17118f38d8a8e95dfac3357c. Representative failure: perf database error: perf database error: no GEMM rows loaded from 1 source(s) (first: <repo>/python/aisimulate/src/aiconfigurator_core/systems/data/b200_sxm/vllm/0.1.dev19262/gemm_perf.parquet),"python python/aisimulate/tools/support_matrix/generate_fpe_support_matrix.py --model ""MiniMaxAI/MiniMax-M3"" --system ""b200_sxm"" --backend ""vllm"" --backend-version ""0.1.dev19262"" --forward-model op_level --max-workers 8",,116,29,PERF_DATA_MISSING=116,,26dae1f99b2b50fb17118f38d8a8e95dfac3357c
MiniMaxAI/MiniMax-M3,MiniMaxM3ForCausalLM,b200_sxm,vllm,0.19.0,FAIL,"Strict-native op-level FPE probes: PERF_DATA_MISSING=116; raw probes=116; topologies=29; source_sha=26dae1f99b2b50fb17118f38d8a8e95dfac3357c. Representative failure: perf database error: MoE data missing for MoeKey { quant: ""bfloat16"", distribution: ""power_law_1.01"", topk: 4, num_experts: 128, hidden_size: 6144, inter_size: 3072, moe_tp_size: 1, moe_ep_size: 1 } at <repo>/python/aisimulate/src/aiconfigurator_core/systems/data/b200_sxm/vllm/0.19.0","python python/aisimulate/tools/support_matrix/generate_fpe_support_matrix.py --model ""MiniMaxAI/MiniMax-M3"" --system ""b200_sxm"" --backend ""vllm"" --backend-version ""0.19.0"" --forward-model op_level --max-workers 8",,116,29,PERF_DATA_MISSING=116,,26dae1f99b2b50fb17118f38d8a8e95dfac3357c
MiniMaxAI/MiniMax-M3,MiniMaxM3ForCausalLM,b200_sxm,vllm,0.22.0,FAIL,Strict-native op-level FPE probes: PERF_DATA_MISSING=116; raw probes=116; topologies=29; source_sha=26dae1f99b2b50fb17118f38d8a8e95dfac3357c. Representative failure: perf database error: perf database error: perf database error: no DSA module rows loaded from 1 source(s) (first: <repo>/python/aisimulate/src/aiconfigurator_core/systems/data/b200_sxm/vllm/0.22.0/msa_context_module_perf.parquet),"python python/aisimulate/tools/support_matrix/generate_fpe_support_matrix.py --model ""MiniMaxAI/MiniMax-M3"" --system ""b200_sxm"" --backend ""vllm"" --backend-version ""0.22.0"" --forward-model op_level --max-workers 8",,116,29,PERF_DATA_MISSING=116,,26dae1f99b2b50fb17118f38d8a8e95dfac3357c
MiniMaxAI/MiniMax-M3,MiniMaxM3ForCausalLM,b200_sxm,vllm,0.24.0,PASS,,"python python/aisimulate/tools/support_matrix/generate_fpe_support_matrix.py --model ""MiniMaxAI/MiniMax-M3"" --system ""b200_sxm"" --backend ""vllm"" --backend-version ""0.24.0"" --forward-model op_level --max-workers 8",silicon,116,29,PASS=116,"decode_end=11663.877198, decode_start=45.722392, mixed=137.565767, prefill=132.906393",26dae1f99b2b50fb17118f38d8a8e95dfac3357c
Qwen/Qwen3-0.6B,Qwen3ForCausalLM,b200_sxm,sglang,0.5.10,PASS,,"python python/aisimulate/tools/support_matrix/generate_fpe_support_matrix.py --model ""Qwen/Qwen3-0.6B"" --system ""b200_sxm"" --backend ""sglang"" --backend-version ""0.5.10"" --forward-model op_level --max-workers 8",silicon,24,6,"PASS=12, SDK_UNREPRESENTABLE=12","decode_end=276.112839, decode_start=1.082818, mixed=2.558530, prefill=2.253727",26dae1f99b2b50fb17118f38d8a8e95dfac3357c
Qwen/Qwen3-0.6B,Qwen3ForCausalLM,b200_sxm,sglang,0.5.12,PASS,,"python python/aisimulate/tools/support_matrix/generate_fpe_support_matrix.py --model ""Qwen/Qwen3-0.6B"" --system ""b200_sxm"" --backend ""sglang"" --backend-version ""0.5.12"" --forward-model op_level --max-workers 8",silicon,24,6,"PASS=12, SDK_UNREPRESENTABLE=12","decode_end=279.519468, decode_start=1.085426, mixed=2.613470, prefill=2.399291",26dae1f99b2b50fb17118f38d8a8e95dfac3357c
Qwen/Qwen3-0.6B,Qwen3ForCausalLM,b200_sxm,sglang,0.5.14,PASS,,"python python/aisimulate/tools/support_matrix/generate_fpe_support_matrix.py --model ""Qwen/Qwen3-0.6B"" --system ""b200_sxm"" --backend ""sglang"" --backend-version ""0.5.14"" --forward-model op_level --max-workers 8",silicon,24,6,"PASS=12, SDK_UNREPRESENTABLE=12","decode_end=279.519468, decode_start=1.085426, mixed=2.613470, prefill=2.399291",26dae1f99b2b50fb17118f38d8a8e95dfac3357c
Qwen/Qwen3-0.6B,Qwen3ForCausalLM,b200_sxm,sglang,0.5.16,PASS,,"python python/aisimulate/tools/support_matrix/generate_fpe_support_matrix.py --model ""Qwen/Qwen3-0.6B"" --system ""b200_sxm"" --backend ""sglang"" --backend-version ""0.5.16"" --forward-model op_level --max-workers 8",silicon,24,6,"PASS=12, SDK_UNREPRESENTABLE=12","decode_end=279.519468, decode_start=1.085426, mixed=2.613470, prefill=2.399291",26dae1f99b2b50fb17118f38d8a8e95dfac3357c
Qwen/Qwen3-0.6B,Qwen3ForCausalLM,b200_sxm,sglang,0.5.9,PASS,,"python python/aisimulate/tools/support_matrix/generate_fpe_support_matrix.py --model ""Qwen/Qwen3-0.6B"" --system ""b200_sxm"" --backend ""sglang"" --backend-version ""0.5.9"" --forward-model op_level --max-workers 8",silicon,24,6,"PASS=12, SDK_UNREPRESENTABLE=12","decode_end=276.544944, decode_start=1.084738, mixed=2.564602, prefill=2.211719",26dae1f99b2b50fb17118f38d8a8e95dfac3357c
Qwen/Qwen3-0.6B,Qwen3ForCausalLM,b200_sxm,trtllm,1.2.0rc5,PASS,,"python python/aisimulate/tools/support_matrix/generate_fpe_support_matrix.py --model ""Qwen/Qwen3-0.6B"" --system ""b200_sxm"" --backend ""trtllm"" --backend-version ""1.2.0rc5"" --forward-model op_level --max-workers 8",silicon,12,3,PASS=12,"decode_end=302.934883, decode_start=1.187309, mixed=2.728843, prefill=2.361425",26dae1f99b2b50fb17118f38d8a8e95dfac3357c
Qwen/Qwen3-0.6B,Qwen3ForCausalLM,b200_sxm,trtllm,1.3.0rc10,PASS,,"python python/aisimulate/tools/support_matrix/generate_fpe_support_matrix.py --model ""Qwen/Qwen3-0.6B"" --system ""b200_sxm"" --backend ""trtllm"" --backend-version ""1.3.0rc10"" --forward-model op_level --max-workers 8",silicon,12,3,PASS=12,"decode_end=369.748012, decode_start=1.408067, mixed=2.998998, prefill=2.315001",26dae1f99b2b50fb17118f38d8a8e95dfac3357c
Qwen/Qwen3-0.6B,Qwen3ForCausalLM,b200_sxm,trtllm,1.3.0rc15,PASS,,"python python/aisimulate/tools/support_matrix/generate_fpe_support_matrix.py --model ""Qwen/Qwen3-0.6B"" --system ""b200_sxm"" --backend ""trtllm"" --backend-version ""1.3.0rc15"" --forward-model op_level --max-workers 8",silicon,12,3,PASS=12,"decode_end=277.465499, decode_start=1.064783, mixed=2.623383, prefill=2.299221",26dae1f99b2b50fb17118f38d8a8e95dfac3357c
Qwen/Qwen3-0.6B,Qwen3ForCausalLM,b200_sxm,trtllm,1.3.0rc20,PASS,,"python python/aisimulate/tools/support_matrix/generate_fpe_support_matrix.py --model ""Qwen/Qwen3-0.6B"" --system ""b200_sxm"" --backend ""trtllm"" --backend-version ""1.3.0rc20"" --forward-model op_level --max-workers 8",silicon,12,3,PASS=12,"decode_end=293.420287, decode_start=1.150266, mixed=2.746406, prefill=2.363727",26dae1f99b2b50fb17118f38d8a8e95dfac3357c
Qwen/Qwen3-0.6B,Qwen3ForCausalLM,b200_sxm,trtllm,1.3.0rc23,PASS,,"python python/aisimulate/tools/support_matrix/generate_fpe_support_matrix.py --model ""Qwen/Qwen3-0.6B"" --system ""b200_sxm"" --backend ""trtllm"" --backend-version ""1.3.0rc23"" --forward-model op_level --max-workers 8",silicon,12,3,PASS=12,"decode_end=293.420287, decode_start=1.150266, mixed=2.746406, prefill=2.363727",26dae1f99b2b50fb17118f38d8a8e95dfac3357c
Qwen/Qwen3-0.6B,Qwen3ForCausalLM,b200_sxm,vllm,0.1.dev19262,FAIL,Strict-native op-level FPE probes: PERF_DATA_MISSING=12; raw probes=12; topologies=3; source_sha=26dae1f99b2b50fb17118f38d8a8e95dfac3357c. Representative failure: perf database error: perf database error: no GEMM rows loaded from 1 source(s) (first: <repo>/python/aisimulate/src/aiconfigurator_core/systems/data/b200_sxm/vllm/0.1.dev19262/gemm_perf.parquet),"python python/aisimulate/tools/support_matrix/generate_fpe_support_matrix.py --model ""Qwen/Qwen3-0.6B"" --system ""b200_sxm"" --backend ""vllm"" --backend-version ""0.1.dev19262"" --forward-model op_level --max-workers 8",,12,3,PERF_DATA_MISSING=12,,26dae1f99b2b50fb17118f38d8a8e95dfac3357c
Qwen/Qwen3-0.6B,Qwen3ForCausalLM,b200_sxm,vllm,0.19.0,PASS,,"python python/aisimulate/tools/support_matrix/generate_fpe_support_matrix.py --model ""Qwen/Qwen3-0.6B"" --system ""b200_sxm"" --backend ""vllm"" --backend-version ""0.19.0"" --forward-model op_level --max-workers 8",silicon,12,3,PASS=12,"decode_end=273.105615, decode_start=1.053162, mixed=2.510912, prefill=2.228823",26dae1f99b2b50fb17118f38d8a8e95dfac3357c
Qwen/Qwen3-0.6B,Qwen3ForCausalLM,b200_sxm,vllm,0.22.0,PASS,,"python python/aisimulate/tools/support_matrix/generate_fpe_support_matrix.py --model ""Qwen/Qwen3-0.6B"" --system ""b200_sxm"" --backend ""vllm"" --backend-version ""0.22.0"" --forward-model op_level --max-workers 8",silicon,12,3,PASS=12,"decode_end=266.086442, decode_start=1.033466, mixed=2.474006, prefill=2.185645",26dae1f99b2b50fb17118f38d8a8e95dfac3357c
Qwen/Qwen3-0.6B,Qwen3ForCausalLM,b200_sxm,vllm,0.24.0,PASS,,"python python/aisimulate/tools/support_matrix/generate_fpe_support_matrix.py --model ""Qwen/Qwen3-0.6B"" --system ""b200_sxm"" --backend ""vllm"" --backend-version ""0.24.0"" --forward-model op_level --max-workers 8",silicon,12,3,PASS=12,"decode_end=288.741951, decode_start=1.112433, mixed=2.615314, prefill=2.264903",26dae1f99b2b50fb17118f38d8a8e95dfac3357c
Qwen/Qwen3-1.7B,Qwen3ForCausalLM,b200_sxm,sglang,0.5.10,PASS,,"python python/aisimulate/tools/support_matrix/generate_fpe_support_matrix.py --model ""Qwen/Qwen3-1.7B"" --system ""b200_sxm"" --backend ""sglang"" --backend-version ""0.5.10"" --forward-model op_level --max-workers 8",silicon,24,6,"PASS=12, SDK_UNREPRESENTABLE=12","decode_end=390.334254, decode_start=1.530745, mixed=2.990240, prefill=2.762090",26dae1f99b2b50fb17118f38d8a8e95dfac3357c
Qwen/Qwen3-1.7B,Qwen3ForCausalLM,b200_sxm,sglang,0.5.12,PASS,,"python python/aisimulate/tools/support_matrix/generate_fpe_support_matrix.py --model ""Qwen/Qwen3-1.7B"" --system ""b200_sxm"" --backend ""sglang"" --backend-version ""0.5.12"" --forward-model op_level --max-workers 8",silicon,24,6,"PASS=12, SDK_UNREPRESENTABLE=12","decode_end=413.656052, decode_start=1.611451, mixed=3.062352, prefill=2.755713",26dae1f99b2b50fb17118f38d8a8e95dfac3357c
Qwen/Qwen3-1.7B,Qwen3ForCausalLM,b200_sxm,sglang,0.5.14,PASS,,"python python/aisimulate/tools/support_matrix/generate_fpe_support_matrix.py --model ""Qwen/Qwen3-1.7B"" --system ""b200_sxm"" --backend ""sglang"" --backend-version ""0.5.14"" --forward-model op_level --max-workers 8",silicon,24,6,"PASS=12, SDK_UNREPRESENTABLE=12","decode_end=413.656052, decode_start=1.611451, mixed=3.062352, prefill=2.755713",26dae1f99b2b50fb17118f38d8a8e95dfac3357c
Qwen/Qwen3-1.7B,Qwen3ForCausalLM,b200_sxm,sglang,0.5.16,PASS,,"python python/aisimulate/tools/support_matrix/generate_fpe_support_matrix.py --model ""Qwen/Qwen3-1.7B"" --system ""b200_sxm"" --backend ""sglang"" --backend-version ""0.5.16"" --forward-model op_level --max-workers 8",silicon,24,6,"PASS=12, SDK_UNREPRESENTABLE=12","decode_end=413.656052, decode_start=1.611451, mixed=3.062352, prefill=2.755713",26dae1f99b2b50fb17118f38d8a8e95dfac3357c
Qwen/Qwen3-1.7B,Qwen3ForCausalLM,b200_sxm,sglang,0.5.9,PASS,,"python python/aisimulate/tools/support_matrix/generate_fpe_support_matrix.py --model ""Qwen/Qwen3-1.7B"" --system ""b200_sxm"" --backend ""sglang"" --backend-version ""0.5.9"" --forward-model op_level --max-workers 8",silicon,24,6,"PASS=12, SDK_UNREPRESENTABLE=12","decode_end=383.467437, decode_start=1.504042, mixed=2.956933, prefill=2.650789",26dae1f99b2b50fb17118f38d8a8e95dfac3357c
Qwen/Qwen3-1.7B,Qwen3ForCausalLM,b200_sxm,trtllm,1.2.0rc5,PASS,,"python python/aisimulate/tools/support_matrix/generate_fpe_support_matrix.py --model ""Qwen/Qwen3-1.7B"" --system ""b200_sxm"" --backend ""trtllm"" --backend-version ""1.2.0rc5"" --forward-model op_level --max-workers 8",silicon,12,3,PASS=12,"decode_end=413.045021, decode_start=1.619114, mixed=3.199018, prefill=2.794597",26dae1f99b2b50fb17118f38d8a8e95dfac3357c
Qwen/Qwen3-1.7B,Qwen3ForCausalLM,b200_sxm,trtllm,1.3.0rc10,PASS,,"python python/aisimulate/tools/support_matrix/generate_fpe_support_matrix.py --model ""Qwen/Qwen3-1.7B"" --system ""b200_sxm"" --backend ""trtllm"" --backend-version ""1.3.0rc10"" --forward-model op_level --max-workers 8",silicon,12,3,PASS=12,"decode_end=481.543193, decode_start=1.846480, mixed=3.450648, prefill=2.750991",26dae1f99b2b50fb17118f38d8a8e95dfac3357c
Qwen/Qwen3-1.7B,Qwen3ForCausalLM,b200_sxm,trtllm,1.3.0rc15,PASS,,"python python/aisimulate/tools/support_matrix/generate_fpe_support_matrix.py --model ""Qwen/Qwen3-1.7B"" --system ""b200_sxm"" --backend ""trtllm"" --backend-version ""1.3.0rc15"" --forward-model op_level --max-workers 8",silicon,12,3,PASS=12,"decode_end=393.138138, decode_start=1.518402, mixed=3.078834, prefill=2.738729",26dae1f99b2b50fb17118f38d8a8e95dfac3357c
Qwen/Qwen3-1.7B,Qwen3ForCausalLM,b200_sxm,trtllm,1.3.0rc20,PASS,,"python python/aisimulate/tools/support_matrix/generate_fpe_support_matrix.py --model ""Qwen/Qwen3-1.7B"" --system ""b200_sxm"" --backend ""trtllm"" --backend-version ""1.3.0rc20"" --forward-model op_level --max-workers 8",silicon,12,3,PASS=12,"decode_end=413.477931, decode_start=1.621080, mixed=3.202556, prefill=2.828119",26dae1f99b2b50fb17118f38d8a8e95dfac3357c
Qwen/Qwen3-1.7B,Qwen3ForCausalLM,b200_sxm,trtllm,1.3.0rc23,PASS,,"python python/aisimulate/tools/support_matrix/generate_fpe_support_matrix.py --model ""Qwen/Qwen3-1.7B"" --system ""b200_sxm"" --backend ""trtllm"" --backend-version ""1.3.0rc23"" --forward-model op_level --max-workers 8",silicon,12,3,PASS=12,"decode_end=413.477931, decode_start=1.621080, mixed=3.202556, prefill=2.828119",26dae1f99b2b50fb17118f38d8a8e95dfac3357c
Qwen/Qwen3-1.7B,Qwen3ForCausalLM,b200_sxm,vllm,0.1.dev19262,FAIL,Strict-native op-level FPE probes: PERF_DATA_MISSING=12; raw probes=12; topologies=3; source_sha=26dae1f99b2b50fb17118f38d8a8e95dfac3357c. Representative failure: perf database error: perf database error: no GEMM rows loaded from 1 source(s) (first: <repo>/python/aisimulate/src/aiconfigurator_core/systems/data/b200_sxm/vllm/0.1.dev19262/gemm_perf.parquet),"python python/aisimulate/tools/support_matrix/generate_fpe_support_matrix.py --model ""Qwen/Qwen3-1.7B"" --system ""b200_sxm"" --backend ""vllm"" --backend-version ""0.1.dev19262"" --forward-model op_level --max-workers 8",,12,3,PERF_DATA_MISSING=12,,26dae1f99b2b50fb17118f38d8a8e95dfac3357c
Qwen/Qwen3-1.7B,Qwen3ForCausalLM,b200_sxm,vllm,0.19.0,PASS,,"python python/aisimulate/tools/support_matrix/generate_fpe_support_matrix.py --model ""Qwen/Qwen3-1.7B"" --system ""b200_sxm"" --backend ""vllm"" --backend-version ""0.19.0"" --forward-model op_level --max-workers 8",silicon,12,3,PASS=12,"decode_end=388.322933, decode_start=1.504994, mixed=2.949403, prefill=2.655933",26dae1f99b2b50fb17118f38d8a8e95dfac3357c
Qwen/Qwen3-1.7B,Qwen3ForCausalLM,b200_sxm,vllm,0.22.0,PASS,,"python python/aisimulate/tools/support_matrix/generate_fpe_support_matrix.py --model ""Qwen/Qwen3-1.7B"" --system ""b200_sxm"" --backend ""vllm"" --backend-version ""0.22.0"" --forward-model op_level --max-workers 8",silicon,12,3,PASS=12,"decode_end=376.920935, decode_start=1.468111, mixed=2.901832, prefill=2.615165",26dae1f99b2b50fb17118f38d8a8e95dfac3357c
Qwen/Qwen3-1.7B,Qwen3ForCausalLM,b200_sxm,vllm,0.24.0,PASS,,"python python/aisimulate/tools/support_matrix/generate_fpe_support_matrix.py --model ""Qwen/Qwen3-1.7B"" --system ""b200_sxm"" --backend ""vllm"" --backend-version ""0.24.0"" --forward-model op_level --max-workers 8",silicon,12,3,PASS=12,"decode_end=399.760834, decode_start=1.547801, mixed=3.050344, prefill=2.712130",26dae1f99b2b50fb17118f38d8a8e95dfac3357c
Qwen/Qwen3-235B-A22B,Qwen3MoeForCausalLM,b200_sxm,sglang,0.5.10,PASS,,"python python/aisimulate/tools/support_matrix/generate_fpe_support_matrix.py --model ""Qwen/Qwen3-235B-A22B"" --system ""b200_sxm"" --backend ""sglang"" --backend-version ""0.5.10"" --forward-model op_level --max-workers 8",silicon,540,135,"PASS=220, SDK_UNREPRESENTABLE=320","decode_end=8848.486227, decode_start=34.719998, mixed=96.304609, prefill=95.448635",26dae1f99b2b50fb17118f38d8a8e95dfac3357c
Qwen/Qwen3-235B-A22B,Qwen3MoeForCausalLM,b200_sxm,sglang,0.5.12,PASS,,"python python/aisimulate/tools/support_matrix/generate_fpe_support_matrix.py --model ""Qwen/Qwen3-235B-A22B"" --system ""b200_sxm"" --backend ""sglang"" --backend-version ""0.5.12"" --forward-model op_level --max-workers 8",silicon,540,135,"PASS=220, SDK_UNREPRESENTABLE=320","decode_end=7106.629700, decode_start=27.870328, mixed=77.954333, prefill=75.390037",26dae1f99b2b50fb17118f38d8a8e95dfac3357c
Qwen/Qwen3-235B-A22B,Qwen3MoeForCausalLM,b200_sxm,sglang,0.5.14,PASS,,"python python/aisimulate/tools/support_matrix/generate_fpe_support_matrix.py --model ""Qwen/Qwen3-235B-A22B"" --system ""b200_sxm"" --backend ""sglang"" --backend-version ""0.5.14"" --forward-model op_level --max-workers 8",silicon,540,135,"PASS=220, SDK_UNREPRESENTABLE=320","decode_end=7106.629700, decode_start=27.870328, mixed=77.954333, prefill=75.390037",26dae1f99b2b50fb17118f38d8a8e95dfac3357c
Qwen/Qwen3-235B-A22B,Qwen3MoeForCausalLM,b200_sxm,sglang,0.5.16,PASS,,"python python/aisimulate/tools/support_matrix/generate_fpe_support_matrix.py --model ""Qwen/Qwen3-235B-A22B"" --system ""b200_sxm"" --backend ""sglang"" --backend-version ""0.5.16"" --forward-model op_level --max-workers 8",silicon,540,135,"PASS=220, SDK_UNREPRESENTABLE=320","decode_end=7106.629700, decode_start=27.870328, mixed=77.954333, prefill=75.390037",26dae1f99b2b50fb17118f38d8a8e95dfac3357c
Qwen/Qwen3-235B-A22B,Qwen3MoeForCausalLM,b200_sxm,sglang,0.5.9,PASS,,"python python/aisimulate/tools/support_matrix/generate_fpe_support_matrix.py --model ""Qwen/Qwen3-235B-A22B"" --system ""b200_sxm"" --backend ""sglang"" --backend-version ""0.5.9"" --forward-model op_level --max-workers 8",silicon,540,135,"PASS=220, SDK_UNREPRESENTABLE=320","decode_end=9083.065147, decode_start=35.680967, mixed=94.109319, prefill=92.878911",26dae1f99b2b50fb17118f38d8a8e95dfac3357c
Qwen/Qwen3-235B-A22B,Qwen3MoeForCausalLM,b200_sxm,trtllm,1.2.0rc5,PASS,,"python python/aisimulate/tools/support_matrix/generate_fpe_support_matrix.py --model ""Qwen/Qwen3-235B-A22B"" --system ""b200_sxm"" --backend ""trtllm"" --backend-version ""1.2.0rc5"" --forward-model op_level --max-workers 8",silicon,116,29,PASS=116,"decode_end=7712.973102, decode_start=30.247528, mixed=76.886227, prefill=75.400315",26dae1f99b2b50fb17118f38d8a8e95dfac3357c
Qwen/Qwen3-235B-A22B,Qwen3MoeForCausalLM,b200_sxm,trtllm,1.3.0rc10,PASS,,"python python/aisimulate/tools/support_matrix/generate_fpe_support_matrix.py --model ""Qwen/Qwen3-235B-A22B"" --system ""b200_sxm"" --backend ""trtllm"" --backend-version ""1.3.0rc10"" --forward-model op_level --max-workers 8",silicon,116,29,PASS=116,"decode_end=7904.693542, decode_start=30.571857, mixed=78.046028, prefill=74.915106",26dae1f99b2b50fb17118f38d8a8e95dfac3357c
Qwen/Qwen3-235B-A22B,Qwen3MoeForCausalLM,b200_sxm,trtllm,1.3.0rc15,PASS,,"python python/aisimulate/tools/support_matrix/generate_fpe_support_matrix.py --model ""Qwen/Qwen3-235B-A22B"" --system ""b200_sxm"" --backend ""trtllm"" --backend-version ""1.3.0rc15"" --forward-model op_level --max-workers 8",silicon,116,29,PASS=116,"decode_end=7527.383459, decode_start=29.515605, mixed=76.347575, prefill=74.714242",26dae1f99b2b50fb17118f38d8a8e95dfac3357c
Qwen/Qwen3-235B-A22B,Qwen3MoeForCausalLM,b200_sxm,trtllm,1.3.0rc20,PASS,,"python python/aisimulate/tools/support_matrix/generate_fpe_support_matrix.py --model ""Qwen/Qwen3-235B-A22B"" --system ""b200_sxm"" --backend ""trtllm"" --backend-version ""1.3.0rc20"" --forward-model op_level --max-workers 8",silicon,116,29,PASS=116,"decode_end=7379.694320, decode_start=28.941678, mixed=77.856413, prefill=75.724611",26dae1f99b2b50fb17118f38d8a8e95dfac3357c
Qwen/Qwen3-235B-A22B,Qwen3MoeForCausalLM,b200_sxm,trtllm,1.3.0rc23,PASS,,"python python/aisimulate/tools/support_matrix/generate_fpe_support_matrix.py --model ""Qwen/Qwen3-235B-A22B"" --system ""b200_sxm"" --backend ""trtllm"" --backend-version ""1.3.0rc23"" --forward-model op_level --max-workers 8",silicon,116,29,PASS=116,"decode_end=7379.694320, decode_start=28.941678, mixed=77.856413, prefill=75.724611",26dae1f99b2b50fb17118f38d8a8e95dfac3357c
Qwen/Qwen3-235B-A22B,Qwen3MoeForCausalLM,b200_sxm,vllm,0.1.dev19262,FAIL,Strict-native op-level FPE probes: PERF_DATA_MISSING=116; raw probes=116; topologies=29; source_sha=26dae1f99b2b50fb17118f38d8a8e95dfac3357c. Representative failure: perf database error: perf database error: no GEMM rows loaded from 1 source(s) (first: <repo>/python/aisimulate/src/aiconfigurator_core/systems/data/b200_sxm/vllm/0.1.dev19262/gemm_perf.parquet),"python python/aisimulate/tools/support_matrix/generate_fpe_support_matrix.py --model ""Qwen/Qwen3-235B-A22B"" --system ""b200_sxm"" --backend ""vllm"" --backend-version ""0.1.dev19262"" --forward-model op_level --max-workers 8",,116,29,PERF_DATA_MISSING=116,,26dae1f99b2b50fb17118f38d8a8e95dfac3357c
Qwen/Qwen3-235B-A22B,Qwen3MoeForCausalLM,b200_sxm,vllm,0.19.0,PASS,,"python python/aisimulate/tools/support_matrix/generate_fpe_support_matrix.py --model ""Qwen/Qwen3-235B-A22B"" --system ""b200_sxm"" --backend ""vllm"" --backend-version ""0.19.0"" --forward-model op_level --max-workers 8",silicon,116,29,PASS=116,"decode_end=7733.602317, decode_start=30.250440, mixed=83.301954, prefill=81.985881",26dae1f99b2b50fb17118f38d8a8e95dfac3357c
Qwen/Qwen3-235B-A22B,Qwen3MoeForCausalLM,b200_sxm,vllm,0.22.0,PASS,,"python python/aisimulate/tools/support_matrix/generate_fpe_support_matrix.py --model ""Qwen/Qwen3-235B-A22B"" --system ""b200_sxm"" --backend ""vllm"" --backend-version ""0.22.0"" --forward-model op_level --max-workers 8",silicon,116,29,PASS=116,"decode_end=7716.333559, decode_start=30.200187, mixed=88.116199, prefill=86.633921",26dae1f99b2b50fb17118f38d8a8e95dfac3357c
Qwen/Qwen3-235B-A22B,Qwen3MoeForCausalLM,b200_sxm,vllm,0.24.0,PASS,,"python python/aisimulate/tools/support_matrix/generate_fpe_support_matrix.py --model ""Qwen/Qwen3-235B-A22B"" --system ""b200_sxm"" --backend ""vllm"" --backend-version ""0.24.0"" --forward-model op_level --max-workers 8",silicon,116,29,PASS=116,"decode_end=7037.157213, decode_start=27.577975, mixed=78.524767, prefill=76.133093",26dae1f99b2b50fb17118f38d8a8e95dfac3357c
Qwen/Qwen3-235B-A22B-FP8,Qwen3MoeForCausalLM,b200_sxm,sglang,0.5.10,PASS,,"python python/aisimulate/tools/support_matrix/generate_fpe_support_matrix.py --model ""Qwen/Qwen3-235B-A22B-FP8"" --system ""b200_sxm"" --backend ""sglang"" --backend-version ""0.5.10"" --forward-model op_level --max-workers 8",silicon,540,135,"BUILD_FAILED=56, PASS=164, SDK_UNREPRESENTABLE=320","decode_end=7280.946820, decode_start=28.553115, mixed=61.122663, prefill=59.628107",26dae1f99b2b50fb17118f38d8a8e95dfac3357c
Qwen/Qwen3-235B-A22B-FP8,Qwen3MoeForCausalLM,b200_sxm,sglang,0.5.12,PASS,,"python python/aisimulate/tools/support_matrix/generate_fpe_support_matrix.py --model ""Qwen/Qwen3-235B-A22B-FP8"" --system ""b200_sxm"" --backend ""sglang"" --backend-version ""0.5.12"" --forward-model op_level --max-workers 8",silicon,540,135,"BUILD_FAILED=56, PASS=164, SDK_UNREPRESENTABLE=320","decode_end=5424.160239, decode_start=21.206612, mixed=56.881349, prefill=54.134217",26dae1f99b2b50fb17118f38d8a8e95dfac3357c
Qwen/Qwen3-235B-A22B-FP8,Qwen3MoeForCausalLM,b200_sxm,sglang,0.5.14,PASS,,"python python/aisimulate/tools/support_matrix/generate_fpe_support_matrix.py --model ""Qwen/Qwen3-235B-A22B-FP8"" --system ""b200_sxm"" --backend ""sglang"" --backend-version ""0.5.14"" --forward-model op_level --max-workers 8",silicon,540,135,"BUILD_FAILED=56, PASS=164, SDK_UNREPRESENTABLE=320","decode_end=5424.160239, decode_start=21.206612, mixed=56.881349, prefill=54.134217",26dae1f99b2b50fb17118f38d8a8e95dfac3357c
Qwen/Qwen3-235B-A22B-FP8,Qwen3MoeForCausalLM,b200_sxm,sglang,0.5.16,PASS,,"python python/aisimulate/tools/support_matrix/generate_fpe_support_matrix.py --model ""Qwen/Qwen3-235B-A22B-FP8"" --system ""b200_sxm"" --backend ""sglang"" --backend-version ""0.5.16"" --forward-model op_level --max-workers 8",silicon,540,135,"BUILD_FAILED=56, PASS=164, SDK_UNREPRESENTABLE=320","decode_end=5424.160239, decode_start=21.206612, mixed=56.881349, prefill=54.134217",26dae1f99b2b50fb17118f38d8a8e95dfac3357c
Qwen/Qwen3-235B-A22B-FP8,Qwen3MoeForCausalLM,b200_sxm,sglang,0.5.9,PASS,,"python python/aisimulate/tools/support_matrix/generate_fpe_support_matrix.py --model ""Qwen/Qwen3-235B-A22B-FP8"" --system ""b200_sxm"" --backend ""sglang"" --backend-version ""0.5.9"" --forward-model op_level --max-workers 8",silicon,540,135,"BUILD_FAILED=56, PASS=164, SDK_UNREPRESENTABLE=320","decode_end=6493.680633, decode_start=25.487414, mixed=54.076953, prefill=52.677992",26dae1f99b2b50fb17118f38d8a8e95dfac3357c
Qwen/Qwen3-235B-A22B-FP8,Qwen3MoeForCausalLM,b200_sxm,trtllm,1.2.0rc5,PASS,,"python python/aisimulate/tools/support_matrix/generate_fpe_support_matrix.py --model ""Qwen/Qwen3-235B-A22B-FP8"" --system ""b200_sxm"" --backend ""trtllm"" --backend-version ""1.2.0rc5"" --forward-model op_level --max-workers 8",silicon,116,29,"BUILD_FAILED=24, PASS=80, PERF_DATA_MISSING=12","decode_end=6544.803725, decode_start=25.658929, mixed=39.962797, prefill=38.085545",26dae1f99b2b50fb17118f38d8a8e95dfac3357c
Qwen/Qwen3-235B-A22B-FP8,Qwen3MoeForCausalLM,b200_sxm,trtllm,1.3.0rc10,PASS,,"python python/aisimulate/tools/support_matrix/generate_fpe_support_matrix.py --model ""Qwen/Qwen3-235B-A22B-FP8"" --system ""b200_sxm"" --backend ""trtllm"" --backend-version ""1.3.0rc10"" --forward-model op_level --max-workers 8",silicon,116,29,"BUILD_FAILED=24, PASS=80, PERF_DATA_MISSING=12","decode_end=6466.926536, decode_start=24.942056, mixed=42.910612, prefill=38.162316",26dae1f99b2b50fb17118f38d8a8e95dfac3357c
Qwen/Qwen3-235B-A22B-FP8,Qwen3MoeForCausalLM,b200_sxm,trtllm,1.3.0rc15,PASS,,"python python/aisimulate/tools/support_matrix/generate_fpe_support_matrix.py --model ""Qwen/Qwen3-235B-A22B-FP8"" --system ""b200_sxm"" --backend ""trtllm"" --backend-version ""1.3.0rc15"" --forward-model op_level --max-workers 8",silicon,116,29,"BUILD_FAILED=24, PASS=80, PERF_DATA_MISSING=12","decode_end=6017.295340, decode_start=23.537659, mixed=41.083073, prefill=38.106174",26dae1f99b2b50fb17118f38d8a8e95dfac3357c
Qwen/Qwen3-235B-A22B-FP8,Qwen3MoeForCausalLM,b200_sxm,trtllm,1.3.0rc20,PASS,,"python python/aisimulate/tools/support_matrix/generate_fpe_support_matrix.py --model ""Qwen/Qwen3-235B-A22B-FP8"" --system ""b200_sxm"" --backend ""trtllm"" --backend-version ""1.3.0rc20"" --forward-model op_level --max-workers 8",silicon,116,29,"BUILD_FAILED=24, PASS=92","decode_end=6031.967354, decode_start=23.524960, mixed=54.773742, prefill=53.055199",26dae1f99b2b50fb17118f38d8a8e95dfac3357c
Qwen/Qwen3-235B-A22B-FP8,Qwen3MoeForCausalLM,b200_sxm,trtllm,1.3.0rc23,PASS,,"python python/aisimulate/tools/support_matrix/generate_fpe_support_matrix.py --model ""Qwen/Qwen3-235B-A22B-FP8"" --system ""b200_sxm"" --backend ""trtllm"" --backend-version ""1.3.0rc23"" --forward-model op_level --max-workers 8",silicon,116,29,"BUILD_FAILED=24, PASS=92","decode_end=6031.967354, decode_start=23.524960, mixed=54.773742, prefill=53.055199",26dae1f99b2b50fb17118f38d8a8e95dfac3357c
Qwen/Qwen3-235B-A22B-FP8,Qwen3MoeForCausalLM,b200_sxm,vllm,0.1.dev19262,FAIL,"Strict-native op-level FPE probes: BUILD_FAILED=36, PERF_DATA_MISSING=80; raw probes=116; topologies=29; source_sha=26dae1f99b2b50fb17118f38d8a8e95dfac3357c. Representative failure: Invalid quantized MoE configuration: (moe_intermediate_size=1536 / moe_tp_size=16) % weight_block_size=128 != 0.","python python/aisimulate/tools/support_matrix/generate_fpe_support_matrix.py --model ""Qwen/Qwen3-235B-A22B-FP8"" --system ""b200_sxm"" --backend ""vllm"" --backend-version ""0.1.dev19262"" --forward-model op_level --max-workers 8",,116,29,"BUILD_FAILED=36, PERF_DATA_MISSING=80",,26dae1f99b2b50fb17118f38d8a8e95dfac3357c
Qwen/Qwen3-235B-A22B-FP8,Qwen3MoeForCausalLM,b200_sxm,vllm,0.19.0,PASS,,"python python/aisimulate/tools/support_matrix/generate_fpe_support_matrix.py --model ""Qwen/Qwen3-235B-A22B-FP8"" --system ""b200_sxm"" --backend ""vllm"" --backend-version ""0.19.0"" --forward-model op_level --max-workers 8",silicon,116,29,"BUILD_FAILED=36, PASS=80","decode_end=5495.780310, decode_start=21.477460, mixed=77.586972, prefill=76.419250",26dae1f99b2b50fb17118f38d8a8e95dfac3357c
Qwen/Qwen3-235B-A22B-FP8,Qwen3MoeForCausalLM,b200_sxm,vllm,0.22.0,PASS,,"python python/aisimulate/tools/support_matrix/generate_fpe_support_matrix.py --model ""Qwen/Qwen3-235B-A22B-FP8"" --system ""b200_sxm"" --backend ""vllm"" --backend-version ""0.22.0"" --forward-model op_level --max-workers 8",silicon,116,29,"BUILD_FAILED=36, PASS=80","decode_end=12605.387221, decode_start=49.354581, mixed=113.908160, prefill=102.808480",26dae1f99b2b50fb17118f38d8a8e95dfac3357c
Qwen/Qwen3-235B-A22B-FP8,Qwen3MoeForCausalLM,b200_sxm,vllm,0.24.0,PASS,,"python python/aisimulate/tools/support_matrix/generate_fpe_support_matrix.py --model ""Qwen/Qwen3-235B-A22B-FP8"" --system ""b200_sxm"" --backend ""vllm"" --backend-version ""0.24.0"" --forward-model op_level --max-workers 8",silicon,116,29,"BUILD_FAILED=36, PASS=80","decode_end=12613.806091, decode_start=49.465777, mixed=91.661507, prefill=82.677649",26dae1f99b2b50fb17118f38d8a8e95dfac3357c
Qwen/Qwen3-30B-A3B,Qwen3MoeForCausalLM,b200_sxm,sglang,0.5.10,PASS,,"python python/aisimulate/tools/support_matrix/generate_fpe_support_matrix.py --model ""Qwen/Qwen3-30B-A3B"" --system ""b200_sxm"" --backend ""sglang"" --backend-version ""0.5.10"" --forward-model op_level --max-workers 8",silicon,540,135,"PASS=164, PERF_DATA_MISSING=56, SDK_UNREPRESENTABLE=320","decode_end=1808.701686, decode_start=7.092898, mixed=15.979445, prefill=15.640563",26dae1f99b2b50fb17118f38d8a8e95dfac3357c
Qwen/Qwen3-30B-A3B,Qwen3MoeForCausalLM,b200_sxm,sglang,0.5.12,PASS,,"python python/aisimulate/tools/support_matrix/generate_fpe_support_matrix.py --model ""Qwen/Qwen3-30B-A3B"" --system ""b200_sxm"" --backend ""sglang"" --backend-version ""0.5.12"" --forward-model op_level --max-workers 8",silicon,540,135,"PASS=220, SDK_UNREPRESENTABLE=320","decode_end=1309.008356, decode_start=5.134252, mixed=13.335379, prefill=12.918280",26dae1f99b2b50fb17118f38d8a8e95dfac3357c
Qwen/Qwen3-30B-A3B,Qwen3MoeForCausalLM,b200_sxm,sglang,0.5.14,PASS,,"python python/aisimulate/tools/support_matrix/generate_fpe_support_matrix.py --model ""Qwen/Qwen3-30B-A3B"" --system ""b200_sxm"" --backend ""sglang"" --backend-version ""0.5.14"" --forward-model op_level --max-workers 8",silicon,540,135,"PASS=220, SDK_UNREPRESENTABLE=320","decode_end=1309.008356, decode_start=5.134252, mixed=13.335379, prefill=12.918280",26dae1f99b2b50fb17118f38d8a8e95dfac3357c
Qwen/Qwen3-30B-A3B,Qwen3MoeForCausalLM,b200_sxm,sglang,0.5.16,PASS,,"python python/aisimulate/tools/support_matrix/generate_fpe_support_matrix.py --model ""Qwen/Qwen3-30B-A3B"" --system ""b200_sxm"" --backend ""sglang"" --backend-version ""0.5.16"" --forward-model op_level --max-workers 8",silicon,540,135,"PASS=220, SDK_UNREPRESENTABLE=320","decode_end=1309.008356, decode_start=5.134252, mixed=13.335379, prefill=12.918280",26dae1f99b2b50fb17118f38d8a8e95dfac3357c
Qwen/Qwen3-30B-A3B,Qwen3MoeForCausalLM,b200_sxm,sglang,0.5.9,PASS,,"python python/aisimulate/tools/support_matrix/generate_fpe_support_matrix.py --model ""Qwen/Qwen3-30B-A3B"" --system ""b200_sxm"" --backend ""sglang"" --backend-version ""0.5.9"" --forward-model op_level --max-workers 8",silicon,540,135,"PASS=164, PERF_DATA_MISSING=56, SDK_UNREPRESENTABLE=320","decode_end=1767.498141, decode_start=6.931230, mixed=15.623697, prefill=15.269574",26dae1f99b2b50fb17118f38d8a8e95dfac3357c
Qwen/Qwen3-30B-A3B,Qwen3MoeForCausalLM,b200_sxm,trtllm,1.2.0rc5,PASS,,"python python/aisimulate/tools/support_matrix/generate_fpe_support_matrix.py --model ""Qwen/Qwen3-30B-A3B"" --system ""b200_sxm"" --backend ""trtllm"" --backend-version ""1.2.0rc5"" --forward-model op_level --max-workers 8",silicon,116,29,"PASS=92, PERF_DATA_MISSING=24","decode_end=1540.897060, decode_start=6.039766, mixed=14.213765, prefill=13.558154",26dae1f99b2b50fb17118f38d8a8e95dfac3357c
Qwen/Qwen3-30B-A3B,Qwen3MoeForCausalLM,b200_sxm,trtllm,1.3.0rc10,PASS,,"python python/aisimulate/tools/support_matrix/generate_fpe_support_matrix.py --model ""Qwen/Qwen3-30B-A3B"" --system ""b200_sxm"" --backend ""trtllm"" --backend-version ""1.3.0rc10"" --forward-model op_level --max-workers 8",silicon,116,29,"PASS=92, PERF_DATA_MISSING=24","decode_end=1594.319360, decode_start=6.132270, mixed=14.871006, prefill=13.823780",26dae1f99b2b50fb17118f38d8a8e95dfac3357c
Qwen/Qwen3-30B-A3B,Qwen3MoeForCausalLM,b200_sxm,trtllm,1.3.0rc15,PASS,,"python python/aisimulate/tools/support_matrix/generate_fpe_support_matrix.py --model ""Qwen/Qwen3-30B-A3B"" --system ""b200_sxm"" --backend ""trtllm"" --backend-version ""1.3.0rc15"" --forward-model op_level --max-workers 8",silicon,116,29,"PASS=92, PERF_DATA_MISSING=24","decode_end=1456.651647, decode_start=5.674004, mixed=14.310751, prefill=13.767913",26dae1f99b2b50fb17118f38d8a8e95dfac3357c
Qwen/Qwen3-30B-A3B,Qwen3MoeForCausalLM,b200_sxm,trtllm,1.3.0rc20,PASS,,"python python/aisimulate/tools/support_matrix/generate_fpe_support_matrix.py --model ""Qwen/Qwen3-30B-A3B"" --system ""b200_sxm"" --backend ""trtllm"" --backend-version ""1.3.0rc20"" --forward-model op_level --max-workers 8",silicon,116,29,PASS=116,"decode_end=1522.208523, decode_start=5.964965, mixed=14.848121, prefill=14.193802",26dae1f99b2b50fb17118f38d8a8e95dfac3357c
Qwen/Qwen3-30B-A3B,Qwen3MoeForCausalLM,b200_sxm,trtllm,1.3.0rc23,PASS,,"python python/aisimulate/tools/support_matrix/generate_fpe_support_matrix.py --model ""Qwen/Qwen3-30B-A3B"" --system ""b200_sxm"" --backend ""trtllm"" --backend-version ""1.3.0rc23"" --forward-model op_level --max-workers 8",silicon,116,29,PASS=116,"decode_end=1522.208523, decode_start=5.964965, mixed=14.848121, prefill=14.193802",26dae1f99b2b50fb17118f38d8a8e95dfac3357c
Qwen/Qwen3-30B-A3B,Qwen3MoeForCausalLM,b200_sxm,vllm,0.1.dev19262,FAIL,Strict-native op-level FPE probes: PERF_DATA_MISSING=116; raw probes=116; topologies=29; source_sha=26dae1f99b2b50fb17118f38d8a8e95dfac3357c. Representative failure: perf database error: perf database error: no GEMM rows loaded from 1 source(s) (first: <repo>/python/aisimulate/src/aiconfigurator_core/systems/data/b200_sxm/vllm/0.1.dev19262/gemm_perf.parquet),"python python/aisimulate/tools/support_matrix/generate_fpe_support_matrix.py --model ""Qwen/Qwen3-30B-A3B"" --system ""b200_sxm"" --backend ""vllm"" --backend-version ""0.1.dev19262"" --forward-model op_level --max-workers 8",,116,29,PERF_DATA_MISSING=116,,26dae1f99b2b50fb17118f38d8a8e95dfac3357c
Qwen/Qwen3-30B-A3B,Qwen3MoeForCausalLM,b200_sxm,vllm,0.19.0,PASS,,"python python/aisimulate/tools/support_matrix/generate_fpe_support_matrix.py --model ""Qwen/Qwen3-30B-A3B"" --system ""b200_sxm"" --backend ""vllm"" --backend-version ""0.19.0"" --forward-model op_level --max-workers 8",silicon,116,29,"PASS=80, PERF_DATA_MISSING=36","decode_end=1536.885528, decode_start=5.990257, mixed=14.521363, prefill=14.068225",26dae1f99b2b50fb17118f38d8a8e95dfac3357c
Qwen/Qwen3-30B-A3B,Qwen3MoeForCausalLM,b200_sxm,vllm,0.22.0,PASS,,"python python/aisimulate/tools/support_matrix/generate_fpe_support_matrix.py --model ""Qwen/Qwen3-30B-A3B"" --system ""b200_sxm"" --backend ""vllm"" --backend-version ""0.22.0"" --forward-model op_level --max-workers 8",silicon,116,29,PASS=116,"decode_end=1483.271821, decode_start=5.776771, mixed=14.510198, prefill=13.909590",26dae1f99b2b50fb17118f38d8a8e95dfac3357c
Qwen/Qwen3-30B-A3B,Qwen3MoeForCausalLM,b200_sxm,vllm,0.24.0,PASS,,"python python/aisimulate/tools/support_matrix/generate_fpe_support_matrix.py --model ""Qwen/Qwen3-30B-A3B"" --system ""b200_sxm"" --backend ""vllm"" --backend-version ""0.24.0"" --forward-model op_level --max-workers 8",silicon,116,29,PASS=116,"decode_end=1333.427844, decode_start=5.193508, mixed=13.433808, prefill=12.856919",26dae1f99b2b50fb17118f38d8a8e95dfac3357c
Qwen/Qwen3-30B-A3B-FP8,Qwen3MoeForCausalLM,b200_sxm,sglang,0.5.10,PASS,,"python python/aisimulate/tools/support_matrix/generate_fpe_support_matrix.py --model ""Qwen/Qwen3-30B-A3B-FP8"" --system ""b200_sxm"" --backend ""sglang"" --backend-version ""0.5.10"" --forward-model op_level --max-workers 8",silicon,540,135,"BUILD_FAILED=104, PASS=116, SDK_UNREPRESENTABLE=320","decode_end=1969.866239, decode_start=7.725232, mixed=13.726553, prefill=13.188826",26dae1f99b2b50fb17118f38d8a8e95dfac3357c
Qwen/Qwen3-30B-A3B-FP8,Qwen3MoeForCausalLM,b200_sxm,sglang,0.5.12,PASS,,"python python/aisimulate/tools/support_matrix/generate_fpe_support_matrix.py --model ""Qwen/Qwen3-30B-A3B-FP8"" --system ""b200_sxm"" --backend ""sglang"" --backend-version ""0.5.12"" --forward-model op_level --max-workers 8",silicon,540,135,"BUILD_FAILED=104, PASS=116, SDK_UNREPRESENTABLE=320","decode_end=1484.313974, decode_start=5.861182, mixed=12.518159, prefill=11.504003",26dae1f99b2b50fb17118f38d8a8e95dfac3357c
Qwen/Qwen3-30B-A3B-FP8,Qwen3MoeForCausalLM,b200_sxm,sglang,0.5.14,PASS,,"python python/aisimulate/tools/support_matrix/generate_fpe_support_matrix.py --model ""Qwen/Qwen3-30B-A3B-FP8"" --system ""b200_sxm"" --backend ""sglang"" --backend-version ""0.5.14"" --forward-model op_level --max-workers 8",silicon,540,135,"BUILD_FAILED=104, PASS=116, SDK_UNREPRESENTABLE=320","decode_end=1484.313974, decode_start=5.861182, mixed=12.518159, prefill=11.504003",26dae1f99b2b50fb17118f38d8a8e95dfac3357c
Qwen/Qwen3-30B-A3B-FP8,Qwen3MoeForCausalLM,b200_sxm,sglang,0.5.16,PASS,,"python python/aisimulate/tools/support_matrix/generate_fpe_support_matrix.py --model ""Qwen/Qwen3-30B-A3B-FP8"" --system ""b200_sxm"" --backend ""sglang"" --backend-version ""0.5.16"" --forward-model op_level --max-workers 8",silicon,540,135,"BUILD_FAILED=104, PASS=116, SDK_UNREPRESENTABLE=320","decode_end=1484.313974, decode_start=5.861182, mixed=12.518159, prefill=11.504003",26dae1f99b2b50fb17118f38d8a8e95dfac3357c
Qwen/Qwen3-30B-A3B-FP8,Qwen3MoeForCausalLM,b200_sxm,sglang,0.5.9,PASS,,"python python/aisimulate/tools/support_matrix/generate_fpe_support_matrix.py --model ""Qwen/Qwen3-30B-A3B-FP8"" --system ""b200_sxm"" --backend ""sglang"" --backend-version ""0.5.9"" --forward-model op_level --max-workers 8",silicon,540,135,"BUILD_FAILED=104, PASS=116, SDK_UNREPRESENTABLE=320","decode_end=1896.206617, decode_start=7.436283, mixed=12.652302, prefill=12.017035",26dae1f99b2b50fb17118f38d8a8e95dfac3357c
Qwen/Qwen3-30B-A3B-FP8,Qwen3MoeForCausalLM,b200_sxm,trtllm,1.2.0rc5,PASS,,"python python/aisimulate/tools/support_matrix/generate_fpe_support_matrix.py --model ""Qwen/Qwen3-30B-A3B-FP8"" --system ""b200_sxm"" --backend ""trtllm"" --backend-version ""1.2.0rc5"" --forward-model op_level --max-workers 8",silicon,116,29,"BUILD_FAILED=48, PASS=68","decode_end=2029.351287, decode_start=7.940551, mixed=13.673858, prefill=13.024705",26dae1f99b2b50fb17118f38d8a8e95dfac3357c
Qwen/Qwen3-30B-A3B-FP8,Qwen3MoeForCausalLM,b200_sxm,trtllm,1.3.0rc10,PASS,,"python python/aisimulate/tools/support_matrix/generate_fpe_support_matrix.py --model ""Qwen/Qwen3-30B-A3B-FP8"" --system ""b200_sxm"" --backend ""trtllm"" --backend-version ""1.3.0rc10"" --forward-model op_level --max-workers 8",silicon,116,29,"BUILD_FAILED=48, PASS=68","decode_end=1977.004636, decode_start=7.629607, mixed=14.504402, prefill=13.027099",26dae1f99b2b50fb17118f38d8a8e95dfac3357c
Qwen/Qwen3-30B-A3B-FP8,Qwen3MoeForCausalLM,b200_sxm,trtllm,1.3.0rc15,PASS,,"python python/aisimulate/tools/support_matrix/generate_fpe_support_matrix.py --model ""Qwen/Qwen3-30B-A3B-FP8"" --system ""b200_sxm"" --backend ""trtllm"" --backend-version ""1.3.0rc15"" --forward-model op_level --max-workers 8",silicon,116,29,"BUILD_FAILED=48, PASS=68","decode_end=1884.824114, decode_start=7.351551, mixed=14.101309, prefill=13.006349",26dae1f99b2b50fb17118f38d8a8e95dfac3357c
Qwen/Qwen3-30B-A3B-FP8,Qwen3MoeForCausalLM,b200_sxm,trtllm,1.3.0rc20,PASS,,"python python/aisimulate/tools/support_matrix/generate_fpe_support_matrix.py --model ""Qwen/Qwen3-30B-A3B-FP8"" --system ""b200_sxm"" --backend ""trtllm"" --backend-version ""1.3.0rc20"" --forward-model op_level --max-workers 8",silicon,116,29,"BUILD_FAILED=48, PASS=68","decode_end=1728.017960, decode_start=6.776807, mixed=13.073866, prefill=12.525659",26dae1f99b2b50fb17118f38d8a8e95dfac3357c
Qwen/Qwen3-30B-A3B-FP8,Qwen3MoeForCausalLM,b200_sxm,trtllm,1.3.0rc23,PASS,,"python python/aisimulate/tools/support_matrix/generate_fpe_support_matrix.py --model ""Qwen/Qwen3-30B-A3B-FP8"" --system ""b200_sxm"" --backend ""trtllm"" --backend-version ""1.3.0rc23"" --forward-model op_level --max-workers 8",silicon,116,29,"BUILD_FAILED=48, PASS=68","decode_end=1728.017960, decode_start=6.776807, mixed=13.073866, prefill=12.525659",26dae1f99b2b50fb17118f38d8a8e95dfac3357c
Qwen/Qwen3-30B-A3B-FP8,Qwen3MoeForCausalLM,b200_sxm,vllm,0.1.dev19262,FAIL,"Strict-native op-level FPE probes: BUILD_FAILED=48, PERF_DATA_MISSING=68; raw probes=116; topologies=29; source_sha=26dae1f99b2b50fb17118f38d8a8e95dfac3357c. Representative failure: Invalid quantized MoE configuration: (moe_intermediate_size=768 / moe_tp_size=16) % weight_block_size=128 != 0.","python python/aisimulate/tools/support_matrix/generate_fpe_support_matrix.py --model ""Qwen/Qwen3-30B-A3B-FP8"" --system ""b200_sxm"" --backend ""vllm"" --backend-version ""0.1.dev19262"" --forward-model op_level --max-workers 8",,116,29,"BUILD_FAILED=48, PERF_DATA_MISSING=68",,26dae1f99b2b50fb17118f38d8a8e95dfac3357c
Qwen/Qwen3-30B-A3B-FP8,Qwen3MoeForCausalLM,b200_sxm,vllm,0.19.0,PASS,,"python python/aisimulate/tools/support_matrix/generate_fpe_support_matrix.py --model ""Qwen/Qwen3-30B-A3B-FP8"" --system ""b200_sxm"" --backend ""vllm"" --backend-version ""0.19.0"" --forward-model op_level --max-workers 8",silicon,116,29,"BUILD_FAILED=48, PASS=68","decode_end=1451.015822, decode_start=5.686590, mixed=11.933721, prefill=11.489870",26dae1f99b2b50fb17118f38d8a8e95dfac3357c
Qwen/Qwen3-30B-A3B-FP8,Qwen3MoeForCausalLM,b200_sxm,vllm,0.22.0,PASS,,"python python/aisimulate/tools/support_matrix/generate_fpe_support_matrix.py --model ""Qwen/Qwen3-30B-A3B-FP8"" --system ""b200_sxm"" --backend ""vllm"" --backend-version ""0.22.0"" --forward-model op_level --max-workers 8",silicon,116,29,"BUILD_FAILED=48, PASS=68","decode_end=5122.162664, decode_start=20.086700, mixed=32.081336, prefill=26.564408",26dae1f99b2b50fb17118f38d8a8e95dfac3357c
Qwen/Qwen3-30B-A3B-FP8,Qwen3MoeForCausalLM,b200_sxm,vllm,0.24.0,PASS,,"python python/aisimulate/tools/support_matrix/generate_fpe_support_matrix.py --model ""Qwen/Qwen3-30B-A3B-FP8"" --system ""b200_sxm"" --backend ""vllm"" --backend-version ""0.24.0"" --forward-model op_level --max-workers 8",silicon,116,29,"BUILD_FAILED=48, PASS=68","decode_end=5255.523731, decode_start=20.573218, mixed=32.214143, prefill=27.419368",26dae1f99b2b50fb17118f38d8a8e95dfac3357c
Qwen/Qwen3-32B,Qwen3ForCausalLM,b200_sxm,sglang,0.5.10,PASS,,"python python/aisimulate/tools/support_matrix/generate_fpe_support_matrix.py --model ""Qwen/Qwen3-32B"" --system ""b200_sxm"" --backend ""sglang"" --backend-version ""0.5.10"" --forward-model op_level --max-workers 8",silicon,40,10,"PASS=16, SDK_UNREPRESENTABLE=24","decode_end=3250.901319, decode_start=12.748775, mixed=18.449566, prefill=15.890666",26dae1f99b2b50fb17118f38d8a8e95dfac3357c
Qwen/Qwen3-32B,Qwen3ForCausalLM,b200_sxm,sglang,0.5.12,PASS,,"python python/aisimulate/tools/support_matrix/generate_fpe_support_matrix.py --model ""Qwen/Qwen3-32B"" --system ""b200_sxm"" --backend ""sglang"" --backend-version ""0.5.12"" --forward-model op_level --max-workers 8",silicon,40,10,"PASS=16, SDK_UNREPRESENTABLE=24","decode_end=3261.994849, decode_start=12.752516, mixed=18.402193, prefill=16.017773",26dae1f99b2b50fb17118f38d8a8e95dfac3357c
Qwen/Qwen3-32B,Qwen3ForCausalLM,b200_sxm,sglang,0.5.14,PASS,,"python python/aisimulate/tools/support_matrix/generate_fpe_support_matrix.py --model ""Qwen/Qwen3-32B"" --system ""b200_sxm"" --backend ""sglang"" --backend-version ""0.5.14"" --forward-model op_level --max-workers 8",silicon,40,10,"PASS=16, SDK_UNREPRESENTABLE=24","decode_end=3261.994849, decode_start=12.752516, mixed=18.402193, prefill=16.017773",26dae1f99b2b50fb17118f38d8a8e95dfac3357c
Qwen/Qwen3-32B,Qwen3ForCausalLM,b200_sxm,sglang,0.5.16,PASS,,"python python/aisimulate/tools/support_matrix/generate_fpe_support_matrix.py --model ""Qwen/Qwen3-32B"" --system ""b200_sxm"" --backend ""sglang"" --backend-version ""0.5.16"" --forward-model op_level --max-workers 8",silicon,40,10,"PASS=16, SDK_UNREPRESENTABLE=24","decode_end=3261.994849, decode_start=12.752516, mixed=18.402193, prefill=16.017773",26dae1f99b2b50fb17118f38d8a8e95dfac3357c
Qwen/Qwen3-32B,Qwen3ForCausalLM,b200_sxm,sglang,0.5.9,PASS,,"python python/aisimulate/tools/support_matrix/generate_fpe_support_matrix.py --model ""Qwen/Qwen3-32B"" --system ""b200_sxm"" --backend ""sglang"" --backend-version ""0.5.9"" --forward-model op_level --max-workers 8",silicon,40,10,"PASS=16, SDK_UNREPRESENTABLE=24","decode_end=3171.704265, decode_start=12.435553, mixed=18.514645, prefill=15.951806",26dae1f99b2b50fb17118f38d8a8e95dfac3357c
Qwen/Qwen3-32B,Qwen3ForCausalLM,b200_sxm,trtllm,1.2.0rc5,PASS,,"python python/aisimulate/tools/support_matrix/generate_fpe_support_matrix.py --model ""Qwen/Qwen3-32B"" --system ""b200_sxm"" --backend ""trtllm"" --backend-version ""1.2.0rc5"" --forward-model op_level --max-workers 8",silicon,16,4,PASS=16,"decode_end=3360.536703, decode_start=13.171475, mixed=19.354714, prefill=16.790638",26dae1f99b2b50fb17118f38d8a8e95dfac3357c
Qwen/Qwen3-32B,Qwen3ForCausalLM,b200_sxm,trtllm,1.3.0rc10,PASS,,"python python/aisimulate/tools/support_matrix/generate_fpe_support_matrix.py --model ""Qwen/Qwen3-32B"" --system ""b200_sxm"" --backend ""trtllm"" --backend-version ""1.3.0rc10"" --forward-model op_level --max-workers 8",silicon,16,4,PASS=16,"decode_end=3613.675959, decode_start=13.877258, mixed=20.661602, prefill=16.910113",26dae1f99b2b50fb17118f38d8a8e95dfac3357c
Qwen/Qwen3-32B,Qwen3ForCausalLM,b200_sxm,trtllm,1.3.0rc15,PASS,,"python python/aisimulate/tools/support_matrix/generate_fpe_support_matrix.py --model ""Qwen/Qwen3-32B"" --system ""b200_sxm"" --backend ""trtllm"" --backend-version ""1.3.0rc15"" --forward-model op_level --max-workers 8",silicon,16,4,PASS=16,"decode_end=3344.771241, decode_start=13.064455, mixed=19.436984, prefill=16.775527",26dae1f99b2b50fb17118f38d8a8e95dfac3357c
Qwen/Qwen3-32B,Qwen3ForCausalLM,b200_sxm,trtllm,1.3.0rc20,PASS,,"python python/aisimulate/tools/support_matrix/generate_fpe_support_matrix.py --model ""Qwen/Qwen3-32B"" --system ""b200_sxm"" --backend ""trtllm"" --backend-version ""1.3.0rc20"" --forward-model op_level --max-workers 8",silicon,16,4,PASS=16,"decode_end=3408.278382, decode_start=13.358826, mixed=19.631663, prefill=16.887472",26dae1f99b2b50fb17118f38d8a8e95dfac3357c
Qwen/Qwen3-32B,Qwen3ForCausalLM,b200_sxm,trtllm,1.3.0rc23,PASS,,"python python/aisimulate/tools/support_matrix/generate_fpe_support_matrix.py --model ""Qwen/Qwen3-32B"" --system ""b200_sxm"" --backend ""trtllm"" --backend-version ""1.3.0rc23"" --forward-model op_level --max-workers 8",silicon,16,4,PASS=16,"decode_end=3408.278382, decode_start=13.358826, mixed=19.631663, prefill=16.887472",26dae1f99b2b50fb17118f38d8a8e95dfac3357c
Qwen/Qwen3-32B,Qwen3ForCausalLM,b200_sxm,vllm,0.1.dev19262,FAIL,Strict-native op-level FPE probes: PERF_DATA_MISSING=16; raw probes=16; topologies=4; source_sha=26dae1f99b2b50fb17118f38d8a8e95dfac3357c. Representative failure: perf database error: perf database error: no GEMM rows loaded from 1 source(s) (first: <repo>/python/aisimulate/src/aiconfigurator_core/systems/data/b200_sxm/vllm/0.1.dev19262/gemm_perf.parquet),"python python/aisimulate/tools/support_matrix/generate_fpe_support_matrix.py --model ""Qwen/Qwen3-32B"" --system ""b200_sxm"" --backend ""vllm"" --backend-version ""0.1.dev19262"" --forward-model op_level --max-workers 8",,16,4,PERF_DATA_MISSING=16,,26dae1f99b2b50fb17118f38d8a8e95dfac3357c
Qwen/Qwen3-32B,Qwen3ForCausalLM,b200_sxm,vllm,0.19.0,PASS,,"python python/aisimulate/tools/support_matrix/generate_fpe_support_matrix.py --model ""Qwen/Qwen3-32B"" --system ""b200_sxm"" --backend ""vllm"" --backend-version ""0.19.0"" --forward-model op_level --max-workers 8",silicon,16,4,PASS=16,"decode_end=3175.732358, decode_start=12.395220, mixed=18.116424, prefill=15.734940",26dae1f99b2b50fb17118f38d8a8e95dfac3357c
Qwen/Qwen3-32B,Qwen3ForCausalLM,b200_sxm,vllm,0.22.0,PASS,,"python python/aisimulate/tools/support_matrix/generate_fpe_support_matrix.py --model ""Qwen/Qwen3-32B"" --system ""b200_sxm"" --backend ""vllm"" --backend-version ""0.22.0"" --forward-model op_level --max-workers 8",silicon,16,4,PASS=16,"decode_end=3158.661156, decode_start=12.356412, mixed=18.299921, prefill=15.636085",26dae1f99b2b50fb17118f38d8a8e95dfac3357c
Qwen/Qwen3-32B,Qwen3ForCausalLM,b200_sxm,vllm,0.24.0,PASS,,"python python/aisimulate/tools/support_matrix/generate_fpe_support_matrix.py --model ""Qwen/Qwen3-32B"" --system ""b200_sxm"" --backend ""vllm"" --backend-version ""0.24.0"" --forward-model op_level --max-workers 8",silicon,16,4,PASS=16,"decode_end=3192.657686, decode_start=12.484554, mixed=18.396459, prefill=15.943110",26dae1f99b2b50fb17118f38d8a8e95dfac3357c
Qwen/Qwen3-32B-FP8,Qwen3ForCausalLM,b200_sxm,sglang,0.5.10,PASS,,"python python/aisimulate/tools/support_matrix/generate_fpe_support_matrix.py --model ""Qwen/Qwen3-32B-FP8"" --system ""b200_sxm"" --backend ""sglang"" --backend-version ""0.5.10"" --forward-model op_level --max-workers 8",silicon,40,10,"PASS=16, SDK_UNREPRESENTABLE=24","decode_end=4282.564375, decode_start=16.794225, mixed=19.982421, prefill=17.540090",26dae1f99b2b50fb17118f38d8a8e95dfac3357c
Qwen/Qwen3-32B-FP8,Qwen3ForCausalLM,b200_sxm,sglang,0.5.12,PASS,,"python python/aisimulate/tools/support_matrix/generate_fpe_support_matrix.py --model ""Qwen/Qwen3-32B-FP8"" --system ""b200_sxm"" --backend ""sglang"" --backend-version ""0.5.12"" --forward-model op_level --max-workers 8",silicon,40,10,"PASS=16, SDK_UNREPRESENTABLE=24","decode_end=3626.615543, decode_start=14.227680, mixed=19.229484, prefill=17.940155",26dae1f99b2b50fb17118f38d8a8e95dfac3357c
Qwen/Qwen3-32B-FP8,Qwen3ForCausalLM,b200_sxm,sglang,0.5.14,PASS,,"python python/aisimulate/tools/support_matrix/generate_fpe_support_matrix.py --model ""Qwen/Qwen3-32B-FP8"" --system ""b200_sxm"" --backend ""sglang"" --backend-version ""0.5.14"" --forward-model op_level --max-workers 8",silicon,40,10,"PASS=16, SDK_UNREPRESENTABLE=24","decode_end=3626.615543, decode_start=14.227680, mixed=19.229484, prefill=17.940155",26dae1f99b2b50fb17118f38d8a8e95dfac3357c
Qwen/Qwen3-32B-FP8,Qwen3ForCausalLM,b200_sxm,sglang,0.5.16,PASS,,"python python/aisimulate/tools/support_matrix/generate_fpe_support_matrix.py --model ""Qwen/Qwen3-32B-FP8"" --system ""b200_sxm"" --backend ""sglang"" --backend-version ""0.5.16"" --forward-model op_level --max-workers 8",silicon,40,10,"PASS=16, SDK_UNREPRESENTABLE=24","decode_end=3626.615543, decode_start=14.227680, mixed=19.229484, prefill=17.940155",26dae1f99b2b50fb17118f38d8a8e95dfac3357c
Qwen/Qwen3-32B-FP8,Qwen3ForCausalLM,b200_sxm,sglang,0.5.9,PASS,,"python python/aisimulate/tools/support_matrix/generate_fpe_support_matrix.py --model ""Qwen/Qwen3-32B-FP8"" --system ""b200_sxm"" --backend ""sglang"" --backend-version ""0.5.9"" --forward-model op_level --max-workers 8",silicon,40,10,"PASS=16, SDK_UNREPRESENTABLE=24","decode_end=4218.112947, decode_start=16.541801, mixed=20.770632, prefill=18.686661",26dae1f99b2b50fb17118f38d8a8e95dfac3357c
Qwen/Qwen3-32B-FP8,Qwen3ForCausalLM,b200_sxm,trtllm,1.2.0rc5,PASS,,"python python/aisimulate/tools/support_matrix/generate_fpe_support_matrix.py --model ""Qwen/Qwen3-32B-FP8"" --system ""b200_sxm"" --backend ""trtllm"" --backend-version ""1.2.0rc5"" --forward-model op_level --max-workers 8",silicon,16,4,PASS=16,"decode_end=3084.501900, decode_start=12.092219, mixed=16.838700, prefill=13.949125",26dae1f99b2b50fb17118f38d8a8e95dfac3357c
Qwen/Qwen3-32B-FP8,Qwen3ForCausalLM,b200_sxm,trtllm,1.3.0rc10,PASS,,"python python/aisimulate/tools/support_matrix/generate_fpe_support_matrix.py --model ""Qwen/Qwen3-32B-FP8"" --system ""b200_sxm"" --backend ""trtllm"" --backend-version ""1.3.0rc10"" --forward-model op_level --max-workers 8",silicon,16,4,PASS=16,"decode_end=2704.102168, decode_start=10.324778, mixed=20.166020, prefill=14.188262",26dae1f99b2b50fb17118f38d8a8e95dfac3357c
Qwen/Qwen3-32B-FP8,Qwen3ForCausalLM,b200_sxm,trtllm,1.3.0rc15,PASS,,"python python/aisimulate/tools/support_matrix/generate_fpe_support_matrix.py --model ""Qwen/Qwen3-32B-FP8"" --system ""b200_sxm"" --backend ""trtllm"" --backend-version ""1.3.0rc15"" --forward-model op_level --max-workers 8",silicon,16,4,PASS=16,"decode_end=2403.737170, decode_start=9.376214, mixed=18.916895, prefill=14.150677",26dae1f99b2b50fb17118f38d8a8e95dfac3357c
Qwen/Qwen3-32B-FP8,Qwen3ForCausalLM,b200_sxm,trtllm,1.3.0rc20,PASS,,"python python/aisimulate/tools/support_matrix/generate_fpe_support_matrix.py --model ""Qwen/Qwen3-32B-FP8"" --system ""b200_sxm"" --backend ""trtllm"" --backend-version ""1.3.0rc20"" --forward-model op_level --max-workers 8",silicon,16,4,PASS=16,"decode_end=2252.490586, decode_start=8.773623, mixed=14.016741, prefill=13.120552",26dae1f99b2b50fb17118f38d8a8e95dfac3357c
Qwen/Qwen3-32B-FP8,Qwen3ForCausalLM,b200_sxm,trtllm,1.3.0rc23,PASS,,"python python/aisimulate/tools/support_matrix/generate_fpe_support_matrix.py --model ""Qwen/Qwen3-32B-FP8"" --system ""b200_sxm"" --backend ""trtllm"" --backend-version ""1.3.0rc23"" --forward-model op_level --max-workers 8",silicon,16,4,PASS=16,"decode_end=2252.490586, decode_start=8.773623, mixed=14.016741, prefill=13.120552",26dae1f99b2b50fb17118f38d8a8e95dfac3357c
Qwen/Qwen3-32B-FP8,Qwen3ForCausalLM,b200_sxm,vllm,0.1.dev19262,FAIL,Strict-native op-level FPE probes: PERF_DATA_MISSING=16; raw probes=16; topologies=4; source_sha=26dae1f99b2b50fb17118f38d8a8e95dfac3357c. Representative failure: perf database error: perf database error: no GEMM rows loaded from 1 source(s) (first: <repo>/python/aisimulate/src/aiconfigurator_core/systems/data/b200_sxm/vllm/0.1.dev19262/gemm_perf.parquet),"python python/aisimulate/tools/support_matrix/generate_fpe_support_matrix.py --model ""Qwen/Qwen3-32B-FP8"" --system ""b200_sxm"" --backend ""vllm"" --backend-version ""0.1.dev19262"" --forward-model op_level --max-workers 8",,16,4,PERF_DATA_MISSING=16,,26dae1f99b2b50fb17118f38d8a8e95dfac3357c
Qwen/Qwen3-32B-FP8,Qwen3ForCausalLM,b200_sxm,vllm,0.19.0,PASS,,"python python/aisimulate/tools/support_matrix/generate_fpe_support_matrix.py --model ""Qwen/Qwen3-32B-FP8"" --system ""b200_sxm"" --backend ""vllm"" --backend-version ""0.19.0"" --forward-model op_level --max-workers 8",silicon,16,4,PASS=16,"decode_end=2699.216852, decode_start=10.566387, mixed=17.321246, prefill=16.563191",26dae1f99b2b50fb17118f38d8a8e95dfac3357c
Qwen/Qwen3-32B-FP8,Qwen3ForCausalLM,b200_sxm,vllm,0.22.0,PASS,,"python python/aisimulate/tools/support_matrix/generate_fpe_support_matrix.py --model ""Qwen/Qwen3-32B-FP8"" --system ""b200_sxm"" --backend ""vllm"" --backend-version ""0.22.0"" --forward-model op_level --max-workers 8",silicon,16,4,PASS=16,"decode_end=12180.009170, decode_start=47.711411, mixed=68.278393, prefill=50.257947",26dae1f99b2b50fb17118f38d8a8e95dfac3357c
Qwen/Qwen3-32B-FP8,Qwen3ForCausalLM,b200_sxm,vllm,0.24.0,PASS,,"python python/aisimulate/tools/support_matrix/generate_fpe_support_matrix.py --model ""Qwen/Qwen3-32B-FP8"" --system ""b200_sxm"" --backend ""vllm"" --backend-version ""0.24.0"" --forward-model op_level --max-workers 8",silicon,16,4,PASS=16,"decode_end=13180.765810, decode_start=51.685161, mixed=69.781919, prefill=55.945576",26dae1f99b2b50fb17118f38d8a8e95dfac3357c
Qwen/Qwen3-32B-FP8-Static-PerTensor,Qwen3ForCausalLM,b200_sxm,sglang,0.5.10,PASS,,"python python/aisimulate/tools/support_matrix/generate_fpe_support_matrix.py --model ""Qwen/Qwen3-32B-FP8-Static-PerTensor"" --system ""b200_sxm"" --backend ""sglang"" --backend-version ""0.5.10"" --forward-model op_level --max-workers 8",silicon,40,10,"PASS=16, SDK_UNREPRESENTABLE=24","decode_end=2023.367908, decode_start=7.934631, mixed=13.060269, prefill=10.361402",26dae1f99b2b50fb17118f38d8a8e95dfac3357c
Qwen/Qwen3-32B-FP8-Static-PerTensor,Qwen3ForCausalLM,b200_sxm,sglang,0.5.12,PASS,,"python python/aisimulate/tools/support_matrix/generate_fpe_support_matrix.py --model ""Qwen/Qwen3-32B-FP8-Static-PerTensor"" --system ""b200_sxm"" --backend ""sglang"" --backend-version ""0.5.12"" --forward-model op_level --max-workers 8",silicon,40,10,"PASS=16, SDK_UNREPRESENTABLE=24","decode_end=2090.093493, decode_start=8.202104, mixed=14.108601, prefill=10.764188",26dae1f99b2b50fb17118f38d8a8e95dfac3357c
Qwen/Qwen3-32B-FP8-Static-PerTensor,Qwen3ForCausalLM,b200_sxm,sglang,0.5.14,PASS,,"python python/aisimulate/tools/support_matrix/generate_fpe_support_matrix.py --model ""Qwen/Qwen3-32B-FP8-Static-PerTensor"" --system ""b200_sxm"" --backend ""sglang"" --backend-version ""0.5.14"" --forward-model op_level --max-workers 8",silicon,40,10,"PASS=16, SDK_UNREPRESENTABLE=24","decode_end=2090.093493, decode_start=8.202104, mixed=14.108601, prefill=10.764188",26dae1f99b2b50fb17118f38d8a8e95dfac3357c
Qwen/Qwen3-32B-FP8-Static-PerTensor,Qwen3ForCausalLM,b200_sxm,sglang,0.5.16,PASS,,"python python/aisimulate/tools/support_matrix/generate_fpe_support_matrix.py --model ""Qwen/Qwen3-32B-FP8-Static-PerTensor"" --system ""b200_sxm"" --backend ""sglang"" --backend-version ""0.5.16"" --forward-model op_level --max-workers 8",silicon,40,10,"PASS=16, SDK_UNREPRESENTABLE=24","decode_end=2090.093493, decode_start=8.202104, mixed=14.108601, prefill=10.764188",26dae1f99b2b50fb17118f38d8a8e95dfac3357c
Qwen/Qwen3-32B-FP8-Static-PerTensor,Qwen3ForCausalLM,b200_sxm,sglang,0.5.9,FAIL,"Strict-native op-level FPE probes: PERF_DATA_MISSING=16, SDK_UNREPRESENTABLE=24; raw probes=40; topologies=10; source_sha=26dae1f99b2b50fb17118f38d8a8e95dfac3357c. Representative failure: perf database error: perf database error: no rows loaded from 1 source(s) (first: <repo>/python/aisimulate/src/aiconfigurator_core/systems/data/b200_sxm/sglang/0.5.9/computescale_perf.parquet)","python python/aisimulate/tools/support_matrix/generate_fpe_support_matrix.py --model ""Qwen/Qwen3-32B-FP8-Static-PerTensor"" --system ""b200_sxm"" --backend ""sglang"" --backend-version ""0.5.9"" --forward-model op_level --max-workers 8",,40,10,"PERF_DATA_MISSING=16, SDK_UNREPRESENTABLE=24",,26dae1f99b2b50fb17118f38d8a8e95dfac3357c
Qwen/Qwen3-32B-FP8-Static-PerTensor,Qwen3ForCausalLM,b200_sxm,trtllm,1.2.0rc5,PASS,,"python python/aisimulate/tools/support_matrix/generate_fpe_support_matrix.py --model ""Qwen/Qwen3-32B-FP8-Static-PerTensor"" --system ""b200_sxm"" --backend ""trtllm"" --backend-version ""1.2.0rc5"" --forward-model op_level --max-workers 8",silicon,16,4,PASS=16,"decode_end=2372.632896, decode_start=9.300576, mixed=14.549573, prefill=12.678233",26dae1f99b2b50fb17118f38d8a8e95dfac3357c
Qwen/Qwen3-32B-FP8-Static-PerTensor,Qwen3ForCausalLM,b200_sxm,trtllm,1.3.0rc10,PASS,,"python python/aisimulate/tools/support_matrix/generate_fpe_support_matrix.py --model ""Qwen/Qwen3-32B-FP8-Static-PerTensor"" --system ""b200_sxm"" --backend ""trtllm"" --backend-version ""1.3.0rc10"" --forward-model op_level --max-workers 8",silicon,16,4,PASS=16,"decode_end=2585.659347, decode_start=9.860297, mixed=15.225688, prefill=12.661042",26dae1f99b2b50fb17118f38d8a8e95dfac3357c
Qwen/Qwen3-32B-FP8-Static-PerTensor,Qwen3ForCausalLM,b200_sxm,trtllm,1.3.0rc15,PASS,,"python python/aisimulate/tools/support_matrix/generate_fpe_support_matrix.py --model ""Qwen/Qwen3-32B-FP8-Static-PerTensor"" --system ""b200_sxm"" --backend ""trtllm"" --backend-version ""1.3.0rc15"" --forward-model op_level --max-workers 8",silicon,16,4,PASS=16,"decode_end=2258.974747, decode_start=8.808518, mixed=13.782256, prefill=12.426006",26dae1f99b2b50fb17118f38d8a8e95dfac3357c
Qwen/Qwen3-32B-FP8-Static-PerTensor,Qwen3ForCausalLM,b200_sxm,trtllm,1.3.0rc20,PASS,,"python python/aisimulate/tools/support_matrix/generate_fpe_support_matrix.py --model ""Qwen/Qwen3-32B-FP8-Static-PerTensor"" --system ""b200_sxm"" --backend ""trtllm"" --backend-version ""1.3.0rc20"" --forward-model op_level --max-workers 8",silicon,16,4,PASS=16,"decode_end=2348.178229, decode_start=9.148869, mixed=14.440099, prefill=12.847129",26dae1f99b2b50fb17118f38d8a8e95dfac3357c
Qwen/Qwen3-32B-FP8-Static-PerTensor,Qwen3ForCausalLM,b200_sxm,trtllm,1.3.0rc23,PASS,,"python python/aisimulate/tools/support_matrix/generate_fpe_support_matrix.py --model ""Qwen/Qwen3-32B-FP8-Static-PerTensor"" --system ""b200_sxm"" --backend ""trtllm"" --backend-version ""1.3.0rc23"" --forward-model op_level --max-workers 8",silicon,16,4,PASS=16,"decode_end=2348.178229, decode_start=9.148869, mixed=14.440099, prefill=12.847129",26dae1f99b2b50fb17118f38d8a8e95dfac3357c
Qwen/Qwen3-32B-FP8-Static-PerTensor,Qwen3ForCausalLM,b200_sxm,vllm,0.1.dev19262,FAIL,Strict-native op-level FPE probes: PERF_DATA_MISSING=16; raw probes=16; topologies=4; source_sha=26dae1f99b2b50fb17118f38d8a8e95dfac3357c. Representative failure: perf database error: perf database error: no GEMM rows loaded from 1 source(s) (first: <repo>/python/aisimulate/src/aiconfigurator_core/systems/data/b200_sxm/vllm/0.1.dev19262/gemm_perf.parquet),"python python/aisimulate/tools/support_matrix/generate_fpe_support_matrix.py --model ""Qwen/Qwen3-32B-FP8-Static-PerTensor"" --system ""b200_sxm"" --backend ""vllm"" --backend-version ""0.1.dev19262"" --forward-model op_level --max-workers 8",,16,4,PERF_DATA_MISSING=16,,26dae1f99b2b50fb17118f38d8a8e95dfac3357c
Qwen/Qwen3-32B-FP8-Static-PerTensor,Qwen3ForCausalLM,b200_sxm,vllm,0.19.0,FAIL,Strict-native op-level FPE probes: PERF_DATA_MISSING=16; raw probes=16; topologies=4; source_sha=26dae1f99b2b50fb17118f38d8a8e95dfac3357c. Representative failure: perf database error: perf database error: no rows loaded from 1 source(s) (first: <repo>/python/aisimulate/src/aiconfigurator_core/systems/data/b200_sxm/vllm/0.19.0/computescale_perf.parquet),"python python/aisimulate/tools/support_matrix/generate_fpe_support_matrix.py --model ""Qwen/Qwen3-32B-FP8-Static-PerTensor"" --system ""b200_sxm"" --backend ""vllm"" --backend-version ""0.19.0"" --forward-model op_level --max-workers 8",,16,4,PERF_DATA_MISSING=16,,26dae1f99b2b50fb17118f38d8a8e95dfac3357c
Qwen/Qwen3-32B-FP8-Static-PerTensor,Qwen3ForCausalLM,b200_sxm,vllm,0.22.0,PASS,,"python python/aisimulate/tools/support_matrix/generate_fpe_support_matrix.py --model ""Qwen/Qwen3-32B-FP8-Static-PerTensor"" --system ""b200_sxm"" --backend ""vllm"" --backend-version ""0.22.0"" --forward-model op_level --max-workers 8",silicon,16,4,PASS=16,"decode_end=2079.965198, decode_start=8.103396, mixed=13.781018, prefill=12.231184",26dae1f99b2b50fb17118f38d8a8e95dfac3357c
Qwen/Qwen3-32B-FP8-Static-PerTensor,Qwen3ForCausalLM,b200_sxm,vllm,0.24.0,PASS,,"python python/aisimulate/tools/support_matrix/generate_fpe_support_matrix.py --model ""Qwen/Qwen3-32B-FP8-Static-PerTensor"" --system ""b200_sxm"" --backend ""vllm"" --backend-version ""0.24.0"" --forward-model op_level --max-workers 8",silicon,16,4,PASS=16,"decode_end=2132.370490, decode_start=8.358121, mixed=14.174485, prefill=12.314055",26dae1f99b2b50fb17118f38d8a8e95dfac3357c
Qwen/Qwen3-8B,Qwen3ForCausalLM,b200_sxm,sglang,0.5.10,PASS,,"python python/aisimulate/tools/support_matrix/generate_fpe_support_matrix.py --model ""Qwen/Qwen3-8B"" --system ""b200_sxm"" --backend ""sglang"" --backend-version ""0.5.10"" --forward-model op_level --max-workers 8",silicon,24,6,"PASS=12, SDK_UNREPRESENTABLE=12","decode_end=905.476994, decode_start=3.550866, mixed=5.951683, prefill=5.531673",26dae1f99b2b50fb17118f38d8a8e95dfac3357c
Qwen/Qwen3-8B,Qwen3ForCausalLM,b200_sxm,sglang,0.5.12,PASS,,"python python/aisimulate/tools/support_matrix/generate_fpe_support_matrix.py --model ""Qwen/Qwen3-8B"" --system ""b200_sxm"" --backend ""sglang"" --backend-version ""0.5.12"" --forward-model op_level --max-workers 8",silicon,24,6,"PASS=12, SDK_UNREPRESENTABLE=12","decode_end=902.024797, decode_start=3.541969, mixed=6.044260, prefill=5.630687",26dae1f99b2b50fb17118f38d8a8e95dfac3357c
Qwen/Qwen3-8B,Qwen3ForCausalLM,b200_sxm,sglang,0.5.14,PASS,,"python python/aisimulate/tools/support_matrix/generate_fpe_support_matrix.py --model ""Qwen/Qwen3-8B"" --system ""b200_sxm"" --backend ""sglang"" --backend-version ""0.5.14"" --forward-model op_level --max-workers 8",silicon,24,6,"PASS=12, SDK_UNREPRESENTABLE=12","decode_end=902.024797, decode_start=3.541969, mixed=6.044260, prefill=5.630687",26dae1f99b2b50fb17118f38d8a8e95dfac3357c
Qwen/Qwen3-8B,Qwen3ForCausalLM,b200_sxm,sglang,0.5.16,PASS,,"python python/aisimulate/tools/support_matrix/generate_fpe_support_matrix.py --model ""Qwen/Qwen3-8B"" --system ""b200_sxm"" --backend ""sglang"" --backend-version ""0.5.16"" --forward-model op_level --max-workers 8",silicon,24,6,"PASS=12, SDK_UNREPRESENTABLE=12","decode_end=902.024797, decode_start=3.541969, mixed=6.044260, prefill=5.630687",26dae1f99b2b50fb17118f38d8a8e95dfac3357c
Qwen/Qwen3-8B,Qwen3ForCausalLM,b200_sxm,sglang,0.5.9,PASS,,"python python/aisimulate/tools/support_matrix/generate_fpe_support_matrix.py --model ""Qwen/Qwen3-8B"" --system ""b200_sxm"" --backend ""sglang"" --backend-version ""0.5.9"" --forward-model op_level --max-workers 8",silicon,24,6,"PASS=12, SDK_UNREPRESENTABLE=12","decode_end=898.485620, decode_start=3.522512, mixed=5.944412, prefill=5.520732",26dae1f99b2b50fb17118f38d8a8e95dfac3357c
Qwen/Qwen3-8B,Qwen3ForCausalLM,b200_sxm,trtllm,1.2.0rc5,PASS,,"python python/aisimulate/tools/support_matrix/generate_fpe_support_matrix.py --model ""Qwen/Qwen3-8B"" --system ""b200_sxm"" --backend ""trtllm"" --backend-version ""1.2.0rc5"" --forward-model op_level --max-workers 8",silicon,12,3,PASS=12,"decode_end=947.620455, decode_start=3.692765, mixed=6.398302, prefill=5.794775",26dae1f99b2b50fb17118f38d8a8e95dfac3357c
Qwen/Qwen3-8B,Qwen3ForCausalLM,b200_sxm,trtllm,1.3.0rc10,PASS,,"python python/aisimulate/tools/support_matrix/generate_fpe_support_matrix.py --model ""Qwen/Qwen3-8B"" --system ""b200_sxm"" --backend ""trtllm"" --backend-version ""1.3.0rc10"" --forward-model op_level --max-workers 8",silicon,12,3,PASS=12,"decode_end=1015.332044, decode_start=3.901186, mixed=6.681866, prefill=5.731097",26dae1f99b2b50fb17118f38d8a8e95dfac3357c
Qwen/Qwen3-8B,Qwen3ForCausalLM,b200_sxm,trtllm,1.3.0rc15,PASS,,"python python/aisimulate/tools/support_matrix/generate_fpe_support_matrix.py --model ""Qwen/Qwen3-8B"" --system ""b200_sxm"" --backend ""trtllm"" --backend-version ""1.3.0rc15"" --forward-model op_level --max-workers 8",silicon,12,3,PASS=12,"decode_end=931.159390, decode_start=3.647540, mixed=6.274334, prefill=5.664989",26dae1f99b2b50fb17118f38d8a8e95dfac3357c
Qwen/Qwen3-8B,Qwen3ForCausalLM,b200_sxm,trtllm,1.3.0rc20,PASS,,"python python/aisimulate/tools/support_matrix/generate_fpe_support_matrix.py --model ""Qwen/Qwen3-8B"" --system ""b200_sxm"" --backend ""trtllm"" --backend-version ""1.3.0rc20"" --forward-model op_level --max-workers 8",silicon,12,3,PASS=12,"decode_end=962.433617, decode_start=3.738323, mixed=6.433874, prefill=5.748447",26dae1f99b2b50fb17118f38d8a8e95dfac3357c
Qwen/Qwen3-8B,Qwen3ForCausalLM,b200_sxm,trtllm,1.3.0rc23,PASS,,"python python/aisimulate/tools/support_matrix/generate_fpe_support_matrix.py --model ""Qwen/Qwen3-8B"" --system ""b200_sxm"" --backend ""trtllm"" --backend-version ""1.3.0rc23"" --forward-model op_level --max-workers 8",silicon,12,3,PASS=12,"decode_end=962.433617, decode_start=3.738323, mixed=6.433874, prefill=5.748447",26dae1f99b2b50fb17118f38d8a8e95dfac3357c
Qwen/Qwen3-8B,Qwen3ForCausalLM,b200_sxm,vllm,0.1.dev19262,FAIL,Strict-native op-level FPE probes: PERF_DATA_MISSING=12; raw probes=12; topologies=3; source_sha=26dae1f99b2b50fb17118f38d8a8e95dfac3357c. Representative failure: perf database error: perf database error: no GEMM rows loaded from 1 source(s) (first: <repo>/python/aisimulate/src/aiconfigurator_core/systems/data/b200_sxm/vllm/0.1.dev19262/gemm_perf.parquet),"python python/aisimulate/tools/support_matrix/generate_fpe_support_matrix.py --model ""Qwen/Qwen3-8B"" --system ""b200_sxm"" --backend ""vllm"" --backend-version ""0.1.dev19262"" --forward-model op_level --max-workers 8",,12,3,PERF_DATA_MISSING=12,,26dae1f99b2b50fb17118f38d8a8e95dfac3357c
Qwen/Qwen3-8B,Qwen3ForCausalLM,b200_sxm,vllm,0.19.0,PASS,,"python python/aisimulate/tools/support_matrix/generate_fpe_support_matrix.py --model ""Qwen/Qwen3-8B"" --system ""b200_sxm"" --backend ""vllm"" --backend-version ""0.19.0"" --forward-model op_level --max-workers 8",silicon,12,3,PASS=12,"decode_end=878.561577, decode_start=3.415481, mixed=5.916978, prefill=5.385972",26dae1f99b2b50fb17118f38d8a8e95dfac3357c
Qwen/Qwen3-8B,Qwen3ForCausalLM,b200_sxm,vllm,0.22.0,PASS,,"python python/aisimulate/tools/support_matrix/generate_fpe_support_matrix.py --model ""Qwen/Qwen3-8B"" --system ""b200_sxm"" --backend ""vllm"" --backend-version ""0.22.0"" --forward-model op_level --max-workers 8",silicon,12,3,PASS=12,"decode_end=864.398702, decode_start=3.374806, mixed=5.876268, prefill=5.355817",26dae1f99b2b50fb17118f38d8a8e95dfac3357c
Qwen/Qwen3-8B,Qwen3ForCausalLM,b200_sxm,vllm,0.24.0,PASS,,"python python/aisimulate/tools/support_matrix/generate_fpe_support_matrix.py --model ""Qwen/Qwen3-8B"" --system ""b200_sxm"" --backend ""vllm"" --backend-version ""0.24.0"" --forward-model op_level --max-workers 8",silicon,12,3,PASS=12,"decode_end=887.817820, decode_start=3.453949, mixed=6.011209, prefill=5.440931",26dae1f99b2b50fb17118f38d8a8e95dfac3357c
Qwen/Qwen3-Coder-480B-A35B-Instruct,Qwen3MoeForCausalLM,b200_sxm,sglang,0.5.10,PASS,,"python python/aisimulate/tools/support_matrix/generate_fpe_support_matrix.py --model ""Qwen/Qwen3-Coder-480B-A35B-Instruct"" --system ""b200_sxm"" --backend ""sglang"" --backend-version ""0.5.10"" --forward-model op_level --max-workers 8",silicon,540,135,"PASS=220, SDK_UNREPRESENTABLE=320","decode_end=13810.461990, decode_start=54.159020, mixed=182.480440, prefill=178.249385",26dae1f99b2b50fb17118f38d8a8e95dfac3357c
Qwen/Qwen3-Coder-480B-A35B-Instruct,Qwen3MoeForCausalLM,b200_sxm,sglang,0.5.12,PASS,,"python python/aisimulate/tools/support_matrix/generate_fpe_support_matrix.py --model ""Qwen/Qwen3-Coder-480B-A35B-Instruct"" --system ""b200_sxm"" --backend ""sglang"" --backend-version ""0.5.12"" --forward-model op_level --max-workers 8",silicon,540,135,"PASS=220, SDK_UNREPRESENTABLE=320","decode_end=11140.727803, decode_start=43.688020, mixed=146.115445, prefill=142.084268",26dae1f99b2b50fb17118f38d8a8e95dfac3357c
Qwen/Qwen3-Coder-480B-A35B-Instruct,Qwen3MoeForCausalLM,b200_sxm,sglang,0.5.14,PASS,,"python python/aisimulate/tools/support_matrix/generate_fpe_support_matrix.py --model ""Qwen/Qwen3-Coder-480B-A35B-Instruct"" --system ""b200_sxm"" --backend ""sglang"" --backend-version ""0.5.14"" --forward-model op_level --max-workers 8",silicon,540,135,"PASS=220, SDK_UNREPRESENTABLE=320","decode_end=11140.727803, decode_start=43.688020, mixed=146.115445, prefill=142.084268",26dae1f99b2b50fb17118f38d8a8e95dfac3357c
Qwen/Qwen3-Coder-480B-A35B-Instruct,Qwen3MoeForCausalLM,b200_sxm,sglang,0.5.16,PASS,,"python python/aisimulate/tools/support_matrix/generate_fpe_support_matrix.py --model ""Qwen/Qwen3-Coder-480B-A35B-Instruct"" --system ""b200_sxm"" --backend ""sglang"" --backend-version ""0.5.16"" --forward-model op_level --max-workers 8",silicon,540,135,"PASS=220, SDK_UNREPRESENTABLE=320","decode_end=11140.727803, decode_start=43.688020, mixed=146.115445, prefill=142.084268",26dae1f99b2b50fb17118f38d8a8e95dfac3357c
Qwen/Qwen3-Coder-480B-A35B-Instruct,Qwen3MoeForCausalLM,b200_sxm,sglang,0.5.9,PASS,,"python python/aisimulate/tools/support_matrix/generate_fpe_support_matrix.py --model ""Qwen/Qwen3-Coder-480B-A35B-Instruct"" --system ""b200_sxm"" --backend ""sglang"" --backend-version ""0.5.9"" --forward-model op_level --max-workers 8",silicon,540,135,"PASS=220, SDK_UNREPRESENTABLE=320","decode_end=13603.078165, decode_start=53.345642, mixed=181.236433, prefill=176.209917",26dae1f99b2b50fb17118f38d8a8e95dfac3357c
Qwen/Qwen3-Coder-480B-A35B-Instruct,Qwen3MoeForCausalLM,b200_sxm,trtllm,1.2.0rc5,PASS,,"python python/aisimulate/tools/support_matrix/generate_fpe_support_matrix.py --model ""Qwen/Qwen3-Coder-480B-A35B-Instruct"" --system ""b200_sxm"" --backend ""trtllm"" --backend-version ""1.2.0rc5"" --forward-model op_level --max-workers 8",silicon,116,29,PASS=116,"decode_end=12319.685897, decode_start=48.258432, mixed=136.049176, prefill=133.637361",26dae1f99b2b50fb17118f38d8a8e95dfac3357c
Qwen/Qwen3-Coder-480B-A35B-Instruct,Qwen3MoeForCausalLM,b200_sxm,trtllm,1.3.0rc10,PASS,,"python python/aisimulate/tools/support_matrix/generate_fpe_support_matrix.py --model ""Qwen/Qwen3-Coder-480B-A35B-Instruct"" --system ""b200_sxm"" --backend ""trtllm"" --backend-version ""1.3.0rc10"" --forward-model op_level --max-workers 8",silicon,116,29,PASS=116,"decode_end=12484.733660, decode_start=48.569113, mixed=136.433113, prefill=133.085736",26dae1f99b2b50fb17118f38d8a8e95dfac3357c
Qwen/Qwen3-Coder-480B-A35B-Instruct,Qwen3MoeForCausalLM,b200_sxm,trtllm,1.3.0rc15,PASS,,"python python/aisimulate/tools/support_matrix/generate_fpe_support_matrix.py --model ""Qwen/Qwen3-Coder-480B-A35B-Instruct"" --system ""b200_sxm"" --backend ""trtllm"" --backend-version ""1.3.0rc15"" --forward-model op_level --max-workers 8",silicon,116,29,PASS=116,"decode_end=29192.591362, decode_start=114.479316, mixed=148.003713, prefill=146.139305",26dae1f99b2b50fb17118f38d8a8e95dfac3357c
Qwen/Qwen3-Coder-480B-A35B-Instruct,Qwen3MoeForCausalLM,b200_sxm,trtllm,1.3.0rc20,PASS,,"python python/aisimulate/tools/support_matrix/generate_fpe_support_matrix.py --model ""Qwen/Qwen3-Coder-480B-A35B-Instruct"" --system ""b200_sxm"" --backend ""trtllm"" --backend-version ""1.3.0rc20"" --forward-model op_level --max-workers 8",silicon,116,29,PASS=116,"decode_end=12052.741100, decode_start=47.231851, mixed=138.623113, prefill=136.075798",26dae1f99b2b50fb17118f38d8a8e95dfac3357c
Qwen/Qwen3-Coder-480B-A35B-Instruct,Qwen3MoeForCausalLM,b200_sxm,trtllm,1.3.0rc23,PASS,,"python python/aisimulate/tools/support_matrix/generate_fpe_support_matrix.py --model ""Qwen/Qwen3-Coder-480B-A35B-Instruct"" --system ""b200_sxm"" --backend ""trtllm"" --backend-version ""1.3.0rc23"" --forward-model op_level --max-workers 8",silicon,116,29,PASS=116,"decode_end=12052.741100, decode_start=47.231851, mixed=138.623113, prefill=136.075798",26dae1f99b2b50fb17118f38d8a8e95dfac3357c
Qwen/Qwen3-Coder-480B-A35B-Instruct,Qwen3MoeForCausalLM,b200_sxm,vllm,0.1.dev19262,FAIL,Strict-native op-level FPE probes: PERF_DATA_MISSING=116; raw probes=116; topologies=29; source_sha=26dae1f99b2b50fb17118f38d8a8e95dfac3357c. Representative failure: perf database error: perf database error: no GEMM rows loaded from 1 source(s) (first: <repo>/python/aisimulate/src/aiconfigurator_core/systems/data/b200_sxm/vllm/0.1.dev19262/gemm_perf.parquet),"python python/aisimulate/tools/support_matrix/generate_fpe_support_matrix.py --model ""Qwen/Qwen3-Coder-480B-A35B-Instruct"" --system ""b200_sxm"" --backend ""vllm"" --backend-version ""0.1.dev19262"" --forward-model op_level --max-workers 8",,116,29,PERF_DATA_MISSING=116,,26dae1f99b2b50fb17118f38d8a8e95dfac3357c
Qwen/Qwen3-Coder-480B-A35B-Instruct,Qwen3MoeForCausalLM,b200_sxm,vllm,0.19.0,PASS,,"python python/aisimulate/tools/support_matrix/generate_fpe_support_matrix.py --model ""Qwen/Qwen3-Coder-480B-A35B-Instruct"" --system ""b200_sxm"" --backend ""vllm"" --backend-version ""0.19.0"" --forward-model op_level --max-workers 8",silicon,116,29,PASS=116,"decode_end=12148.828463, decode_start=47.585380, mixed=146.247538, prefill=144.014564",26dae1f99b2b50fb17118f38d8a8e95dfac3357c
Qwen/Qwen3-Coder-480B-A35B-Instruct,Qwen3MoeForCausalLM,b200_sxm,vllm,0.22.0,PASS,,"python python/aisimulate/tools/support_matrix/generate_fpe_support_matrix.py --model ""Qwen/Qwen3-Coder-480B-A35B-Instruct"" --system ""b200_sxm"" --backend ""vllm"" --backend-version ""0.22.0"" --forward-model op_level --max-workers 8",silicon,116,29,PASS=116,"decode_end=12143.189476, decode_start=47.620061, mixed=156.021331, prefill=154.062576",26dae1f99b2b50fb17118f38d8a8e95dfac3357c
Qwen/Qwen3-Coder-480B-A35B-Instruct,Qwen3MoeForCausalLM,b200_sxm,vllm,0.24.0,PASS,,"python python/aisimulate/tools/support_matrix/generate_fpe_support_matrix.py --model ""Qwen/Qwen3-Coder-480B-A35B-Instruct"" --system ""b200_sxm"" --backend ""vllm"" --backend-version ""0.24.0"" --forward-model op_level --max-workers 8",silicon,116,29,PASS=116,"decode_end=10611.135654, decode_start=41.570975, mixed=147.285306, prefill=144.323277",26dae1f99b2b50fb17118f38d8a8e95dfac3357c
Qwen/Qwen3-VL-235B-A22B-Instruct,Qwen3VLMoeForConditionalGeneration,b200_sxm,sglang,0.5.10,PASS,,"python python/aisimulate/tools/support_matrix/generate_fpe_support_matrix.py --model ""Qwen/Qwen3-VL-235B-A22B-Instruct"" --system ""b200_sxm"" --backend ""sglang"" --backend-version ""0.5.10"" --forward-model op_level --max-workers 8",silicon,540,135,"PASS=220, SDK_UNREPRESENTABLE=320","decode_end=8848.486227, decode_start=34.719998, mixed=93.821840, prefill=92.965866",26dae1f99b2b50fb17118f38d8a8e95dfac3357c
Qwen/Qwen3-VL-235B-A22B-Instruct,Qwen3VLMoeForConditionalGeneration,b200_sxm,sglang,0.5.12,PASS,,"python python/aisimulate/tools/support_matrix/generate_fpe_support_matrix.py --model ""Qwen/Qwen3-VL-235B-A22B-Instruct"" --system ""b200_sxm"" --backend ""sglang"" --backend-version ""0.5.12"" --forward-model op_level --max-workers 8",silicon,540,135,"PASS=220, SDK_UNREPRESENTABLE=320","decode_end=7106.629700, decode_start=27.870328, mixed=75.471564, prefill=72.907268",26dae1f99b2b50fb17118f38d8a8e95dfac3357c
Qwen/Qwen3-VL-235B-A22B-Instruct,Qwen3VLMoeForConditionalGeneration,b200_sxm,sglang,0.5.14,PASS,,"python python/aisimulate/tools/support_matrix/generate_fpe_support_matrix.py --model ""Qwen/Qwen3-VL-235B-A22B-Instruct"" --system ""b200_sxm"" --backend ""sglang"" --backend-version ""0.5.14"" --forward-model op_level --max-workers 8",silicon,540,135,"PASS=220, SDK_UNREPRESENTABLE=320","decode_end=7106.629700, decode_start=27.870328, mixed=75.471564, prefill=72.907268",26dae1f99b2b50fb17118f38d8a8e95dfac3357c
Qwen/Qwen3-VL-235B-A22B-Instruct,Qwen3VLMoeForConditionalGeneration,b200_sxm,sglang,0.5.16,PASS,,"python python/aisimulate/tools/support_matrix/generate_fpe_support_matrix.py --model ""Qwen/Qwen3-VL-235B-A22B-Instruct"" --system ""b200_sxm"" --backend ""sglang"" --backend-version ""0.5.16"" --forward-model op_level --max-workers 8",silicon,540,135,"PASS=220, SDK_UNREPRESENTABLE=320","decode_end=7106.629700, decode_start=27.870328, mixed=75.471564, prefill=72.907268",26dae1f99b2b50fb17118f38d8a8e95dfac3357c
Qwen/Qwen3-VL-235B-A22B-Instruct,Qwen3VLMoeForConditionalGeneration,b200_sxm,sglang,0.5.9,PASS,,"python python/aisimulate/tools/support_matrix/generate_fpe_support_matrix.py --model ""Qwen/Qwen3-VL-235B-A22B-Instruct"" --system ""b200_sxm"" --backend ""sglang"" --backend-version ""0.5.9"" --forward-model op_level --max-workers 8",silicon,540,135,"PASS=220, SDK_UNREPRESENTABLE=320","decode_end=9083.065147, decode_start=35.680967, mixed=91.626551, prefill=90.396142",26dae1f99b2b50fb17118f38d8a8e95dfac3357c
Qwen/Qwen3-VL-235B-A22B-Instruct,Qwen3VLMoeForConditionalGeneration,b200_sxm,trtllm,1.2.0rc5,PASS,,"python python/aisimulate/tools/support_matrix/generate_fpe_support_matrix.py --model ""Qwen/Qwen3-VL-235B-A22B-Instruct"" --system ""b200_sxm"" --backend ""trtllm"" --backend-version ""1.2.0rc5"" --forward-model op_level --max-workers 8",silicon,116,29,PASS=116,"decode_end=7712.973102, decode_start=30.247528, mixed=74.403458, prefill=72.917546",26dae1f99b2b50fb17118f38d8a8e95dfac3357c
Qwen/Qwen3-VL-235B-A22B-Instruct,Qwen3VLMoeForConditionalGeneration,b200_sxm,trtllm,1.3.0rc10,PASS,,"python python/aisimulate/tools/support_matrix/generate_fpe_support_matrix.py --model ""Qwen/Qwen3-VL-235B-A22B-Instruct"" --system ""b200_sxm"" --backend ""trtllm"" --backend-version ""1.3.0rc10"" --forward-model op_level --max-workers 8",silicon,116,29,PASS=116,"decode_end=7904.693542, decode_start=30.571857, mixed=75.563260, prefill=72.432337",26dae1f99b2b50fb17118f38d8a8e95dfac3357c
Qwen/Qwen3-VL-235B-A22B-Instruct,Qwen3VLMoeForConditionalGeneration,b200_sxm,trtllm,1.3.0rc15,PASS,,"python python/aisimulate/tools/support_matrix/generate_fpe_support_matrix.py --model ""Qwen/Qwen3-VL-235B-A22B-Instruct"" --system ""b200_sxm"" --backend ""trtllm"" --backend-version ""1.3.0rc15"" --forward-model op_level --max-workers 8",silicon,116,29,PASS=116,"decode_end=7527.383459, decode_start=29.515605, mixed=73.864806, prefill=72.231474",26dae1f99b2b50fb17118f38d8a8e95dfac3357c
Qwen/Qwen3-VL-235B-A22B-Instruct,Qwen3VLMoeForConditionalGeneration,b200_sxm,trtllm,1.3.0rc20,PASS,,"python python/aisimulate/tools/support_matrix/generate_fpe_support_matrix.py --model ""Qwen/Qwen3-VL-235B-A22B-Instruct"" --system ""b200_sxm"" --backend ""trtllm"" --backend-version ""1.3.0rc20"" --forward-model op_level --max-workers 8",silicon,116,29,PASS=116,"decode_end=7379.694320, decode_start=28.941678, mixed=75.373645, prefill=73.241842",26dae1f99b2b50fb17118f38d8a8e95dfac3357c
Qwen/Qwen3-VL-235B-A22B-Instruct,Qwen3VLMoeForConditionalGeneration,b200_sxm,trtllm,1.3.0rc23,PASS,,"python python/aisimulate/tools/support_matrix/generate_fpe_support_matrix.py --model ""Qwen/Qwen3-VL-235B-A22B-Instruct"" --system ""b200_sxm"" --backend ""trtllm"" --backend-version ""1.3.0rc23"" --forward-model op_level --max-workers 8",silicon,116,29,PASS=116,"decode_end=7379.694320, decode_start=28.941678, mixed=75.373645, prefill=73.241842",26dae1f99b2b50fb17118f38d8a8e95dfac3357c
Qwen/Qwen3-VL-235B-A22B-Instruct,Qwen3VLMoeForConditionalGeneration,b200_sxm,vllm,0.1.dev19262,FAIL,Strict-native op-level FPE probes: PERF_DATA_MISSING=116; raw probes=116; topologies=29; source_sha=26dae1f99b2b50fb17118f38d8a8e95dfac3357c. Representative failure: perf database error: perf database error: no GEMM rows loaded from 1 source(s) (first: <repo>/python/aisimulate/src/aiconfigurator_core/systems/data/b200_sxm/vllm/0.1.dev19262/gemm_perf.parquet),"python python/aisimulate/tools/support_matrix/generate_fpe_support_matrix.py --model ""Qwen/Qwen3-VL-235B-A22B-Instruct"" --system ""b200_sxm"" --backend ""vllm"" --backend-version ""0.1.dev19262"" --forward-model op_level --max-workers 8",,116,29,PERF_DATA_MISSING=116,,26dae1f99b2b50fb17118f38d8a8e95dfac3357c
Qwen/Qwen3-VL-235B-A22B-Instruct,Qwen3VLMoeForConditionalGeneration,b200_sxm,vllm,0.19.0,PASS,,"python python/aisimulate/tools/support_matrix/generate_fpe_support_matrix.py --model ""Qwen/Qwen3-VL-235B-A22B-Instruct"" --system ""b200_sxm"" --backend ""vllm"" --backend-version ""0.19.0"" --forward-model op_level --max-workers 8",silicon,116,29,PASS=116,"decode_end=7733.602317, decode_start=30.250440, mixed=80.819185, prefill=79.503112",26dae1f99b2b50fb17118f38d8a8e95dfac3357c
Qwen/Qwen3-VL-235B-A22B-Instruct,Qwen3VLMoeForConditionalGeneration,b200_sxm,vllm,0.22.0,PASS,,"python python/aisimulate/tools/support_matrix/generate_fpe_support_matrix.py --model ""Qwen/Qwen3-VL-235B-A22B-Instruct"" --system ""b200_sxm"" --backend ""vllm"" --backend-version ""0.22.0"" --forward-model op_level --max-workers 8",silicon,116,29,PASS=116,"decode_end=7716.333559, decode_start=30.200187, mixed=85.633431, prefill=84.151152",26dae1f99b2b50fb17118f38d8a8e95dfac3357c
Qwen/Qwen3-VL-235B-A22B-Instruct,Qwen3VLMoeForConditionalGeneration,b200_sxm,vllm,0.24.0,PASS,,"python python/aisimulate/tools/support_matrix/generate_fpe_support_matrix.py --model ""Qwen/Qwen3-VL-235B-A22B-Instruct"" --system ""b200_sxm"" --backend ""vllm"" --backend-version ""0.24.0"" --forward-model op_level --max-workers 8",silicon,116,29,PASS=116,"decode_end=7037.157213, decode_start=27.577975, mixed=76.041998, prefill=73.650325",26dae1f99b2b50fb17118f38d8a8e95dfac3357c
Qwen/Qwen3-VL-2B-Instruct,Qwen3VLForConditionalGeneration,b200_sxm,sglang,0.5.10,PASS,,"python python/aisimulate/tools/support_matrix/generate_fpe_support_matrix.py --model ""Qwen/Qwen3-VL-2B-Instruct"" --system ""b200_sxm"" --backend ""sglang"" --backend-version ""0.5.10"" --forward-model op_level --max-workers 8",silicon,24,6,"PASS=12, SDK_UNREPRESENTABLE=12","decode_end=390.334254, decode_start=1.530745, mixed=2.250917, prefill=2.022767",26dae1f99b2b50fb17118f38d8a8e95dfac3357c
Qwen/Qwen3-VL-2B-Instruct,Qwen3VLForConditionalGeneration,b200_sxm,sglang,0.5.12,PASS,,"python python/aisimulate/tools/support_matrix/generate_fpe_support_matrix.py --model ""Qwen/Qwen3-VL-2B-Instruct"" --system ""b200_sxm"" --backend ""sglang"" --backend-version ""0.5.12"" --forward-model op_level --max-workers 8",silicon,24,6,"PASS=12, SDK_UNREPRESENTABLE=12","decode_end=413.656052, decode_start=1.611451, mixed=2.323030, prefill=2.016390",26dae1f99b2b50fb17118f38d8a8e95dfac3357c
Qwen/Qwen3-VL-2B-Instruct,Qwen3VLForConditionalGeneration,b200_sxm,sglang,0.5.14,PASS,,"python python/aisimulate/tools/support_matrix/generate_fpe_support_matrix.py --model ""Qwen/Qwen3-VL-2B-Instruct"" --system ""b200_sxm"" --backend ""sglang"" --backend-version ""0.5.14"" --forward-model op_level --max-workers 8",silicon,24,6,"PASS=12, SDK_UNREPRESENTABLE=12","decode_end=413.656052, decode_start=1.611451, mixed=2.323030, prefill=2.016390",26dae1f99b2b50fb17118f38d8a8e95dfac3357c
Qwen/Qwen3-VL-2B-Instruct,Qwen3VLForConditionalGeneration,b200_sxm,sglang,0.5.16,PASS,,"python python/aisimulate/tools/support_matrix/generate_fpe_support_matrix.py --model ""Qwen/Qwen3-VL-2B-Instruct"" --system ""b200_sxm"" --backend ""sglang"" --backend-version ""0.5.16"" --forward-model op_level --max-workers 8",silicon,24,6,"PASS=12, SDK_UNREPRESENTABLE=12","decode_end=413.656052, decode_start=1.611451, mixed=2.323030, prefill=2.016390",26dae1f99b2b50fb17118f38d8a8e95dfac3357c
Qwen/Qwen3-VL-2B-Instruct,Qwen3VLForConditionalGeneration,b200_sxm,sglang,0.5.9,PASS,,"python python/aisimulate/tools/support_matrix/generate_fpe_support_matrix.py --model ""Qwen/Qwen3-VL-2B-Instruct"" --system ""b200_sxm"" --backend ""sglang"" --backend-version ""0.5.9"" --forward-model op_level --max-workers 8",silicon,24,6,"PASS=12, SDK_UNREPRESENTABLE=12","decode_end=383.467437, decode_start=1.504042, mixed=2.217611, prefill=1.911467",26dae1f99b2b50fb17118f38d8a8e95dfac3357c
Qwen/Qwen3-VL-2B-Instruct,Qwen3VLForConditionalGeneration,b200_sxm,trtllm,1.2.0rc5,PASS,,"python python/aisimulate/tools/support_matrix/generate_fpe_support_matrix.py --model ""Qwen/Qwen3-VL-2B-Instruct"" --system ""b200_sxm"" --backend ""trtllm"" --backend-version ""1.2.0rc5"" --forward-model op_level --max-workers 8",silicon,12,3,PASS=12,"decode_end=413.045021, decode_start=1.619114, mixed=2.459695, prefill=2.055274",26dae1f99b2b50fb17118f38d8a8e95dfac3357c
Qwen/Qwen3-VL-2B-Instruct,Qwen3VLForConditionalGeneration,b200_sxm,trtllm,1.3.0rc10,PASS,,"python python/aisimulate/tools/support_matrix/generate_fpe_support_matrix.py --model ""Qwen/Qwen3-VL-2B-Instruct"" --system ""b200_sxm"" --backend ""trtllm"" --backend-version ""1.3.0rc10"" --forward-model op_level --max-workers 8",silicon,12,3,PASS=12,"decode_end=481.543193, decode_start=1.846480, mixed=2.711325, prefill=2.011668",26dae1f99b2b50fb17118f38d8a8e95dfac3357c
Qwen/Qwen3-VL-2B-Instruct,Qwen3VLForConditionalGeneration,b200_sxm,trtllm,1.3.0rc15,PASS,,"python python/aisimulate/tools/support_matrix/generate_fpe_support_matrix.py --model ""Qwen/Qwen3-VL-2B-Instruct"" --system ""b200_sxm"" --backend ""trtllm"" --backend-version ""1.3.0rc15"" --forward-model op_level --max-workers 8",silicon,12,3,PASS=12,"decode_end=393.138138, decode_start=1.518402, mixed=2.339511, prefill=1.999406",26dae1f99b2b50fb17118f38d8a8e95dfac3357c
Qwen/Qwen3-VL-2B-Instruct,Qwen3VLForConditionalGeneration,b200_sxm,trtllm,1.3.0rc20,PASS,,"python python/aisimulate/tools/support_matrix/generate_fpe_support_matrix.py --model ""Qwen/Qwen3-VL-2B-Instruct"" --system ""b200_sxm"" --backend ""trtllm"" --backend-version ""1.3.0rc20"" --forward-model op_level --max-workers 8",silicon,12,3,PASS=12,"decode_end=413.477931, decode_start=1.621080, mixed=2.463233, prefill=2.088797",26dae1f99b2b50fb17118f38d8a8e95dfac3357c
Qwen/Qwen3-VL-2B-Instruct,Qwen3VLForConditionalGeneration,b200_sxm,trtllm,1.3.0rc23,PASS,,"python python/aisimulate/tools/support_matrix/generate_fpe_support_matrix.py --model ""Qwen/Qwen3-VL-2B-Instruct"" --system ""b200_sxm"" --backend ""trtllm"" --backend-version ""1.3.0rc23"" --forward-model op_level --max-workers 8",silicon,12,3,PASS=12,"decode_end=413.477931, decode_start=1.621080, mixed=2.463233, prefill=2.088797",26dae1f99b2b50fb17118f38d8a8e95dfac3357c
Qwen/Qwen3-VL-2B-Instruct,Qwen3VLForConditionalGeneration,b200_sxm,vllm,0.1.dev19262,FAIL,Strict-native op-level FPE probes: PERF_DATA_MISSING=12; raw probes=12; topologies=3; source_sha=26dae1f99b2b50fb17118f38d8a8e95dfac3357c. Representative failure: perf database error: perf database error: no GEMM rows loaded from 1 source(s) (first: <repo>/python/aisimulate/src/aiconfigurator_core/systems/data/b200_sxm/vllm/0.1.dev19262/gemm_perf.parquet),"python python/aisimulate/tools/support_matrix/generate_fpe_support_matrix.py --model ""Qwen/Qwen3-VL-2B-Instruct"" --system ""b200_sxm"" --backend ""vllm"" --backend-version ""0.1.dev19262"" --forward-model op_level --max-workers 8",,12,3,PERF_DATA_MISSING=12,,26dae1f99b2b50fb17118f38d8a8e95dfac3357c
Qwen/Qwen3-VL-2B-Instruct,Qwen3VLForConditionalGeneration,b200_sxm,vllm,0.19.0,PASS,,"python python/aisimulate/tools/support_matrix/generate_fpe_support_matrix.py --model ""Qwen/Qwen3-VL-2B-Instruct"" --system ""b200_sxm"" --backend ""vllm"" --backend-version ""0.19.0"" --forward-model op_level --max-workers 8",silicon,12,3,PASS=12,"decode_end=388.322933, decode_start=1.504994, mixed=2.210080, prefill=1.916610",26dae1f99b2b50fb17118f38d8a8e95dfac3357c
Qwen/Qwen3-VL-2B-Instruct,Qwen3VLForConditionalGeneration,b200_sxm,vllm,0.22.0,PASS,,"python python/aisimulate/tools/support_matrix/generate_fpe_support_matrix.py --model ""Qwen/Qwen3-VL-2B-Instruct"" --system ""b200_sxm"" --backend ""vllm"" --backend-version ""0.22.0"" --forward-model op_level --max-workers 8",silicon,12,3,PASS=12,"decode_end=376.920935, decode_start=1.468111, mixed=2.162509, prefill=1.875842",26dae1f99b2b50fb17118f38d8a8e95dfac3357c
Qwen/Qwen3-VL-2B-Instruct,Qwen3VLForConditionalGeneration,b200_sxm,vllm,0.24.0,PASS,,"python python/aisimulate/tools/support_matrix/generate_fpe_support_matrix.py --model ""Qwen/Qwen3-VL-2B-Instruct"" --system ""b200_sxm"" --backend ""vllm"" --backend-version ""0.24.0"" --forward-model op_level --max-workers 8",silicon,12,3,PASS=12,"decode_end=399.760834, decode_start=1.547801, mixed=2.311021, prefill=1.972807",26dae1f99b2b50fb17118f38d8a8e95dfac3357c
Qwen/Qwen3-VL-30B-A3B-Instruct,Qwen3VLMoeForConditionalGeneration,b200_sxm,sglang,0.5.10,PASS,,"python python/aisimulate/tools/support_matrix/generate_fpe_support_matrix.py --model ""Qwen/Qwen3-VL-30B-A3B-Instruct"" --system ""b200_sxm"" --backend ""sglang"" --backend-version ""0.5.10"" --forward-model op_level --max-workers 8",silicon,540,135,"PASS=164, PERF_DATA_MISSING=56, SDK_UNREPRESENTABLE=320","decode_end=1808.701686, decode_start=7.092898, mixed=14.711929, prefill=14.373047",26dae1f99b2b50fb17118f38d8a8e95dfac3357c
Qwen/Qwen3-VL-30B-A3B-Instruct,Qwen3VLMoeForConditionalGeneration,b200_sxm,sglang,0.5.12,PASS,,"python python/aisimulate/tools/support_matrix/generate_fpe_support_matrix.py --model ""Qwen/Qwen3-VL-30B-A3B-Instruct"" --system ""b200_sxm"" --backend ""sglang"" --backend-version ""0.5.12"" --forward-model op_level --max-workers 8",silicon,540,135,"PASS=220, SDK_UNREPRESENTABLE=320","decode_end=1309.008356, decode_start=5.134252, mixed=12.067863, prefill=11.650764",26dae1f99b2b50fb17118f38d8a8e95dfac3357c
Qwen/Qwen3-VL-30B-A3B-Instruct,Qwen3VLMoeForConditionalGeneration,b200_sxm,sglang,0.5.14,PASS,,"python python/aisimulate/tools/support_matrix/generate_fpe_support_matrix.py --model ""Qwen/Qwen3-VL-30B-A3B-Instruct"" --system ""b200_sxm"" --backend ""sglang"" --backend-version ""0.5.14"" --forward-model op_level --max-workers 8",silicon,540,135,"PASS=220, SDK_UNREPRESENTABLE=320","decode_end=1309.008356, decode_start=5.134252, mixed=12.067863, prefill=11.650764",26dae1f99b2b50fb17118f38d8a8e95dfac3357c
Qwen/Qwen3-VL-30B-A3B-Instruct,Qwen3VLMoeForConditionalGeneration,b200_sxm,sglang,0.5.16,PASS,,"python python/aisimulate/tools/support_matrix/generate_fpe_support_matrix.py --model ""Qwen/Qwen3-VL-30B-A3B-Instruct"" --system ""b200_sxm"" --backend ""sglang"" --backend-version ""0.5.16"" --forward-model op_level --max-workers 8",silicon,540,135,"PASS=220, SDK_UNREPRESENTABLE=320","decode_end=1309.008356, decode_start=5.134252, mixed=12.067863, prefill=11.650764",26dae1f99b2b50fb17118f38d8a8e95dfac3357c
Qwen/Qwen3-VL-30B-A3B-Instruct,Qwen3VLMoeForConditionalGeneration,b200_sxm,sglang,0.5.9,PASS,,"python python/aisimulate/tools/support_matrix/generate_fpe_support_matrix.py --model ""Qwen/Qwen3-VL-30B-A3B-Instruct"" --system ""b200_sxm"" --backend ""sglang"" --backend-version ""0.5.9"" --forward-model op_level --max-workers 8",silicon,540,135,"PASS=164, PERF_DATA_MISSING=56, SDK_UNREPRESENTABLE=320","decode_end=1767.498141, decode_start=6.931230, mixed=14.356181, prefill=14.002058",26dae1f99b2b50fb17118f38d8a8e95dfac3357c
Qwen/Qwen3-VL-30B-A3B-Instruct,Qwen3VLMoeForConditionalGeneration,b200_sxm,trtllm,1.2.0rc5,PASS,,"python python/aisimulate/tools/support_matrix/generate_fpe_support_matrix.py --model ""Qwen/Qwen3-VL-30B-A3B-Instruct"" --system ""b200_sxm"" --backend ""trtllm"" --backend-version ""1.2.0rc5"" --forward-model op_level --max-workers 8",silicon,116,29,"PASS=92, PERF_DATA_MISSING=24","decode_end=1540.897060, decode_start=6.039766, mixed=12.946249, prefill=12.290638",26dae1f99b2b50fb17118f38d8a8e95dfac3357c
Qwen/Qwen3-VL-30B-A3B-Instruct,Qwen3VLMoeForConditionalGeneration,b200_sxm,trtllm,1.3.0rc10,PASS,,"python python/aisimulate/tools/support_matrix/generate_fpe_support_matrix.py --model ""Qwen/Qwen3-VL-30B-A3B-Instruct"" --system ""b200_sxm"" --backend ""trtllm"" --backend-version ""1.3.0rc10"" --forward-model op_level --max-workers 8",silicon,116,29,"PASS=92, PERF_DATA_MISSING=24","decode_end=1594.319360, decode_start=6.132270, mixed=13.603490, prefill=12.556264",26dae1f99b2b50fb17118f38d8a8e95dfac3357c
Qwen/Qwen3-VL-30B-A3B-Instruct,Qwen3VLMoeForConditionalGeneration,b200_sxm,trtllm,1.3.0rc15,PASS,,"python python/aisimulate/tools/support_matrix/generate_fpe_support_matrix.py --model ""Qwen/Qwen3-VL-30B-A3B-Instruct"" --system ""b200_sxm"" --backend ""trtllm"" --backend-version ""1.3.0rc15"" --forward-model op_level --max-workers 8",silicon,116,29,"PASS=92, PERF_DATA_MISSING=24","decode_end=1456.651647, decode_start=5.674004, mixed=13.043235, prefill=12.500397",26dae1f99b2b50fb17118f38d8a8e95dfac3357c
Qwen/Qwen3-VL-30B-A3B-Instruct,Qwen3VLMoeForConditionalGeneration,b200_sxm,trtllm,1.3.0rc20,PASS,,"python python/aisimulate/tools/support_matrix/generate_fpe_support_matrix.py --model ""Qwen/Qwen3-VL-30B-A3B-Instruct"" --system ""b200_sxm"" --backend ""trtllm"" --backend-version ""1.3.0rc20"" --forward-model op_level --max-workers 8",silicon,116,29,PASS=116,"decode_end=1522.208523, decode_start=5.964965, mixed=13.580605, prefill=12.926286",26dae1f99b2b50fb17118f38d8a8e95dfac3357c
Qwen/Qwen3-VL-30B-A3B-Instruct,Qwen3VLMoeForConditionalGeneration,b200_sxm,trtllm,1.3.0rc23,PASS,,"python python/aisimulate/tools/support_matrix/generate_fpe_support_matrix.py --model ""Qwen/Qwen3-VL-30B-A3B-Instruct"" --system ""b200_sxm"" --backend ""trtllm"" --backend-version ""1.3.0rc23"" --forward-model op_level --max-workers 8",silicon,116,29,PASS=116,"decode_end=1522.208523, decode_start=5.964965, mixed=13.580605, prefill=12.926286",26dae1f99b2b50fb17118f38d8a8e95dfac3357c
Qwen/Qwen3-VL-30B-A3B-Instruct,Qwen3VLMoeForConditionalGeneration,b200_sxm,vllm,0.1.dev19262,FAIL,Strict-native op-level FPE probes: PERF_DATA_MISSING=116; raw probes=116; topologies=29; source_sha=26dae1f99b2b50fb17118f38d8a8e95dfac3357c. Representative failure: perf database error: perf database error: no GEMM rows loaded from 1 source(s) (first: <repo>/python/aisimulate/src/aiconfigurator_core/systems/data/b200_sxm/vllm/0.1.dev19262/gemm_perf.parquet),"python python/aisimulate/tools/support_matrix/generate_fpe_support_matrix.py --model ""Qwen/Qwen3-VL-30B-A3B-Instruct"" --system ""b200_sxm"" --backend ""vllm"" --backend-version ""0.1.dev19262"" --forward-model op_level --max-workers 8",,116,29,PERF_DATA_MISSING=116,,26dae1f99b2b50fb17118f38d8a8e95dfac3357c
Qwen/Qwen3-VL-30B-A3B-Instruct,Qwen3VLMoeForConditionalGeneration,b200_sxm,vllm,0.19.0,PASS,,"python python/aisimulate/tools/support_matrix/generate_fpe_support_matrix.py --model ""Qwen/Qwen3-VL-30B-A3B-Instruct"" --system ""b200_sxm"" --backend ""vllm"" --backend-version ""0.19.0"" --forward-model op_level --max-workers 8",silicon,116,29,"PASS=80, PERF_DATA_MISSING=36","decode_end=1536.885528, decode_start=5.990257, mixed=13.253847, prefill=12.800709",26dae1f99b2b50fb17118f38d8a8e95dfac3357c
Qwen/Qwen3-VL-30B-A3B-Instruct,Qwen3VLMoeForConditionalGeneration,b200_sxm,vllm,0.22.0,PASS,,"python python/aisimulate/tools/support_matrix/generate_fpe_support_matrix.py --model ""Qwen/Qwen3-VL-30B-A3B-Instruct"" --system ""b200_sxm"" --backend ""vllm"" --backend-version ""0.22.0"" --forward-model op_level --max-workers 8",silicon,116,29,PASS=116,"decode_end=1483.271821, decode_start=5.776771, mixed=13.242682, prefill=12.642074",26dae1f99b2b50fb17118f38d8a8e95dfac3357c
Qwen/Qwen3-VL-30B-A3B-Instruct,Qwen3VLMoeForConditionalGeneration,b200_sxm,vllm,0.24.0,PASS,,"python python/aisimulate/tools/support_matrix/generate_fpe_support_matrix.py --model ""Qwen/Qwen3-VL-30B-A3B-Instruct"" --system ""b200_sxm"" --backend ""vllm"" --backend-version ""0.24.0"" --forward-model op_level --max-workers 8",silicon,116,29,PASS=116,"decode_end=1333.427844, decode_start=5.193508, mixed=12.166292, prefill=11.589403",26dae1f99b2b50fb17118f38d8a8e95dfac3357c
Qwen/Qwen3-VL-32B-Instruct,Qwen3VLForConditionalGeneration,b200_sxm,sglang,0.5.10,PASS,,"python python/aisimulate/tools/support_matrix/generate_fpe_support_matrix.py --model ""Qwen/Qwen3-VL-32B-Instruct"" --system ""b200_sxm"" --backend ""sglang"" --backend-version ""0.5.10"" --forward-model op_level --max-workers 8",silicon,40,10,"PASS=16, SDK_UNREPRESENTABLE=24","decode_end=3250.901319, decode_start=12.748775, mixed=16.759123, prefill=14.200223",26dae1f99b2b50fb17118f38d8a8e95dfac3357c
Qwen/Qwen3-VL-32B-Instruct,Qwen3VLForConditionalGeneration,b200_sxm,sglang,0.5.12,PASS,,"python python/aisimulate/tools/support_matrix/generate_fpe_support_matrix.py --model ""Qwen/Qwen3-VL-32B-Instruct"" --system ""b200_sxm"" --backend ""sglang"" --backend-version ""0.5.12"" --forward-model op_level --max-workers 8",silicon,40,10,"PASS=16, SDK_UNREPRESENTABLE=24","decode_end=3261.994849, decode_start=12.752516, mixed=16.711751, prefill=14.327331",26dae1f99b2b50fb17118f38d8a8e95dfac3357c
Qwen/Qwen3-VL-32B-Instruct,Qwen3VLForConditionalGeneration,b200_sxm,sglang,0.5.14,PASS,,"python python/aisimulate/tools/support_matrix/generate_fpe_support_matrix.py --model ""Qwen/Qwen3-VL-32B-Instruct"" --system ""b200_sxm"" --backend ""sglang"" --backend-version ""0.5.14"" --forward-model op_level --max-workers 8",silicon,40,10,"PASS=16, SDK_UNREPRESENTABLE=24","decode_end=3261.994849, decode_start=12.752516, mixed=16.711751, prefill=14.327331",26dae1f99b2b50fb17118f38d8a8e95dfac3357c
Qwen/Qwen3-VL-32B-Instruct,Qwen3VLForConditionalGeneration,b200_sxm,sglang,0.5.16,PASS,,"python python/aisimulate/tools/support_matrix/generate_fpe_support_matrix.py --model ""Qwen/Qwen3-VL-32B-Instruct"" --system ""b200_sxm"" --backend ""sglang"" --backend-version ""0.5.16"" --forward-model op_level --max-workers 8",silicon,40,10,"PASS=16, SDK_UNREPRESENTABLE=24","decode_end=3261.994849, decode_start=12.752516, mixed=16.711751, prefill=14.327331",26dae1f99b2b50fb17118f38d8a8e95dfac3357c
Qwen/Qwen3-VL-32B-Instruct,Qwen3VLForConditionalGeneration,b200_sxm,sglang,0.5.9,PASS,,"python python/aisimulate/tools/support_matrix/generate_fpe_support_matrix.py --model ""Qwen/Qwen3-VL-32B-Instruct"" --system ""b200_sxm"" --backend ""sglang"" --backend-version ""0.5.9"" --forward-model op_level --max-workers 8",silicon,40,10,"PASS=16, SDK_UNREPRESENTABLE=24","decode_end=3171.704265, decode_start=12.435553, mixed=16.824203, prefill=14.261363",26dae1f99b2b50fb17118f38d8a8e95dfac3357c
Qwen/Qwen3-VL-32B-Instruct,Qwen3VLForConditionalGeneration,b200_sxm,trtllm,1.2.0rc5,PASS,,"python python/aisimulate/tools/support_matrix/generate_fpe_support_matrix.py --model ""Qwen/Qwen3-VL-32B-Instruct"" --system ""b200_sxm"" --backend ""trtllm"" --backend-version ""1.2.0rc5"" --forward-model op_level --max-workers 8",silicon,16,4,PASS=16,"decode_end=3360.536703, decode_start=13.171475, mixed=17.664271, prefill=15.100195",26dae1f99b2b50fb17118f38d8a8e95dfac3357c
Qwen/Qwen3-VL-32B-Instruct,Qwen3VLForConditionalGeneration,b200_sxm,trtllm,1.3.0rc10,PASS,,"python python/aisimulate/tools/support_matrix/generate_fpe_support_matrix.py --model ""Qwen/Qwen3-VL-32B-Instruct"" --system ""b200_sxm"" --backend ""trtllm"" --backend-version ""1.3.0rc10"" --forward-model op_level --max-workers 8",silicon,16,4,PASS=16,"decode_end=3613.675959, decode_start=13.877258, mixed=18.971160, prefill=15.219670",26dae1f99b2b50fb17118f38d8a8e95dfac3357c
Qwen/Qwen3-VL-32B-Instruct,Qwen3VLForConditionalGeneration,b200_sxm,trtllm,1.3.0rc15,PASS,,"python python/aisimulate/tools/support_matrix/generate_fpe_support_matrix.py --model ""Qwen/Qwen3-VL-32B-Instruct"" --system ""b200_sxm"" --backend ""trtllm"" --backend-version ""1.3.0rc15"" --forward-model op_level --max-workers 8",silicon,16,4,PASS=16,"decode_end=3344.771241, decode_start=13.064455, mixed=17.746541, prefill=15.085085",26dae1f99b2b50fb17118f38d8a8e95dfac3357c
Qwen/Qwen3-VL-32B-Instruct,Qwen3VLForConditionalGeneration,b200_sxm,trtllm,1.3.0rc20,PASS,,"python python/aisimulate/tools/support_matrix/generate_fpe_support_matrix.py --model ""Qwen/Qwen3-VL-32B-Instruct"" --system ""b200_sxm"" --backend ""trtllm"" --backend-version ""1.3.0rc20"" --forward-model op_level --max-workers 8",silicon,16,4,PASS=16,"decode_end=3408.278382, decode_start=13.358826, mixed=17.941220, prefill=15.197030",26dae1f99b2b50fb17118f38d8a8e95dfac3357c
Qwen/Qwen3-VL-32B-Instruct,Qwen3VLForConditionalGeneration,b200_sxm,trtllm,1.3.0rc23,PASS,,"python python/aisimulate/tools/support_matrix/generate_fpe_support_matrix.py --model ""Qwen/Qwen3-VL-32B-Instruct"" --system ""b200_sxm"" --backend ""trtllm"" --backend-version ""1.3.0rc23"" --forward-model op_level --max-workers 8",silicon,16,4,PASS=16,"decode_end=3408.278382, decode_start=13.358826, mixed=17.941220, prefill=15.197030",26dae1f99b2b50fb17118f38d8a8e95dfac3357c
Qwen/Qwen3-VL-32B-Instruct,Qwen3VLForConditionalGeneration,b200_sxm,vllm,0.1.dev19262,FAIL,Strict-native op-level FPE probes: PERF_DATA_MISSING=16; raw probes=16; topologies=4; source_sha=26dae1f99b2b50fb17118f38d8a8e95dfac3357c. Representative failure: perf database error: perf database error: no GEMM rows loaded from 1 source(s) (first: <repo>/python/aisimulate/src/aiconfigurator_core/systems/data/b200_sxm/vllm/0.1.dev19262/gemm_perf.parquet),"python python/aisimulate/tools/support_matrix/generate_fpe_support_matrix.py --model ""Qwen/Qwen3-VL-32B-Instruct"" --system ""b200_sxm"" --backend ""vllm"" --backend-version ""0.1.dev19262"" --forward-model op_level --max-workers 8",,16,4,PERF_DATA_MISSING=16,,26dae1f99b2b50fb17118f38d8a8e95dfac3357c
Qwen/Qwen3-VL-32B-Instruct,Qwen3VLForConditionalGeneration,b200_sxm,vllm,0.19.0,PASS,,"python python/aisimulate/tools/support_matrix/generate_fpe_support_matrix.py --model ""Qwen/Qwen3-VL-32B-Instruct"" --system ""b200_sxm"" --backend ""vllm"" --backend-version ""0.19.0"" --forward-model op_level --max-workers 8",silicon,16,4,PASS=16,"decode_end=3175.732358, decode_start=12.395220, mixed=16.425981, prefill=14.044498",26dae1f99b2b50fb17118f38d8a8e95dfac3357c
Qwen/Qwen3-VL-32B-Instruct,Qwen3VLForConditionalGeneration,b200_sxm,vllm,0.22.0,PASS,,"python python/aisimulate/tools/support_matrix/generate_fpe_support_matrix.py --model ""Qwen/Qwen3-VL-32B-Instruct"" --system ""b200_sxm"" --backend ""vllm"" --backend-version ""0.22.0"" --forward-model op_level --max-workers 8",silicon,16,4,PASS=16,"decode_end=3158.661156, decode_start=12.356412, mixed=16.609478, prefill=13.945642",26dae1f99b2b50fb17118f38d8a8e95dfac3357c
Qwen/Qwen3-VL-32B-Instruct,Qwen3VLForConditionalGeneration,b200_sxm,vllm,0.24.0,PASS,,"python python/aisimulate/tools/support_matrix/generate_fpe_support_matrix.py --model ""Qwen/Qwen3-VL-32B-Instruct"" --system ""b200_sxm"" --backend ""vllm"" --backend-version ""0.24.0"" --forward-model op_level --max-workers 8",silicon,16,4,PASS=16,"decode_end=3192.657686, decode_start=12.484554, mixed=16.706016, prefill=14.252668",26dae1f99b2b50fb17118f38d8a8e95dfac3357c
Qwen/Qwen3-VL-32B-Thinking,Qwen3VLForConditionalGeneration,b200_sxm,sglang,0.5.10,PASS,,"python python/aisimulate/tools/support_matrix/generate_fpe_support_matrix.py --model ""Qwen/Qwen3-VL-32B-Thinking"" --system ""b200_sxm"" --backend ""sglang"" --backend-version ""0.5.10"" --forward-model op_level --max-workers 8",silicon,40,10,"PASS=16, SDK_UNREPRESENTABLE=24","decode_end=3250.901319, decode_start=12.748775, mixed=16.759123, prefill=14.200223",26dae1f99b2b50fb17118f38d8a8e95dfac3357c
Qwen/Qwen3-VL-32B-Thinking,Qwen3VLForConditionalGeneration,b200_sxm,sglang,0.5.12,PASS,,"python python/aisimulate/tools/support_matrix/generate_fpe_support_matrix.py --model ""Qwen/Qwen3-VL-32B-Thinking"" --system ""b200_sxm"" --backend ""sglang"" --backend-version ""0.5.12"" --forward-model op_level --max-workers 8",silicon,40,10,"PASS=16, SDK_UNREPRESENTABLE=24","decode_end=3261.994849, decode_start=12.752516, mixed=16.711751, prefill=14.327331",26dae1f99b2b50fb17118f38d8a8e95dfac3357c
Qwen/Qwen3-VL-32B-Thinking,Qwen3VLForConditionalGeneration,b200_sxm,sglang,0.5.14,PASS,,"python python/aisimulate/tools/support_matrix/generate_fpe_support_matrix.py --model ""Qwen/Qwen3-VL-32B-Thinking"" --system ""b200_sxm"" --backend ""sglang"" --backend-version ""0.5.14"" --forward-model op_level --max-workers 8",silicon,40,10,"PASS=16, SDK_UNREPRESENTABLE=24","decode_end=3261.994849, decode_start=12.752516, mixed=16.711751, prefill=14.327331",26dae1f99b2b50fb17118f38d8a8e95dfac3357c
Qwen/Qwen3-VL-32B-Thinking,Qwen3VLForConditionalGeneration,b200_sxm,sglang,0.5.16,PASS,,"python python/aisimulate/tools/support_matrix/generate_fpe_support_matrix.py --model ""Qwen/Qwen3-VL-32B-Thinking"" --system ""b200_sxm"" --backend ""sglang"" --backend-version ""0.5.16"" --forward-model op_level --max-workers 8",silicon,40,10,"PASS=16, SDK_UNREPRESENTABLE=24","decode_end=3261.994849, decode_start=12.752516, mixed=16.711751, prefill=14.327331",26dae1f99b2b50fb17118f38d8a8e95dfac3357c
Qwen/Qwen3-VL-32B-Thinking,Qwen3VLForConditionalGeneration,b200_sxm,sglang,0.5.9,PASS,,"python python/aisimulate/tools/support_matrix/generate_fpe_support_matrix.py --model ""Qwen/Qwen3-VL-32B-Thinking"" --system ""b200_sxm"" --backend ""sglang"" --backend-version ""0.5.9"" --forward-model op_level --max-workers 8",silicon,40,10,"PASS=16, SDK_UNREPRESENTABLE=24","decode_end=3171.704265, decode_start=12.435553, mixed=16.824203, prefill=14.261363",26dae1f99b2b50fb17118f38d8a8e95dfac3357c
Qwen/Qwen3-VL-32B-Thinking,Qwen3VLForConditionalGeneration,b200_sxm,trtllm,1.2.0rc5,PASS,,"python python/aisimulate/tools/support_matrix/generate_fpe_support_matrix.py --model ""Qwen/Qwen3-VL-32B-Thinking"" --system ""b200_sxm"" --backend ""trtllm"" --backend-version ""1.2.0rc5"" --forward-model op_level --max-workers 8",silicon,16,4,PASS=16,"decode_end=3360.536703, decode_start=13.171475, mixed=17.664271, prefill=15.100195",26dae1f99b2b50fb17118f38d8a8e95dfac3357c
Qwen/Qwen3-VL-32B-Thinking,Qwen3VLForConditionalGeneration,b200_sxm,trtllm,1.3.0rc10,PASS,,"python python/aisimulate/tools/support_matrix/generate_fpe_support_matrix.py --model ""Qwen/Qwen3-VL-32B-Thinking"" --system ""b200_sxm"" --backend ""trtllm"" --backend-version ""1.3.0rc10"" --forward-model op_level --max-workers 8",silicon,16,4,PASS=16,"decode_end=3613.675959, decode_start=13.877258, mixed=18.971160, prefill=15.219670",26dae1f99b2b50fb17118f38d8a8e95dfac3357c
Qwen/Qwen3-VL-32B-Thinking,Qwen3VLForConditionalGeneration,b200_sxm,trtllm,1.3.0rc15,PASS,,"python python/aisimulate/tools/support_matrix/generate_fpe_support_matrix.py --model ""Qwen/Qwen3-VL-32B-Thinking"" --system ""b200_sxm"" --backend ""trtllm"" --backend-version ""1.3.0rc15"" --forward-model op_level --max-workers 8",silicon,16,4,PASS=16,"decode_end=3344.771241, decode_start=13.064455, mixed=17.746541, prefill=15.085085",26dae1f99b2b50fb17118f38d8a8e95dfac3357c
Qwen/Qwen3-VL-32B-Thinking,Qwen3VLForConditionalGeneration,b200_sxm,trtllm,1.3.0rc20,PASS,,"python python/aisimulate/tools/support_matrix/generate_fpe_support_matrix.py --model ""Qwen/Qwen3-VL-32B-Thinking"" --system ""b200_sxm"" --backend ""trtllm"" --backend-version ""1.3.0rc20"" --forward-model op_level --max-workers 8",silicon,16,4,PASS=16,"decode_end=3408.278382, decode_start=13.358826, mixed=17.941220, prefill=15.197030",26dae1f99b2b50fb17118f38d8a8e95dfac3357c
Qwen/Qwen3-VL-32B-Thinking,Qwen3VLForConditionalGeneration,b200_sxm,trtllm,1.3.0rc23,PASS,,"python python/aisimulate/tools/support_matrix/generate_fpe_support_matrix.py --model ""Qwen/Qwen3-VL-32B-Thinking"" --system ""b200_sxm"" --backend ""trtllm"" --backend-version ""1.3.0rc23"" --forward-model op_level --max-workers 8",silicon,16,4,PASS=16,"decode_end=3408.278382, decode_start=13.358826, mixed=17.941220, prefill=15.197030",26dae1f99b2b50fb17118f38d8a8e95dfac3357c
Qwen/Qwen3-VL-32B-Thinking,Qwen3VLForConditionalGeneration,b200_sxm,vllm,0.1.dev19262,FAIL,Strict-native op-level FPE probes: PERF_DATA_MISSING=16; raw probes=16; topologies=4; source_sha=26dae1f99b2b50fb17118f38d8a8e95dfac3357c. Representative failure: perf database error: perf database error: no GEMM rows loaded from 1 source(s) (first: <repo>/python/aisimulate/src/aiconfigurator_core/systems/data/b200_sxm/vllm/0.1.dev19262/gemm_perf.parquet),"python python/aisimulate/tools/support_matrix/generate_fpe_support_matrix.py --model ""Qwen/Qwen3-VL-32B-Thinking"" --system ""b200_sxm"" --backend ""vllm"" --backend-version ""0.1.dev19262"" --forward-model op_level --max-workers 8",,16,4,PERF_DATA_MISSING=16,,26dae1f99b2b50fb17118f38d8a8e95dfac3357c
Qwen/Qwen3-VL-32B-Thinking,Qwen3VLForConditionalGeneration,b200_sxm,vllm,0.19.0,PASS,,"python python/aisimulate/tools/support_matrix/generate_fpe_support_matrix.py --model ""Qwen/Qwen3-VL-32B-Thinking"" --system ""b200_sxm"" --backend ""vllm"" --backend-version ""0.19.0"" --forward-model op_level --max-workers 8",silicon,16,4,PASS=16,"decode_end=3175.732358, decode_start=12.395220, mixed=16.425981, prefill=14.044498",26dae1f99b2b50fb17118f38d8a8e95dfac3357c
Qwen/Qwen3-VL-32B-Thinking,Qwen3VLForConditionalGeneration,b200_sxm,vllm,0.22.0,PASS,,"python python/aisimulate/tools/support_matrix/generate_fpe_support_matrix.py --model ""Qwen/Qwen3-VL-32B-Thinking"" --system ""b200_sxm"" --backend ""vllm"" --backend-version ""0.22.0"" --forward-model op_level --max-workers 8",silicon,16,4,PASS=16,"decode_end=3158.661156, decode_start=12.356412, mixed=16.609478, prefill=13.945642",26dae1f99b2b50fb17118f38d8a8e95dfac3357c
Qwen/Qwen3-VL-32B-Thinking,Qwen3VLForConditionalGeneration,b200_sxm,vllm,0.24.0,PASS,,"python python/aisimulate/tools/support_matrix/generate_fpe_support_matrix.py --model ""Qwen/Qwen3-VL-32B-Thinking"" --system ""b200_sxm"" --backend ""vllm"" --backend-version ""0.24.0"" --forward-model op_level --max-workers 8",silicon,16,4,PASS=16,"decode_end=3192.657686, decode_start=12.484554, mixed=16.706016, prefill=14.252668",26dae1f99b2b50fb17118f38d8a8e95dfac3357c
Qwen/Qwen3-VL-4B-Instruct,Qwen3VLForConditionalGeneration,b200_sxm,sglang,0.5.10,PASS,,"python python/aisimulate/tools/support_matrix/generate_fpe_support_matrix.py --model ""Qwen/Qwen3-VL-4B-Instruct"" --system ""b200_sxm"" --backend ""sglang"" --backend-version ""0.5.10"" --forward-model op_level --max-workers 8",silicon,24,6,"PASS=12, SDK_UNREPRESENTABLE=12","decode_end=626.553241, decode_start=2.457048, mixed=3.667637, prefill=3.321099",26dae1f99b2b50fb17118f38d8a8e95dfac3357c
Qwen/Qwen3-VL-4B-Instruct,Qwen3VLForConditionalGeneration,b200_sxm,sglang,0.5.12,PASS,,"python python/aisimulate/tools/support_matrix/generate_fpe_support_matrix.py --model ""Qwen/Qwen3-VL-4B-Instruct"" --system ""b200_sxm"" --backend ""sglang"" --backend-version ""0.5.12"" --forward-model op_level --max-workers 8",silicon,24,6,"PASS=12, SDK_UNREPRESENTABLE=12","decode_end=629.907356, decode_start=2.474842, mixed=3.904431, prefill=3.284439",26dae1f99b2b50fb17118f38d8a8e95dfac3357c
Qwen/Qwen3-VL-4B-Instruct,Qwen3VLForConditionalGeneration,b200_sxm,sglang,0.5.14,PASS,,"python python/aisimulate/tools/support_matrix/generate_fpe_support_matrix.py --model ""Qwen/Qwen3-VL-4B-Instruct"" --system ""b200_sxm"" --backend ""sglang"" --backend-version ""0.5.14"" --forward-model op_level --max-workers 8",silicon,24,6,"PASS=12, SDK_UNREPRESENTABLE=12","decode_end=629.907356, decode_start=2.474842, mixed=3.904431, prefill=3.284439",26dae1f99b2b50fb17118f38d8a8e95dfac3357c
Qwen/Qwen3-VL-4B-Instruct,Qwen3VLForConditionalGeneration,b200_sxm,sglang,0.5.16,PASS,,"python python/aisimulate/tools/support_matrix/generate_fpe_support_matrix.py --model ""Qwen/Qwen3-VL-4B-Instruct"" --system ""b200_sxm"" --backend ""sglang"" --backend-version ""0.5.16"" --forward-model op_level --max-workers 8",silicon,24,6,"PASS=12, SDK_UNREPRESENTABLE=12","decode_end=629.907356, decode_start=2.474842, mixed=3.904431, prefill=3.284439",26dae1f99b2b50fb17118f38d8a8e95dfac3357c
Qwen/Qwen3-VL-4B-Instruct,Qwen3VLForConditionalGeneration,b200_sxm,sglang,0.5.9,PASS,,"python python/aisimulate/tools/support_matrix/generate_fpe_support_matrix.py --model ""Qwen/Qwen3-VL-4B-Instruct"" --system ""b200_sxm"" --backend ""sglang"" --backend-version ""0.5.9"" --forward-model op_level --max-workers 8",silicon,24,6,"PASS=12, SDK_UNREPRESENTABLE=12","decode_end=610.356466, decode_start=2.392594, mixed=3.643313, prefill=3.198589",26dae1f99b2b50fb17118f38d8a8e95dfac3357c
Qwen/Qwen3-VL-4B-Instruct,Qwen3VLForConditionalGeneration,b200_sxm,trtllm,1.2.0rc5,PASS,,"python python/aisimulate/tools/support_matrix/generate_fpe_support_matrix.py --model ""Qwen/Qwen3-VL-4B-Instruct"" --system ""b200_sxm"" --backend ""trtllm"" --backend-version ""1.2.0rc5"" --forward-model op_level --max-workers 8",silicon,12,3,PASS=12,"decode_end=638.491391, decode_start=2.480494, mixed=3.947363, prefill=3.453553",26dae1f99b2b50fb17118f38d8a8e95dfac3357c
Qwen/Qwen3-VL-4B-Instruct,Qwen3VLForConditionalGeneration,b200_sxm,trtllm,1.3.0rc10,PASS,,"python python/aisimulate/tools/support_matrix/generate_fpe_support_matrix.py --model ""Qwen/Qwen3-VL-4B-Instruct"" --system ""b200_sxm"" --backend ""trtllm"" --backend-version ""1.3.0rc10"" --forward-model op_level --max-workers 8",silicon,12,3,PASS=12,"decode_end=710.126996, decode_start=2.704304, mixed=4.269005, prefill=3.433917",26dae1f99b2b50fb17118f38d8a8e95dfac3357c
Qwen/Qwen3-VL-4B-Instruct,Qwen3VLForConditionalGeneration,b200_sxm,trtllm,1.3.0rc15,PASS,,"python python/aisimulate/tools/support_matrix/generate_fpe_support_matrix.py --model ""Qwen/Qwen3-VL-4B-Instruct"" --system ""b200_sxm"" --backend ""trtllm"" --backend-version ""1.3.0rc15"" --forward-model op_level --max-workers 8",silicon,12,3,PASS=12,"decode_end=626.999440, decode_start=2.454756, mixed=3.855975, prefill=3.362192",26dae1f99b2b50fb17118f38d8a8e95dfac3357c
Qwen/Qwen3-VL-4B-Instruct,Qwen3VLForConditionalGeneration,b200_sxm,trtllm,1.3.0rc20,PASS,,"python python/aisimulate/tools/support_matrix/generate_fpe_support_matrix.py --model ""Qwen/Qwen3-VL-4B-Instruct"" --system ""b200_sxm"" --backend ""trtllm"" --backend-version ""1.3.0rc20"" --forward-model op_level --max-workers 8",silicon,12,3,PASS=12,"decode_end=646.259049, decode_start=2.498423, mixed=4.027813, prefill=3.452205",26dae1f99b2b50fb17118f38d8a8e95dfac3357c
Qwen/Qwen3-VL-4B-Instruct,Qwen3VLForConditionalGeneration,b200_sxm,trtllm,1.3.0rc23,PASS,,"python python/aisimulate/tools/support_matrix/generate_fpe_support_matrix.py --model ""Qwen/Qwen3-VL-4B-Instruct"" --system ""b200_sxm"" --backend ""trtllm"" --backend-version ""1.3.0rc23"" --forward-model op_level --max-workers 8",silicon,12,3,PASS=12,"decode_end=646.259049, decode_start=2.498423, mixed=4.027813, prefill=3.452205",26dae1f99b2b50fb17118f38d8a8e95dfac3357c
Qwen/Qwen3-VL-4B-Instruct,Qwen3VLForConditionalGeneration,b200_sxm,vllm,0.1.dev19262,FAIL,Strict-native op-level FPE probes: PERF_DATA_MISSING=12; raw probes=12; topologies=3; source_sha=26dae1f99b2b50fb17118f38d8a8e95dfac3357c. Representative failure: perf database error: perf database error: no GEMM rows loaded from 1 source(s) (first: <repo>/python/aisimulate/src/aiconfigurator_core/systems/data/b200_sxm/vllm/0.1.dev19262/gemm_perf.parquet),"python python/aisimulate/tools/support_matrix/generate_fpe_support_matrix.py --model ""Qwen/Qwen3-VL-4B-Instruct"" --system ""b200_sxm"" --backend ""vllm"" --backend-version ""0.1.dev19262"" --forward-model op_level --max-workers 8",,12,3,PERF_DATA_MISSING=12,,26dae1f99b2b50fb17118f38d8a8e95dfac3357c
Qwen/Qwen3-VL-4B-Instruct,Qwen3VLForConditionalGeneration,b200_sxm,vllm,0.19.0,PASS,,"python python/aisimulate/tools/support_matrix/generate_fpe_support_matrix.py --model ""Qwen/Qwen3-VL-4B-Instruct"" --system ""b200_sxm"" --backend ""vllm"" --backend-version ""0.19.0"" --forward-model op_level --max-workers 8",silicon,12,3,PASS=12,"decode_end=595.406012, decode_start=2.305067, mixed=3.575892, prefill=3.165046",26dae1f99b2b50fb17118f38d8a8e95dfac3357c
Qwen/Qwen3-VL-4B-Instruct,Qwen3VLForConditionalGeneration,b200_sxm,vllm,0.22.0,PASS,,"python python/aisimulate/tools/support_matrix/generate_fpe_support_matrix.py --model ""Qwen/Qwen3-VL-4B-Instruct"" --system ""b200_sxm"" --backend ""vllm"" --backend-version ""0.22.0"" --forward-model op_level --max-workers 8",silicon,12,3,PASS=12,"decode_end=587.494062, decode_start=2.288906, mixed=3.535708, prefill=3.124366",26dae1f99b2b50fb17118f38d8a8e95dfac3357c
Qwen/Qwen3-VL-4B-Instruct,Qwen3VLForConditionalGeneration,b200_sxm,vllm,0.24.0,PASS,,"python python/aisimulate/tools/support_matrix/generate_fpe_support_matrix.py --model ""Qwen/Qwen3-VL-4B-Instruct"" --system ""b200_sxm"" --backend ""vllm"" --backend-version ""0.24.0"" --forward-model op_level --max-workers 8",silicon,12,3,PASS=12,"decode_end=616.132031, decode_start=2.388514, mixed=3.715663, prefill=3.227858",26dae1f99b2b50fb17118f38d8a8e95dfac3357c
Qwen/Qwen3-VL-8B-Instruct,Qwen3VLForConditionalGeneration,b200_sxm,sglang,0.5.10,PASS,,"python python/aisimulate/tools/support_matrix/generate_fpe_support_matrix.py --model ""Qwen/Qwen3-VL-8B-Instruct"" --system ""b200_sxm"" --backend ""sglang"" --backend-version ""0.5.10"" --forward-model op_level --max-workers 8",silicon,24,6,"PASS=12, SDK_UNREPRESENTABLE=12","decode_end=905.476994, decode_start=3.550866, mixed=5.001020, prefill=4.581010",26dae1f99b2b50fb17118f38d8a8e95dfac3357c
Qwen/Qwen3-VL-8B-Instruct,Qwen3VLForConditionalGeneration,b200_sxm,sglang,0.5.12,PASS,,"python python/aisimulate/tools/support_matrix/generate_fpe_support_matrix.py --model ""Qwen/Qwen3-VL-8B-Instruct"" --system ""b200_sxm"" --backend ""sglang"" --backend-version ""0.5.12"" --forward-model op_level --max-workers 8",silicon,24,6,"PASS=12, SDK_UNREPRESENTABLE=12","decode_end=902.024797, decode_start=3.541969, mixed=5.093597, prefill=4.680024",26dae1f99b2b50fb17118f38d8a8e95dfac3357c
Qwen/Qwen3-VL-8B-Instruct,Qwen3VLForConditionalGeneration,b200_sxm,sglang,0.5.14,PASS,,"python python/aisimulate/tools/support_matrix/generate_fpe_support_matrix.py --model ""Qwen/Qwen3-VL-8B-Instruct"" --system ""b200_sxm"" --backend ""sglang"" --backend-version ""0.5.14"" --forward-model op_level --max-workers 8",silicon,24,6,"PASS=12, SDK_UNREPRESENTABLE=12","decode_end=902.024797, decode_start=3.541969, mixed=5.093597, prefill=4.680024",26dae1f99b2b50fb17118f38d8a8e95dfac3357c
Qwen/Qwen3-VL-8B-Instruct,Qwen3VLForConditionalGeneration,b200_sxm,sglang,0.5.16,PASS,,"python python/aisimulate/tools/support_matrix/generate_fpe_support_matrix.py --model ""Qwen/Qwen3-VL-8B-Instruct"" --system ""b200_sxm"" --backend ""sglang"" --backend-version ""0.5.16"" --forward-model op_level --max-workers 8",silicon,24,6,"PASS=12, SDK_UNREPRESENTABLE=12","decode_end=902.024797, decode_start=3.541969, mixed=5.093597, prefill=4.680024",26dae1f99b2b50fb17118f38d8a8e95dfac3357c
Qwen/Qwen3-VL-8B-Instruct,Qwen3VLForConditionalGeneration,b200_sxm,sglang,0.5.9,PASS,,"python python/aisimulate/tools/support_matrix/generate_fpe_support_matrix.py --model ""Qwen/Qwen3-VL-8B-Instruct"" --system ""b200_sxm"" --backend ""sglang"" --backend-version ""0.5.9"" --forward-model op_level --max-workers 8",silicon,24,6,"PASS=12, SDK_UNREPRESENTABLE=12","decode_end=898.485620, decode_start=3.522512, mixed=4.993749, prefill=4.570069",26dae1f99b2b50fb17118f38d8a8e95dfac3357c
Qwen/Qwen3-VL-8B-Instruct,Qwen3VLForConditionalGeneration,b200_sxm,trtllm,1.2.0rc5,PASS,,"python python/aisimulate/tools/support_matrix/generate_fpe_support_matrix.py --model ""Qwen/Qwen3-VL-8B-Instruct"" --system ""b200_sxm"" --backend ""trtllm"" --backend-version ""1.2.0rc5"" --forward-model op_level --max-workers 8",silicon,12,3,PASS=12,"decode_end=947.620455, decode_start=3.692765, mixed=5.447639, prefill=4.844111",26dae1f99b2b50fb17118f38d8a8e95dfac3357c
Qwen/Qwen3-VL-8B-Instruct,Qwen3VLForConditionalGeneration,b200_sxm,trtllm,1.3.0rc10,PASS,,"python python/aisimulate/tools/support_matrix/generate_fpe_support_matrix.py --model ""Qwen/Qwen3-VL-8B-Instruct"" --system ""b200_sxm"" --backend ""trtllm"" --backend-version ""1.3.0rc10"" --forward-model op_level --max-workers 8",silicon,12,3,PASS=12,"decode_end=1015.332044, decode_start=3.901186, mixed=5.731203, prefill=4.780434",26dae1f99b2b50fb17118f38d8a8e95dfac3357c
Qwen/Qwen3-VL-8B-Instruct,Qwen3VLForConditionalGeneration,b200_sxm,trtllm,1.3.0rc15,PASS,,"python python/aisimulate/tools/support_matrix/generate_fpe_support_matrix.py --model ""Qwen/Qwen3-VL-8B-Instruct"" --system ""b200_sxm"" --backend ""trtllm"" --backend-version ""1.3.0rc15"" --forward-model op_level --max-workers 8",silicon,12,3,PASS=12,"decode_end=931.159390, decode_start=3.647540, mixed=5.323670, prefill=4.714326",26dae1f99b2b50fb17118f38d8a8e95dfac3357c
Qwen/Qwen3-VL-8B-Instruct,Qwen3VLForConditionalGeneration,b200_sxm,trtllm,1.3.0rc20,PASS,,"python python/aisimulate/tools/support_matrix/generate_fpe_support_matrix.py --model ""Qwen/Qwen3-VL-8B-Instruct"" --system ""b200_sxm"" --backend ""trtllm"" --backend-version ""1.3.0rc20"" --forward-model op_level --max-workers 8",silicon,12,3,PASS=12,"decode_end=962.433617, decode_start=3.738323, mixed=5.483211, prefill=4.797784",26dae1f99b2b50fb17118f38d8a8e95dfac3357c
Qwen/Qwen3-VL-8B-Instruct,Qwen3VLForConditionalGeneration,b200_sxm,trtllm,1.3.0rc23,PASS,,"python python/aisimulate/tools/support_matrix/generate_fpe_support_matrix.py --model ""Qwen/Qwen3-VL-8B-Instruct"" --system ""b200_sxm"" --backend ""trtllm"" --backend-version ""1.3.0rc23"" --forward-model op_level --max-workers 8",silicon,12,3,PASS=12,"decode_end=962.433617, decode_start=3.738323, mixed=5.483211, prefill=4.797784",26dae1f99b2b50fb17118f38d8a8e95dfac3357c
Qwen/Qwen3-VL-8B-Instruct,Qwen3VLForConditionalGeneration,b200_sxm,vllm,0.1.dev19262,FAIL,Strict-native op-level FPE probes: PERF_DATA_MISSING=12; raw probes=12; topologies=3; source_sha=26dae1f99b2b50fb17118f38d8a8e95dfac3357c. Representative failure: perf database error: perf database error: no GEMM rows loaded from 1 source(s) (first: <repo>/python/aisimulate/src/aiconfigurator_core/systems/data/b200_sxm/vllm/0.1.dev19262/gemm_perf.parquet),"python python/aisimulate/tools/support_matrix/generate_fpe_support_matrix.py --model ""Qwen/Qwen3-VL-8B-Instruct"" --system ""b200_sxm"" --backend ""vllm"" --backend-version ""0.1.dev19262"" --forward-model op_level --max-workers 8",,12,3,PERF_DATA_MISSING=12,,26dae1f99b2b50fb17118f38d8a8e95dfac3357c
Qwen/Qwen3-VL-8B-Instruct,Qwen3VLForConditionalGeneration,b200_sxm,vllm,0.19.0,PASS,,"python python/aisimulate/tools/support_matrix/generate_fpe_support_matrix.py --model ""Qwen/Qwen3-VL-8B-Instruct"" --system ""b200_sxm"" --backend ""vllm"" --backend-version ""0.19.0"" --forward-model op_level --max-workers 8",silicon,12,3,PASS=12,"decode_end=878.561577, decode_start=3.415481, mixed=4.966315, prefill=4.435308",26dae1f99b2b50fb17118f38d8a8e95dfac3357c
Qwen/Qwen3-VL-8B-Instruct,Qwen3VLForConditionalGeneration,b200_sxm,vllm,0.22.0,PASS,,"python python/aisimulate/tools/support_matrix/generate_fpe_support_matrix.py --model ""Qwen/Qwen3-VL-8B-Instruct"" --system ""b200_sxm"" --backend ""vllm"" --backend-version ""0.22.0"" --forward-model op_level --max-workers 8",silicon,12,3,PASS=12,"decode_end=864.398702, decode_start=3.374806, mixed=4.925605, prefill=4.405153",26dae1f99b2b50fb17118f38d8a8e95dfac3357c
Qwen/Qwen3-VL-8B-Instruct,Qwen3VLForConditionalGeneration,b200_sxm,vllm,0.24.0,PASS,,"python python/aisimulate/tools/support_matrix/generate_fpe_support_matrix.py --model ""Qwen/Qwen3-VL-8B-Instruct"" --system ""b200_sxm"" --backend ""vllm"" --backend-version ""0.24.0"" --forward-model op_level --max-workers 8",silicon,12,3,PASS=12,"decode_end=887.817820, decode_start=3.453949, mixed=5.060546, prefill=4.490267",26dae1f99b2b50fb17118f38d8a8e95dfac3357c
Qwen/Qwen3.5-27B,Qwen3_5ForConditionalGeneration,b200_sxm,sglang,0.5.10,PASS,,"python python/aisimulate/tools/support_matrix/generate_fpe_support_matrix.py --model ""Qwen/Qwen3.5-27B"" --system ""b200_sxm"" --backend ""sglang"" --backend-version ""0.5.10"" --forward-model op_level --max-workers 8",silicon,16,4,PASS=16,"decode_end=2719.958320, decode_start=10.670448, mixed=14.725742, prefill=13.339203",26dae1f99b2b50fb17118f38d8a8e95dfac3357c
Qwen/Qwen3.5-27B,Qwen3_5ForConditionalGeneration,b200_sxm,sglang,0.5.12,PASS,,"python python/aisimulate/tools/support_matrix/generate_fpe_support_matrix.py --model ""Qwen/Qwen3.5-27B"" --system ""b200_sxm"" --backend ""sglang"" --backend-version ""0.5.12"" --forward-model op_level --max-workers 8",silicon,16,4,PASS=16,"decode_end=2703.657835, decode_start=10.587346, mixed=15.339697, prefill=14.114817",26dae1f99b2b50fb17118f38d8a8e95dfac3357c
Qwen/Qwen3.5-27B,Qwen3_5ForConditionalGeneration,b200_sxm,sglang,0.5.14,PASS,,"python python/aisimulate/tools/support_matrix/generate_fpe_support_matrix.py --model ""Qwen/Qwen3.5-27B"" --system ""b200_sxm"" --backend ""sglang"" --backend-version ""0.5.14"" --forward-model op_level --max-workers 8",silicon,16,4,PASS=16,"decode_end=2703.657835, decode_start=10.587346, mixed=15.339697, prefill=14.114817",26dae1f99b2b50fb17118f38d8a8e95dfac3357c
Qwen/Qwen3.5-27B,Qwen3_5ForConditionalGeneration,b200_sxm,sglang,0.5.16,PASS,,"python python/aisimulate/tools/support_matrix/generate_fpe_support_matrix.py --model ""Qwen/Qwen3.5-27B"" --system ""b200_sxm"" --backend ""sglang"" --backend-version ""0.5.16"" --forward-model op_level --max-workers 8",silicon,16,4,PASS=16,"decode_end=2703.657835, decode_start=10.587346, mixed=15.339697, prefill=14.114817",26dae1f99b2b50fb17118f38d8a8e95dfac3357c
Qwen/Qwen3.5-27B,Qwen3_5ForConditionalGeneration,b200_sxm,sglang,0.5.9,PASS,,"python python/aisimulate/tools/support_matrix/generate_fpe_support_matrix.py --model ""Qwen/Qwen3.5-27B"" --system ""b200_sxm"" --backend ""sglang"" --backend-version ""0.5.9"" --forward-model op_level --max-workers 8",silicon,16,4,PASS=16,"decode_end=2689.297024, decode_start=10.542687, mixed=14.991061, prefill=13.384394",26dae1f99b2b50fb17118f38d8a8e95dfac3357c
Qwen/Qwen3.5-27B,Qwen3_5ForConditionalGeneration,b200_sxm,trtllm,1.2.0rc5,FAIL,"Strict-native op-level FPE probes: PERF_DATA_MISSING=16; raw probes=16; topologies=4; source_sha=26dae1f99b2b50fb17118f38d8a8e95dfac3357c. Representative failure: perf database error: context attention data missing for ContextKey { fmha_quant: ""bfloat16"", kv_quant: ""bfloat16"", n_kv_lookup: 1, head_size: 256, window_size: 0 } at <repo>/python/aisimulate/src/aiconfigurator_core/systems/data/b200_sxm/trtllm/1.2.0rc5","python python/aisimulate/tools/support_matrix/generate_fpe_support_matrix.py --model ""Qwen/Qwen3.5-27B"" --system ""b200_sxm"" --backend ""trtllm"" --backend-version ""1.2.0rc5"" --forward-model op_level --max-workers 8",,16,4,PERF_DATA_MISSING=16,,26dae1f99b2b50fb17118f38d8a8e95dfac3357c
Qwen/Qwen3.5-27B,Qwen3_5ForConditionalGeneration,b200_sxm,trtllm,1.3.0rc10,PASS,,"python python/aisimulate/tools/support_matrix/generate_fpe_support_matrix.py --model ""Qwen/Qwen3.5-27B"" --system ""b200_sxm"" --backend ""trtllm"" --backend-version ""1.3.0rc10"" --forward-model op_level --max-workers 8",silicon,16,4,PASS=16,"decode_end=2932.767012, decode_start=11.441239, mixed=15.495408, prefill=13.916643",26dae1f99b2b50fb17118f38d8a8e95dfac3357c
Qwen/Qwen3.5-27B,Qwen3_5ForConditionalGeneration,b200_sxm,trtllm,1.3.0rc15,PASS,,"python python/aisimulate/tools/support_matrix/generate_fpe_support_matrix.py --model ""Qwen/Qwen3.5-27B"" --system ""b200_sxm"" --backend ""trtllm"" --backend-version ""1.3.0rc15"" --forward-model op_level --max-workers 8",silicon,16,4,PASS=16,"decode_end=2847.240354, decode_start=11.163181, mixed=14.952127, prefill=13.666063",26dae1f99b2b50fb17118f38d8a8e95dfac3357c
Qwen/Qwen3.5-27B,Qwen3_5ForConditionalGeneration,b200_sxm,trtllm,1.3.0rc20,PASS,,"python python/aisimulate/tools/support_matrix/generate_fpe_support_matrix.py --model ""Qwen/Qwen3.5-27B"" --system ""b200_sxm"" --backend ""trtllm"" --backend-version ""1.3.0rc20"" --forward-model op_level --max-workers 8",silicon,16,4,PASS=16,"decode_end=2791.765565, decode_start=10.937069, mixed=15.098797, prefill=13.909019",26dae1f99b2b50fb17118f38d8a8e95dfac3357c
Qwen/Qwen3.5-27B,Qwen3_5ForConditionalGeneration,b200_sxm,trtllm,1.3.0rc23,PASS,,"python python/aisimulate/tools/support_matrix/generate_fpe_support_matrix.py --model ""Qwen/Qwen3.5-27B"" --system ""b200_sxm"" --backend ""trtllm"" --backend-version ""1.3.0rc23"" --forward-model op_level --max-workers 8",silicon,16,4,PASS=16,"decode_end=2791.765565, decode_start=10.937069, mixed=15.098797, prefill=13.909019",26dae1f99b2b50fb17118f38d8a8e95dfac3357c
Qwen/Qwen3.5-27B,Qwen3_5ForConditionalGeneration,b200_sxm,vllm,0.1.dev19262,FAIL,Strict-native op-level FPE probes: PERF_DATA_MISSING=16; raw probes=16; topologies=4; source_sha=26dae1f99b2b50fb17118f38d8a8e95dfac3357c. Representative failure: perf database error: perf database error: no GEMM rows loaded from 1 source(s) (first: <repo>/python/aisimulate/src/aiconfigurator_core/systems/data/b200_sxm/vllm/0.1.dev19262/gemm_perf.parquet),"python python/aisimulate/tools/support_matrix/generate_fpe_support_matrix.py --model ""Qwen/Qwen3.5-27B"" --system ""b200_sxm"" --backend ""vllm"" --backend-version ""0.1.dev19262"" --forward-model op_level --max-workers 8",,16,4,PERF_DATA_MISSING=16,,26dae1f99b2b50fb17118f38d8a8e95dfac3357c
Qwen/Qwen3.5-27B,Qwen3_5ForConditionalGeneration,b200_sxm,vllm,0.19.0,PASS,,"python python/aisimulate/tools/support_matrix/generate_fpe_support_matrix.py --model ""Qwen/Qwen3.5-27B"" --system ""b200_sxm"" --backend ""vllm"" --backend-version ""0.19.0"" --forward-model op_level --max-workers 8",silicon,16,4,PASS=16,"decode_end=2700.275265, decode_start=10.582650, mixed=15.125801, prefill=13.843660",26dae1f99b2b50fb17118f38d8a8e95dfac3357c
Qwen/Qwen3.5-27B,Qwen3_5ForConditionalGeneration,b200_sxm,vllm,0.22.0,PASS,,"python python/aisimulate/tools/support_matrix/generate_fpe_support_matrix.py --model ""Qwen/Qwen3.5-27B"" --system ""b200_sxm"" --backend ""vllm"" --backend-version ""0.22.0"" --forward-model op_level --max-workers 8",silicon,16,4,PASS=16,"decode_end=2677.418370, decode_start=10.499600, mixed=25.544356, prefill=24.113026",26dae1f99b2b50fb17118f38d8a8e95dfac3357c
Qwen/Qwen3.5-27B,Qwen3_5ForConditionalGeneration,b200_sxm,vllm,0.24.0,PASS,,"python python/aisimulate/tools/support_matrix/generate_fpe_support_matrix.py --model ""Qwen/Qwen3.5-27B"" --system ""b200_sxm"" --backend ""vllm"" --backend-version ""0.24.0"" --forward-model op_level --max-workers 8",silicon,16,4,PASS=16,"decode_end=2660.538194, decode_start=10.420310, mixed=14.013311, prefill=12.778452",26dae1f99b2b50fb17118f38d8a8e95dfac3357c
Qwen/Qwen3.5-35B-A3B,Qwen3_5MoeForConditionalGeneration,b200_sxm,sglang,0.5.10,FAIL,"Strict-native op-level FPE probes: PASS=10, PERF_DATA_MISSING=210; raw probes=220; topologies=55; source_sha=26dae1f99b2b50fb17118f38d8a8e95dfac3357c. Representative failure: perf database error: MoE data missing for MoeKey { quant: ""bfloat16"", distribution: ""power_law_1.2"", topk: 8, num_experts: 256, hidden_size: 2048, inter_size: 512, moe_tp_size: 1, moe_ep_size: 16 } at <repo>/python/aisimulate/src/aiconfigurator_core/systems/data/b200_sxm/sglang/0.5.10","python python/aisimulate/tools/support_matrix/generate_fpe_support_matrix.py --model ""Qwen/Qwen3.5-35B-A3B"" --system ""b200_sxm"" --backend ""sglang"" --backend-version ""0.5.10"" --forward-model op_level --max-workers 8",,220,55,"PASS=10, PERF_DATA_MISSING=210",,26dae1f99b2b50fb17118f38d8a8e95dfac3357c
Qwen/Qwen3.5-35B-A3B,Qwen3_5MoeForConditionalGeneration,b200_sxm,sglang,0.5.12,PASS,,"python python/aisimulate/tools/support_matrix/generate_fpe_support_matrix.py --model ""Qwen/Qwen3.5-35B-A3B"" --system ""b200_sxm"" --backend ""sglang"" --backend-version ""0.5.12"" --forward-model op_level --max-workers 8",silicon,220,55,PASS=220,"decode_end=1212.640772, decode_start=4.738825, mixed=12.596105, prefill=12.501486",26dae1f99b2b50fb17118f38d8a8e95dfac3357c
Qwen/Qwen3.5-35B-A3B,Qwen3_5MoeForConditionalGeneration,b200_sxm,sglang,0.5.14,PASS,,"python python/aisimulate/tools/support_matrix/generate_fpe_support_matrix.py --model ""Qwen/Qwen3.5-35B-A3B"" --system ""b200_sxm"" --backend ""sglang"" --backend-version ""0.5.14"" --forward-model op_level --max-workers 8",silicon,220,55,PASS=220,"decode_end=1212.640772, decode_start=4.738825, mixed=12.596105, prefill=12.501486",26dae1f99b2b50fb17118f38d8a8e95dfac3357c
Qwen/Qwen3.5-35B-A3B,Qwen3_5MoeForConditionalGeneration,b200_sxm,sglang,0.5.16,PASS,,"python python/aisimulate/tools/support_matrix/generate_fpe_support_matrix.py --model ""Qwen/Qwen3.5-35B-A3B"" --system ""b200_sxm"" --backend ""sglang"" --backend-version ""0.5.16"" --forward-model op_level --max-workers 8",silicon,220,55,PASS=220,"decode_end=1212.640772, decode_start=4.738825, mixed=12.596105, prefill=12.501486",26dae1f99b2b50fb17118f38d8a8e95dfac3357c
Qwen/Qwen3.5-35B-A3B,Qwen3_5MoeForConditionalGeneration,b200_sxm,sglang,0.5.9,FAIL,"Strict-native op-level FPE probes: PERF_DATA_MISSING=220; raw probes=220; topologies=55; source_sha=26dae1f99b2b50fb17118f38d8a8e95dfac3357c. Representative failure: perf database error: MoE data missing for MoeKey { quant: ""bfloat16"", distribution: ""power_law_1.2"", topk: 8, num_experts: 256, hidden_size: 2048, inter_size: 512, moe_tp_size: 1, moe_ep_size: 1 } at <repo>/python/aisimulate/src/aiconfigurator_core/systems/data/b200_sxm/sglang/0.5.9","python python/aisimulate/tools/support_matrix/generate_fpe_support_matrix.py --model ""Qwen/Qwen3.5-35B-A3B"" --system ""b200_sxm"" --backend ""sglang"" --backend-version ""0.5.9"" --forward-model op_level --max-workers 8",,220,55,PERF_DATA_MISSING=220,,26dae1f99b2b50fb17118f38d8a8e95dfac3357c
Qwen/Qwen3.5-35B-A3B,Qwen3_5MoeForConditionalGeneration,b200_sxm,trtllm,1.2.0rc5,FAIL,"Strict-native op-level FPE probes: PERF_DATA_MISSING=116; raw probes=116; topologies=29; source_sha=26dae1f99b2b50fb17118f38d8a8e95dfac3357c. Representative failure: perf database error: MoE data missing for MoeKey { quant: ""bfloat16"", distribution: ""power_law_1.2"", topk: 8, num_experts: 256, hidden_size: 2048, inter_size: 512, moe_tp_size: 1, moe_ep_size: 1 } at <repo>/python/aisimulate/src/aiconfigurator_core/systems/data/b200_sxm/trtllm/1.2.0rc5","python python/aisimulate/tools/support_matrix/generate_fpe_support_matrix.py --model ""Qwen/Qwen3.5-35B-A3B"" --system ""b200_sxm"" --backend ""trtllm"" --backend-version ""1.2.0rc5"" --forward-model op_level --max-workers 8",,116,29,PERF_DATA_MISSING=116,,26dae1f99b2b50fb17118f38d8a8e95dfac3357c
Qwen/Qwen3.5-35B-A3B,Qwen3_5MoeForConditionalGeneration,b200_sxm,trtllm,1.3.0rc10,PASS,,"python python/aisimulate/tools/support_matrix/generate_fpe_support_matrix.py --model ""Qwen/Qwen3.5-35B-A3B"" --system ""b200_sxm"" --backend ""trtllm"" --backend-version ""1.3.0rc10"" --forward-model op_level --max-workers 8",silicon,116,29,"PASS=76, PERF_DATA_MISSING=40","decode_end=1753.108562, decode_start=6.849162, mixed=14.148352, prefill=13.729033",26dae1f99b2b50fb17118f38d8a8e95dfac3357c
Qwen/Qwen3.5-35B-A3B,Qwen3_5MoeForConditionalGeneration,b200_sxm,trtllm,1.3.0rc15,PASS,,"python python/aisimulate/tools/support_matrix/generate_fpe_support_matrix.py --model ""Qwen/Qwen3.5-35B-A3B"" --system ""b200_sxm"" --backend ""trtllm"" --backend-version ""1.3.0rc15"" --forward-model op_level --max-workers 8",silicon,116,29,"PASS=76, PERF_DATA_MISSING=40","decode_end=1893.986676, decode_start=7.427342, mixed=15.332464, prefill=15.012054",26dae1f99b2b50fb17118f38d8a8e95dfac3357c
Qwen/Qwen3.5-35B-A3B,Qwen3_5MoeForConditionalGeneration,b200_sxm,trtllm,1.3.0rc20,PASS,,"python python/aisimulate/tools/support_matrix/generate_fpe_support_matrix.py --model ""Qwen/Qwen3.5-35B-A3B"" --system ""b200_sxm"" --backend ""trtllm"" --backend-version ""1.3.0rc20"" --forward-model op_level --max-workers 8",silicon,116,29,PASS=116,"decode_end=1552.851457, decode_start=6.081842, mixed=13.279577, prefill=12.993995",26dae1f99b2b50fb17118f38d8a8e95dfac3357c
Qwen/Qwen3.5-35B-A3B,Qwen3_5MoeForConditionalGeneration,b200_sxm,trtllm,1.3.0rc23,PASS,,"python python/aisimulate/tools/support_matrix/generate_fpe_support_matrix.py --model ""Qwen/Qwen3.5-35B-A3B"" --system ""b200_sxm"" --backend ""trtllm"" --backend-version ""1.3.0rc23"" --forward-model op_level --max-workers 8",silicon,116,29,PASS=116,"decode_end=1552.851457, decode_start=6.081842, mixed=13.279577, prefill=12.993995",26dae1f99b2b50fb17118f38d8a8e95dfac3357c
Qwen/Qwen3.5-35B-A3B,Qwen3_5MoeForConditionalGeneration,b200_sxm,vllm,0.1.dev19262,FAIL,Strict-native op-level FPE probes: PERF_DATA_MISSING=116; raw probes=116; topologies=29; source_sha=26dae1f99b2b50fb17118f38d8a8e95dfac3357c. Representative failure: perf database error: perf database error: no GEMM rows loaded from 1 source(s) (first: <repo>/python/aisimulate/src/aiconfigurator_core/systems/data/b200_sxm/vllm/0.1.dev19262/gemm_perf.parquet),"python python/aisimulate/tools/support_matrix/generate_fpe_support_matrix.py --model ""Qwen/Qwen3.5-35B-A3B"" --system ""b200_sxm"" --backend ""vllm"" --backend-version ""0.1.dev19262"" --forward-model op_level --max-workers 8",,116,29,PERF_DATA_MISSING=116,,26dae1f99b2b50fb17118f38d8a8e95dfac3357c
Qwen/Qwen3.5-35B-A3B,Qwen3_5MoeForConditionalGeneration,b200_sxm,vllm,0.19.0,PASS,,"python python/aisimulate/tools/support_matrix/generate_fpe_support_matrix.py --model ""Qwen/Qwen3.5-35B-A3B"" --system ""b200_sxm"" --backend ""vllm"" --backend-version ""0.19.0"" --forward-model op_level --max-workers 8",silicon,116,29,"PASS=76, PERF_DATA_MISSING=40","decode_end=1150.570579, decode_start=4.504073, mixed=14.261445, prefill=14.066823",26dae1f99b2b50fb17118f38d8a8e95dfac3357c
Qwen/Qwen3.5-35B-A3B,Qwen3_5MoeForConditionalGeneration,b200_sxm,vllm,0.22.0,PASS,,"python python/aisimulate/tools/support_matrix/generate_fpe_support_matrix.py --model ""Qwen/Qwen3.5-35B-A3B"" --system ""b200_sxm"" --backend ""vllm"" --backend-version ""0.22.0"" --forward-model op_level --max-workers 8",silicon,116,29,PASS=116,"decode_end=1402.383822, decode_start=5.499338, mixed=20.691272, prefill=20.555566",26dae1f99b2b50fb17118f38d8a8e95dfac3357c
Qwen/Qwen3.5-35B-A3B,Qwen3_5MoeForConditionalGeneration,b200_sxm,vllm,0.24.0,PASS,,"python python/aisimulate/tools/support_matrix/generate_fpe_support_matrix.py --model ""Qwen/Qwen3.5-35B-A3B"" --system ""b200_sxm"" --backend ""vllm"" --backend-version ""0.24.0"" --forward-model op_level --max-workers 8",silicon,116,29,PASS=116,"decode_end=1196.883753, decode_start=4.693241, mixed=11.906969, prefill=11.689093",26dae1f99b2b50fb17118f38d8a8e95dfac3357c
Qwen/Qwen3.5-397B-A17B,Qwen3_5MoeForConditionalGeneration,b200_sxm,sglang,0.5.10,PASS,,"python python/aisimulate/tools/support_matrix/generate_fpe_support_matrix.py --model ""Qwen/Qwen3.5-397B-A17B"" --system ""b200_sxm"" --backend ""sglang"" --backend-version ""0.5.10"" --forward-model op_level --max-workers 8",silicon,220,55,PASS=220,"decode_end=6783.083510, decode_start=26.600952, mixed=105.411948, prefill=104.200970",26dae1f99b2b50fb17118f38d8a8e95dfac3357c
Qwen/Qwen3.5-397B-A17B,Qwen3_5MoeForConditionalGeneration,b200_sxm,sglang,0.5.12,PASS,,"python python/aisimulate/tools/support_matrix/generate_fpe_support_matrix.py --model ""Qwen/Qwen3.5-397B-A17B"" --system ""b200_sxm"" --backend ""sglang"" --backend-version ""0.5.12"" --forward-model op_level --max-workers 8",silicon,220,55,PASS=220,"decode_end=5725.948352, decode_start=22.440352, mixed=86.566609, prefill=85.862279",26dae1f99b2b50fb17118f38d8a8e95dfac3357c
Qwen/Qwen3.5-397B-A17B,Qwen3_5MoeForConditionalGeneration,b200_sxm,sglang,0.5.14,PASS,,"python python/aisimulate/tools/support_matrix/generate_fpe_support_matrix.py --model ""Qwen/Qwen3.5-397B-A17B"" --system ""b200_sxm"" --backend ""sglang"" --backend-version ""0.5.14"" --forward-model op_level --max-workers 8",silicon,220,55,PASS=220,"decode_end=5725.948352, decode_start=22.440352, mixed=86.566609, prefill=85.862279",26dae1f99b2b50fb17118f38d8a8e95dfac3357c
Qwen/Qwen3.5-397B-A17B,Qwen3_5MoeForConditionalGeneration,b200_sxm,sglang,0.5.16,PASS,,"python python/aisimulate/tools/support_matrix/generate_fpe_support_matrix.py --model ""Qwen/Qwen3.5-397B-A17B"" --system ""b200_sxm"" --backend ""sglang"" --backend-version ""0.5.16"" --forward-model op_level --max-workers 8",silicon,220,55,PASS=220,"decode_end=5725.948352, decode_start=22.440352, mixed=86.566609, prefill=85.862279",26dae1f99b2b50fb17118f38d8a8e95dfac3357c
Qwen/Qwen3.5-397B-A17B,Qwen3_5MoeForConditionalGeneration,b200_sxm,sglang,0.5.9,FAIL,"Strict-native op-level FPE probes: PERF_DATA_MISSING=220; raw probes=220; topologies=55; source_sha=26dae1f99b2b50fb17118f38d8a8e95dfac3357c. Representative failure: perf database error: MoE data missing for MoeKey { quant: ""bfloat16"", distribution: ""power_law_1.2"", topk: 10, num_experts: 512, hidden_size: 4096, inter_size: 1024, moe_tp_size: 1, moe_ep_size: 1 } at <repo>/python/aisimulate/src/aiconfigurator_core/systems/data/b200_sxm/sglang/0.5.9","python python/aisimulate/tools/support_matrix/generate_fpe_support_matrix.py --model ""Qwen/Qwen3.5-397B-A17B"" --system ""b200_sxm"" --backend ""sglang"" --backend-version ""0.5.9"" --forward-model op_level --max-workers 8",,220,55,PERF_DATA_MISSING=220,,26dae1f99b2b50fb17118f38d8a8e95dfac3357c
Qwen/Qwen3.5-397B-A17B,Qwen3_5MoeForConditionalGeneration,b200_sxm,trtllm,1.2.0rc5,FAIL,"Strict-native op-level FPE probes: PERF_DATA_MISSING=116; raw probes=116; topologies=29; source_sha=26dae1f99b2b50fb17118f38d8a8e95dfac3357c. Representative failure: perf database error: MoE data missing for MoeKey { quant: ""bfloat16"", distribution: ""power_law_1.2"", topk: 10, num_experts: 512, hidden_size: 4096, inter_size: 1024, moe_tp_size: 1, moe_ep_size: 1 } at <repo>/python/aisimulate/src/aiconfigurator_core/systems/data/b200_sxm/trtllm/1.2.0rc5","python python/aisimulate/tools/support_matrix/generate_fpe_support_matrix.py --model ""Qwen/Qwen3.5-397B-A17B"" --system ""b200_sxm"" --backend ""trtllm"" --backend-version ""1.2.0rc5"" --forward-model op_level --max-workers 8",,116,29,PERF_DATA_MISSING=116,,26dae1f99b2b50fb17118f38d8a8e95dfac3357c
Qwen/Qwen3.5-397B-A17B,Qwen3_5MoeForConditionalGeneration,b200_sxm,trtllm,1.3.0rc10,PASS,,"python python/aisimulate/tools/support_matrix/generate_fpe_support_matrix.py --model ""Qwen/Qwen3.5-397B-A17B"" --system ""b200_sxm"" --backend ""trtllm"" --backend-version ""1.3.0rc10"" --forward-model op_level --max-workers 8",silicon,116,29,PASS=116,"decode_end=6769.839828, decode_start=26.479141, mixed=90.913242, prefill=89.156778",26dae1f99b2b50fb17118f38d8a8e95dfac3357c
Qwen/Qwen3.5-397B-A17B,Qwen3_5MoeForConditionalGeneration,b200_sxm,trtllm,1.3.0rc15,PASS,,"python python/aisimulate/tools/support_matrix/generate_fpe_support_matrix.py --model ""Qwen/Qwen3.5-397B-A17B"" --system ""b200_sxm"" --backend ""trtllm"" --backend-version ""1.3.0rc15"" --forward-model op_level --max-workers 8",silicon,116,29,PASS=116,"decode_end=6668.588863, decode_start=26.148273, mixed=90.426507, prefill=88.902648",26dae1f99b2b50fb17118f38d8a8e95dfac3357c
Qwen/Qwen3.5-397B-A17B,Qwen3_5MoeForConditionalGeneration,b200_sxm,trtllm,1.3.0rc20,PASS,,"python python/aisimulate/tools/support_matrix/generate_fpe_support_matrix.py --model ""Qwen/Qwen3.5-397B-A17B"" --system ""b200_sxm"" --backend ""trtllm"" --backend-version ""1.3.0rc20"" --forward-model op_level --max-workers 8",silicon,116,29,PASS=116,"decode_end=6412.963847, decode_start=25.143877, mixed=89.002942, prefill=87.708985",26dae1f99b2b50fb17118f38d8a8e95dfac3357c
Qwen/Qwen3.5-397B-A17B,Qwen3_5MoeForConditionalGeneration,b200_sxm,trtllm,1.3.0rc23,PASS,,"python python/aisimulate/tools/support_matrix/generate_fpe_support_matrix.py --model ""Qwen/Qwen3.5-397B-A17B"" --system ""b200_sxm"" --backend ""trtllm"" --backend-version ""1.3.0rc23"" --forward-model op_level --max-workers 8",silicon,116,29,PASS=116,"decode_end=6412.963847, decode_start=25.143877, mixed=89.002942, prefill=87.708985",26dae1f99b2b50fb17118f38d8a8e95dfac3357c
Qwen/Qwen3.5-397B-A17B,Qwen3_5MoeForConditionalGeneration,b200_sxm,vllm,0.1.dev19262,FAIL,Strict-native op-level FPE probes: PERF_DATA_MISSING=116; raw probes=116; topologies=29; source_sha=26dae1f99b2b50fb17118f38d8a8e95dfac3357c. Representative failure: perf database error: perf database error: no GEMM rows loaded from 1 source(s) (first: <repo>/python/aisimulate/src/aiconfigurator_core/systems/data/b200_sxm/vllm/0.1.dev19262/gemm_perf.parquet),"python python/aisimulate/tools/support_matrix/generate_fpe_support_matrix.py --model ""Qwen/Qwen3.5-397B-A17B"" --system ""b200_sxm"" --backend ""vllm"" --backend-version ""0.1.dev19262"" --forward-model op_level --max-workers 8",,116,29,PERF_DATA_MISSING=116,,26dae1f99b2b50fb17118f38d8a8e95dfac3357c
Qwen/Qwen3.5-397B-A17B,Qwen3_5MoeForConditionalGeneration,b200_sxm,vllm,0.19.0,PASS,,"python python/aisimulate/tools/support_matrix/generate_fpe_support_matrix.py --model ""Qwen/Qwen3.5-397B-A17B"" --system ""b200_sxm"" --backend ""vllm"" --backend-version ""0.19.0"" --forward-model op_level --max-workers 8",silicon,116,29,PASS=116,"decode_end=6145.969497, decode_start=24.090460, mixed=98.360841, prefill=97.376783",26dae1f99b2b50fb17118f38d8a8e95dfac3357c
Qwen/Qwen3.5-397B-A17B,Qwen3_5MoeForConditionalGeneration,b200_sxm,vllm,0.22.0,PASS,,"python python/aisimulate/tools/support_matrix/generate_fpe_support_matrix.py --model ""Qwen/Qwen3.5-397B-A17B"" --system ""b200_sxm"" --backend ""vllm"" --backend-version ""0.22.0"" --forward-model op_level --max-workers 8",silicon,116,29,PASS=116,"decode_end=6102.317037, decode_start=23.918126, mixed=106.881308, prefill=105.258367",26dae1f99b2b50fb17118f38d8a8e95dfac3357c
Qwen/Qwen3.5-397B-A17B,Qwen3_5MoeForConditionalGeneration,b200_sxm,vllm,0.24.0,PASS,,"python python/aisimulate/tools/support_matrix/generate_fpe_support_matrix.py --model ""Qwen/Qwen3.5-397B-A17B"" --system ""b200_sxm"" --backend ""vllm"" --backend-version ""0.24.0"" --forward-model op_level --max-workers 8",silicon,116,29,PASS=116,"decode_end=5669.369655, decode_start=22.231237, mixed=84.441868, prefill=82.771839",26dae1f99b2b50fb17118f38d8a8e95dfac3357c
XiaomiMiMo/MiMo-7B-Base,MiMoForCausalLM,b200_sxm,sglang,0.5.10,PASS,,"python python/aisimulate/tools/support_matrix/generate_fpe_support_matrix.py --model ""XiaomiMiMo/MiMo-7B-Base"" --system ""b200_sxm"" --backend ""sglang"" --backend-version ""0.5.10"" --forward-model op_level --max-workers 8",silicon,24,6,"PASS=12, SDK_UNREPRESENTABLE=12","decode_end=860.535934, decode_start=3.374627, mixed=4.746272, prefill=4.306754",26dae1f99b2b50fb17118f38d8a8e95dfac3357c
XiaomiMiMo/MiMo-7B-Base,MiMoForCausalLM,b200_sxm,sglang,0.5.12,PASS,,"python python/aisimulate/tools/support_matrix/generate_fpe_support_matrix.py --model ""XiaomiMiMo/MiMo-7B-Base"" --system ""b200_sxm"" --backend ""sglang"" --backend-version ""0.5.12"" --forward-model op_level --max-workers 8",silicon,24,6,"PASS=12, SDK_UNREPRESENTABLE=12","decode_end=858.212381, decode_start=3.370156, mixed=4.838376, prefill=4.319454",26dae1f99b2b50fb17118f38d8a8e95dfac3357c
XiaomiMiMo/MiMo-7B-Base,MiMoForCausalLM,b200_sxm,sglang,0.5.14,PASS,,"python python/aisimulate/tools/support_matrix/generate_fpe_support_matrix.py --model ""XiaomiMiMo/MiMo-7B-Base"" --system ""b200_sxm"" --backend ""sglang"" --backend-version ""0.5.14"" --forward-model op_level --max-workers 8",silicon,24,6,"PASS=12, SDK_UNREPRESENTABLE=12","decode_end=858.212381, decode_start=3.370156, mixed=4.838376, prefill=4.319454",26dae1f99b2b50fb17118f38d8a8e95dfac3357c
XiaomiMiMo/MiMo-7B-Base,MiMoForCausalLM,b200_sxm,sglang,0.5.16,PASS,,"python python/aisimulate/tools/support_matrix/generate_fpe_support_matrix.py --model ""XiaomiMiMo/MiMo-7B-Base"" --system ""b200_sxm"" --backend ""sglang"" --backend-version ""0.5.16"" --forward-model op_level --max-workers 8",silicon,24,6,"PASS=12, SDK_UNREPRESENTABLE=12","decode_end=858.212381, decode_start=3.370156, mixed=4.838376, prefill=4.319454",26dae1f99b2b50fb17118f38d8a8e95dfac3357c
XiaomiMiMo/MiMo-7B-Base,MiMoForCausalLM,b200_sxm,sglang,0.5.9,PASS,,"python python/aisimulate/tools/support_matrix/generate_fpe_support_matrix.py --model ""XiaomiMiMo/MiMo-7B-Base"" --system ""b200_sxm"" --backend ""sglang"" --backend-version ""0.5.9"" --forward-model op_level --max-workers 8",silicon,24,6,"PASS=12, SDK_UNREPRESENTABLE=12","decode_end=843.674884, decode_start=3.307568, mixed=4.743714, prefill=4.251602",26dae1f99b2b50fb17118f38d8a8e95dfac3357c
XiaomiMiMo/MiMo-7B-Base,MiMoForCausalLM,b200_sxm,trtllm,1.2.0rc5,PASS,,"python python/aisimulate/tools/support_matrix/generate_fpe_support_matrix.py --model ""XiaomiMiMo/MiMo-7B-Base"" --system ""b200_sxm"" --backend ""trtllm"" --backend-version ""1.2.0rc5"" --forward-model op_level --max-workers 8",silicon,12,3,PASS=12,"decode_end=901.544664, decode_start=3.512075, mixed=5.177994, prefill=4.570408",26dae1f99b2b50fb17118f38d8a8e95dfac3357c
XiaomiMiMo/MiMo-7B-Base,MiMoForCausalLM,b200_sxm,trtllm,1.3.0rc10,PASS,,"python python/aisimulate/tools/support_matrix/generate_fpe_support_matrix.py --model ""XiaomiMiMo/MiMo-7B-Base"" --system ""b200_sxm"" --backend ""trtllm"" --backend-version ""1.3.0rc10"" --forward-model op_level --max-workers 8",silicon,12,3,PASS=12,"decode_end=971.830808, decode_start=3.730593, mixed=5.462134, prefill=4.497920",26dae1f99b2b50fb17118f38d8a8e95dfac3357c
XiaomiMiMo/MiMo-7B-Base,MiMoForCausalLM,b200_sxm,trtllm,1.3.0rc15,PASS,,"python python/aisimulate/tools/support_matrix/generate_fpe_support_matrix.py --model ""XiaomiMiMo/MiMo-7B-Base"" --system ""b200_sxm"" --backend ""trtllm"" --backend-version ""1.3.0rc15"" --forward-model op_level --max-workers 8",silicon,12,3,PASS=12,"decode_end=887.658154, decode_start=3.476947, mixed=5.054601, prefill=4.431812",26dae1f99b2b50fb17118f38d8a8e95dfac3357c
XiaomiMiMo/MiMo-7B-Base,MiMoForCausalLM,b200_sxm,trtllm,1.3.0rc20,PASS,,"python python/aisimulate/tools/support_matrix/generate_fpe_support_matrix.py --model ""XiaomiMiMo/MiMo-7B-Base"" --system ""b200_sxm"" --backend ""trtllm"" --backend-version ""1.3.0rc20"" --forward-model op_level --max-workers 8",silicon,12,3,PASS=12,"decode_end=915.237994, decode_start=3.553242, mixed=5.221478, prefill=4.535327",26dae1f99b2b50fb17118f38d8a8e95dfac3357c
XiaomiMiMo/MiMo-7B-Base,MiMoForCausalLM,b200_sxm,trtllm,1.3.0rc23,PASS,,"python python/aisimulate/tools/support_matrix/generate_fpe_support_matrix.py --model ""XiaomiMiMo/MiMo-7B-Base"" --system ""b200_sxm"" --backend ""trtllm"" --backend-version ""1.3.0rc23"" --forward-model op_level --max-workers 8",silicon,12,3,PASS=12,"decode_end=915.237994, decode_start=3.553242, mixed=5.221478, prefill=4.535327",26dae1f99b2b50fb17118f38d8a8e95dfac3357c
XiaomiMiMo/MiMo-7B-Base,MiMoForCausalLM,b200_sxm,vllm,0.1.dev19262,FAIL,Strict-native op-level FPE probes: PERF_DATA_MISSING=12; raw probes=12; topologies=3; source_sha=26dae1f99b2b50fb17118f38d8a8e95dfac3357c. Representative failure: perf database error: perf database error: no GEMM rows loaded from 1 source(s) (first: <repo>/python/aisimulate/src/aiconfigurator_core/systems/data/b200_sxm/vllm/0.1.dev19262/gemm_perf.parquet),"python python/aisimulate/tools/support_matrix/generate_fpe_support_matrix.py --model ""XiaomiMiMo/MiMo-7B-Base"" --system ""b200_sxm"" --backend ""vllm"" --backend-version ""0.1.dev19262"" --forward-model op_level --max-workers 8",,12,3,PERF_DATA_MISSING=12,,26dae1f99b2b50fb17118f38d8a8e95dfac3357c
XiaomiMiMo/MiMo-7B-Base,MiMoForCausalLM,b200_sxm,vllm,0.19.0,PASS,,"python python/aisimulate/tools/support_matrix/generate_fpe_support_matrix.py --model ""XiaomiMiMo/MiMo-7B-Base"" --system ""b200_sxm"" --backend ""vllm"" --backend-version ""0.19.0"" --forward-model op_level --max-workers 8",silicon,12,3,PASS=12,"decode_end=834.805836, decode_start=3.243890, mixed=4.709092, prefill=4.174750",26dae1f99b2b50fb17118f38d8a8e95dfac3357c
XiaomiMiMo/MiMo-7B-Base,MiMoForCausalLM,b200_sxm,vllm,0.22.0,PASS,,"python python/aisimulate/tools/support_matrix/generate_fpe_support_matrix.py --model ""XiaomiMiMo/MiMo-7B-Base"" --system ""b200_sxm"" --backend ""vllm"" --backend-version ""0.22.0"" --forward-model op_level --max-workers 8",silicon,12,3,PASS=12,"decode_end=823.254334, decode_start=3.213456, mixed=4.698745, prefill=4.142250",26dae1f99b2b50fb17118f38d8a8e95dfac3357c
XiaomiMiMo/MiMo-7B-Base,MiMoForCausalLM,b200_sxm,vllm,0.24.0,PASS,,"python python/aisimulate/tools/support_matrix/generate_fpe_support_matrix.py --model ""XiaomiMiMo/MiMo-7B-Base"" --system ""b200_sxm"" --backend ""vllm"" --backend-version ""0.24.0"" --forward-model op_level --max-workers 8",silicon,12,3,PASS=12,"decode_end=844.018130, decode_start=3.282185, mixed=4.806416, prefill=4.241439",26dae1f99b2b50fb17118f38d8a8e95dfac3357c
XiaomiMiMo/MiMo-V2-Flash,MiMoV2FlashForCausalLM,b200_sxm,sglang,0.5.10,FAIL,"Strict-native op-level FPE probes: PERF_DATA_MISSING=220, SDK_UNREPRESENTABLE=320; raw probes=540; topologies=135; source_sha=26dae1f99b2b50fb17118f38d8a8e95dfac3357c. Representative failure: perf database error: MoE data missing for MoeKey { quant: ""fp8_block"", distribution: ""power_law_1.01"", topk: 8, num_experts: 256, hidden_size: 4096, inter_size: 2048, moe_tp_size: 1, moe_ep_size: 1 } at <repo>/python/aisimulate/src/aiconfigurator_core/systems/data/b200_sxm/sglang/0.5.10","python python/aisimulate/tools/support_matrix/generate_fpe_support_matrix.py --model ""XiaomiMiMo/MiMo-V2-Flash"" --system ""b200_sxm"" --backend ""sglang"" --backend-version ""0.5.10"" --forward-model op_level --max-workers 8",,540,135,"PERF_DATA_MISSING=220, SDK_UNREPRESENTABLE=320",,26dae1f99b2b50fb17118f38d8a8e95dfac3357c
XiaomiMiMo/MiMo-V2-Flash,MiMoV2FlashForCausalLM,b200_sxm,sglang,0.5.12,PASS,,"python python/aisimulate/tools/support_matrix/generate_fpe_support_matrix.py --model ""XiaomiMiMo/MiMo-V2-Flash"" --system ""b200_sxm"" --backend ""sglang"" --backend-version ""0.5.12"" --forward-model op_level --max-workers 8",silicon,540,135,"PASS=220, SDK_UNREPRESENTABLE=320","decode_end=5096.919170, decode_start=19.949791, mixed=54.271754, prefill=52.740131",26dae1f99b2b50fb17118f38d8a8e95dfac3357c
XiaomiMiMo/MiMo-V2-Flash,MiMoV2FlashForCausalLM,b200_sxm,sglang,0.5.14,PASS,,"python python/aisimulate/tools/support_matrix/generate_fpe_support_matrix.py --model ""XiaomiMiMo/MiMo-V2-Flash"" --system ""b200_sxm"" --backend ""sglang"" --backend-version ""0.5.14"" --forward-model op_level --max-workers 8",silicon,540,135,"PASS=220, SDK_UNREPRESENTABLE=320","decode_end=5096.919170, decode_start=19.949791, mixed=54.271754, prefill=52.740131",26dae1f99b2b50fb17118f38d8a8e95dfac3357c
XiaomiMiMo/MiMo-V2-Flash,MiMoV2FlashForCausalLM,b200_sxm,sglang,0.5.16,PASS,,"python python/aisimulate/tools/support_matrix/generate_fpe_support_matrix.py --model ""XiaomiMiMo/MiMo-V2-Flash"" --system ""b200_sxm"" --backend ""sglang"" --backend-version ""0.5.16"" --forward-model op_level --max-workers 8",silicon,540,135,"PASS=220, SDK_UNREPRESENTABLE=320","decode_end=5096.919170, decode_start=19.949791, mixed=54.271754, prefill=52.740131",26dae1f99b2b50fb17118f38d8a8e95dfac3357c
XiaomiMiMo/MiMo-V2-Flash,MiMoV2FlashForCausalLM,b200_sxm,sglang,0.5.9,FAIL,"Strict-native op-level FPE probes: PERF_DATA_MISSING=220, SDK_UNREPRESENTABLE=320; raw probes=540; topologies=135; source_sha=26dae1f99b2b50fb17118f38d8a8e95dfac3357c. Representative failure: perf database error: MoE data missing for MoeKey { quant: ""fp8_block"", distribution: ""power_law_1.01"", topk: 8, num_experts: 256, hidden_size: 4096, inter_size: 2048, moe_tp_size: 1, moe_ep_size: 1 } at <repo>/python/aisimulate/src/aiconfigurator_core/systems/data/b200_sxm/sglang/0.5.9","python python/aisimulate/tools/support_matrix/generate_fpe_support_matrix.py --model ""XiaomiMiMo/MiMo-V2-Flash"" --system ""b200_sxm"" --backend ""sglang"" --backend-version ""0.5.9"" --forward-model op_level --max-workers 8",,540,135,"PERF_DATA_MISSING=220, SDK_UNREPRESENTABLE=320",,26dae1f99b2b50fb17118f38d8a8e95dfac3357c
XiaomiMiMo/MiMo-V2-Flash,MiMoV2FlashForCausalLM,b200_sxm,trtllm,1.2.0rc5,FAIL,"Strict-native op-level FPE probes: PERF_DATA_MISSING=116; raw probes=116; topologies=29; source_sha=26dae1f99b2b50fb17118f38d8a8e95dfac3357c. Representative failure: perf database error: MoE data missing for MoeKey { quant: ""fp8_block"", distribution: ""power_law_1.01"", topk: 8, num_experts: 256, hidden_size: 4096, inter_size: 2048, moe_tp_size: 1, moe_ep_size: 1 } at <repo>/python/aisimulate/src/aiconfigurator_core/systems/data/b200_sxm/trtllm/1.2.0rc5","python python/aisimulate/tools/support_matrix/generate_fpe_support_matrix.py --model ""XiaomiMiMo/MiMo-V2-Flash"" --system ""b200_sxm"" --backend ""trtllm"" --backend-version ""1.2.0rc5"" --forward-model op_level --max-workers 8",,116,29,PERF_DATA_MISSING=116,,26dae1f99b2b50fb17118f38d8a8e95dfac3357c
XiaomiMiMo/MiMo-V2-Flash,MiMoV2FlashForCausalLM,b200_sxm,trtllm,1.3.0rc10,FAIL,"Strict-native op-level FPE probes: PERF_DATA_MISSING=116; raw probes=116; topologies=29; source_sha=26dae1f99b2b50fb17118f38d8a8e95dfac3357c. Representative failure: perf database error: MoE data missing for MoeKey { quant: ""fp8_block"", distribution: ""power_law_1.01"", topk: 8, num_experts: 256, hidden_size: 4096, inter_size: 2048, moe_tp_size: 1, moe_ep_size: 1 } at <repo>/python/aisimulate/src/aiconfigurator_core/systems/data/b200_sxm/trtllm/1.3.0rc10","python python/aisimulate/tools/support_matrix/generate_fpe_support_matrix.py --model ""XiaomiMiMo/MiMo-V2-Flash"" --system ""b200_sxm"" --backend ""trtllm"" --backend-version ""1.3.0rc10"" --forward-model op_level --max-workers 8",,116,29,PERF_DATA_MISSING=116,,26dae1f99b2b50fb17118f38d8a8e95dfac3357c
XiaomiMiMo/MiMo-V2-Flash,MiMoV2FlashForCausalLM,b200_sxm,trtllm,1.3.0rc15,FAIL,"Strict-native op-level FPE probes: PERF_DATA_MISSING=116; raw probes=116; topologies=29; source_sha=26dae1f99b2b50fb17118f38d8a8e95dfac3357c. Representative failure: perf database error: MoE data missing for MoeKey { quant: ""fp8_block"", distribution: ""power_law_1.01"", topk: 8, num_experts: 256, hidden_size: 4096, inter_size: 2048, moe_tp_size: 1, moe_ep_size: 1 } at <repo>/python/aisimulate/src/aiconfigurator_core/systems/data/b200_sxm/trtllm/1.3.0rc15","python python/aisimulate/tools/support_matrix/generate_fpe_support_matrix.py --model ""XiaomiMiMo/MiMo-V2-Flash"" --system ""b200_sxm"" --backend ""trtllm"" --backend-version ""1.3.0rc15"" --forward-model op_level --max-workers 8",,116,29,PERF_DATA_MISSING=116,,26dae1f99b2b50fb17118f38d8a8e95dfac3357c
XiaomiMiMo/MiMo-V2-Flash,MiMoV2FlashForCausalLM,b200_sxm,trtllm,1.3.0rc20,FAIL,"Strict-native op-level FPE probes: PERF_DATA_MISSING=116; raw probes=116; topologies=29; source_sha=26dae1f99b2b50fb17118f38d8a8e95dfac3357c. Representative failure: perf database error: context attention data missing for ContextKey { fmha_quant: ""fp8"", kv_quant: ""fp8"", n_kv_lookup: 1, head_size: 192, window_size: 0 } at <repo>/python/aisimulate/src/aiconfigurator_core/systems/data/b200_sxm/trtllm/1.3.0rc20","python python/aisimulate/tools/support_matrix/generate_fpe_support_matrix.py --model ""XiaomiMiMo/MiMo-V2-Flash"" --system ""b200_sxm"" --backend ""trtllm"" --backend-version ""1.3.0rc20"" --forward-model op_level --max-workers 8",,116,29,PERF_DATA_MISSING=116,,26dae1f99b2b50fb17118f38d8a8e95dfac3357c
XiaomiMiMo/MiMo-V2-Flash,MiMoV2FlashForCausalLM,b200_sxm,trtllm,1.3.0rc23,FAIL,"Strict-native op-level FPE probes: PERF_DATA_MISSING=116; raw probes=116; topologies=29; source_sha=26dae1f99b2b50fb17118f38d8a8e95dfac3357c. Representative failure: perf database error: context attention data missing for ContextKey { fmha_quant: ""fp8"", kv_quant: ""fp8"", n_kv_lookup: 1, head_size: 192, window_size: 0 } at <repo>/python/aisimulate/src/aiconfigurator_core/systems/data/b200_sxm/trtllm/1.3.0rc23","python python/aisimulate/tools/support_matrix/generate_fpe_support_matrix.py --model ""XiaomiMiMo/MiMo-V2-Flash"" --system ""b200_sxm"" --backend ""trtllm"" --backend-version ""1.3.0rc23"" --forward-model op_level --max-workers 8",,116,29,PERF_DATA_MISSING=116,,26dae1f99b2b50fb17118f38d8a8e95dfac3357c
XiaomiMiMo/MiMo-V2-Flash,MiMoV2FlashForCausalLM,b200_sxm,vllm,0.1.dev19262,FAIL,Strict-native op-level FPE probes: PERF_DATA_MISSING=116; raw probes=116; topologies=29; source_sha=26dae1f99b2b50fb17118f38d8a8e95dfac3357c. Representative failure: perf database error: perf database error: no GEMM rows loaded from 1 source(s) (first: <repo>/python/aisimulate/src/aiconfigurator_core/systems/data/b200_sxm/vllm/0.1.dev19262/gemm_perf.parquet),"python python/aisimulate/tools/support_matrix/generate_fpe_support_matrix.py --model ""XiaomiMiMo/MiMo-V2-Flash"" --system ""b200_sxm"" --backend ""vllm"" --backend-version ""0.1.dev19262"" --forward-model op_level --max-workers 8",,116,29,PERF_DATA_MISSING=116,,26dae1f99b2b50fb17118f38d8a8e95dfac3357c
XiaomiMiMo/MiMo-V2-Flash,MiMoV2FlashForCausalLM,b200_sxm,vllm,0.19.0,FAIL,"Strict-native op-level FPE probes: PERF_DATA_MISSING=116; raw probes=116; topologies=29; source_sha=26dae1f99b2b50fb17118f38d8a8e95dfac3357c. Representative failure: perf database error: MoE data missing for MoeKey { quant: ""fp8_block"", distribution: ""power_law_1.01"", topk: 8, num_experts: 256, hidden_size: 4096, inter_size: 2048, moe_tp_size: 1, moe_ep_size: 16 } at <repo>/python/aisimulate/src/aiconfigurator_core/systems/data/b200_sxm/vllm/0.19.0","python python/aisimulate/tools/support_matrix/generate_fpe_support_matrix.py --model ""XiaomiMiMo/MiMo-V2-Flash"" --system ""b200_sxm"" --backend ""vllm"" --backend-version ""0.19.0"" --forward-model op_level --max-workers 8",,116,29,PERF_DATA_MISSING=116,,26dae1f99b2b50fb17118f38d8a8e95dfac3357c
XiaomiMiMo/MiMo-V2-Flash,MiMoV2FlashForCausalLM,b200_sxm,vllm,0.22.0,PASS,,"python python/aisimulate/tools/support_matrix/generate_fpe_support_matrix.py --model ""XiaomiMiMo/MiMo-V2-Flash"" --system ""b200_sxm"" --backend ""vllm"" --backend-version ""0.22.0"" --forward-model op_level --max-workers 8",silicon,116,29,PASS=116,"decode_end=8224.061831, decode_start=32.158435, mixed=92.825860, prefill=87.404208",26dae1f99b2b50fb17118f38d8a8e95dfac3357c
XiaomiMiMo/MiMo-V2-Flash,MiMoV2FlashForCausalLM,b200_sxm,vllm,0.24.0,PASS,,"python python/aisimulate/tools/support_matrix/generate_fpe_support_matrix.py --model ""XiaomiMiMo/MiMo-V2-Flash"" --system ""b200_sxm"" --backend ""vllm"" --backend-version ""0.24.0"" --forward-model op_level --max-workers 8",silicon,116,29,PASS=116,"decode_end=7915.578514, decode_start=30.947341, mixed=63.218939, prefill=58.669134",26dae1f99b2b50fb17118f38d8a8e95dfac3357c
deepseek-ai/DeepSeek-R1,DeepseekV3ForCausalLM,b200_sxm,sglang,0.5.10,PASS,,"python python/aisimulate/tools/support_matrix/generate_fpe_support_matrix.py --model ""deepseek-ai/DeepSeek-R1"" --system ""b200_sxm"" --backend ""sglang"" --backend-version ""0.5.10"" --forward-model op_level --max-workers 8",silicon,540,135,"PASS=220, SDK_UNREPRESENTABLE=320","decode_end=11474.694113, decode_start=44.959756, mixed=128.698721, prefill=127.134361",26dae1f99b2b50fb17118f38d8a8e95dfac3357c
deepseek-ai/DeepSeek-R1,DeepseekV3ForCausalLM,b200_sxm,sglang,0.5.12,PASS,,"python python/aisimulate/tools/support_matrix/generate_fpe_support_matrix.py --model ""deepseek-ai/DeepSeek-R1"" --system ""b200_sxm"" --backend ""sglang"" --backend-version ""0.5.12"" --forward-model op_level --max-workers 8",silicon,540,135,"PASS=220, SDK_UNREPRESENTABLE=320","decode_end=7781.674460, decode_start=30.515180, mixed=98.690422, prefill=97.263980",26dae1f99b2b50fb17118f38d8a8e95dfac3357c
deepseek-ai/DeepSeek-R1,DeepseekV3ForCausalLM,b200_sxm,sglang,0.5.14,PASS,,"python python/aisimulate/tools/support_matrix/generate_fpe_support_matrix.py --model ""deepseek-ai/DeepSeek-R1"" --system ""b200_sxm"" --backend ""sglang"" --backend-version ""0.5.14"" --forward-model op_level --max-workers 8",silicon,540,135,"PASS=220, SDK_UNREPRESENTABLE=320","decode_end=7781.674460, decode_start=30.515180, mixed=98.690422, prefill=97.263980",26dae1f99b2b50fb17118f38d8a8e95dfac3357c
deepseek-ai/DeepSeek-R1,DeepseekV3ForCausalLM,b200_sxm,sglang,0.5.16,PASS,,"python python/aisimulate/tools/support_matrix/generate_fpe_support_matrix.py --model ""deepseek-ai/DeepSeek-R1"" --system ""b200_sxm"" --backend ""sglang"" --backend-version ""0.5.16"" --forward-model op_level --max-workers 8",silicon,540,135,"PASS=220, SDK_UNREPRESENTABLE=320","decode_end=7781.674460, decode_start=30.515180, mixed=98.690422, prefill=97.263980",26dae1f99b2b50fb17118f38d8a8e95dfac3357c
deepseek-ai/DeepSeek-R1,DeepseekV3ForCausalLM,b200_sxm,sglang,0.5.9,PASS,,"python python/aisimulate/tools/support_matrix/generate_fpe_support_matrix.py --model ""deepseek-ai/DeepSeek-R1"" --system ""b200_sxm"" --backend ""sglang"" --backend-version ""0.5.9"" --forward-model op_level --max-workers 8",silicon,540,135,"PASS=220, SDK_UNREPRESENTABLE=320","decode_end=10359.705411, decode_start=40.607029, mixed=113.816716, prefill=111.588024",26dae1f99b2b50fb17118f38d8a8e95dfac3357c
deepseek-ai/DeepSeek-R1,DeepseekV3ForCausalLM,b200_sxm,trtllm,1.2.0rc5,PASS,,"python python/aisimulate/tools/support_matrix/generate_fpe_support_matrix.py --model ""deepseek-ai/DeepSeek-R1"" --system ""b200_sxm"" --backend ""trtllm"" --backend-version ""1.2.0rc5"" --forward-model op_level --max-workers 8",silicon,116,29,"PASS=32, PERF_DATA_MISSING=84","decode_end=11113.977219, decode_start=43.451310, mixed=150.033054, prefill=144.256879",26dae1f99b2b50fb17118f38d8a8e95dfac3357c
deepseek-ai/DeepSeek-R1,DeepseekV3ForCausalLM,b200_sxm,trtllm,1.3.0rc10,PASS,,"python python/aisimulate/tools/support_matrix/generate_fpe_support_matrix.py --model ""deepseek-ai/DeepSeek-R1"" --system ""b200_sxm"" --backend ""trtllm"" --backend-version ""1.3.0rc10"" --forward-model op_level --max-workers 8",silicon,116,29,"PASS=64, PERF_DATA_MISSING=52","decode_end=6668.271552, decode_start=26.017170, mixed=43.207761, prefill=41.194844",26dae1f99b2b50fb17118f38d8a8e95dfac3357c
deepseek-ai/DeepSeek-R1,DeepseekV3ForCausalLM,b200_sxm,trtllm,1.3.0rc15,PASS,,"python python/aisimulate/tools/support_matrix/generate_fpe_support_matrix.py --model ""deepseek-ai/DeepSeek-R1"" --system ""b200_sxm"" --backend ""trtllm"" --backend-version ""1.3.0rc15"" --forward-model op_level --max-workers 8",silicon,116,29,"PASS=64, PERF_DATA_MISSING=52","decode_end=6668.634482, decode_start=26.018594, mixed=43.194693, prefill=41.194953",26dae1f99b2b50fb17118f38d8a8e95dfac3357c
deepseek-ai/DeepSeek-R1,DeepseekV3ForCausalLM,b200_sxm,trtllm,1.3.0rc20,PASS,,"python python/aisimulate/tools/support_matrix/generate_fpe_support_matrix.py --model ""deepseek-ai/DeepSeek-R1"" --system ""b200_sxm"" --backend ""trtllm"" --backend-version ""1.3.0rc20"" --forward-model op_level --max-workers 8",silicon,116,29,PASS=116,"decode_end=10398.598618, decode_start=40.643246, mixed=110.189709, prefill=108.558174",26dae1f99b2b50fb17118f38d8a8e95dfac3357c
deepseek-ai/DeepSeek-R1,DeepseekV3ForCausalLM,b200_sxm,trtllm,1.3.0rc23,PASS,,"python python/aisimulate/tools/support_matrix/generate_fpe_support_matrix.py --model ""deepseek-ai/DeepSeek-R1"" --system ""b200_sxm"" --backend ""trtllm"" --backend-version ""1.3.0rc23"" --forward-model op_level --max-workers 8",silicon,116,29,PASS=116,"decode_end=10398.598618, decode_start=40.643246, mixed=110.189709, prefill=108.558174",26dae1f99b2b50fb17118f38d8a8e95dfac3357c
deepseek-ai/DeepSeek-R1,DeepseekV3ForCausalLM,b200_sxm,vllm,0.1.dev19262,FAIL,Strict-native op-level FPE probes: PERF_DATA_MISSING=116; raw probes=116; topologies=29; source_sha=26dae1f99b2b50fb17118f38d8a8e95dfac3357c. Representative failure: perf database error: perf database error: no GEMM rows loaded from 1 source(s) (first: <repo>/python/aisimulate/src/aiconfigurator_core/systems/data/b200_sxm/vllm/0.1.dev19262/gemm_perf.parquet),"python python/aisimulate/tools/support_matrix/generate_fpe_support_matrix.py --model ""deepseek-ai/DeepSeek-R1"" --system ""b200_sxm"" --backend ""vllm"" --backend-version ""0.1.dev19262"" --forward-model op_level --max-workers 8",,116,29,PERF_DATA_MISSING=116,,26dae1f99b2b50fb17118f38d8a8e95dfac3357c
deepseek-ai/DeepSeek-R1,DeepseekV3ForCausalLM,b200_sxm,vllm,0.19.0,PASS,,"python python/aisimulate/tools/support_matrix/generate_fpe_support_matrix.py --model ""deepseek-ai/DeepSeek-R1"" --system ""b200_sxm"" --backend ""vllm"" --backend-version ""0.19.0"" --forward-model op_level --max-workers 8",silicon,116,29,PASS=116,"decode_end=10191.680855, decode_start=39.887627, mixed=164.624898, prefill=162.855541",26dae1f99b2b50fb17118f38d8a8e95dfac3357c
deepseek-ai/DeepSeek-R1,DeepseekV3ForCausalLM,b200_sxm,vllm,0.22.0,PASS,,"python python/aisimulate/tools/support_matrix/generate_fpe_support_matrix.py --model ""deepseek-ai/DeepSeek-R1"" --system ""b200_sxm"" --backend ""vllm"" --backend-version ""0.22.0"" --forward-model op_level --max-workers 8",silicon,116,29,PASS=116,"decode_end=10409.835747, decode_start=40.689971, mixed=188.092665, prefill=181.008145",26dae1f99b2b50fb17118f38d8a8e95dfac3357c
deepseek-ai/DeepSeek-R1,DeepseekV3ForCausalLM,b200_sxm,vllm,0.24.0,PASS,,"python python/aisimulate/tools/support_matrix/generate_fpe_support_matrix.py --model ""deepseek-ai/DeepSeek-R1"" --system ""b200_sxm"" --backend ""vllm"" --backend-version ""0.24.0"" --forward-model op_level --max-workers 8",silicon,116,29,PASS=116,"decode_end=7070.662537, decode_start=27.725430, mixed=113.499580, prefill=108.543650",26dae1f99b2b50fb17118f38d8a8e95dfac3357c
deepseek-ai/DeepSeek-V3,DeepseekV3ForCausalLM,b200_sxm,sglang,0.5.10,PASS,,"python python/aisimulate/tools/support_matrix/generate_fpe_support_matrix.py --model ""deepseek-ai/DeepSeek-V3"" --system ""b200_sxm"" --backend ""sglang"" --backend-version ""0.5.10"" --forward-model op_level --max-workers 8",silicon,540,135,"PASS=220, SDK_UNREPRESENTABLE=320","decode_end=11474.694113, decode_start=44.959756, mixed=128.698721, prefill=127.134361",26dae1f99b2b50fb17118f38d8a8e95dfac3357c
deepseek-ai/DeepSeek-V3,DeepseekV3ForCausalLM,b200_sxm,sglang,0.5.12,PASS,,"python python/aisimulate/tools/support_matrix/generate_fpe_support_matrix.py --model ""deepseek-ai/DeepSeek-V3"" --system ""b200_sxm"" --backend ""sglang"" --backend-version ""0.5.12"" --forward-model op_level --max-workers 8",silicon,540,135,"PASS=220, SDK_UNREPRESENTABLE=320","decode_end=7781.674460, decode_start=30.515180, mixed=98.690422, prefill=97.263980",26dae1f99b2b50fb17118f38d8a8e95dfac3357c
deepseek-ai/DeepSeek-V3,DeepseekV3ForCausalLM,b200_sxm,sglang,0.5.14,PASS,,"python python/aisimulate/tools/support_matrix/generate_fpe_support_matrix.py --model ""deepseek-ai/DeepSeek-V3"" --system ""b200_sxm"" --backend ""sglang"" --backend-version ""0.5.14"" --forward-model op_level --max-workers 8",silicon,540,135,"PASS=220, SDK_UNREPRESENTABLE=320","decode_end=7781.674460, decode_start=30.515180, mixed=98.690422, prefill=97.263980",26dae1f99b2b50fb17118f38d8a8e95dfac3357c
deepseek-ai/DeepSeek-V3,DeepseekV3ForCausalLM,b200_sxm,sglang,0.5.16,PASS,,"python python/aisimulate/tools/support_matrix/generate_fpe_support_matrix.py --model ""deepseek-ai/DeepSeek-V3"" --system ""b200_sxm"" --backend ""sglang"" --backend-version ""0.5.16"" --forward-model op_level --max-workers 8",silicon,540,135,"PASS=220, SDK_UNREPRESENTABLE=320","decode_end=7781.674460, decode_start=30.515180, mixed=98.690422, prefill=97.263980",26dae1f99b2b50fb17118f38d8a8e95dfac3357c
deepseek-ai/DeepSeek-V3,DeepseekV3ForCausalLM,b200_sxm,sglang,0.5.9,PASS,,"python python/aisimulate/tools/support_matrix/generate_fpe_support_matrix.py --model ""deepseek-ai/DeepSeek-V3"" --system ""b200_sxm"" --backend ""sglang"" --backend-version ""0.5.9"" --forward-model op_level --max-workers 8",silicon,540,135,"PASS=220, SDK_UNREPRESENTABLE=320","decode_end=10359.705411, decode_start=40.607029, mixed=113.816716, prefill=111.588024",26dae1f99b2b50fb17118f38d8a8e95dfac3357c
deepseek-ai/DeepSeek-V3,DeepseekV3ForCausalLM,b200_sxm,trtllm,1.2.0rc5,PASS,,"python python/aisimulate/tools/support_matrix/generate_fpe_support_matrix.py --model ""deepseek-ai/DeepSeek-V3"" --system ""b200_sxm"" --backend ""trtllm"" --backend-version ""1.2.0rc5"" --forward-model op_level --max-workers 8",silicon,116,29,"PASS=32, PERF_DATA_MISSING=84","decode_end=11113.977219, decode_start=43.451310, mixed=150.033054, prefill=144.256879",26dae1f99b2b50fb17118f38d8a8e95dfac3357c
deepseek-ai/DeepSeek-V3,DeepseekV3ForCausalLM,b200_sxm,trtllm,1.3.0rc10,PASS,,"python python/aisimulate/tools/support_matrix/generate_fpe_support_matrix.py --model ""deepseek-ai/DeepSeek-V3"" --system ""b200_sxm"" --backend ""trtllm"" --backend-version ""1.3.0rc10"" --forward-model op_level --max-workers 8",silicon,116,29,"PASS=64, PERF_DATA_MISSING=52","decode_end=6668.271552, decode_start=26.017170, mixed=43.207761, prefill=41.194844",26dae1f99b2b50fb17118f38d8a8e95dfac3357c
deepseek-ai/DeepSeek-V3,DeepseekV3ForCausalLM,b200_sxm,trtllm,1.3.0rc15,PASS,,"python python/aisimulate/tools/support_matrix/generate_fpe_support_matrix.py --model ""deepseek-ai/DeepSeek-V3"" --system ""b200_sxm"" --backend ""trtllm"" --backend-version ""1.3.0rc15"" --forward-model op_level --max-workers 8",silicon,116,29,"PASS=64, PERF_DATA_MISSING=52","decode_end=6668.634482, decode_start=26.018594, mixed=43.194693, prefill=41.194953",26dae1f99b2b50fb17118f38d8a8e95dfac3357c
deepseek-ai/DeepSeek-V3,DeepseekV3ForCausalLM,b200_sxm,trtllm,1.3.0rc20,PASS,,"python python/aisimulate/tools/support_matrix/generate_fpe_support_matrix.py --model ""deepseek-ai/DeepSeek-V3"" --system ""b200_sxm"" --backend ""trtllm"" --backend-version ""1.3.0rc20"" --forward-model op_level --max-workers 8",silicon,116,29,PASS=116,"decode_end=10398.598618, decode_start=40.643246, mixed=110.189709, prefill=108.558174",26dae1f99b2b50fb17118f38d8a8e95dfac3357c
deepseek-ai/DeepSeek-V3,DeepseekV3ForCausalLM,b200_sxm,trtllm,1.3.0rc23,PASS,,"python python/aisimulate/tools/support_matrix/generate_fpe_support_matrix.py --model ""deepseek-ai/DeepSeek-V3"" --system ""b200_sxm"" --backend ""trtllm"" --backend-version ""1.3.0rc23"" --forward-model op_level --max-workers 8",silicon,116,29,PASS=116,"decode_end=10398.598618, decode_start=40.643246, mixed=110.189709, prefill=108.558174",26dae1f99b2b50fb17118f38d8a8e95dfac3357c
deepseek-ai/DeepSeek-V3,DeepseekV3ForCausalLM,b200_sxm,vllm,0.1.dev19262,FAIL,Strict-native op-level FPE probes: PERF_DATA_MISSING=116; raw probes=116; topologies=29; source_sha=26dae1f99b2b50fb17118f38d8a8e95dfac3357c. Representative failure: perf database error: perf database error: no GEMM rows loaded from 1 source(s) (first: <repo>/python/aisimulate/src/aiconfigurator_core/systems/data/b200_sxm/vllm/0.1.dev19262/gemm_perf.parquet),"python python/aisimulate/tools/support_matrix/generate_fpe_support_matrix.py --model ""deepseek-ai/DeepSeek-V3"" --system ""b200_sxm"" --backend ""vllm"" --backend-version ""0.1.dev19262"" --forward-model op_level --max-workers 8",,116,29,PERF_DATA_MISSING=116,,26dae1f99b2b50fb17118f38d8a8e95dfac3357c
deepseek-ai/DeepSeek-V3,DeepseekV3ForCausalLM,b200_sxm,vllm,0.19.0,PASS,,"python python/aisimulate/tools/support_matrix/generate_fpe_support_matrix.py --model ""deepseek-ai/DeepSeek-V3"" --system ""b200_sxm"" --backend ""vllm"" --backend-version ""0.19.0"" --forward-model op_level --max-workers 8",silicon,116,29,PASS=116,"decode_end=10191.680855, decode_start=39.887627, mixed=164.624898, prefill=162.855541",26dae1f99b2b50fb17118f38d8a8e95dfac3357c
deepseek-ai/DeepSeek-V3,DeepseekV3ForCausalLM,b200_sxm,vllm,0.22.0,PASS,,"python python/aisimulate/tools/support_matrix/generate_fpe_support_matrix.py --model ""deepseek-ai/DeepSeek-V3"" --system ""b200_sxm"" --backend ""vllm"" --backend-version ""0.22.0"" --forward-model op_level --max-workers 8",silicon,116,29,PASS=116,"decode_end=10409.835747, decode_start=40.689971, mixed=188.092665, prefill=181.008145",26dae1f99b2b50fb17118f38d8a8e95dfac3357c
deepseek-ai/DeepSeek-V3,DeepseekV3ForCausalLM,b200_sxm,vllm,0.24.0,PASS,,"python python/aisimulate/tools/support_matrix/generate_fpe_support_matrix.py --model ""deepseek-ai/DeepSeek-V3"" --system ""b200_sxm"" --backend ""vllm"" --backend-version ""0.24.0"" --forward-model op_level --max-workers 8",silicon,116,29,PASS=116,"decode_end=7070.662537, decode_start=27.725430, mixed=113.499580, prefill=108.543650",26dae1f99b2b50fb17118f38d8a8e95dfac3357c
deepseek-ai/DeepSeek-V3.2,DeepseekV32ForCausalLM,b200_sxm,sglang,0.5.10,PASS,,"python python/aisimulate/tools/support_matrix/generate_fpe_support_matrix.py --model ""deepseek-ai/DeepSeek-V3.2"" --system ""b200_sxm"" --backend ""sglang"" --backend-version ""0.5.10"" --forward-model op_level --max-workers 8",silicon,800,200,"PASS=340, SDK_UNREPRESENTABLE=460","decode_end=11504.661398, decode_start=45.095053, mixed=491.891504, prefill=482.232453",26dae1f99b2b50fb17118f38d8a8e95dfac3357c
deepseek-ai/DeepSeek-V3.2,DeepseekV32ForCausalLM,b200_sxm,sglang,0.5.12,PASS,,"python python/aisimulate/tools/support_matrix/generate_fpe_support_matrix.py --model ""deepseek-ai/DeepSeek-V3.2"" --system ""b200_sxm"" --backend ""sglang"" --backend-version ""0.5.12"" --forward-model op_level --max-workers 8",silicon,800,200,"PASS=340, SDK_UNREPRESENTABLE=460","decode_end=7542.417120, decode_start=29.599373, mixed=145.942887, prefill=137.532770",26dae1f99b2b50fb17118f38d8a8e95dfac3357c
deepseek-ai/DeepSeek-V3.2,DeepseekV32ForCausalLM,b200_sxm,sglang,0.5.14,PASS,,"python python/aisimulate/tools/support_matrix/generate_fpe_support_matrix.py --model ""deepseek-ai/DeepSeek-V3.2"" --system ""b200_sxm"" --backend ""sglang"" --backend-version ""0.5.14"" --forward-model op_level --max-workers 8",silicon,800,200,"PASS=340, SDK_UNREPRESENTABLE=460","decode_end=7542.417120, decode_start=29.599373, mixed=145.942887, prefill=137.532770",26dae1f99b2b50fb17118f38d8a8e95dfac3357c
deepseek-ai/DeepSeek-V3.2,DeepseekV32ForCausalLM,b200_sxm,sglang,0.5.16,PASS,,"python python/aisimulate/tools/support_matrix/generate_fpe_support_matrix.py --model ""deepseek-ai/DeepSeek-V3.2"" --system ""b200_sxm"" --backend ""sglang"" --backend-version ""0.5.16"" --forward-model op_level --max-workers 8",silicon,800,200,"PASS=340, SDK_UNREPRESENTABLE=460","decode_end=7542.417120, decode_start=29.599373, mixed=145.942887, prefill=137.532770",26dae1f99b2b50fb17118f38d8a8e95dfac3357c
deepseek-ai/DeepSeek-V3.2,DeepseekV32ForCausalLM,b200_sxm,sglang,0.5.9,FAIL,"Strict-native op-level FPE probes: PERF_DATA_MISSING=340, SDK_UNREPRESENTABLE=460; raw probes=800; topologies=200; source_sha=26dae1f99b2b50fb17118f38d8a8e95dfac3357c. Representative failure: perf database error: perf database error: perf database error: no DSA module rows loaded from 1 source(s) (first: <repo>/python/aisimulate/src/aiconfigurator_core/systems/data/b200_sxm/sglang/0.5.9/dsa_context_module_perf.parquet)","python python/aisimulate/tools/support_matrix/generate_fpe_support_matrix.py --model ""deepseek-ai/DeepSeek-V3.2"" --system ""b200_sxm"" --backend ""sglang"" --backend-version ""0.5.9"" --forward-model op_level --max-workers 8",,800,200,"PERF_DATA_MISSING=340, SDK_UNREPRESENTABLE=460",,26dae1f99b2b50fb17118f38d8a8e95dfac3357c
deepseek-ai/DeepSeek-V3.2,DeepseekV32ForCausalLM,b200_sxm,trtllm,1.2.0rc5,PASS,,"python python/aisimulate/tools/support_matrix/generate_fpe_support_matrix.py --model ""deepseek-ai/DeepSeek-V3.2"" --system ""b200_sxm"" --backend ""trtllm"" --backend-version ""1.2.0rc5"" --forward-model op_level --max-workers 8",silicon,192,48,"PASS=32, PERF_DATA_MISSING=160","decode_end=11366.967094, decode_start=44.470010, mixed=243.198294, prefill=228.337754",26dae1f99b2b50fb17118f38d8a8e95dfac3357c
deepseek-ai/DeepSeek-V3.2,DeepseekV32ForCausalLM,b200_sxm,trtllm,1.3.0rc10,PASS,,"python python/aisimulate/tools/support_matrix/generate_fpe_support_matrix.py --model ""deepseek-ai/DeepSeek-V3.2"" --system ""b200_sxm"" --backend ""trtllm"" --backend-version ""1.3.0rc10"" --forward-model op_level --max-workers 8",silicon,192,48,"PASS=96, PERF_DATA_MISSING=96","decode_end=6567.970015, decode_start=25.748770, mixed=134.973050, prefill=125.275719",26dae1f99b2b50fb17118f38d8a8e95dfac3357c
deepseek-ai/DeepSeek-V3.2,DeepseekV32ForCausalLM,b200_sxm,trtllm,1.3.0rc15,PASS,,"python python/aisimulate/tools/support_matrix/generate_fpe_support_matrix.py --model ""deepseek-ai/DeepSeek-V3.2"" --system ""b200_sxm"" --backend ""trtllm"" --backend-version ""1.3.0rc15"" --forward-model op_level --max-workers 8",silicon,192,48,"PASS=96, PERF_DATA_MISSING=96","decode_end=6440.781945, decode_start=25.249994, mixed=134.459783, prefill=125.275828",26dae1f99b2b50fb17118f38d8a8e95dfac3357c
deepseek-ai/DeepSeek-V3.2,DeepseekV32ForCausalLM,b200_sxm,trtllm,1.3.0rc20,PASS,,"python python/aisimulate/tools/support_matrix/generate_fpe_support_matrix.py --model ""deepseek-ai/DeepSeek-V3.2"" --system ""b200_sxm"" --backend ""trtllm"" --backend-version ""1.3.0rc20"" --forward-model op_level --max-workers 8",silicon,192,48,PASS=192,"decode_end=10994.083668, decode_start=43.095446, mixed=201.448698, prefill=192.639049",26dae1f99b2b50fb17118f38d8a8e95dfac3357c
deepseek-ai/DeepSeek-V3.2,DeepseekV32ForCausalLM,b200_sxm,trtllm,1.3.0rc23,PASS,,"python python/aisimulate/tools/support_matrix/generate_fpe_support_matrix.py --model ""deepseek-ai/DeepSeek-V3.2"" --system ""b200_sxm"" --backend ""trtllm"" --backend-version ""1.3.0rc23"" --forward-model op_level --max-workers 8",silicon,192,48,PASS=192,"decode_end=10994.083668, decode_start=43.095446, mixed=201.448698, prefill=192.639049",26dae1f99b2b50fb17118f38d8a8e95dfac3357c
deepseek-ai/DeepSeek-V3.2,DeepseekV32ForCausalLM,b200_sxm,vllm,0.1.dev19262,FAIL,Strict-native op-level FPE probes: PERF_DATA_MISSING=192; raw probes=192; topologies=48; source_sha=26dae1f99b2b50fb17118f38d8a8e95dfac3357c. Representative failure: perf database error: perf database error: no GEMM rows loaded from 1 source(s) (first: <repo>/python/aisimulate/src/aiconfigurator_core/systems/data/b200_sxm/vllm/0.1.dev19262/gemm_perf.parquet),"python python/aisimulate/tools/support_matrix/generate_fpe_support_matrix.py --model ""deepseek-ai/DeepSeek-V3.2"" --system ""b200_sxm"" --backend ""vllm"" --backend-version ""0.1.dev19262"" --forward-model op_level --max-workers 8",,192,48,PERF_DATA_MISSING=192,,26dae1f99b2b50fb17118f38d8a8e95dfac3357c
deepseek-ai/DeepSeek-V3.2,DeepseekV32ForCausalLM,b200_sxm,vllm,0.19.0,PASS,,"python python/aisimulate/tools/support_matrix/generate_fpe_support_matrix.py --model ""deepseek-ai/DeepSeek-V3.2"" --system ""b200_sxm"" --backend ""vllm"" --backend-version ""0.19.0"" --forward-model op_level --max-workers 8",silicon,192,48,PASS=192,"decode_end=12177.782905, decode_start=47.793227, mixed=258.487395, prefill=240.766424",26dae1f99b2b50fb17118f38d8a8e95dfac3357c
deepseek-ai/DeepSeek-V3.2,DeepseekV32ForCausalLM,b200_sxm,vllm,0.22.0,PASS,,"python python/aisimulate/tools/support_matrix/generate_fpe_support_matrix.py --model ""deepseek-ai/DeepSeek-V3.2"" --system ""b200_sxm"" --backend ""vllm"" --backend-version ""0.22.0"" --forward-model op_level --max-workers 8",silicon,192,48,PASS=192,"decode_end=11579.578609, decode_start=45.380871, mixed=284.780204, prefill=265.024970",26dae1f99b2b50fb17118f38d8a8e95dfac3357c
deepseek-ai/DeepSeek-V3.2,DeepseekV32ForCausalLM,b200_sxm,vllm,0.24.0,PASS,,"python python/aisimulate/tools/support_matrix/generate_fpe_support_matrix.py --model ""deepseek-ai/DeepSeek-V3.2"" --system ""b200_sxm"" --backend ""vllm"" --backend-version ""0.24.0"" --forward-model op_level --max-workers 8",silicon,192,48,PASS=192,"decode_end=8895.820662, decode_start=34.856330, mixed=213.914266, prefill=196.179300",26dae1f99b2b50fb17118f38d8a8e95dfac3357c
deepseek-ai/DeepSeek-V4-Flash,DeepseekV4ForCausalLM,b200_sxm,sglang,0.5.10,FAIL,"Strict-native op-level FPE probes: PERF_DATA_MISSING=340, SDK_UNREPRESENTABLE=460; raw probes=800; topologies=200; source_sha=26dae1f99b2b50fb17118f38d8a8e95dfac3357c. Representative failure: perf database error: MoE data missing for MoeKey { quant: ""w4a8_mxfp4_mxfp8_trtllm"", distribution: ""uniform"", topk: 6, num_experts: 256, hidden_size: 4096, inter_size: 2048, moe_tp_size: 1, moe_ep_size: 1 } at <repo>/python/aisimulate/src/aiconfigurator_core/systems/data/b200_sxm/sglang/0.5.10","python python/aisimulate/tools/support_matrix/generate_fpe_support_matrix.py --model ""deepseek-ai/DeepSeek-V4-Flash"" --system ""b200_sxm"" --backend ""sglang"" --backend-version ""0.5.10"" --forward-model op_level --max-workers 8",,800,200,"PERF_DATA_MISSING=340, SDK_UNREPRESENTABLE=460",,26dae1f99b2b50fb17118f38d8a8e95dfac3357c
deepseek-ai/DeepSeek-V4-Flash,DeepseekV4ForCausalLM,b200_sxm,sglang,0.5.12,PASS,,"python python/aisimulate/tools/support_matrix/generate_fpe_support_matrix.py --model ""deepseek-ai/DeepSeek-V4-Flash"" --system ""b200_sxm"" --backend ""sglang"" --backend-version ""0.5.12"" --forward-model op_level --max-workers 8",silicon,800,200,"PASS=340, SDK_UNREPRESENTABLE=460","decode_end=2690.148695, decode_start=10.552653, mixed=31.421252, prefill=26.982095",26dae1f99b2b50fb17118f38d8a8e95dfac3357c
deepseek-ai/DeepSeek-V4-Flash,DeepseekV4ForCausalLM,b200_sxm,sglang,0.5.14,PASS,,"python python/aisimulate/tools/support_matrix/generate_fpe_support_matrix.py --model ""deepseek-ai/DeepSeek-V4-Flash"" --system ""b200_sxm"" --backend ""sglang"" --backend-version ""0.5.14"" --forward-model op_level --max-workers 8",silicon,800,200,"PASS=340, SDK_UNREPRESENTABLE=460","decode_end=2690.148695, decode_start=10.552653, mixed=31.421252, prefill=26.982095",26dae1f99b2b50fb17118f38d8a8e95dfac3357c
deepseek-ai/DeepSeek-V4-Flash,DeepseekV4ForCausalLM,b200_sxm,sglang,0.5.16,PASS,,"python python/aisimulate/tools/support_matrix/generate_fpe_support_matrix.py --model ""deepseek-ai/DeepSeek-V4-Flash"" --system ""b200_sxm"" --backend ""sglang"" --backend-version ""0.5.16"" --forward-model op_level --max-workers 8",silicon,800,200,"PASS=340, SDK_UNREPRESENTABLE=460","decode_end=2690.148695, decode_start=10.552653, mixed=31.421252, prefill=26.982095",26dae1f99b2b50fb17118f38d8a8e95dfac3357c
deepseek-ai/DeepSeek-V4-Flash,DeepseekV4ForCausalLM,b200_sxm,sglang,0.5.9,FAIL,"Strict-native op-level FPE probes: PERF_DATA_MISSING=340, SDK_UNREPRESENTABLE=460; raw probes=800; topologies=200; source_sha=26dae1f99b2b50fb17118f38d8a8e95dfac3357c. Representative failure: perf database error: perf database error: no MHC module rows loaded from 1 source(s) (first: <repo>/python/aisimulate/src/aiconfigurator_core/systems/data/b200_sxm/sglang/0.5.9/mhc_module_perf.parquet)","python python/aisimulate/tools/support_matrix/generate_fpe_support_matrix.py --model ""deepseek-ai/DeepSeek-V4-Flash"" --system ""b200_sxm"" --backend ""sglang"" --backend-version ""0.5.9"" --forward-model op_level --max-workers 8",,800,200,"PERF_DATA_MISSING=340, SDK_UNREPRESENTABLE=460",,26dae1f99b2b50fb17118f38d8a8e95dfac3357c
deepseek-ai/DeepSeek-V4-Flash,DeepseekV4ForCausalLM,b200_sxm,trtllm,1.2.0rc5,FAIL,Strict-native op-level FPE probes: PERF_DATA_MISSING=192; raw probes=192; topologies=48; source_sha=26dae1f99b2b50fb17118f38d8a8e95dfac3357c. Representative failure: perf database error: perf database error: no MHC module rows loaded from 1 source(s) (first: <repo>/python/aisimulate/src/aiconfigurator_core/systems/data/b200_sxm/trtllm/1.2.0rc5/mhc_module_perf.parquet),"python python/aisimulate/tools/support_matrix/generate_fpe_support_matrix.py --model ""deepseek-ai/DeepSeek-V4-Flash"" --system ""b200_sxm"" --backend ""trtllm"" --backend-version ""1.2.0rc5"" --forward-model op_level --max-workers 8",,192,48,PERF_DATA_MISSING=192,,26dae1f99b2b50fb17118f38d8a8e95dfac3357c
deepseek-ai/DeepSeek-V4-Flash,DeepseekV4ForCausalLM,b200_sxm,trtllm,1.3.0rc10,FAIL,Strict-native op-level FPE probes: PERF_DATA_MISSING=192; raw probes=192; topologies=48; source_sha=26dae1f99b2b50fb17118f38d8a8e95dfac3357c. Representative failure: perf database error: perf database error: no MHC module rows loaded from 1 source(s) (first: <repo>/python/aisimulate/src/aiconfigurator_core/systems/data/b200_sxm/trtllm/1.3.0rc10/mhc_module_perf.parquet),"python python/aisimulate/tools/support_matrix/generate_fpe_support_matrix.py --model ""deepseek-ai/DeepSeek-V4-Flash"" --system ""b200_sxm"" --backend ""trtllm"" --backend-version ""1.3.0rc10"" --forward-model op_level --max-workers 8",,192,48,PERF_DATA_MISSING=192,,26dae1f99b2b50fb17118f38d8a8e95dfac3357c
deepseek-ai/DeepSeek-V4-Flash,DeepseekV4ForCausalLM,b200_sxm,trtllm,1.3.0rc15,FAIL,Strict-native op-level FPE probes: PERF_DATA_MISSING=192; raw probes=192; topologies=48; source_sha=26dae1f99b2b50fb17118f38d8a8e95dfac3357c. Representative failure: perf database error: perf database error: no MHC module rows loaded from 1 source(s) (first: <repo>/python/aisimulate/src/aiconfigurator_core/systems/data/b200_sxm/trtllm/1.3.0rc15/mhc_module_perf.parquet),"python python/aisimulate/tools/support_matrix/generate_fpe_support_matrix.py --model ""deepseek-ai/DeepSeek-V4-Flash"" --system ""b200_sxm"" --backend ""trtllm"" --backend-version ""1.3.0rc15"" --forward-model op_level --max-workers 8",,192,48,PERF_DATA_MISSING=192,,26dae1f99b2b50fb17118f38d8a8e95dfac3357c
deepseek-ai/DeepSeek-V4-Flash,DeepseekV4ForCausalLM,b200_sxm,trtllm,1.3.0rc20,FAIL,"Strict-native op-level FPE probes: PERF_DATA_MISSING=192; raw probes=192; topologies=48; source_sha=26dae1f99b2b50fb17118f38d8a8e95dfac3357c. Representative failure: perf database error: MoE data missing for MoeKey { quant: ""w4a8_mxfp4_mxfp8"", distribution: ""power_law_1.01"", topk: 6, num_experts: 256, hidden_size: 4096, inter_size: 2048, moe_tp_size: 1, moe_ep_size: 1 } at <repo>/python/aisimulate/src/aiconfigurator_core/systems/data/b200_sxm/trtllm/1.3.0rc20","python python/aisimulate/tools/support_matrix/generate_fpe_support_matrix.py --model ""deepseek-ai/DeepSeek-V4-Flash"" --system ""b200_sxm"" --backend ""trtllm"" --backend-version ""1.3.0rc20"" --forward-model op_level --max-workers 8",,192,48,PERF_DATA_MISSING=192,,26dae1f99b2b50fb17118f38d8a8e95dfac3357c
deepseek-ai/DeepSeek-V4-Flash,DeepseekV4ForCausalLM,b200_sxm,trtllm,1.3.0rc23,PASS,,"python python/aisimulate/tools/support_matrix/generate_fpe_support_matrix.py --model ""deepseek-ai/DeepSeek-V4-Flash"" --system ""b200_sxm"" --backend ""trtllm"" --backend-version ""1.3.0rc23"" --forward-model op_level --max-workers 8",silicon,192,48,"PASS=128, PERF_DATA_MISSING=64","decode_end=2907.947689, decode_start=11.420145, mixed=26.022081, prefill=21.376586",26dae1f99b2b50fb17118f38d8a8e95dfac3357c
deepseek-ai/DeepSeek-V4-Flash,DeepseekV4ForCausalLM,b200_sxm,vllm,0.1.dev19262,FAIL,Strict-native op-level FPE probes: PERF_DATA_MISSING=192; raw probes=192; topologies=48; source_sha=26dae1f99b2b50fb17118f38d8a8e95dfac3357c. Representative failure: perf database error: perf database error: no MHC module rows loaded from 1 source(s) (first: <repo>/python/aisimulate/src/aiconfigurator_core/systems/data/b200_sxm/vllm/0.1.dev19262/mhc_module_perf.parquet),"python python/aisimulate/tools/support_matrix/generate_fpe_support_matrix.py --model ""deepseek-ai/DeepSeek-V4-Flash"" --system ""b200_sxm"" --backend ""vllm"" --backend-version ""0.1.dev19262"" --forward-model op_level --max-workers 8",,192,48,PERF_DATA_MISSING=192,,26dae1f99b2b50fb17118f38d8a8e95dfac3357c
deepseek-ai/DeepSeek-V4-Flash,DeepseekV4ForCausalLM,b200_sxm,vllm,0.19.0,FAIL,Strict-native op-level FPE probes: PERF_DATA_MISSING=192; raw probes=192; topologies=48; source_sha=26dae1f99b2b50fb17118f38d8a8e95dfac3357c. Representative failure: perf database error: perf database error: no MHC module rows loaded from 1 source(s) (first: <repo>/python/aisimulate/src/aiconfigurator_core/systems/data/b200_sxm/vllm/0.19.0/mhc_module_perf.parquet),"python python/aisimulate/tools/support_matrix/generate_fpe_support_matrix.py --model ""deepseek-ai/DeepSeek-V4-Flash"" --system ""b200_sxm"" --backend ""vllm"" --backend-version ""0.19.0"" --forward-model op_level --max-workers 8",,192,48,PERF_DATA_MISSING=192,,26dae1f99b2b50fb17118f38d8a8e95dfac3357c
deepseek-ai/DeepSeek-V4-Flash,DeepseekV4ForCausalLM,b200_sxm,vllm,0.22.0,PASS,,"python python/aisimulate/tools/support_matrix/generate_fpe_support_matrix.py --model ""deepseek-ai/DeepSeek-V4-Flash"" --system ""b200_sxm"" --backend ""vllm"" --backend-version ""0.22.0"" --forward-model op_level --max-workers 8",silicon,192,48,PASS=192,"decode_end=4794.061708, decode_start=18.826912, mixed=47.699590, prefill=38.833676",26dae1f99b2b50fb17118f38d8a8e95dfac3357c
deepseek-ai/DeepSeek-V4-Flash,DeepseekV4ForCausalLM,b200_sxm,vllm,0.24.0,PASS,,"python python/aisimulate/tools/support_matrix/generate_fpe_support_matrix.py --model ""deepseek-ai/DeepSeek-V4-Flash"" --system ""b200_sxm"" --backend ""vllm"" --backend-version ""0.24.0"" --forward-model op_level --max-workers 8",silicon,192,48,PASS=192,"decode_end=5059.190129, decode_start=19.866631, mixed=47.905647, prefill=41.031406",26dae1f99b2b50fb17118f38d8a8e95dfac3357c
deepseek-ai/DeepSeek-V4-Pro,DeepseekV4ForCausalLM,b200_sxm,sglang,0.5.10,FAIL,"Strict-native op-level FPE probes: PERF_DATA_MISSING=340, SDK_UNREPRESENTABLE=460; raw probes=800; topologies=200; source_sha=26dae1f99b2b50fb17118f38d8a8e95dfac3357c. Representative failure: perf database error: MoE data missing for MoeKey { quant: ""w4a8_mxfp4_mxfp8_trtllm"", distribution: ""uniform"", topk: 6, num_experts: 384, hidden_size: 7168, inter_size: 3072, moe_tp_size: 1, moe_ep_size: 1 } at <repo>/python/aisimulate/src/aiconfigurator_core/systems/data/b200_sxm/sglang/0.5.10","python python/aisimulate/tools/support_matrix/generate_fpe_support_matrix.py --model ""deepseek-ai/DeepSeek-V4-Pro"" --system ""b200_sxm"" --backend ""sglang"" --backend-version ""0.5.10"" --forward-model op_level --max-workers 8",,800,200,"PERF_DATA_MISSING=340, SDK_UNREPRESENTABLE=460",,26dae1f99b2b50fb17118f38d8a8e95dfac3357c
deepseek-ai/DeepSeek-V4-Pro,DeepseekV4ForCausalLM,b200_sxm,sglang,0.5.12,PASS,,"python python/aisimulate/tools/support_matrix/generate_fpe_support_matrix.py --model ""deepseek-ai/DeepSeek-V4-Pro"" --system ""b200_sxm"" --backend ""sglang"" --backend-version ""0.5.12"" --forward-model op_level --max-workers 8",silicon,800,200,"PASS=320, PERF_DATA_MISSING=20, SDK_UNREPRESENTABLE=460","decode_end=6676.413068, decode_start=26.163622, mixed=108.189469, prefill=99.387985",26dae1f99b2b50fb17118f38d8a8e95dfac3357c
deepseek-ai/DeepSeek-V4-Pro,DeepseekV4ForCausalLM,b200_sxm,sglang,0.5.14,PASS,,"python python/aisimulate/tools/support_matrix/generate_fpe_support_matrix.py --model ""deepseek-ai/DeepSeek-V4-Pro"" --system ""b200_sxm"" --backend ""sglang"" --backend-version ""0.5.14"" --forward-model op_level --max-workers 8",silicon,800,200,"PASS=320, PERF_DATA_MISSING=20, SDK_UNREPRESENTABLE=460","decode_end=6676.413068, decode_start=26.163622, mixed=108.189469, prefill=99.387985",26dae1f99b2b50fb17118f38d8a8e95dfac3357c
deepseek-ai/DeepSeek-V4-Pro,DeepseekV4ForCausalLM,b200_sxm,sglang,0.5.16,PASS,,"python python/aisimulate/tools/support_matrix/generate_fpe_support_matrix.py --model ""deepseek-ai/DeepSeek-V4-Pro"" --system ""b200_sxm"" --backend ""sglang"" --backend-version ""0.5.16"" --forward-model op_level --max-workers 8",silicon,800,200,"PASS=320, PERF_DATA_MISSING=20, SDK_UNREPRESENTABLE=460","decode_end=6676.413068, decode_start=26.163622, mixed=108.189469, prefill=99.387985",26dae1f99b2b50fb17118f38d8a8e95dfac3357c
deepseek-ai/DeepSeek-V4-Pro,DeepseekV4ForCausalLM,b200_sxm,sglang,0.5.9,FAIL,"Strict-native op-level FPE probes: PERF_DATA_MISSING=340, SDK_UNREPRESENTABLE=460; raw probes=800; topologies=200; source_sha=26dae1f99b2b50fb17118f38d8a8e95dfac3357c. Representative failure: perf database error: perf database error: no MHC module rows loaded from 1 source(s) (first: <repo>/python/aisimulate/src/aiconfigurator_core/systems/data/b200_sxm/sglang/0.5.9/mhc_module_perf.parquet)","python python/aisimulate/tools/support_matrix/generate_fpe_support_matrix.py --model ""deepseek-ai/DeepSeek-V4-Pro"" --system ""b200_sxm"" --backend ""sglang"" --backend-version ""0.5.9"" --forward-model op_level --max-workers 8",,800,200,"PERF_DATA_MISSING=340, SDK_UNREPRESENTABLE=460",,26dae1f99b2b50fb17118f38d8a8e95dfac3357c
deepseek-ai/DeepSeek-V4-Pro,DeepseekV4ForCausalLM,b200_sxm,trtllm,1.2.0rc5,FAIL,Strict-native op-level FPE probes: PERF_DATA_MISSING=192; raw probes=192; topologies=48; source_sha=26dae1f99b2b50fb17118f38d8a8e95dfac3357c. Representative failure: perf database error: perf database error: no MHC module rows loaded from 1 source(s) (first: <repo>/python/aisimulate/src/aiconfigurator_core/systems/data/b200_sxm/trtllm/1.2.0rc5/mhc_module_perf.parquet),"python python/aisimulate/tools/support_matrix/generate_fpe_support_matrix.py --model ""deepseek-ai/DeepSeek-V4-Pro"" --system ""b200_sxm"" --backend ""trtllm"" --backend-version ""1.2.0rc5"" --forward-model op_level --max-workers 8",,192,48,PERF_DATA_MISSING=192,,26dae1f99b2b50fb17118f38d8a8e95dfac3357c
deepseek-ai/DeepSeek-V4-Pro,DeepseekV4ForCausalLM,b200_sxm,trtllm,1.3.0rc10,FAIL,Strict-native op-level FPE probes: PERF_DATA_MISSING=192; raw probes=192; topologies=48; source_sha=26dae1f99b2b50fb17118f38d8a8e95dfac3357c. Representative failure: perf database error: perf database error: no MHC module rows loaded from 1 source(s) (first: <repo>/python/aisimulate/src/aiconfigurator_core/systems/data/b200_sxm/trtllm/1.3.0rc10/mhc_module_perf.parquet),"python python/aisimulate/tools/support_matrix/generate_fpe_support_matrix.py --model ""deepseek-ai/DeepSeek-V4-Pro"" --system ""b200_sxm"" --backend ""trtllm"" --backend-version ""1.3.0rc10"" --forward-model op_level --max-workers 8",,192,48,PERF_DATA_MISSING=192,,26dae1f99b2b50fb17118f38d8a8e95dfac3357c
deepseek-ai/DeepSeek-V4-Pro,DeepseekV4ForCausalLM,b200_sxm,trtllm,1.3.0rc15,FAIL,Strict-native op-level FPE probes: PERF_DATA_MISSING=192; raw probes=192; topologies=48; source_sha=26dae1f99b2b50fb17118f38d8a8e95dfac3357c. Representative failure: perf database error: perf database error: no MHC module rows loaded from 1 source(s) (first: <repo>/python/aisimulate/src/aiconfigurator_core/systems/data/b200_sxm/trtllm/1.3.0rc15/mhc_module_perf.parquet),"python python/aisimulate/tools/support_matrix/generate_fpe_support_matrix.py --model ""deepseek-ai/DeepSeek-V4-Pro"" --system ""b200_sxm"" --backend ""trtllm"" --backend-version ""1.3.0rc15"" --forward-model op_level --max-workers 8",,192,48,PERF_DATA_MISSING=192,,26dae1f99b2b50fb17118f38d8a8e95dfac3357c
deepseek-ai/DeepSeek-V4-Pro,DeepseekV4ForCausalLM,b200_sxm,trtllm,1.3.0rc20,FAIL,"Strict-native op-level FPE probes: PERF_DATA_MISSING=192; raw probes=192; topologies=48; source_sha=26dae1f99b2b50fb17118f38d8a8e95dfac3357c. Representative failure: perf database error: MoE data missing for MoeKey { quant: ""w4a8_mxfp4_mxfp8"", distribution: ""power_law_1.01"", topk: 6, num_experts: 384, hidden_size: 7168, inter_size: 3072, moe_tp_size: 1, moe_ep_size: 1 } at <repo>/python/aisimulate/src/aiconfigurator_core/systems/data/b200_sxm/trtllm/1.3.0rc20","python python/aisimulate/tools/support_matrix/generate_fpe_support_matrix.py --model ""deepseek-ai/DeepSeek-V4-Pro"" --system ""b200_sxm"" --backend ""trtllm"" --backend-version ""1.3.0rc20"" --forward-model op_level --max-workers 8",,192,48,PERF_DATA_MISSING=192,,26dae1f99b2b50fb17118f38d8a8e95dfac3357c
deepseek-ai/DeepSeek-V4-Pro,DeepseekV4ForCausalLM,b200_sxm,trtllm,1.3.0rc23,PASS,,"python python/aisimulate/tools/support_matrix/generate_fpe_support_matrix.py --model ""deepseek-ai/DeepSeek-V4-Pro"" --system ""b200_sxm"" --backend ""trtllm"" --backend-version ""1.3.0rc23"" --forward-model op_level --max-workers 8",silicon,192,48,"PASS=32, PERF_DATA_MISSING=160","decode_end=5703.396368, decode_start=22.444266, mixed=59.510238, prefill=48.693210",26dae1f99b2b50fb17118f38d8a8e95dfac3357c
deepseek-ai/DeepSeek-V4-Pro,DeepseekV4ForCausalLM,b200_sxm,vllm,0.1.dev19262,FAIL,Strict-native op-level FPE probes: PERF_DATA_MISSING=192; raw probes=192; topologies=48; source_sha=26dae1f99b2b50fb17118f38d8a8e95dfac3357c. Representative failure: perf database error: perf database error: no MHC module rows loaded from 1 source(s) (first: <repo>/python/aisimulate/src/aiconfigurator_core/systems/data/b200_sxm/vllm/0.1.dev19262/mhc_module_perf.parquet),"python python/aisimulate/tools/support_matrix/generate_fpe_support_matrix.py --model ""deepseek-ai/DeepSeek-V4-Pro"" --system ""b200_sxm"" --backend ""vllm"" --backend-version ""0.1.dev19262"" --forward-model op_level --max-workers 8",,192,48,PERF_DATA_MISSING=192,,26dae1f99b2b50fb17118f38d8a8e95dfac3357c
deepseek-ai/DeepSeek-V4-Pro,DeepseekV4ForCausalLM,b200_sxm,vllm,0.19.0,FAIL,Strict-native op-level FPE probes: PERF_DATA_MISSING=192; raw probes=192; topologies=48; source_sha=26dae1f99b2b50fb17118f38d8a8e95dfac3357c. Representative failure: perf database error: perf database error: no MHC module rows loaded from 1 source(s) (first: <repo>/python/aisimulate/src/aiconfigurator_core/systems/data/b200_sxm/vllm/0.19.0/mhc_module_perf.parquet),"python python/aisimulate/tools/support_matrix/generate_fpe_support_matrix.py --model ""deepseek-ai/DeepSeek-V4-Pro"" --system ""b200_sxm"" --backend ""vllm"" --backend-version ""0.19.0"" --forward-model op_level --max-workers 8",,192,48,PERF_DATA_MISSING=192,,26dae1f99b2b50fb17118f38d8a8e95dfac3357c
deepseek-ai/DeepSeek-V4-Pro,DeepseekV4ForCausalLM,b200_sxm,vllm,0.22.0,PASS,,"python python/aisimulate/tools/support_matrix/generate_fpe_support_matrix.py --model ""deepseek-ai/DeepSeek-V4-Pro"" --system ""b200_sxm"" --backend ""vllm"" --backend-version ""0.22.0"" --forward-model op_level --max-workers 8",silicon,192,48,PASS=192,"decode_end=7655.190383, decode_start=30.063061, mixed=132.586747, prefill=116.480147",26dae1f99b2b50fb17118f38d8a8e95dfac3357c
deepseek-ai/DeepSeek-V4-Pro,DeepseekV4ForCausalLM,b200_sxm,vllm,0.24.0,PASS,,"python python/aisimulate/tools/support_matrix/generate_fpe_support_matrix.py --model ""deepseek-ai/DeepSeek-V4-Pro"" --system ""b200_sxm"" --backend ""vllm"" --backend-version ""0.24.0"" --forward-model op_level --max-workers 8",silicon,192,48,PASS=192,"decode_end=7880.301160, decode_start=30.945849, mixed=133.027101, prefill=118.731741",26dae1f99b2b50fb17118f38d8a8e95dfac3357c
google/gemma-4-26B-A4B,Gemma4ForConditionalGeneration,b200_sxm,sglang,0.5.10,FAIL,"Strict-native op-level FPE probes: PERF_DATA_MISSING=220, SDK_UNREPRESENTABLE=320; raw probes=540; topologies=135; source_sha=26dae1f99b2b50fb17118f38d8a8e95dfac3357c. Representative failure: perf database error: MoE data missing for MoeKey { quant: ""bfloat16"", distribution: ""power_law_1.01"", topk: 8, num_experts: 128, hidden_size: 2816, inter_size: 704, moe_tp_size: 1, moe_ep_size: 16 } at <repo>/python/aisimulate/src/aiconfigurator_core/systems/data/b200_sxm/sglang/0.5.10","python python/aisimulate/tools/support_matrix/generate_fpe_support_matrix.py --model ""google/gemma-4-26B-A4B"" --system ""b200_sxm"" --backend ""sglang"" --backend-version ""0.5.10"" --forward-model op_level --max-workers 8",,540,135,"PERF_DATA_MISSING=220, SDK_UNREPRESENTABLE=320",,26dae1f99b2b50fb17118f38d8a8e95dfac3357c
google/gemma-4-26B-A4B,Gemma4ForConditionalGeneration,b200_sxm,sglang,0.5.12,PASS,,"python python/aisimulate/tools/support_matrix/generate_fpe_support_matrix.py --model ""google/gemma-4-26B-A4B"" --system ""b200_sxm"" --backend ""sglang"" --backend-version ""0.5.12"" --forward-model op_level --max-workers 8",silicon,540,135,"PASS=200, PERF_DATA_MISSING=20, SDK_UNREPRESENTABLE=320","decode_end=1406.428412, decode_start=5.515370, mixed=10.759737, prefill=10.316101",26dae1f99b2b50fb17118f38d8a8e95dfac3357c
google/gemma-4-26B-A4B,Gemma4ForConditionalGeneration,b200_sxm,sglang,0.5.14,PASS,,"python python/aisimulate/tools/support_matrix/generate_fpe_support_matrix.py --model ""google/gemma-4-26B-A4B"" --system ""b200_sxm"" --backend ""sglang"" --backend-version ""0.5.14"" --forward-model op_level --max-workers 8",silicon,540,135,"PASS=200, PERF_DATA_MISSING=20, SDK_UNREPRESENTABLE=320","decode_end=1406.428412, decode_start=5.515370, mixed=10.759737, prefill=10.316101",26dae1f99b2b50fb17118f38d8a8e95dfac3357c
google/gemma-4-26B-A4B,Gemma4ForConditionalGeneration,b200_sxm,sglang,0.5.16,PASS,,"python python/aisimulate/tools/support_matrix/generate_fpe_support_matrix.py --model ""google/gemma-4-26B-A4B"" --system ""b200_sxm"" --backend ""sglang"" --backend-version ""0.5.16"" --forward-model op_level --max-workers 8",silicon,540,135,"PASS=200, PERF_DATA_MISSING=20, SDK_UNREPRESENTABLE=320","decode_end=1406.428412, decode_start=5.515370, mixed=10.759737, prefill=10.316101",26dae1f99b2b50fb17118f38d8a8e95dfac3357c
google/gemma-4-26B-A4B,Gemma4ForConditionalGeneration,b200_sxm,sglang,0.5.9,FAIL,"Strict-native op-level FPE probes: PERF_DATA_MISSING=220, SDK_UNREPRESENTABLE=320; raw probes=540; topologies=135; source_sha=26dae1f99b2b50fb17118f38d8a8e95dfac3357c. Representative failure: perf database error: MoE data missing for MoeKey { quant: ""bfloat16"", distribution: ""power_law_1.01"", topk: 8, num_experts: 128, hidden_size: 2816, inter_size: 704, moe_tp_size: 1, moe_ep_size: 1 } at <repo>/python/aisimulate/src/aiconfigurator_core/systems/data/b200_sxm/sglang/0.5.9","python python/aisimulate/tools/support_matrix/generate_fpe_support_matrix.py --model ""google/gemma-4-26B-A4B"" --system ""b200_sxm"" --backend ""sglang"" --backend-version ""0.5.9"" --forward-model op_level --max-workers 8",,540,135,"PERF_DATA_MISSING=220, SDK_UNREPRESENTABLE=320",,26dae1f99b2b50fb17118f38d8a8e95dfac3357c
google/gemma-4-26B-A4B,Gemma4ForConditionalGeneration,b200_sxm,trtllm,1.2.0rc5,FAIL,"Strict-native op-level FPE probes: PERF_DATA_MISSING=116; raw probes=116; topologies=29; source_sha=26dae1f99b2b50fb17118f38d8a8e95dfac3357c. Representative failure: perf database error: MoE data missing for MoeKey { quant: ""bfloat16"", distribution: ""power_law_1.01"", topk: 8, num_experts: 128, hidden_size: 2816, inter_size: 704, moe_tp_size: 1, moe_ep_size: 1 } at <repo>/python/aisimulate/src/aiconfigurator_core/systems/data/b200_sxm/trtllm/1.2.0rc5","python python/aisimulate/tools/support_matrix/generate_fpe_support_matrix.py --model ""google/gemma-4-26B-A4B"" --system ""b200_sxm"" --backend ""trtllm"" --backend-version ""1.2.0rc5"" --forward-model op_level --max-workers 8",,116,29,PERF_DATA_MISSING=116,,26dae1f99b2b50fb17118f38d8a8e95dfac3357c
google/gemma-4-26B-A4B,Gemma4ForConditionalGeneration,b200_sxm,trtllm,1.3.0rc10,FAIL,"Strict-native op-level FPE probes: PERF_DATA_MISSING=116; raw probes=116; topologies=29; source_sha=26dae1f99b2b50fb17118f38d8a8e95dfac3357c. Representative failure: perf database error: MoE data missing for MoeKey { quant: ""bfloat16"", distribution: ""power_law_1.01"", topk: 8, num_experts: 128, hidden_size: 2816, inter_size: 704, moe_tp_size: 1, moe_ep_size: 16 } at <repo>/python/aisimulate/src/aiconfigurator_core/systems/data/b200_sxm/trtllm/1.3.0rc10","python python/aisimulate/tools/support_matrix/generate_fpe_support_matrix.py --model ""google/gemma-4-26B-A4B"" --system ""b200_sxm"" --backend ""trtllm"" --backend-version ""1.3.0rc10"" --forward-model op_level --max-workers 8",,116,29,PERF_DATA_MISSING=116,,26dae1f99b2b50fb17118f38d8a8e95dfac3357c
google/gemma-4-26B-A4B,Gemma4ForConditionalGeneration,b200_sxm,trtllm,1.3.0rc15,FAIL,"Strict-native op-level FPE probes: PERF_DATA_MISSING=116; raw probes=116; topologies=29; source_sha=26dae1f99b2b50fb17118f38d8a8e95dfac3357c. Representative failure: perf database error: MoE data missing for MoeKey { quant: ""bfloat16"", distribution: ""power_law_1.01"", topk: 8, num_experts: 128, hidden_size: 2816, inter_size: 704, moe_tp_size: 1, moe_ep_size: 16 } at <repo>/python/aisimulate/src/aiconfigurator_core/systems/data/b200_sxm/trtllm/1.3.0rc15","python python/aisimulate/tools/support_matrix/generate_fpe_support_matrix.py --model ""google/gemma-4-26B-A4B"" --system ""b200_sxm"" --backend ""trtllm"" --backend-version ""1.3.0rc15"" --forward-model op_level --max-workers 8",,116,29,PERF_DATA_MISSING=116,,26dae1f99b2b50fb17118f38d8a8e95dfac3357c
google/gemma-4-26B-A4B,Gemma4ForConditionalGeneration,b200_sxm,trtllm,1.3.0rc20,PASS,,"python python/aisimulate/tools/support_matrix/generate_fpe_support_matrix.py --model ""google/gemma-4-26B-A4B"" --system ""b200_sxm"" --backend ""trtllm"" --backend-version ""1.3.0rc20"" --forward-model op_level --max-workers 8",silicon,116,29,"PASS=100, PERF_DATA_MISSING=16","decode_end=1353.321757, decode_start=5.281002, mixed=10.476280, prefill=9.995401",26dae1f99b2b50fb17118f38d8a8e95dfac3357c
google/gemma-4-26B-A4B,Gemma4ForConditionalGeneration,b200_sxm,trtllm,1.3.0rc23,PASS,,"python python/aisimulate/tools/support_matrix/generate_fpe_support_matrix.py --model ""google/gemma-4-26B-A4B"" --system ""b200_sxm"" --backend ""trtllm"" --backend-version ""1.3.0rc23"" --forward-model op_level --max-workers 8",silicon,116,29,"PASS=100, PERF_DATA_MISSING=16","decode_end=1353.321757, decode_start=5.281002, mixed=10.476280, prefill=9.995401",26dae1f99b2b50fb17118f38d8a8e95dfac3357c
google/gemma-4-26B-A4B,Gemma4ForConditionalGeneration,b200_sxm,vllm,0.1.dev19262,FAIL,Strict-native op-level FPE probes: PERF_DATA_MISSING=116; raw probes=116; topologies=29; source_sha=26dae1f99b2b50fb17118f38d8a8e95dfac3357c. Representative failure: perf database error: perf database error: no GEMM rows loaded from 1 source(s) (first: <repo>/python/aisimulate/src/aiconfigurator_core/systems/data/b200_sxm/vllm/0.1.dev19262/gemm_perf.parquet),"python python/aisimulate/tools/support_matrix/generate_fpe_support_matrix.py --model ""google/gemma-4-26B-A4B"" --system ""b200_sxm"" --backend ""vllm"" --backend-version ""0.1.dev19262"" --forward-model op_level --max-workers 8",,116,29,PERF_DATA_MISSING=116,,26dae1f99b2b50fb17118f38d8a8e95dfac3357c
google/gemma-4-26B-A4B,Gemma4ForConditionalGeneration,b200_sxm,vllm,0.19.0,FAIL,"Strict-native op-level FPE probes: PERF_DATA_MISSING=116; raw probes=116; topologies=29; source_sha=26dae1f99b2b50fb17118f38d8a8e95dfac3357c. Representative failure: perf database error: MoE data missing for MoeKey { quant: ""bfloat16"", distribution: ""power_law_1.01"", topk: 8, num_experts: 128, hidden_size: 2816, inter_size: 704, moe_tp_size: 1, moe_ep_size: 16 } at <repo>/python/aisimulate/src/aiconfigurator_core/systems/data/b200_sxm/vllm/0.19.0","python python/aisimulate/tools/support_matrix/generate_fpe_support_matrix.py --model ""google/gemma-4-26B-A4B"" --system ""b200_sxm"" --backend ""vllm"" --backend-version ""0.19.0"" --forward-model op_level --max-workers 8",,116,29,PERF_DATA_MISSING=116,,26dae1f99b2b50fb17118f38d8a8e95dfac3357c
google/gemma-4-26B-A4B,Gemma4ForConditionalGeneration,b200_sxm,vllm,0.22.0,PASS,,"python python/aisimulate/tools/support_matrix/generate_fpe_support_matrix.py --model ""google/gemma-4-26B-A4B"" --system ""b200_sxm"" --backend ""vllm"" --backend-version ""0.22.0"" --forward-model op_level --max-workers 8",silicon,116,29,PASS=116,"decode_end=1382.823251, decode_start=5.414356, mixed=10.861363, prefill=10.515767",26dae1f99b2b50fb17118f38d8a8e95dfac3357c
google/gemma-4-26B-A4B,Gemma4ForConditionalGeneration,b200_sxm,vllm,0.24.0,PASS,,"python python/aisimulate/tools/support_matrix/generate_fpe_support_matrix.py --model ""google/gemma-4-26B-A4B"" --system ""b200_sxm"" --backend ""vllm"" --backend-version ""0.24.0"" --forward-model op_level --max-workers 8",silicon,116,29,PASS=116,"decode_end=1574.915793, decode_start=6.145798, mixed=11.573691, prefill=11.078950",26dae1f99b2b50fb17118f38d8a8e95dfac3357c
meta-llama/Llama-4-Maverick-17B-128E-Instruct,Llama4ForConditionalGeneration,b200_sxm,sglang,0.5.10,FAIL,"Strict-native op-level FPE probes: BUILD_FAILED=20, PERF_DATA_MISSING=200, SDK_UNREPRESENTABLE=320; raw probes=540; topologies=135; source_sha=26dae1f99b2b50fb17118f38d8a8e95dfac3357c. Representative failure: num_heads 40 should be divisible by tp_size 16","python python/aisimulate/tools/support_matrix/generate_fpe_support_matrix.py --model ""meta-llama/Llama-4-Maverick-17B-128E-Instruct"" --system ""b200_sxm"" --backend ""sglang"" --backend-version ""0.5.10"" --forward-model op_level --max-workers 8",,540,135,"BUILD_FAILED=20, PERF_DATA_MISSING=200, SDK_UNREPRESENTABLE=320",,26dae1f99b2b50fb17118f38d8a8e95dfac3357c
meta-llama/Llama-4-Maverick-17B-128E-Instruct,Llama4ForConditionalGeneration,b200_sxm,sglang,0.5.12,PASS,,"python python/aisimulate/tools/support_matrix/generate_fpe_support_matrix.py --model ""meta-llama/Llama-4-Maverick-17B-128E-Instruct"" --system ""b200_sxm"" --backend ""sglang"" --backend-version ""0.5.12"" --forward-model op_level --max-workers 8",silicon,540,135,"BUILD_FAILED=20, PASS=200, SDK_UNREPRESENTABLE=320","decode_end=3521.134216, decode_start=13.770578, mixed=74.021411, prefill=69.875410",26dae1f99b2b50fb17118f38d8a8e95dfac3357c
meta-llama/Llama-4-Maverick-17B-128E-Instruct,Llama4ForConditionalGeneration,b200_sxm,sglang,0.5.14,PASS,,"python python/aisimulate/tools/support_matrix/generate_fpe_support_matrix.py --model ""meta-llama/Llama-4-Maverick-17B-128E-Instruct"" --system ""b200_sxm"" --backend ""sglang"" --backend-version ""0.5.14"" --forward-model op_level --max-workers 8",silicon,540,135,"BUILD_FAILED=20, PASS=200, SDK_UNREPRESENTABLE=320","decode_end=3521.134216, decode_start=13.770578, mixed=74.021411, prefill=69.875410",26dae1f99b2b50fb17118f38d8a8e95dfac3357c
meta-llama/Llama-4-Maverick-17B-128E-Instruct,Llama4ForConditionalGeneration,b200_sxm,sglang,0.5.16,PASS,,"python python/aisimulate/tools/support_matrix/generate_fpe_support_matrix.py --model ""meta-llama/Llama-4-Maverick-17B-128E-Instruct"" --system ""b200_sxm"" --backend ""sglang"" --backend-version ""0.5.16"" --forward-model op_level --max-workers 8",silicon,540,135,"BUILD_FAILED=20, PASS=200, SDK_UNREPRESENTABLE=320","decode_end=3521.134216, decode_start=13.770578, mixed=74.021411, prefill=69.875410",26dae1f99b2b50fb17118f38d8a8e95dfac3357c
meta-llama/Llama-4-Maverick-17B-128E-Instruct,Llama4ForConditionalGeneration,b200_sxm,sglang,0.5.9,FAIL,"Strict-native op-level FPE probes: BUILD_FAILED=20, PERF_DATA_MISSING=200, SDK_UNREPRESENTABLE=320; raw probes=540; topologies=135; source_sha=26dae1f99b2b50fb17118f38d8a8e95dfac3357c. Representative failure: num_heads 40 should be divisible by tp_size 16","python python/aisimulate/tools/support_matrix/generate_fpe_support_matrix.py --model ""meta-llama/Llama-4-Maverick-17B-128E-Instruct"" --system ""b200_sxm"" --backend ""sglang"" --backend-version ""0.5.9"" --forward-model op_level --max-workers 8",,540,135,"BUILD_FAILED=20, PERF_DATA_MISSING=200, SDK_UNREPRESENTABLE=320",,26dae1f99b2b50fb17118f38d8a8e95dfac3357c
meta-llama/Llama-4-Maverick-17B-128E-Instruct,Llama4ForConditionalGeneration,b200_sxm,trtllm,1.2.0rc5,FAIL,"Strict-native op-level FPE probes: BUILD_FAILED=20, PERF_DATA_MISSING=96; raw probes=116; topologies=29; source_sha=26dae1f99b2b50fb17118f38d8a8e95dfac3357c. Representative failure: num_heads 40 should be divisible by tp_size 16","python python/aisimulate/tools/support_matrix/generate_fpe_support_matrix.py --model ""meta-llama/Llama-4-Maverick-17B-128E-Instruct"" --system ""b200_sxm"" --backend ""trtllm"" --backend-version ""1.2.0rc5"" --forward-model op_level --max-workers 8",,116,29,"BUILD_FAILED=20, PERF_DATA_MISSING=96",,26dae1f99b2b50fb17118f38d8a8e95dfac3357c
meta-llama/Llama-4-Maverick-17B-128E-Instruct,Llama4ForConditionalGeneration,b200_sxm,trtllm,1.3.0rc10,PASS,,"python python/aisimulate/tools/support_matrix/generate_fpe_support_matrix.py --model ""meta-llama/Llama-4-Maverick-17B-128E-Instruct"" --system ""b200_sxm"" --backend ""trtllm"" --backend-version ""1.3.0rc10"" --forward-model op_level --max-workers 8",silicon,116,29,"BUILD_FAILED=20, PASS=76, PERF_DATA_MISSING=20","decode_end=3408.648918, decode_start=13.202418, mixed=66.714672, prefill=64.183762",26dae1f99b2b50fb17118f38d8a8e95dfac3357c
meta-llama/Llama-4-Maverick-17B-128E-Instruct,Llama4ForConditionalGeneration,b200_sxm,trtllm,1.3.0rc15,PASS,,"python python/aisimulate/tools/support_matrix/generate_fpe_support_matrix.py --model ""meta-llama/Llama-4-Maverick-17B-128E-Instruct"" --system ""b200_sxm"" --backend ""trtllm"" --backend-version ""1.3.0rc15"" --forward-model op_level --max-workers 8",silicon,116,29,"BUILD_FAILED=20, PASS=84, PERF_DATA_MISSING=12","decode_end=3170.610619, decode_start=12.413701, mixed=65.734877, prefill=64.152366",26dae1f99b2b50fb17118f38d8a8e95dfac3357c
meta-llama/Llama-4-Maverick-17B-128E-Instruct,Llama4ForConditionalGeneration,b200_sxm,trtllm,1.3.0rc20,PASS,,"python python/aisimulate/tools/support_matrix/generate_fpe_support_matrix.py --model ""meta-llama/Llama-4-Maverick-17B-128E-Instruct"" --system ""b200_sxm"" --backend ""trtllm"" --backend-version ""1.3.0rc20"" --forward-model op_level --max-workers 8",silicon,116,29,"BUILD_FAILED=20, PASS=96","decode_end=3189.936536, decode_start=12.506956, mixed=65.578090, prefill=62.820665",26dae1f99b2b50fb17118f38d8a8e95dfac3357c
meta-llama/Llama-4-Maverick-17B-128E-Instruct,Llama4ForConditionalGeneration,b200_sxm,trtllm,1.3.0rc23,PASS,,"python python/aisimulate/tools/support_matrix/generate_fpe_support_matrix.py --model ""meta-llama/Llama-4-Maverick-17B-128E-Instruct"" --system ""b200_sxm"" --backend ""trtllm"" --backend-version ""1.3.0rc23"" --forward-model op_level --max-workers 8",silicon,116,29,"BUILD_FAILED=20, PASS=96","decode_end=3189.936536, decode_start=12.506956, mixed=65.578090, prefill=62.820665",26dae1f99b2b50fb17118f38d8a8e95dfac3357c
meta-llama/Llama-4-Maverick-17B-128E-Instruct,Llama4ForConditionalGeneration,b200_sxm,vllm,0.1.dev19262,FAIL,"Strict-native op-level FPE probes: BUILD_FAILED=8, PERF_DATA_MISSING=108; raw probes=116; topologies=29; source_sha=26dae1f99b2b50fb17118f38d8a8e95dfac3357c. Representative failure: num_heads 40 should be divisible by tp_size 16","python python/aisimulate/tools/support_matrix/generate_fpe_support_matrix.py --model ""meta-llama/Llama-4-Maverick-17B-128E-Instruct"" --system ""b200_sxm"" --backend ""vllm"" --backend-version ""0.1.dev19262"" --forward-model op_level --max-workers 8",,116,29,"BUILD_FAILED=8, PERF_DATA_MISSING=108",,26dae1f99b2b50fb17118f38d8a8e95dfac3357c
meta-llama/Llama-4-Maverick-17B-128E-Instruct,Llama4ForConditionalGeneration,b200_sxm,vllm,0.19.0,PASS,,"python python/aisimulate/tools/support_matrix/generate_fpe_support_matrix.py --model ""meta-llama/Llama-4-Maverick-17B-128E-Instruct"" --system ""b200_sxm"" --backend ""vllm"" --backend-version ""0.19.0"" --forward-model op_level --max-workers 8",silicon,116,29,"BUILD_FAILED=8, PASS=76, PERF_DATA_MISSING=32","decode_end=2136.251030, decode_start=8.329912, mixed=67.144462, prefill=65.023115",26dae1f99b2b50fb17118f38d8a8e95dfac3357c
meta-llama/Llama-4-Maverick-17B-128E-Instruct,Llama4ForConditionalGeneration,b200_sxm,vllm,0.22.0,PASS,,"python python/aisimulate/tools/support_matrix/generate_fpe_support_matrix.py --model ""meta-llama/Llama-4-Maverick-17B-128E-Instruct"" --system ""b200_sxm"" --backend ""vllm"" --backend-version ""0.22.0"" --forward-model op_level --max-workers 8",silicon,116,29,"BUILD_FAILED=8, PASS=108","decode_end=3129.053864, decode_start=12.233725, mixed=72.134902, prefill=68.861783",26dae1f99b2b50fb17118f38d8a8e95dfac3357c
meta-llama/Llama-4-Maverick-17B-128E-Instruct,Llama4ForConditionalGeneration,b200_sxm,vllm,0.24.0,PASS,,"python python/aisimulate/tools/support_matrix/generate_fpe_support_matrix.py --model ""meta-llama/Llama-4-Maverick-17B-128E-Instruct"" --system ""b200_sxm"" --backend ""vllm"" --backend-version ""0.24.0"" --forward-model op_level --max-workers 8",silicon,116,29,"BUILD_FAILED=8, PASS=108","decode_end=2968.126684, decode_start=11.604106, mixed=61.458910, prefill=57.795088",26dae1f99b2b50fb17118f38d8a8e95dfac3357c
meta-llama/Llama-4-Scout-17B-16E-Instruct,Llama4ForConditionalGeneration,b200_sxm,sglang,0.5.10,FAIL,"Strict-native op-level FPE probes: BUILD_FAILED=20, PERF_DATA_MISSING=200, SDK_UNREPRESENTABLE=320; raw probes=540; topologies=135; source_sha=26dae1f99b2b50fb17118f38d8a8e95dfac3357c. Representative failure: num_heads 40 should be divisible by tp_size 16","python python/aisimulate/tools/support_matrix/generate_fpe_support_matrix.py --model ""meta-llama/Llama-4-Scout-17B-16E-Instruct"" --system ""b200_sxm"" --backend ""sglang"" --backend-version ""0.5.10"" --forward-model op_level --max-workers 8",,540,135,"BUILD_FAILED=20, PERF_DATA_MISSING=200, SDK_UNREPRESENTABLE=320",,26dae1f99b2b50fb17118f38d8a8e95dfac3357c
meta-llama/Llama-4-Scout-17B-16E-Instruct,Llama4ForConditionalGeneration,b200_sxm,sglang,0.5.12,PASS,,"python python/aisimulate/tools/support_matrix/generate_fpe_support_matrix.py --model ""meta-llama/Llama-4-Scout-17B-16E-Instruct"" --system ""b200_sxm"" --backend ""sglang"" --backend-version ""0.5.12"" --forward-model op_level --max-workers 8",silicon,540,135,"BUILD_FAILED=20, PASS=200, SDK_UNREPRESENTABLE=320","decode_end=4223.412111, decode_start=16.524609, mixed=42.628744, prefill=41.689179",26dae1f99b2b50fb17118f38d8a8e95dfac3357c
meta-llama/Llama-4-Scout-17B-16E-Instruct,Llama4ForConditionalGeneration,b200_sxm,sglang,0.5.14,PASS,,"python python/aisimulate/tools/support_matrix/generate_fpe_support_matrix.py --model ""meta-llama/Llama-4-Scout-17B-16E-Instruct"" --system ""b200_sxm"" --backend ""sglang"" --backend-version ""0.5.14"" --forward-model op_level --max-workers 8",silicon,540,135,"BUILD_FAILED=20, PASS=200, SDK_UNREPRESENTABLE=320","decode_end=4223.412111, decode_start=16.524609, mixed=42.628744, prefill=41.689179",26dae1f99b2b50fb17118f38d8a8e95dfac3357c
meta-llama/Llama-4-Scout-17B-16E-Instruct,Llama4ForConditionalGeneration,b200_sxm,sglang,0.5.16,PASS,,"python python/aisimulate/tools/support_matrix/generate_fpe_support_matrix.py --model ""meta-llama/Llama-4-Scout-17B-16E-Instruct"" --system ""b200_sxm"" --backend ""sglang"" --backend-version ""0.5.16"" --forward-model op_level --max-workers 8",silicon,540,135,"BUILD_FAILED=20, PASS=200, SDK_UNREPRESENTABLE=320","decode_end=4223.412111, decode_start=16.524609, mixed=42.628744, prefill=41.689179",26dae1f99b2b50fb17118f38d8a8e95dfac3357c
meta-llama/Llama-4-Scout-17B-16E-Instruct,Llama4ForConditionalGeneration,b200_sxm,sglang,0.5.9,FAIL,"Strict-native op-level FPE probes: BUILD_FAILED=20, PERF_DATA_MISSING=200, SDK_UNREPRESENTABLE=320; raw probes=540; topologies=135; source_sha=26dae1f99b2b50fb17118f38d8a8e95dfac3357c. Representative failure: num_heads 40 should be divisible by tp_size 16","python python/aisimulate/tools/support_matrix/generate_fpe_support_matrix.py --model ""meta-llama/Llama-4-Scout-17B-16E-Instruct"" --system ""b200_sxm"" --backend ""sglang"" --backend-version ""0.5.9"" --forward-model op_level --max-workers 8",,540,135,"BUILD_FAILED=20, PERF_DATA_MISSING=200, SDK_UNREPRESENTABLE=320",,26dae1f99b2b50fb17118f38d8a8e95dfac3357c
meta-llama/Llama-4-Scout-17B-16E-Instruct,Llama4ForConditionalGeneration,b200_sxm,trtllm,1.2.0rc5,FAIL,"Strict-native op-level FPE probes: BUILD_FAILED=20, PERF_DATA_MISSING=96; raw probes=116; topologies=29; source_sha=26dae1f99b2b50fb17118f38d8a8e95dfac3357c. Representative failure: num_heads 40 should be divisible by tp_size 16","python python/aisimulate/tools/support_matrix/generate_fpe_support_matrix.py --model ""meta-llama/Llama-4-Scout-17B-16E-Instruct"" --system ""b200_sxm"" --backend ""trtllm"" --backend-version ""1.2.0rc5"" --forward-model op_level --max-workers 8",,116,29,"BUILD_FAILED=20, PERF_DATA_MISSING=96",,26dae1f99b2b50fb17118f38d8a8e95dfac3357c
meta-llama/Llama-4-Scout-17B-16E-Instruct,Llama4ForConditionalGeneration,b200_sxm,trtllm,1.3.0rc10,PASS,,"python python/aisimulate/tools/support_matrix/generate_fpe_support_matrix.py --model ""meta-llama/Llama-4-Scout-17B-16E-Instruct"" --system ""b200_sxm"" --backend ""trtllm"" --backend-version ""1.3.0rc10"" --forward-model op_level --max-workers 8",silicon,116,29,"BUILD_FAILED=20, PASS=76, PERF_DATA_MISSING=20","decode_end=3827.307554, decode_start=14.844217, mixed=34.003715, prefill=32.320805",26dae1f99b2b50fb17118f38d8a8e95dfac3357c
meta-llama/Llama-4-Scout-17B-16E-Instruct,Llama4ForConditionalGeneration,b200_sxm,trtllm,1.3.0rc15,PASS,,"python python/aisimulate/tools/support_matrix/generate_fpe_support_matrix.py --model ""meta-llama/Llama-4-Scout-17B-16E-Instruct"" --system ""b200_sxm"" --backend ""trtllm"" --backend-version ""1.3.0rc15"" --forward-model op_level --max-workers 8",silicon,116,29,"BUILD_FAILED=20, PASS=76, PERF_DATA_MISSING=20","decode_end=3587.509733, decode_start=14.048600, mixed=33.021828, prefill=32.286901",26dae1f99b2b50fb17118f38d8a8e95dfac3357c
meta-llama/Llama-4-Scout-17B-16E-Instruct,Llama4ForConditionalGeneration,b200_sxm,trtllm,1.3.0rc20,PASS,,"python python/aisimulate/tools/support_matrix/generate_fpe_support_matrix.py --model ""meta-llama/Llama-4-Scout-17B-16E-Instruct"" --system ""b200_sxm"" --backend ""trtllm"" --backend-version ""1.3.0rc20"" --forward-model op_level --max-workers 8",silicon,116,29,"BUILD_FAILED=20, PASS=96","decode_end=4081.258249, decode_start=16.002336, mixed=33.045747, prefill=32.184363",26dae1f99b2b50fb17118f38d8a8e95dfac3357c
meta-llama/Llama-4-Scout-17B-16E-Instruct,Llama4ForConditionalGeneration,b200_sxm,trtllm,1.3.0rc23,PASS,,"python python/aisimulate/tools/support_matrix/generate_fpe_support_matrix.py --model ""meta-llama/Llama-4-Scout-17B-16E-Instruct"" --system ""b200_sxm"" --backend ""trtllm"" --backend-version ""1.3.0rc23"" --forward-model op_level --max-workers 8",silicon,116,29,"BUILD_FAILED=20, PASS=96","decode_end=4081.258249, decode_start=16.002336, mixed=33.045747, prefill=32.184363",26dae1f99b2b50fb17118f38d8a8e95dfac3357c
meta-llama/Llama-4-Scout-17B-16E-Instruct,Llama4ForConditionalGeneration,b200_sxm,vllm,0.1.dev19262,FAIL,"Strict-native op-level FPE probes: BUILD_FAILED=8, PERF_DATA_MISSING=108; raw probes=116; topologies=29; source_sha=26dae1f99b2b50fb17118f38d8a8e95dfac3357c. Representative failure: num_heads 40 should be divisible by tp_size 16","python python/aisimulate/tools/support_matrix/generate_fpe_support_matrix.py --model ""meta-llama/Llama-4-Scout-17B-16E-Instruct"" --system ""b200_sxm"" --backend ""vllm"" --backend-version ""0.1.dev19262"" --forward-model op_level --max-workers 8",,116,29,"BUILD_FAILED=8, PERF_DATA_MISSING=108",,26dae1f99b2b50fb17118f38d8a8e95dfac3357c
meta-llama/Llama-4-Scout-17B-16E-Instruct,Llama4ForConditionalGeneration,b200_sxm,vllm,0.19.0,PASS,,"python python/aisimulate/tools/support_matrix/generate_fpe_support_matrix.py --model ""meta-llama/Llama-4-Scout-17B-16E-Instruct"" --system ""b200_sxm"" --backend ""vllm"" --backend-version ""0.19.0"" --forward-model op_level --max-workers 8",silicon,116,29,"BUILD_FAILED=8, PASS=76, PERF_DATA_MISSING=32","decode_end=4677.291830, decode_start=18.294778, mixed=35.991279, prefill=35.132770",26dae1f99b2b50fb17118f38d8a8e95dfac3357c
meta-llama/Llama-4-Scout-17B-16E-Instruct,Llama4ForConditionalGeneration,b200_sxm,vllm,0.22.0,PASS,,"python python/aisimulate/tools/support_matrix/generate_fpe_support_matrix.py --model ""meta-llama/Llama-4-Scout-17B-16E-Instruct"" --system ""b200_sxm"" --backend ""vllm"" --backend-version ""0.22.0"" --forward-model op_level --max-workers 8",silicon,116,29,"BUILD_FAILED=8, PASS=108","decode_end=4213.953174, decode_start=16.488232, mixed=34.273692, prefill=33.233615",26dae1f99b2b50fb17118f38d8a8e95dfac3357c
meta-llama/Llama-4-Scout-17B-16E-Instruct,Llama4ForConditionalGeneration,b200_sxm,vllm,0.24.0,PASS,,"python python/aisimulate/tools/support_matrix/generate_fpe_support_matrix.py --model ""meta-llama/Llama-4-Scout-17B-16E-Instruct"" --system ""b200_sxm"" --backend ""vllm"" --backend-version ""0.24.0"" --forward-model op_level --max-workers 8",silicon,116,29,"BUILD_FAILED=8, PASS=108","decode_end=3803.279367, decode_start=14.879214, mixed=42.876020, prefill=41.090737",26dae1f99b2b50fb17118f38d8a8e95dfac3357c
meta-llama/Meta-Llama-3.1-405B,LlamaForCausalLM,b200_sxm,sglang,0.5.10,PASS,,"python python/aisimulate/tools/support_matrix/generate_fpe_support_matrix.py --model ""meta-llama/Meta-Llama-3.1-405B"" --system ""b200_sxm"" --backend ""sglang"" --backend-version ""0.5.10"" --forward-model op_level --max-workers 8",silicon,40,10,"PASS=16, SDK_UNREPRESENTABLE=24","decode_end=32119.138435, decode_start=125.956604, mixed=145.809644, prefill=140.857265",26dae1f99b2b50fb17118f38d8a8e95dfac3357c
meta-llama/Meta-Llama-3.1-405B,LlamaForCausalLM,b200_sxm,sglang,0.5.12,PASS,,"python python/aisimulate/tools/support_matrix/generate_fpe_support_matrix.py --model ""meta-llama/Meta-Llama-3.1-405B"" --system ""b200_sxm"" --backend ""sglang"" --backend-version ""0.5.12"" --forward-model op_level --max-workers 8",silicon,40,10,"PASS=16, SDK_UNREPRESENTABLE=24","decode_end=32252.150185, decode_start=126.480301, mixed=144.348346, prefill=140.758226",26dae1f99b2b50fb17118f38d8a8e95dfac3357c
meta-llama/Meta-Llama-3.1-405B,LlamaForCausalLM,b200_sxm,sglang,0.5.14,PASS,,"python python/aisimulate/tools/support_matrix/generate_fpe_support_matrix.py --model ""meta-llama/Meta-Llama-3.1-405B"" --system ""b200_sxm"" --backend ""sglang"" --backend-version ""0.5.14"" --forward-model op_level --max-workers 8",silicon,40,10,"PASS=16, SDK_UNREPRESENTABLE=24","decode_end=32252.150185, decode_start=126.480301, mixed=144.348346, prefill=140.758226",26dae1f99b2b50fb17118f38d8a8e95dfac3357c
meta-llama/Meta-Llama-3.1-405B,LlamaForCausalLM,b200_sxm,sglang,0.5.16,PASS,,"python python/aisimulate/tools/support_matrix/generate_fpe_support_matrix.py --model ""meta-llama/Meta-Llama-3.1-405B"" --system ""b200_sxm"" --backend ""sglang"" --backend-version ""0.5.16"" --forward-model op_level --max-workers 8",silicon,40,10,"PASS=16, SDK_UNREPRESENTABLE=24","decode_end=32252.150185, decode_start=126.480301, mixed=144.348346, prefill=140.758226",26dae1f99b2b50fb17118f38d8a8e95dfac3357c
meta-llama/Meta-Llama-3.1-405B,LlamaForCausalLM,b200_sxm,sglang,0.5.9,PASS,,"python python/aisimulate/tools/support_matrix/generate_fpe_support_matrix.py --model ""meta-llama/Meta-Llama-3.1-405B"" --system ""b200_sxm"" --backend ""sglang"" --backend-version ""0.5.9"" --forward-model op_level --max-workers 8",silicon,40,10,"PASS=16, SDK_UNREPRESENTABLE=24","decode_end=32225.011244, decode_start=126.374348, mixed=145.457386, prefill=142.239461",26dae1f99b2b50fb17118f38d8a8e95dfac3357c
meta-llama/Meta-Llama-3.1-405B,LlamaForCausalLM,b200_sxm,trtllm,1.2.0rc5,PASS,,"python python/aisimulate/tools/support_matrix/generate_fpe_support_matrix.py --model ""meta-llama/Meta-Llama-3.1-405B"" --system ""b200_sxm"" --backend ""trtllm"" --backend-version ""1.2.0rc5"" --forward-model op_level --max-workers 8",silicon,16,4,PASS=16,"decode_end=32665.773517, decode_start=127.992471, mixed=151.272152, prefill=146.707709",26dae1f99b2b50fb17118f38d8a8e95dfac3357c
meta-llama/Meta-Llama-3.1-405B,LlamaForCausalLM,b200_sxm,trtllm,1.3.0rc10,PASS,,"python python/aisimulate/tools/support_matrix/generate_fpe_support_matrix.py --model ""meta-llama/Meta-Llama-3.1-405B"" --system ""b200_sxm"" --backend ""trtllm"" --backend-version ""1.3.0rc10"" --forward-model op_level --max-workers 8",silicon,16,4,PASS=16,"decode_end=33469.878266, decode_start=130.321563, mixed=151.865519, prefill=144.145328",26dae1f99b2b50fb17118f38d8a8e95dfac3357c
meta-llama/Meta-Llama-3.1-405B,LlamaForCausalLM,b200_sxm,trtllm,1.3.0rc15,PASS,,"python python/aisimulate/tools/support_matrix/generate_fpe_support_matrix.py --model ""meta-llama/Meta-Llama-3.1-405B"" --system ""b200_sxm"" --backend ""trtllm"" --backend-version ""1.3.0rc15"" --forward-model op_level --max-workers 8",silicon,16,4,PASS=16,"decode_end=33469.878266, decode_start=130.321563, mixed=151.592592, prefill=143.872400",26dae1f99b2b50fb17118f38d8a8e95dfac3357c
meta-llama/Meta-Llama-3.1-405B,LlamaForCausalLM,b200_sxm,trtllm,1.3.0rc20,PASS,,"python python/aisimulate/tools/support_matrix/generate_fpe_support_matrix.py --model ""meta-llama/Meta-Llama-3.1-405B"" --system ""b200_sxm"" --backend ""trtllm"" --backend-version ""1.3.0rc20"" --forward-model op_level --max-workers 8",silicon,16,4,PASS=16,"decode_end=32803.916916, decode_start=128.548490, mixed=149.764464, prefill=144.093059",26dae1f99b2b50fb17118f38d8a8e95dfac3357c
meta-llama/Meta-Llama-3.1-405B,LlamaForCausalLM,b200_sxm,trtllm,1.3.0rc23,PASS,,"python python/aisimulate/tools/support_matrix/generate_fpe_support_matrix.py --model ""meta-llama/Meta-Llama-3.1-405B"" --system ""b200_sxm"" --backend ""trtllm"" --backend-version ""1.3.0rc23"" --forward-model op_level --max-workers 8",silicon,16,4,PASS=16,"decode_end=32803.916916, decode_start=128.548490, mixed=149.764464, prefill=144.093059",26dae1f99b2b50fb17118f38d8a8e95dfac3357c
meta-llama/Meta-Llama-3.1-405B,LlamaForCausalLM,b200_sxm,vllm,0.1.dev19262,FAIL,Strict-native op-level FPE probes: PERF_DATA_MISSING=16; raw probes=16; topologies=4; source_sha=26dae1f99b2b50fb17118f38d8a8e95dfac3357c. Representative failure: perf database error: perf database error: no GEMM rows loaded from 1 source(s) (first: <repo>/python/aisimulate/src/aiconfigurator_core/systems/data/b200_sxm/vllm/0.1.dev19262/gemm_perf.parquet),"python python/aisimulate/tools/support_matrix/generate_fpe_support_matrix.py --model ""meta-llama/Meta-Llama-3.1-405B"" --system ""b200_sxm"" --backend ""vllm"" --backend-version ""0.1.dev19262"" --forward-model op_level --max-workers 8",,16,4,PERF_DATA_MISSING=16,,26dae1f99b2b50fb17118f38d8a8e95dfac3357c
meta-llama/Meta-Llama-3.1-405B,LlamaForCausalLM,b200_sxm,vllm,0.19.0,PASS,,"python python/aisimulate/tools/support_matrix/generate_fpe_support_matrix.py --model ""meta-llama/Meta-Llama-3.1-405B"" --system ""b200_sxm"" --backend ""vllm"" --backend-version ""0.19.0"" --forward-model op_level --max-workers 8",silicon,16,4,PASS=16,"decode_end=32046.674860, decode_start=125.558770, mixed=139.571223, prefill=139.164617",26dae1f99b2b50fb17118f38d8a8e95dfac3357c
meta-llama/Meta-Llama-3.1-405B,LlamaForCausalLM,b200_sxm,vllm,0.22.0,PASS,,"python python/aisimulate/tools/support_matrix/generate_fpe_support_matrix.py --model ""meta-llama/Meta-Llama-3.1-405B"" --system ""b200_sxm"" --backend ""vllm"" --backend-version ""0.22.0"" --forward-model op_level --max-workers 8",silicon,16,4,PASS=16,"decode_end=32147.951565, decode_start=126.101390, mixed=141.541145, prefill=139.397294",26dae1f99b2b50fb17118f38d8a8e95dfac3357c
meta-llama/Meta-Llama-3.1-405B,LlamaForCausalLM,b200_sxm,vllm,0.24.0,PASS,,"python python/aisimulate/tools/support_matrix/generate_fpe_support_matrix.py --model ""meta-llama/Meta-Llama-3.1-405B"" --system ""b200_sxm"" --backend ""vllm"" --backend-version ""0.24.0"" --forward-model op_level --max-workers 8",silicon,16,4,PASS=16,"decode_end=32088.775737, decode_start=125.760193, mixed=140.072620, prefill=139.366175",26dae1f99b2b50fb17118f38d8a8e95dfac3357c
meta-llama/Meta-Llama-3.1-70B,LlamaForCausalLM,b200_sxm,sglang,0.5.10,PASS,,"python python/aisimulate/tools/support_matrix/generate_fpe_support_matrix.py --model ""meta-llama/Meta-Llama-3.1-70B"" --system ""b200_sxm"" --backend ""sglang"" --backend-version ""0.5.10"" --forward-model op_level --max-workers 8",silicon,40,10,"PASS=16, SDK_UNREPRESENTABLE=24","decode_end=6070.823925, decode_start=23.807331, mixed=30.532550, prefill=28.324736",26dae1f99b2b50fb17118f38d8a8e95dfac3357c
meta-llama/Meta-Llama-3.1-70B,LlamaForCausalLM,b200_sxm,sglang,0.5.12,PASS,,"python python/aisimulate/tools/support_matrix/generate_fpe_support_matrix.py --model ""meta-llama/Meta-Llama-3.1-70B"" --system ""b200_sxm"" --backend ""sglang"" --backend-version ""0.5.12"" --forward-model op_level --max-workers 8",silicon,40,10,"PASS=16, SDK_UNREPRESENTABLE=24","decode_end=6162.620926, decode_start=24.117615, mixed=30.743565, prefill=28.235916",26dae1f99b2b50fb17118f38d8a8e95dfac3357c
meta-llama/Meta-Llama-3.1-70B,LlamaForCausalLM,b200_sxm,sglang,0.5.14,PASS,,"python python/aisimulate/tools/support_matrix/generate_fpe_support_matrix.py --model ""meta-llama/Meta-Llama-3.1-70B"" --system ""b200_sxm"" --backend ""sglang"" --backend-version ""0.5.14"" --forward-model op_level --max-workers 8",silicon,40,10,"PASS=16, SDK_UNREPRESENTABLE=24","decode_end=6162.620926, decode_start=24.117615, mixed=30.743565, prefill=28.235916",26dae1f99b2b50fb17118f38d8a8e95dfac3357c
meta-llama/Meta-Llama-3.1-70B,LlamaForCausalLM,b200_sxm,sglang,0.5.16,PASS,,"python python/aisimulate/tools/support_matrix/generate_fpe_support_matrix.py --model ""meta-llama/Meta-Llama-3.1-70B"" --system ""b200_sxm"" --backend ""sglang"" --backend-version ""0.5.16"" --forward-model op_level --max-workers 8",silicon,40,10,"PASS=16, SDK_UNREPRESENTABLE=24","decode_end=6162.620926, decode_start=24.117615, mixed=30.743565, prefill=28.235916",26dae1f99b2b50fb17118f38d8a8e95dfac3357c
meta-llama/Meta-Llama-3.1-70B,LlamaForCausalLM,b200_sxm,sglang,0.5.9,PASS,,"python python/aisimulate/tools/support_matrix/generate_fpe_support_matrix.py --model ""meta-llama/Meta-Llama-3.1-70B"" --system ""b200_sxm"" --backend ""sglang"" --backend-version ""0.5.9"" --forward-model op_level --max-workers 8",silicon,40,10,"PASS=16, SDK_UNREPRESENTABLE=24","decode_end=6097.008305, decode_start=23.906708, mixed=30.629162, prefill=27.998218",26dae1f99b2b50fb17118f38d8a8e95dfac3357c
meta-llama/Meta-Llama-3.1-70B,LlamaForCausalLM,b200_sxm,trtllm,1.2.0rc5,PASS,,"python python/aisimulate/tools/support_matrix/generate_fpe_support_matrix.py --model ""meta-llama/Meta-Llama-3.1-70B"" --system ""b200_sxm"" --backend ""trtllm"" --backend-version ""1.2.0rc5"" --forward-model op_level --max-workers 8",silicon,16,4,PASS=16,"decode_end=6332.114594, decode_start=24.822947, mixed=32.592610, prefill=29.452141",26dae1f99b2b50fb17118f38d8a8e95dfac3357c
meta-llama/Meta-Llama-3.1-70B,LlamaForCausalLM,b200_sxm,trtllm,1.3.0rc10,PASS,,"python python/aisimulate/tools/support_matrix/generate_fpe_support_matrix.py --model ""meta-llama/Meta-Llama-3.1-70B"" --system ""b200_sxm"" --backend ""trtllm"" --backend-version ""1.3.0rc10"" --forward-model op_level --max-workers 8",silicon,16,4,PASS=16,"decode_end=6630.606261, decode_start=25.634853, mixed=33.228993, prefill=29.298530",26dae1f99b2b50fb17118f38d8a8e95dfac3357c
meta-llama/Meta-Llama-3.1-70B,LlamaForCausalLM,b200_sxm,trtllm,1.3.0rc15,PASS,,"python python/aisimulate/tools/support_matrix/generate_fpe_support_matrix.py --model ""meta-llama/Meta-Llama-3.1-70B"" --system ""b200_sxm"" --backend ""trtllm"" --backend-version ""1.3.0rc15"" --forward-model op_level --max-workers 8",silicon,16,4,PASS=16,"decode_end=6294.475364, decode_start=24.618848, mixed=31.698220, prefill=29.130298",26dae1f99b2b50fb17118f38d8a8e95dfac3357c
meta-llama/Meta-Llama-3.1-70B,LlamaForCausalLM,b200_sxm,trtllm,1.3.0rc20,PASS,,"python python/aisimulate/tools/support_matrix/generate_fpe_support_matrix.py --model ""meta-llama/Meta-Llama-3.1-70B"" --system ""b200_sxm"" --backend ""trtllm"" --backend-version ""1.3.0rc20"" --forward-model op_level --max-workers 8",silicon,16,4,PASS=16,"decode_end=6432.031243, decode_start=25.214938, mixed=32.554018, prefill=29.585667",26dae1f99b2b50fb17118f38d8a8e95dfac3357c
meta-llama/Meta-Llama-3.1-70B,LlamaForCausalLM,b200_sxm,trtllm,1.3.0rc23,PASS,,"python python/aisimulate/tools/support_matrix/generate_fpe_support_matrix.py --model ""meta-llama/Meta-Llama-3.1-70B"" --system ""b200_sxm"" --backend ""trtllm"" --backend-version ""1.3.0rc23"" --forward-model op_level --max-workers 8",silicon,16,4,PASS=16,"decode_end=6432.031243, decode_start=25.214938, mixed=32.554018, prefill=29.585667",26dae1f99b2b50fb17118f38d8a8e95dfac3357c
meta-llama/Meta-Llama-3.1-70B,LlamaForCausalLM,b200_sxm,vllm,0.1.dev19262,FAIL,Strict-native op-level FPE probes: PERF_DATA_MISSING=16; raw probes=16; topologies=4; source_sha=26dae1f99b2b50fb17118f38d8a8e95dfac3357c. Representative failure: perf database error: perf database error: no GEMM rows loaded from 1 source(s) (first: <repo>/python/aisimulate/src/aiconfigurator_core/systems/data/b200_sxm/vllm/0.1.dev19262/gemm_perf.parquet),"python python/aisimulate/tools/support_matrix/generate_fpe_support_matrix.py --model ""meta-llama/Meta-Llama-3.1-70B"" --system ""b200_sxm"" --backend ""vllm"" --backend-version ""0.1.dev19262"" --forward-model op_level --max-workers 8",,16,4,PERF_DATA_MISSING=16,,26dae1f99b2b50fb17118f38d8a8e95dfac3357c
meta-llama/Meta-Llama-3.1-70B,LlamaForCausalLM,b200_sxm,vllm,0.19.0,PASS,,"python python/aisimulate/tools/support_matrix/generate_fpe_support_matrix.py --model ""meta-llama/Meta-Llama-3.1-70B"" --system ""b200_sxm"" --backend ""vllm"" --backend-version ""0.19.0"" --forward-model op_level --max-workers 8",silicon,16,4,PASS=16,"decode_end=6034.411203, decode_start=23.591067, mixed=29.762838, prefill=27.561344",26dae1f99b2b50fb17118f38d8a8e95dfac3357c
meta-llama/Meta-Llama-3.1-70B,LlamaForCausalLM,b200_sxm,vllm,0.22.0,PASS,,"python python/aisimulate/tools/support_matrix/generate_fpe_support_matrix.py --model ""meta-llama/Meta-Llama-3.1-70B"" --system ""b200_sxm"" --backend ""vllm"" --backend-version ""0.22.0"" --forward-model op_level --max-workers 8",silicon,16,4,PASS=16,"decode_end=6030.668811, decode_start=23.611563, mixed=30.095686, prefill=27.653556",26dae1f99b2b50fb17118f38d8a8e95dfac3357c
meta-llama/Meta-Llama-3.1-70B,LlamaForCausalLM,b200_sxm,vllm,0.24.0,PASS,,"python python/aisimulate/tools/support_matrix/generate_fpe_support_matrix.py --model ""meta-llama/Meta-Llama-3.1-70B"" --system ""b200_sxm"" --backend ""vllm"" --backend-version ""0.24.0"" --forward-model op_level --max-workers 8",silicon,16,4,PASS=16,"decode_end=6056.004800, decode_start=23.704449, mixed=30.050912, prefill=27.720951",26dae1f99b2b50fb17118f38d8a8e95dfac3357c
meta-llama/Meta-Llama-3.1-8B,LlamaForCausalLM,b200_sxm,sglang,0.5.10,PASS,,"python python/aisimulate/tools/support_matrix/generate_fpe_support_matrix.py --model ""meta-llama/Meta-Llama-3.1-8B"" --system ""b200_sxm"" --backend ""sglang"" --backend-version ""0.5.10"" --forward-model op_level --max-workers 8",silicon,24,6,"PASS=12, SDK_UNREPRESENTABLE=12","decode_end=875.410448, decode_start=3.432961, mixed=4.856144, prefill=4.397106",26dae1f99b2b50fb17118f38d8a8e95dfac3357c
meta-llama/Meta-Llama-3.1-8B,LlamaForCausalLM,b200_sxm,sglang,0.5.12,PASS,,"python python/aisimulate/tools/support_matrix/generate_fpe_support_matrix.py --model ""meta-llama/Meta-Llama-3.1-8B"" --system ""b200_sxm"" --backend ""sglang"" --backend-version ""0.5.12"" --forward-model op_level --max-workers 8",silicon,24,6,"PASS=12, SDK_UNREPRESENTABLE=12","decode_end=874.489388, decode_start=3.433474, mixed=4.878267, prefill=4.366706",26dae1f99b2b50fb17118f38d8a8e95dfac3357c
meta-llama/Meta-Llama-3.1-8B,LlamaForCausalLM,b200_sxm,sglang,0.5.14,PASS,,"python python/aisimulate/tools/support_matrix/generate_fpe_support_matrix.py --model ""meta-llama/Meta-Llama-3.1-8B"" --system ""b200_sxm"" --backend ""sglang"" --backend-version ""0.5.14"" --forward-model op_level --max-workers 8",silicon,24,6,"PASS=12, SDK_UNREPRESENTABLE=12","decode_end=874.489388, decode_start=3.433474, mixed=4.878267, prefill=4.366706",26dae1f99b2b50fb17118f38d8a8e95dfac3357c
meta-llama/Meta-Llama-3.1-8B,LlamaForCausalLM,b200_sxm,sglang,0.5.16,PASS,,"python python/aisimulate/tools/support_matrix/generate_fpe_support_matrix.py --model ""meta-llama/Meta-Llama-3.1-8B"" --system ""b200_sxm"" --backend ""sglang"" --backend-version ""0.5.16"" --forward-model op_level --max-workers 8",silicon,24,6,"PASS=12, SDK_UNREPRESENTABLE=12","decode_end=874.489388, decode_start=3.433474, mixed=4.878267, prefill=4.366706",26dae1f99b2b50fb17118f38d8a8e95dfac3357c
meta-llama/Meta-Llama-3.1-8B,LlamaForCausalLM,b200_sxm,sglang,0.5.9,PASS,,"python python/aisimulate/tools/support_matrix/generate_fpe_support_matrix.py --model ""meta-llama/Meta-Llama-3.1-8B"" --system ""b200_sxm"" --backend ""sglang"" --backend-version ""0.5.9"" --forward-model op_level --max-workers 8",silicon,24,6,"PASS=12, SDK_UNREPRESENTABLE=12","decode_end=862.791532, decode_start=3.382642, mixed=4.876792, prefill=4.309156",26dae1f99b2b50fb17118f38d8a8e95dfac3357c
meta-llama/Meta-Llama-3.1-8B,LlamaForCausalLM,b200_sxm,trtllm,1.2.0rc5,PASS,,"python python/aisimulate/tools/support_matrix/generate_fpe_support_matrix.py --model ""meta-llama/Meta-Llama-3.1-8B"" --system ""b200_sxm"" --backend ""trtllm"" --backend-version ""1.2.0rc5"" --forward-model op_level --max-workers 8",silicon,12,3,PASS=12,"decode_end=915.089912, decode_start=3.567793, mixed=5.201019, prefill=4.575435",26dae1f99b2b50fb17118f38d8a8e95dfac3357c
meta-llama/Meta-Llama-3.1-8B,LlamaForCausalLM,b200_sxm,trtllm,1.3.0rc10,PASS,,"python python/aisimulate/tools/support_matrix/generate_fpe_support_matrix.py --model ""meta-llama/Meta-Llama-3.1-8B"" --system ""b200_sxm"" --backend ""trtllm"" --backend-version ""1.3.0rc10"" --forward-model op_level --max-workers 8",silicon,12,3,PASS=12,"decode_end=982.862151, decode_start=3.782799, mixed=5.458616, prefill=4.551491",26dae1f99b2b50fb17118f38d8a8e95dfac3357c
meta-llama/Meta-Llama-3.1-8B,LlamaForCausalLM,b200_sxm,trtllm,1.3.0rc15,PASS,,"python python/aisimulate/tools/support_matrix/generate_fpe_support_matrix.py --model ""meta-llama/Meta-Llama-3.1-8B"" --system ""b200_sxm"" --backend ""trtllm"" --backend-version ""1.3.0rc15"" --forward-model op_level --max-workers 8",silicon,12,3,PASS=12,"decode_end=908.042014, decode_start=3.557335, mixed=5.096364, prefill=4.492729",26dae1f99b2b50fb17118f38d8a8e95dfac3357c
meta-llama/Meta-Llama-3.1-8B,LlamaForCausalLM,b200_sxm,trtllm,1.3.0rc20,PASS,,"python python/aisimulate/tools/support_matrix/generate_fpe_support_matrix.py --model ""meta-llama/Meta-Llama-3.1-8B"" --system ""b200_sxm"" --backend ""trtllm"" --backend-version ""1.3.0rc20"" --forward-model op_level --max-workers 8",silicon,12,3,PASS=12,"decode_end=929.855056, decode_start=3.614556, mixed=5.228778, prefill=4.563659",26dae1f99b2b50fb17118f38d8a8e95dfac3357c
meta-llama/Meta-Llama-3.1-8B,LlamaForCausalLM,b200_sxm,trtllm,1.3.0rc23,PASS,,"python python/aisimulate/tools/support_matrix/generate_fpe_support_matrix.py --model ""meta-llama/Meta-Llama-3.1-8B"" --system ""b200_sxm"" --backend ""trtllm"" --backend-version ""1.3.0rc23"" --forward-model op_level --max-workers 8",silicon,12,3,PASS=12,"decode_end=929.855056, decode_start=3.614556, mixed=5.228778, prefill=4.563659",26dae1f99b2b50fb17118f38d8a8e95dfac3357c
meta-llama/Meta-Llama-3.1-8B,LlamaForCausalLM,b200_sxm,vllm,0.1.dev19262,FAIL,Strict-native op-level FPE probes: PERF_DATA_MISSING=12; raw probes=12; topologies=3; source_sha=26dae1f99b2b50fb17118f38d8a8e95dfac3357c. Representative failure: perf database error: perf database error: no GEMM rows loaded from 1 source(s) (first: <repo>/python/aisimulate/src/aiconfigurator_core/systems/data/b200_sxm/vllm/0.1.dev19262/gemm_perf.parquet),"python python/aisimulate/tools/support_matrix/generate_fpe_support_matrix.py --model ""meta-llama/Meta-Llama-3.1-8B"" --system ""b200_sxm"" --backend ""vllm"" --backend-version ""0.1.dev19262"" --forward-model op_level --max-workers 8",,12,3,PERF_DATA_MISSING=12,,26dae1f99b2b50fb17118f38d8a8e95dfac3357c
meta-llama/Meta-Llama-3.1-8B,LlamaForCausalLM,b200_sxm,vllm,0.19.0,PASS,,"python python/aisimulate/tools/support_matrix/generate_fpe_support_matrix.py --model ""meta-llama/Meta-Llama-3.1-8B"" --system ""b200_sxm"" --backend ""vllm"" --backend-version ""0.19.0"" --forward-model op_level --max-workers 8",silicon,12,3,PASS=12,"decode_end=855.121636, decode_start=3.326877, mixed=4.759077, prefill=4.211520",26dae1f99b2b50fb17118f38d8a8e95dfac3357c
meta-llama/Meta-Llama-3.1-8B,LlamaForCausalLM,b200_sxm,vllm,0.22.0,PASS,,"python python/aisimulate/tools/support_matrix/generate_fpe_support_matrix.py --model ""meta-llama/Meta-Llama-3.1-8B"" --system ""b200_sxm"" --backend ""vllm"" --backend-version ""0.22.0"" --forward-model op_level --max-workers 8",silicon,12,3,PASS=12,"decode_end=843.883085, decode_start=3.296019, mixed=4.754429, prefill=4.196022",26dae1f99b2b50fb17118f38d8a8e95dfac3357c
meta-llama/Meta-Llama-3.1-8B,LlamaForCausalLM,b200_sxm,vllm,0.24.0,PASS,,"python python/aisimulate/tools/support_matrix/generate_fpe_support_matrix.py --model ""meta-llama/Meta-Llama-3.1-8B"" --system ""b200_sxm"" --backend ""vllm"" --backend-version ""0.24.0"" --forward-model op_level --max-workers 8",silicon,12,3,PASS=12,"decode_end=861.156181, decode_start=3.352470, mixed=4.851267, prefill=4.267501",26dae1f99b2b50fb17118f38d8a8e95dfac3357c
moonshotai/Kimi-K2.5,KimiK25ForConditionalGeneration,b200_sxm,sglang,0.5.10,PASS,,"python python/aisimulate/tools/support_matrix/generate_fpe_support_matrix.py --model ""moonshotai/Kimi-K2.5"" --system ""b200_sxm"" --backend ""sglang"" --backend-version ""0.5.10"" --forward-model op_level --max-workers 8",silicon,540,135,"PASS=200, PERF_DATA_MISSING=20, SDK_UNREPRESENTABLE=320","decode_end=7266.108004, decode_start=28.414750, mixed=123.040428, prefill=119.408375",26dae1f99b2b50fb17118f38d8a8e95dfac3357c
moonshotai/Kimi-K2.5,KimiK25ForConditionalGeneration,b200_sxm,sglang,0.5.12,PASS,,"python python/aisimulate/tools/support_matrix/generate_fpe_support_matrix.py --model ""moonshotai/Kimi-K2.5"" --system ""b200_sxm"" --backend ""sglang"" --backend-version ""0.5.12"" --forward-model op_level --max-workers 8",silicon,540,135,"PASS=200, PERF_DATA_MISSING=20, SDK_UNREPRESENTABLE=320","decode_end=7815.498986, decode_start=30.546852, mixed=132.814237, prefill=129.743226",26dae1f99b2b50fb17118f38d8a8e95dfac3357c
moonshotai/Kimi-K2.5,KimiK25ForConditionalGeneration,b200_sxm,sglang,0.5.14,PASS,,"python python/aisimulate/tools/support_matrix/generate_fpe_support_matrix.py --model ""moonshotai/Kimi-K2.5"" --system ""b200_sxm"" --backend ""sglang"" --backend-version ""0.5.14"" --forward-model op_level --max-workers 8",silicon,540,135,"PASS=200, PERF_DATA_MISSING=20, SDK_UNREPRESENTABLE=320","decode_end=7815.498986, decode_start=30.546852, mixed=132.814237, prefill=129.743226",26dae1f99b2b50fb17118f38d8a8e95dfac3357c
moonshotai/Kimi-K2.5,KimiK25ForConditionalGeneration,b200_sxm,sglang,0.5.16,PASS,,"python python/aisimulate/tools/support_matrix/generate_fpe_support_matrix.py --model ""moonshotai/Kimi-K2.5"" --system ""b200_sxm"" --backend ""sglang"" --backend-version ""0.5.16"" --forward-model op_level --max-workers 8",silicon,540,135,"PASS=200, PERF_DATA_MISSING=20, SDK_UNREPRESENTABLE=320","decode_end=7815.498986, decode_start=30.546852, mixed=132.814237, prefill=129.743226",26dae1f99b2b50fb17118f38d8a8e95dfac3357c
moonshotai/Kimi-K2.5,KimiK25ForConditionalGeneration,b200_sxm,sglang,0.5.9,PASS,,"python python/aisimulate/tools/support_matrix/generate_fpe_support_matrix.py --model ""moonshotai/Kimi-K2.5"" --system ""b200_sxm"" --backend ""sglang"" --backend-version ""0.5.9"" --forward-model op_level --max-workers 8",silicon,540,135,"PASS=200, PERF_DATA_MISSING=20, SDK_UNREPRESENTABLE=320","decode_end=7169.334117, decode_start=28.023676, mixed=124.134675, prefill=121.585233",26dae1f99b2b50fb17118f38d8a8e95dfac3357c
moonshotai/Kimi-K2.5,KimiK25ForConditionalGeneration,b200_sxm,trtllm,1.2.0rc5,FAIL,"Strict-native op-level FPE probes: PERF_DATA_MISSING=116; raw probes=116; topologies=29; source_sha=26dae1f99b2b50fb17118f38d8a8e95dfac3357c. Representative failure: perf database error: MoE data missing for MoeKey { quant: ""int4_wo"", distribution: ""uniform"", topk: 8, num_experts: 384, hidden_size: 7168, inter_size: 2048, moe_tp_size: 1, moe_ep_size: 1 } at <repo>/python/aisimulate/src/aiconfigurator_core/systems/data/b200_sxm/trtllm/1.2.0rc5","python python/aisimulate/tools/support_matrix/generate_fpe_support_matrix.py --model ""moonshotai/Kimi-K2.5"" --system ""b200_sxm"" --backend ""trtllm"" --backend-version ""1.2.0rc5"" --forward-model op_level --max-workers 8",,116,29,PERF_DATA_MISSING=116,,26dae1f99b2b50fb17118f38d8a8e95dfac3357c
moonshotai/Kimi-K2.5,KimiK25ForConditionalGeneration,b200_sxm,trtllm,1.3.0rc10,FAIL,"Strict-native op-level FPE probes: PERF_DATA_MISSING=116; raw probes=116; topologies=29; source_sha=26dae1f99b2b50fb17118f38d8a8e95dfac3357c. Representative failure: perf database error: MoE data missing for MoeKey { quant: ""int4_wo"", distribution: ""uniform"", topk: 8, num_experts: 384, hidden_size: 7168, inter_size: 2048, moe_tp_size: 1, moe_ep_size: 1 } at <repo>/python/aisimulate/src/aiconfigurator_core/systems/data/b200_sxm/trtllm/1.3.0rc10","python python/aisimulate/tools/support_matrix/generate_fpe_support_matrix.py --model ""moonshotai/Kimi-K2.5"" --system ""b200_sxm"" --backend ""trtllm"" --backend-version ""1.3.0rc10"" --forward-model op_level --max-workers 8",,116,29,PERF_DATA_MISSING=116,,26dae1f99b2b50fb17118f38d8a8e95dfac3357c
moonshotai/Kimi-K2.5,KimiK25ForConditionalGeneration,b200_sxm,trtllm,1.3.0rc15,FAIL,"Strict-native op-level FPE probes: PERF_DATA_MISSING=116; raw probes=116; topologies=29; source_sha=26dae1f99b2b50fb17118f38d8a8e95dfac3357c. Representative failure: perf database error: MoE data missing for MoeKey { quant: ""int4_wo"", distribution: ""uniform"", topk: 8, num_experts: 384, hidden_size: 7168, inter_size: 2048, moe_tp_size: 1, moe_ep_size: 1 } at <repo>/python/aisimulate/src/aiconfigurator_core/systems/data/b200_sxm/trtllm/1.3.0rc15","python python/aisimulate/tools/support_matrix/generate_fpe_support_matrix.py --model ""moonshotai/Kimi-K2.5"" --system ""b200_sxm"" --backend ""trtllm"" --backend-version ""1.3.0rc15"" --forward-model op_level --max-workers 8",,116,29,PERF_DATA_MISSING=116,,26dae1f99b2b50fb17118f38d8a8e95dfac3357c
moonshotai/Kimi-K2.5,KimiK25ForConditionalGeneration,b200_sxm,trtllm,1.3.0rc20,FAIL,"Strict-native op-level FPE probes: PERF_DATA_MISSING=116; raw probes=116; topologies=29; source_sha=26dae1f99b2b50fb17118f38d8a8e95dfac3357c. Representative failure: perf database error: MoE data missing for MoeKey { quant: ""int4_wo"", distribution: ""uniform"", topk: 8, num_experts: 384, hidden_size: 7168, inter_size: 2048, moe_tp_size: 1, moe_ep_size: 1 } at <repo>/python/aisimulate/src/aiconfigurator_core/systems/data/b200_sxm/trtllm/1.3.0rc20","python python/aisimulate/tools/support_matrix/generate_fpe_support_matrix.py --model ""moonshotai/Kimi-K2.5"" --system ""b200_sxm"" --backend ""trtllm"" --backend-version ""1.3.0rc20"" --forward-model op_level --max-workers 8",,116,29,PERF_DATA_MISSING=116,,26dae1f99b2b50fb17118f38d8a8e95dfac3357c
moonshotai/Kimi-K2.5,KimiK25ForConditionalGeneration,b200_sxm,trtllm,1.3.0rc23,FAIL,"Strict-native op-level FPE probes: PERF_DATA_MISSING=116; raw probes=116; topologies=29; source_sha=26dae1f99b2b50fb17118f38d8a8e95dfac3357c. Representative failure: perf database error: MoE data missing for MoeKey { quant: ""int4_wo"", distribution: ""uniform"", topk: 8, num_experts: 384, hidden_size: 7168, inter_size: 2048, moe_tp_size: 1, moe_ep_size: 1 } at <repo>/python/aisimulate/src/aiconfigurator_core/systems/data/b200_sxm/trtllm/1.3.0rc23","python python/aisimulate/tools/support_matrix/generate_fpe_support_matrix.py --model ""moonshotai/Kimi-K2.5"" --system ""b200_sxm"" --backend ""trtllm"" --backend-version ""1.3.0rc23"" --forward-model op_level --max-workers 8",,116,29,PERF_DATA_MISSING=116,,26dae1f99b2b50fb17118f38d8a8e95dfac3357c
moonshotai/Kimi-K2.5,KimiK25ForConditionalGeneration,b200_sxm,vllm,0.1.dev19262,FAIL,Strict-native op-level FPE probes: PERF_DATA_MISSING=116; raw probes=116; topologies=29; source_sha=26dae1f99b2b50fb17118f38d8a8e95dfac3357c. Representative failure: perf database error: perf database error: no GEMM rows loaded from 1 source(s) (first: <repo>/python/aisimulate/src/aiconfigurator_core/systems/data/b200_sxm/vllm/0.1.dev19262/gemm_perf.parquet),"python python/aisimulate/tools/support_matrix/generate_fpe_support_matrix.py --model ""moonshotai/Kimi-K2.5"" --system ""b200_sxm"" --backend ""vllm"" --backend-version ""0.1.dev19262"" --forward-model op_level --max-workers 8",,116,29,PERF_DATA_MISSING=116,,26dae1f99b2b50fb17118f38d8a8e95dfac3357c
moonshotai/Kimi-K2.5,KimiK25ForConditionalGeneration,b200_sxm,vllm,0.19.0,PASS,,"python python/aisimulate/tools/support_matrix/generate_fpe_support_matrix.py --model ""moonshotai/Kimi-K2.5"" --system ""b200_sxm"" --backend ""vllm"" --backend-version ""0.19.0"" --forward-model op_level --max-workers 8",silicon,116,29,PASS=116,"decode_end=20685.842043, decode_start=81.046517, mixed=540.204693, prefill=522.338547",26dae1f99b2b50fb17118f38d8a8e95dfac3357c
moonshotai/Kimi-K2.5,KimiK25ForConditionalGeneration,b200_sxm,vllm,0.22.0,PASS,,"python python/aisimulate/tools/support_matrix/generate_fpe_support_matrix.py --model ""moonshotai/Kimi-K2.5"" --system ""b200_sxm"" --backend ""vllm"" --backend-version ""0.22.0"" --forward-model op_level --max-workers 8",silicon,116,29,PASS=116,"decode_end=8823.134272, decode_start=34.488879, mixed=133.886676, prefill=130.824241",26dae1f99b2b50fb17118f38d8a8e95dfac3357c
moonshotai/Kimi-K2.5,KimiK25ForConditionalGeneration,b200_sxm,vllm,0.24.0,PASS,,"python python/aisimulate/tools/support_matrix/generate_fpe_support_matrix.py --model ""moonshotai/Kimi-K2.5"" --system ""b200_sxm"" --backend ""vllm"" --backend-version ""0.24.0"" --forward-model op_level --max-workers 8",silicon,116,29,PASS=116,"decode_end=7981.933510, decode_start=31.224610, mixed=130.322966, prefill=127.361169",26dae1f99b2b50fb17118f38d8a8e95dfac3357c
moonshotai/Kimi-K3,KimiK3ForConditionalGeneration,b200_sxm,sglang,0.5.10,FAIL,"Strict-native op-level FPE probes: PERF_DATA_MISSING=220; raw probes=220; topologies=55; source_sha=26dae1f99b2b50fb17118f38d8a8e95dfac3357c. Representative failure: perf database error: MoE data missing for MoeKey { quant: ""w4a8_mxfp4_mxfp8"", distribution: ""power_law_1.01"", topk: 16, num_experts: 896, hidden_size: 3584, inter_size: 3072, moe_tp_size: 1, moe_ep_size: 1 } at <repo>/python/aisimulate/src/aiconfigurator_core/systems/data/b200_sxm/sglang/0.5.10","python python/aisimulate/tools/support_matrix/generate_fpe_support_matrix.py --model ""moonshotai/Kimi-K3"" --system ""b200_sxm"" --backend ""sglang"" --backend-version ""0.5.10"" --forward-model op_level --max-workers 8",,220,55,PERF_DATA_MISSING=220,,26dae1f99b2b50fb17118f38d8a8e95dfac3357c
moonshotai/Kimi-K3,KimiK3ForConditionalGeneration,b200_sxm,sglang,0.5.12,PASS,,"python python/aisimulate/tools/support_matrix/generate_fpe_support_matrix.py --model ""moonshotai/Kimi-K3"" --system ""b200_sxm"" --backend ""sglang"" --backend-version ""0.5.12"" --forward-model op_level --max-workers 8",silicon,220,55,PASS=220,"decode_end=14306.774816, decode_start=56.074133, mixed=209.019973, prefill=204.475449",26dae1f99b2b50fb17118f38d8a8e95dfac3357c
moonshotai/Kimi-K3,KimiK3ForConditionalGeneration,b200_sxm,sglang,0.5.14,PASS,,"python python/aisimulate/tools/support_matrix/generate_fpe_support_matrix.py --model ""moonshotai/Kimi-K3"" --system ""b200_sxm"" --backend ""sglang"" --backend-version ""0.5.14"" --forward-model op_level --max-workers 8",silicon,220,55,PASS=220,"decode_end=14306.774816, decode_start=56.074133, mixed=209.019973, prefill=204.475449",26dae1f99b2b50fb17118f38d8a8e95dfac3357c
moonshotai/Kimi-K3,KimiK3ForConditionalGeneration,b200_sxm,sglang,0.5.16,PASS,,"python python/aisimulate/tools/support_matrix/generate_fpe_support_matrix.py --model ""moonshotai/Kimi-K3"" --system ""b200_sxm"" --backend ""sglang"" --backend-version ""0.5.16"" --forward-model op_level --max-workers 8",silicon,220,55,PASS=220,"decode_end=14477.720347, decode_start=56.744508, mixed=186.124974, prefill=181.408175",26dae1f99b2b50fb17118f38d8a8e95dfac3357c
moonshotai/Kimi-K3,KimiK3ForConditionalGeneration,b200_sxm,sglang,0.5.9,FAIL,"Strict-native op-level FPE probes: PERF_DATA_MISSING=220; raw probes=220; topologies=55; source_sha=26dae1f99b2b50fb17118f38d8a8e95dfac3357c. Representative failure: perf database error: MoE data missing for MoeKey { quant: ""w4a8_mxfp4_mxfp8"", distribution: ""uniform"", topk: 16, num_experts: 896, hidden_size: 3584, inter_size: 3072, moe_tp_size: 1, moe_ep_size: 1 } at <repo>/python/aisimulate/src/aiconfigurator_core/systems/data/b200_sxm/sglang/0.5.9","python python/aisimulate/tools/support_matrix/generate_fpe_support_matrix.py --model ""moonshotai/Kimi-K3"" --system ""b200_sxm"" --backend ""sglang"" --backend-version ""0.5.9"" --forward-model op_level --max-workers 8",,220,55,PERF_DATA_MISSING=220,,26dae1f99b2b50fb17118f38d8a8e95dfac3357c
moonshotai/Kimi-K3,KimiK3ForConditionalGeneration,b200_sxm,trtllm,1.2.0rc5,FAIL,"Strict-native op-level FPE probes: PERF_DATA_MISSING=116; raw probes=116; topologies=29; source_sha=26dae1f99b2b50fb17118f38d8a8e95dfac3357c. Representative failure: perf database error: MoE data missing for MoeKey { quant: ""w4a16_mxfp4"", distribution: ""uniform"", topk: 16, num_experts: 896, hidden_size: 3584, inter_size: 3072, moe_tp_size: 1, moe_ep_size: 1 } at <repo>/python/aisimulate/src/aiconfigurator_core/systems/data/b200_sxm/trtllm/1.2.0rc5","python python/aisimulate/tools/support_matrix/generate_fpe_support_matrix.py --model ""moonshotai/Kimi-K3"" --system ""b200_sxm"" --backend ""trtllm"" --backend-version ""1.2.0rc5"" --forward-model op_level --max-workers 8",,116,29,PERF_DATA_MISSING=116,,26dae1f99b2b50fb17118f38d8a8e95dfac3357c
moonshotai/Kimi-K3,KimiK3ForConditionalGeneration,b200_sxm,trtllm,1.3.0rc10,FAIL,"Strict-native op-level FPE probes: PERF_DATA_MISSING=116; raw probes=116; topologies=29; source_sha=26dae1f99b2b50fb17118f38d8a8e95dfac3357c. Representative failure: perf database error: MoE data missing for MoeKey { quant: ""w4a16_mxfp4"", distribution: ""power_law_1.01"", topk: 16, num_experts: 896, hidden_size: 3584, inter_size: 3072, moe_tp_size: 1, moe_ep_size: 1 } at <repo>/python/aisimulate/src/aiconfigurator_core/systems/data/b200_sxm/trtllm/1.3.0rc10","python python/aisimulate/tools/support_matrix/generate_fpe_support_matrix.py --model ""moonshotai/Kimi-K3"" --system ""b200_sxm"" --backend ""trtllm"" --backend-version ""1.3.0rc10"" --forward-model op_level --max-workers 8",,116,29,PERF_DATA_MISSING=116,,26dae1f99b2b50fb17118f38d8a8e95dfac3357c
moonshotai/Kimi-K3,KimiK3ForConditionalGeneration,b200_sxm,trtllm,1.3.0rc15,FAIL,"Strict-native op-level FPE probes: PERF_DATA_MISSING=116; raw probes=116; topologies=29; source_sha=26dae1f99b2b50fb17118f38d8a8e95dfac3357c. Representative failure: perf database error: MoE data missing for MoeKey { quant: ""w4a16_mxfp4"", distribution: ""power_law_1.01"", topk: 16, num_experts: 896, hidden_size: 3584, inter_size: 3072, moe_tp_size: 1, moe_ep_size: 1 } at <repo>/python/aisimulate/src/aiconfigurator_core/systems/data/b200_sxm/trtllm/1.3.0rc15","python python/aisimulate/tools/support_matrix/generate_fpe_support_matrix.py --model ""moonshotai/Kimi-K3"" --system ""b200_sxm"" --backend ""trtllm"" --backend-version ""1.3.0rc15"" --forward-model op_level --max-workers 8",,116,29,PERF_DATA_MISSING=116,,26dae1f99b2b50fb17118f38d8a8e95dfac3357c
moonshotai/Kimi-K3,KimiK3ForConditionalGeneration,b200_sxm,trtllm,1.3.0rc20,FAIL,"Strict-native op-level FPE probes: PERF_DATA_MISSING=116; raw probes=116; topologies=29; source_sha=26dae1f99b2b50fb17118f38d8a8e95dfac3357c. Representative failure: perf database error: MoE data missing for MoeKey { quant: ""w4a16_mxfp4"", distribution: ""power_law_1.01"", topk: 16, num_experts: 896, hidden_size: 3584, inter_size: 3072, moe_tp_size: 1, moe_ep_size: 1 } at <repo>/python/aisimulate/src/aiconfigurator_core/systems/data/b200_sxm/trtllm/1.3.0rc20","python python/aisimulate/tools/support_matrix/generate_fpe_support_matrix.py --model ""moonshotai/Kimi-K3"" --system ""b200_sxm"" --backend ""trtllm"" --backend-version ""1.3.0rc20"" --forward-model op_level --max-workers 8",,116,29,PERF_DATA_MISSING=116,,26dae1f99b2b50fb17118f38d8a8e95dfac3357c
moonshotai/Kimi-K3,KimiK3ForConditionalGeneration,b200_sxm,trtllm,1.3.0rc23,FAIL,"Strict-native op-level FPE probes: PERF_DATA_MISSING=116; raw probes=116; topologies=29; source_sha=26dae1f99b2b50fb17118f38d8a8e95dfac3357c. Representative failure: perf database error: MoE data missing for MoeKey { quant: ""w4a16_mxfp4"", distribution: ""power_law_1.01"", topk: 16, num_experts: 896, hidden_size: 3584, inter_size: 3072, moe_tp_size: 1, moe_ep_size: 1 } at <repo>/python/aisimulate/src/aiconfigurator_core/systems/data/b200_sxm/trtllm/1.3.0rc23","python python/aisimulate/tools/support_matrix/generate_fpe_support_matrix.py --model ""moonshotai/Kimi-K3"" --system ""b200_sxm"" --backend ""trtllm"" --backend-version ""1.3.0rc23"" --forward-model op_level --max-workers 8",,116,29,PERF_DATA_MISSING=116,,26dae1f99b2b50fb17118f38d8a8e95dfac3357c
moonshotai/Kimi-K3,KimiK3ForConditionalGeneration,b200_sxm,vllm,0.1.dev19262,FAIL,Strict-native op-level FPE probes: PERF_DATA_MISSING=116; raw probes=116; topologies=29; source_sha=26dae1f99b2b50fb17118f38d8a8e95dfac3357c. Representative failure: perf database error: perf database error: no GEMM rows loaded from 1 source(s) (first: <repo>/python/aisimulate/src/aiconfigurator_core/systems/data/b200_sxm/vllm/0.1.dev19262/gemm_perf.parquet),"python python/aisimulate/tools/support_matrix/generate_fpe_support_matrix.py --model ""moonshotai/Kimi-K3"" --system ""b200_sxm"" --backend ""vllm"" --backend-version ""0.1.dev19262"" --forward-model op_level --max-workers 8",,116,29,PERF_DATA_MISSING=116,,26dae1f99b2b50fb17118f38d8a8e95dfac3357c
moonshotai/Kimi-K3,KimiK3ForConditionalGeneration,b200_sxm,vllm,0.19.0,FAIL,"Strict-native op-level FPE probes: PERF_DATA_MISSING=116; raw probes=116; topologies=29; source_sha=26dae1f99b2b50fb17118f38d8a8e95dfac3357c. Representative failure: perf database error: MoE data missing for MoeKey { quant: ""w4a16_mxfp4"", distribution: ""power_law_1.01"", topk: 16, num_experts: 896, hidden_size: 3584, inter_size: 3072, moe_tp_size: 1, moe_ep_size: 1 } at <repo>/python/aisimulate/src/aiconfigurator_core/systems/data/b200_sxm/vllm/0.19.0","python python/aisimulate/tools/support_matrix/generate_fpe_support_matrix.py --model ""moonshotai/Kimi-K3"" --system ""b200_sxm"" --backend ""vllm"" --backend-version ""0.19.0"" --forward-model op_level --max-workers 8",,116,29,PERF_DATA_MISSING=116,,26dae1f99b2b50fb17118f38d8a8e95dfac3357c
moonshotai/Kimi-K3,KimiK3ForConditionalGeneration,b200_sxm,vllm,0.22.0,PASS,,"python python/aisimulate/tools/support_matrix/generate_fpe_support_matrix.py --model ""moonshotai/Kimi-K3"" --system ""b200_sxm"" --backend ""vllm"" --backend-version ""0.22.0"" --forward-model op_level --max-workers 8",silicon,116,29,PASS=116,"decode_end=23926.432765, decode_start=93.561288, mixed=415.387521, prefill=401.238987",26dae1f99b2b50fb17118f38d8a8e95dfac3357c
moonshotai/Kimi-K3,KimiK3ForConditionalGeneration,b200_sxm,vllm,0.24.0,PASS,,"python python/aisimulate/tools/support_matrix/generate_fpe_support_matrix.py --model ""moonshotai/Kimi-K3"" --system ""b200_sxm"" --backend ""vllm"" --backend-version ""0.24.0"" --forward-model op_level --max-workers 8",silicon,116,29,PASS=116,"decode_end=23958.311747, decode_start=93.686304, mixed=414.850267, prefill=401.216776",26dae1f99b2b50fb17118f38d8a8e95dfac3357c
nvidia/DeepSeek-V3.1-NVFP4,DeepseekV3ForCausalLM,b200_sxm,sglang,0.5.10,PASS,,"python python/aisimulate/tools/support_matrix/generate_fpe_support_matrix.py --model ""nvidia/DeepSeek-V3.1-NVFP4"" --system ""b200_sxm"" --backend ""sglang"" --backend-version ""0.5.10"" --forward-model op_level --max-workers 8",silicon,540,135,"PASS=220, SDK_UNREPRESENTABLE=320","decode_end=6099.704889, decode_start=23.881366, mixed=67.592361, prefill=65.871275",26dae1f99b2b50fb17118f38d8a8e95dfac3357c
nvidia/DeepSeek-V3.1-NVFP4,DeepseekV3ForCausalLM,b200_sxm,sglang,0.5.12,PASS,,"python python/aisimulate/tools/support_matrix/generate_fpe_support_matrix.py --model ""nvidia/DeepSeek-V3.1-NVFP4"" --system ""b200_sxm"" --backend ""sglang"" --backend-version ""0.5.12"" --forward-model op_level --max-workers 8",silicon,540,135,"PASS=220, SDK_UNREPRESENTABLE=320","decode_end=4245.251232, decode_start=16.646853, mixed=52.579069, prefill=50.314412",26dae1f99b2b50fb17118f38d8a8e95dfac3357c
nvidia/DeepSeek-V3.1-NVFP4,DeepseekV3ForCausalLM,b200_sxm,sglang,0.5.14,PASS,,"python python/aisimulate/tools/support_matrix/generate_fpe_support_matrix.py --model ""nvidia/DeepSeek-V3.1-NVFP4"" --system ""b200_sxm"" --backend ""sglang"" --backend-version ""0.5.14"" --forward-model op_level --max-workers 8",silicon,540,135,"PASS=220, SDK_UNREPRESENTABLE=320","decode_end=4245.251232, decode_start=16.646853, mixed=52.579069, prefill=50.314412",26dae1f99b2b50fb17118f38d8a8e95dfac3357c
nvidia/DeepSeek-V3.1-NVFP4,DeepseekV3ForCausalLM,b200_sxm,sglang,0.5.16,PASS,,"python python/aisimulate/tools/support_matrix/generate_fpe_support_matrix.py --model ""nvidia/DeepSeek-V3.1-NVFP4"" --system ""b200_sxm"" --backend ""sglang"" --backend-version ""0.5.16"" --forward-model op_level --max-workers 8",silicon,540,135,"PASS=220, SDK_UNREPRESENTABLE=320","decode_end=4245.251232, decode_start=16.646853, mixed=52.579069, prefill=50.314412",26dae1f99b2b50fb17118f38d8a8e95dfac3357c
nvidia/DeepSeek-V3.1-NVFP4,DeepseekV3ForCausalLM,b200_sxm,sglang,0.5.9,PASS,,"python python/aisimulate/tools/support_matrix/generate_fpe_support_matrix.py --model ""nvidia/DeepSeek-V3.1-NVFP4"" --system ""b200_sxm"" --backend ""sglang"" --backend-version ""0.5.9"" --forward-model op_level --max-workers 8",silicon,540,135,"PASS=220, SDK_UNREPRESENTABLE=320","decode_end=6107.597252, decode_start=23.932095, mixed=67.489664, prefill=65.889756",26dae1f99b2b50fb17118f38d8a8e95dfac3357c
nvidia/DeepSeek-V3.1-NVFP4,DeepseekV3ForCausalLM,b200_sxm,trtllm,1.2.0rc5,PASS,,"python python/aisimulate/tools/support_matrix/generate_fpe_support_matrix.py --model ""nvidia/DeepSeek-V3.1-NVFP4"" --system ""b200_sxm"" --backend ""trtllm"" --backend-version ""1.2.0rc5"" --forward-model op_level --max-workers 8",silicon,116,29,PASS=116,"decode_end=4874.844655, decode_start=19.062029, mixed=106.201265, prefill=51.497140",26dae1f99b2b50fb17118f38d8a8e95dfac3357c
nvidia/DeepSeek-V3.1-NVFP4,DeepseekV3ForCausalLM,b200_sxm,trtllm,1.3.0rc10,PASS,,"python python/aisimulate/tools/support_matrix/generate_fpe_support_matrix.py --model ""nvidia/DeepSeek-V3.1-NVFP4"" --system ""b200_sxm"" --backend ""trtllm"" --backend-version ""1.3.0rc10"" --forward-model op_level --max-workers 8",silicon,116,29,PASS=116,"decode_end=4719.149304, decode_start=18.476412, mixed=102.103589, prefill=50.726853",26dae1f99b2b50fb17118f38d8a8e95dfac3357c
nvidia/DeepSeek-V3.1-NVFP4,DeepseekV3ForCausalLM,b200_sxm,trtllm,1.3.0rc15,PASS,,"python python/aisimulate/tools/support_matrix/generate_fpe_support_matrix.py --model ""nvidia/DeepSeek-V3.1-NVFP4"" --system ""b200_sxm"" --backend ""trtllm"" --backend-version ""1.3.0rc15"" --forward-model op_level --max-workers 8",silicon,116,29,PASS=116,"decode_end=4700.285846, decode_start=18.323929, mixed=102.049002, prefill=50.670600",26dae1f99b2b50fb17118f38d8a8e95dfac3357c
nvidia/DeepSeek-V3.1-NVFP4,DeepseekV3ForCausalLM,b200_sxm,trtllm,1.3.0rc20,PASS,,"python python/aisimulate/tools/support_matrix/generate_fpe_support_matrix.py --model ""nvidia/DeepSeek-V3.1-NVFP4"" --system ""b200_sxm"" --backend ""trtllm"" --backend-version ""1.3.0rc20"" --forward-model op_level --max-workers 8",silicon,116,29,PASS=116,"decode_end=4617.825527, decode_start=18.059924, mixed=103.368536, prefill=49.765800",26dae1f99b2b50fb17118f38d8a8e95dfac3357c
nvidia/DeepSeek-V3.1-NVFP4,DeepseekV3ForCausalLM,b200_sxm,trtllm,1.3.0rc23,PASS,,"python python/aisimulate/tools/support_matrix/generate_fpe_support_matrix.py --model ""nvidia/DeepSeek-V3.1-NVFP4"" --system ""b200_sxm"" --backend ""trtllm"" --backend-version ""1.3.0rc23"" --forward-model op_level --max-workers 8",silicon,116,29,PASS=116,"decode_end=4617.825527, decode_start=18.059924, mixed=103.368536, prefill=49.765800",26dae1f99b2b50fb17118f38d8a8e95dfac3357c
nvidia/DeepSeek-V3.1-NVFP4,DeepseekV3ForCausalLM,b200_sxm,vllm,0.1.dev19262,FAIL,Strict-native op-level FPE probes: PERF_DATA_MISSING=116; raw probes=116; topologies=29; source_sha=26dae1f99b2b50fb17118f38d8a8e95dfac3357c. Representative failure: perf database error: perf database error: no GEMM rows loaded from 1 source(s) (first: <repo>/python/aisimulate/src/aiconfigurator_core/systems/data/b200_sxm/vllm/0.1.dev19262/gemm_perf.parquet),"python python/aisimulate/tools/support_matrix/generate_fpe_support_matrix.py --model ""nvidia/DeepSeek-V3.1-NVFP4"" --system ""b200_sxm"" --backend ""vllm"" --backend-version ""0.1.dev19262"" --forward-model op_level --max-workers 8",,116,29,PERF_DATA_MISSING=116,,26dae1f99b2b50fb17118f38d8a8e95dfac3357c
nvidia/DeepSeek-V3.1-NVFP4,DeepseekV3ForCausalLM,b200_sxm,vllm,0.19.0,PASS,,"python python/aisimulate/tools/support_matrix/generate_fpe_support_matrix.py --model ""nvidia/DeepSeek-V3.1-NVFP4"" --system ""b200_sxm"" --backend ""vllm"" --backend-version ""0.19.0"" --forward-model op_level --max-workers 8",silicon,116,29,PASS=116,"decode_end=6387.201950, decode_start=25.159098, mixed=61.265204, prefill=54.202162",26dae1f99b2b50fb17118f38d8a8e95dfac3357c
nvidia/DeepSeek-V3.1-NVFP4,DeepseekV3ForCausalLM,b200_sxm,vllm,0.22.0,PASS,,"python python/aisimulate/tools/support_matrix/generate_fpe_support_matrix.py --model ""nvidia/DeepSeek-V3.1-NVFP4"" --system ""b200_sxm"" --backend ""vllm"" --backend-version ""0.22.0"" --forward-model op_level --max-workers 8",silicon,116,29,PASS=116,"decode_end=4531.741179, decode_start=17.481322, mixed=53.157886, prefill=50.578997",26dae1f99b2b50fb17118f38d8a8e95dfac3357c
nvidia/DeepSeek-V3.1-NVFP4,DeepseekV3ForCausalLM,b200_sxm,vllm,0.24.0,PASS,,"python python/aisimulate/tools/support_matrix/generate_fpe_support_matrix.py --model ""nvidia/DeepSeek-V3.1-NVFP4"" --system ""b200_sxm"" --backend ""vllm"" --backend-version ""0.24.0"" --forward-model op_level --max-workers 8",silicon,116,29,PASS=116,"decode_end=4569.305722, decode_start=17.628634, mixed=53.875489, prefill=50.581968",26dae1f99b2b50fb17118f38d8a8e95dfac3357c
nvidia/DeepSeek-V3.2-NVFP4,DeepseekV32ForCausalLM,b200_sxm,sglang,0.5.10,FAIL,"Strict-native op-level FPE probes: PERF_DATA_MISSING=340, SDK_UNREPRESENTABLE=460; raw probes=800; topologies=200; source_sha=26dae1f99b2b50fb17118f38d8a8e95dfac3357c. Representative failure: perf database error: context DSA module data missing for DsaKey { architecture: ""DeepseekV32ForCausalLM"", fmha_quant: ""bfloat16"", kv_quant: ""fp8"", gemm_quant: ""nvfp4"" }","python python/aisimulate/tools/support_matrix/generate_fpe_support_matrix.py --model ""nvidia/DeepSeek-V3.2-NVFP4"" --system ""b200_sxm"" --backend ""sglang"" --backend-version ""0.5.10"" --forward-model op_level --max-workers 8",,800,200,"PERF_DATA_MISSING=340, SDK_UNREPRESENTABLE=460",,26dae1f99b2b50fb17118f38d8a8e95dfac3357c
nvidia/DeepSeek-V3.2-NVFP4,DeepseekV32ForCausalLM,b200_sxm,sglang,0.5.12,FAIL,"Strict-native op-level FPE probes: PERF_DATA_MISSING=340, SDK_UNREPRESENTABLE=460; raw probes=800; topologies=200; source_sha=26dae1f99b2b50fb17118f38d8a8e95dfac3357c. Representative failure: perf database error: context DSA module data missing for DsaKey { architecture: ""DeepseekV32ForCausalLM"", fmha_quant: ""bfloat16"", kv_quant: ""fp8"", gemm_quant: ""nvfp4"" }","python python/aisimulate/tools/support_matrix/generate_fpe_support_matrix.py --model ""nvidia/DeepSeek-V3.2-NVFP4"" --system ""b200_sxm"" --backend ""sglang"" --backend-version ""0.5.12"" --forward-model op_level --max-workers 8",,800,200,"PERF_DATA_MISSING=340, SDK_UNREPRESENTABLE=460",,26dae1f99b2b50fb17118f38d8a8e95dfac3357c
nvidia/DeepSeek-V3.2-NVFP4,DeepseekV32ForCausalLM,b200_sxm,sglang,0.5.14,FAIL,"Strict-native op-level FPE probes: PERF_DATA_MISSING=340, SDK_UNREPRESENTABLE=460; raw probes=800; topologies=200; source_sha=26dae1f99b2b50fb17118f38d8a8e95dfac3357c. Representative failure: perf database error: context DSA module data missing for DsaKey { architecture: ""DeepseekV32ForCausalLM"", fmha_quant: ""bfloat16"", kv_quant: ""fp8"", gemm_quant: ""nvfp4"" }","python python/aisimulate/tools/support_matrix/generate_fpe_support_matrix.py --model ""nvidia/DeepSeek-V3.2-NVFP4"" --system ""b200_sxm"" --backend ""sglang"" --backend-version ""0.5.14"" --forward-model op_level --max-workers 8",,800,200,"PERF_DATA_MISSING=340, SDK_UNREPRESENTABLE=460",,26dae1f99b2b50fb17118f38d8a8e95dfac3357c
nvidia/DeepSeek-V3.2-NVFP4,DeepseekV32ForCausalLM,b200_sxm,sglang,0.5.16,FAIL,"Strict-native op-level FPE probes: PERF_DATA_MISSING=340, SDK_UNREPRESENTABLE=460; raw probes=800; topologies=200; source_sha=26dae1f99b2b50fb17118f38d8a8e95dfac3357c. Representative failure: perf database error: context DSA module data missing for DsaKey { architecture: ""DeepseekV32ForCausalLM"", fmha_quant: ""bfloat16"", kv_quant: ""fp8"", gemm_quant: ""nvfp4"" }","python python/aisimulate/tools/support_matrix/generate_fpe_support_matrix.py --model ""nvidia/DeepSeek-V3.2-NVFP4"" --system ""b200_sxm"" --backend ""sglang"" --backend-version ""0.5.16"" --forward-model op_level --max-workers 8",,800,200,"PERF_DATA_MISSING=340, SDK_UNREPRESENTABLE=460",,26dae1f99b2b50fb17118f38d8a8e95dfac3357c
nvidia/DeepSeek-V3.2-NVFP4,DeepseekV32ForCausalLM,b200_sxm,sglang,0.5.9,FAIL,"Strict-native op-level FPE probes: PERF_DATA_MISSING=340, SDK_UNREPRESENTABLE=460; raw probes=800; topologies=200; source_sha=26dae1f99b2b50fb17118f38d8a8e95dfac3357c. Representative failure: perf database error: perf database error: perf database error: no DSA module rows loaded from 1 source(s) (first: <repo>/python/aisimulate/src/aiconfigurator_core/systems/data/b200_sxm/sglang/0.5.9/dsa_context_module_perf.parquet)","python python/aisimulate/tools/support_matrix/generate_fpe_support_matrix.py --model ""nvidia/DeepSeek-V3.2-NVFP4"" --system ""b200_sxm"" --backend ""sglang"" --backend-version ""0.5.9"" --forward-model op_level --max-workers 8",,800,200,"PERF_DATA_MISSING=340, SDK_UNREPRESENTABLE=460",,26dae1f99b2b50fb17118f38d8a8e95dfac3357c
nvidia/DeepSeek-V3.2-NVFP4,DeepseekV32ForCausalLM,b200_sxm,trtllm,1.2.0rc5,PASS,,"python python/aisimulate/tools/support_matrix/generate_fpe_support_matrix.py --model ""nvidia/DeepSeek-V3.2-NVFP4"" --system ""b200_sxm"" --backend ""trtllm"" --backend-version ""1.2.0rc5"" --forward-model op_level --max-workers 8",silicon,192,48,PASS=192,"decode_end=5780.347172, decode_start=22.596254, mixed=232.627694, prefill=169.923941",26dae1f99b2b50fb17118f38d8a8e95dfac3357c
nvidia/DeepSeek-V3.2-NVFP4,DeepseekV32ForCausalLM,b200_sxm,trtllm,1.3.0rc10,PASS,,"python python/aisimulate/tools/support_matrix/generate_fpe_support_matrix.py --model ""nvidia/DeepSeek-V3.2-NVFP4"" --system ""b200_sxm"" --backend ""trtllm"" --backend-version ""1.3.0rc10"" --forward-model op_level --max-workers 8",silicon,192,48,PASS=192,"decode_end=5613.803684, decode_start=21.951118, mixed=228.447885, prefill=169.214474",26dae1f99b2b50fb17118f38d8a8e95dfac3357c
nvidia/DeepSeek-V3.2-NVFP4,DeepseekV32ForCausalLM,b200_sxm,trtllm,1.3.0rc15,PASS,,"python python/aisimulate/tools/support_matrix/generate_fpe_support_matrix.py --model ""nvidia/DeepSeek-V3.2-NVFP4"" --system ""b200_sxm"" --backend ""trtllm"" --backend-version ""1.3.0rc15"" --forward-model op_level --max-workers 8",silicon,192,48,PASS=192,"decode_end=5445.380376, decode_start=21.373041, mixed=227.760768, prefill=169.214583",26dae1f99b2b50fb17118f38d8a8e95dfac3357c
nvidia/DeepSeek-V3.2-NVFP4,DeepseekV32ForCausalLM,b200_sxm,trtllm,1.3.0rc20,PASS,,"python python/aisimulate/tools/support_matrix/generate_fpe_support_matrix.py --model ""nvidia/DeepSeek-V3.2-NVFP4"" --system ""b200_sxm"" --backend ""trtllm"" --backend-version ""1.3.0rc20"" --forward-model op_level --max-workers 8",silicon,192,48,PASS=192,"decode_end=5421.005275, decode_start=21.277452, mixed=229.274484, prefill=168.200857",26dae1f99b2b50fb17118f38d8a8e95dfac3357c
nvidia/DeepSeek-V3.2-NVFP4,DeepseekV32ForCausalLM,b200_sxm,trtllm,1.3.0rc23,PASS,,"python python/aisimulate/tools/support_matrix/generate_fpe_support_matrix.py --model ""nvidia/DeepSeek-V3.2-NVFP4"" --system ""b200_sxm"" --backend ""trtllm"" --backend-version ""1.3.0rc23"" --forward-model op_level --max-workers 8",silicon,192,48,PASS=192,"decode_end=5421.005275, decode_start=21.277452, mixed=229.274484, prefill=168.200857",26dae1f99b2b50fb17118f38d8a8e95dfac3357c
nvidia/DeepSeek-V3.2-NVFP4,DeepseekV32ForCausalLM,b200_sxm,vllm,0.1.dev19262,FAIL,Strict-native op-level FPE probes: PERF_DATA_MISSING=192; raw probes=192; topologies=48; source_sha=26dae1f99b2b50fb17118f38d8a8e95dfac3357c. Representative failure: perf database error: perf database error: no GEMM rows loaded from 1 source(s) (first: <repo>/python/aisimulate/src/aiconfigurator_core/systems/data/b200_sxm/vllm/0.1.dev19262/gemm_perf.parquet),"python python/aisimulate/tools/support_matrix/generate_fpe_support_matrix.py --model ""nvidia/DeepSeek-V3.2-NVFP4"" --system ""b200_sxm"" --backend ""vllm"" --backend-version ""0.1.dev19262"" --forward-model op_level --max-workers 8",,192,48,PERF_DATA_MISSING=192,,26dae1f99b2b50fb17118f38d8a8e95dfac3357c
nvidia/DeepSeek-V3.2-NVFP4,DeepseekV32ForCausalLM,b200_sxm,vllm,0.19.0,PASS,,"python python/aisimulate/tools/support_matrix/generate_fpe_support_matrix.py --model ""nvidia/DeepSeek-V3.2-NVFP4"" --system ""b200_sxm"" --backend ""vllm"" --backend-version ""0.19.0"" --forward-model op_level --max-workers 8",silicon,192,48,PASS=192,"decode_end=7890.179230, decode_start=30.939221, mixed=200.527024, prefill=184.764135",26dae1f99b2b50fb17118f38d8a8e95dfac3357c
nvidia/DeepSeek-V3.2-NVFP4,DeepseekV32ForCausalLM,b200_sxm,vllm,0.22.0,PASS,,"python python/aisimulate/tools/support_matrix/generate_fpe_support_matrix.py --model ""nvidia/DeepSeek-V3.2-NVFP4"" --system ""b200_sxm"" --backend ""vllm"" --backend-version ""0.22.0"" --forward-model op_level --max-workers 8",silicon,192,48,PASS=192,"decode_end=6352.428703, decode_start=24.900852, mixed=181.425234, prefill=169.189081",26dae1f99b2b50fb17118f38d8a8e95dfac3357c
nvidia/DeepSeek-V3.2-NVFP4,DeepseekV32ForCausalLM,b200_sxm,vllm,0.24.0,PASS,,"python python/aisimulate/tools/support_matrix/generate_fpe_support_matrix.py --model ""nvidia/DeepSeek-V3.2-NVFP4"" --system ""b200_sxm"" --backend ""vllm"" --backend-version ""0.24.0"" --forward-model op_level --max-workers 8",silicon,192,48,PASS=192,"decode_end=6354.495495, decode_start=24.908957, mixed=181.463663, prefill=169.158284",26dae1f99b2b50fb17118f38d8a8e95dfac3357c
nvidia/DeepSeek-V4-Flash-NVFP4,DeepseekV4ForCausalLM,b200_sxm,sglang,0.5.10,FAIL,"Strict-native op-level FPE probes: PERF_DATA_MISSING=340, SDK_UNREPRESENTABLE=460; raw probes=800; topologies=200; source_sha=26dae1f99b2b50fb17118f38d8a8e95dfac3357c. Representative failure: perf database error: MoE data missing for MoeKey { quant: ""nvfp4"", distribution: ""power_law_1.01"", topk: 6, num_experts: 256, hidden_size: 4096, inter_size: 2048, moe_tp_size: 1, moe_ep_size: 1 } at <repo>/python/aisimulate/src/aiconfigurator_core/systems/data/b200_sxm/sglang/0.5.10","python python/aisimulate/tools/support_matrix/generate_fpe_support_matrix.py --model ""nvidia/DeepSeek-V4-Flash-NVFP4"" --system ""b200_sxm"" --backend ""sglang"" --backend-version ""0.5.10"" --forward-model op_level --max-workers 8",,800,200,"PERF_DATA_MISSING=340, SDK_UNREPRESENTABLE=460",,26dae1f99b2b50fb17118f38d8a8e95dfac3357c
nvidia/DeepSeek-V4-Flash-NVFP4,DeepseekV4ForCausalLM,b200_sxm,sglang,0.5.12,FAIL,"Strict-native op-level FPE probes: PERF_DATA_MISSING=340, SDK_UNREPRESENTABLE=460; raw probes=800; topologies=200; source_sha=26dae1f99b2b50fb17118f38d8a8e95dfac3357c. Representative failure: perf database error: MoE data missing for MoeKey { quant: ""nvfp4"", distribution: ""power_law_1.01"", topk: 6, num_experts: 256, hidden_size: 4096, inter_size: 2048, moe_tp_size: 1, moe_ep_size: 1 } at <repo>/python/aisimulate/src/aiconfigurator_core/systems/data/b200_sxm/sglang/0.5.12","python python/aisimulate/tools/support_matrix/generate_fpe_support_matrix.py --model ""nvidia/DeepSeek-V4-Flash-NVFP4"" --system ""b200_sxm"" --backend ""sglang"" --backend-version ""0.5.12"" --forward-model op_level --max-workers 8",,800,200,"PERF_DATA_MISSING=340, SDK_UNREPRESENTABLE=460",,26dae1f99b2b50fb17118f38d8a8e95dfac3357c
nvidia/DeepSeek-V4-Flash-NVFP4,DeepseekV4ForCausalLM,b200_sxm,sglang,0.5.14,FAIL,"Strict-native op-level FPE probes: PERF_DATA_MISSING=340, SDK_UNREPRESENTABLE=460; raw probes=800; topologies=200; source_sha=26dae1f99b2b50fb17118f38d8a8e95dfac3357c. Representative failure: perf database error: MoE data missing for MoeKey { quant: ""nvfp4"", distribution: ""power_law_1.01"", topk: 6, num_experts: 256, hidden_size: 4096, inter_size: 2048, moe_tp_size: 1, moe_ep_size: 1 } at <repo>/python/aisimulate/src/aiconfigurator_core/systems/data/b200_sxm/sglang/0.5.14","python python/aisimulate/tools/support_matrix/generate_fpe_support_matrix.py --model ""nvidia/DeepSeek-V4-Flash-NVFP4"" --system ""b200_sxm"" --backend ""sglang"" --backend-version ""0.5.14"" --forward-model op_level --max-workers 8",,800,200,"PERF_DATA_MISSING=340, SDK_UNREPRESENTABLE=460",,26dae1f99b2b50fb17118f38d8a8e95dfac3357c
nvidia/DeepSeek-V4-Flash-NVFP4,DeepseekV4ForCausalLM,b200_sxm,sglang,0.5.16,FAIL,"Strict-native op-level FPE probes: PERF_DATA_MISSING=340, SDK_UNREPRESENTABLE=460; raw probes=800; topologies=200; source_sha=26dae1f99b2b50fb17118f38d8a8e95dfac3357c. Representative failure: perf database error: MoE data missing for MoeKey { quant: ""nvfp4"", distribution: ""power_law_1.01"", topk: 6, num_experts: 256, hidden_size: 4096, inter_size: 2048, moe_tp_size: 1, moe_ep_size: 1 } at <repo>/python/aisimulate/src/aiconfigurator_core/systems/data/b200_sxm/sglang/0.5.16","python python/aisimulate/tools/support_matrix/generate_fpe_support_matrix.py --model ""nvidia/DeepSeek-V4-Flash-NVFP4"" --system ""b200_sxm"" --backend ""sglang"" --backend-version ""0.5.16"" --forward-model op_level --max-workers 8",,800,200,"PERF_DATA_MISSING=340, SDK_UNREPRESENTABLE=460",,26dae1f99b2b50fb17118f38d8a8e95dfac3357c
nvidia/DeepSeek-V4-Flash-NVFP4,DeepseekV4ForCausalLM,b200_sxm,sglang,0.5.9,FAIL,"Strict-native op-level FPE probes: PERF_DATA_MISSING=340, SDK_UNREPRESENTABLE=460; raw probes=800; topologies=200; source_sha=26dae1f99b2b50fb17118f38d8a8e95dfac3357c. Representative failure: perf database error: perf database error: no MHC module rows loaded from 1 source(s) (first: <repo>/python/aisimulate/src/aiconfigurator_core/systems/data/b200_sxm/sglang/0.5.9/mhc_module_perf.parquet)","python python/aisimulate/tools/support_matrix/generate_fpe_support_matrix.py --model ""nvidia/DeepSeek-V4-Flash-NVFP4"" --system ""b200_sxm"" --backend ""sglang"" --backend-version ""0.5.9"" --forward-model op_level --max-workers 8",,800,200,"PERF_DATA_MISSING=340, SDK_UNREPRESENTABLE=460",,26dae1f99b2b50fb17118f38d8a8e95dfac3357c
nvidia/DeepSeek-V4-Flash-NVFP4,DeepseekV4ForCausalLM,b200_sxm,trtllm,1.2.0rc5,FAIL,Strict-native op-level FPE probes: PERF_DATA_MISSING=192; raw probes=192; topologies=48; source_sha=26dae1f99b2b50fb17118f38d8a8e95dfac3357c. Representative failure: perf database error: perf database error: no MHC module rows loaded from 1 source(s) (first: <repo>/python/aisimulate/src/aiconfigurator_core/systems/data/b200_sxm/trtllm/1.2.0rc5/mhc_module_perf.parquet),"python python/aisimulate/tools/support_matrix/generate_fpe_support_matrix.py --model ""nvidia/DeepSeek-V4-Flash-NVFP4"" --system ""b200_sxm"" --backend ""trtllm"" --backend-version ""1.2.0rc5"" --forward-model op_level --max-workers 8",,192,48,PERF_DATA_MISSING=192,,26dae1f99b2b50fb17118f38d8a8e95dfac3357c
nvidia/DeepSeek-V4-Flash-NVFP4,DeepseekV4ForCausalLM,b200_sxm,trtllm,1.3.0rc10,FAIL,Strict-native op-level FPE probes: PERF_DATA_MISSING=192; raw probes=192; topologies=48; source_sha=26dae1f99b2b50fb17118f38d8a8e95dfac3357c. Representative failure: perf database error: perf database error: no MHC module rows loaded from 1 source(s) (first: <repo>/python/aisimulate/src/aiconfigurator_core/systems/data/b200_sxm/trtllm/1.3.0rc10/mhc_module_perf.parquet),"python python/aisimulate/tools/support_matrix/generate_fpe_support_matrix.py --model ""nvidia/DeepSeek-V4-Flash-NVFP4"" --system ""b200_sxm"" --backend ""trtllm"" --backend-version ""1.3.0rc10"" --forward-model op_level --max-workers 8",,192,48,PERF_DATA_MISSING=192,,26dae1f99b2b50fb17118f38d8a8e95dfac3357c
nvidia/DeepSeek-V4-Flash-NVFP4,DeepseekV4ForCausalLM,b200_sxm,trtllm,1.3.0rc15,FAIL,Strict-native op-level FPE probes: PERF_DATA_MISSING=192; raw probes=192; topologies=48; source_sha=26dae1f99b2b50fb17118f38d8a8e95dfac3357c. Representative failure: perf database error: perf database error: no MHC module rows loaded from 1 source(s) (first: <repo>/python/aisimulate/src/aiconfigurator_core/systems/data/b200_sxm/trtllm/1.3.0rc15/mhc_module_perf.parquet),"python python/aisimulate/tools/support_matrix/generate_fpe_support_matrix.py --model ""nvidia/DeepSeek-V4-Flash-NVFP4"" --system ""b200_sxm"" --backend ""trtllm"" --backend-version ""1.3.0rc15"" --forward-model op_level --max-workers 8",,192,48,PERF_DATA_MISSING=192,,26dae1f99b2b50fb17118f38d8a8e95dfac3357c
nvidia/DeepSeek-V4-Flash-NVFP4,DeepseekV4ForCausalLM,b200_sxm,trtllm,1.3.0rc20,FAIL,"Strict-native op-level FPE probes: PERF_DATA_MISSING=192; raw probes=192; topologies=48; source_sha=26dae1f99b2b50fb17118f38d8a8e95dfac3357c. Representative failure: perf database error: MoE data missing for MoeKey { quant: ""nvfp4"", distribution: ""power_law_1.01"", topk: 6, num_experts: 256, hidden_size: 4096, inter_size: 2048, moe_tp_size: 1, moe_ep_size: 1 } at <repo>/python/aisimulate/src/aiconfigurator_core/systems/data/b200_sxm/trtllm/1.3.0rc20","python python/aisimulate/tools/support_matrix/generate_fpe_support_matrix.py --model ""nvidia/DeepSeek-V4-Flash-NVFP4"" --system ""b200_sxm"" --backend ""trtllm"" --backend-version ""1.3.0rc20"" --forward-model op_level --max-workers 8",,192,48,PERF_DATA_MISSING=192,,26dae1f99b2b50fb17118f38d8a8e95dfac3357c
nvidia/DeepSeek-V4-Flash-NVFP4,DeepseekV4ForCausalLM,b200_sxm,trtllm,1.3.0rc23,FAIL,"Strict-native op-level FPE probes: PERF_DATA_MISSING=192; raw probes=192; topologies=48; source_sha=26dae1f99b2b50fb17118f38d8a8e95dfac3357c. Representative failure: perf database error: MoE data missing for MoeKey { quant: ""nvfp4"", distribution: ""power_law_1.01"", topk: 6, num_experts: 256, hidden_size: 4096, inter_size: 2048, moe_tp_size: 1, moe_ep_size: 1 } at <repo>/python/aisimulate/src/aiconfigurator_core/systems/data/b200_sxm/trtllm/1.3.0rc23","python python/aisimulate/tools/support_matrix/generate_fpe_support_matrix.py --model ""nvidia/DeepSeek-V4-Flash-NVFP4"" --system ""b200_sxm"" --backend ""trtllm"" --backend-version ""1.3.0rc23"" --forward-model op_level --max-workers 8",,192,48,PERF_DATA_MISSING=192,,26dae1f99b2b50fb17118f38d8a8e95dfac3357c
nvidia/DeepSeek-V4-Flash-NVFP4,DeepseekV4ForCausalLM,b200_sxm,vllm,0.1.dev19262,FAIL,Strict-native op-level FPE probes: PERF_DATA_MISSING=192; raw probes=192; topologies=48; source_sha=26dae1f99b2b50fb17118f38d8a8e95dfac3357c. Representative failure: perf database error: perf database error: no MHC module rows loaded from 1 source(s) (first: <repo>/python/aisimulate/src/aiconfigurator_core/systems/data/b200_sxm/vllm/0.1.dev19262/mhc_module_perf.parquet),"python python/aisimulate/tools/support_matrix/generate_fpe_support_matrix.py --model ""nvidia/DeepSeek-V4-Flash-NVFP4"" --system ""b200_sxm"" --backend ""vllm"" --backend-version ""0.1.dev19262"" --forward-model op_level --max-workers 8",,192,48,PERF_DATA_MISSING=192,,26dae1f99b2b50fb17118f38d8a8e95dfac3357c
nvidia/DeepSeek-V4-Flash-NVFP4,DeepseekV4ForCausalLM,b200_sxm,vllm,0.19.0,FAIL,Strict-native op-level FPE probes: PERF_DATA_MISSING=192; raw probes=192; topologies=48; source_sha=26dae1f99b2b50fb17118f38d8a8e95dfac3357c. Representative failure: perf database error: perf database error: no MHC module rows loaded from 1 source(s) (first: <repo>/python/aisimulate/src/aiconfigurator_core/systems/data/b200_sxm/vllm/0.19.0/mhc_module_perf.parquet),"python python/aisimulate/tools/support_matrix/generate_fpe_support_matrix.py --model ""nvidia/DeepSeek-V4-Flash-NVFP4"" --system ""b200_sxm"" --backend ""vllm"" --backend-version ""0.19.0"" --forward-model op_level --max-workers 8",,192,48,PERF_DATA_MISSING=192,,26dae1f99b2b50fb17118f38d8a8e95dfac3357c
nvidia/DeepSeek-V4-Flash-NVFP4,DeepseekV4ForCausalLM,b200_sxm,vllm,0.22.0,FAIL,"Strict-native op-level FPE probes: PERF_DATA_MISSING=192; raw probes=192; topologies=48; source_sha=26dae1f99b2b50fb17118f38d8a8e95dfac3357c. Representative failure: perf database error: MoE data missing for MoeKey { quant: ""nvfp4"", distribution: ""power_law_1.01"", topk: 6, num_experts: 256, hidden_size: 4096, inter_size: 2048, moe_tp_size: 1, moe_ep_size: 1 } at <repo>/python/aisimulate/src/aiconfigurator_core/systems/data/b200_sxm/vllm/0.22.0","python python/aisimulate/tools/support_matrix/generate_fpe_support_matrix.py --model ""nvidia/DeepSeek-V4-Flash-NVFP4"" --system ""b200_sxm"" --backend ""vllm"" --backend-version ""0.22.0"" --forward-model op_level --max-workers 8",,192,48,PERF_DATA_MISSING=192,,26dae1f99b2b50fb17118f38d8a8e95dfac3357c
nvidia/DeepSeek-V4-Flash-NVFP4,DeepseekV4ForCausalLM,b200_sxm,vllm,0.24.0,FAIL,"Strict-native op-level FPE probes: PERF_DATA_MISSING=192; raw probes=192; topologies=48; source_sha=26dae1f99b2b50fb17118f38d8a8e95dfac3357c. Representative failure: perf database error: MoE data missing for MoeKey { quant: ""nvfp4"", distribution: ""power_law_1.01"", topk: 6, num_experts: 256, hidden_size: 4096, inter_size: 2048, moe_tp_size: 1, moe_ep_size: 1 } at <repo>/python/aisimulate/src/aiconfigurator_core/systems/data/b200_sxm/vllm/0.24.0","python python/aisimulate/tools/support_matrix/generate_fpe_support_matrix.py --model ""nvidia/DeepSeek-V4-Flash-NVFP4"" --system ""b200_sxm"" --backend ""vllm"" --backend-version ""0.24.0"" --forward-model op_level --max-workers 8",,192,48,PERF_DATA_MISSING=192,,26dae1f99b2b50fb17118f38d8a8e95dfac3357c
nvidia/DeepSeek-V4-Pro-NVFP4,DeepseekV4ForCausalLM,b200_sxm,sglang,0.5.10,FAIL,"Strict-native op-level FPE probes: PERF_DATA_MISSING=340, SDK_UNREPRESENTABLE=460; raw probes=800; topologies=200; source_sha=26dae1f99b2b50fb17118f38d8a8e95dfac3357c. Representative failure: perf database error: MoE data missing for MoeKey { quant: ""nvfp4"", distribution: ""power_law_1.01"", topk: 6, num_experts: 384, hidden_size: 7168, inter_size: 3072, moe_tp_size: 1, moe_ep_size: 1 } at <repo>/python/aisimulate/src/aiconfigurator_core/systems/data/b200_sxm/sglang/0.5.10","python python/aisimulate/tools/support_matrix/generate_fpe_support_matrix.py --model ""nvidia/DeepSeek-V4-Pro-NVFP4"" --system ""b200_sxm"" --backend ""sglang"" --backend-version ""0.5.10"" --forward-model op_level --max-workers 8",,800,200,"PERF_DATA_MISSING=340, SDK_UNREPRESENTABLE=460",,26dae1f99b2b50fb17118f38d8a8e95dfac3357c
nvidia/DeepSeek-V4-Pro-NVFP4,DeepseekV4ForCausalLM,b200_sxm,sglang,0.5.12,FAIL,"Strict-native op-level FPE probes: PERF_DATA_MISSING=340, SDK_UNREPRESENTABLE=460; raw probes=800; topologies=200; source_sha=26dae1f99b2b50fb17118f38d8a8e95dfac3357c. Representative failure: perf database error: MoE data missing for MoeKey { quant: ""nvfp4"", distribution: ""power_law_1.01"", topk: 6, num_experts: 384, hidden_size: 7168, inter_size: 3072, moe_tp_size: 1, moe_ep_size: 1 } at <repo>/python/aisimulate/src/aiconfigurator_core/systems/data/b200_sxm/sglang/0.5.12","python python/aisimulate/tools/support_matrix/generate_fpe_support_matrix.py --model ""nvidia/DeepSeek-V4-Pro-NVFP4"" --system ""b200_sxm"" --backend ""sglang"" --backend-version ""0.5.12"" --forward-model op_level --max-workers 8",,800,200,"PERF_DATA_MISSING=340, SDK_UNREPRESENTABLE=460",,26dae1f99b2b50fb17118f38d8a8e95dfac3357c
nvidia/DeepSeek-V4-Pro-NVFP4,DeepseekV4ForCausalLM,b200_sxm,sglang,0.5.14,FAIL,"Strict-native op-level FPE probes: PERF_DATA_MISSING=340, SDK_UNREPRESENTABLE=460; raw probes=800; topologies=200; source_sha=26dae1f99b2b50fb17118f38d8a8e95dfac3357c. Representative failure: perf database error: MoE data missing for MoeKey { quant: ""nvfp4"", distribution: ""power_law_1.01"", topk: 6, num_experts: 384, hidden_size: 7168, inter_size: 3072, moe_tp_size: 1, moe_ep_size: 1 } at <repo>/python/aisimulate/src/aiconfigurator_core/systems/data/b200_sxm/sglang/0.5.14","python python/aisimulate/tools/support_matrix/generate_fpe_support_matrix.py --model ""nvidia/DeepSeek-V4-Pro-NVFP4"" --system ""b200_sxm"" --backend ""sglang"" --backend-version ""0.5.14"" --forward-model op_level --max-workers 8",,800,200,"PERF_DATA_MISSING=340, SDK_UNREPRESENTABLE=460",,26dae1f99b2b50fb17118f38d8a8e95dfac3357c
nvidia/DeepSeek-V4-Pro-NVFP4,DeepseekV4ForCausalLM,b200_sxm,sglang,0.5.16,FAIL,"Strict-native op-level FPE probes: PERF_DATA_MISSING=340, SDK_UNREPRESENTABLE=460; raw probes=800; topologies=200; source_sha=26dae1f99b2b50fb17118f38d8a8e95dfac3357c. Representative failure: perf database error: MoE data missing for MoeKey { quant: ""nvfp4"", distribution: ""power_law_1.01"", topk: 6, num_experts: 384, hidden_size: 7168, inter_size: 3072, moe_tp_size: 1, moe_ep_size: 1 } at <repo>/python/aisimulate/src/aiconfigurator_core/systems/data/b200_sxm/sglang/0.5.16","python python/aisimulate/tools/support_matrix/generate_fpe_support_matrix.py --model ""nvidia/DeepSeek-V4-Pro-NVFP4"" --system ""b200_sxm"" --backend ""sglang"" --backend-version ""0.5.16"" --forward-model op_level --max-workers 8",,800,200,"PERF_DATA_MISSING=340, SDK_UNREPRESENTABLE=460",,26dae1f99b2b50fb17118f38d8a8e95dfac3357c
nvidia/DeepSeek-V4-Pro-NVFP4,DeepseekV4ForCausalLM,b200_sxm,sglang,0.5.9,FAIL,"Strict-native op-level FPE probes: PERF_DATA_MISSING=340, SDK_UNREPRESENTABLE=460; raw probes=800; topologies=200; source_sha=26dae1f99b2b50fb17118f38d8a8e95dfac3357c. Representative failure: perf database error: perf database error: no MHC module rows loaded from 1 source(s) (first: <repo>/python/aisimulate/src/aiconfigurator_core/systems/data/b200_sxm/sglang/0.5.9/mhc_module_perf.parquet)","python python/aisimulate/tools/support_matrix/generate_fpe_support_matrix.py --model ""nvidia/DeepSeek-V4-Pro-NVFP4"" --system ""b200_sxm"" --backend ""sglang"" --backend-version ""0.5.9"" --forward-model op_level --max-workers 8",,800,200,"PERF_DATA_MISSING=340, SDK_UNREPRESENTABLE=460",,26dae1f99b2b50fb17118f38d8a8e95dfac3357c
nvidia/DeepSeek-V4-Pro-NVFP4,DeepseekV4ForCausalLM,b200_sxm,trtllm,1.2.0rc5,FAIL,Strict-native op-level FPE probes: PERF_DATA_MISSING=192; raw probes=192; topologies=48; source_sha=26dae1f99b2b50fb17118f38d8a8e95dfac3357c. Representative failure: perf database error: perf database error: no MHC module rows loaded from 1 source(s) (first: <repo>/python/aisimulate/src/aiconfigurator_core/systems/data/b200_sxm/trtllm/1.2.0rc5/mhc_module_perf.parquet),"python python/aisimulate/tools/support_matrix/generate_fpe_support_matrix.py --model ""nvidia/DeepSeek-V4-Pro-NVFP4"" --system ""b200_sxm"" --backend ""trtllm"" --backend-version ""1.2.0rc5"" --forward-model op_level --max-workers 8",,192,48,PERF_DATA_MISSING=192,,26dae1f99b2b50fb17118f38d8a8e95dfac3357c
nvidia/DeepSeek-V4-Pro-NVFP4,DeepseekV4ForCausalLM,b200_sxm,trtllm,1.3.0rc10,FAIL,Strict-native op-level FPE probes: PERF_DATA_MISSING=192; raw probes=192; topologies=48; source_sha=26dae1f99b2b50fb17118f38d8a8e95dfac3357c. Representative failure: perf database error: perf database error: no MHC module rows loaded from 1 source(s) (first: <repo>/python/aisimulate/src/aiconfigurator_core/systems/data/b200_sxm/trtllm/1.3.0rc10/mhc_module_perf.parquet),"python python/aisimulate/tools/support_matrix/generate_fpe_support_matrix.py --model ""nvidia/DeepSeek-V4-Pro-NVFP4"" --system ""b200_sxm"" --backend ""trtllm"" --backend-version ""1.3.0rc10"" --forward-model op_level --max-workers 8",,192,48,PERF_DATA_MISSING=192,,26dae1f99b2b50fb17118f38d8a8e95dfac3357c
nvidia/DeepSeek-V4-Pro-NVFP4,DeepseekV4ForCausalLM,b200_sxm,trtllm,1.3.0rc15,FAIL,Strict-native op-level FPE probes: PERF_DATA_MISSING=192; raw probes=192; topologies=48; source_sha=26dae1f99b2b50fb17118f38d8a8e95dfac3357c. Representative failure: perf database error: perf database error: no MHC module rows loaded from 1 source(s) (first: <repo>/python/aisimulate/src/aiconfigurator_core/systems/data/b200_sxm/trtllm/1.3.0rc15/mhc_module_perf.parquet),"python python/aisimulate/tools/support_matrix/generate_fpe_support_matrix.py --model ""nvidia/DeepSeek-V4-Pro-NVFP4"" --system ""b200_sxm"" --backend ""trtllm"" --backend-version ""1.3.0rc15"" --forward-model op_level --max-workers 8",,192,48,PERF_DATA_MISSING=192,,26dae1f99b2b50fb17118f38d8a8e95dfac3357c
nvidia/DeepSeek-V4-Pro-NVFP4,DeepseekV4ForCausalLM,b200_sxm,trtllm,1.3.0rc20,FAIL,"Strict-native op-level FPE probes: PERF_DATA_MISSING=192; raw probes=192; topologies=48; source_sha=26dae1f99b2b50fb17118f38d8a8e95dfac3357c. Representative failure: perf database error: MoE data missing for MoeKey { quant: ""nvfp4"", distribution: ""power_law_1.01"", topk: 6, num_experts: 384, hidden_size: 7168, inter_size: 3072, moe_tp_size: 1, moe_ep_size: 1 } at <repo>/python/aisimulate/src/aiconfigurator_core/systems/data/b200_sxm/trtllm/1.3.0rc20","python python/aisimulate/tools/support_matrix/generate_fpe_support_matrix.py --model ""nvidia/DeepSeek-V4-Pro-NVFP4"" --system ""b200_sxm"" --backend ""trtllm"" --backend-version ""1.3.0rc20"" --forward-model op_level --max-workers 8",,192,48,PERF_DATA_MISSING=192,,26dae1f99b2b50fb17118f38d8a8e95dfac3357c
nvidia/DeepSeek-V4-Pro-NVFP4,DeepseekV4ForCausalLM,b200_sxm,trtllm,1.3.0rc23,FAIL,"Strict-native op-level FPE probes: PERF_DATA_MISSING=192; raw probes=192; topologies=48; source_sha=26dae1f99b2b50fb17118f38d8a8e95dfac3357c. Representative failure: perf database error: MoE data missing for MoeKey { quant: ""nvfp4"", distribution: ""power_law_1.01"", topk: 6, num_experts: 384, hidden_size: 7168, inter_size: 3072, moe_tp_size: 1, moe_ep_size: 1 } at <repo>/python/aisimulate/src/aiconfigurator_core/systems/data/b200_sxm/trtllm/1.3.0rc23","python python/aisimulate/tools/support_matrix/generate_fpe_support_matrix.py --model ""nvidia/DeepSeek-V4-Pro-NVFP4"" --system ""b200_sxm"" --backend ""trtllm"" --backend-version ""1.3.0rc23"" --forward-model op_level --max-workers 8",,192,48,PERF_DATA_MISSING=192,,26dae1f99b2b50fb17118f38d8a8e95dfac3357c
nvidia/DeepSeek-V4-Pro-NVFP4,DeepseekV4ForCausalLM,b200_sxm,vllm,0.1.dev19262,FAIL,Strict-native op-level FPE probes: PERF_DATA_MISSING=192; raw probes=192; topologies=48; source_sha=26dae1f99b2b50fb17118f38d8a8e95dfac3357c. Representative failure: perf database error: perf database error: no MHC module rows loaded from 1 source(s) (first: <repo>/python/aisimulate/src/aiconfigurator_core/systems/data/b200_sxm/vllm/0.1.dev19262/mhc_module_perf.parquet),"python python/aisimulate/tools/support_matrix/generate_fpe_support_matrix.py --model ""nvidia/DeepSeek-V4-Pro-NVFP4"" --system ""b200_sxm"" --backend ""vllm"" --backend-version ""0.1.dev19262"" --forward-model op_level --max-workers 8",,192,48,PERF_DATA_MISSING=192,,26dae1f99b2b50fb17118f38d8a8e95dfac3357c
nvidia/DeepSeek-V4-Pro-NVFP4,DeepseekV4ForCausalLM,b200_sxm,vllm,0.19.0,FAIL,Strict-native op-level FPE probes: PERF_DATA_MISSING=192; raw probes=192; topologies=48; source_sha=26dae1f99b2b50fb17118f38d8a8e95dfac3357c. Representative failure: perf database error: perf database error: no MHC module rows loaded from 1 source(s) (first: <repo>/python/aisimulate/src/aiconfigurator_core/systems/data/b200_sxm/vllm/0.19.0/mhc_module_perf.parquet),"python python/aisimulate/tools/support_matrix/generate_fpe_support_matrix.py --model ""nvidia/DeepSeek-V4-Pro-NVFP4"" --system ""b200_sxm"" --backend ""vllm"" --backend-version ""0.19.0"" --forward-model op_level --max-workers 8",,192,48,PERF_DATA_MISSING=192,,26dae1f99b2b50fb17118f38d8a8e95dfac3357c
nvidia/DeepSeek-V4-Pro-NVFP4,DeepseekV4ForCausalLM,b200_sxm,vllm,0.22.0,FAIL,"Strict-native op-level FPE probes: PERF_DATA_MISSING=192; raw probes=192; topologies=48; source_sha=26dae1f99b2b50fb17118f38d8a8e95dfac3357c. Representative failure: perf database error: MoE data missing for MoeKey { quant: ""nvfp4"", distribution: ""power_law_1.01"", topk: 6, num_experts: 384, hidden_size: 7168, inter_size: 3072, moe_tp_size: 1, moe_ep_size: 1 } at <repo>/python/aisimulate/src/aiconfigurator_core/systems/data/b200_sxm/vllm/0.22.0","python python/aisimulate/tools/support_matrix/generate_fpe_support_matrix.py --model ""nvidia/DeepSeek-V4-Pro-NVFP4"" --system ""b200_sxm"" --backend ""vllm"" --backend-version ""0.22.0"" --forward-model op_level --max-workers 8",,192,48,PERF_DATA_MISSING=192,,26dae1f99b2b50fb17118f38d8a8e95dfac3357c
nvidia/DeepSeek-V4-Pro-NVFP4,DeepseekV4ForCausalLM,b200_sxm,vllm,0.24.0,FAIL,"Strict-native op-level FPE probes: PERF_DATA_MISSING=192; raw probes=192; topologies=48; source_sha=26dae1f99b2b50fb17118f38d8a8e95dfac3357c. Representative failure: perf database error: MoE data missing for MoeKey { quant: ""nvfp4"", distribution: ""power_law_1.01"", topk: 6, num_experts: 384, hidden_size: 7168, inter_size: 3072, moe_tp_size: 1, moe_ep_size: 1 } at <repo>/python/aisimulate/src/aiconfigurator_core/systems/data/b200_sxm/vllm/0.24.0","python python/aisimulate/tools/support_matrix/generate_fpe_support_matrix.py --model ""nvidia/DeepSeek-V4-Pro-NVFP4"" --system ""b200_sxm"" --backend ""vllm"" --backend-version ""0.24.0"" --forward-model op_level --max-workers 8",,192,48,PERF_DATA_MISSING=192,,26dae1f99b2b50fb17118f38d8a8e95dfac3357c
nvidia/GLM-5.2-NVFP4,GlmMoeDsaForCausalLM,b200_sxm,sglang,0.5.10,PASS,,"python python/aisimulate/tools/support_matrix/generate_fpe_support_matrix.py --model ""nvidia/GLM-5.2-NVFP4"" --system ""b200_sxm"" --backend ""sglang"" --backend-version ""0.5.10"" --forward-model op_level --max-workers 8",silicon,800,200,"PASS=340, SDK_UNREPRESENTABLE=460","decode_end=8030.225121, decode_start=31.514873, mixed=706.553910, prefill=695.979837",26dae1f99b2b50fb17118f38d8a8e95dfac3357c
nvidia/GLM-5.2-NVFP4,GlmMoeDsaForCausalLM,b200_sxm,sglang,0.5.12,PASS,,"python python/aisimulate/tools/support_matrix/generate_fpe_support_matrix.py --model ""nvidia/GLM-5.2-NVFP4"" --system ""b200_sxm"" --backend ""sglang"" --backend-version ""0.5.12"" --forward-model op_level --max-workers 8",silicon,800,200,"PASS=340, SDK_UNREPRESENTABLE=460","decode_end=6165.640127, decode_start=24.129824, mixed=103.689762, prefill=95.709870",26dae1f99b2b50fb17118f38d8a8e95dfac3357c
nvidia/GLM-5.2-NVFP4,GlmMoeDsaForCausalLM,b200_sxm,sglang,0.5.14,PASS,,"python python/aisimulate/tools/support_matrix/generate_fpe_support_matrix.py --model ""nvidia/GLM-5.2-NVFP4"" --system ""b200_sxm"" --backend ""sglang"" --backend-version ""0.5.14"" --forward-model op_level --max-workers 8",silicon,800,200,"PASS=340, SDK_UNREPRESENTABLE=460","decode_end=6165.640127, decode_start=24.129824, mixed=103.689762, prefill=95.709870",26dae1f99b2b50fb17118f38d8a8e95dfac3357c
nvidia/GLM-5.2-NVFP4,GlmMoeDsaForCausalLM,b200_sxm,sglang,0.5.16,PASS,,"python python/aisimulate/tools/support_matrix/generate_fpe_support_matrix.py --model ""nvidia/GLM-5.2-NVFP4"" --system ""b200_sxm"" --backend ""sglang"" --backend-version ""0.5.16"" --forward-model op_level --max-workers 8",silicon,800,200,"PASS=340, SDK_UNREPRESENTABLE=460","decode_end=6165.640127, decode_start=24.129824, mixed=103.689762, prefill=95.709870",26dae1f99b2b50fb17118f38d8a8e95dfac3357c
nvidia/GLM-5.2-NVFP4,GlmMoeDsaForCausalLM,b200_sxm,sglang,0.5.9,FAIL,"Strict-native op-level FPE probes: PERF_DATA_MISSING=340, SDK_UNREPRESENTABLE=460; raw probes=800; topologies=200; source_sha=26dae1f99b2b50fb17118f38d8a8e95dfac3357c. Representative failure: perf database error: perf database error: perf database error: no DSA module rows loaded from 1 source(s) (first: <repo>/python/aisimulate/src/aiconfigurator_core/systems/data/b200_sxm/sglang/0.5.9/dsa_context_module_perf.parquet)","python python/aisimulate/tools/support_matrix/generate_fpe_support_matrix.py --model ""nvidia/GLM-5.2-NVFP4"" --system ""b200_sxm"" --backend ""sglang"" --backend-version ""0.5.9"" --forward-model op_level --max-workers 8",,800,200,"PERF_DATA_MISSING=340, SDK_UNREPRESENTABLE=460",,26dae1f99b2b50fb17118f38d8a8e95dfac3357c
nvidia/GLM-5.2-NVFP4,GlmMoeDsaForCausalLM,b200_sxm,trtllm,1.2.0rc5,PASS,,"python python/aisimulate/tools/support_matrix/generate_fpe_support_matrix.py --model ""nvidia/GLM-5.2-NVFP4"" --system ""b200_sxm"" --backend ""trtllm"" --backend-version ""1.2.0rc5"" --forward-model op_level --max-workers 8",silicon,192,48,PASS=192,"decode_end=6451.262781, decode_start=25.234486, mixed=169.440959, prefill=145.172878",26dae1f99b2b50fb17118f38d8a8e95dfac3357c
nvidia/GLM-5.2-NVFP4,GlmMoeDsaForCausalLM,b200_sxm,trtllm,1.3.0rc10,PASS,,"python python/aisimulate/tools/support_matrix/generate_fpe_support_matrix.py --model ""nvidia/GLM-5.2-NVFP4"" --system ""b200_sxm"" --backend ""trtllm"" --backend-version ""1.3.0rc10"" --forward-model op_level --max-workers 8",silicon,192,48,PASS=192,"decode_end=6218.693831, decode_start=24.322451, mixed=211.820975, prefill=142.555724",26dae1f99b2b50fb17118f38d8a8e95dfac3357c
nvidia/GLM-5.2-NVFP4,GlmMoeDsaForCausalLM,b200_sxm,trtllm,1.3.0rc15,PASS,,"python python/aisimulate/tools/support_matrix/generate_fpe_support_matrix.py --model ""nvidia/GLM-5.2-NVFP4"" --system ""b200_sxm"" --backend ""trtllm"" --backend-version ""1.3.0rc15"" --forward-model op_level --max-workers 8",silicon,192,48,PASS=192,"decode_end=6029.963904, decode_start=23.612926, mixed=211.075675, prefill=142.573995",26dae1f99b2b50fb17118f38d8a8e95dfac3357c
nvidia/GLM-5.2-NVFP4,GlmMoeDsaForCausalLM,b200_sxm,trtllm,1.3.0rc20,PASS,,"python python/aisimulate/tools/support_matrix/generate_fpe_support_matrix.py --model ""nvidia/GLM-5.2-NVFP4"" --system ""b200_sxm"" --backend ""trtllm"" --backend-version ""1.3.0rc20"" --forward-model op_level --max-workers 8",silicon,192,48,PASS=192,"decode_end=5814.128147, decode_start=22.766511, mixed=167.501155, prefill=142.815940",26dae1f99b2b50fb17118f38d8a8e95dfac3357c
nvidia/GLM-5.2-NVFP4,GlmMoeDsaForCausalLM,b200_sxm,trtllm,1.3.0rc23,PASS,,"python python/aisimulate/tools/support_matrix/generate_fpe_support_matrix.py --model ""nvidia/GLM-5.2-NVFP4"" --system ""b200_sxm"" --backend ""trtllm"" --backend-version ""1.3.0rc23"" --forward-model op_level --max-workers 8",silicon,192,48,PASS=192,"decode_end=5814.128147, decode_start=22.766511, mixed=167.501155, prefill=142.815940",26dae1f99b2b50fb17118f38d8a8e95dfac3357c
nvidia/GLM-5.2-NVFP4,GlmMoeDsaForCausalLM,b200_sxm,vllm,0.1.dev19262,FAIL,Strict-native op-level FPE probes: PERF_DATA_MISSING=192; raw probes=192; topologies=48; source_sha=26dae1f99b2b50fb17118f38d8a8e95dfac3357c. Representative failure: perf database error: perf database error: no GEMM rows loaded from 1 source(s) (first: <repo>/python/aisimulate/src/aiconfigurator_core/systems/data/b200_sxm/vllm/0.1.dev19262/gemm_perf.parquet),"python python/aisimulate/tools/support_matrix/generate_fpe_support_matrix.py --model ""nvidia/GLM-5.2-NVFP4"" --system ""b200_sxm"" --backend ""vllm"" --backend-version ""0.1.dev19262"" --forward-model op_level --max-workers 8",,192,48,PERF_DATA_MISSING=192,,26dae1f99b2b50fb17118f38d8a8e95dfac3357c
nvidia/GLM-5.2-NVFP4,GlmMoeDsaForCausalLM,b200_sxm,vllm,0.19.0,PASS,,"python python/aisimulate/tools/support_matrix/generate_fpe_support_matrix.py --model ""nvidia/GLM-5.2-NVFP4"" --system ""b200_sxm"" --backend ""vllm"" --backend-version ""0.19.0"" --forward-model op_level --max-workers 8",silicon,192,48,PASS=192,"decode_end=9192.637249, decode_start=36.080150, mixed=166.498766, prefill=147.407070",26dae1f99b2b50fb17118f38d8a8e95dfac3357c
nvidia/GLM-5.2-NVFP4,GlmMoeDsaForCausalLM,b200_sxm,vllm,0.22.0,PASS,,"python python/aisimulate/tools/support_matrix/generate_fpe_support_matrix.py --model ""nvidia/GLM-5.2-NVFP4"" --system ""b200_sxm"" --backend ""vllm"" --backend-version ""0.22.0"" --forward-model op_level --max-workers 8",silicon,192,48,PASS=192,"decode_end=8777.728951, decode_start=34.680799, mixed=165.107436, prefill=146.861216",26dae1f99b2b50fb17118f38d8a8e95dfac3357c
nvidia/GLM-5.2-NVFP4,GlmMoeDsaForCausalLM,b200_sxm,vllm,0.24.0,PASS,,"python python/aisimulate/tools/support_matrix/generate_fpe_support_matrix.py --model ""nvidia/GLM-5.2-NVFP4"" --system ""b200_sxm"" --backend ""vllm"" --backend-version ""0.24.0"" --forward-model op_level --max-workers 8",silicon,192,48,PASS=192,"decode_end=8779.997813, decode_start=34.689697, mixed=165.080607, prefill=146.939863",26dae1f99b2b50fb17118f38d8a8e95dfac3357c
nvidia/Gemma-4-26B-A4B-NVFP4,Gemma4ForConditionalGeneration,b200_sxm,sglang,0.5.10,FAIL,"Strict-native op-level FPE probes: PERF_DATA_MISSING=220, SDK_UNREPRESENTABLE=320; raw probes=540; topologies=135; source_sha=26dae1f99b2b50fb17118f38d8a8e95dfac3357c. Representative failure: perf database error: MoE data missing for MoeKey { quant: ""nvfp4"", distribution: ""power_law_1.01"", topk: 8, num_experts: 128, hidden_size: 2816, inter_size: 704, moe_tp_size: 1, moe_ep_size: 1 } at <repo>/python/aisimulate/src/aiconfigurator_core/systems/data/b200_sxm/sglang/0.5.10","python python/aisimulate/tools/support_matrix/generate_fpe_support_matrix.py --model ""nvidia/Gemma-4-26B-A4B-NVFP4"" --system ""b200_sxm"" --backend ""sglang"" --backend-version ""0.5.10"" --forward-model op_level --max-workers 8",,540,135,"PERF_DATA_MISSING=220, SDK_UNREPRESENTABLE=320",,26dae1f99b2b50fb17118f38d8a8e95dfac3357c
nvidia/Gemma-4-26B-A4B-NVFP4,Gemma4ForConditionalGeneration,b200_sxm,sglang,0.5.12,FAIL,"Strict-native op-level FPE probes: PERF_DATA_MISSING=220, SDK_UNREPRESENTABLE=320; raw probes=540; topologies=135; source_sha=26dae1f99b2b50fb17118f38d8a8e95dfac3357c. Representative failure: perf database error: MoE data missing for MoeKey { quant: ""nvfp4"", distribution: ""power_law_1.01"", topk: 8, num_experts: 128, hidden_size: 2816, inter_size: 704, moe_tp_size: 1, moe_ep_size: 1 } at <repo>/python/aisimulate/src/aiconfigurator_core/systems/data/b200_sxm/sglang/0.5.12","python python/aisimulate/tools/support_matrix/generate_fpe_support_matrix.py --model ""nvidia/Gemma-4-26B-A4B-NVFP4"" --system ""b200_sxm"" --backend ""sglang"" --backend-version ""0.5.12"" --forward-model op_level --max-workers 8",,540,135,"PERF_DATA_MISSING=220, SDK_UNREPRESENTABLE=320",,26dae1f99b2b50fb17118f38d8a8e95dfac3357c
nvidia/Gemma-4-26B-A4B-NVFP4,Gemma4ForConditionalGeneration,b200_sxm,sglang,0.5.14,FAIL,"Strict-native op-level FPE probes: PERF_DATA_MISSING=220, SDK_UNREPRESENTABLE=320; raw probes=540; topologies=135; source_sha=26dae1f99b2b50fb17118f38d8a8e95dfac3357c. Representative failure: perf database error: MoE data missing for MoeKey { quant: ""nvfp4"", distribution: ""power_law_1.01"", topk: 8, num_experts: 128, hidden_size: 2816, inter_size: 704, moe_tp_size: 1, moe_ep_size: 1 } at <repo>/python/aisimulate/src/aiconfigurator_core/systems/data/b200_sxm/sglang/0.5.14","python python/aisimulate/tools/support_matrix/generate_fpe_support_matrix.py --model ""nvidia/Gemma-4-26B-A4B-NVFP4"" --system ""b200_sxm"" --backend ""sglang"" --backend-version ""0.5.14"" --forward-model op_level --max-workers 8",,540,135,"PERF_DATA_MISSING=220, SDK_UNREPRESENTABLE=320",,26dae1f99b2b50fb17118f38d8a8e95dfac3357c
nvidia/Gemma-4-26B-A4B-NVFP4,Gemma4ForConditionalGeneration,b200_sxm,sglang,0.5.16,FAIL,"Strict-native op-level FPE probes: PERF_DATA_MISSING=220, SDK_UNREPRESENTABLE=320; raw probes=540; topologies=135; source_sha=26dae1f99b2b50fb17118f38d8a8e95dfac3357c. Representative failure: perf database error: MoE data missing for MoeKey { quant: ""nvfp4"", distribution: ""power_law_1.01"", topk: 8, num_experts: 128, hidden_size: 2816, inter_size: 704, moe_tp_size: 1, moe_ep_size: 1 } at <repo>/python/aisimulate/src/aiconfigurator_core/systems/data/b200_sxm/sglang/0.5.16","python python/aisimulate/tools/support_matrix/generate_fpe_support_matrix.py --model ""nvidia/Gemma-4-26B-A4B-NVFP4"" --system ""b200_sxm"" --backend ""sglang"" --backend-version ""0.5.16"" --forward-model op_level --max-workers 8",,540,135,"PERF_DATA_MISSING=220, SDK_UNREPRESENTABLE=320",,26dae1f99b2b50fb17118f38d8a8e95dfac3357c
nvidia/Gemma-4-26B-A4B-NVFP4,Gemma4ForConditionalGeneration,b200_sxm,sglang,0.5.9,FAIL,"Strict-native op-level FPE probes: PERF_DATA_MISSING=220, SDK_UNREPRESENTABLE=320; raw probes=540; topologies=135; source_sha=26dae1f99b2b50fb17118f38d8a8e95dfac3357c. Representative failure: perf database error: MoE data missing for MoeKey { quant: ""nvfp4"", distribution: ""power_law_1.01"", topk: 8, num_experts: 128, hidden_size: 2816, inter_size: 704, moe_tp_size: 1, moe_ep_size: 1 } at <repo>/python/aisimulate/src/aiconfigurator_core/systems/data/b200_sxm/sglang/0.5.9","python python/aisimulate/tools/support_matrix/generate_fpe_support_matrix.py --model ""nvidia/Gemma-4-26B-A4B-NVFP4"" --system ""b200_sxm"" --backend ""sglang"" --backend-version ""0.5.9"" --forward-model op_level --max-workers 8",,540,135,"PERF_DATA_MISSING=220, SDK_UNREPRESENTABLE=320",,26dae1f99b2b50fb17118f38d8a8e95dfac3357c
nvidia/Gemma-4-26B-A4B-NVFP4,Gemma4ForConditionalGeneration,b200_sxm,trtllm,1.2.0rc5,FAIL,"Strict-native op-level FPE probes: PERF_DATA_MISSING=116; raw probes=116; topologies=29; source_sha=26dae1f99b2b50fb17118f38d8a8e95dfac3357c. Representative failure: perf database error: MoE data missing for MoeKey { quant: ""nvfp4"", distribution: ""power_law_1.01"", topk: 8, num_experts: 128, hidden_size: 2816, inter_size: 704, moe_tp_size: 1, moe_ep_size: 1 } at <repo>/python/aisimulate/src/aiconfigurator_core/systems/data/b200_sxm/trtllm/1.2.0rc5","python python/aisimulate/tools/support_matrix/generate_fpe_support_matrix.py --model ""nvidia/Gemma-4-26B-A4B-NVFP4"" --system ""b200_sxm"" --backend ""trtllm"" --backend-version ""1.2.0rc5"" --forward-model op_level --max-workers 8",,116,29,PERF_DATA_MISSING=116,,26dae1f99b2b50fb17118f38d8a8e95dfac3357c
nvidia/Gemma-4-26B-A4B-NVFP4,Gemma4ForConditionalGeneration,b200_sxm,trtllm,1.3.0rc10,FAIL,"Strict-native op-level FPE probes: PERF_DATA_MISSING=116; raw probes=116; topologies=29; source_sha=26dae1f99b2b50fb17118f38d8a8e95dfac3357c. Representative failure: perf database error: MoE data missing for MoeKey { quant: ""nvfp4"", distribution: ""power_law_1.01"", topk: 8, num_experts: 128, hidden_size: 2816, inter_size: 704, moe_tp_size: 1, moe_ep_size: 1 } at <repo>/python/aisimulate/src/aiconfigurator_core/systems/data/b200_sxm/trtllm/1.3.0rc10","python python/aisimulate/tools/support_matrix/generate_fpe_support_matrix.py --model ""nvidia/Gemma-4-26B-A4B-NVFP4"" --system ""b200_sxm"" --backend ""trtllm"" --backend-version ""1.3.0rc10"" --forward-model op_level --max-workers 8",,116,29,PERF_DATA_MISSING=116,,26dae1f99b2b50fb17118f38d8a8e95dfac3357c
nvidia/Gemma-4-26B-A4B-NVFP4,Gemma4ForConditionalGeneration,b200_sxm,trtllm,1.3.0rc15,FAIL,"Strict-native op-level FPE probes: PERF_DATA_MISSING=116; raw probes=116; topologies=29; source_sha=26dae1f99b2b50fb17118f38d8a8e95dfac3357c. Representative failure: perf database error: MoE data missing for MoeKey { quant: ""nvfp4"", distribution: ""power_law_1.01"", topk: 8, num_experts: 128, hidden_size: 2816, inter_size: 704, moe_tp_size: 1, moe_ep_size: 1 } at <repo>/python/aisimulate/src/aiconfigurator_core/systems/data/b200_sxm/trtllm/1.3.0rc15","python python/aisimulate/tools/support_matrix/generate_fpe_support_matrix.py --model ""nvidia/Gemma-4-26B-A4B-NVFP4"" --system ""b200_sxm"" --backend ""trtllm"" --backend-version ""1.3.0rc15"" --forward-model op_level --max-workers 8",,116,29,PERF_DATA_MISSING=116,,26dae1f99b2b50fb17118f38d8a8e95dfac3357c
nvidia/Gemma-4-26B-A4B-NVFP4,Gemma4ForConditionalGeneration,b200_sxm,trtllm,1.3.0rc20,FAIL,"Strict-native op-level FPE probes: PASS=18, PERF_DATA_MISSING=98; raw probes=116; topologies=29; source_sha=26dae1f99b2b50fb17118f38d8a8e95dfac3357c. Representative failure: perf database error: MoE data missing for MoeKey { quant: ""nvfp4"", distribution: ""power_law_1.01"", topk: 8, num_experts: 128, hidden_size: 2816, inter_size: 704, moe_tp_size: 16, moe_ep_size: 1 } at <repo>/python/aisimulate/src/aiconfigurator_core/systems/data/b200_sxm/trtllm/1.3.0rc20","python python/aisimulate/tools/support_matrix/generate_fpe_support_matrix.py --model ""nvidia/Gemma-4-26B-A4B-NVFP4"" --system ""b200_sxm"" --backend ""trtllm"" --backend-version ""1.3.0rc20"" --forward-model op_level --max-workers 8",,116,29,"PASS=18, PERF_DATA_MISSING=98",,26dae1f99b2b50fb17118f38d8a8e95dfac3357c
nvidia/Gemma-4-26B-A4B-NVFP4,Gemma4ForConditionalGeneration,b200_sxm,trtllm,1.3.0rc23,FAIL,"Strict-native op-level FPE probes: PASS=18, PERF_DATA_MISSING=98; raw probes=116; topologies=29; source_sha=26dae1f99b2b50fb17118f38d8a8e95dfac3357c. Representative failure: perf database error: MoE data missing for MoeKey { quant: ""nvfp4"", distribution: ""power_law_1.01"", topk: 8, num_experts: 128, hidden_size: 2816, inter_size: 704, moe_tp_size: 16, moe_ep_size: 1 } at <repo>/python/aisimulate/src/aiconfigurator_core/systems/data/b200_sxm/trtllm/1.3.0rc23","python python/aisimulate/tools/support_matrix/generate_fpe_support_matrix.py --model ""nvidia/Gemma-4-26B-A4B-NVFP4"" --system ""b200_sxm"" --backend ""trtllm"" --backend-version ""1.3.0rc23"" --forward-model op_level --max-workers 8",,116,29,"PASS=18, PERF_DATA_MISSING=98",,26dae1f99b2b50fb17118f38d8a8e95dfac3357c
nvidia/Gemma-4-26B-A4B-NVFP4,Gemma4ForConditionalGeneration,b200_sxm,vllm,0.1.dev19262,FAIL,Strict-native op-level FPE probes: PERF_DATA_MISSING=116; raw probes=116; topologies=29; source_sha=26dae1f99b2b50fb17118f38d8a8e95dfac3357c. Representative failure: perf database error: perf database error: no GEMM rows loaded from 1 source(s) (first: <repo>/python/aisimulate/src/aiconfigurator_core/systems/data/b200_sxm/vllm/0.1.dev19262/gemm_perf.parquet),"python python/aisimulate/tools/support_matrix/generate_fpe_support_matrix.py --model ""nvidia/Gemma-4-26B-A4B-NVFP4"" --system ""b200_sxm"" --backend ""vllm"" --backend-version ""0.1.dev19262"" --forward-model op_level --max-workers 8",,116,29,PERF_DATA_MISSING=116,,26dae1f99b2b50fb17118f38d8a8e95dfac3357c
nvidia/Gemma-4-26B-A4B-NVFP4,Gemma4ForConditionalGeneration,b200_sxm,vllm,0.19.0,FAIL,"Strict-native op-level FPE probes: PERF_DATA_MISSING=116; raw probes=116; topologies=29; source_sha=26dae1f99b2b50fb17118f38d8a8e95dfac3357c. Representative failure: perf database error: MoE data missing for MoeKey { quant: ""nvfp4"", distribution: ""power_law_1.01"", topk: 8, num_experts: 128, hidden_size: 2816, inter_size: 704, moe_tp_size: 1, moe_ep_size: 1 } at <repo>/python/aisimulate/src/aiconfigurator_core/systems/data/b200_sxm/vllm/0.19.0","python python/aisimulate/tools/support_matrix/generate_fpe_support_matrix.py --model ""nvidia/Gemma-4-26B-A4B-NVFP4"" --system ""b200_sxm"" --backend ""vllm"" --backend-version ""0.19.0"" --forward-model op_level --max-workers 8",,116,29,PERF_DATA_MISSING=116,,26dae1f99b2b50fb17118f38d8a8e95dfac3357c
nvidia/Gemma-4-26B-A4B-NVFP4,Gemma4ForConditionalGeneration,b200_sxm,vllm,0.22.0,PASS,,"python python/aisimulate/tools/support_matrix/generate_fpe_support_matrix.py --model ""nvidia/Gemma-4-26B-A4B-NVFP4"" --system ""b200_sxm"" --backend ""vllm"" --backend-version ""0.22.0"" --forward-model op_level --max-workers 8",silicon,116,29,"PASS=60, PERF_DATA_MISSING=56","decode_end=877.968083, decode_start=3.433564, mixed=5.604546, prefill=5.159813",26dae1f99b2b50fb17118f38d8a8e95dfac3357c
nvidia/Gemma-4-26B-A4B-NVFP4,Gemma4ForConditionalGeneration,b200_sxm,vllm,0.24.0,PASS,,"python python/aisimulate/tools/support_matrix/generate_fpe_support_matrix.py --model ""nvidia/Gemma-4-26B-A4B-NVFP4"" --system ""b200_sxm"" --backend ""vllm"" --backend-version ""0.24.0"" --forward-model op_level --max-workers 8",silicon,116,29,"PASS=60, PERF_DATA_MISSING=56","decode_end=864.536805, decode_start=3.380892, mixed=5.645151, prefill=5.163850",26dae1f99b2b50fb17118f38d8a8e95dfac3357c
nvidia/Gemma-4-31B-IT-NVFP4,Gemma4ForConditionalGeneration,b200_sxm,sglang,0.5.10,FAIL,"Strict-native op-level FPE probes: BUILD_FAILED=160, PERF_DATA_MISSING=60, SDK_UNREPRESENTABLE=320; raw probes=540; topologies=135; source_sha=26dae1f99b2b50fb17118f38d8a8e95dfac3357c. Representative failure: dense Gemma 4 variants require moe_ep_size=1, got 16","python python/aisimulate/tools/support_matrix/generate_fpe_support_matrix.py --model ""nvidia/Gemma-4-31B-IT-NVFP4"" --system ""b200_sxm"" --backend ""sglang"" --backend-version ""0.5.10"" --forward-model op_level --max-workers 8",,540,135,"BUILD_FAILED=160, PERF_DATA_MISSING=60, SDK_UNREPRESENTABLE=320",,26dae1f99b2b50fb17118f38d8a8e95dfac3357c
nvidia/Gemma-4-31B-IT-NVFP4,Gemma4ForConditionalGeneration,b200_sxm,sglang,0.5.12,PASS,,"python python/aisimulate/tools/support_matrix/generate_fpe_support_matrix.py --model ""nvidia/Gemma-4-31B-IT-NVFP4"" --system ""b200_sxm"" --backend ""sglang"" --backend-version ""0.5.12"" --forward-model op_level --max-workers 8",silicon,540,135,"BUILD_FAILED=160, PASS=40, PERF_DATA_MISSING=20, SDK_UNREPRESENTABLE=320","decode_end=1227.486617, decode_start=4.818569, mixed=8.407995, prefill=6.162657",26dae1f99b2b50fb17118f38d8a8e95dfac3357c
nvidia/Gemma-4-31B-IT-NVFP4,Gemma4ForConditionalGeneration,b200_sxm,sglang,0.5.14,PASS,,"python python/aisimulate/tools/support_matrix/generate_fpe_support_matrix.py --model ""nvidia/Gemma-4-31B-IT-NVFP4"" --system ""b200_sxm"" --backend ""sglang"" --backend-version ""0.5.14"" --forward-model op_level --max-workers 8",silicon,540,135,"BUILD_FAILED=160, PASS=40, PERF_DATA_MISSING=20, SDK_UNREPRESENTABLE=320","decode_end=1227.486617, decode_start=4.818569, mixed=8.407995, prefill=6.162657",26dae1f99b2b50fb17118f38d8a8e95dfac3357c
nvidia/Gemma-4-31B-IT-NVFP4,Gemma4ForConditionalGeneration,b200_sxm,sglang,0.5.16,PASS,,"python python/aisimulate/tools/support_matrix/generate_fpe_support_matrix.py --model ""nvidia/Gemma-4-31B-IT-NVFP4"" --system ""b200_sxm"" --backend ""sglang"" --backend-version ""0.5.16"" --forward-model op_level --max-workers 8",silicon,540,135,"BUILD_FAILED=160, PASS=40, PERF_DATA_MISSING=20, SDK_UNREPRESENTABLE=320","decode_end=1227.486617, decode_start=4.818569, mixed=8.407995, prefill=6.162657",26dae1f99b2b50fb17118f38d8a8e95dfac3357c
nvidia/Gemma-4-31B-IT-NVFP4,Gemma4ForConditionalGeneration,b200_sxm,sglang,0.5.9,FAIL,"Strict-native op-level FPE probes: BUILD_FAILED=160, PERF_DATA_MISSING=60, SDK_UNREPRESENTABLE=320; raw probes=540; topologies=135; source_sha=26dae1f99b2b50fb17118f38d8a8e95dfac3357c. Representative failure: dense Gemma 4 variants require moe_ep_size=1, got 16","python python/aisimulate/tools/support_matrix/generate_fpe_support_matrix.py --model ""nvidia/Gemma-4-31B-IT-NVFP4"" --system ""b200_sxm"" --backend ""sglang"" --backend-version ""0.5.9"" --forward-model op_level --max-workers 8",,540,135,"BUILD_FAILED=160, PERF_DATA_MISSING=60, SDK_UNREPRESENTABLE=320",,26dae1f99b2b50fb17118f38d8a8e95dfac3357c
nvidia/Gemma-4-31B-IT-NVFP4,Gemma4ForConditionalGeneration,b200_sxm,trtllm,1.2.0rc5,FAIL,"Strict-native op-level FPE probes: BUILD_FAILED=80, PERF_DATA_MISSING=36; raw probes=116; topologies=29; source_sha=26dae1f99b2b50fb17118f38d8a8e95dfac3357c. Representative failure: dense Gemma 4 variants require moe_ep_size=1, got 16","python python/aisimulate/tools/support_matrix/generate_fpe_support_matrix.py --model ""nvidia/Gemma-4-31B-IT-NVFP4"" --system ""b200_sxm"" --backend ""trtllm"" --backend-version ""1.2.0rc5"" --forward-model op_level --max-workers 8",,116,29,"BUILD_FAILED=80, PERF_DATA_MISSING=36",,26dae1f99b2b50fb17118f38d8a8e95dfac3357c
nvidia/Gemma-4-31B-IT-NVFP4,Gemma4ForConditionalGeneration,b200_sxm,trtllm,1.3.0rc10,FAIL,"Strict-native op-level FPE probes: BUILD_FAILED=80, PERF_DATA_MISSING=36; raw probes=116; topologies=29; source_sha=26dae1f99b2b50fb17118f38d8a8e95dfac3357c. Representative failure: dense Gemma 4 variants require moe_ep_size=1, got 16","python python/aisimulate/tools/support_matrix/generate_fpe_support_matrix.py --model ""nvidia/Gemma-4-31B-IT-NVFP4"" --system ""b200_sxm"" --backend ""trtllm"" --backend-version ""1.3.0rc10"" --forward-model op_level --max-workers 8",,116,29,"BUILD_FAILED=80, PERF_DATA_MISSING=36",,26dae1f99b2b50fb17118f38d8a8e95dfac3357c
nvidia/Gemma-4-31B-IT-NVFP4,Gemma4ForConditionalGeneration,b200_sxm,trtllm,1.3.0rc15,FAIL,"Strict-native op-level FPE probes: BUILD_FAILED=80, PERF_DATA_MISSING=36; raw probes=116; topologies=29; source_sha=26dae1f99b2b50fb17118f38d8a8e95dfac3357c. Representative failure: dense Gemma 4 variants require moe_ep_size=1, got 16","python python/aisimulate/tools/support_matrix/generate_fpe_support_matrix.py --model ""nvidia/Gemma-4-31B-IT-NVFP4"" --system ""b200_sxm"" --backend ""trtllm"" --backend-version ""1.3.0rc15"" --forward-model op_level --max-workers 8",,116,29,"BUILD_FAILED=80, PERF_DATA_MISSING=36",,26dae1f99b2b50fb17118f38d8a8e95dfac3357c
nvidia/Gemma-4-31B-IT-NVFP4,Gemma4ForConditionalGeneration,b200_sxm,trtllm,1.3.0rc20,FAIL,"Strict-native op-level FPE probes: BUILD_FAILED=80, PASS=8, PERF_DATA_MISSING=28; raw probes=116; topologies=29; source_sha=26dae1f99b2b50fb17118f38d8a8e95dfac3357c. Representative failure: dense Gemma 4 variants require moe_ep_size=1, got 16","python python/aisimulate/tools/support_matrix/generate_fpe_support_matrix.py --model ""nvidia/Gemma-4-31B-IT-NVFP4"" --system ""b200_sxm"" --backend ""trtllm"" --backend-version ""1.3.0rc20"" --forward-model op_level --max-workers 8",,116,29,"BUILD_FAILED=80, PASS=8, PERF_DATA_MISSING=28",,26dae1f99b2b50fb17118f38d8a8e95dfac3357c
nvidia/Gemma-4-31B-IT-NVFP4,Gemma4ForConditionalGeneration,b200_sxm,trtllm,1.3.0rc23,FAIL,"Strict-native op-level FPE probes: BUILD_FAILED=80, PASS=8, PERF_DATA_MISSING=28; raw probes=116; topologies=29; source_sha=26dae1f99b2b50fb17118f38d8a8e95dfac3357c. Representative failure: dense Gemma 4 variants require moe_ep_size=1, got 16","python python/aisimulate/tools/support_matrix/generate_fpe_support_matrix.py --model ""nvidia/Gemma-4-31B-IT-NVFP4"" --system ""b200_sxm"" --backend ""trtllm"" --backend-version ""1.3.0rc23"" --forward-model op_level --max-workers 8",,116,29,"BUILD_FAILED=80, PASS=8, PERF_DATA_MISSING=28",,26dae1f99b2b50fb17118f38d8a8e95dfac3357c
nvidia/Gemma-4-31B-IT-NVFP4,Gemma4ForConditionalGeneration,b200_sxm,vllm,0.1.dev19262,FAIL,"Strict-native op-level FPE probes: BUILD_FAILED=56, PERF_DATA_MISSING=60; raw probes=116; topologies=29; source_sha=26dae1f99b2b50fb17118f38d8a8e95dfac3357c. Representative failure: dense Gemma 4 variants require moe_ep_size=1, got 16","python python/aisimulate/tools/support_matrix/generate_fpe_support_matrix.py --model ""nvidia/Gemma-4-31B-IT-NVFP4"" --system ""b200_sxm"" --backend ""vllm"" --backend-version ""0.1.dev19262"" --forward-model op_level --max-workers 8",,116,29,"BUILD_FAILED=56, PERF_DATA_MISSING=60",,26dae1f99b2b50fb17118f38d8a8e95dfac3357c
nvidia/Gemma-4-31B-IT-NVFP4,Gemma4ForConditionalGeneration,b200_sxm,vllm,0.19.0,FAIL,"Strict-native op-level FPE probes: BUILD_FAILED=56, PERF_DATA_MISSING=60; raw probes=116; topologies=29; source_sha=26dae1f99b2b50fb17118f38d8a8e95dfac3357c. Representative failure: dense Gemma 4 variants require moe_ep_size=1, got 16","python python/aisimulate/tools/support_matrix/generate_fpe_support_matrix.py --model ""nvidia/Gemma-4-31B-IT-NVFP4"" --system ""b200_sxm"" --backend ""vllm"" --backend-version ""0.19.0"" --forward-model op_level --max-workers 8",,116,29,"BUILD_FAILED=56, PERF_DATA_MISSING=60",,26dae1f99b2b50fb17118f38d8a8e95dfac3357c
nvidia/Gemma-4-31B-IT-NVFP4,Gemma4ForConditionalGeneration,b200_sxm,vllm,0.22.0,PASS,,"python python/aisimulate/tools/support_matrix/generate_fpe_support_matrix.py --model ""nvidia/Gemma-4-31B-IT-NVFP4"" --system ""b200_sxm"" --backend ""vllm"" --backend-version ""0.22.0"" --forward-model op_level --max-workers 8",silicon,116,29,"BUILD_FAILED=56, PASS=40, PERF_DATA_MISSING=20","decode_end=1333.443288, decode_start=5.210293, mixed=6.794512, prefill=6.045561",26dae1f99b2b50fb17118f38d8a8e95dfac3357c
nvidia/Gemma-4-31B-IT-NVFP4,Gemma4ForConditionalGeneration,b200_sxm,vllm,0.24.0,PASS,,"python python/aisimulate/tools/support_matrix/generate_fpe_support_matrix.py --model ""nvidia/Gemma-4-31B-IT-NVFP4"" --system ""b200_sxm"" --backend ""vllm"" --backend-version ""0.24.0"" --forward-model op_level --max-workers 8",silicon,116,29,"BUILD_FAILED=56, PASS=40, PERF_DATA_MISSING=20","decode_end=1192.052849, decode_start=4.655820, mixed=7.564202, prefill=5.468812",26dae1f99b2b50fb17118f38d8a8e95dfac3357c
nvidia/Kimi-K2.5-NVFP4,KimiK25ForConditionalGeneration,b200_sxm,sglang,0.5.10,PASS,,"python python/aisimulate/tools/support_matrix/generate_fpe_support_matrix.py --model ""nvidia/Kimi-K2.5-NVFP4"" --system ""b200_sxm"" --backend ""sglang"" --backend-version ""0.5.10"" --forward-model op_level --max-workers 8",silicon,540,135,"PASS=220, SDK_UNREPRESENTABLE=320","decode_end=3051.613253, decode_start=11.928066, mixed=22.074154, prefill=20.812897",26dae1f99b2b50fb17118f38d8a8e95dfac3357c
nvidia/Kimi-K2.5-NVFP4,KimiK25ForConditionalGeneration,b200_sxm,sglang,0.5.12,PASS,,"python python/aisimulate/tools/support_matrix/generate_fpe_support_matrix.py --model ""nvidia/Kimi-K2.5-NVFP4"" --system ""b200_sxm"" --backend ""sglang"" --backend-version ""0.5.12"" --forward-model op_level --max-workers 8",silicon,540,135,"PASS=220, SDK_UNREPRESENTABLE=320","decode_end=4928.784407, decode_start=19.327375, mixed=69.635895, prefill=68.728956",26dae1f99b2b50fb17118f38d8a8e95dfac3357c
nvidia/Kimi-K2.5-NVFP4,KimiK25ForConditionalGeneration,b200_sxm,sglang,0.5.14,PASS,,"python python/aisimulate/tools/support_matrix/generate_fpe_support_matrix.py --model ""nvidia/Kimi-K2.5-NVFP4"" --system ""b200_sxm"" --backend ""sglang"" --backend-version ""0.5.14"" --forward-model op_level --max-workers 8",silicon,540,135,"PASS=220, SDK_UNREPRESENTABLE=320","decode_end=4928.784407, decode_start=19.327375, mixed=69.635895, prefill=68.728956",26dae1f99b2b50fb17118f38d8a8e95dfac3357c
nvidia/Kimi-K2.5-NVFP4,KimiK25ForConditionalGeneration,b200_sxm,sglang,0.5.16,PASS,,"python python/aisimulate/tools/support_matrix/generate_fpe_support_matrix.py --model ""nvidia/Kimi-K2.5-NVFP4"" --system ""b200_sxm"" --backend ""sglang"" --backend-version ""0.5.16"" --forward-model op_level --max-workers 8",silicon,540,135,"PASS=220, SDK_UNREPRESENTABLE=320","decode_end=4928.784407, decode_start=19.327375, mixed=69.635895, prefill=68.728956",26dae1f99b2b50fb17118f38d8a8e95dfac3357c
nvidia/Kimi-K2.5-NVFP4,KimiK25ForConditionalGeneration,b200_sxm,sglang,0.5.9,PASS,,"python python/aisimulate/tools/support_matrix/generate_fpe_support_matrix.py --model ""nvidia/Kimi-K2.5-NVFP4"" --system ""b200_sxm"" --backend ""sglang"" --backend-version ""0.5.9"" --forward-model op_level --max-workers 8",silicon,540,135,"PASS=220, SDK_UNREPRESENTABLE=320","decode_end=2947.133110, decode_start=11.538118, mixed=22.045093, prefill=21.334681",26dae1f99b2b50fb17118f38d8a8e95dfac3357c
nvidia/Kimi-K2.5-NVFP4,KimiK25ForConditionalGeneration,b200_sxm,trtllm,1.2.0rc5,PASS,,"python python/aisimulate/tools/support_matrix/generate_fpe_support_matrix.py --model ""nvidia/Kimi-K2.5-NVFP4"" --system ""b200_sxm"" --backend ""trtllm"" --backend-version ""1.2.0rc5"" --forward-model op_level --max-workers 8",silicon,116,29,PASS=116,"decode_end=7225.515938, decode_start=28.181176, mixed=85.255795, prefill=84.128391",26dae1f99b2b50fb17118f38d8a8e95dfac3357c
nvidia/Kimi-K2.5-NVFP4,KimiK25ForConditionalGeneration,b200_sxm,trtllm,1.3.0rc10,PASS,,"python python/aisimulate/tools/support_matrix/generate_fpe_support_matrix.py --model ""nvidia/Kimi-K2.5-NVFP4"" --system ""b200_sxm"" --backend ""trtllm"" --backend-version ""1.3.0rc10"" --forward-model op_level --max-workers 8",silicon,116,29,PASS=116,"decode_end=7124.838544, decode_start=27.786363, mixed=84.141014, prefill=82.916883",26dae1f99b2b50fb17118f38d8a8e95dfac3357c
nvidia/Kimi-K2.5-NVFP4,KimiK25ForConditionalGeneration,b200_sxm,trtllm,1.3.0rc15,PASS,,"python python/aisimulate/tools/support_matrix/generate_fpe_support_matrix.py --model ""nvidia/Kimi-K2.5-NVFP4"" --system ""b200_sxm"" --backend ""trtllm"" --backend-version ""1.3.0rc15"" --forward-model op_level --max-workers 8",silicon,116,29,PASS=116,"decode_end=7124.387232, decode_start=27.784593, mixed=84.132200, prefill=82.905410",26dae1f99b2b50fb17118f38d8a8e95dfac3357c
nvidia/Kimi-K2.5-NVFP4,KimiK25ForConditionalGeneration,b200_sxm,trtllm,1.3.0rc20,PASS,,"python python/aisimulate/tools/support_matrix/generate_fpe_support_matrix.py --model ""nvidia/Kimi-K2.5-NVFP4"" --system ""b200_sxm"" --backend ""trtllm"" --backend-version ""1.3.0rc20"" --forward-model op_level --max-workers 8",silicon,116,29,PASS=116,"decode_end=6039.020040, decode_start=23.608000, mixed=84.086302, prefill=83.488047",26dae1f99b2b50fb17118f38d8a8e95dfac3357c
nvidia/Kimi-K2.5-NVFP4,KimiK25ForConditionalGeneration,b200_sxm,trtllm,1.3.0rc23,PASS,,"python python/aisimulate/tools/support_matrix/generate_fpe_support_matrix.py --model ""nvidia/Kimi-K2.5-NVFP4"" --system ""b200_sxm"" --backend ""trtllm"" --backend-version ""1.3.0rc23"" --forward-model op_level --max-workers 8",silicon,116,29,PASS=116,"decode_end=6039.020040, decode_start=23.608000, mixed=84.086302, prefill=83.488047",26dae1f99b2b50fb17118f38d8a8e95dfac3357c
nvidia/Kimi-K2.5-NVFP4,KimiK25ForConditionalGeneration,b200_sxm,vllm,0.1.dev19262,FAIL,Strict-native op-level FPE probes: PERF_DATA_MISSING=116; raw probes=116; topologies=29; source_sha=26dae1f99b2b50fb17118f38d8a8e95dfac3357c. Representative failure: perf database error: perf database error: no GEMM rows loaded from 1 source(s) (first: <repo>/python/aisimulate/src/aiconfigurator_core/systems/data/b200_sxm/vllm/0.1.dev19262/gemm_perf.parquet),"python python/aisimulate/tools/support_matrix/generate_fpe_support_matrix.py --model ""nvidia/Kimi-K2.5-NVFP4"" --system ""b200_sxm"" --backend ""vllm"" --backend-version ""0.1.dev19262"" --forward-model op_level --max-workers 8",,116,29,PERF_DATA_MISSING=116,,26dae1f99b2b50fb17118f38d8a8e95dfac3357c
nvidia/Kimi-K2.5-NVFP4,KimiK25ForConditionalGeneration,b200_sxm,vllm,0.19.0,PASS,,"python python/aisimulate/tools/support_matrix/generate_fpe_support_matrix.py --model ""nvidia/Kimi-K2.5-NVFP4"" --system ""b200_sxm"" --backend ""vllm"" --backend-version ""0.19.0"" --forward-model op_level --max-workers 8",silicon,116,29,PASS=116,"decode_end=5854.610031, decode_start=22.930014, mixed=72.192901, prefill=71.624115",26dae1f99b2b50fb17118f38d8a8e95dfac3357c
nvidia/Kimi-K2.5-NVFP4,KimiK25ForConditionalGeneration,b200_sxm,vllm,0.22.0,PASS,,"python python/aisimulate/tools/support_matrix/generate_fpe_support_matrix.py --model ""nvidia/Kimi-K2.5-NVFP4"" --system ""b200_sxm"" --backend ""vllm"" --backend-version ""0.22.0"" --forward-model op_level --max-workers 8",silicon,116,29,PASS=116,"decode_end=5852.522303, decode_start=22.796887, mixed=72.046462, prefill=71.181784",26dae1f99b2b50fb17118f38d8a8e95dfac3357c
nvidia/Kimi-K2.5-NVFP4,KimiK25ForConditionalGeneration,b200_sxm,vllm,0.24.0,PASS,,"python python/aisimulate/tools/support_matrix/generate_fpe_support_matrix.py --model ""nvidia/Kimi-K2.5-NVFP4"" --system ""b200_sxm"" --backend ""vllm"" --backend-version ""0.24.0"" --forward-model op_level --max-workers 8",silicon,116,29,PASS=116,"decode_end=5114.348253, decode_start=20.008419, mixed=68.583023, prefill=67.727306",26dae1f99b2b50fb17118f38d8a8e95dfac3357c
nvidia/Kimi-K2.6-NVFP4,KimiK25ForConditionalGeneration,b200_sxm,sglang,0.5.10,PASS,,"python python/aisimulate/tools/support_matrix/generate_fpe_support_matrix.py --model ""nvidia/Kimi-K2.6-NVFP4"" --system ""b200_sxm"" --backend ""sglang"" --backend-version ""0.5.10"" --forward-model op_level --max-workers 8",silicon,540,135,"PASS=220, SDK_UNREPRESENTABLE=320","decode_end=3051.613253, decode_start=11.928066, mixed=22.074154, prefill=20.812897",26dae1f99b2b50fb17118f38d8a8e95dfac3357c
nvidia/Kimi-K2.6-NVFP4,KimiK25ForConditionalGeneration,b200_sxm,sglang,0.5.12,PASS,,"python python/aisimulate/tools/support_matrix/generate_fpe_support_matrix.py --model ""nvidia/Kimi-K2.6-NVFP4"" --system ""b200_sxm"" --backend ""sglang"" --backend-version ""0.5.12"" --forward-model op_level --max-workers 8",silicon,540,135,"PASS=220, SDK_UNREPRESENTABLE=320","decode_end=4928.784407, decode_start=19.327375, mixed=69.635895, prefill=68.728956",26dae1f99b2b50fb17118f38d8a8e95dfac3357c
nvidia/Kimi-K2.6-NVFP4,KimiK25ForConditionalGeneration,b200_sxm,sglang,0.5.14,PASS,,"python python/aisimulate/tools/support_matrix/generate_fpe_support_matrix.py --model ""nvidia/Kimi-K2.6-NVFP4"" --system ""b200_sxm"" --backend ""sglang"" --backend-version ""0.5.14"" --forward-model op_level --max-workers 8",silicon,540,135,"PASS=220, SDK_UNREPRESENTABLE=320","decode_end=4928.784407, decode_start=19.327375, mixed=69.635895, prefill=68.728956",26dae1f99b2b50fb17118f38d8a8e95dfac3357c
nvidia/Kimi-K2.6-NVFP4,KimiK25ForConditionalGeneration,b200_sxm,sglang,0.5.16,PASS,,"python python/aisimulate/tools/support_matrix/generate_fpe_support_matrix.py --model ""nvidia/Kimi-K2.6-NVFP4"" --system ""b200_sxm"" --backend ""sglang"" --backend-version ""0.5.16"" --forward-model op_level --max-workers 8",silicon,540,135,"PASS=220, SDK_UNREPRESENTABLE=320","decode_end=4928.784407, decode_start=19.327375, mixed=69.635895, prefill=68.728956",26dae1f99b2b50fb17118f38d8a8e95dfac3357c
nvidia/Kimi-K2.6-NVFP4,KimiK25ForConditionalGeneration,b200_sxm,sglang,0.5.9,PASS,,"python python/aisimulate/tools/support_matrix/generate_fpe_support_matrix.py --model ""nvidia/Kimi-K2.6-NVFP4"" --system ""b200_sxm"" --backend ""sglang"" --backend-version ""0.5.9"" --forward-model op_level --max-workers 8",silicon,540,135,"PASS=220, SDK_UNREPRESENTABLE=320","decode_end=2947.133110, decode_start=11.538118, mixed=22.045093, prefill=21.334681",26dae1f99b2b50fb17118f38d8a8e95dfac3357c
nvidia/Kimi-K2.6-NVFP4,KimiK25ForConditionalGeneration,b200_sxm,trtllm,1.2.0rc5,PASS,,"python python/aisimulate/tools/support_matrix/generate_fpe_support_matrix.py --model ""nvidia/Kimi-K2.6-NVFP4"" --system ""b200_sxm"" --backend ""trtllm"" --backend-version ""1.2.0rc5"" --forward-model op_level --max-workers 8",silicon,116,29,PASS=116,"decode_end=7225.515938, decode_start=28.181176, mixed=85.255795, prefill=84.128391",26dae1f99b2b50fb17118f38d8a8e95dfac3357c
nvidia/Kimi-K2.6-NVFP4,KimiK25ForConditionalGeneration,b200_sxm,trtllm,1.3.0rc10,PASS,,"python python/aisimulate/tools/support_matrix/generate_fpe_support_matrix.py --model ""nvidia/Kimi-K2.6-NVFP4"" --system ""b200_sxm"" --backend ""trtllm"" --backend-version ""1.3.0rc10"" --forward-model op_level --max-workers 8",silicon,116,29,PASS=116,"decode_end=7124.838544, decode_start=27.786363, mixed=84.141014, prefill=82.916883",26dae1f99b2b50fb17118f38d8a8e95dfac3357c
nvidia/Kimi-K2.6-NVFP4,KimiK25ForConditionalGeneration,b200_sxm,trtllm,1.3.0rc15,PASS,,"python python/aisimulate/tools/support_matrix/generate_fpe_support_matrix.py --model ""nvidia/Kimi-K2.6-NVFP4"" --system ""b200_sxm"" --backend ""trtllm"" --backend-version ""1.3.0rc15"" --forward-model op_level --max-workers 8",silicon,116,29,PASS=116,"decode_end=7124.387232, decode_start=27.784593, mixed=84.132200, prefill=82.905410",26dae1f99b2b50fb17118f38d8a8e95dfac3357c
nvidia/Kimi-K2.6-NVFP4,KimiK25ForConditionalGeneration,b200_sxm,trtllm,1.3.0rc20,PASS,,"python python/aisimulate/tools/support_matrix/generate_fpe_support_matrix.py --model ""nvidia/Kimi-K2.6-NVFP4"" --system ""b200_sxm"" --backend ""trtllm"" --backend-version ""1.3.0rc20"" --forward-model op_level --max-workers 8",silicon,116,29,PASS=116,"decode_end=6039.020040, decode_start=23.608000, mixed=84.086302, prefill=83.488047",26dae1f99b2b50fb17118f38d8a8e95dfac3357c
nvidia/Kimi-K2.6-NVFP4,KimiK25ForConditionalGeneration,b200_sxm,trtllm,1.3.0rc23,PASS,,"python python/aisimulate/tools/support_matrix/generate_fpe_support_matrix.py --model ""nvidia/Kimi-K2.6-NVFP4"" --system ""b200_sxm"" --backend ""trtllm"" --backend-version ""1.3.0rc23"" --forward-model op_level --max-workers 8",silicon,116,29,PASS=116,"decode_end=6039.020040, decode_start=23.608000, mixed=84.086302, prefill=83.488047",26dae1f99b2b50fb17118f38d8a8e95dfac3357c
nvidia/Kimi-K2.6-NVFP4,KimiK25ForConditionalGeneration,b200_sxm,vllm,0.1.dev19262,FAIL,Strict-native op-level FPE probes: PERF_DATA_MISSING=116; raw probes=116; topologies=29; source_sha=26dae1f99b2b50fb17118f38d8a8e95dfac3357c. Representative failure: perf database error: perf database error: no GEMM rows loaded from 1 source(s) (first: <repo>/python/aisimulate/src/aiconfigurator_core/systems/data/b200_sxm/vllm/0.1.dev19262/gemm_perf.parquet),"python python/aisimulate/tools/support_matrix/generate_fpe_support_matrix.py --model ""nvidia/Kimi-K2.6-NVFP4"" --system ""b200_sxm"" --backend ""vllm"" --backend-version ""0.1.dev19262"" --forward-model op_level --max-workers 8",,116,29,PERF_DATA_MISSING=116,,26dae1f99b2b50fb17118f38d8a8e95dfac3357c
nvidia/Kimi-K2.6-NVFP4,KimiK25ForConditionalGeneration,b200_sxm,vllm,0.19.0,PASS,,"python python/aisimulate/tools/support_matrix/generate_fpe_support_matrix.py --model ""nvidia/Kimi-K2.6-NVFP4"" --system ""b200_sxm"" --backend ""vllm"" --backend-version ""0.19.0"" --forward-model op_level --max-workers 8",silicon,116,29,PASS=116,"decode_end=5854.610031, decode_start=22.930014, mixed=72.192901, prefill=71.624115",26dae1f99b2b50fb17118f38d8a8e95dfac3357c
nvidia/Kimi-K2.6-NVFP4,KimiK25ForConditionalGeneration,b200_sxm,vllm,0.22.0,PASS,,"python python/aisimulate/tools/support_matrix/generate_fpe_support_matrix.py --model ""nvidia/Kimi-K2.6-NVFP4"" --system ""b200_sxm"" --backend ""vllm"" --backend-version ""0.22.0"" --forward-model op_level --max-workers 8",silicon,116,29,PASS=116,"decode_end=5852.522303, decode_start=22.796887, mixed=72.046462, prefill=71.181784",26dae1f99b2b50fb17118f38d8a8e95dfac3357c
nvidia/Kimi-K2.6-NVFP4,KimiK25ForConditionalGeneration,b200_sxm,vllm,0.24.0,PASS,,"python python/aisimulate/tools/support_matrix/generate_fpe_support_matrix.py --model ""nvidia/Kimi-K2.6-NVFP4"" --system ""b200_sxm"" --backend ""vllm"" --backend-version ""0.24.0"" --forward-model op_level --max-workers 8",silicon,116,29,PASS=116,"decode_end=5114.348253, decode_start=20.008419, mixed=68.583023, prefill=67.727306",26dae1f99b2b50fb17118f38d8a8e95dfac3357c
nvidia/Kimi-K2.7-Code-NVFP4,KimiK25ForConditionalGeneration,b200_sxm,sglang,0.5.10,PASS,,"python python/aisimulate/tools/support_matrix/generate_fpe_support_matrix.py --model ""nvidia/Kimi-K2.7-Code-NVFP4"" --system ""b200_sxm"" --backend ""sglang"" --backend-version ""0.5.10"" --forward-model op_level --max-workers 8",silicon,540,135,"PASS=220, SDK_UNREPRESENTABLE=320","decode_end=3051.613253, decode_start=11.928066, mixed=22.074154, prefill=20.812897",26dae1f99b2b50fb17118f38d8a8e95dfac3357c
nvidia/Kimi-K2.7-Code-NVFP4,KimiK25ForConditionalGeneration,b200_sxm,sglang,0.5.12,PASS,,"python python/aisimulate/tools/support_matrix/generate_fpe_support_matrix.py --model ""nvidia/Kimi-K2.7-Code-NVFP4"" --system ""b200_sxm"" --backend ""sglang"" --backend-version ""0.5.12"" --forward-model op_level --max-workers 8",silicon,540,135,"PASS=220, SDK_UNREPRESENTABLE=320","decode_end=4928.784407, decode_start=19.327375, mixed=69.635895, prefill=68.728956",26dae1f99b2b50fb17118f38d8a8e95dfac3357c
nvidia/Kimi-K2.7-Code-NVFP4,KimiK25ForConditionalGeneration,b200_sxm,sglang,0.5.14,PASS,,"python python/aisimulate/tools/support_matrix/generate_fpe_support_matrix.py --model ""nvidia/Kimi-K2.7-Code-NVFP4"" --system ""b200_sxm"" --backend ""sglang"" --backend-version ""0.5.14"" --forward-model op_level --max-workers 8",silicon,540,135,"PASS=220, SDK_UNREPRESENTABLE=320","decode_end=4928.784407, decode_start=19.327375, mixed=69.635895, prefill=68.728956",26dae1f99b2b50fb17118f38d8a8e95dfac3357c
nvidia/Kimi-K2.7-Code-NVFP4,KimiK25ForConditionalGeneration,b200_sxm,sglang,0.5.16,PASS,,"python python/aisimulate/tools/support_matrix/generate_fpe_support_matrix.py --model ""nvidia/Kimi-K2.7-Code-NVFP4"" --system ""b200_sxm"" --backend ""sglang"" --backend-version ""0.5.16"" --forward-model op_level --max-workers 8",silicon,540,135,"PASS=220, SDK_UNREPRESENTABLE=320","decode_end=4928.784407, decode_start=19.327375, mixed=69.635895, prefill=68.728956",26dae1f99b2b50fb17118f38d8a8e95dfac3357c
nvidia/Kimi-K2.7-Code-NVFP4,KimiK25ForConditionalGeneration,b200_sxm,sglang,0.5.9,PASS,,"python python/aisimulate/tools/support_matrix/generate_fpe_support_matrix.py --model ""nvidia/Kimi-K2.7-Code-NVFP4"" --system ""b200_sxm"" --backend ""sglang"" --backend-version ""0.5.9"" --forward-model op_level --max-workers 8",silicon,540,135,"PASS=220, SDK_UNREPRESENTABLE=320","decode_end=2947.133110, decode_start=11.538118, mixed=22.045093, prefill=21.334681",26dae1f99b2b50fb17118f38d8a8e95dfac3357c
nvidia/Kimi-K2.7-Code-NVFP4,KimiK25ForConditionalGeneration,b200_sxm,trtllm,1.2.0rc5,PASS,,"python python/aisimulate/tools/support_matrix/generate_fpe_support_matrix.py --model ""nvidia/Kimi-K2.7-Code-NVFP4"" --system ""b200_sxm"" --backend ""trtllm"" --backend-version ""1.2.0rc5"" --forward-model op_level --max-workers 8",silicon,116,29,PASS=116,"decode_end=7225.515938, decode_start=28.181176, mixed=85.255795, prefill=84.128391",26dae1f99b2b50fb17118f38d8a8e95dfac3357c
nvidia/Kimi-K2.7-Code-NVFP4,KimiK25ForConditionalGeneration,b200_sxm,trtllm,1.3.0rc10,PASS,,"python python/aisimulate/tools/support_matrix/generate_fpe_support_matrix.py --model ""nvidia/Kimi-K2.7-Code-NVFP4"" --system ""b200_sxm"" --backend ""trtllm"" --backend-version ""1.3.0rc10"" --forward-model op_level --max-workers 8",silicon,116,29,PASS=116,"decode_end=7124.838544, decode_start=27.786363, mixed=84.141014, prefill=82.916883",26dae1f99b2b50fb17118f38d8a8e95dfac3357c
nvidia/Kimi-K2.7-Code-NVFP4,KimiK25ForConditionalGeneration,b200_sxm,trtllm,1.3.0rc15,PASS,,"python python/aisimulate/tools/support_matrix/generate_fpe_support_matrix.py --model ""nvidia/Kimi-K2.7-Code-NVFP4"" --system ""b200_sxm"" --backend ""trtllm"" --backend-version ""1.3.0rc15"" --forward-model op_level --max-workers 8",silicon,116,29,PASS=116,"decode_end=7124.387232, decode_start=27.784593, mixed=84.132200, prefill=82.905410",26dae1f99b2b50fb17118f38d8a8e95dfac3357c
nvidia/Kimi-K2.7-Code-NVFP4,KimiK25ForConditionalGeneration,b200_sxm,trtllm,1.3.0rc20,PASS,,"python python/aisimulate/tools/support_matrix/generate_fpe_support_matrix.py --model ""nvidia/Kimi-K2.7-Code-NVFP4"" --system ""b200_sxm"" --backend ""trtllm"" --backend-version ""1.3.0rc20"" --forward-model op_level --max-workers 8",silicon,116,29,PASS=116,"decode_end=6039.020040, decode_start=23.608000, mixed=84.086302, prefill=83.488047",26dae1f99b2b50fb17118f38d8a8e95dfac3357c
nvidia/Kimi-K2.7-Code-NVFP4,KimiK25ForConditionalGeneration,b200_sxm,trtllm,1.3.0rc23,PASS,,"python python/aisimulate/tools/support_matrix/generate_fpe_support_matrix.py --model ""nvidia/Kimi-K2.7-Code-NVFP4"" --system ""b200_sxm"" --backend ""trtllm"" --backend-version ""1.3.0rc23"" --forward-model op_level --max-workers 8",silicon,116,29,PASS=116,"decode_end=6039.020040, decode_start=23.608000, mixed=84.086302, prefill=83.488047",26dae1f99b2b50fb17118f38d8a8e95dfac3357c
nvidia/Kimi-K2.7-Code-NVFP4,KimiK25ForConditionalGeneration,b200_sxm,vllm,0.1.dev19262,FAIL,Strict-native op-level FPE probes: PERF_DATA_MISSING=116; raw probes=116; topologies=29; source_sha=26dae1f99b2b50fb17118f38d8a8e95dfac3357c. Representative failure: perf database error: perf database error: no GEMM rows loaded from 1 source(s) (first: <repo>/python/aisimulate/src/aiconfigurator_core/systems/data/b200_sxm/vllm/0.1.dev19262/gemm_perf.parquet),"python python/aisimulate/tools/support_matrix/generate_fpe_support_matrix.py --model ""nvidia/Kimi-K2.7-Code-NVFP4"" --system ""b200_sxm"" --backend ""vllm"" --backend-version ""0.1.dev19262"" --forward-model op_level --max-workers 8",,116,29,PERF_DATA_MISSING=116,,26dae1f99b2b50fb17118f38d8a8e95dfac3357c
nvidia/Kimi-K2.7-Code-NVFP4,KimiK25ForConditionalGeneration,b200_sxm,vllm,0.19.0,PASS,,"python python/aisimulate/tools/support_matrix/generate_fpe_support_matrix.py --model ""nvidia/Kimi-K2.7-Code-NVFP4"" --system ""b200_sxm"" --backend ""vllm"" --backend-version ""0.19.0"" --forward-model op_level --max-workers 8",silicon,116,29,PASS=116,"decode_end=5854.610031, decode_start=22.930014, mixed=72.192901, prefill=71.624115",26dae1f99b2b50fb17118f38d8a8e95dfac3357c
nvidia/Kimi-K2.7-Code-NVFP4,KimiK25ForConditionalGeneration,b200_sxm,vllm,0.22.0,PASS,,"python python/aisimulate/tools/support_matrix/generate_fpe_support_matrix.py --model ""nvidia/Kimi-K2.7-Code-NVFP4"" --system ""b200_sxm"" --backend ""vllm"" --backend-version ""0.22.0"" --forward-model op_level --max-workers 8",silicon,116,29,PASS=116,"decode_end=5852.522303, decode_start=22.796887, mixed=72.046462, prefill=71.181784",26dae1f99b2b50fb17118f38d8a8e95dfac3357c
nvidia/Kimi-K2.7-Code-NVFP4,KimiK25ForConditionalGeneration,b200_sxm,vllm,0.24.0,PASS,,"python python/aisimulate/tools/support_matrix/generate_fpe_support_matrix.py --model ""nvidia/Kimi-K2.7-Code-NVFP4"" --system ""b200_sxm"" --backend ""vllm"" --backend-version ""0.24.0"" --forward-model op_level --max-workers 8",silicon,116,29,PASS=116,"decode_end=5114.348253, decode_start=20.008419, mixed=68.583023, prefill=67.727306",26dae1f99b2b50fb17118f38d8a8e95dfac3357c
nvidia/Llama-3.1-70B-Instruct-FP8,LlamaForCausalLM,b200_sxm,sglang,0.5.10,PASS,,"python python/aisimulate/tools/support_matrix/generate_fpe_support_matrix.py --model ""nvidia/Llama-3.1-70B-Instruct-FP8"" --system ""b200_sxm"" --backend ""sglang"" --backend-version ""0.5.10"" --forward-model op_level --max-workers 8",silicon,40,10,"PASS=16, SDK_UNREPRESENTABLE=24","decode_end=3643.415429, decode_start=14.287722, mixed=20.361530, prefill=15.557266",26dae1f99b2b50fb17118f38d8a8e95dfac3357c
nvidia/Llama-3.1-70B-Instruct-FP8,LlamaForCausalLM,b200_sxm,sglang,0.5.12,PASS,,"python python/aisimulate/tools/support_matrix/generate_fpe_support_matrix.py --model ""nvidia/Llama-3.1-70B-Instruct-FP8"" --system ""b200_sxm"" --backend ""sglang"" --backend-version ""0.5.12"" --forward-model op_level --max-workers 8",silicon,40,10,"PASS=16, SDK_UNREPRESENTABLE=24","decode_end=3863.411644, decode_start=15.157707, mixed=21.450050, prefill=16.063785",26dae1f99b2b50fb17118f38d8a8e95dfac3357c
nvidia/Llama-3.1-70B-Instruct-FP8,LlamaForCausalLM,b200_sxm,sglang,0.5.14,PASS,,"python python/aisimulate/tools/support_matrix/generate_fpe_support_matrix.py --model ""nvidia/Llama-3.1-70B-Instruct-FP8"" --system ""b200_sxm"" --backend ""sglang"" --backend-version ""0.5.14"" --forward-model op_level --max-workers 8",silicon,40,10,"PASS=16, SDK_UNREPRESENTABLE=24","decode_end=3863.411644, decode_start=15.157707, mixed=21.450050, prefill=16.063785",26dae1f99b2b50fb17118f38d8a8e95dfac3357c
nvidia/Llama-3.1-70B-Instruct-FP8,LlamaForCausalLM,b200_sxm,sglang,0.5.16,PASS,,"python python/aisimulate/tools/support_matrix/generate_fpe_support_matrix.py --model ""nvidia/Llama-3.1-70B-Instruct-FP8"" --system ""b200_sxm"" --backend ""sglang"" --backend-version ""0.5.16"" --forward-model op_level --max-workers 8",silicon,40,10,"PASS=16, SDK_UNREPRESENTABLE=24","decode_end=3863.411644, decode_start=15.157707, mixed=21.450050, prefill=16.063785",26dae1f99b2b50fb17118f38d8a8e95dfac3357c
nvidia/Llama-3.1-70B-Instruct-FP8,LlamaForCausalLM,b200_sxm,sglang,0.5.9,FAIL,"Strict-native op-level FPE probes: PERF_DATA_MISSING=16, SDK_UNREPRESENTABLE=24; raw probes=40; topologies=10; source_sha=26dae1f99b2b50fb17118f38d8a8e95dfac3357c. Representative failure: perf database error: perf database error: no rows loaded from 1 source(s) (first: <repo>/python/aisimulate/src/aiconfigurator_core/systems/data/b200_sxm/sglang/0.5.9/computescale_perf.parquet)","python python/aisimulate/tools/support_matrix/generate_fpe_support_matrix.py --model ""nvidia/Llama-3.1-70B-Instruct-FP8"" --system ""b200_sxm"" --backend ""sglang"" --backend-version ""0.5.9"" --forward-model op_level --max-workers 8",,40,10,"PERF_DATA_MISSING=16, SDK_UNREPRESENTABLE=24",,26dae1f99b2b50fb17118f38d8a8e95dfac3357c
nvidia/Llama-3.1-70B-Instruct-FP8,LlamaForCausalLM,b200_sxm,trtllm,1.2.0rc5,PASS,,"python python/aisimulate/tools/support_matrix/generate_fpe_support_matrix.py --model ""nvidia/Llama-3.1-70B-Instruct-FP8"" --system ""b200_sxm"" --backend ""trtllm"" --backend-version ""1.2.0rc5"" --forward-model op_level --max-workers 8",silicon,16,4,PASS=16,"decode_end=3939.713690, decode_start=15.445024, mixed=21.029602, prefill=19.319206",26dae1f99b2b50fb17118f38d8a8e95dfac3357c
nvidia/Llama-3.1-70B-Instruct-FP8,LlamaForCausalLM,b200_sxm,trtllm,1.3.0rc10,PASS,,"python python/aisimulate/tools/support_matrix/generate_fpe_support_matrix.py --model ""nvidia/Llama-3.1-70B-Instruct-FP8"" --system ""b200_sxm"" --backend ""trtllm"" --backend-version ""1.3.0rc10"" --forward-model op_level --max-workers 8",silicon,16,4,PASS=16,"decode_end=4148.270060, decode_start=15.918296, mixed=22.236766, prefill=19.256976",26dae1f99b2b50fb17118f38d8a8e95dfac3357c
nvidia/Llama-3.1-70B-Instruct-FP8,LlamaForCausalLM,b200_sxm,trtllm,1.3.0rc15,PASS,,"python python/aisimulate/tools/support_matrix/generate_fpe_support_matrix.py --model ""nvidia/Llama-3.1-70B-Instruct-FP8"" --system ""b200_sxm"" --backend ""trtllm"" --backend-version ""1.3.0rc15"" --forward-model op_level --max-workers 8",silicon,16,4,PASS=16,"decode_end=3813.385099, decode_start=14.891693, mixed=20.538560, prefill=18.871516",26dae1f99b2b50fb17118f38d8a8e95dfac3357c
nvidia/Llama-3.1-70B-Instruct-FP8,LlamaForCausalLM,b200_sxm,trtllm,1.3.0rc20,PASS,,"python python/aisimulate/tools/support_matrix/generate_fpe_support_matrix.py --model ""nvidia/Llama-3.1-70B-Instruct-FP8"" --system ""b200_sxm"" --backend ""trtllm"" --backend-version ""1.3.0rc20"" --forward-model op_level --max-workers 8",silicon,16,4,PASS=16,"decode_end=3900.542423, decode_start=15.221653, mixed=21.208158, prefill=19.654069",26dae1f99b2b50fb17118f38d8a8e95dfac3357c
nvidia/Llama-3.1-70B-Instruct-FP8,LlamaForCausalLM,b200_sxm,trtllm,1.3.0rc23,PASS,,"python python/aisimulate/tools/support_matrix/generate_fpe_support_matrix.py --model ""nvidia/Llama-3.1-70B-Instruct-FP8"" --system ""b200_sxm"" --backend ""trtllm"" --backend-version ""1.3.0rc23"" --forward-model op_level --max-workers 8",silicon,16,4,PASS=16,"decode_end=3900.542423, decode_start=15.221653, mixed=21.208158, prefill=19.654069",26dae1f99b2b50fb17118f38d8a8e95dfac3357c
nvidia/Llama-3.1-70B-Instruct-FP8,LlamaForCausalLM,b200_sxm,vllm,0.1.dev19262,FAIL,Strict-native op-level FPE probes: PERF_DATA_MISSING=16; raw probes=16; topologies=4; source_sha=26dae1f99b2b50fb17118f38d8a8e95dfac3357c. Representative failure: perf database error: perf database error: no GEMM rows loaded from 1 source(s) (first: <repo>/python/aisimulate/src/aiconfigurator_core/systems/data/b200_sxm/vllm/0.1.dev19262/gemm_perf.parquet),"python python/aisimulate/tools/support_matrix/generate_fpe_support_matrix.py --model ""nvidia/Llama-3.1-70B-Instruct-FP8"" --system ""b200_sxm"" --backend ""vllm"" --backend-version ""0.1.dev19262"" --forward-model op_level --max-workers 8",,16,4,PERF_DATA_MISSING=16,,26dae1f99b2b50fb17118f38d8a8e95dfac3357c
nvidia/Llama-3.1-70B-Instruct-FP8,LlamaForCausalLM,b200_sxm,vllm,0.19.0,FAIL,Strict-native op-level FPE probes: PERF_DATA_MISSING=16; raw probes=16; topologies=4; source_sha=26dae1f99b2b50fb17118f38d8a8e95dfac3357c. Representative failure: perf database error: perf database error: no rows loaded from 1 source(s) (first: <repo>/python/aisimulate/src/aiconfigurator_core/systems/data/b200_sxm/vllm/0.19.0/computescale_perf.parquet),"python python/aisimulate/tools/support_matrix/generate_fpe_support_matrix.py --model ""nvidia/Llama-3.1-70B-Instruct-FP8"" --system ""b200_sxm"" --backend ""vllm"" --backend-version ""0.19.0"" --forward-model op_level --max-workers 8",,16,4,PERF_DATA_MISSING=16,,26dae1f99b2b50fb17118f38d8a8e95dfac3357c
nvidia/Llama-3.1-70B-Instruct-FP8,LlamaForCausalLM,b200_sxm,vllm,0.22.0,PASS,,"python python/aisimulate/tools/support_matrix/generate_fpe_support_matrix.py --model ""nvidia/Llama-3.1-70B-Instruct-FP8"" --system ""b200_sxm"" --backend ""vllm"" --backend-version ""0.22.0"" --forward-model op_level --max-workers 8",silicon,16,4,PASS=16,"decode_end=3646.892517, decode_start=14.234876, mixed=22.037125, prefill=17.057992",26dae1f99b2b50fb17118f38d8a8e95dfac3357c
nvidia/Llama-3.1-70B-Instruct-FP8,LlamaForCausalLM,b200_sxm,vllm,0.24.0,PASS,,"python python/aisimulate/tools/support_matrix/generate_fpe_support_matrix.py --model ""nvidia/Llama-3.1-70B-Instruct-FP8"" --system ""b200_sxm"" --backend ""vllm"" --backend-version ""0.24.0"" --forward-model op_level --max-workers 8",silicon,16,4,PASS=16,"decode_end=3728.927376, decode_start=14.618099, mixed=22.502925, prefill=17.223475",26dae1f99b2b50fb17118f38d8a8e95dfac3357c
nvidia/MiniMax-M2.7-NVFP4,MiniMaxM2ForCausalLM,b200_sxm,sglang,0.5.10,PASS,,"python python/aisimulate/tools/support_matrix/generate_fpe_support_matrix.py --model ""nvidia/MiniMax-M2.7-NVFP4"" --system ""b200_sxm"" --backend ""sglang"" --backend-version ""0.5.10"" --forward-model op_level --max-workers 8",silicon,540,135,"PASS=220, SDK_UNREPRESENTABLE=320","decode_end=2613.151747, decode_start=10.247058, mixed=26.602751, prefill=25.847953",26dae1f99b2b50fb17118f38d8a8e95dfac3357c
nvidia/MiniMax-M2.7-NVFP4,MiniMaxM2ForCausalLM,b200_sxm,sglang,0.5.12,PASS,,"python python/aisimulate/tools/support_matrix/generate_fpe_support_matrix.py --model ""nvidia/MiniMax-M2.7-NVFP4"" --system ""b200_sxm"" --backend ""sglang"" --backend-version ""0.5.12"" --forward-model op_level --max-workers 8",silicon,540,135,"PASS=220, SDK_UNREPRESENTABLE=320","decode_end=2030.085316, decode_start=7.959013, mixed=22.751467, prefill=21.334213",26dae1f99b2b50fb17118f38d8a8e95dfac3357c
nvidia/MiniMax-M2.7-NVFP4,MiniMaxM2ForCausalLM,b200_sxm,sglang,0.5.14,PASS,,"python python/aisimulate/tools/support_matrix/generate_fpe_support_matrix.py --model ""nvidia/MiniMax-M2.7-NVFP4"" --system ""b200_sxm"" --backend ""sglang"" --backend-version ""0.5.14"" --forward-model op_level --max-workers 8",silicon,540,135,"PASS=220, SDK_UNREPRESENTABLE=320","decode_end=2030.085316, decode_start=7.959013, mixed=22.751467, prefill=21.334213",26dae1f99b2b50fb17118f38d8a8e95dfac3357c
nvidia/MiniMax-M2.7-NVFP4,MiniMaxM2ForCausalLM,b200_sxm,sglang,0.5.16,PASS,,"python python/aisimulate/tools/support_matrix/generate_fpe_support_matrix.py --model ""nvidia/MiniMax-M2.7-NVFP4"" --system ""b200_sxm"" --backend ""sglang"" --backend-version ""0.5.16"" --forward-model op_level --max-workers 8",silicon,540,135,"PASS=220, SDK_UNREPRESENTABLE=320","decode_end=2030.085316, decode_start=7.959013, mixed=22.751467, prefill=21.334213",26dae1f99b2b50fb17118f38d8a8e95dfac3357c
nvidia/MiniMax-M2.7-NVFP4,MiniMaxM2ForCausalLM,b200_sxm,sglang,0.5.9,PASS,,"python python/aisimulate/tools/support_matrix/generate_fpe_support_matrix.py --model ""nvidia/MiniMax-M2.7-NVFP4"" --system ""b200_sxm"" --backend ""sglang"" --backend-version ""0.5.9"" --forward-model op_level --max-workers 8",silicon,540,135,"PASS=220, SDK_UNREPRESENTABLE=320","decode_end=2629.282495, decode_start=10.310815, mixed=26.472871, prefill=25.695677",26dae1f99b2b50fb17118f38d8a8e95dfac3357c
nvidia/MiniMax-M2.7-NVFP4,MiniMaxM2ForCausalLM,b200_sxm,trtllm,1.2.0rc5,PASS,,"python python/aisimulate/tools/support_matrix/generate_fpe_support_matrix.py --model ""nvidia/MiniMax-M2.7-NVFP4"" --system ""b200_sxm"" --backend ""trtllm"" --backend-version ""1.2.0rc5"" --forward-model op_level --max-workers 8",silicon,116,29,"PASS=108, PERF_DATA_MISSING=8","decode_end=2094.471898, decode_start=8.211035, mixed=43.676894, prefill=20.933517",26dae1f99b2b50fb17118f38d8a8e95dfac3357c
nvidia/MiniMax-M2.7-NVFP4,MiniMaxM2ForCausalLM,b200_sxm,trtllm,1.3.0rc10,PASS,,"python python/aisimulate/tools/support_matrix/generate_fpe_support_matrix.py --model ""nvidia/MiniMax-M2.7-NVFP4"" --system ""b200_sxm"" --backend ""trtllm"" --backend-version ""1.3.0rc10"" --forward-model op_level --max-workers 8",silicon,116,29,"PASS=108, PERF_DATA_MISSING=8","decode_end=2182.218332, decode_start=8.346905, mixed=43.233508, prefill=20.510827",26dae1f99b2b50fb17118f38d8a8e95dfac3357c
nvidia/MiniMax-M2.7-NVFP4,MiniMaxM2ForCausalLM,b200_sxm,trtllm,1.3.0rc15,PASS,,"python python/aisimulate/tools/support_matrix/generate_fpe_support_matrix.py --model ""nvidia/MiniMax-M2.7-NVFP4"" --system ""b200_sxm"" --backend ""trtllm"" --backend-version ""1.3.0rc15"" --forward-model op_level --max-workers 8",silicon,116,29,"PASS=108, PERF_DATA_MISSING=8","decode_end=1982.482224, decode_start=7.724194, mixed=42.393070, prefill=20.467321",26dae1f99b2b50fb17118f38d8a8e95dfac3357c
nvidia/MiniMax-M2.7-NVFP4,MiniMaxM2ForCausalLM,b200_sxm,trtllm,1.3.0rc20,PASS,,"python python/aisimulate/tools/support_matrix/generate_fpe_support_matrix.py --model ""nvidia/MiniMax-M2.7-NVFP4"" --system ""b200_sxm"" --backend ""trtllm"" --backend-version ""1.3.0rc20"" --forward-model op_level --max-workers 8",silicon,116,29,"PASS=108, PERF_DATA_MISSING=8","decode_end=2018.338276, decode_start=7.923947, mixed=28.411403, prefill=20.251435",26dae1f99b2b50fb17118f38d8a8e95dfac3357c
nvidia/MiniMax-M2.7-NVFP4,MiniMaxM2ForCausalLM,b200_sxm,trtllm,1.3.0rc23,PASS,,"python python/aisimulate/tools/support_matrix/generate_fpe_support_matrix.py --model ""nvidia/MiniMax-M2.7-NVFP4"" --system ""b200_sxm"" --backend ""trtllm"" --backend-version ""1.3.0rc23"" --forward-model op_level --max-workers 8",silicon,116,29,"PASS=108, PERF_DATA_MISSING=8","decode_end=2018.338276, decode_start=7.923947, mixed=28.411403, prefill=20.251435",26dae1f99b2b50fb17118f38d8a8e95dfac3357c
nvidia/MiniMax-M2.7-NVFP4,MiniMaxM2ForCausalLM,b200_sxm,vllm,0.1.dev19262,FAIL,Strict-native op-level FPE probes: PERF_DATA_MISSING=116; raw probes=116; topologies=29; source_sha=26dae1f99b2b50fb17118f38d8a8e95dfac3357c. Representative failure: perf database error: perf database error: no GEMM rows loaded from 1 source(s) (first: <repo>/python/aisimulate/src/aiconfigurator_core/systems/data/b200_sxm/vllm/0.1.dev19262/gemm_perf.parquet),"python python/aisimulate/tools/support_matrix/generate_fpe_support_matrix.py --model ""nvidia/MiniMax-M2.7-NVFP4"" --system ""b200_sxm"" --backend ""vllm"" --backend-version ""0.1.dev19262"" --forward-model op_level --max-workers 8",,116,29,PERF_DATA_MISSING=116,,26dae1f99b2b50fb17118f38d8a8e95dfac3357c
nvidia/MiniMax-M2.7-NVFP4,MiniMaxM2ForCausalLM,b200_sxm,vllm,0.19.0,PASS,,"python python/aisimulate/tools/support_matrix/generate_fpe_support_matrix.py --model ""nvidia/MiniMax-M2.7-NVFP4"" --system ""b200_sxm"" --backend ""vllm"" --backend-version ""0.19.0"" --forward-model op_level --max-workers 8",silicon,116,29,"PASS=96, PERF_DATA_MISSING=20","decode_end=2029.455512, decode_start=7.934025, mixed=21.814357, prefill=21.172375",26dae1f99b2b50fb17118f38d8a8e95dfac3357c
nvidia/MiniMax-M2.7-NVFP4,MiniMaxM2ForCausalLM,b200_sxm,vllm,0.22.0,PASS,,"python python/aisimulate/tools/support_matrix/generate_fpe_support_matrix.py --model ""nvidia/MiniMax-M2.7-NVFP4"" --system ""b200_sxm"" --backend ""vllm"" --backend-version ""0.22.0"" --forward-model op_level --max-workers 8",silicon,116,29,"PASS=96, PERF_DATA_MISSING=20","decode_end=1968.492236, decode_start=7.667910, mixed=21.483408, prefill=20.737277",26dae1f99b2b50fb17118f38d8a8e95dfac3357c
nvidia/MiniMax-M2.7-NVFP4,MiniMaxM2ForCausalLM,b200_sxm,vllm,0.24.0,PASS,,"python python/aisimulate/tools/support_matrix/generate_fpe_support_matrix.py --model ""nvidia/MiniMax-M2.7-NVFP4"" --system ""b200_sxm"" --backend ""vllm"" --backend-version ""0.24.0"" --forward-model op_level --max-workers 8",silicon,116,29,"PASS=96, PERF_DATA_MISSING=20","decode_end=2017.258046, decode_start=7.910764, mixed=21.804182, prefill=20.866216",26dae1f99b2b50fb17118f38d8a8e95dfac3357c
nvidia/MiniMax-M3-NVFP4,MiniMaxM3SparseForConditionalGeneration,b200_sxm,sglang,0.5.10,FAIL,"Strict-native op-level FPE probes: PERF_DATA_MISSING=220; raw probes=220; topologies=55; source_sha=26dae1f99b2b50fb17118f38d8a8e95dfac3357c. Representative failure: perf database error: MoE data missing for MoeKey { quant: ""nvfp4"", distribution: ""power_law_1.01"", topk: 4, num_experts: 128, hidden_size: 6144, inter_size: 3072, moe_tp_size: 1, moe_ep_size: 1 } at <repo>/python/aisimulate/src/aiconfigurator_core/systems/data/b200_sxm/sglang/0.5.10","python python/aisimulate/tools/support_matrix/generate_fpe_support_matrix.py --model ""nvidia/MiniMax-M3-NVFP4"" --system ""b200_sxm"" --backend ""sglang"" --backend-version ""0.5.10"" --forward-model op_level --max-workers 8",,220,55,PERF_DATA_MISSING=220,,26dae1f99b2b50fb17118f38d8a8e95dfac3357c
nvidia/MiniMax-M3-NVFP4,MiniMaxM3SparseForConditionalGeneration,b200_sxm,sglang,0.5.12,FAIL,Strict-native op-level FPE probes: PERF_DATA_MISSING=220; raw probes=220; topologies=55; source_sha=26dae1f99b2b50fb17118f38d8a8e95dfac3357c. Representative failure: perf database error: perf database error: perf database error: no DSA module rows loaded from 1 source(s) (first: <repo>/python/aisimulate/src/aiconfigurator_core/systems/data/b200_sxm/sglang/0.5.12/msa_context_module_perf.parquet),"python python/aisimulate/tools/support_matrix/generate_fpe_support_matrix.py --model ""nvidia/MiniMax-M3-NVFP4"" --system ""b200_sxm"" --backend ""sglang"" --backend-version ""0.5.12"" --forward-model op_level --max-workers 8",,220,55,PERF_DATA_MISSING=220,,26dae1f99b2b50fb17118f38d8a8e95dfac3357c
nvidia/MiniMax-M3-NVFP4,MiniMaxM3SparseForConditionalGeneration,b200_sxm,sglang,0.5.14,FAIL,Strict-native op-level FPE probes: PERF_DATA_MISSING=220; raw probes=220; topologies=55; source_sha=26dae1f99b2b50fb17118f38d8a8e95dfac3357c. Representative failure: perf database error: perf database error: perf database error: no DSA module rows loaded from 1 source(s) (first: <repo>/python/aisimulate/src/aiconfigurator_core/systems/data/b200_sxm/sglang/0.5.14/msa_context_module_perf.parquet),"python python/aisimulate/tools/support_matrix/generate_fpe_support_matrix.py --model ""nvidia/MiniMax-M3-NVFP4"" --system ""b200_sxm"" --backend ""sglang"" --backend-version ""0.5.14"" --forward-model op_level --max-workers 8",,220,55,PERF_DATA_MISSING=220,,26dae1f99b2b50fb17118f38d8a8e95dfac3357c
nvidia/MiniMax-M3-NVFP4,MiniMaxM3SparseForConditionalGeneration,b200_sxm,sglang,0.5.16,FAIL,"Strict-native op-level FPE probes: PERF_DATA_MISSING=220; raw probes=220; topologies=55; source_sha=26dae1f99b2b50fb17118f38d8a8e95dfac3357c. Representative failure: perf database error: context MSA module data missing for DsaKey { architecture: ""MiniMaxM3ForCausalLM"", fmha_quant: ""bfloat16"", kv_quant: ""bfloat16"", gemm_quant: ""fp8_block"" } at <repo>/python/aisimulate/src/aiconfigurator_core/systems/data/b200_sxm/sglang/0.5.16","python python/aisimulate/tools/support_matrix/generate_fpe_support_matrix.py --model ""nvidia/MiniMax-M3-NVFP4"" --system ""b200_sxm"" --backend ""sglang"" --backend-version ""0.5.16"" --forward-model op_level --max-workers 8",,220,55,PERF_DATA_MISSING=220,,26dae1f99b2b50fb17118f38d8a8e95dfac3357c
nvidia/MiniMax-M3-NVFP4,MiniMaxM3SparseForConditionalGeneration,b200_sxm,sglang,0.5.9,FAIL,"Strict-native op-level FPE probes: PERF_DATA_MISSING=220; raw probes=220; topologies=55; source_sha=26dae1f99b2b50fb17118f38d8a8e95dfac3357c. Representative failure: perf database error: MoE data missing for MoeKey { quant: ""nvfp4"", distribution: ""power_law_1.01"", topk: 4, num_experts: 128, hidden_size: 6144, inter_size: 3072, moe_tp_size: 1, moe_ep_size: 1 } at <repo>/python/aisimulate/src/aiconfigurator_core/systems/data/b200_sxm/sglang/0.5.9","python python/aisimulate/tools/support_matrix/generate_fpe_support_matrix.py --model ""nvidia/MiniMax-M3-NVFP4"" --system ""b200_sxm"" --backend ""sglang"" --backend-version ""0.5.9"" --forward-model op_level --max-workers 8",,220,55,PERF_DATA_MISSING=220,,26dae1f99b2b50fb17118f38d8a8e95dfac3357c
nvidia/MiniMax-M3-NVFP4,MiniMaxM3SparseForConditionalGeneration,b200_sxm,trtllm,1.2.0rc5,FAIL,"Strict-native op-level FPE probes: PERF_DATA_MISSING=116; raw probes=116; topologies=29; source_sha=26dae1f99b2b50fb17118f38d8a8e95dfac3357c. Representative failure: perf database error: MoE data missing for MoeKey { quant: ""nvfp4"", distribution: ""power_law_1.01"", topk: 4, num_experts: 128, hidden_size: 6144, inter_size: 3072, moe_tp_size: 1, moe_ep_size: 1 } at <repo>/python/aisimulate/src/aiconfigurator_core/systems/data/b200_sxm/trtllm/1.2.0rc5","python python/aisimulate/tools/support_matrix/generate_fpe_support_matrix.py --model ""nvidia/MiniMax-M3-NVFP4"" --system ""b200_sxm"" --backend ""trtllm"" --backend-version ""1.2.0rc5"" --forward-model op_level --max-workers 8",,116,29,PERF_DATA_MISSING=116,,26dae1f99b2b50fb17118f38d8a8e95dfac3357c
nvidia/MiniMax-M3-NVFP4,MiniMaxM3SparseForConditionalGeneration,b200_sxm,trtllm,1.3.0rc10,FAIL,"Strict-native op-level FPE probes: PERF_DATA_MISSING=116; raw probes=116; topologies=29; source_sha=26dae1f99b2b50fb17118f38d8a8e95dfac3357c. Representative failure: perf database error: MoE data missing for MoeKey { quant: ""nvfp4"", distribution: ""power_law_1.01"", topk: 4, num_experts: 128, hidden_size: 6144, inter_size: 3072, moe_tp_size: 1, moe_ep_size: 1 } at <repo>/python/aisimulate/src/aiconfigurator_core/systems/data/b200_sxm/trtllm/1.3.0rc10","python python/aisimulate/tools/support_matrix/generate_fpe_support_matrix.py --model ""nvidia/MiniMax-M3-NVFP4"" --system ""b200_sxm"" --backend ""trtllm"" --backend-version ""1.3.0rc10"" --forward-model op_level --max-workers 8",,116,29,PERF_DATA_MISSING=116,,26dae1f99b2b50fb17118f38d8a8e95dfac3357c
nvidia/MiniMax-M3-NVFP4,MiniMaxM3SparseForConditionalGeneration,b200_sxm,trtllm,1.3.0rc15,FAIL,"Strict-native op-level FPE probes: PERF_DATA_MISSING=116; raw probes=116; topologies=29; source_sha=26dae1f99b2b50fb17118f38d8a8e95dfac3357c. Representative failure: perf database error: MoE data missing for MoeKey { quant: ""nvfp4"", distribution: ""power_law_1.01"", topk: 4, num_experts: 128, hidden_size: 6144, inter_size: 3072, moe_tp_size: 1, moe_ep_size: 1 } at <repo>/python/aisimulate/src/aiconfigurator_core/systems/data/b200_sxm/trtllm/1.3.0rc15","python python/aisimulate/tools/support_matrix/generate_fpe_support_matrix.py --model ""nvidia/MiniMax-M3-NVFP4"" --system ""b200_sxm"" --backend ""trtllm"" --backend-version ""1.3.0rc15"" --forward-model op_level --max-workers 8",,116,29,PERF_DATA_MISSING=116,,26dae1f99b2b50fb17118f38d8a8e95dfac3357c
nvidia/MiniMax-M3-NVFP4,MiniMaxM3SparseForConditionalGeneration,b200_sxm,trtllm,1.3.0rc20,FAIL,Strict-native op-level FPE probes: PERF_DATA_MISSING=116; raw probes=116; topologies=29; source_sha=26dae1f99b2b50fb17118f38d8a8e95dfac3357c. Representative failure: perf database error: perf database error: perf database error: no DSA module rows loaded from 1 source(s) (first: <repo>/python/aisimulate/src/aiconfigurator_core/systems/data/b200_sxm/trtllm/1.3.0rc20/msa_context_module_perf.parquet),"python python/aisimulate/tools/support_matrix/generate_fpe_support_matrix.py --model ""nvidia/MiniMax-M3-NVFP4"" --system ""b200_sxm"" --backend ""trtllm"" --backend-version ""1.3.0rc20"" --forward-model op_level --max-workers 8",,116,29,PERF_DATA_MISSING=116,,26dae1f99b2b50fb17118f38d8a8e95dfac3357c
nvidia/MiniMax-M3-NVFP4,MiniMaxM3SparseForConditionalGeneration,b200_sxm,trtllm,1.3.0rc23,PASS,,"python python/aisimulate/tools/support_matrix/generate_fpe_support_matrix.py --model ""nvidia/MiniMax-M3-NVFP4"" --system ""b200_sxm"" --backend ""trtllm"" --backend-version ""1.3.0rc23"" --forward-model op_level --max-workers 8",silicon,116,29,PASS=116,"decode_end=5347.369037, decode_start=20.936083, mixed=222.736532, prefill=207.704653",26dae1f99b2b50fb17118f38d8a8e95dfac3357c
nvidia/MiniMax-M3-NVFP4,MiniMaxM3SparseForConditionalGeneration,b200_sxm,vllm,0.1.dev19262,FAIL,Strict-native op-level FPE probes: PERF_DATA_MISSING=116; raw probes=116; topologies=29; source_sha=26dae1f99b2b50fb17118f38d8a8e95dfac3357c. Representative failure: perf database error: perf database error: no GEMM rows loaded from 1 source(s) (first: <repo>/python/aisimulate/src/aiconfigurator_core/systems/data/b200_sxm/vllm/0.1.dev19262/gemm_perf.parquet),"python python/aisimulate/tools/support_matrix/generate_fpe_support_matrix.py --model ""nvidia/MiniMax-M3-NVFP4"" --system ""b200_sxm"" --backend ""vllm"" --backend-version ""0.1.dev19262"" --forward-model op_level --max-workers 8",,116,29,PERF_DATA_MISSING=116,,26dae1f99b2b50fb17118f38d8a8e95dfac3357c
nvidia/MiniMax-M3-NVFP4,MiniMaxM3SparseForConditionalGeneration,b200_sxm,vllm,0.19.0,FAIL,"Strict-native op-level FPE probes: PERF_DATA_MISSING=116; raw probes=116; topologies=29; source_sha=26dae1f99b2b50fb17118f38d8a8e95dfac3357c. Representative failure: perf database error: MoE data missing for MoeKey { quant: ""nvfp4"", distribution: ""power_law_1.01"", topk: 4, num_experts: 128, hidden_size: 6144, inter_size: 3072, moe_tp_size: 1, moe_ep_size: 1 } at <repo>/python/aisimulate/src/aiconfigurator_core/systems/data/b200_sxm/vllm/0.19.0","python python/aisimulate/tools/support_matrix/generate_fpe_support_matrix.py --model ""nvidia/MiniMax-M3-NVFP4"" --system ""b200_sxm"" --backend ""vllm"" --backend-version ""0.19.0"" --forward-model op_level --max-workers 8",,116,29,PERF_DATA_MISSING=116,,26dae1f99b2b50fb17118f38d8a8e95dfac3357c
nvidia/MiniMax-M3-NVFP4,MiniMaxM3SparseForConditionalGeneration,b200_sxm,vllm,0.22.0,FAIL,Strict-native op-level FPE probes: PERF_DATA_MISSING=116; raw probes=116; topologies=29; source_sha=26dae1f99b2b50fb17118f38d8a8e95dfac3357c. Representative failure: perf database error: perf database error: perf database error: no DSA module rows loaded from 1 source(s) (first: <repo>/python/aisimulate/src/aiconfigurator_core/systems/data/b200_sxm/vllm/0.22.0/msa_context_module_perf.parquet),"python python/aisimulate/tools/support_matrix/generate_fpe_support_matrix.py --model ""nvidia/MiniMax-M3-NVFP4"" --system ""b200_sxm"" --backend ""vllm"" --backend-version ""0.22.0"" --forward-model op_level --max-workers 8",,116,29,PERF_DATA_MISSING=116,,26dae1f99b2b50fb17118f38d8a8e95dfac3357c
nvidia/MiniMax-M3-NVFP4,MiniMaxM3SparseForConditionalGeneration,b200_sxm,vllm,0.24.0,PASS,,"python python/aisimulate/tools/support_matrix/generate_fpe_support_matrix.py --model ""nvidia/MiniMax-M3-NVFP4"" --system ""b200_sxm"" --backend ""vllm"" --backend-version ""0.24.0"" --forward-model op_level --max-workers 8",silicon,116,29,PASS=116,"decode_end=6764.055406, decode_start=26.489102, mixed=98.686299, prefill=88.790982",26dae1f99b2b50fb17118f38d8a8e95dfac3357c
nvidia/NVIDIA-Nemotron-3-Nano-30B-A3B-BF16,NemotronHForCausalLM,b200_sxm,sglang,0.5.10,PASS,,"python python/aisimulate/tools/support_matrix/generate_fpe_support_matrix.py --model ""nvidia/NVIDIA-Nemotron-3-Nano-30B-A3B-BF16"" --system ""b200_sxm"" --backend ""sglang"" --backend-version ""0.5.10"" --forward-model op_level --max-workers 8",silicon,220,55,PASS=220,"decode_end=1670.646712, decode_start=6.551453, mixed=14.472133, prefill=14.193783",26dae1f99b2b50fb17118f38d8a8e95dfac3357c
nvidia/NVIDIA-Nemotron-3-Nano-30B-A3B-BF16,NemotronHForCausalLM,b200_sxm,sglang,0.5.12,PASS,,"python python/aisimulate/tools/support_matrix/generate_fpe_support_matrix.py --model ""nvidia/NVIDIA-Nemotron-3-Nano-30B-A3B-BF16"" --system ""b200_sxm"" --backend ""sglang"" --backend-version ""0.5.12"" --forward-model op_level --max-workers 8",silicon,220,55,PASS=220,"decode_end=1188.864863, decode_start=4.662084, mixed=9.870134, prefill=9.736432",26dae1f99b2b50fb17118f38d8a8e95dfac3357c
nvidia/NVIDIA-Nemotron-3-Nano-30B-A3B-BF16,NemotronHForCausalLM,b200_sxm,sglang,0.5.14,PASS,,"python python/aisimulate/tools/support_matrix/generate_fpe_support_matrix.py --model ""nvidia/NVIDIA-Nemotron-3-Nano-30B-A3B-BF16"" --system ""b200_sxm"" --backend ""sglang"" --backend-version ""0.5.14"" --forward-model op_level --max-workers 8",silicon,220,55,PASS=220,"decode_end=1188.864863, decode_start=4.662084, mixed=9.870134, prefill=9.736432",26dae1f99b2b50fb17118f38d8a8e95dfac3357c
nvidia/NVIDIA-Nemotron-3-Nano-30B-A3B-BF16,NemotronHForCausalLM,b200_sxm,sglang,0.5.16,PASS,,"python python/aisimulate/tools/support_matrix/generate_fpe_support_matrix.py --model ""nvidia/NVIDIA-Nemotron-3-Nano-30B-A3B-BF16"" --system ""b200_sxm"" --backend ""sglang"" --backend-version ""0.5.16"" --forward-model op_level --max-workers 8",silicon,220,55,PASS=220,"decode_end=1188.864863, decode_start=4.662084, mixed=9.870134, prefill=9.736432",26dae1f99b2b50fb17118f38d8a8e95dfac3357c
nvidia/NVIDIA-Nemotron-3-Nano-30B-A3B-BF16,NemotronHForCausalLM,b200_sxm,sglang,0.5.9,PASS,,"python python/aisimulate/tools/support_matrix/generate_fpe_support_matrix.py --model ""nvidia/NVIDIA-Nemotron-3-Nano-30B-A3B-BF16"" --system ""b200_sxm"" --backend ""sglang"" --backend-version ""0.5.9"" --forward-model op_level --max-workers 8",silicon,220,55,PASS=220,"decode_end=1661.315421, decode_start=6.514990, mixed=14.508707, prefill=14.130449",26dae1f99b2b50fb17118f38d8a8e95dfac3357c
nvidia/NVIDIA-Nemotron-3-Nano-30B-A3B-BF16,NemotronHForCausalLM,b200_sxm,trtllm,1.2.0rc5,PASS,,"python python/aisimulate/tools/support_matrix/generate_fpe_support_matrix.py --model ""nvidia/NVIDIA-Nemotron-3-Nano-30B-A3B-BF16"" --system ""b200_sxm"" --backend ""trtllm"" --backend-version ""1.2.0rc5"" --forward-model op_level --max-workers 8",silicon,116,29,"PASS=92, PERF_DATA_MISSING=24","decode_end=1195.174716, decode_start=4.684276, mixed=10.067267, prefill=9.886581",26dae1f99b2b50fb17118f38d8a8e95dfac3357c
nvidia/NVIDIA-Nemotron-3-Nano-30B-A3B-BF16,NemotronHForCausalLM,b200_sxm,trtllm,1.3.0rc10,PASS,,"python python/aisimulate/tools/support_matrix/generate_fpe_support_matrix.py --model ""nvidia/NVIDIA-Nemotron-3-Nano-30B-A3B-BF16"" --system ""b200_sxm"" --backend ""trtllm"" --backend-version ""1.3.0rc10"" --forward-model op_level --max-workers 8",silicon,116,29,"PASS=92, PERF_DATA_MISSING=24","decode_end=1236.604665, decode_start=4.837897, mixed=10.378553, prefill=10.079878",26dae1f99b2b50fb17118f38d8a8e95dfac3357c
nvidia/NVIDIA-Nemotron-3-Nano-30B-A3B-BF16,NemotronHForCausalLM,b200_sxm,trtllm,1.3.0rc15,PASS,,"python python/aisimulate/tools/support_matrix/generate_fpe_support_matrix.py --model ""nvidia/NVIDIA-Nemotron-3-Nano-30B-A3B-BF16"" --system ""b200_sxm"" --backend ""trtllm"" --backend-version ""1.3.0rc15"" --forward-model op_level --max-workers 8",silicon,116,29,"PASS=92, PERF_DATA_MISSING=24","decode_end=1222.262668, decode_start=4.792531, mixed=10.740357, prefill=10.488982",26dae1f99b2b50fb17118f38d8a8e95dfac3357c
nvidia/NVIDIA-Nemotron-3-Nano-30B-A3B-BF16,NemotronHForCausalLM,b200_sxm,trtllm,1.3.0rc20,PASS,,"python python/aisimulate/tools/support_matrix/generate_fpe_support_matrix.py --model ""nvidia/NVIDIA-Nemotron-3-Nano-30B-A3B-BF16"" --system ""b200_sxm"" --backend ""trtllm"" --backend-version ""1.3.0rc20"" --forward-model op_level --max-workers 8",silicon,116,29,"PASS=92, PERF_DATA_MISSING=24","decode_end=1250.869570, decode_start=4.903683, mixed=10.693584, prefill=10.388371",26dae1f99b2b50fb17118f38d8a8e95dfac3357c
nvidia/NVIDIA-Nemotron-3-Nano-30B-A3B-BF16,NemotronHForCausalLM,b200_sxm,trtllm,1.3.0rc23,PASS,,"python python/aisimulate/tools/support_matrix/generate_fpe_support_matrix.py --model ""nvidia/NVIDIA-Nemotron-3-Nano-30B-A3B-BF16"" --system ""b200_sxm"" --backend ""trtllm"" --backend-version ""1.3.0rc23"" --forward-model op_level --max-workers 8",silicon,116,29,"PASS=92, PERF_DATA_MISSING=24","decode_end=1250.869570, decode_start=4.903683, mixed=10.693584, prefill=10.388371",26dae1f99b2b50fb17118f38d8a8e95dfac3357c
nvidia/NVIDIA-Nemotron-3-Nano-30B-A3B-BF16,NemotronHForCausalLM,b200_sxm,vllm,0.1.dev19262,FAIL,Strict-native op-level FPE probes: PERF_DATA_MISSING=116; raw probes=116; topologies=29; source_sha=26dae1f99b2b50fb17118f38d8a8e95dfac3357c. Representative failure: perf database error: perf database error: no GEMM rows loaded from 1 source(s) (first: <repo>/python/aisimulate/src/aiconfigurator_core/systems/data/b200_sxm/vllm/0.1.dev19262/gemm_perf.parquet),"python python/aisimulate/tools/support_matrix/generate_fpe_support_matrix.py --model ""nvidia/NVIDIA-Nemotron-3-Nano-30B-A3B-BF16"" --system ""b200_sxm"" --backend ""vllm"" --backend-version ""0.1.dev19262"" --forward-model op_level --max-workers 8",,116,29,PERF_DATA_MISSING=116,,26dae1f99b2b50fb17118f38d8a8e95dfac3357c
nvidia/NVIDIA-Nemotron-3-Nano-30B-A3B-BF16,NemotronHForCausalLM,b200_sxm,vllm,0.19.0,PASS,,"python python/aisimulate/tools/support_matrix/generate_fpe_support_matrix.py --model ""nvidia/NVIDIA-Nemotron-3-Nano-30B-A3B-BF16"" --system ""b200_sxm"" --backend ""vllm"" --backend-version ""0.19.0"" --forward-model op_level --max-workers 8",silicon,116,29,PASS=116,"decode_end=1675.914769, decode_start=6.567218, mixed=14.030484, prefill=13.843471",26dae1f99b2b50fb17118f38d8a8e95dfac3357c
nvidia/NVIDIA-Nemotron-3-Nano-30B-A3B-BF16,NemotronHForCausalLM,b200_sxm,vllm,0.22.0,PASS,,"python python/aisimulate/tools/support_matrix/generate_fpe_support_matrix.py --model ""nvidia/NVIDIA-Nemotron-3-Nano-30B-A3B-BF16"" --system ""b200_sxm"" --backend ""vllm"" --backend-version ""0.22.0"" --forward-model op_level --max-workers 8",silicon,116,29,PASS=116,"decode_end=1526.192255, decode_start=5.983574, mixed=14.099652, prefill=13.684730",26dae1f99b2b50fb17118f38d8a8e95dfac3357c
nvidia/NVIDIA-Nemotron-3-Nano-30B-A3B-BF16,NemotronHForCausalLM,b200_sxm,vllm,0.24.0,PASS,,"python python/aisimulate/tools/support_matrix/generate_fpe_support_matrix.py --model ""nvidia/NVIDIA-Nemotron-3-Nano-30B-A3B-BF16"" --system ""b200_sxm"" --backend ""vllm"" --backend-version ""0.24.0"" --forward-model op_level --max-workers 8",silicon,116,29,PASS=116,"decode_end=1187.413751, decode_start=4.651987, mixed=9.964822, prefill=9.812385",26dae1f99b2b50fb17118f38d8a8e95dfac3357c
nvidia/NVIDIA-Nemotron-3-Nano-30B-A3B-NVFP4,NemotronHForCausalLM,b200_sxm,sglang,0.5.10,PASS,,"python python/aisimulate/tools/support_matrix/generate_fpe_support_matrix.py --model ""nvidia/NVIDIA-Nemotron-3-Nano-30B-A3B-NVFP4"" --system ""b200_sxm"" --backend ""sglang"" --backend-version ""0.5.10"" --forward-model op_level --max-workers 8",silicon,220,55,"PASS=116, PERF_DATA_MISSING=104","decode_end=922.035044, decode_start=3.615995, mixed=6.411828, prefill=6.305497",26dae1f99b2b50fb17118f38d8a8e95dfac3357c
nvidia/NVIDIA-Nemotron-3-Nano-30B-A3B-NVFP4,NemotronHForCausalLM,b200_sxm,sglang,0.5.12,PASS,,"python python/aisimulate/tools/support_matrix/generate_fpe_support_matrix.py --model ""nvidia/NVIDIA-Nemotron-3-Nano-30B-A3B-NVFP4"" --system ""b200_sxm"" --backend ""sglang"" --backend-version ""0.5.12"" --forward-model op_level --max-workers 8",silicon,220,55,"PASS=116, PERF_DATA_MISSING=104","decode_end=915.886015, decode_start=3.592512, mixed=6.373461, prefill=6.193531",26dae1f99b2b50fb17118f38d8a8e95dfac3357c
nvidia/NVIDIA-Nemotron-3-Nano-30B-A3B-NVFP4,NemotronHForCausalLM,b200_sxm,sglang,0.5.14,PASS,,"python python/aisimulate/tools/support_matrix/generate_fpe_support_matrix.py --model ""nvidia/NVIDIA-Nemotron-3-Nano-30B-A3B-NVFP4"" --system ""b200_sxm"" --backend ""sglang"" --backend-version ""0.5.14"" --forward-model op_level --max-workers 8",silicon,220,55,"PASS=116, PERF_DATA_MISSING=104","decode_end=915.886015, decode_start=3.592512, mixed=6.373461, prefill=6.193531",26dae1f99b2b50fb17118f38d8a8e95dfac3357c
nvidia/NVIDIA-Nemotron-3-Nano-30B-A3B-NVFP4,NemotronHForCausalLM,b200_sxm,sglang,0.5.16,PASS,,"python python/aisimulate/tools/support_matrix/generate_fpe_support_matrix.py --model ""nvidia/NVIDIA-Nemotron-3-Nano-30B-A3B-NVFP4"" --system ""b200_sxm"" --backend ""sglang"" --backend-version ""0.5.16"" --forward-model op_level --max-workers 8",silicon,220,55,"PASS=116, PERF_DATA_MISSING=104","decode_end=915.886015, decode_start=3.592512, mixed=6.373461, prefill=6.193531",26dae1f99b2b50fb17118f38d8a8e95dfac3357c
nvidia/NVIDIA-Nemotron-3-Nano-30B-A3B-NVFP4,NemotronHForCausalLM,b200_sxm,sglang,0.5.9,PASS,,"python python/aisimulate/tools/support_matrix/generate_fpe_support_matrix.py --model ""nvidia/NVIDIA-Nemotron-3-Nano-30B-A3B-NVFP4"" --system ""b200_sxm"" --backend ""sglang"" --backend-version ""0.5.9"" --forward-model op_level --max-workers 8",silicon,220,55,"PASS=116, PERF_DATA_MISSING=104","decode_end=914.577227, decode_start=3.586439, mixed=6.371333, prefill=6.254621",26dae1f99b2b50fb17118f38d8a8e95dfac3357c
nvidia/NVIDIA-Nemotron-3-Nano-30B-A3B-NVFP4,NemotronHForCausalLM,b200_sxm,trtllm,1.2.0rc5,PASS,,"python python/aisimulate/tools/support_matrix/generate_fpe_support_matrix.py --model ""nvidia/NVIDIA-Nemotron-3-Nano-30B-A3B-NVFP4"" --system ""b200_sxm"" --backend ""trtllm"" --backend-version ""1.2.0rc5"" --forward-model op_level --max-workers 8",silicon,116,29,"PASS=36, PERF_DATA_MISSING=80","decode_end=1000.831275, decode_start=3.924549, mixed=6.171219, prefill=6.051733",26dae1f99b2b50fb17118f38d8a8e95dfac3357c
nvidia/NVIDIA-Nemotron-3-Nano-30B-A3B-NVFP4,NemotronHForCausalLM,b200_sxm,trtllm,1.3.0rc10,PASS,,"python python/aisimulate/tools/support_matrix/generate_fpe_support_matrix.py --model ""nvidia/NVIDIA-Nemotron-3-Nano-30B-A3B-NVFP4"" --system ""b200_sxm"" --backend ""trtllm"" --backend-version ""1.3.0rc10"" --forward-model op_level --max-workers 8",silicon,116,29,"PASS=36, PERF_DATA_MISSING=80","decode_end=977.714081, decode_start=3.819365, mixed=6.282444, prefill=6.129322",26dae1f99b2b50fb17118f38d8a8e95dfac3357c
nvidia/NVIDIA-Nemotron-3-Nano-30B-A3B-NVFP4,NemotronHForCausalLM,b200_sxm,trtllm,1.3.0rc15,PASS,,"python python/aisimulate/tools/support_matrix/generate_fpe_support_matrix.py --model ""nvidia/NVIDIA-Nemotron-3-Nano-30B-A3B-NVFP4"" --system ""b200_sxm"" --backend ""trtllm"" --backend-version ""1.3.0rc15"" --forward-model op_level --max-workers 8",silicon,116,29,"PASS=36, PERF_DATA_MISSING=80","decode_end=963.557610, decode_start=3.776189, mixed=6.661782, prefill=6.556124",26dae1f99b2b50fb17118f38d8a8e95dfac3357c
nvidia/NVIDIA-Nemotron-3-Nano-30B-A3B-NVFP4,NemotronHForCausalLM,b200_sxm,trtllm,1.3.0rc20,PASS,,"python python/aisimulate/tools/support_matrix/generate_fpe_support_matrix.py --model ""nvidia/NVIDIA-Nemotron-3-Nano-30B-A3B-NVFP4"" --system ""b200_sxm"" --backend ""trtllm"" --backend-version ""1.3.0rc20"" --forward-model op_level --max-workers 8",silicon,116,29,"PASS=36, PERF_DATA_MISSING=80","decode_end=990.855674, decode_start=3.885415, mixed=6.746037, prefill=6.624076",26dae1f99b2b50fb17118f38d8a8e95dfac3357c
nvidia/NVIDIA-Nemotron-3-Nano-30B-A3B-NVFP4,NemotronHForCausalLM,b200_sxm,trtllm,1.3.0rc23,PASS,,"python python/aisimulate/tools/support_matrix/generate_fpe_support_matrix.py --model ""nvidia/NVIDIA-Nemotron-3-Nano-30B-A3B-NVFP4"" --system ""b200_sxm"" --backend ""trtllm"" --backend-version ""1.3.0rc23"" --forward-model op_level --max-workers 8",silicon,116,29,"PASS=36, PERF_DATA_MISSING=80","decode_end=990.855674, decode_start=3.885415, mixed=6.746037, prefill=6.624076",26dae1f99b2b50fb17118f38d8a8e95dfac3357c
nvidia/NVIDIA-Nemotron-3-Nano-30B-A3B-NVFP4,NemotronHForCausalLM,b200_sxm,vllm,0.1.dev19262,FAIL,Strict-native op-level FPE probes: PERF_DATA_MISSING=116; raw probes=116; topologies=29; source_sha=26dae1f99b2b50fb17118f38d8a8e95dfac3357c. Representative failure: perf database error: perf database error: no GEMM rows loaded from 1 source(s) (first: <repo>/python/aisimulate/src/aiconfigurator_core/systems/data/b200_sxm/vllm/0.1.dev19262/gemm_perf.parquet),"python python/aisimulate/tools/support_matrix/generate_fpe_support_matrix.py --model ""nvidia/NVIDIA-Nemotron-3-Nano-30B-A3B-NVFP4"" --system ""b200_sxm"" --backend ""vllm"" --backend-version ""0.1.dev19262"" --forward-model op_level --max-workers 8",,116,29,PERF_DATA_MISSING=116,,26dae1f99b2b50fb17118f38d8a8e95dfac3357c
nvidia/NVIDIA-Nemotron-3-Nano-30B-A3B-NVFP4,NemotronHForCausalLM,b200_sxm,vllm,0.19.0,FAIL,"Strict-native op-level FPE probes: PERF_DATA_MISSING=116; raw probes=116; topologies=29; source_sha=26dae1f99b2b50fb17118f38d8a8e95dfac3357c. Representative failure: perf database error: MoE data missing for MoeKey { quant: ""nvfp4"", distribution: ""power_law_1.01"", topk: 6, num_experts: 128, hidden_size: 2688, inter_size: 1856, moe_tp_size: 1, moe_ep_size: 1 } at <repo>/python/aisimulate/src/aiconfigurator_core/systems/data/b200_sxm/vllm/0.19.0","python python/aisimulate/tools/support_matrix/generate_fpe_support_matrix.py --model ""nvidia/NVIDIA-Nemotron-3-Nano-30B-A3B-NVFP4"" --system ""b200_sxm"" --backend ""vllm"" --backend-version ""0.19.0"" --forward-model op_level --max-workers 8",,116,29,PERF_DATA_MISSING=116,,26dae1f99b2b50fb17118f38d8a8e95dfac3357c
nvidia/NVIDIA-Nemotron-3-Nano-30B-A3B-NVFP4,NemotronHForCausalLM,b200_sxm,vllm,0.22.0,FAIL,"Strict-native op-level FPE probes: PERF_DATA_MISSING=116; raw probes=116; topologies=29; source_sha=26dae1f99b2b50fb17118f38d8a8e95dfac3357c. Representative failure: perf database error: MoE data missing for MoeKey { quant: ""nvfp4"", distribution: ""power_law_1.01"", topk: 6, num_experts: 128, hidden_size: 2688, inter_size: 1856, moe_tp_size: 1, moe_ep_size: 1 } at <repo>/python/aisimulate/src/aiconfigurator_core/systems/data/b200_sxm/vllm/0.22.0","python python/aisimulate/tools/support_matrix/generate_fpe_support_matrix.py --model ""nvidia/NVIDIA-Nemotron-3-Nano-30B-A3B-NVFP4"" --system ""b200_sxm"" --backend ""vllm"" --backend-version ""0.22.0"" --forward-model op_level --max-workers 8",,116,29,PERF_DATA_MISSING=116,,26dae1f99b2b50fb17118f38d8a8e95dfac3357c
nvidia/NVIDIA-Nemotron-3-Nano-30B-A3B-NVFP4,NemotronHForCausalLM,b200_sxm,vllm,0.24.0,FAIL,"Strict-native op-level FPE probes: PERF_DATA_MISSING=116; raw probes=116; topologies=29; source_sha=26dae1f99b2b50fb17118f38d8a8e95dfac3357c. Representative failure: perf database error: MoE data missing for MoeKey { quant: ""nvfp4"", distribution: ""power_law_1.01"", topk: 6, num_experts: 128, hidden_size: 2688, inter_size: 1856, moe_tp_size: 1, moe_ep_size: 1 } at <repo>/python/aisimulate/src/aiconfigurator_core/systems/data/b200_sxm/vllm/0.24.0","python python/aisimulate/tools/support_matrix/generate_fpe_support_matrix.py --model ""nvidia/NVIDIA-Nemotron-3-Nano-30B-A3B-NVFP4"" --system ""b200_sxm"" --backend ""vllm"" --backend-version ""0.24.0"" --forward-model op_level --max-workers 8",,116,29,PERF_DATA_MISSING=116,,26dae1f99b2b50fb17118f38d8a8e95dfac3357c
nvidia/NVIDIA-Nemotron-3-Super-120B-A12B-FP8,NemotronHForCausalLM,b200_sxm,sglang,0.5.10,FAIL,"Strict-native op-level FPE probes: PERF_DATA_MISSING=220; raw probes=220; topologies=55; source_sha=26dae1f99b2b50fb17118f38d8a8e95dfac3357c. Representative failure: perf database error: MoE data missing for MoeKey { quant: ""fp8"", distribution: ""uniform"", topk: 22, num_experts: 512, hidden_size: 1024, inter_size: 2688, moe_tp_size: 1, moe_ep_size: 1 } at <repo>/python/aisimulate/src/aiconfigurator_core/systems/data/b200_sxm/sglang/0.5.10","python python/aisimulate/tools/support_matrix/generate_fpe_support_matrix.py --model ""nvidia/NVIDIA-Nemotron-3-Super-120B-A12B-FP8"" --system ""b200_sxm"" --backend ""sglang"" --backend-version ""0.5.10"" --forward-model op_level --max-workers 8",,220,55,PERF_DATA_MISSING=220,,26dae1f99b2b50fb17118f38d8a8e95dfac3357c
nvidia/NVIDIA-Nemotron-3-Super-120B-A12B-FP8,NemotronHForCausalLM,b200_sxm,sglang,0.5.12,FAIL,"Strict-native op-level FPE probes: PERF_DATA_MISSING=220; raw probes=220; topologies=55; source_sha=26dae1f99b2b50fb17118f38d8a8e95dfac3357c. Representative failure: perf database error: MoE data missing for MoeKey { quant: ""fp8"", distribution: ""uniform"", topk: 22, num_experts: 512, hidden_size: 1024, inter_size: 2688, moe_tp_size: 1, moe_ep_size: 1 } at <repo>/python/aisimulate/src/aiconfigurator_core/systems/data/b200_sxm/sglang/0.5.12","python python/aisimulate/tools/support_matrix/generate_fpe_support_matrix.py --model ""nvidia/NVIDIA-Nemotron-3-Super-120B-A12B-FP8"" --system ""b200_sxm"" --backend ""sglang"" --backend-version ""0.5.12"" --forward-model op_level --max-workers 8",,220,55,PERF_DATA_MISSING=220,,26dae1f99b2b50fb17118f38d8a8e95dfac3357c
nvidia/NVIDIA-Nemotron-3-Super-120B-A12B-FP8,NemotronHForCausalLM,b200_sxm,sglang,0.5.14,FAIL,"Strict-native op-level FPE probes: PERF_DATA_MISSING=220; raw probes=220; topologies=55; source_sha=26dae1f99b2b50fb17118f38d8a8e95dfac3357c. Representative failure: perf database error: MoE data missing for MoeKey { quant: ""fp8"", distribution: ""uniform"", topk: 22, num_experts: 512, hidden_size: 1024, inter_size: 2688, moe_tp_size: 1, moe_ep_size: 1 } at <repo>/python/aisimulate/src/aiconfigurator_core/systems/data/b200_sxm/sglang/0.5.14","python python/aisimulate/tools/support_matrix/generate_fpe_support_matrix.py --model ""nvidia/NVIDIA-Nemotron-3-Super-120B-A12B-FP8"" --system ""b200_sxm"" --backend ""sglang"" --backend-version ""0.5.14"" --forward-model op_level --max-workers 8",,220,55,PERF_DATA_MISSING=220,,26dae1f99b2b50fb17118f38d8a8e95dfac3357c
nvidia/NVIDIA-Nemotron-3-Super-120B-A12B-FP8,NemotronHForCausalLM,b200_sxm,sglang,0.5.16,FAIL,"Strict-native op-level FPE probes: PERF_DATA_MISSING=220; raw probes=220; topologies=55; source_sha=26dae1f99b2b50fb17118f38d8a8e95dfac3357c. Representative failure: perf database error: MoE data missing for MoeKey { quant: ""fp8"", distribution: ""uniform"", topk: 22, num_experts: 512, hidden_size: 1024, inter_size: 2688, moe_tp_size: 1, moe_ep_size: 1 } at <repo>/python/aisimulate/src/aiconfigurator_core/systems/data/b200_sxm/sglang/0.5.16","python python/aisimulate/tools/support_matrix/generate_fpe_support_matrix.py --model ""nvidia/NVIDIA-Nemotron-3-Super-120B-A12B-FP8"" --system ""b200_sxm"" --backend ""sglang"" --backend-version ""0.5.16"" --forward-model op_level --max-workers 8",,220,55,PERF_DATA_MISSING=220,,26dae1f99b2b50fb17118f38d8a8e95dfac3357c
nvidia/NVIDIA-Nemotron-3-Super-120B-A12B-FP8,NemotronHForCausalLM,b200_sxm,sglang,0.5.9,FAIL,Strict-native op-level FPE probes: PERF_DATA_MISSING=220; raw probes=220; topologies=55; source_sha=26dae1f99b2b50fb17118f38d8a8e95dfac3357c. Representative failure: perf database error: perf database error: no rows loaded from 1 source(s) (first: <repo>/python/aisimulate/src/aiconfigurator_core/systems/data/b200_sxm/sglang/0.5.9/computescale_perf.parquet),"python python/aisimulate/tools/support_matrix/generate_fpe_support_matrix.py --model ""nvidia/NVIDIA-Nemotron-3-Super-120B-A12B-FP8"" --system ""b200_sxm"" --backend ""sglang"" --backend-version ""0.5.9"" --forward-model op_level --max-workers 8",,220,55,PERF_DATA_MISSING=220,,26dae1f99b2b50fb17118f38d8a8e95dfac3357c
nvidia/NVIDIA-Nemotron-3-Super-120B-A12B-FP8,NemotronHForCausalLM,b200_sxm,trtllm,1.2.0rc5,FAIL,"Strict-native op-level FPE probes: PERF_DATA_MISSING=116; raw probes=116; topologies=29; source_sha=26dae1f99b2b50fb17118f38d8a8e95dfac3357c. Representative failure: perf database error: MoE data missing for MoeKey { quant: ""fp8"", distribution: ""power_law_1.01"", topk: 22, num_experts: 512, hidden_size: 1024, inter_size: 2688, moe_tp_size: 1, moe_ep_size: 1 } at <repo>/python/aisimulate/src/aiconfigurator_core/systems/data/b200_sxm/trtllm/1.2.0rc5","python python/aisimulate/tools/support_matrix/generate_fpe_support_matrix.py --model ""nvidia/NVIDIA-Nemotron-3-Super-120B-A12B-FP8"" --system ""b200_sxm"" --backend ""trtllm"" --backend-version ""1.2.0rc5"" --forward-model op_level --max-workers 8",,116,29,PERF_DATA_MISSING=116,,26dae1f99b2b50fb17118f38d8a8e95dfac3357c
nvidia/NVIDIA-Nemotron-3-Super-120B-A12B-FP8,NemotronHForCausalLM,b200_sxm,trtllm,1.3.0rc10,FAIL,"Strict-native op-level FPE probes: PERF_DATA_MISSING=116; raw probes=116; topologies=29; source_sha=26dae1f99b2b50fb17118f38d8a8e95dfac3357c. Representative failure: perf database error: MoE data missing for MoeKey { quant: ""fp8"", distribution: ""power_law_1.01"", topk: 22, num_experts: 512, hidden_size: 1024, inter_size: 2688, moe_tp_size: 1, moe_ep_size: 1 } at <repo>/python/aisimulate/src/aiconfigurator_core/systems/data/b200_sxm/trtllm/1.3.0rc10","python python/aisimulate/tools/support_matrix/generate_fpe_support_matrix.py --model ""nvidia/NVIDIA-Nemotron-3-Super-120B-A12B-FP8"" --system ""b200_sxm"" --backend ""trtllm"" --backend-version ""1.3.0rc10"" --forward-model op_level --max-workers 8",,116,29,PERF_DATA_MISSING=116,,26dae1f99b2b50fb17118f38d8a8e95dfac3357c
nvidia/NVIDIA-Nemotron-3-Super-120B-A12B-FP8,NemotronHForCausalLM,b200_sxm,trtllm,1.3.0rc15,FAIL,"Strict-native op-level FPE probes: PERF_DATA_MISSING=116; raw probes=116; topologies=29; source_sha=26dae1f99b2b50fb17118f38d8a8e95dfac3357c. Representative failure: perf database error: MoE data missing for MoeKey { quant: ""fp8"", distribution: ""power_law_1.01"", topk: 22, num_experts: 512, hidden_size: 1024, inter_size: 2688, moe_tp_size: 1, moe_ep_size: 1 } at <repo>/python/aisimulate/src/aiconfigurator_core/systems/data/b200_sxm/trtllm/1.3.0rc15","python python/aisimulate/tools/support_matrix/generate_fpe_support_matrix.py --model ""nvidia/NVIDIA-Nemotron-3-Super-120B-A12B-FP8"" --system ""b200_sxm"" --backend ""trtllm"" --backend-version ""1.3.0rc15"" --forward-model op_level --max-workers 8",,116,29,PERF_DATA_MISSING=116,,26dae1f99b2b50fb17118f38d8a8e95dfac3357c
nvidia/NVIDIA-Nemotron-3-Super-120B-A12B-FP8,NemotronHForCausalLM,b200_sxm,trtllm,1.3.0rc20,FAIL,"Strict-native op-level FPE probes: PERF_DATA_MISSING=116; raw probes=116; topologies=29; source_sha=26dae1f99b2b50fb17118f38d8a8e95dfac3357c. Representative failure: perf database error: MoE data missing for MoeKey { quant: ""fp8"", distribution: ""power_law_1.01"", topk: 22, num_experts: 512, hidden_size: 1024, inter_size: 2688, moe_tp_size: 1, moe_ep_size: 1 } at <repo>/python/aisimulate/src/aiconfigurator_core/systems/data/b200_sxm/trtllm/1.3.0rc20","python python/aisimulate/tools/support_matrix/generate_fpe_support_matrix.py --model ""nvidia/NVIDIA-Nemotron-3-Super-120B-A12B-FP8"" --system ""b200_sxm"" --backend ""trtllm"" --backend-version ""1.3.0rc20"" --forward-model op_level --max-workers 8",,116,29,PERF_DATA_MISSING=116,,26dae1f99b2b50fb17118f38d8a8e95dfac3357c
nvidia/NVIDIA-Nemotron-3-Super-120B-A12B-FP8,NemotronHForCausalLM,b200_sxm,trtllm,1.3.0rc23,FAIL,"Strict-native op-level FPE probes: PERF_DATA_MISSING=116; raw probes=116; topologies=29; source_sha=26dae1f99b2b50fb17118f38d8a8e95dfac3357c. Representative failure: perf database error: MoE data missing for MoeKey { quant: ""fp8"", distribution: ""power_law_1.01"", topk: 22, num_experts: 512, hidden_size: 1024, inter_size: 2688, moe_tp_size: 1, moe_ep_size: 1 } at <repo>/python/aisimulate/src/aiconfigurator_core/systems/data/b200_sxm/trtllm/1.3.0rc23","python python/aisimulate/tools/support_matrix/generate_fpe_support_matrix.py --model ""nvidia/NVIDIA-Nemotron-3-Super-120B-A12B-FP8"" --system ""b200_sxm"" --backend ""trtllm"" --backend-version ""1.3.0rc23"" --forward-model op_level --max-workers 8",,116,29,PERF_DATA_MISSING=116,,26dae1f99b2b50fb17118f38d8a8e95dfac3357c
nvidia/NVIDIA-Nemotron-3-Super-120B-A12B-FP8,NemotronHForCausalLM,b200_sxm,vllm,0.1.dev19262,FAIL,Strict-native op-level FPE probes: PERF_DATA_MISSING=116; raw probes=116; topologies=29; source_sha=26dae1f99b2b50fb17118f38d8a8e95dfac3357c. Representative failure: perf database error: perf database error: no GEMM rows loaded from 1 source(s) (first: <repo>/python/aisimulate/src/aiconfigurator_core/systems/data/b200_sxm/vllm/0.1.dev19262/gemm_perf.parquet),"python python/aisimulate/tools/support_matrix/generate_fpe_support_matrix.py --model ""nvidia/NVIDIA-Nemotron-3-Super-120B-A12B-FP8"" --system ""b200_sxm"" --backend ""vllm"" --backend-version ""0.1.dev19262"" --forward-model op_level --max-workers 8",,116,29,PERF_DATA_MISSING=116,,26dae1f99b2b50fb17118f38d8a8e95dfac3357c
nvidia/NVIDIA-Nemotron-3-Super-120B-A12B-FP8,NemotronHForCausalLM,b200_sxm,vllm,0.19.0,FAIL,Strict-native op-level FPE probes: PERF_DATA_MISSING=116; raw probes=116; topologies=29; source_sha=26dae1f99b2b50fb17118f38d8a8e95dfac3357c. Representative failure: perf database error: perf database error: no rows loaded from 1 source(s) (first: <repo>/python/aisimulate/src/aiconfigurator_core/systems/data/b200_sxm/vllm/0.19.0/computescale_perf.parquet),"python python/aisimulate/tools/support_matrix/generate_fpe_support_matrix.py --model ""nvidia/NVIDIA-Nemotron-3-Super-120B-A12B-FP8"" --system ""b200_sxm"" --backend ""vllm"" --backend-version ""0.19.0"" --forward-model op_level --max-workers 8",,116,29,PERF_DATA_MISSING=116,,26dae1f99b2b50fb17118f38d8a8e95dfac3357c
nvidia/NVIDIA-Nemotron-3-Super-120B-A12B-FP8,NemotronHForCausalLM,b200_sxm,vllm,0.22.0,FAIL,"Strict-native op-level FPE probes: PERF_DATA_MISSING=116; raw probes=116; topologies=29; source_sha=26dae1f99b2b50fb17118f38d8a8e95dfac3357c. Representative failure: perf database error: MoE data missing for MoeKey { quant: ""fp8"", distribution: ""power_law_1.01"", topk: 22, num_experts: 512, hidden_size: 1024, inter_size: 2688, moe_tp_size: 1, moe_ep_size: 1 } at <repo>/python/aisimulate/src/aiconfigurator_core/systems/data/b200_sxm/vllm/0.22.0","python python/aisimulate/tools/support_matrix/generate_fpe_support_matrix.py --model ""nvidia/NVIDIA-Nemotron-3-Super-120B-A12B-FP8"" --system ""b200_sxm"" --backend ""vllm"" --backend-version ""0.22.0"" --forward-model op_level --max-workers 8",,116,29,PERF_DATA_MISSING=116,,26dae1f99b2b50fb17118f38d8a8e95dfac3357c
nvidia/NVIDIA-Nemotron-3-Super-120B-A12B-FP8,NemotronHForCausalLM,b200_sxm,vllm,0.24.0,FAIL,"Strict-native op-level FPE probes: PERF_DATA_MISSING=116; raw probes=116; topologies=29; source_sha=26dae1f99b2b50fb17118f38d8a8e95dfac3357c. Representative failure: perf database error: MoE data missing for MoeKey { quant: ""fp8"", distribution: ""power_law_1.01"", topk: 22, num_experts: 512, hidden_size: 1024, inter_size: 2688, moe_tp_size: 1, moe_ep_size: 1 } at <repo>/python/aisimulate/src/aiconfigurator_core/systems/data/b200_sxm/vllm/0.24.0","python python/aisimulate/tools/support_matrix/generate_fpe_support_matrix.py --model ""nvidia/NVIDIA-Nemotron-3-Super-120B-A12B-FP8"" --system ""b200_sxm"" --backend ""vllm"" --backend-version ""0.24.0"" --forward-model op_level --max-workers 8",,116,29,PERF_DATA_MISSING=116,,26dae1f99b2b50fb17118f38d8a8e95dfac3357c
nvidia/NVIDIA-Nemotron-3-Super-120B-A12B-NVFP4,NemotronHForCausalLM,b200_sxm,sglang,0.5.10,FAIL,"Strict-native op-level FPE probes: PASS=8, PERF_DATA_MISSING=212; raw probes=220; topologies=55; source_sha=26dae1f99b2b50fb17118f38d8a8e95dfac3357c. Representative failure: perf database error: MoE data missing for MoeKey { quant: ""nvfp4"", distribution: ""power_law_1.01"", topk: 22, num_experts: 512, hidden_size: 1024, inter_size: 2688, moe_tp_size: 1, moe_ep_size: 1 } at <repo>/python/aisimulate/src/aiconfigurator_core/systems/data/b200_sxm/sglang/0.5.10","python python/aisimulate/tools/support_matrix/generate_fpe_support_matrix.py --model ""nvidia/NVIDIA-Nemotron-3-Super-120B-A12B-NVFP4"" --system ""b200_sxm"" --backend ""sglang"" --backend-version ""0.5.10"" --forward-model op_level --max-workers 8",,220,55,"PASS=8, PERF_DATA_MISSING=212",,26dae1f99b2b50fb17118f38d8a8e95dfac3357c
nvidia/NVIDIA-Nemotron-3-Super-120B-A12B-NVFP4,NemotronHForCausalLM,b200_sxm,sglang,0.5.12,PASS,,"python python/aisimulate/tools/support_matrix/generate_fpe_support_matrix.py --model ""nvidia/NVIDIA-Nemotron-3-Super-120B-A12B-NVFP4"" --system ""b200_sxm"" --backend ""sglang"" --backend-version ""0.5.12"" --forward-model op_level --max-workers 8",silicon,220,55,PASS=220,"decode_end=1741.014365, decode_start=6.828577, mixed=13.440956, prefill=13.017608",26dae1f99b2b50fb17118f38d8a8e95dfac3357c
nvidia/NVIDIA-Nemotron-3-Super-120B-A12B-NVFP4,NemotronHForCausalLM,b200_sxm,sglang,0.5.14,PASS,,"python python/aisimulate/tools/support_matrix/generate_fpe_support_matrix.py --model ""nvidia/NVIDIA-Nemotron-3-Super-120B-A12B-NVFP4"" --system ""b200_sxm"" --backend ""sglang"" --backend-version ""0.5.14"" --forward-model op_level --max-workers 8",silicon,220,55,PASS=220,"decode_end=1741.014365, decode_start=6.828577, mixed=13.440956, prefill=13.017608",26dae1f99b2b50fb17118f38d8a8e95dfac3357c
nvidia/NVIDIA-Nemotron-3-Super-120B-A12B-NVFP4,NemotronHForCausalLM,b200_sxm,sglang,0.5.16,PASS,,"python python/aisimulate/tools/support_matrix/generate_fpe_support_matrix.py --model ""nvidia/NVIDIA-Nemotron-3-Super-120B-A12B-NVFP4"" --system ""b200_sxm"" --backend ""sglang"" --backend-version ""0.5.16"" --forward-model op_level --max-workers 8",silicon,220,55,PASS=220,"decode_end=1741.014365, decode_start=6.828577, mixed=13.440956, prefill=13.017608",26dae1f99b2b50fb17118f38d8a8e95dfac3357c
nvidia/NVIDIA-Nemotron-3-Super-120B-A12B-NVFP4,NemotronHForCausalLM,b200_sxm,sglang,0.5.9,FAIL,"Strict-native op-level FPE probes: PERF_DATA_MISSING=220; raw probes=220; topologies=55; source_sha=26dae1f99b2b50fb17118f38d8a8e95dfac3357c. Representative failure: perf database error: MoE data missing for MoeKey { quant: ""nvfp4"", distribution: ""power_law_1.01"", topk: 22, num_experts: 512, hidden_size: 1024, inter_size: 2688, moe_tp_size: 1, moe_ep_size: 1 } at <repo>/python/aisimulate/src/aiconfigurator_core/systems/data/b200_sxm/sglang/0.5.9","python python/aisimulate/tools/support_matrix/generate_fpe_support_matrix.py --model ""nvidia/NVIDIA-Nemotron-3-Super-120B-A12B-NVFP4"" --system ""b200_sxm"" --backend ""sglang"" --backend-version ""0.5.9"" --forward-model op_level --max-workers 8",,220,55,PERF_DATA_MISSING=220,,26dae1f99b2b50fb17118f38d8a8e95dfac3357c
nvidia/NVIDIA-Nemotron-3-Super-120B-A12B-NVFP4,NemotronHForCausalLM,b200_sxm,trtllm,1.2.0rc5,FAIL,"Strict-native op-level FPE probes: PERF_DATA_MISSING=116; raw probes=116; topologies=29; source_sha=26dae1f99b2b50fb17118f38d8a8e95dfac3357c. Representative failure: perf database error: MoE data missing for MoeKey { quant: ""nvfp4"", distribution: ""power_law_1.01"", topk: 22, num_experts: 512, hidden_size: 1024, inter_size: 2688, moe_tp_size: 1, moe_ep_size: 1 } at <repo>/python/aisimulate/src/aiconfigurator_core/systems/data/b200_sxm/trtllm/1.2.0rc5","python python/aisimulate/tools/support_matrix/generate_fpe_support_matrix.py --model ""nvidia/NVIDIA-Nemotron-3-Super-120B-A12B-NVFP4"" --system ""b200_sxm"" --backend ""trtllm"" --backend-version ""1.2.0rc5"" --forward-model op_level --max-workers 8",,116,29,PERF_DATA_MISSING=116,,26dae1f99b2b50fb17118f38d8a8e95dfac3357c
nvidia/NVIDIA-Nemotron-3-Super-120B-A12B-NVFP4,NemotronHForCausalLM,b200_sxm,trtllm,1.3.0rc10,FAIL,"Strict-native op-level FPE probes: PERF_DATA_MISSING=116; raw probes=116; topologies=29; source_sha=26dae1f99b2b50fb17118f38d8a8e95dfac3357c. Representative failure: perf database error: MoE data missing for MoeKey { quant: ""nvfp4"", distribution: ""power_law_1.01"", topk: 22, num_experts: 512, hidden_size: 1024, inter_size: 2688, moe_tp_size: 1, moe_ep_size: 1 } at <repo>/python/aisimulate/src/aiconfigurator_core/systems/data/b200_sxm/trtllm/1.3.0rc10","python python/aisimulate/tools/support_matrix/generate_fpe_support_matrix.py --model ""nvidia/NVIDIA-Nemotron-3-Super-120B-A12B-NVFP4"" --system ""b200_sxm"" --backend ""trtllm"" --backend-version ""1.3.0rc10"" --forward-model op_level --max-workers 8",,116,29,PERF_DATA_MISSING=116,,26dae1f99b2b50fb17118f38d8a8e95dfac3357c
nvidia/NVIDIA-Nemotron-3-Super-120B-A12B-NVFP4,NemotronHForCausalLM,b200_sxm,trtllm,1.3.0rc15,PASS,,"python python/aisimulate/tools/support_matrix/generate_fpe_support_matrix.py --model ""nvidia/NVIDIA-Nemotron-3-Super-120B-A12B-NVFP4"" --system ""b200_sxm"" --backend ""trtllm"" --backend-version ""1.3.0rc15"" --forward-model op_level --max-workers 8",silicon,116,29,"PASS=20, PERF_DATA_MISSING=96","decode_end=3066.802202, decode_start=12.023385, mixed=22.106666, prefill=21.640906",26dae1f99b2b50fb17118f38d8a8e95dfac3357c
nvidia/NVIDIA-Nemotron-3-Super-120B-A12B-NVFP4,NemotronHForCausalLM,b200_sxm,trtllm,1.3.0rc20,PASS,,"python python/aisimulate/tools/support_matrix/generate_fpe_support_matrix.py --model ""nvidia/NVIDIA-Nemotron-3-Super-120B-A12B-NVFP4"" --system ""b200_sxm"" --backend ""trtllm"" --backend-version ""1.3.0rc20"" --forward-model op_level --max-workers 8",silicon,116,29,"PASS=68, PERF_DATA_MISSING=48","decode_end=3163.098373, decode_start=12.403916, mixed=22.287296, prefill=21.854620",26dae1f99b2b50fb17118f38d8a8e95dfac3357c
nvidia/NVIDIA-Nemotron-3-Super-120B-A12B-NVFP4,NemotronHForCausalLM,b200_sxm,trtllm,1.3.0rc23,PASS,,"python python/aisimulate/tools/support_matrix/generate_fpe_support_matrix.py --model ""nvidia/NVIDIA-Nemotron-3-Super-120B-A12B-NVFP4"" --system ""b200_sxm"" --backend ""trtllm"" --backend-version ""1.3.0rc23"" --forward-model op_level --max-workers 8",silicon,116,29,"PASS=68, PERF_DATA_MISSING=48","decode_end=3163.098373, decode_start=12.403916, mixed=22.287296, prefill=21.854620",26dae1f99b2b50fb17118f38d8a8e95dfac3357c
nvidia/NVIDIA-Nemotron-3-Super-120B-A12B-NVFP4,NemotronHForCausalLM,b200_sxm,vllm,0.1.dev19262,FAIL,Strict-native op-level FPE probes: PERF_DATA_MISSING=116; raw probes=116; topologies=29; source_sha=26dae1f99b2b50fb17118f38d8a8e95dfac3357c. Representative failure: perf database error: perf database error: no GEMM rows loaded from 1 source(s) (first: <repo>/python/aisimulate/src/aiconfigurator_core/systems/data/b200_sxm/vllm/0.1.dev19262/gemm_perf.parquet),"python python/aisimulate/tools/support_matrix/generate_fpe_support_matrix.py --model ""nvidia/NVIDIA-Nemotron-3-Super-120B-A12B-NVFP4"" --system ""b200_sxm"" --backend ""vllm"" --backend-version ""0.1.dev19262"" --forward-model op_level --max-workers 8",,116,29,PERF_DATA_MISSING=116,,26dae1f99b2b50fb17118f38d8a8e95dfac3357c
nvidia/NVIDIA-Nemotron-3-Super-120B-A12B-NVFP4,NemotronHForCausalLM,b200_sxm,vllm,0.19.0,FAIL,"Strict-native op-level FPE probes: PERF_DATA_MISSING=116; raw probes=116; topologies=29; source_sha=26dae1f99b2b50fb17118f38d8a8e95dfac3357c. Representative failure: perf database error: MoE data missing for MoeKey { quant: ""nvfp4"", distribution: ""power_law_1.01"", topk: 22, num_experts: 512, hidden_size: 1024, inter_size: 2688, moe_tp_size: 1, moe_ep_size: 1 } at <repo>/python/aisimulate/src/aiconfigurator_core/systems/data/b200_sxm/vllm/0.19.0","python python/aisimulate/tools/support_matrix/generate_fpe_support_matrix.py --model ""nvidia/NVIDIA-Nemotron-3-Super-120B-A12B-NVFP4"" --system ""b200_sxm"" --backend ""vllm"" --backend-version ""0.19.0"" --forward-model op_level --max-workers 8",,116,29,PERF_DATA_MISSING=116,,26dae1f99b2b50fb17118f38d8a8e95dfac3357c
nvidia/NVIDIA-Nemotron-3-Super-120B-A12B-NVFP4,NemotronHForCausalLM,b200_sxm,vllm,0.22.0,FAIL,"Strict-native op-level FPE probes: PERF_DATA_MISSING=116; raw probes=116; topologies=29; source_sha=26dae1f99b2b50fb17118f38d8a8e95dfac3357c. Representative failure: perf database error: MoE data missing for MoeKey { quant: ""nvfp4"", distribution: ""power_law_1.01"", topk: 22, num_experts: 512, hidden_size: 1024, inter_size: 2688, moe_tp_size: 1, moe_ep_size: 1 } at <repo>/python/aisimulate/src/aiconfigurator_core/systems/data/b200_sxm/vllm/0.22.0","python python/aisimulate/tools/support_matrix/generate_fpe_support_matrix.py --model ""nvidia/NVIDIA-Nemotron-3-Super-120B-A12B-NVFP4"" --system ""b200_sxm"" --backend ""vllm"" --backend-version ""0.22.0"" --forward-model op_level --max-workers 8",,116,29,PERF_DATA_MISSING=116,,26dae1f99b2b50fb17118f38d8a8e95dfac3357c
nvidia/NVIDIA-Nemotron-3-Super-120B-A12B-NVFP4,NemotronHForCausalLM,b200_sxm,vllm,0.24.0,FAIL,"Strict-native op-level FPE probes: PERF_DATA_MISSING=116; raw probes=116; topologies=29; source_sha=26dae1f99b2b50fb17118f38d8a8e95dfac3357c. Representative failure: perf database error: MoE data missing for MoeKey { quant: ""nvfp4"", distribution: ""power_law_1.01"", topk: 22, num_experts: 512, hidden_size: 1024, inter_size: 2688, moe_tp_size: 1, moe_ep_size: 1 } at <repo>/python/aisimulate/src/aiconfigurator_core/systems/data/b200_sxm/vllm/0.24.0","python python/aisimulate/tools/support_matrix/generate_fpe_support_matrix.py --model ""nvidia/NVIDIA-Nemotron-3-Super-120B-A12B-NVFP4"" --system ""b200_sxm"" --backend ""vllm"" --backend-version ""0.24.0"" --forward-model op_level --max-workers 8",,116,29,PERF_DATA_MISSING=116,,26dae1f99b2b50fb17118f38d8a8e95dfac3357c
nvidia/NVIDIA-Nemotron-3-Ultra-550B-A55B-BF16,NemotronHForCausalLM,b200_sxm,sglang,0.5.10,FAIL,"Strict-native op-level FPE probes: PERF_DATA_MISSING=220; raw probes=220; topologies=55; source_sha=26dae1f99b2b50fb17118f38d8a8e95dfac3357c. Representative failure: perf database error: MoE data missing for MoeKey { quant: ""bfloat16"", distribution: ""power_law_1.01"", topk: 22, num_experts: 512, hidden_size: 2048, inter_size: 5120, moe_tp_size: 1, moe_ep_size: 1 } at <repo>/python/aisimulate/src/aiconfigurator_core/systems/data/b200_sxm/sglang/0.5.10","python python/aisimulate/tools/support_matrix/generate_fpe_support_matrix.py --model ""nvidia/NVIDIA-Nemotron-3-Ultra-550B-A55B-BF16"" --system ""b200_sxm"" --backend ""sglang"" --backend-version ""0.5.10"" --forward-model op_level --max-workers 8",,220,55,PERF_DATA_MISSING=220,,26dae1f99b2b50fb17118f38d8a8e95dfac3357c
nvidia/NVIDIA-Nemotron-3-Ultra-550B-A55B-BF16,NemotronHForCausalLM,b200_sxm,sglang,0.5.12,PASS,,"python python/aisimulate/tools/support_matrix/generate_fpe_support_matrix.py --model ""nvidia/NVIDIA-Nemotron-3-Ultra-550B-A55B-BF16"" --system ""b200_sxm"" --backend ""sglang"" --backend-version ""0.5.12"" --forward-model op_level --max-workers 8",silicon,220,55,PASS=220,"decode_end=14471.185900, decode_start=56.747047, mixed=144.723005, prefill=141.798268",26dae1f99b2b50fb17118f38d8a8e95dfac3357c
nvidia/NVIDIA-Nemotron-3-Ultra-550B-A55B-BF16,NemotronHForCausalLM,b200_sxm,sglang,0.5.14,PASS,,"python python/aisimulate/tools/support_matrix/generate_fpe_support_matrix.py --model ""nvidia/NVIDIA-Nemotron-3-Ultra-550B-A55B-BF16"" --system ""b200_sxm"" --backend ""sglang"" --backend-version ""0.5.14"" --forward-model op_level --max-workers 8",silicon,220,55,PASS=220,"decode_end=14471.185900, decode_start=56.747047, mixed=144.723005, prefill=141.798268",26dae1f99b2b50fb17118f38d8a8e95dfac3357c
nvidia/NVIDIA-Nemotron-3-Ultra-550B-A55B-BF16,NemotronHForCausalLM,b200_sxm,sglang,0.5.16,PASS,,"python python/aisimulate/tools/support_matrix/generate_fpe_support_matrix.py --model ""nvidia/NVIDIA-Nemotron-3-Ultra-550B-A55B-BF16"" --system ""b200_sxm"" --backend ""sglang"" --backend-version ""0.5.16"" --forward-model op_level --max-workers 8",silicon,220,55,PASS=220,"decode_end=14471.185900, decode_start=56.747047, mixed=144.723005, prefill=141.798268",26dae1f99b2b50fb17118f38d8a8e95dfac3357c
nvidia/NVIDIA-Nemotron-3-Ultra-550B-A55B-BF16,NemotronHForCausalLM,b200_sxm,sglang,0.5.9,FAIL,"Strict-native op-level FPE probes: PERF_DATA_MISSING=220; raw probes=220; topologies=55; source_sha=26dae1f99b2b50fb17118f38d8a8e95dfac3357c. Representative failure: perf database error: MoE data missing for MoeKey { quant: ""bfloat16"", distribution: ""power_law_1.01"", topk: 22, num_experts: 512, hidden_size: 2048, inter_size: 5120, moe_tp_size: 1, moe_ep_size: 1 } at <repo>/python/aisimulate/src/aiconfigurator_core/systems/data/b200_sxm/sglang/0.5.9","python python/aisimulate/tools/support_matrix/generate_fpe_support_matrix.py --model ""nvidia/NVIDIA-Nemotron-3-Ultra-550B-A55B-BF16"" --system ""b200_sxm"" --backend ""sglang"" --backend-version ""0.5.9"" --forward-model op_level --max-workers 8",,220,55,PERF_DATA_MISSING=220,,26dae1f99b2b50fb17118f38d8a8e95dfac3357c
nvidia/NVIDIA-Nemotron-3-Ultra-550B-A55B-BF16,NemotronHForCausalLM,b200_sxm,trtllm,1.2.0rc5,FAIL,"Strict-native op-level FPE probes: PERF_DATA_MISSING=116; raw probes=116; topologies=29; source_sha=26dae1f99b2b50fb17118f38d8a8e95dfac3357c. Representative failure: perf database error: MoE data missing for MoeKey { quant: ""bfloat16"", distribution: ""power_law_1.01"", topk: 22, num_experts: 512, hidden_size: 2048, inter_size: 5120, moe_tp_size: 1, moe_ep_size: 1 } at <repo>/python/aisimulate/src/aiconfigurator_core/systems/data/b200_sxm/trtllm/1.2.0rc5","python python/aisimulate/tools/support_matrix/generate_fpe_support_matrix.py --model ""nvidia/NVIDIA-Nemotron-3-Ultra-550B-A55B-BF16"" --system ""b200_sxm"" --backend ""trtllm"" --backend-version ""1.2.0rc5"" --forward-model op_level --max-workers 8",,116,29,PERF_DATA_MISSING=116,,26dae1f99b2b50fb17118f38d8a8e95dfac3357c
nvidia/NVIDIA-Nemotron-3-Ultra-550B-A55B-BF16,NemotronHForCausalLM,b200_sxm,trtllm,1.3.0rc10,FAIL,"Strict-native op-level FPE probes: PERF_DATA_MISSING=116; raw probes=116; topologies=29; source_sha=26dae1f99b2b50fb17118f38d8a8e95dfac3357c. Representative failure: perf database error: MoE data missing for MoeKey { quant: ""bfloat16"", distribution: ""power_law_1.01"", topk: 22, num_experts: 512, hidden_size: 2048, inter_size: 5120, moe_tp_size: 1, moe_ep_size: 1 } at <repo>/python/aisimulate/src/aiconfigurator_core/systems/data/b200_sxm/trtllm/1.3.0rc10","python python/aisimulate/tools/support_matrix/generate_fpe_support_matrix.py --model ""nvidia/NVIDIA-Nemotron-3-Ultra-550B-A55B-BF16"" --system ""b200_sxm"" --backend ""trtllm"" --backend-version ""1.3.0rc10"" --forward-model op_level --max-workers 8",,116,29,PERF_DATA_MISSING=116,,26dae1f99b2b50fb17118f38d8a8e95dfac3357c
nvidia/NVIDIA-Nemotron-3-Ultra-550B-A55B-BF16,NemotronHForCausalLM,b200_sxm,trtllm,1.3.0rc15,PASS,,"python python/aisimulate/tools/support_matrix/generate_fpe_support_matrix.py --model ""nvidia/NVIDIA-Nemotron-3-Ultra-550B-A55B-BF16"" --system ""b200_sxm"" --backend ""trtllm"" --backend-version ""1.3.0rc15"" --forward-model op_level --max-workers 8",silicon,116,29,"PASS=28, PERF_DATA_MISSING=88","decode_end=24578.001694, decode_start=96.384252, mixed=157.088627, prefill=154.725669",26dae1f99b2b50fb17118f38d8a8e95dfac3357c
nvidia/NVIDIA-Nemotron-3-Ultra-550B-A55B-BF16,NemotronHForCausalLM,b200_sxm,trtllm,1.3.0rc20,PASS,,"python python/aisimulate/tools/support_matrix/generate_fpe_support_matrix.py --model ""nvidia/NVIDIA-Nemotron-3-Ultra-550B-A55B-BF16"" --system ""b200_sxm"" --backend ""trtllm"" --backend-version ""1.3.0rc20"" --forward-model op_level --max-workers 8",silicon,116,29,PASS=116,"decode_end=15184.718772, decode_start=59.544893, mixed=149.266756, prefill=146.646998",26dae1f99b2b50fb17118f38d8a8e95dfac3357c
nvidia/NVIDIA-Nemotron-3-Ultra-550B-A55B-BF16,NemotronHForCausalLM,b200_sxm,trtllm,1.3.0rc23,PASS,,"python python/aisimulate/tools/support_matrix/generate_fpe_support_matrix.py --model ""nvidia/NVIDIA-Nemotron-3-Ultra-550B-A55B-BF16"" --system ""b200_sxm"" --backend ""trtllm"" --backend-version ""1.3.0rc23"" --forward-model op_level --max-workers 8",silicon,116,29,PASS=116,"decode_end=15184.718772, decode_start=59.544893, mixed=149.266756, prefill=146.646998",26dae1f99b2b50fb17118f38d8a8e95dfac3357c
nvidia/NVIDIA-Nemotron-3-Ultra-550B-A55B-BF16,NemotronHForCausalLM,b200_sxm,vllm,0.1.dev19262,FAIL,Strict-native op-level FPE probes: PERF_DATA_MISSING=116; raw probes=116; topologies=29; source_sha=26dae1f99b2b50fb17118f38d8a8e95dfac3357c. Representative failure: perf database error: perf database error: no GEMM rows loaded from 1 source(s) (first: <repo>/python/aisimulate/src/aiconfigurator_core/systems/data/b200_sxm/vllm/0.1.dev19262/gemm_perf.parquet),"python python/aisimulate/tools/support_matrix/generate_fpe_support_matrix.py --model ""nvidia/NVIDIA-Nemotron-3-Ultra-550B-A55B-BF16"" --system ""b200_sxm"" --backend ""vllm"" --backend-version ""0.1.dev19262"" --forward-model op_level --max-workers 8",,116,29,PERF_DATA_MISSING=116,,26dae1f99b2b50fb17118f38d8a8e95dfac3357c
nvidia/NVIDIA-Nemotron-3-Ultra-550B-A55B-BF16,NemotronHForCausalLM,b200_sxm,vllm,0.19.0,FAIL,"Strict-native op-level FPE probes: PERF_DATA_MISSING=116; raw probes=116; topologies=29; source_sha=26dae1f99b2b50fb17118f38d8a8e95dfac3357c. Representative failure: perf database error: MoE data missing for MoeKey { quant: ""bfloat16"", distribution: ""power_law_1.01"", topk: 22, num_experts: 512, hidden_size: 2048, inter_size: 5120, moe_tp_size: 1, moe_ep_size: 1 } at <repo>/python/aisimulate/src/aiconfigurator_core/systems/data/b200_sxm/vllm/0.19.0","python python/aisimulate/tools/support_matrix/generate_fpe_support_matrix.py --model ""nvidia/NVIDIA-Nemotron-3-Ultra-550B-A55B-BF16"" --system ""b200_sxm"" --backend ""vllm"" --backend-version ""0.19.0"" --forward-model op_level --max-workers 8",,116,29,PERF_DATA_MISSING=116,,26dae1f99b2b50fb17118f38d8a8e95dfac3357c
nvidia/NVIDIA-Nemotron-3-Ultra-550B-A55B-BF16,NemotronHForCausalLM,b200_sxm,vllm,0.22.0,PASS,,"python python/aisimulate/tools/support_matrix/generate_fpe_support_matrix.py --model ""nvidia/NVIDIA-Nemotron-3-Ultra-550B-A55B-BF16"" --system ""b200_sxm"" --backend ""vllm"" --backend-version ""0.22.0"" --forward-model op_level --max-workers 8",silicon,116,29,PASS=116,"decode_end=20452.931198, decode_start=80.209116, mixed=225.586672, prefill=221.866421",26dae1f99b2b50fb17118f38d8a8e95dfac3357c
nvidia/NVIDIA-Nemotron-3-Ultra-550B-A55B-BF16,NemotronHForCausalLM,b200_sxm,vllm,0.24.0,PASS,,"python python/aisimulate/tools/support_matrix/generate_fpe_support_matrix.py --model ""nvidia/NVIDIA-Nemotron-3-Ultra-550B-A55B-BF16"" --system ""b200_sxm"" --backend ""vllm"" --backend-version ""0.24.0"" --forward-model op_level --max-workers 8",silicon,116,29,PASS=116,"decode_end=14312.698674, decode_start=56.129773, mixed=143.866458, prefill=141.297044",26dae1f99b2b50fb17118f38d8a8e95dfac3357c
nvidia/NVIDIA-Nemotron-3-Ultra-550B-A55B-FP8,NemotronHForCausalLM,b200_sxm,sglang,0.5.10,FAIL,"Strict-native op-level FPE probes: PERF_DATA_MISSING=220; raw probes=220; topologies=55; source_sha=26dae1f99b2b50fb17118f38d8a8e95dfac3357c. Representative failure: perf database error: MoE data missing for MoeKey { quant: ""fp8"", distribution: ""uniform"", topk: 22, num_experts: 512, hidden_size: 2048, inter_size: 5120, moe_tp_size: 1, moe_ep_size: 1 } at <repo>/python/aisimulate/src/aiconfigurator_core/systems/data/b200_sxm/sglang/0.5.10","python python/aisimulate/tools/support_matrix/generate_fpe_support_matrix.py --model ""nvidia/NVIDIA-Nemotron-3-Ultra-550B-A55B-FP8"" --system ""b200_sxm"" --backend ""sglang"" --backend-version ""0.5.10"" --forward-model op_level --max-workers 8",,220,55,PERF_DATA_MISSING=220,,26dae1f99b2b50fb17118f38d8a8e95dfac3357c
nvidia/NVIDIA-Nemotron-3-Ultra-550B-A55B-FP8,NemotronHForCausalLM,b200_sxm,sglang,0.5.12,FAIL,"Strict-native op-level FPE probes: PERF_DATA_MISSING=220; raw probes=220; topologies=55; source_sha=26dae1f99b2b50fb17118f38d8a8e95dfac3357c. Representative failure: perf database error: MoE data missing for MoeKey { quant: ""fp8"", distribution: ""uniform"", topk: 22, num_experts: 512, hidden_size: 2048, inter_size: 5120, moe_tp_size: 1, moe_ep_size: 1 } at <repo>/python/aisimulate/src/aiconfigurator_core/systems/data/b200_sxm/sglang/0.5.12","python python/aisimulate/tools/support_matrix/generate_fpe_support_matrix.py --model ""nvidia/NVIDIA-Nemotron-3-Ultra-550B-A55B-FP8"" --system ""b200_sxm"" --backend ""sglang"" --backend-version ""0.5.12"" --forward-model op_level --max-workers 8",,220,55,PERF_DATA_MISSING=220,,26dae1f99b2b50fb17118f38d8a8e95dfac3357c
nvidia/NVIDIA-Nemotron-3-Ultra-550B-A55B-FP8,NemotronHForCausalLM,b200_sxm,sglang,0.5.14,FAIL,"Strict-native op-level FPE probes: PERF_DATA_MISSING=220; raw probes=220; topologies=55; source_sha=26dae1f99b2b50fb17118f38d8a8e95dfac3357c. Representative failure: perf database error: MoE data missing for MoeKey { quant: ""fp8"", distribution: ""uniform"", topk: 22, num_experts: 512, hidden_size: 2048, inter_size: 5120, moe_tp_size: 1, moe_ep_size: 1 } at <repo>/python/aisimulate/src/aiconfigurator_core/systems/data/b200_sxm/sglang/0.5.14","python python/aisimulate/tools/support_matrix/generate_fpe_support_matrix.py --model ""nvidia/NVIDIA-Nemotron-3-Ultra-550B-A55B-FP8"" --system ""b200_sxm"" --backend ""sglang"" --backend-version ""0.5.14"" --forward-model op_level --max-workers 8",,220,55,PERF_DATA_MISSING=220,,26dae1f99b2b50fb17118f38d8a8e95dfac3357c
nvidia/NVIDIA-Nemotron-3-Ultra-550B-A55B-FP8,NemotronHForCausalLM,b200_sxm,sglang,0.5.16,FAIL,"Strict-native op-level FPE probes: PERF_DATA_MISSING=220; raw probes=220; topologies=55; source_sha=26dae1f99b2b50fb17118f38d8a8e95dfac3357c. Representative failure: perf database error: MoE data missing for MoeKey { quant: ""fp8"", distribution: ""uniform"", topk: 22, num_experts: 512, hidden_size: 2048, inter_size: 5120, moe_tp_size: 1, moe_ep_size: 1 } at <repo>/python/aisimulate/src/aiconfigurator_core/systems/data/b200_sxm/sglang/0.5.16","python python/aisimulate/tools/support_matrix/generate_fpe_support_matrix.py --model ""nvidia/NVIDIA-Nemotron-3-Ultra-550B-A55B-FP8"" --system ""b200_sxm"" --backend ""sglang"" --backend-version ""0.5.16"" --forward-model op_level --max-workers 8",,220,55,PERF_DATA_MISSING=220,,26dae1f99b2b50fb17118f38d8a8e95dfac3357c
nvidia/NVIDIA-Nemotron-3-Ultra-550B-A55B-FP8,NemotronHForCausalLM,b200_sxm,sglang,0.5.9,FAIL,Strict-native op-level FPE probes: PERF_DATA_MISSING=220; raw probes=220; topologies=55; source_sha=26dae1f99b2b50fb17118f38d8a8e95dfac3357c. Representative failure: perf database error: perf database error: no rows loaded from 1 source(s) (first: <repo>/python/aisimulate/src/aiconfigurator_core/systems/data/b200_sxm/sglang/0.5.9/computescale_perf.parquet),"python python/aisimulate/tools/support_matrix/generate_fpe_support_matrix.py --model ""nvidia/NVIDIA-Nemotron-3-Ultra-550B-A55B-FP8"" --system ""b200_sxm"" --backend ""sglang"" --backend-version ""0.5.9"" --forward-model op_level --max-workers 8",,220,55,PERF_DATA_MISSING=220,,26dae1f99b2b50fb17118f38d8a8e95dfac3357c
nvidia/NVIDIA-Nemotron-3-Ultra-550B-A55B-FP8,NemotronHForCausalLM,b200_sxm,trtllm,1.2.0rc5,FAIL,"Strict-native op-level FPE probes: PERF_DATA_MISSING=116; raw probes=116; topologies=29; source_sha=26dae1f99b2b50fb17118f38d8a8e95dfac3357c. Representative failure: perf database error: MoE data missing for MoeKey { quant: ""fp8"", distribution: ""power_law_1.01"", topk: 22, num_experts: 512, hidden_size: 2048, inter_size: 5120, moe_tp_size: 1, moe_ep_size: 1 } at <repo>/python/aisimulate/src/aiconfigurator_core/systems/data/b200_sxm/trtllm/1.2.0rc5","python python/aisimulate/tools/support_matrix/generate_fpe_support_matrix.py --model ""nvidia/NVIDIA-Nemotron-3-Ultra-550B-A55B-FP8"" --system ""b200_sxm"" --backend ""trtllm"" --backend-version ""1.2.0rc5"" --forward-model op_level --max-workers 8",,116,29,PERF_DATA_MISSING=116,,26dae1f99b2b50fb17118f38d8a8e95dfac3357c
nvidia/NVIDIA-Nemotron-3-Ultra-550B-A55B-FP8,NemotronHForCausalLM,b200_sxm,trtllm,1.3.0rc10,FAIL,"Strict-native op-level FPE probes: PERF_DATA_MISSING=116; raw probes=116; topologies=29; source_sha=26dae1f99b2b50fb17118f38d8a8e95dfac3357c. Representative failure: perf database error: MoE data missing for MoeKey { quant: ""fp8"", distribution: ""power_law_1.01"", topk: 22, num_experts: 512, hidden_size: 2048, inter_size: 5120, moe_tp_size: 1, moe_ep_size: 1 } at <repo>/python/aisimulate/src/aiconfigurator_core/systems/data/b200_sxm/trtllm/1.3.0rc10","python python/aisimulate/tools/support_matrix/generate_fpe_support_matrix.py --model ""nvidia/NVIDIA-Nemotron-3-Ultra-550B-A55B-FP8"" --system ""b200_sxm"" --backend ""trtllm"" --backend-version ""1.3.0rc10"" --forward-model op_level --max-workers 8",,116,29,PERF_DATA_MISSING=116,,26dae1f99b2b50fb17118f38d8a8e95dfac3357c
nvidia/NVIDIA-Nemotron-3-Ultra-550B-A55B-FP8,NemotronHForCausalLM,b200_sxm,trtllm,1.3.0rc15,PASS,,"python python/aisimulate/tools/support_matrix/generate_fpe_support_matrix.py --model ""nvidia/NVIDIA-Nemotron-3-Ultra-550B-A55B-FP8"" --system ""b200_sxm"" --backend ""trtllm"" --backend-version ""1.3.0rc15"" --forward-model op_level --max-workers 8",silicon,116,29,"PASS=12, PERF_DATA_MISSING=104","decode_end=57122.719338, decode_start=224.000783, mixed=213.269880, prefill=212.321379",26dae1f99b2b50fb17118f38d8a8e95dfac3357c
nvidia/NVIDIA-Nemotron-3-Ultra-550B-A55B-FP8,NemotronHForCausalLM,b200_sxm,trtllm,1.3.0rc20,PASS,,"python python/aisimulate/tools/support_matrix/generate_fpe_support_matrix.py --model ""nvidia/NVIDIA-Nemotron-3-Ultra-550B-A55B-FP8"" --system ""b200_sxm"" --backend ""trtllm"" --backend-version ""1.3.0rc20"" --forward-model op_level --max-workers 8",silicon,116,29,PASS=116,"decode_end=8447.361597, decode_start=33.118826, mixed=80.683521, prefill=79.715946",26dae1f99b2b50fb17118f38d8a8e95dfac3357c
nvidia/NVIDIA-Nemotron-3-Ultra-550B-A55B-FP8,NemotronHForCausalLM,b200_sxm,trtllm,1.3.0rc23,PASS,,"python python/aisimulate/tools/support_matrix/generate_fpe_support_matrix.py --model ""nvidia/NVIDIA-Nemotron-3-Ultra-550B-A55B-FP8"" --system ""b200_sxm"" --backend ""trtllm"" --backend-version ""1.3.0rc23"" --forward-model op_level --max-workers 8",silicon,116,29,PASS=116,"decode_end=8447.361597, decode_start=33.118826, mixed=80.683521, prefill=79.715946",26dae1f99b2b50fb17118f38d8a8e95dfac3357c
nvidia/NVIDIA-Nemotron-3-Ultra-550B-A55B-FP8,NemotronHForCausalLM,b200_sxm,vllm,0.1.dev19262,FAIL,Strict-native op-level FPE probes: PERF_DATA_MISSING=116; raw probes=116; topologies=29; source_sha=26dae1f99b2b50fb17118f38d8a8e95dfac3357c. Representative failure: perf database error: perf database error: no GEMM rows loaded from 1 source(s) (first: <repo>/python/aisimulate/src/aiconfigurator_core/systems/data/b200_sxm/vllm/0.1.dev19262/gemm_perf.parquet),"python python/aisimulate/tools/support_matrix/generate_fpe_support_matrix.py --model ""nvidia/NVIDIA-Nemotron-3-Ultra-550B-A55B-FP8"" --system ""b200_sxm"" --backend ""vllm"" --backend-version ""0.1.dev19262"" --forward-model op_level --max-workers 8",,116,29,PERF_DATA_MISSING=116,,26dae1f99b2b50fb17118f38d8a8e95dfac3357c
nvidia/NVIDIA-Nemotron-3-Ultra-550B-A55B-FP8,NemotronHForCausalLM,b200_sxm,vllm,0.19.0,FAIL,Strict-native op-level FPE probes: PERF_DATA_MISSING=116; raw probes=116; topologies=29; source_sha=26dae1f99b2b50fb17118f38d8a8e95dfac3357c. Representative failure: perf database error: perf database error: no rows loaded from 1 source(s) (first: <repo>/python/aisimulate/src/aiconfigurator_core/systems/data/b200_sxm/vllm/0.19.0/computescale_perf.parquet),"python python/aisimulate/tools/support_matrix/generate_fpe_support_matrix.py --model ""nvidia/NVIDIA-Nemotron-3-Ultra-550B-A55B-FP8"" --system ""b200_sxm"" --backend ""vllm"" --backend-version ""0.19.0"" --forward-model op_level --max-workers 8",,116,29,PERF_DATA_MISSING=116,,26dae1f99b2b50fb17118f38d8a8e95dfac3357c
nvidia/NVIDIA-Nemotron-3-Ultra-550B-A55B-FP8,NemotronHForCausalLM,b200_sxm,vllm,0.22.0,PASS,,"python python/aisimulate/tools/support_matrix/generate_fpe_support_matrix.py --model ""nvidia/NVIDIA-Nemotron-3-Ultra-550B-A55B-FP8"" --system ""b200_sxm"" --backend ""vllm"" --backend-version ""0.22.0"" --forward-model op_level --max-workers 8",silicon,116,29,PASS=116,"decode_end=11427.680094, decode_start=44.812698, mixed=121.430781, prefill=119.897213",26dae1f99b2b50fb17118f38d8a8e95dfac3357c
nvidia/NVIDIA-Nemotron-3-Ultra-550B-A55B-FP8,NemotronHForCausalLM,b200_sxm,vllm,0.24.0,PASS,,"python python/aisimulate/tools/support_matrix/generate_fpe_support_matrix.py --model ""nvidia/NVIDIA-Nemotron-3-Ultra-550B-A55B-FP8"" --system ""b200_sxm"" --backend ""vllm"" --backend-version ""0.24.0"" --forward-model op_level --max-workers 8",silicon,116,29,PASS=116,"decode_end=7836.783343, decode_start=30.730750, mixed=77.231563, prefill=76.202071",26dae1f99b2b50fb17118f38d8a8e95dfac3357c
nvidia/NVIDIA-Nemotron-3-Ultra-550B-A55B-NVFP4,NemotronHForCausalLM,b200_sxm,sglang,0.5.10,FAIL,"Strict-native op-level FPE probes: PASS=8, PERF_DATA_MISSING=212; raw probes=220; topologies=55; source_sha=26dae1f99b2b50fb17118f38d8a8e95dfac3357c. Representative failure: perf database error: MoE data missing for MoeKey { quant: ""nvfp4"", distribution: ""power_law_1.01"", topk: 22, num_experts: 512, hidden_size: 2048, inter_size: 5120, moe_tp_size: 1, moe_ep_size: 1 } at <repo>/python/aisimulate/src/aiconfigurator_core/systems/data/b200_sxm/sglang/0.5.10","python python/aisimulate/tools/support_matrix/generate_fpe_support_matrix.py --model ""nvidia/NVIDIA-Nemotron-3-Ultra-550B-A55B-NVFP4"" --system ""b200_sxm"" --backend ""sglang"" --backend-version ""0.5.10"" --forward-model op_level --max-workers 8",,220,55,"PASS=8, PERF_DATA_MISSING=212",,26dae1f99b2b50fb17118f38d8a8e95dfac3357c
nvidia/NVIDIA-Nemotron-3-Ultra-550B-A55B-NVFP4,NemotronHForCausalLM,b200_sxm,sglang,0.5.12,PASS,,"python python/aisimulate/tools/support_matrix/generate_fpe_support_matrix.py --model ""nvidia/NVIDIA-Nemotron-3-Ultra-550B-A55B-NVFP4"" --system ""b200_sxm"" --backend ""sglang"" --backend-version ""0.5.12"" --forward-model op_level --max-workers 8",silicon,220,55,PASS=220,"decode_end=5120.872271, decode_start=20.084029, mixed=47.432998, prefill=45.374652",26dae1f99b2b50fb17118f38d8a8e95dfac3357c
nvidia/NVIDIA-Nemotron-3-Ultra-550B-A55B-NVFP4,NemotronHForCausalLM,b200_sxm,sglang,0.5.14,PASS,,"python python/aisimulate/tools/support_matrix/generate_fpe_support_matrix.py --model ""nvidia/NVIDIA-Nemotron-3-Ultra-550B-A55B-NVFP4"" --system ""b200_sxm"" --backend ""sglang"" --backend-version ""0.5.14"" --forward-model op_level --max-workers 8",silicon,220,55,PASS=220,"decode_end=5120.872271, decode_start=20.084029, mixed=47.432998, prefill=45.374652",26dae1f99b2b50fb17118f38d8a8e95dfac3357c
nvidia/NVIDIA-Nemotron-3-Ultra-550B-A55B-NVFP4,NemotronHForCausalLM,b200_sxm,sglang,0.5.16,PASS,,"python python/aisimulate/tools/support_matrix/generate_fpe_support_matrix.py --model ""nvidia/NVIDIA-Nemotron-3-Ultra-550B-A55B-NVFP4"" --system ""b200_sxm"" --backend ""sglang"" --backend-version ""0.5.16"" --forward-model op_level --max-workers 8",silicon,220,55,PASS=220,"decode_end=5120.872271, decode_start=20.084029, mixed=47.432998, prefill=45.374652",26dae1f99b2b50fb17118f38d8a8e95dfac3357c
nvidia/NVIDIA-Nemotron-3-Ultra-550B-A55B-NVFP4,NemotronHForCausalLM,b200_sxm,sglang,0.5.9,FAIL,"Strict-native op-level FPE probes: PERF_DATA_MISSING=220; raw probes=220; topologies=55; source_sha=26dae1f99b2b50fb17118f38d8a8e95dfac3357c. Representative failure: perf database error: MoE data missing for MoeKey { quant: ""nvfp4"", distribution: ""power_law_1.01"", topk: 22, num_experts: 512, hidden_size: 2048, inter_size: 5120, moe_tp_size: 1, moe_ep_size: 1 } at <repo>/python/aisimulate/src/aiconfigurator_core/systems/data/b200_sxm/sglang/0.5.9","python python/aisimulate/tools/support_matrix/generate_fpe_support_matrix.py --model ""nvidia/NVIDIA-Nemotron-3-Ultra-550B-A55B-NVFP4"" --system ""b200_sxm"" --backend ""sglang"" --backend-version ""0.5.9"" --forward-model op_level --max-workers 8",,220,55,PERF_DATA_MISSING=220,,26dae1f99b2b50fb17118f38d8a8e95dfac3357c
nvidia/NVIDIA-Nemotron-3-Ultra-550B-A55B-NVFP4,NemotronHForCausalLM,b200_sxm,trtllm,1.2.0rc5,FAIL,"Strict-native op-level FPE probes: PERF_DATA_MISSING=116; raw probes=116; topologies=29; source_sha=26dae1f99b2b50fb17118f38d8a8e95dfac3357c. Representative failure: perf database error: MoE data missing for MoeKey { quant: ""nvfp4"", distribution: ""power_law_1.01"", topk: 22, num_experts: 512, hidden_size: 2048, inter_size: 5120, moe_tp_size: 1, moe_ep_size: 1 } at <repo>/python/aisimulate/src/aiconfigurator_core/systems/data/b200_sxm/trtllm/1.2.0rc5","python python/aisimulate/tools/support_matrix/generate_fpe_support_matrix.py --model ""nvidia/NVIDIA-Nemotron-3-Ultra-550B-A55B-NVFP4"" --system ""b200_sxm"" --backend ""trtllm"" --backend-version ""1.2.0rc5"" --forward-model op_level --max-workers 8",,116,29,PERF_DATA_MISSING=116,,26dae1f99b2b50fb17118f38d8a8e95dfac3357c
nvidia/NVIDIA-Nemotron-3-Ultra-550B-A55B-NVFP4,NemotronHForCausalLM,b200_sxm,trtllm,1.3.0rc10,FAIL,"Strict-native op-level FPE probes: PERF_DATA_MISSING=116; raw probes=116; topologies=29; source_sha=26dae1f99b2b50fb17118f38d8a8e95dfac3357c. Representative failure: perf database error: MoE data missing for MoeKey { quant: ""nvfp4"", distribution: ""power_law_1.01"", topk: 22, num_experts: 512, hidden_size: 2048, inter_size: 5120, moe_tp_size: 1, moe_ep_size: 1 } at <repo>/python/aisimulate/src/aiconfigurator_core/systems/data/b200_sxm/trtllm/1.3.0rc10","python python/aisimulate/tools/support_matrix/generate_fpe_support_matrix.py --model ""nvidia/NVIDIA-Nemotron-3-Ultra-550B-A55B-NVFP4"" --system ""b200_sxm"" --backend ""trtllm"" --backend-version ""1.3.0rc10"" --forward-model op_level --max-workers 8",,116,29,PERF_DATA_MISSING=116,,26dae1f99b2b50fb17118f38d8a8e95dfac3357c
nvidia/NVIDIA-Nemotron-3-Ultra-550B-A55B-NVFP4,NemotronHForCausalLM,b200_sxm,trtllm,1.3.0rc15,PASS,,"python python/aisimulate/tools/support_matrix/generate_fpe_support_matrix.py --model ""nvidia/NVIDIA-Nemotron-3-Ultra-550B-A55B-NVFP4"" --system ""b200_sxm"" --backend ""trtllm"" --backend-version ""1.3.0rc15"" --forward-model op_level --max-workers 8",silicon,116,29,"PASS=24, PERF_DATA_MISSING=92","decode_end=5877.622727, decode_start=23.039620, mixed=34.270321, prefill=32.858294",26dae1f99b2b50fb17118f38d8a8e95dfac3357c
nvidia/NVIDIA-Nemotron-3-Ultra-550B-A55B-NVFP4,NemotronHForCausalLM,b200_sxm,trtllm,1.3.0rc20,PASS,,"python python/aisimulate/tools/support_matrix/generate_fpe_support_matrix.py --model ""nvidia/NVIDIA-Nemotron-3-Ultra-550B-A55B-NVFP4"" --system ""b200_sxm"" --backend ""trtllm"" --backend-version ""1.3.0rc20"" --forward-model op_level --max-workers 8",silicon,116,29,PASS=116,"decode_end=7292.551219, decode_start=28.590158, mixed=61.978593, prefill=61.156323",26dae1f99b2b50fb17118f38d8a8e95dfac3357c
nvidia/NVIDIA-Nemotron-3-Ultra-550B-A55B-NVFP4,NemotronHForCausalLM,b200_sxm,trtllm,1.3.0rc23,PASS,,"python python/aisimulate/tools/support_matrix/generate_fpe_support_matrix.py --model ""nvidia/NVIDIA-Nemotron-3-Ultra-550B-A55B-NVFP4"" --system ""b200_sxm"" --backend ""trtllm"" --backend-version ""1.3.0rc23"" --forward-model op_level --max-workers 8",silicon,116,29,PASS=116,"decode_end=7292.551219, decode_start=28.590158, mixed=61.978593, prefill=61.156323",26dae1f99b2b50fb17118f38d8a8e95dfac3357c
nvidia/NVIDIA-Nemotron-3-Ultra-550B-A55B-NVFP4,NemotronHForCausalLM,b200_sxm,vllm,0.1.dev19262,FAIL,Strict-native op-level FPE probes: PERF_DATA_MISSING=116; raw probes=116; topologies=29; source_sha=26dae1f99b2b50fb17118f38d8a8e95dfac3357c. Representative failure: perf database error: perf database error: no GEMM rows loaded from 1 source(s) (first: <repo>/python/aisimulate/src/aiconfigurator_core/systems/data/b200_sxm/vllm/0.1.dev19262/gemm_perf.parquet),"python python/aisimulate/tools/support_matrix/generate_fpe_support_matrix.py --model ""nvidia/NVIDIA-Nemotron-3-Ultra-550B-A55B-NVFP4"" --system ""b200_sxm"" --backend ""vllm"" --backend-version ""0.1.dev19262"" --forward-model op_level --max-workers 8",,116,29,PERF_DATA_MISSING=116,,26dae1f99b2b50fb17118f38d8a8e95dfac3357c
nvidia/NVIDIA-Nemotron-3-Ultra-550B-A55B-NVFP4,NemotronHForCausalLM,b200_sxm,vllm,0.19.0,FAIL,"Strict-native op-level FPE probes: PERF_DATA_MISSING=116; raw probes=116; topologies=29; source_sha=26dae1f99b2b50fb17118f38d8a8e95dfac3357c. Representative failure: perf database error: MoE data missing for MoeKey { quant: ""nvfp4"", distribution: ""power_law_1.01"", topk: 22, num_experts: 512, hidden_size: 2048, inter_size: 5120, moe_tp_size: 1, moe_ep_size: 1 } at <repo>/python/aisimulate/src/aiconfigurator_core/systems/data/b200_sxm/vllm/0.19.0","python python/aisimulate/tools/support_matrix/generate_fpe_support_matrix.py --model ""nvidia/NVIDIA-Nemotron-3-Ultra-550B-A55B-NVFP4"" --system ""b200_sxm"" --backend ""vllm"" --backend-version ""0.19.0"" --forward-model op_level --max-workers 8",,116,29,PERF_DATA_MISSING=116,,26dae1f99b2b50fb17118f38d8a8e95dfac3357c
nvidia/NVIDIA-Nemotron-3-Ultra-550B-A55B-NVFP4,NemotronHForCausalLM,b200_sxm,vllm,0.22.0,FAIL,"Strict-native op-level FPE probes: PERF_DATA_MISSING=116; raw probes=116; topologies=29; source_sha=26dae1f99b2b50fb17118f38d8a8e95dfac3357c. Representative failure: perf database error: MoE data missing for MoeKey { quant: ""nvfp4"", distribution: ""power_law_1.01"", topk: 22, num_experts: 512, hidden_size: 2048, inter_size: 5120, moe_tp_size: 1, moe_ep_size: 1 } at <repo>/python/aisimulate/src/aiconfigurator_core/systems/data/b200_sxm/vllm/0.22.0","python python/aisimulate/tools/support_matrix/generate_fpe_support_matrix.py --model ""nvidia/NVIDIA-Nemotron-3-Ultra-550B-A55B-NVFP4"" --system ""b200_sxm"" --backend ""vllm"" --backend-version ""0.22.0"" --forward-model op_level --max-workers 8",,116,29,PERF_DATA_MISSING=116,,26dae1f99b2b50fb17118f38d8a8e95dfac3357c
nvidia/NVIDIA-Nemotron-3-Ultra-550B-A55B-NVFP4,NemotronHForCausalLM,b200_sxm,vllm,0.24.0,FAIL,"Strict-native op-level FPE probes: PERF_DATA_MISSING=116; raw probes=116; topologies=29; source_sha=26dae1f99b2b50fb17118f38d8a8e95dfac3357c. Representative failure: perf database error: MoE data missing for MoeKey { quant: ""nvfp4"", distribution: ""power_law_1.01"", topk: 22, num_experts: 512, hidden_size: 2048, inter_size: 5120, moe_tp_size: 1, moe_ep_size: 1 } at <repo>/python/aisimulate/src/aiconfigurator_core/systems/data/b200_sxm/vllm/0.24.0","python python/aisimulate/tools/support_matrix/generate_fpe_support_matrix.py --model ""nvidia/NVIDIA-Nemotron-3-Ultra-550B-A55B-NVFP4"" --system ""b200_sxm"" --backend ""vllm"" --backend-version ""0.24.0"" --forward-model op_level --max-workers 8",,116,29,PERF_DATA_MISSING=116,,26dae1f99b2b50fb17118f38d8a8e95dfac3357c
nvidia/Qwen3-235B-A22B-NVFP4,Qwen3MoeForCausalLM,b200_sxm,sglang,0.5.10,PASS,,"python python/aisimulate/tools/support_matrix/generate_fpe_support_matrix.py --model ""nvidia/Qwen3-235B-A22B-NVFP4"" --system ""b200_sxm"" --backend ""sglang"" --backend-version ""0.5.10"" --forward-model op_level --max-workers 8",silicon,540,135,"PASS=220, SDK_UNREPRESENTABLE=320","decode_end=3828.925667, decode_start=15.015777, mixed=35.496058, prefill=34.470959",26dae1f99b2b50fb17118f38d8a8e95dfac3357c
nvidia/Qwen3-235B-A22B-NVFP4,Qwen3MoeForCausalLM,b200_sxm,sglang,0.5.12,PASS,,"python python/aisimulate/tools/support_matrix/generate_fpe_support_matrix.py --model ""nvidia/Qwen3-235B-A22B-NVFP4"" --system ""b200_sxm"" --backend ""sglang"" --backend-version ""0.5.12"" --forward-model op_level --max-workers 8",silicon,540,135,"PASS=220, SDK_UNREPRESENTABLE=320","decode_end=3143.630344, decode_start=12.263358, mixed=32.602802, prefill=30.072713",26dae1f99b2b50fb17118f38d8a8e95dfac3357c
nvidia/Qwen3-235B-A22B-NVFP4,Qwen3MoeForCausalLM,b200_sxm,sglang,0.5.14,PASS,,"python python/aisimulate/tools/support_matrix/generate_fpe_support_matrix.py --model ""nvidia/Qwen3-235B-A22B-NVFP4"" --system ""b200_sxm"" --backend ""sglang"" --backend-version ""0.5.14"" --forward-model op_level --max-workers 8",silicon,540,135,"PASS=220, SDK_UNREPRESENTABLE=320","decode_end=3143.630344, decode_start=12.263358, mixed=32.602802, prefill=30.072713",26dae1f99b2b50fb17118f38d8a8e95dfac3357c
nvidia/Qwen3-235B-A22B-NVFP4,Qwen3MoeForCausalLM,b200_sxm,sglang,0.5.16,PASS,,"python python/aisimulate/tools/support_matrix/generate_fpe_support_matrix.py --model ""nvidia/Qwen3-235B-A22B-NVFP4"" --system ""b200_sxm"" --backend ""sglang"" --backend-version ""0.5.16"" --forward-model op_level --max-workers 8",silicon,540,135,"PASS=220, SDK_UNREPRESENTABLE=320","decode_end=3143.630344, decode_start=12.263358, mixed=32.602802, prefill=30.072713",26dae1f99b2b50fb17118f38d8a8e95dfac3357c
nvidia/Qwen3-235B-A22B-NVFP4,Qwen3MoeForCausalLM,b200_sxm,sglang,0.5.9,PASS,,"python python/aisimulate/tools/support_matrix/generate_fpe_support_matrix.py --model ""nvidia/Qwen3-235B-A22B-NVFP4"" --system ""b200_sxm"" --backend ""sglang"" --backend-version ""0.5.9"" --forward-model op_level --max-workers 8",silicon,540,135,"PASS=220, SDK_UNREPRESENTABLE=320","decode_end=3836.112568, decode_start=15.065579, mixed=34.650997, prefill=33.461433",26dae1f99b2b50fb17118f38d8a8e95dfac3357c
nvidia/Qwen3-235B-A22B-NVFP4,Qwen3MoeForCausalLM,b200_sxm,trtllm,1.2.0rc5,PASS,,"python python/aisimulate/tools/support_matrix/generate_fpe_support_matrix.py --model ""nvidia/Qwen3-235B-A22B-NVFP4"" --system ""b200_sxm"" --backend ""trtllm"" --backend-version ""1.2.0rc5"" --forward-model op_level --max-workers 8",silicon,116,29,"PASS=108, PERF_DATA_MISSING=8","decode_end=3367.296630, decode_start=13.198117, mixed=37.595390, prefill=29.913864",26dae1f99b2b50fb17118f38d8a8e95dfac3357c
nvidia/Qwen3-235B-A22B-NVFP4,Qwen3MoeForCausalLM,b200_sxm,trtllm,1.3.0rc10,PASS,,"python python/aisimulate/tools/support_matrix/generate_fpe_support_matrix.py --model ""nvidia/Qwen3-235B-A22B-NVFP4"" --system ""b200_sxm"" --backend ""trtllm"" --backend-version ""1.3.0rc10"" --forward-model op_level --max-workers 8",silicon,116,29,"PASS=108, PERF_DATA_MISSING=8","decode_end=3747.856728, decode_start=14.279037, mixed=38.212154, prefill=29.724674",26dae1f99b2b50fb17118f38d8a8e95dfac3357c
nvidia/Qwen3-235B-A22B-NVFP4,Qwen3MoeForCausalLM,b200_sxm,trtllm,1.3.0rc15,PASS,,"python python/aisimulate/tools/support_matrix/generate_fpe_support_matrix.py --model ""nvidia/Qwen3-235B-A22B-NVFP4"" --system ""b200_sxm"" --backend ""trtllm"" --backend-version ""1.3.0rc15"" --forward-model op_level --max-workers 8",silicon,116,29,"PASS=108, PERF_DATA_MISSING=8","decode_end=3298.225532, decode_start=12.874641, mixed=36.384615, prefill=29.668533",26dae1f99b2b50fb17118f38d8a8e95dfac3357c
nvidia/Qwen3-235B-A22B-NVFP4,Qwen3MoeForCausalLM,b200_sxm,trtllm,1.3.0rc20,PASS,,"python python/aisimulate/tools/support_matrix/generate_fpe_support_matrix.py --model ""nvidia/Qwen3-235B-A22B-NVFP4"" --system ""b200_sxm"" --backend ""trtllm"" --backend-version ""1.3.0rc20"" --forward-model op_level --max-workers 8",silicon,116,29,"PASS=108, PERF_DATA_MISSING=8","decode_end=3326.107615, decode_start=12.913746, mixed=55.691144, prefill=29.440512",26dae1f99b2b50fb17118f38d8a8e95dfac3357c
nvidia/Qwen3-235B-A22B-NVFP4,Qwen3MoeForCausalLM,b200_sxm,trtllm,1.3.0rc23,PASS,,"python python/aisimulate/tools/support_matrix/generate_fpe_support_matrix.py --model ""nvidia/Qwen3-235B-A22B-NVFP4"" --system ""b200_sxm"" --backend ""trtllm"" --backend-version ""1.3.0rc23"" --forward-model op_level --max-workers 8",silicon,116,29,"PASS=108, PERF_DATA_MISSING=8","decode_end=3326.107615, decode_start=12.913746, mixed=55.691144, prefill=29.440512",26dae1f99b2b50fb17118f38d8a8e95dfac3357c
nvidia/Qwen3-235B-A22B-NVFP4,Qwen3MoeForCausalLM,b200_sxm,vllm,0.1.dev19262,FAIL,Strict-native op-level FPE probes: PERF_DATA_MISSING=116; raw probes=116; topologies=29; source_sha=26dae1f99b2b50fb17118f38d8a8e95dfac3357c. Representative failure: perf database error: perf database error: no GEMM rows loaded from 1 source(s) (first: <repo>/python/aisimulate/src/aiconfigurator_core/systems/data/b200_sxm/vllm/0.1.dev19262/gemm_perf.parquet),"python python/aisimulate/tools/support_matrix/generate_fpe_support_matrix.py --model ""nvidia/Qwen3-235B-A22B-NVFP4"" --system ""b200_sxm"" --backend ""vllm"" --backend-version ""0.1.dev19262"" --forward-model op_level --max-workers 8",,116,29,PERF_DATA_MISSING=116,,26dae1f99b2b50fb17118f38d8a8e95dfac3357c
nvidia/Qwen3-235B-A22B-NVFP4,Qwen3MoeForCausalLM,b200_sxm,vllm,0.19.0,PASS,,"python python/aisimulate/tools/support_matrix/generate_fpe_support_matrix.py --model ""nvidia/Qwen3-235B-A22B-NVFP4"" --system ""b200_sxm"" --backend ""vllm"" --backend-version ""0.19.0"" --forward-model op_level --max-workers 8",silicon,116,29,"PASS=96, PERF_DATA_MISSING=20","decode_end=3244.071964, decode_start=12.647231, mixed=31.675674, prefill=30.451924",26dae1f99b2b50fb17118f38d8a8e95dfac3357c
nvidia/Qwen3-235B-A22B-NVFP4,Qwen3MoeForCausalLM,b200_sxm,vllm,0.22.0,PASS,,"python python/aisimulate/tools/support_matrix/generate_fpe_support_matrix.py --model ""nvidia/Qwen3-235B-A22B-NVFP4"" --system ""b200_sxm"" --backend ""vllm"" --backend-version ""0.22.0"" --forward-model op_level --max-workers 8",silicon,116,29,"PASS=96, PERF_DATA_MISSING=20","decode_end=3026.803067, decode_start=11.791506, mixed=30.345795, prefill=29.176781",26dae1f99b2b50fb17118f38d8a8e95dfac3357c
nvidia/Qwen3-235B-A22B-NVFP4,Qwen3MoeForCausalLM,b200_sxm,vllm,0.24.0,PASS,,"python python/aisimulate/tools/support_matrix/generate_fpe_support_matrix.py --model ""nvidia/Qwen3-235B-A22B-NVFP4"" --system ""b200_sxm"" --backend ""vllm"" --backend-version ""0.24.0"" --forward-model op_level --max-workers 8",silicon,116,29,"PASS=96, PERF_DATA_MISSING=20","decode_end=3007.647579, decode_start=11.794567, mixed=31.120403, prefill=29.375362",26dae1f99b2b50fb17118f38d8a8e95dfac3357c
nvidia/Qwen3.5-122B-A10B-NVFP4,Qwen3_5MoeForConditionalGeneration,b200_sxm,sglang,0.5.10,FAIL,"Strict-native op-level FPE probes: PERF_DATA_MISSING=220; raw probes=220; topologies=55; source_sha=26dae1f99b2b50fb17118f38d8a8e95dfac3357c. Representative failure: perf database error: MoE data missing for MoeKey { quant: ""nvfp4"", distribution: ""power_law_1.2"", topk: 8, num_experts: 256, hidden_size: 3072, inter_size: 1024, moe_tp_size: 1, moe_ep_size: 1 } at <repo>/python/aisimulate/src/aiconfigurator_core/systems/data/b200_sxm/sglang/0.5.10","python python/aisimulate/tools/support_matrix/generate_fpe_support_matrix.py --model ""nvidia/Qwen3.5-122B-A10B-NVFP4"" --system ""b200_sxm"" --backend ""sglang"" --backend-version ""0.5.10"" --forward-model op_level --max-workers 8",,220,55,PERF_DATA_MISSING=220,,26dae1f99b2b50fb17118f38d8a8e95dfac3357c
nvidia/Qwen3.5-122B-A10B-NVFP4,Qwen3_5MoeForConditionalGeneration,b200_sxm,sglang,0.5.12,FAIL,"Strict-native op-level FPE probes: PERF_DATA_MISSING=220; raw probes=220; topologies=55; source_sha=26dae1f99b2b50fb17118f38d8a8e95dfac3357c. Representative failure: perf database error: MoE data missing for MoeKey { quant: ""nvfp4"", distribution: ""power_law_1.2"", topk: 8, num_experts: 256, hidden_size: 3072, inter_size: 1024, moe_tp_size: 1, moe_ep_size: 1 } at <repo>/python/aisimulate/src/aiconfigurator_core/systems/data/b200_sxm/sglang/0.5.12","python python/aisimulate/tools/support_matrix/generate_fpe_support_matrix.py --model ""nvidia/Qwen3.5-122B-A10B-NVFP4"" --system ""b200_sxm"" --backend ""sglang"" --backend-version ""0.5.12"" --forward-model op_level --max-workers 8",,220,55,PERF_DATA_MISSING=220,,26dae1f99b2b50fb17118f38d8a8e95dfac3357c
nvidia/Qwen3.5-122B-A10B-NVFP4,Qwen3_5MoeForConditionalGeneration,b200_sxm,sglang,0.5.14,FAIL,"Strict-native op-level FPE probes: PERF_DATA_MISSING=220; raw probes=220; topologies=55; source_sha=26dae1f99b2b50fb17118f38d8a8e95dfac3357c. Representative failure: perf database error: MoE data missing for MoeKey { quant: ""nvfp4"", distribution: ""power_law_1.2"", topk: 8, num_experts: 256, hidden_size: 3072, inter_size: 1024, moe_tp_size: 1, moe_ep_size: 1 } at <repo>/python/aisimulate/src/aiconfigurator_core/systems/data/b200_sxm/sglang/0.5.14","python python/aisimulate/tools/support_matrix/generate_fpe_support_matrix.py --model ""nvidia/Qwen3.5-122B-A10B-NVFP4"" --system ""b200_sxm"" --backend ""sglang"" --backend-version ""0.5.14"" --forward-model op_level --max-workers 8",,220,55,PERF_DATA_MISSING=220,,26dae1f99b2b50fb17118f38d8a8e95dfac3357c
nvidia/Qwen3.5-122B-A10B-NVFP4,Qwen3_5MoeForConditionalGeneration,b200_sxm,sglang,0.5.16,FAIL,"Strict-native op-level FPE probes: PERF_DATA_MISSING=220; raw probes=220; topologies=55; source_sha=26dae1f99b2b50fb17118f38d8a8e95dfac3357c. Representative failure: perf database error: MoE data missing for MoeKey { quant: ""nvfp4"", distribution: ""power_law_1.2"", topk: 8, num_experts: 256, hidden_size: 3072, inter_size: 1024, moe_tp_size: 1, moe_ep_size: 1 } at <repo>/python/aisimulate/src/aiconfigurator_core/systems/data/b200_sxm/sglang/0.5.16","python python/aisimulate/tools/support_matrix/generate_fpe_support_matrix.py --model ""nvidia/Qwen3.5-122B-A10B-NVFP4"" --system ""b200_sxm"" --backend ""sglang"" --backend-version ""0.5.16"" --forward-model op_level --max-workers 8",,220,55,PERF_DATA_MISSING=220,,26dae1f99b2b50fb17118f38d8a8e95dfac3357c
nvidia/Qwen3.5-122B-A10B-NVFP4,Qwen3_5MoeForConditionalGeneration,b200_sxm,sglang,0.5.9,FAIL,"Strict-native op-level FPE probes: PERF_DATA_MISSING=220; raw probes=220; topologies=55; source_sha=26dae1f99b2b50fb17118f38d8a8e95dfac3357c. Representative failure: perf database error: MoE data missing for MoeKey { quant: ""nvfp4"", distribution: ""power_law_1.2"", topk: 8, num_experts: 256, hidden_size: 3072, inter_size: 1024, moe_tp_size: 1, moe_ep_size: 1 } at <repo>/python/aisimulate/src/aiconfigurator_core/systems/data/b200_sxm/sglang/0.5.9","python python/aisimulate/tools/support_matrix/generate_fpe_support_matrix.py --model ""nvidia/Qwen3.5-122B-A10B-NVFP4"" --system ""b200_sxm"" --backend ""sglang"" --backend-version ""0.5.9"" --forward-model op_level --max-workers 8",,220,55,PERF_DATA_MISSING=220,,26dae1f99b2b50fb17118f38d8a8e95dfac3357c
nvidia/Qwen3.5-122B-A10B-NVFP4,Qwen3_5MoeForConditionalGeneration,b200_sxm,trtllm,1.2.0rc5,FAIL,"Strict-native op-level FPE probes: PERF_DATA_MISSING=116; raw probes=116; topologies=29; source_sha=26dae1f99b2b50fb17118f38d8a8e95dfac3357c. Representative failure: perf database error: MoE data missing for MoeKey { quant: ""nvfp4"", distribution: ""power_law_1.2"", topk: 8, num_experts: 256, hidden_size: 3072, inter_size: 1024, moe_tp_size: 1, moe_ep_size: 1 } at <repo>/python/aisimulate/src/aiconfigurator_core/systems/data/b200_sxm/trtllm/1.2.0rc5","python python/aisimulate/tools/support_matrix/generate_fpe_support_matrix.py --model ""nvidia/Qwen3.5-122B-A10B-NVFP4"" --system ""b200_sxm"" --backend ""trtllm"" --backend-version ""1.2.0rc5"" --forward-model op_level --max-workers 8",,116,29,PERF_DATA_MISSING=116,,26dae1f99b2b50fb17118f38d8a8e95dfac3357c
nvidia/Qwen3.5-122B-A10B-NVFP4,Qwen3_5MoeForConditionalGeneration,b200_sxm,trtllm,1.3.0rc10,FAIL,"Strict-native op-level FPE probes: PERF_DATA_MISSING=116; raw probes=116; topologies=29; source_sha=26dae1f99b2b50fb17118f38d8a8e95dfac3357c. Representative failure: perf database error: MoE data missing for MoeKey { quant: ""nvfp4"", distribution: ""power_law_1.2"", topk: 8, num_experts: 256, hidden_size: 3072, inter_size: 1024, moe_tp_size: 1, moe_ep_size: 1 } at <repo>/python/aisimulate/src/aiconfigurator_core/systems/data/b200_sxm/trtllm/1.3.0rc10","python python/aisimulate/tools/support_matrix/generate_fpe_support_matrix.py --model ""nvidia/Qwen3.5-122B-A10B-NVFP4"" --system ""b200_sxm"" --backend ""trtllm"" --backend-version ""1.3.0rc10"" --forward-model op_level --max-workers 8",,116,29,PERF_DATA_MISSING=116,,26dae1f99b2b50fb17118f38d8a8e95dfac3357c
nvidia/Qwen3.5-122B-A10B-NVFP4,Qwen3_5MoeForConditionalGeneration,b200_sxm,trtllm,1.3.0rc15,PASS,,"python python/aisimulate/tools/support_matrix/generate_fpe_support_matrix.py --model ""nvidia/Qwen3.5-122B-A10B-NVFP4"" --system ""b200_sxm"" --backend ""trtllm"" --backend-version ""1.3.0rc15"" --forward-model op_level --max-workers 8",silicon,116,29,"PASS=24, PERF_DATA_MISSING=92","decode_end=2909.398910, decode_start=11.409322, mixed=16.475512, prefill=16.003152",26dae1f99b2b50fb17118f38d8a8e95dfac3357c
nvidia/Qwen3.5-122B-A10B-NVFP4,Qwen3_5MoeForConditionalGeneration,b200_sxm,trtllm,1.3.0rc20,PASS,,"python python/aisimulate/tools/support_matrix/generate_fpe_support_matrix.py --model ""nvidia/Qwen3.5-122B-A10B-NVFP4"" --system ""b200_sxm"" --backend ""trtllm"" --backend-version ""1.3.0rc20"" --forward-model op_level --max-workers 8",silicon,116,29,PASS=116,"decode_end=1972.034455, decode_start=7.723513, mixed=19.651871, prefill=14.421041",26dae1f99b2b50fb17118f38d8a8e95dfac3357c
nvidia/Qwen3.5-122B-A10B-NVFP4,Qwen3_5MoeForConditionalGeneration,b200_sxm,trtllm,1.3.0rc23,PASS,,"python python/aisimulate/tools/support_matrix/generate_fpe_support_matrix.py --model ""nvidia/Qwen3.5-122B-A10B-NVFP4"" --system ""b200_sxm"" --backend ""trtllm"" --backend-version ""1.3.0rc23"" --forward-model op_level --max-workers 8",silicon,116,29,PASS=116,"decode_end=1972.034455, decode_start=7.723513, mixed=19.651871, prefill=14.421041",26dae1f99b2b50fb17118f38d8a8e95dfac3357c
nvidia/Qwen3.5-122B-A10B-NVFP4,Qwen3_5MoeForConditionalGeneration,b200_sxm,vllm,0.1.dev19262,FAIL,Strict-native op-level FPE probes: PERF_DATA_MISSING=116; raw probes=116; topologies=29; source_sha=26dae1f99b2b50fb17118f38d8a8e95dfac3357c. Representative failure: perf database error: perf database error: no GEMM rows loaded from 1 source(s) (first: <repo>/python/aisimulate/src/aiconfigurator_core/systems/data/b200_sxm/vllm/0.1.dev19262/gemm_perf.parquet),"python python/aisimulate/tools/support_matrix/generate_fpe_support_matrix.py --model ""nvidia/Qwen3.5-122B-A10B-NVFP4"" --system ""b200_sxm"" --backend ""vllm"" --backend-version ""0.1.dev19262"" --forward-model op_level --max-workers 8",,116,29,PERF_DATA_MISSING=116,,26dae1f99b2b50fb17118f38d8a8e95dfac3357c
nvidia/Qwen3.5-122B-A10B-NVFP4,Qwen3_5MoeForConditionalGeneration,b200_sxm,vllm,0.19.0,FAIL,"Strict-native op-level FPE probes: PERF_DATA_MISSING=116; raw probes=116; topologies=29; source_sha=26dae1f99b2b50fb17118f38d8a8e95dfac3357c. Representative failure: perf database error: MoE data missing for MoeKey { quant: ""nvfp4"", distribution: ""power_law_1.2"", topk: 8, num_experts: 256, hidden_size: 3072, inter_size: 1024, moe_tp_size: 1, moe_ep_size: 1 } at <repo>/python/aisimulate/src/aiconfigurator_core/systems/data/b200_sxm/vllm/0.19.0","python python/aisimulate/tools/support_matrix/generate_fpe_support_matrix.py --model ""nvidia/Qwen3.5-122B-A10B-NVFP4"" --system ""b200_sxm"" --backend ""vllm"" --backend-version ""0.19.0"" --forward-model op_level --max-workers 8",,116,29,PERF_DATA_MISSING=116,,26dae1f99b2b50fb17118f38d8a8e95dfac3357c
nvidia/Qwen3.5-122B-A10B-NVFP4,Qwen3_5MoeForConditionalGeneration,b200_sxm,vllm,0.22.0,PASS,,"python python/aisimulate/tools/support_matrix/generate_fpe_support_matrix.py --model ""nvidia/Qwen3.5-122B-A10B-NVFP4"" --system ""b200_sxm"" --backend ""vllm"" --backend-version ""0.22.0"" --forward-model op_level --max-workers 8",silicon,116,29,PASS=116,"decode_end=1586.370753, decode_start=6.220865, mixed=22.585942, prefill=22.384756",26dae1f99b2b50fb17118f38d8a8e95dfac3357c
nvidia/Qwen3.5-122B-A10B-NVFP4,Qwen3_5MoeForConditionalGeneration,b200_sxm,vllm,0.24.0,PASS,,"python python/aisimulate/tools/support_matrix/generate_fpe_support_matrix.py --model ""nvidia/Qwen3.5-122B-A10B-NVFP4"" --system ""b200_sxm"" --backend ""vllm"" --backend-version ""0.24.0"" --forward-model op_level --max-workers 8",silicon,116,29,PASS=116,"decode_end=1527.341620, decode_start=5.989378, mixed=14.306254, prefill=13.892483",26dae1f99b2b50fb17118f38d8a8e95dfac3357c
nvidia/Qwen3.5-397B-A17B-NVFP4,Qwen3_5MoeForConditionalGeneration,b200_sxm,sglang,0.5.10,PASS,,"python python/aisimulate/tools/support_matrix/generate_fpe_support_matrix.py --model ""nvidia/Qwen3.5-397B-A17B-NVFP4"" --system ""b200_sxm"" --backend ""sglang"" --backend-version ""0.5.10"" --forward-model op_level --max-workers 8",silicon,220,55,PASS=220,"decode_end=2704.147413, decode_start=10.604743, mixed=18.176893, prefill=17.441006",26dae1f99b2b50fb17118f38d8a8e95dfac3357c
nvidia/Qwen3.5-397B-A17B-NVFP4,Qwen3_5MoeForConditionalGeneration,b200_sxm,sglang,0.5.12,PASS,,"python python/aisimulate/tools/support_matrix/generate_fpe_support_matrix.py --model ""nvidia/Qwen3.5-397B-A17B-NVFP4"" --system ""b200_sxm"" --backend ""sglang"" --backend-version ""0.5.12"" --forward-model op_level --max-workers 8",silicon,220,55,PASS=220,"decode_end=2581.404330, decode_start=10.110994, mixed=18.523996, prefill=17.568345",26dae1f99b2b50fb17118f38d8a8e95dfac3357c
nvidia/Qwen3.5-397B-A17B-NVFP4,Qwen3_5MoeForConditionalGeneration,b200_sxm,sglang,0.5.14,PASS,,"python python/aisimulate/tools/support_matrix/generate_fpe_support_matrix.py --model ""nvidia/Qwen3.5-397B-A17B-NVFP4"" --system ""b200_sxm"" --backend ""sglang"" --backend-version ""0.5.14"" --forward-model op_level --max-workers 8",silicon,220,55,PASS=220,"decode_end=2581.404330, decode_start=10.110994, mixed=18.523996, prefill=17.568345",26dae1f99b2b50fb17118f38d8a8e95dfac3357c
nvidia/Qwen3.5-397B-A17B-NVFP4,Qwen3_5MoeForConditionalGeneration,b200_sxm,sglang,0.5.16,PASS,,"python python/aisimulate/tools/support_matrix/generate_fpe_support_matrix.py --model ""nvidia/Qwen3.5-397B-A17B-NVFP4"" --system ""b200_sxm"" --backend ""sglang"" --backend-version ""0.5.16"" --forward-model op_level --max-workers 8",silicon,220,55,PASS=220,"decode_end=2581.404330, decode_start=10.110994, mixed=18.523996, prefill=17.568345",26dae1f99b2b50fb17118f38d8a8e95dfac3357c
nvidia/Qwen3.5-397B-A17B-NVFP4,Qwen3_5MoeForConditionalGeneration,b200_sxm,sglang,0.5.9,FAIL,"Strict-native op-level FPE probes: PERF_DATA_MISSING=220; raw probes=220; topologies=55; source_sha=26dae1f99b2b50fb17118f38d8a8e95dfac3357c. Representative failure: perf database error: MoE data missing for MoeKey { quant: ""nvfp4"", distribution: ""power_law_1.2"", topk: 10, num_experts: 512, hidden_size: 4096, inter_size: 1024, moe_tp_size: 1, moe_ep_size: 1 } at <repo>/python/aisimulate/src/aiconfigurator_core/systems/data/b200_sxm/sglang/0.5.9","python python/aisimulate/tools/support_matrix/generate_fpe_support_matrix.py --model ""nvidia/Qwen3.5-397B-A17B-NVFP4"" --system ""b200_sxm"" --backend ""sglang"" --backend-version ""0.5.9"" --forward-model op_level --max-workers 8",,220,55,PERF_DATA_MISSING=220,,26dae1f99b2b50fb17118f38d8a8e95dfac3357c
nvidia/Qwen3.5-397B-A17B-NVFP4,Qwen3_5MoeForConditionalGeneration,b200_sxm,trtllm,1.2.0rc5,FAIL,"Strict-native op-level FPE probes: PERF_DATA_MISSING=116; raw probes=116; topologies=29; source_sha=26dae1f99b2b50fb17118f38d8a8e95dfac3357c. Representative failure: perf database error: MoE data missing for MoeKey { quant: ""nvfp4"", distribution: ""power_law_1.2"", topk: 10, num_experts: 512, hidden_size: 4096, inter_size: 1024, moe_tp_size: 1, moe_ep_size: 1 } at <repo>/python/aisimulate/src/aiconfigurator_core/systems/data/b200_sxm/trtllm/1.2.0rc5","python python/aisimulate/tools/support_matrix/generate_fpe_support_matrix.py --model ""nvidia/Qwen3.5-397B-A17B-NVFP4"" --system ""b200_sxm"" --backend ""trtllm"" --backend-version ""1.2.0rc5"" --forward-model op_level --max-workers 8",,116,29,PERF_DATA_MISSING=116,,26dae1f99b2b50fb17118f38d8a8e95dfac3357c
nvidia/Qwen3.5-397B-A17B-NVFP4,Qwen3_5MoeForConditionalGeneration,b200_sxm,trtllm,1.3.0rc10,PASS,,"python python/aisimulate/tools/support_matrix/generate_fpe_support_matrix.py --model ""nvidia/Qwen3.5-397B-A17B-NVFP4"" --system ""b200_sxm"" --backend ""trtllm"" --backend-version ""1.3.0rc10"" --forward-model op_level --max-workers 8",silicon,116,29,PASS=116,"decode_end=4756.403211, decode_start=18.585381, mixed=43.015790, prefill=42.056781",26dae1f99b2b50fb17118f38d8a8e95dfac3357c
nvidia/Qwen3.5-397B-A17B-NVFP4,Qwen3_5MoeForConditionalGeneration,b200_sxm,trtllm,1.3.0rc15,PASS,,"python python/aisimulate/tools/support_matrix/generate_fpe_support_matrix.py --model ""nvidia/Qwen3.5-397B-A17B-NVFP4"" --system ""b200_sxm"" --backend ""trtllm"" --backend-version ""1.3.0rc15"" --forward-model op_level --max-workers 8",silicon,116,29,PASS=116,"decode_end=4667.763421, decode_start=18.304848, mixed=42.561209, prefill=41.823187",26dae1f99b2b50fb17118f38d8a8e95dfac3357c
nvidia/Qwen3.5-397B-A17B-NVFP4,Qwen3_5MoeForConditionalGeneration,b200_sxm,trtllm,1.3.0rc20,PASS,,"python python/aisimulate/tools/support_matrix/generate_fpe_support_matrix.py --model ""nvidia/Qwen3.5-397B-A17B-NVFP4"" --system ""b200_sxm"" --backend ""trtllm"" --backend-version ""1.3.0rc20"" --forward-model op_level --max-workers 8",silicon,116,29,PASS=116,"decode_end=4463.573063, decode_start=17.491764, mixed=41.933546, prefill=41.381372",26dae1f99b2b50fb17118f38d8a8e95dfac3357c
nvidia/Qwen3.5-397B-A17B-NVFP4,Qwen3_5MoeForConditionalGeneration,b200_sxm,trtllm,1.3.0rc23,PASS,,"python python/aisimulate/tools/support_matrix/generate_fpe_support_matrix.py --model ""nvidia/Qwen3.5-397B-A17B-NVFP4"" --system ""b200_sxm"" --backend ""trtllm"" --backend-version ""1.3.0rc23"" --forward-model op_level --max-workers 8",silicon,116,29,PASS=116,"decode_end=4463.573063, decode_start=17.491764, mixed=41.933546, prefill=41.381372",26dae1f99b2b50fb17118f38d8a8e95dfac3357c
nvidia/Qwen3.5-397B-A17B-NVFP4,Qwen3_5MoeForConditionalGeneration,b200_sxm,vllm,0.1.dev19262,FAIL,Strict-native op-level FPE probes: PERF_DATA_MISSING=116; raw probes=116; topologies=29; source_sha=26dae1f99b2b50fb17118f38d8a8e95dfac3357c. Representative failure: perf database error: perf database error: no GEMM rows loaded from 1 source(s) (first: <repo>/python/aisimulate/src/aiconfigurator_core/systems/data/b200_sxm/vllm/0.1.dev19262/gemm_perf.parquet),"python python/aisimulate/tools/support_matrix/generate_fpe_support_matrix.py --model ""nvidia/Qwen3.5-397B-A17B-NVFP4"" --system ""b200_sxm"" --backend ""vllm"" --backend-version ""0.1.dev19262"" --forward-model op_level --max-workers 8",,116,29,PERF_DATA_MISSING=116,,26dae1f99b2b50fb17118f38d8a8e95dfac3357c
nvidia/Qwen3.5-397B-A17B-NVFP4,Qwen3_5MoeForConditionalGeneration,b200_sxm,vllm,0.19.0,PASS,,"python python/aisimulate/tools/support_matrix/generate_fpe_support_matrix.py --model ""nvidia/Qwen3.5-397B-A17B-NVFP4"" --system ""b200_sxm"" --backend ""vllm"" --backend-version ""0.19.0"" --forward-model op_level --max-workers 8",silicon,116,29,PASS=116,"decode_end=2715.414782, decode_start=10.637562, mixed=32.046465, prefill=31.545665",26dae1f99b2b50fb17118f38d8a8e95dfac3357c
nvidia/Qwen3.5-397B-A17B-NVFP4,Qwen3_5MoeForConditionalGeneration,b200_sxm,vllm,0.22.0,PASS,,"python python/aisimulate/tools/support_matrix/generate_fpe_support_matrix.py --model ""nvidia/Qwen3.5-397B-A17B-NVFP4"" --system ""b200_sxm"" --backend ""vllm"" --backend-version ""0.22.0"" --forward-model op_level --max-workers 8",silicon,116,29,PASS=116,"decode_end=2661.679620, decode_start=10.437713, mixed=41.914398, prefill=41.491525",26dae1f99b2b50fb17118f38d8a8e95dfac3357c
nvidia/Qwen3.5-397B-A17B-NVFP4,Qwen3_5MoeForConditionalGeneration,b200_sxm,vllm,0.24.0,PASS,,"python python/aisimulate/tools/support_matrix/generate_fpe_support_matrix.py --model ""nvidia/Qwen3.5-397B-A17B-NVFP4"" --system ""b200_sxm"" --backend ""vllm"" --backend-version ""0.24.0"" --forward-model op_level --max-workers 8",silicon,116,29,PASS=116,"decode_end=2541.573114, decode_start=9.966707, mixed=31.060266, prefill=30.324816",26dae1f99b2b50fb17118f38d8a8e95dfac3357c
nvidia/Qwen3.6-27B-NVFP4,Qwen3_5ForConditionalGeneration,b200_sxm,sglang,0.5.10,PASS,,"python python/aisimulate/tools/support_matrix/generate_fpe_support_matrix.py --model ""nvidia/Qwen3.6-27B-NVFP4"" --system ""b200_sxm"" --backend ""sglang"" --backend-version ""0.5.10"" --forward-model op_level --max-workers 8",silicon,16,4,PASS=16,"decode_end=1798.972773, decode_start=7.056840, mixed=10.834629, prefill=9.148925",26dae1f99b2b50fb17118f38d8a8e95dfac3357c
nvidia/Qwen3.6-27B-NVFP4,Qwen3_5ForConditionalGeneration,b200_sxm,sglang,0.5.12,PASS,,"python python/aisimulate/tools/support_matrix/generate_fpe_support_matrix.py --model ""nvidia/Qwen3.6-27B-NVFP4"" --system ""b200_sxm"" --backend ""sglang"" --backend-version ""0.5.12"" --forward-model op_level --max-workers 8",silicon,16,4,PASS=16,"decode_end=1820.408830, decode_start=7.123679, mixed=11.613885, prefill=9.876063",26dae1f99b2b50fb17118f38d8a8e95dfac3357c
nvidia/Qwen3.6-27B-NVFP4,Qwen3_5ForConditionalGeneration,b200_sxm,sglang,0.5.14,PASS,,"python python/aisimulate/tools/support_matrix/generate_fpe_support_matrix.py --model ""nvidia/Qwen3.6-27B-NVFP4"" --system ""b200_sxm"" --backend ""sglang"" --backend-version ""0.5.14"" --forward-model op_level --max-workers 8",silicon,16,4,PASS=16,"decode_end=1820.408830, decode_start=7.123679, mixed=11.613885, prefill=9.876063",26dae1f99b2b50fb17118f38d8a8e95dfac3357c
nvidia/Qwen3.6-27B-NVFP4,Qwen3_5ForConditionalGeneration,b200_sxm,sglang,0.5.16,PASS,,"python python/aisimulate/tools/support_matrix/generate_fpe_support_matrix.py --model ""nvidia/Qwen3.6-27B-NVFP4"" --system ""b200_sxm"" --backend ""sglang"" --backend-version ""0.5.16"" --forward-model op_level --max-workers 8",silicon,16,4,PASS=16,"decode_end=1820.408830, decode_start=7.123679, mixed=11.613885, prefill=9.876063",26dae1f99b2b50fb17118f38d8a8e95dfac3357c
nvidia/Qwen3.6-27B-NVFP4,Qwen3_5ForConditionalGeneration,b200_sxm,sglang,0.5.9,FAIL,Strict-native op-level FPE probes: PERF_DATA_MISSING=16; raw probes=16; topologies=4; source_sha=26dae1f99b2b50fb17118f38d8a8e95dfac3357c. Representative failure: perf database error: perf database error: no rows loaded from 1 source(s) (first: <repo>/python/aisimulate/src/aiconfigurator_core/systems/data/b200_sxm/sglang/0.5.9/computescale_perf.parquet),"python python/aisimulate/tools/support_matrix/generate_fpe_support_matrix.py --model ""nvidia/Qwen3.6-27B-NVFP4"" --system ""b200_sxm"" --backend ""sglang"" --backend-version ""0.5.9"" --forward-model op_level --max-workers 8",,16,4,PERF_DATA_MISSING=16,,26dae1f99b2b50fb17118f38d8a8e95dfac3357c
nvidia/Qwen3.6-27B-NVFP4,Qwen3_5ForConditionalGeneration,b200_sxm,trtllm,1.2.0rc5,FAIL,"Strict-native op-level FPE probes: PERF_DATA_MISSING=16; raw probes=16; topologies=4; source_sha=26dae1f99b2b50fb17118f38d8a8e95dfac3357c. Representative failure: perf database error: context attention data missing for ContextKey { fmha_quant: ""fp8"", kv_quant: ""fp8"", n_kv_lookup: 1, head_size: 256, window_size: 0 } at <repo>/python/aisimulate/src/aiconfigurator_core/systems/data/b200_sxm/trtllm/1.2.0rc5","python python/aisimulate/tools/support_matrix/generate_fpe_support_matrix.py --model ""nvidia/Qwen3.6-27B-NVFP4"" --system ""b200_sxm"" --backend ""trtllm"" --backend-version ""1.2.0rc5"" --forward-model op_level --max-workers 8",,16,4,PERF_DATA_MISSING=16,,26dae1f99b2b50fb17118f38d8a8e95dfac3357c
nvidia/Qwen3.6-27B-NVFP4,Qwen3_5ForConditionalGeneration,b200_sxm,trtllm,1.3.0rc10,PASS,,"python python/aisimulate/tools/support_matrix/generate_fpe_support_matrix.py --model ""nvidia/Qwen3.6-27B-NVFP4"" --system ""b200_sxm"" --backend ""trtllm"" --backend-version ""1.3.0rc10"" --forward-model op_level --max-workers 8",silicon,16,4,PASS=16,"decode_end=2065.305838, decode_start=8.045725, mixed=11.238919, prefill=10.464242",26dae1f99b2b50fb17118f38d8a8e95dfac3357c
nvidia/Qwen3.6-27B-NVFP4,Qwen3_5ForConditionalGeneration,b200_sxm,trtllm,1.3.0rc15,PASS,,"python python/aisimulate/tools/support_matrix/generate_fpe_support_matrix.py --model ""nvidia/Qwen3.6-27B-NVFP4"" --system ""b200_sxm"" --backend ""trtllm"" --backend-version ""1.3.0rc15"" --forward-model op_level --max-workers 8",silicon,16,4,PASS=16,"decode_end=1913.187783, decode_start=7.491436, mixed=10.435716, prefill=9.989171",26dae1f99b2b50fb17118f38d8a8e95dfac3357c
nvidia/Qwen3.6-27B-NVFP4,Qwen3_5ForConditionalGeneration,b200_sxm,trtllm,1.3.0rc20,PASS,,"python python/aisimulate/tools/support_matrix/generate_fpe_support_matrix.py --model ""nvidia/Qwen3.6-27B-NVFP4"" --system ""b200_sxm"" --backend ""trtllm"" --backend-version ""1.3.0rc20"" --forward-model op_level --max-workers 8",silicon,16,4,PASS=16,"decode_end=1874.577493, decode_start=7.351337, mixed=10.749757, prefill=10.214539",26dae1f99b2b50fb17118f38d8a8e95dfac3357c
nvidia/Qwen3.6-27B-NVFP4,Qwen3_5ForConditionalGeneration,b200_sxm,trtllm,1.3.0rc23,PASS,,"python python/aisimulate/tools/support_matrix/generate_fpe_support_matrix.py --model ""nvidia/Qwen3.6-27B-NVFP4"" --system ""b200_sxm"" --backend ""trtllm"" --backend-version ""1.3.0rc23"" --forward-model op_level --max-workers 8",silicon,16,4,PASS=16,"decode_end=1874.577493, decode_start=7.351337, mixed=10.749757, prefill=10.214539",26dae1f99b2b50fb17118f38d8a8e95dfac3357c
nvidia/Qwen3.6-27B-NVFP4,Qwen3_5ForConditionalGeneration,b200_sxm,vllm,0.1.dev19262,FAIL,Strict-native op-level FPE probes: PERF_DATA_MISSING=16; raw probes=16; topologies=4; source_sha=26dae1f99b2b50fb17118f38d8a8e95dfac3357c. Representative failure: perf database error: perf database error: no GEMM rows loaded from 1 source(s) (first: <repo>/python/aisimulate/src/aiconfigurator_core/systems/data/b200_sxm/vllm/0.1.dev19262/gemm_perf.parquet),"python python/aisimulate/tools/support_matrix/generate_fpe_support_matrix.py --model ""nvidia/Qwen3.6-27B-NVFP4"" --system ""b200_sxm"" --backend ""vllm"" --backend-version ""0.1.dev19262"" --forward-model op_level --max-workers 8",,16,4,PERF_DATA_MISSING=16,,26dae1f99b2b50fb17118f38d8a8e95dfac3357c
nvidia/Qwen3.6-27B-NVFP4,Qwen3_5ForConditionalGeneration,b200_sxm,vllm,0.19.0,FAIL,Strict-native op-level FPE probes: PERF_DATA_MISSING=16; raw probes=16; topologies=4; source_sha=26dae1f99b2b50fb17118f38d8a8e95dfac3357c. Representative failure: perf database error: perf database error: no rows loaded from 1 source(s) (first: <repo>/python/aisimulate/src/aiconfigurator_core/systems/data/b200_sxm/vllm/0.19.0/computescale_perf.parquet),"python python/aisimulate/tools/support_matrix/generate_fpe_support_matrix.py --model ""nvidia/Qwen3.6-27B-NVFP4"" --system ""b200_sxm"" --backend ""vllm"" --backend-version ""0.19.0"" --forward-model op_level --max-workers 8",,16,4,PERF_DATA_MISSING=16,,26dae1f99b2b50fb17118f38d8a8e95dfac3357c
nvidia/Qwen3.6-27B-NVFP4,Qwen3_5ForConditionalGeneration,b200_sxm,vllm,0.22.0,PASS,,"python python/aisimulate/tools/support_matrix/generate_fpe_support_matrix.py --model ""nvidia/Qwen3.6-27B-NVFP4"" --system ""b200_sxm"" --backend ""vllm"" --backend-version ""0.22.0"" --forward-model op_level --max-workers 8",silicon,16,4,PASS=16,"decode_end=1865.725697, decode_start=7.318300, mixed=22.758340, prefill=21.720903",26dae1f99b2b50fb17118f38d8a8e95dfac3357c
nvidia/Qwen3.6-27B-NVFP4,Qwen3_5ForConditionalGeneration,b200_sxm,vllm,0.24.0,PASS,,"python python/aisimulate/tools/support_matrix/generate_fpe_support_matrix.py --model ""nvidia/Qwen3.6-27B-NVFP4"" --system ""b200_sxm"" --backend ""vllm"" --backend-version ""0.24.0"" --forward-model op_level --max-workers 8",silicon,16,4,PASS=16,"decode_end=1819.696178, decode_start=7.137792, mixed=11.327076, prefill=10.200597",26dae1f99b2b50fb17118f38d8a8e95dfac3357c
nvidia/Qwen3.6-35B-A3B-NVFP4,Qwen3_5MoeForConditionalGeneration,b200_sxm,sglang,0.5.10,FAIL,"Strict-native op-level FPE probes: PERF_DATA_MISSING=220; raw probes=220; topologies=55; source_sha=26dae1f99b2b50fb17118f38d8a8e95dfac3357c. Representative failure: perf database error: MoE data missing for MoeKey { quant: ""w4a16_nvfp4"", distribution: ""uniform"", topk: 8, num_experts: 256, hidden_size: 2048, inter_size: 512, moe_tp_size: 1, moe_ep_size: 1 } at <repo>/python/aisimulate/src/aiconfigurator_core/systems/data/b200_sxm/sglang/0.5.10","python python/aisimulate/tools/support_matrix/generate_fpe_support_matrix.py --model ""nvidia/Qwen3.6-35B-A3B-NVFP4"" --system ""b200_sxm"" --backend ""sglang"" --backend-version ""0.5.10"" --forward-model op_level --max-workers 8",,220,55,PERF_DATA_MISSING=220,,26dae1f99b2b50fb17118f38d8a8e95dfac3357c
nvidia/Qwen3.6-35B-A3B-NVFP4,Qwen3_5MoeForConditionalGeneration,b200_sxm,sglang,0.5.12,FAIL,"Strict-native op-level FPE probes: PERF_DATA_MISSING=220; raw probes=220; topologies=55; source_sha=26dae1f99b2b50fb17118f38d8a8e95dfac3357c. Representative failure: perf database error: MoE data missing for MoeKey { quant: ""w4a16_nvfp4"", distribution: ""uniform"", topk: 8, num_experts: 256, hidden_size: 2048, inter_size: 512, moe_tp_size: 1, moe_ep_size: 1 } at <repo>/python/aisimulate/src/aiconfigurator_core/systems/data/b200_sxm/sglang/0.5.12","python python/aisimulate/tools/support_matrix/generate_fpe_support_matrix.py --model ""nvidia/Qwen3.6-35B-A3B-NVFP4"" --system ""b200_sxm"" --backend ""sglang"" --backend-version ""0.5.12"" --forward-model op_level --max-workers 8",,220,55,PERF_DATA_MISSING=220,,26dae1f99b2b50fb17118f38d8a8e95dfac3357c
nvidia/Qwen3.6-35B-A3B-NVFP4,Qwen3_5MoeForConditionalGeneration,b200_sxm,sglang,0.5.14,FAIL,"Strict-native op-level FPE probes: PERF_DATA_MISSING=220; raw probes=220; topologies=55; source_sha=26dae1f99b2b50fb17118f38d8a8e95dfac3357c. Representative failure: perf database error: MoE data missing for MoeKey { quant: ""w4a16_nvfp4"", distribution: ""uniform"", topk: 8, num_experts: 256, hidden_size: 2048, inter_size: 512, moe_tp_size: 1, moe_ep_size: 1 } at <repo>/python/aisimulate/src/aiconfigurator_core/systems/data/b200_sxm/sglang/0.5.14","python python/aisimulate/tools/support_matrix/generate_fpe_support_matrix.py --model ""nvidia/Qwen3.6-35B-A3B-NVFP4"" --system ""b200_sxm"" --backend ""sglang"" --backend-version ""0.5.14"" --forward-model op_level --max-workers 8",,220,55,PERF_DATA_MISSING=220,,26dae1f99b2b50fb17118f38d8a8e95dfac3357c
nvidia/Qwen3.6-35B-A3B-NVFP4,Qwen3_5MoeForConditionalGeneration,b200_sxm,sglang,0.5.16,FAIL,"Strict-native op-level FPE probes: PERF_DATA_MISSING=220; raw probes=220; topologies=55; source_sha=26dae1f99b2b50fb17118f38d8a8e95dfac3357c. Representative failure: perf database error: MoE data missing for MoeKey { quant: ""w4a16_nvfp4"", distribution: ""uniform"", topk: 8, num_experts: 256, hidden_size: 2048, inter_size: 512, moe_tp_size: 1, moe_ep_size: 1 } at <repo>/python/aisimulate/src/aiconfigurator_core/systems/data/b200_sxm/sglang/0.5.16","python python/aisimulate/tools/support_matrix/generate_fpe_support_matrix.py --model ""nvidia/Qwen3.6-35B-A3B-NVFP4"" --system ""b200_sxm"" --backend ""sglang"" --backend-version ""0.5.16"" --forward-model op_level --max-workers 8",,220,55,PERF_DATA_MISSING=220,,26dae1f99b2b50fb17118f38d8a8e95dfac3357c
nvidia/Qwen3.6-35B-A3B-NVFP4,Qwen3_5MoeForConditionalGeneration,b200_sxm,sglang,0.5.9,FAIL,Strict-native op-level FPE probes: PERF_DATA_MISSING=220; raw probes=220; topologies=55; source_sha=26dae1f99b2b50fb17118f38d8a8e95dfac3357c. Representative failure: perf database error: perf database error: no rows loaded from 1 source(s) (first: <repo>/python/aisimulate/src/aiconfigurator_core/systems/data/b200_sxm/sglang/0.5.9/computescale_perf.parquet),"python python/aisimulate/tools/support_matrix/generate_fpe_support_matrix.py --model ""nvidia/Qwen3.6-35B-A3B-NVFP4"" --system ""b200_sxm"" --backend ""sglang"" --backend-version ""0.5.9"" --forward-model op_level --max-workers 8",,220,55,PERF_DATA_MISSING=220,,26dae1f99b2b50fb17118f38d8a8e95dfac3357c
nvidia/Qwen3.6-35B-A3B-NVFP4,Qwen3_5MoeForConditionalGeneration,b200_sxm,trtllm,1.2.0rc5,FAIL,"Strict-native op-level FPE probes: PERF_DATA_MISSING=116; raw probes=116; topologies=29; source_sha=26dae1f99b2b50fb17118f38d8a8e95dfac3357c. Representative failure: perf database error: MoE data missing for MoeKey { quant: ""w4a16_nvfp4"", distribution: ""uniform"", topk: 8, num_experts: 256, hidden_size: 2048, inter_size: 512, moe_tp_size: 1, moe_ep_size: 1 } at <repo>/python/aisimulate/src/aiconfigurator_core/systems/data/b200_sxm/trtllm/1.2.0rc5","python python/aisimulate/tools/support_matrix/generate_fpe_support_matrix.py --model ""nvidia/Qwen3.6-35B-A3B-NVFP4"" --system ""b200_sxm"" --backend ""trtllm"" --backend-version ""1.2.0rc5"" --forward-model op_level --max-workers 8",,116,29,PERF_DATA_MISSING=116,,26dae1f99b2b50fb17118f38d8a8e95dfac3357c
nvidia/Qwen3.6-35B-A3B-NVFP4,Qwen3_5MoeForConditionalGeneration,b200_sxm,trtllm,1.3.0rc10,FAIL,"Strict-native op-level FPE probes: PERF_DATA_MISSING=116; raw probes=116; topologies=29; source_sha=26dae1f99b2b50fb17118f38d8a8e95dfac3357c. Representative failure: perf database error: MoE data missing for MoeKey { quant: ""w4a16_nvfp4"", distribution: ""uniform"", topk: 8, num_experts: 256, hidden_size: 2048, inter_size: 512, moe_tp_size: 1, moe_ep_size: 1 } at <repo>/python/aisimulate/src/aiconfigurator_core/systems/data/b200_sxm/trtllm/1.3.0rc10","python python/aisimulate/tools/support_matrix/generate_fpe_support_matrix.py --model ""nvidia/Qwen3.6-35B-A3B-NVFP4"" --system ""b200_sxm"" --backend ""trtllm"" --backend-version ""1.3.0rc10"" --forward-model op_level --max-workers 8",,116,29,PERF_DATA_MISSING=116,,26dae1f99b2b50fb17118f38d8a8e95dfac3357c
nvidia/Qwen3.6-35B-A3B-NVFP4,Qwen3_5MoeForConditionalGeneration,b200_sxm,trtllm,1.3.0rc15,FAIL,"Strict-native op-level FPE probes: PERF_DATA_MISSING=116; raw probes=116; topologies=29; source_sha=26dae1f99b2b50fb17118f38d8a8e95dfac3357c. Representative failure: perf database error: MoE data missing for MoeKey { quant: ""w4a16_nvfp4"", distribution: ""uniform"", topk: 8, num_experts: 256, hidden_size: 2048, inter_size: 512, moe_tp_size: 1, moe_ep_size: 1 } at <repo>/python/aisimulate/src/aiconfigurator_core/systems/data/b200_sxm/trtllm/1.3.0rc15","python python/aisimulate/tools/support_matrix/generate_fpe_support_matrix.py --model ""nvidia/Qwen3.6-35B-A3B-NVFP4"" --system ""b200_sxm"" --backend ""trtllm"" --backend-version ""1.3.0rc15"" --forward-model op_level --max-workers 8",,116,29,PERF_DATA_MISSING=116,,26dae1f99b2b50fb17118f38d8a8e95dfac3357c
nvidia/Qwen3.6-35B-A3B-NVFP4,Qwen3_5MoeForConditionalGeneration,b200_sxm,trtllm,1.3.0rc20,FAIL,"Strict-native op-level FPE probes: PERF_DATA_MISSING=116; raw probes=116; topologies=29; source_sha=26dae1f99b2b50fb17118f38d8a8e95dfac3357c. Representative failure: perf database error: MoE data missing for MoeKey { quant: ""w4a16_nvfp4"", distribution: ""uniform"", topk: 8, num_experts: 256, hidden_size: 2048, inter_size: 512, moe_tp_size: 1, moe_ep_size: 1 } at <repo>/python/aisimulate/src/aiconfigurator_core/systems/data/b200_sxm/trtllm/1.3.0rc20","python python/aisimulate/tools/support_matrix/generate_fpe_support_matrix.py --model ""nvidia/Qwen3.6-35B-A3B-NVFP4"" --system ""b200_sxm"" --backend ""trtllm"" --backend-version ""1.3.0rc20"" --forward-model op_level --max-workers 8",,116,29,PERF_DATA_MISSING=116,,26dae1f99b2b50fb17118f38d8a8e95dfac3357c
nvidia/Qwen3.6-35B-A3B-NVFP4,Qwen3_5MoeForConditionalGeneration,b200_sxm,trtllm,1.3.0rc23,FAIL,"Strict-native op-level FPE probes: PERF_DATA_MISSING=116; raw probes=116; topologies=29; source_sha=26dae1f99b2b50fb17118f38d8a8e95dfac3357c. Representative failure: perf database error: MoE data missing for MoeKey { quant: ""w4a16_nvfp4"", distribution: ""uniform"", topk: 8, num_experts: 256, hidden_size: 2048, inter_size: 512, moe_tp_size: 1, moe_ep_size: 1 } at <repo>/python/aisimulate/src/aiconfigurator_core/systems/data/b200_sxm/trtllm/1.3.0rc23","python python/aisimulate/tools/support_matrix/generate_fpe_support_matrix.py --model ""nvidia/Qwen3.6-35B-A3B-NVFP4"" --system ""b200_sxm"" --backend ""trtllm"" --backend-version ""1.3.0rc23"" --forward-model op_level --max-workers 8",,116,29,PERF_DATA_MISSING=116,,26dae1f99b2b50fb17118f38d8a8e95dfac3357c
nvidia/Qwen3.6-35B-A3B-NVFP4,Qwen3_5MoeForConditionalGeneration,b200_sxm,vllm,0.1.dev19262,FAIL,Strict-native op-level FPE probes: PERF_DATA_MISSING=116; raw probes=116; topologies=29; source_sha=26dae1f99b2b50fb17118f38d8a8e95dfac3357c. Representative failure: perf database error: perf database error: no GEMM rows loaded from 1 source(s) (first: <repo>/python/aisimulate/src/aiconfigurator_core/systems/data/b200_sxm/vllm/0.1.dev19262/gemm_perf.parquet),"python python/aisimulate/tools/support_matrix/generate_fpe_support_matrix.py --model ""nvidia/Qwen3.6-35B-A3B-NVFP4"" --system ""b200_sxm"" --backend ""vllm"" --backend-version ""0.1.dev19262"" --forward-model op_level --max-workers 8",,116,29,PERF_DATA_MISSING=116,,26dae1f99b2b50fb17118f38d8a8e95dfac3357c
nvidia/Qwen3.6-35B-A3B-NVFP4,Qwen3_5MoeForConditionalGeneration,b200_sxm,vllm,0.19.0,FAIL,Strict-native op-level FPE probes: PERF_DATA_MISSING=116; raw probes=116; topologies=29; source_sha=26dae1f99b2b50fb17118f38d8a8e95dfac3357c. Representative failure: perf database error: perf database error: no rows loaded from 1 source(s) (first: <repo>/python/aisimulate/src/aiconfigurator_core/systems/data/b200_sxm/vllm/0.19.0/computescale_perf.parquet),"python python/aisimulate/tools/support_matrix/generate_fpe_support_matrix.py --model ""nvidia/Qwen3.6-35B-A3B-NVFP4"" --system ""b200_sxm"" --backend ""vllm"" --backend-version ""0.19.0"" --forward-model op_level --max-workers 8",,116,29,PERF_DATA_MISSING=116,,26dae1f99b2b50fb17118f38d8a8e95dfac3357c
nvidia/Qwen3.6-35B-A3B-NVFP4,Qwen3_5MoeForConditionalGeneration,b200_sxm,vllm,0.22.0,FAIL,"Strict-native op-level FPE probes: PERF_DATA_MISSING=116; raw probes=116; topologies=29; source_sha=26dae1f99b2b50fb17118f38d8a8e95dfac3357c. Representative failure: perf database error: MoE data missing for MoeKey { quant: ""w4a16_nvfp4"", distribution: ""uniform"", topk: 8, num_experts: 256, hidden_size: 2048, inter_size: 512, moe_tp_size: 1, moe_ep_size: 1 } at <repo>/python/aisimulate/src/aiconfigurator_core/systems/data/b200_sxm/vllm/0.22.0","python python/aisimulate/tools/support_matrix/generate_fpe_support_matrix.py --model ""nvidia/Qwen3.6-35B-A3B-NVFP4"" --system ""b200_sxm"" --backend ""vllm"" --backend-version ""0.22.0"" --forward-model op_level --max-workers 8",,116,29,PERF_DATA_MISSING=116,,26dae1f99b2b50fb17118f38d8a8e95dfac3357c
nvidia/Qwen3.6-35B-A3B-NVFP4,Qwen3_5MoeForConditionalGeneration,b200_sxm,vllm,0.24.0,FAIL,"Strict-native op-level FPE probes: PERF_DATA_MISSING=116; raw probes=116; topologies=29; source_sha=26dae1f99b2b50fb17118f38d8a8e95dfac3357c. Representative failure: perf database error: MoE data missing for MoeKey { quant: ""w4a16_nvfp4"", distribution: ""uniform"", topk: 8, num_experts: 256, hidden_size: 2048, inter_size: 512, moe_tp_size: 1, moe_ep_size: 1 } at <repo>/python/aisimulate/src/aiconfigurator_core/systems/data/b200_sxm/vllm/0.24.0","python python/aisimulate/tools/support_matrix/generate_fpe_support_matrix.py --model ""nvidia/Qwen3.6-35B-A3B-NVFP4"" --system ""b200_sxm"" --backend ""vllm"" --backend-version ""0.24.0"" --forward-model op_level --max-workers 8",,116,29,PERF_DATA_MISSING=116,,26dae1f99b2b50fb17118f38d8a8e95dfac3357c
openai/gpt-oss-120b,GptOssForCausalLM,b200_sxm,sglang,0.5.10,FAIL,"Strict-native op-level FPE probes: PASS=10, PERF_DATA_MISSING=210, SDK_UNREPRESENTABLE=320; raw probes=540; topologies=135; source_sha=26dae1f99b2b50fb17118f38d8a8e95dfac3357c. Representative failure: perf database error: MoE data missing for MoeKey { quant: ""w4a16_mxfp4"", distribution: ""power_law_1.2"", topk: 4, num_experts: 128, hidden_size: 2880, inter_size: 2880, moe_tp_size: 1, moe_ep_size: 16 } at <repo>/python/aisimulate/src/aiconfigurator_core/systems/data/b200_sxm/sglang/0.5.10","python python/aisimulate/tools/support_matrix/generate_fpe_support_matrix.py --model ""openai/gpt-oss-120b"" --system ""b200_sxm"" --backend ""sglang"" --backend-version ""0.5.10"" --forward-model op_level --max-workers 8",,540,135,"PASS=10, PERF_DATA_MISSING=210, SDK_UNREPRESENTABLE=320",,26dae1f99b2b50fb17118f38d8a8e95dfac3357c
openai/gpt-oss-120b,GptOssForCausalLM,b200_sxm,sglang,0.5.12,PASS,,"python python/aisimulate/tools/support_matrix/generate_fpe_support_matrix.py --model ""openai/gpt-oss-120b"" --system ""b200_sxm"" --backend ""sglang"" --backend-version ""0.5.12"" --forward-model op_level --max-workers 8",silicon,540,135,"PASS=220, SDK_UNREPRESENTABLE=320","decode_end=1314.387629, decode_start=5.154672, mixed=16.370471, prefill=15.631158",26dae1f99b2b50fb17118f38d8a8e95dfac3357c
openai/gpt-oss-120b,GptOssForCausalLM,b200_sxm,sglang,0.5.14,PASS,,"python python/aisimulate/tools/support_matrix/generate_fpe_support_matrix.py --model ""openai/gpt-oss-120b"" --system ""b200_sxm"" --backend ""sglang"" --backend-version ""0.5.14"" --forward-model op_level --max-workers 8",silicon,540,135,"PASS=220, SDK_UNREPRESENTABLE=320","decode_end=1314.387629, decode_start=5.154672, mixed=16.370471, prefill=15.631158",26dae1f99b2b50fb17118f38d8a8e95dfac3357c
openai/gpt-oss-120b,GptOssForCausalLM,b200_sxm,sglang,0.5.16,PASS,,"python python/aisimulate/tools/support_matrix/generate_fpe_support_matrix.py --model ""openai/gpt-oss-120b"" --system ""b200_sxm"" --backend ""sglang"" --backend-version ""0.5.16"" --forward-model op_level --max-workers 8",silicon,540,135,"PASS=220, SDK_UNREPRESENTABLE=320","decode_end=1314.387629, decode_start=5.154672, mixed=16.370471, prefill=15.631158",26dae1f99b2b50fb17118f38d8a8e95dfac3357c
openai/gpt-oss-120b,GptOssForCausalLM,b200_sxm,sglang,0.5.9,FAIL,"Strict-native op-level FPE probes: PERF_DATA_MISSING=220, SDK_UNREPRESENTABLE=320; raw probes=540; topologies=135; source_sha=26dae1f99b2b50fb17118f38d8a8e95dfac3357c. Representative failure: perf database error: MoE data missing for MoeKey { quant: ""w4a16_mxfp4"", distribution: ""uniform"", topk: 4, num_experts: 128, hidden_size: 2880, inter_size: 2880, moe_tp_size: 1, moe_ep_size: 1 } at <repo>/python/aisimulate/src/aiconfigurator_core/systems/data/b200_sxm/sglang/0.5.9","python python/aisimulate/tools/support_matrix/generate_fpe_support_matrix.py --model ""openai/gpt-oss-120b"" --system ""b200_sxm"" --backend ""sglang"" --backend-version ""0.5.9"" --forward-model op_level --max-workers 8",,540,135,"PERF_DATA_MISSING=220, SDK_UNREPRESENTABLE=320",,26dae1f99b2b50fb17118f38d8a8e95dfac3357c
openai/gpt-oss-120b,GptOssForCausalLM,b200_sxm,trtllm,1.2.0rc5,FAIL,"Strict-native op-level FPE probes: PERF_DATA_MISSING=116; raw probes=116; topologies=29; source_sha=26dae1f99b2b50fb17118f38d8a8e95dfac3357c. Representative failure: perf database error: MoE data missing for MoeKey { quant: ""w4a8_mxfp4_mxfp8"", distribution: ""uniform"", topk: 4, num_experts: 128, hidden_size: 2880, inter_size: 2880, moe_tp_size: 1, moe_ep_size: 1 } at <repo>/python/aisimulate/src/aiconfigurator_core/systems/data/b200_sxm/trtllm/1.2.0rc5","python python/aisimulate/tools/support_matrix/generate_fpe_support_matrix.py --model ""openai/gpt-oss-120b"" --system ""b200_sxm"" --backend ""trtllm"" --backend-version ""1.2.0rc5"" --forward-model op_level --max-workers 8",,116,29,PERF_DATA_MISSING=116,,26dae1f99b2b50fb17118f38d8a8e95dfac3357c
openai/gpt-oss-120b,GptOssForCausalLM,b200_sxm,trtllm,1.3.0rc10,PASS,,"python python/aisimulate/tools/support_matrix/generate_fpe_support_matrix.py --model ""openai/gpt-oss-120b"" --system ""b200_sxm"" --backend ""trtllm"" --backend-version ""1.3.0rc10"" --forward-model op_level --max-workers 8",silicon,116,29,"PASS=36, PERF_DATA_MISSING=80","decode_end=1229.351503, decode_start=4.762551, mixed=13.797280, prefill=12.950760",26dae1f99b2b50fb17118f38d8a8e95dfac3357c
openai/gpt-oss-120b,GptOssForCausalLM,b200_sxm,trtllm,1.3.0rc15,PASS,,"python python/aisimulate/tools/support_matrix/generate_fpe_support_matrix.py --model ""openai/gpt-oss-120b"" --system ""b200_sxm"" --backend ""trtllm"" --backend-version ""1.3.0rc15"" --forward-model op_level --max-workers 8",silicon,116,29,"PASS=36, PERF_DATA_MISSING=80","decode_end=1091.728489, decode_start=4.233890, mixed=12.167662, prefill=11.324145",26dae1f99b2b50fb17118f38d8a8e95dfac3357c
openai/gpt-oss-120b,GptOssForCausalLM,b200_sxm,trtllm,1.3.0rc20,PASS,,"python python/aisimulate/tools/support_matrix/generate_fpe_support_matrix.py --model ""openai/gpt-oss-120b"" --system ""b200_sxm"" --backend ""trtllm"" --backend-version ""1.3.0rc20"" --forward-model op_level --max-workers 8",silicon,116,29,"PASS=36, PERF_DATA_MISSING=80","decode_end=1088.514625, decode_start=4.255331, mixed=11.856167, prefill=11.171013",26dae1f99b2b50fb17118f38d8a8e95dfac3357c
openai/gpt-oss-120b,GptOssForCausalLM,b200_sxm,trtllm,1.3.0rc23,PASS,,"python python/aisimulate/tools/support_matrix/generate_fpe_support_matrix.py --model ""openai/gpt-oss-120b"" --system ""b200_sxm"" --backend ""trtllm"" --backend-version ""1.3.0rc23"" --forward-model op_level --max-workers 8",silicon,116,29,"PASS=36, PERF_DATA_MISSING=80","decode_end=1088.514625, decode_start=4.255331, mixed=11.856167, prefill=11.171013",26dae1f99b2b50fb17118f38d8a8e95dfac3357c
openai/gpt-oss-120b,GptOssForCausalLM,b200_sxm,vllm,0.1.dev19262,FAIL,Strict-native op-level FPE probes: PERF_DATA_MISSING=116; raw probes=116; topologies=29; source_sha=26dae1f99b2b50fb17118f38d8a8e95dfac3357c. Representative failure: perf database error: perf database error: no GEMM rows loaded from 1 source(s) (first: <repo>/python/aisimulate/src/aiconfigurator_core/systems/data/b200_sxm/vllm/0.1.dev19262/gemm_perf.parquet),"python python/aisimulate/tools/support_matrix/generate_fpe_support_matrix.py --model ""openai/gpt-oss-120b"" --system ""b200_sxm"" --backend ""vllm"" --backend-version ""0.1.dev19262"" --forward-model op_level --max-workers 8",,116,29,PERF_DATA_MISSING=116,,26dae1f99b2b50fb17118f38d8a8e95dfac3357c
openai/gpt-oss-120b,GptOssForCausalLM,b200_sxm,vllm,0.19.0,FAIL,"Strict-native op-level FPE probes: PERF_DATA_MISSING=116; raw probes=116; topologies=29; source_sha=26dae1f99b2b50fb17118f38d8a8e95dfac3357c. Representative failure: perf database error: MoE data missing for MoeKey { quant: ""w4a16_mxfp4"", distribution: ""power_law_1.2"", topk: 4, num_experts: 128, hidden_size: 2880, inter_size: 2880, moe_tp_size: 16, moe_ep_size: 1 } at <repo>/python/aisimulate/src/aiconfigurator_core/systems/data/b200_sxm/vllm/0.19.0","python python/aisimulate/tools/support_matrix/generate_fpe_support_matrix.py --model ""openai/gpt-oss-120b"" --system ""b200_sxm"" --backend ""vllm"" --backend-version ""0.19.0"" --forward-model op_level --max-workers 8",,116,29,PERF_DATA_MISSING=116,,26dae1f99b2b50fb17118f38d8a8e95dfac3357c
openai/gpt-oss-120b,GptOssForCausalLM,b200_sxm,vllm,0.22.0,PASS,,"python python/aisimulate/tools/support_matrix/generate_fpe_support_matrix.py --model ""openai/gpt-oss-120b"" --system ""b200_sxm"" --backend ""vllm"" --backend-version ""0.22.0"" --forward-model op_level --max-workers 8",silicon,116,29,PASS=116,"decode_end=1324.417131, decode_start=5.178821, mixed=15.975778, prefill=15.180512",26dae1f99b2b50fb17118f38d8a8e95dfac3357c
openai/gpt-oss-120b,GptOssForCausalLM,b200_sxm,vllm,0.24.0,PASS,,"python python/aisimulate/tools/support_matrix/generate_fpe_support_matrix.py --model ""openai/gpt-oss-120b"" --system ""b200_sxm"" --backend ""vllm"" --backend-version ""0.24.0"" --forward-model op_level --max-workers 8",silicon,116,29,PASS=116,"decode_end=1353.678711, decode_start=5.295810, mixed=16.191903, prefill=15.291955",26dae1f99b2b50fb17118f38d8a8e95dfac3357c
openai/gpt-oss-20b,GptOssForCausalLM,b200_sxm,sglang,0.5.10,FAIL,"Strict-native op-level FPE probes: PASS=10, PERF_DATA_MISSING=210, SDK_UNREPRESENTABLE=320; raw probes=540; topologies=135; source_sha=26dae1f99b2b50fb17118f38d8a8e95dfac3357c. Representative failure: perf database error: MoE data missing for MoeKey { quant: ""w4a16_mxfp4"", distribution: ""power_law_1.2"", topk: 4, num_experts: 32, hidden_size: 2880, inter_size: 2880, moe_tp_size: 1, moe_ep_size: 16 } at <repo>/python/aisimulate/src/aiconfigurator_core/systems/data/b200_sxm/sglang/0.5.10","python python/aisimulate/tools/support_matrix/generate_fpe_support_matrix.py --model ""openai/gpt-oss-20b"" --system ""b200_sxm"" --backend ""sglang"" --backend-version ""0.5.10"" --forward-model op_level --max-workers 8",,540,135,"PASS=10, PERF_DATA_MISSING=210, SDK_UNREPRESENTABLE=320",,26dae1f99b2b50fb17118f38d8a8e95dfac3357c
openai/gpt-oss-20b,GptOssForCausalLM,b200_sxm,sglang,0.5.12,PASS,,"python python/aisimulate/tools/support_matrix/generate_fpe_support_matrix.py --model ""openai/gpt-oss-20b"" --system ""b200_sxm"" --backend ""sglang"" --backend-version ""0.5.12"" --forward-model op_level --max-workers 8",silicon,540,135,"PASS=220, SDK_UNREPRESENTABLE=320","decode_end=649.776408, decode_start=2.548283, mixed=6.897050, prefill=7.013060",26dae1f99b2b50fb17118f38d8a8e95dfac3357c
openai/gpt-oss-20b,GptOssForCausalLM,b200_sxm,sglang,0.5.14,PASS,,"python python/aisimulate/tools/support_matrix/generate_fpe_support_matrix.py --model ""openai/gpt-oss-20b"" --system ""b200_sxm"" --backend ""sglang"" --backend-version ""0.5.14"" --forward-model op_level --max-workers 8",silicon,540,135,"PASS=220, SDK_UNREPRESENTABLE=320","decode_end=649.776408, decode_start=2.548283, mixed=6.897050, prefill=7.013060",26dae1f99b2b50fb17118f38d8a8e95dfac3357c
openai/gpt-oss-20b,GptOssForCausalLM,b200_sxm,sglang,0.5.16,PASS,,"python python/aisimulate/tools/support_matrix/generate_fpe_support_matrix.py --model ""openai/gpt-oss-20b"" --system ""b200_sxm"" --backend ""sglang"" --backend-version ""0.5.16"" --forward-model op_level --max-workers 8",silicon,540,135,"PASS=220, SDK_UNREPRESENTABLE=320","decode_end=649.776408, decode_start=2.548283, mixed=6.897050, prefill=7.013060",26dae1f99b2b50fb17118f38d8a8e95dfac3357c
openai/gpt-oss-20b,GptOssForCausalLM,b200_sxm,sglang,0.5.9,FAIL,"Strict-native op-level FPE probes: PERF_DATA_MISSING=220, SDK_UNREPRESENTABLE=320; raw probes=540; topologies=135; source_sha=26dae1f99b2b50fb17118f38d8a8e95dfac3357c. Representative failure: perf database error: MoE data missing for MoeKey { quant: ""w4a16_mxfp4"", distribution: ""uniform"", topk: 4, num_experts: 32, hidden_size: 2880, inter_size: 2880, moe_tp_size: 1, moe_ep_size: 1 } at <repo>/python/aisimulate/src/aiconfigurator_core/systems/data/b200_sxm/sglang/0.5.9","python python/aisimulate/tools/support_matrix/generate_fpe_support_matrix.py --model ""openai/gpt-oss-20b"" --system ""b200_sxm"" --backend ""sglang"" --backend-version ""0.5.9"" --forward-model op_level --max-workers 8",,540,135,"PERF_DATA_MISSING=220, SDK_UNREPRESENTABLE=320",,26dae1f99b2b50fb17118f38d8a8e95dfac3357c
openai/gpt-oss-20b,GptOssForCausalLM,b200_sxm,trtllm,1.2.0rc5,FAIL,"Strict-native op-level FPE probes: PERF_DATA_MISSING=116; raw probes=116; topologies=29; source_sha=26dae1f99b2b50fb17118f38d8a8e95dfac3357c. Representative failure: perf database error: MoE data missing for MoeKey { quant: ""w4a8_mxfp4_mxfp8"", distribution: ""uniform"", topk: 4, num_experts: 32, hidden_size: 2880, inter_size: 2880, moe_tp_size: 1, moe_ep_size: 1 } at <repo>/python/aisimulate/src/aiconfigurator_core/systems/data/b200_sxm/trtllm/1.2.0rc5","python python/aisimulate/tools/support_matrix/generate_fpe_support_matrix.py --model ""openai/gpt-oss-20b"" --system ""b200_sxm"" --backend ""trtllm"" --backend-version ""1.2.0rc5"" --forward-model op_level --max-workers 8",,116,29,PERF_DATA_MISSING=116,,26dae1f99b2b50fb17118f38d8a8e95dfac3357c
openai/gpt-oss-20b,GptOssForCausalLM,b200_sxm,trtllm,1.3.0rc10,PASS,,"python python/aisimulate/tools/support_matrix/generate_fpe_support_matrix.py --model ""openai/gpt-oss-20b"" --system ""b200_sxm"" --backend ""trtllm"" --backend-version ""1.3.0rc10"" --forward-model op_level --max-workers 8",silicon,116,29,"PASS=36, PERF_DATA_MISSING=80","decode_end=643.926515, decode_start=2.486245, mixed=4.610428, prefill=4.213121",26dae1f99b2b50fb17118f38d8a8e95dfac3357c
openai/gpt-oss-20b,GptOssForCausalLM,b200_sxm,trtllm,1.3.0rc15,PASS,,"python python/aisimulate/tools/support_matrix/generate_fpe_support_matrix.py --model ""openai/gpt-oss-20b"" --system ""b200_sxm"" --backend ""trtllm"" --backend-version ""1.3.0rc15"" --forward-model op_level --max-workers 8",silicon,116,29,"PASS=36, PERF_DATA_MISSING=80","decode_end=629.634653, decode_start=2.437557, mixed=4.547289, prefill=4.205314",26dae1f99b2b50fb17118f38d8a8e95dfac3357c
openai/gpt-oss-20b,GptOssForCausalLM,b200_sxm,trtllm,1.3.0rc20,PASS,,"python python/aisimulate/tools/support_matrix/generate_fpe_support_matrix.py --model ""openai/gpt-oss-20b"" --system ""b200_sxm"" --backend ""trtllm"" --backend-version ""1.3.0rc20"" --forward-model op_level --max-workers 8",silicon,116,29,"PASS=36, PERF_DATA_MISSING=80","decode_end=572.823385, decode_start=2.237464, mixed=4.118140, prefill=3.747773",26dae1f99b2b50fb17118f38d8a8e95dfac3357c
openai/gpt-oss-20b,GptOssForCausalLM,b200_sxm,trtllm,1.3.0rc23,PASS,,"python python/aisimulate/tools/support_matrix/generate_fpe_support_matrix.py --model ""openai/gpt-oss-20b"" --system ""b200_sxm"" --backend ""trtllm"" --backend-version ""1.3.0rc23"" --forward-model op_level --max-workers 8",silicon,116,29,"PASS=36, PERF_DATA_MISSING=80","decode_end=572.823385, decode_start=2.237464, mixed=4.118140, prefill=3.747773",26dae1f99b2b50fb17118f38d8a8e95dfac3357c
openai/gpt-oss-20b,GptOssForCausalLM,b200_sxm,vllm,0.1.dev19262,FAIL,Strict-native op-level FPE probes: PERF_DATA_MISSING=116; raw probes=116; topologies=29; source_sha=26dae1f99b2b50fb17118f38d8a8e95dfac3357c. Representative failure: perf database error: perf database error: no GEMM rows loaded from 1 source(s) (first: <repo>/python/aisimulate/src/aiconfigurator_core/systems/data/b200_sxm/vllm/0.1.dev19262/gemm_perf.parquet),"python python/aisimulate/tools/support_matrix/generate_fpe_support_matrix.py --model ""openai/gpt-oss-20b"" --system ""b200_sxm"" --backend ""vllm"" --backend-version ""0.1.dev19262"" --forward-model op_level --max-workers 8",,116,29,PERF_DATA_MISSING=116,,26dae1f99b2b50fb17118f38d8a8e95dfac3357c
openai/gpt-oss-20b,GptOssForCausalLM,b200_sxm,vllm,0.19.0,FAIL,"Strict-native op-level FPE probes: PERF_DATA_MISSING=116; raw probes=116; topologies=29; source_sha=26dae1f99b2b50fb17118f38d8a8e95dfac3357c. Representative failure: perf database error: MoE data missing for MoeKey { quant: ""w4a16_mxfp4"", distribution: ""power_law_1.2"", topk: 4, num_experts: 32, hidden_size: 2880, inter_size: 2880, moe_tp_size: 16, moe_ep_size: 1 } at <repo>/python/aisimulate/src/aiconfigurator_core/systems/data/b200_sxm/vllm/0.19.0","python python/aisimulate/tools/support_matrix/generate_fpe_support_matrix.py --model ""openai/gpt-oss-20b"" --system ""b200_sxm"" --backend ""vllm"" --backend-version ""0.19.0"" --forward-model op_level --max-workers 8",,116,29,PERF_DATA_MISSING=116,,26dae1f99b2b50fb17118f38d8a8e95dfac3357c
openai/gpt-oss-20b,GptOssForCausalLM,b200_sxm,vllm,0.22.0,PASS,,"python python/aisimulate/tools/support_matrix/generate_fpe_support_matrix.py --model ""openai/gpt-oss-20b"" --system ""b200_sxm"" --backend ""vllm"" --backend-version ""0.22.0"" --forward-model op_level --max-workers 8",silicon,116,29,PASS=116,"decode_end=647.887546, decode_start=2.530754, mixed=6.759810, prefill=6.886340",26dae1f99b2b50fb17118f38d8a8e95dfac3357c
openai/gpt-oss-20b,GptOssForCausalLM,b200_sxm,vllm,0.24.0,PASS,,"python python/aisimulate/tools/support_matrix/generate_fpe_support_matrix.py --model ""openai/gpt-oss-20b"" --system ""b200_sxm"" --backend ""vllm"" --backend-version ""0.24.0"" --forward-model op_level --max-workers 8",silicon,116,29,PASS=116,"decode_end=668.602209, decode_start=2.613480, mixed=6.900518, prefill=6.965895",26dae1f99b2b50fb17118f38d8a8e95dfac3357c
sgl-project/DeepSeek-V4-Flash-FP8,DeepseekV4ForCausalLM,b200_sxm,sglang,0.5.10,FAIL,"Strict-native op-level FPE probes: PASS=16, PERF_DATA_MISSING=324, SDK_UNREPRESENTABLE=460; raw probes=800; topologies=200; source_sha=26dae1f99b2b50fb17118f38d8a8e95dfac3357c. Representative failure: perf database error: MoE data missing for MoeKey { quant: ""fp8_block"", distribution: ""power_law_1.01"", topk: 6, num_experts: 256, hidden_size: 4096, inter_size: 2048, moe_tp_size: 1, moe_ep_size: 1 } at <repo>/python/aisimulate/src/aiconfigurator_core/systems/data/b200_sxm/sglang/0.5.10","python python/aisimulate/tools/support_matrix/generate_fpe_support_matrix.py --model ""sgl-project/DeepSeek-V4-Flash-FP8"" --system ""b200_sxm"" --backend ""sglang"" --backend-version ""0.5.10"" --forward-model op_level --max-workers 8",,800,200,"PASS=16, PERF_DATA_MISSING=324, SDK_UNREPRESENTABLE=460",,26dae1f99b2b50fb17118f38d8a8e95dfac3357c
sgl-project/DeepSeek-V4-Flash-FP8,DeepseekV4ForCausalLM,b200_sxm,sglang,0.5.12,PASS,,"python python/aisimulate/tools/support_matrix/generate_fpe_support_matrix.py --model ""sgl-project/DeepSeek-V4-Flash-FP8"" --system ""b200_sxm"" --backend ""sglang"" --backend-version ""0.5.12"" --forward-model op_level --max-workers 8",silicon,800,200,"PASS=340, SDK_UNREPRESENTABLE=460","decode_end=4275.003495, decode_start=16.767770, mixed=54.004541, prefill=49.701367",26dae1f99b2b50fb17118f38d8a8e95dfac3357c
sgl-project/DeepSeek-V4-Flash-FP8,DeepseekV4ForCausalLM,b200_sxm,sglang,0.5.14,PASS,,"python python/aisimulate/tools/support_matrix/generate_fpe_support_matrix.py --model ""sgl-project/DeepSeek-V4-Flash-FP8"" --system ""b200_sxm"" --backend ""sglang"" --backend-version ""0.5.14"" --forward-model op_level --max-workers 8",silicon,800,200,"PASS=340, SDK_UNREPRESENTABLE=460","decode_end=4275.003495, decode_start=16.767770, mixed=54.004541, prefill=49.701367",26dae1f99b2b50fb17118f38d8a8e95dfac3357c
sgl-project/DeepSeek-V4-Flash-FP8,DeepseekV4ForCausalLM,b200_sxm,sglang,0.5.16,PASS,,"python python/aisimulate/tools/support_matrix/generate_fpe_support_matrix.py --model ""sgl-project/DeepSeek-V4-Flash-FP8"" --system ""b200_sxm"" --backend ""sglang"" --backend-version ""0.5.16"" --forward-model op_level --max-workers 8",silicon,800,200,"PASS=340, SDK_UNREPRESENTABLE=460","decode_end=4275.003495, decode_start=16.767770, mixed=54.004541, prefill=49.701367",26dae1f99b2b50fb17118f38d8a8e95dfac3357c
sgl-project/DeepSeek-V4-Flash-FP8,DeepseekV4ForCausalLM,b200_sxm,sglang,0.5.9,FAIL,"Strict-native op-level FPE probes: PERF_DATA_MISSING=340, SDK_UNREPRESENTABLE=460; raw probes=800; topologies=200; source_sha=26dae1f99b2b50fb17118f38d8a8e95dfac3357c. Representative failure: perf database error: perf database error: no MHC module rows loaded from 1 source(s) (first: <repo>/python/aisimulate/src/aiconfigurator_core/systems/data/b200_sxm/sglang/0.5.9/mhc_module_perf.parquet)","python python/aisimulate/tools/support_matrix/generate_fpe_support_matrix.py --model ""sgl-project/DeepSeek-V4-Flash-FP8"" --system ""b200_sxm"" --backend ""sglang"" --backend-version ""0.5.9"" --forward-model op_level --max-workers 8",,800,200,"PERF_DATA_MISSING=340, SDK_UNREPRESENTABLE=460",,26dae1f99b2b50fb17118f38d8a8e95dfac3357c
sgl-project/DeepSeek-V4-Flash-FP8,DeepseekV4ForCausalLM,b200_sxm,trtllm,1.2.0rc5,FAIL,Strict-native op-level FPE probes: PERF_DATA_MISSING=192; raw probes=192; topologies=48; source_sha=26dae1f99b2b50fb17118f38d8a8e95dfac3357c. Representative failure: perf database error: perf database error: no MHC module rows loaded from 1 source(s) (first: <repo>/python/aisimulate/src/aiconfigurator_core/systems/data/b200_sxm/trtllm/1.2.0rc5/mhc_module_perf.parquet),"python python/aisimulate/tools/support_matrix/generate_fpe_support_matrix.py --model ""sgl-project/DeepSeek-V4-Flash-FP8"" --system ""b200_sxm"" --backend ""trtllm"" --backend-version ""1.2.0rc5"" --forward-model op_level --max-workers 8",,192,48,PERF_DATA_MISSING=192,,26dae1f99b2b50fb17118f38d8a8e95dfac3357c
sgl-project/DeepSeek-V4-Flash-FP8,DeepseekV4ForCausalLM,b200_sxm,trtllm,1.3.0rc10,FAIL,Strict-native op-level FPE probes: PERF_DATA_MISSING=192; raw probes=192; topologies=48; source_sha=26dae1f99b2b50fb17118f38d8a8e95dfac3357c. Representative failure: perf database error: perf database error: no MHC module rows loaded from 1 source(s) (first: <repo>/python/aisimulate/src/aiconfigurator_core/systems/data/b200_sxm/trtllm/1.3.0rc10/mhc_module_perf.parquet),"python python/aisimulate/tools/support_matrix/generate_fpe_support_matrix.py --model ""sgl-project/DeepSeek-V4-Flash-FP8"" --system ""b200_sxm"" --backend ""trtllm"" --backend-version ""1.3.0rc10"" --forward-model op_level --max-workers 8",,192,48,PERF_DATA_MISSING=192,,26dae1f99b2b50fb17118f38d8a8e95dfac3357c
sgl-project/DeepSeek-V4-Flash-FP8,DeepseekV4ForCausalLM,b200_sxm,trtllm,1.3.0rc15,FAIL,Strict-native op-level FPE probes: PERF_DATA_MISSING=192; raw probes=192; topologies=48; source_sha=26dae1f99b2b50fb17118f38d8a8e95dfac3357c. Representative failure: perf database error: perf database error: no MHC module rows loaded from 1 source(s) (first: <repo>/python/aisimulate/src/aiconfigurator_core/systems/data/b200_sxm/trtllm/1.3.0rc15/mhc_module_perf.parquet),"python python/aisimulate/tools/support_matrix/generate_fpe_support_matrix.py --model ""sgl-project/DeepSeek-V4-Flash-FP8"" --system ""b200_sxm"" --backend ""trtllm"" --backend-version ""1.3.0rc15"" --forward-model op_level --max-workers 8",,192,48,PERF_DATA_MISSING=192,,26dae1f99b2b50fb17118f38d8a8e95dfac3357c
sgl-project/DeepSeek-V4-Flash-FP8,DeepseekV4ForCausalLM,b200_sxm,trtllm,1.3.0rc20,FAIL,Strict-native op-level FPE probes: PERF_DATA_MISSING=192; raw probes=192; topologies=48; source_sha=26dae1f99b2b50fb17118f38d8a8e95dfac3357c. Representative failure: perf database error: perf database error: no DSV4 module rows loaded from 1 source(s) (first: <repo>/python/aisimulate/src/aiconfigurator_core/systems/data/b200_sxm/trtllm/1.3.0rc20/dsv4_csa_context_module_perf.parquet),"python python/aisimulate/tools/support_matrix/generate_fpe_support_matrix.py --model ""sgl-project/DeepSeek-V4-Flash-FP8"" --system ""b200_sxm"" --backend ""trtllm"" --backend-version ""1.3.0rc20"" --forward-model op_level --max-workers 8",,192,48,PERF_DATA_MISSING=192,,26dae1f99b2b50fb17118f38d8a8e95dfac3357c
sgl-project/DeepSeek-V4-Flash-FP8,DeepseekV4ForCausalLM,b200_sxm,trtllm,1.3.0rc23,PASS,,"python python/aisimulate/tools/support_matrix/generate_fpe_support_matrix.py --model ""sgl-project/DeepSeek-V4-Flash-FP8"" --system ""b200_sxm"" --backend ""trtllm"" --backend-version ""1.3.0rc23"" --forward-model op_level --max-workers 8",silicon,192,48,PASS=192,"decode_end=5013.854840, decode_start=19.678605, mixed=53.340209, prefill=48.814849",26dae1f99b2b50fb17118f38d8a8e95dfac3357c
sgl-project/DeepSeek-V4-Flash-FP8,DeepseekV4ForCausalLM,b200_sxm,vllm,0.1.dev19262,FAIL,Strict-native op-level FPE probes: PERF_DATA_MISSING=192; raw probes=192; topologies=48; source_sha=26dae1f99b2b50fb17118f38d8a8e95dfac3357c. Representative failure: perf database error: perf database error: no MHC module rows loaded from 1 source(s) (first: <repo>/python/aisimulate/src/aiconfigurator_core/systems/data/b200_sxm/vllm/0.1.dev19262/mhc_module_perf.parquet),"python python/aisimulate/tools/support_matrix/generate_fpe_support_matrix.py --model ""sgl-project/DeepSeek-V4-Flash-FP8"" --system ""b200_sxm"" --backend ""vllm"" --backend-version ""0.1.dev19262"" --forward-model op_level --max-workers 8",,192,48,PERF_DATA_MISSING=192,,26dae1f99b2b50fb17118f38d8a8e95dfac3357c
sgl-project/DeepSeek-V4-Flash-FP8,DeepseekV4ForCausalLM,b200_sxm,vllm,0.19.0,FAIL,Strict-native op-level FPE probes: PERF_DATA_MISSING=192; raw probes=192; topologies=48; source_sha=26dae1f99b2b50fb17118f38d8a8e95dfac3357c. Representative failure: perf database error: perf database error: no MHC module rows loaded from 1 source(s) (first: <repo>/python/aisimulate/src/aiconfigurator_core/systems/data/b200_sxm/vllm/0.19.0/mhc_module_perf.parquet),"python python/aisimulate/tools/support_matrix/generate_fpe_support_matrix.py --model ""sgl-project/DeepSeek-V4-Flash-FP8"" --system ""b200_sxm"" --backend ""vllm"" --backend-version ""0.19.0"" --forward-model op_level --max-workers 8",,192,48,PERF_DATA_MISSING=192,,26dae1f99b2b50fb17118f38d8a8e95dfac3357c
sgl-project/DeepSeek-V4-Flash-FP8,DeepseekV4ForCausalLM,b200_sxm,vllm,0.22.0,PASS,,"python python/aisimulate/tools/support_matrix/generate_fpe_support_matrix.py --model ""sgl-project/DeepSeek-V4-Flash-FP8"" --system ""b200_sxm"" --backend ""vllm"" --backend-version ""0.22.0"" --forward-model op_level --max-workers 8",silicon,192,48,PASS=192,"decode_end=4794.061708, decode_start=18.826912, mixed=86.677726, prefill=77.314426",26dae1f99b2b50fb17118f38d8a8e95dfac3357c
sgl-project/DeepSeek-V4-Flash-FP8,DeepseekV4ForCausalLM,b200_sxm,vllm,0.24.0,PASS,,"python python/aisimulate/tools/support_matrix/generate_fpe_support_matrix.py --model ""sgl-project/DeepSeek-V4-Flash-FP8"" --system ""b200_sxm"" --backend ""vllm"" --backend-version ""0.24.0"" --forward-model op_level --max-workers 8",silicon,192,48,PASS=192,"decode_end=5059.190129, decode_start=19.866631, mixed=60.843418, prefill=53.737665",26dae1f99b2b50fb17118f38d8a8e95dfac3357c
sgl-project/DeepSeek-V4-Pro-FP8,DeepseekV4ForCausalLM,b200_sxm,sglang,0.5.10,PASS,,"python python/aisimulate/tools/support_matrix/generate_fpe_support_matrix.py --model ""sgl-project/DeepSeek-V4-Pro-FP8"" --system ""b200_sxm"" --backend ""sglang"" --backend-version ""0.5.10"" --forward-model op_level --max-workers 8",silicon,800,200,"PASS=128, PERF_DATA_MISSING=212, SDK_UNREPRESENTABLE=460","decode_end=10379.966203, decode_start=40.704092, mixed=107.736706, prefill=94.957940",26dae1f99b2b50fb17118f38d8a8e95dfac3357c
sgl-project/DeepSeek-V4-Pro-FP8,DeepseekV4ForCausalLM,b200_sxm,sglang,0.5.12,PASS,,"python python/aisimulate/tools/support_matrix/generate_fpe_support_matrix.py --model ""sgl-project/DeepSeek-V4-Pro-FP8"" --system ""b200_sxm"" --backend ""sglang"" --backend-version ""0.5.12"" --forward-model op_level --max-workers 8",silicon,800,200,"PASS=320, PERF_DATA_MISSING=20, SDK_UNREPRESENTABLE=460","decode_end=12220.175217, decode_start=47.903866, mixed=223.854537, prefill=214.253621",26dae1f99b2b50fb17118f38d8a8e95dfac3357c
sgl-project/DeepSeek-V4-Pro-FP8,DeepseekV4ForCausalLM,b200_sxm,sglang,0.5.14,PASS,,"python python/aisimulate/tools/support_matrix/generate_fpe_support_matrix.py --model ""sgl-project/DeepSeek-V4-Pro-FP8"" --system ""b200_sxm"" --backend ""sglang"" --backend-version ""0.5.14"" --forward-model op_level --max-workers 8",silicon,800,200,"PASS=320, PERF_DATA_MISSING=20, SDK_UNREPRESENTABLE=460","decode_end=12220.175217, decode_start=47.903866, mixed=223.854537, prefill=214.253621",26dae1f99b2b50fb17118f38d8a8e95dfac3357c
sgl-project/DeepSeek-V4-Pro-FP8,DeepseekV4ForCausalLM,b200_sxm,sglang,0.5.16,PASS,,"python python/aisimulate/tools/support_matrix/generate_fpe_support_matrix.py --model ""sgl-project/DeepSeek-V4-Pro-FP8"" --system ""b200_sxm"" --backend ""sglang"" --backend-version ""0.5.16"" --forward-model op_level --max-workers 8",silicon,800,200,"PASS=320, PERF_DATA_MISSING=20, SDK_UNREPRESENTABLE=460","decode_end=12220.175217, decode_start=47.903866, mixed=223.854537, prefill=214.253621",26dae1f99b2b50fb17118f38d8a8e95dfac3357c
sgl-project/DeepSeek-V4-Pro-FP8,DeepseekV4ForCausalLM,b200_sxm,sglang,0.5.9,FAIL,"Strict-native op-level FPE probes: PERF_DATA_MISSING=340, SDK_UNREPRESENTABLE=460; raw probes=800; topologies=200; source_sha=26dae1f99b2b50fb17118f38d8a8e95dfac3357c. Representative failure: perf database error: perf database error: no MHC module rows loaded from 1 source(s) (first: <repo>/python/aisimulate/src/aiconfigurator_core/systems/data/b200_sxm/sglang/0.5.9/mhc_module_perf.parquet)","python python/aisimulate/tools/support_matrix/generate_fpe_support_matrix.py --model ""sgl-project/DeepSeek-V4-Pro-FP8"" --system ""b200_sxm"" --backend ""sglang"" --backend-version ""0.5.9"" --forward-model op_level --max-workers 8",,800,200,"PERF_DATA_MISSING=340, SDK_UNREPRESENTABLE=460",,26dae1f99b2b50fb17118f38d8a8e95dfac3357c
sgl-project/DeepSeek-V4-Pro-FP8,DeepseekV4ForCausalLM,b200_sxm,trtllm,1.2.0rc5,FAIL,Strict-native op-level FPE probes: PERF_DATA_MISSING=192; raw probes=192; topologies=48; source_sha=26dae1f99b2b50fb17118f38d8a8e95dfac3357c. Representative failure: perf database error: perf database error: no MHC module rows loaded from 1 source(s) (first: <repo>/python/aisimulate/src/aiconfigurator_core/systems/data/b200_sxm/trtllm/1.2.0rc5/mhc_module_perf.parquet),"python python/aisimulate/tools/support_matrix/generate_fpe_support_matrix.py --model ""sgl-project/DeepSeek-V4-Pro-FP8"" --system ""b200_sxm"" --backend ""trtllm"" --backend-version ""1.2.0rc5"" --forward-model op_level --max-workers 8",,192,48,PERF_DATA_MISSING=192,,26dae1f99b2b50fb17118f38d8a8e95dfac3357c
sgl-project/DeepSeek-V4-Pro-FP8,DeepseekV4ForCausalLM,b200_sxm,trtllm,1.3.0rc10,FAIL,Strict-native op-level FPE probes: PERF_DATA_MISSING=192; raw probes=192; topologies=48; source_sha=26dae1f99b2b50fb17118f38d8a8e95dfac3357c. Representative failure: perf database error: perf database error: no MHC module rows loaded from 1 source(s) (first: <repo>/python/aisimulate/src/aiconfigurator_core/systems/data/b200_sxm/trtllm/1.3.0rc10/mhc_module_perf.parquet),"python python/aisimulate/tools/support_matrix/generate_fpe_support_matrix.py --model ""sgl-project/DeepSeek-V4-Pro-FP8"" --system ""b200_sxm"" --backend ""trtllm"" --backend-version ""1.3.0rc10"" --forward-model op_level --max-workers 8",,192,48,PERF_DATA_MISSING=192,,26dae1f99b2b50fb17118f38d8a8e95dfac3357c
sgl-project/DeepSeek-V4-Pro-FP8,DeepseekV4ForCausalLM,b200_sxm,trtllm,1.3.0rc15,FAIL,Strict-native op-level FPE probes: PERF_DATA_MISSING=192; raw probes=192; topologies=48; source_sha=26dae1f99b2b50fb17118f38d8a8e95dfac3357c. Representative failure: perf database error: perf database error: no MHC module rows loaded from 1 source(s) (first: <repo>/python/aisimulate/src/aiconfigurator_core/systems/data/b200_sxm/trtllm/1.3.0rc15/mhc_module_perf.parquet),"python python/aisimulate/tools/support_matrix/generate_fpe_support_matrix.py --model ""sgl-project/DeepSeek-V4-Pro-FP8"" --system ""b200_sxm"" --backend ""trtllm"" --backend-version ""1.3.0rc15"" --forward-model op_level --max-workers 8",,192,48,PERF_DATA_MISSING=192,,26dae1f99b2b50fb17118f38d8a8e95dfac3357c
sgl-project/DeepSeek-V4-Pro-FP8,DeepseekV4ForCausalLM,b200_sxm,trtllm,1.3.0rc20,FAIL,"Strict-native op-level FPE probes: PERF_DATA_MISSING=192; raw probes=192; topologies=48; source_sha=26dae1f99b2b50fb17118f38d8a8e95dfac3357c. Representative failure: perf database error: MoE data missing for MoeKey { quant: ""fp8_block"", distribution: ""power_law_1.01"", topk: 6, num_experts: 384, hidden_size: 7168, inter_size: 3072, moe_tp_size: 16, moe_ep_size: 1 } at <repo>/python/aisimulate/src/aiconfigurator_core/systems/data/b200_sxm/trtllm/1.3.0rc20","python python/aisimulate/tools/support_matrix/generate_fpe_support_matrix.py --model ""sgl-project/DeepSeek-V4-Pro-FP8"" --system ""b200_sxm"" --backend ""trtllm"" --backend-version ""1.3.0rc20"" --forward-model op_level --max-workers 8",,192,48,PERF_DATA_MISSING=192,,26dae1f99b2b50fb17118f38d8a8e95dfac3357c
sgl-project/DeepSeek-V4-Pro-FP8,DeepseekV4ForCausalLM,b200_sxm,trtllm,1.3.0rc23,PASS,,"python python/aisimulate/tools/support_matrix/generate_fpe_support_matrix.py --model ""sgl-project/DeepSeek-V4-Pro-FP8"" --system ""b200_sxm"" --backend ""trtllm"" --backend-version ""1.3.0rc23"" --forward-model op_level --max-workers 8",silicon,192,48,"PASS=184, PERF_DATA_MISSING=8","decode_end=13924.629210, decode_start=54.684394, mixed=208.489217, prefill=200.168193",26dae1f99b2b50fb17118f38d8a8e95dfac3357c
sgl-project/DeepSeek-V4-Pro-FP8,DeepseekV4ForCausalLM,b200_sxm,vllm,0.1.dev19262,FAIL,Strict-native op-level FPE probes: PERF_DATA_MISSING=192; raw probes=192; topologies=48; source_sha=26dae1f99b2b50fb17118f38d8a8e95dfac3357c. Representative failure: perf database error: perf database error: no MHC module rows loaded from 1 source(s) (first: <repo>/python/aisimulate/src/aiconfigurator_core/systems/data/b200_sxm/vllm/0.1.dev19262/mhc_module_perf.parquet),"python python/aisimulate/tools/support_matrix/generate_fpe_support_matrix.py --model ""sgl-project/DeepSeek-V4-Pro-FP8"" --system ""b200_sxm"" --backend ""vllm"" --backend-version ""0.1.dev19262"" --forward-model op_level --max-workers 8",,192,48,PERF_DATA_MISSING=192,,26dae1f99b2b50fb17118f38d8a8e95dfac3357c
sgl-project/DeepSeek-V4-Pro-FP8,DeepseekV4ForCausalLM,b200_sxm,vllm,0.19.0,FAIL,Strict-native op-level FPE probes: PERF_DATA_MISSING=192; raw probes=192; topologies=48; source_sha=26dae1f99b2b50fb17118f38d8a8e95dfac3357c. Representative failure: perf database error: perf database error: no MHC module rows loaded from 1 source(s) (first: <repo>/python/aisimulate/src/aiconfigurator_core/systems/data/b200_sxm/vllm/0.19.0/mhc_module_perf.parquet),"python python/aisimulate/tools/support_matrix/generate_fpe_support_matrix.py --model ""sgl-project/DeepSeek-V4-Pro-FP8"" --system ""b200_sxm"" --backend ""vllm"" --backend-version ""0.19.0"" --forward-model op_level --max-workers 8",,192,48,PERF_DATA_MISSING=192,,26dae1f99b2b50fb17118f38d8a8e95dfac3357c
sgl-project/DeepSeek-V4-Pro-FP8,DeepseekV4ForCausalLM,b200_sxm,vllm,0.22.0,PASS,,"python python/aisimulate/tools/support_matrix/generate_fpe_support_matrix.py --model ""sgl-project/DeepSeek-V4-Pro-FP8"" --system ""b200_sxm"" --backend ""vllm"" --backend-version ""0.22.0"" --forward-model op_level --max-workers 8",silicon,192,48,"PASS=172, PERF_DATA_MISSING=20","decode_end=11004.794988, decode_start=43.198766, mixed=327.638701, prefill=311.565108",26dae1f99b2b50fb17118f38d8a8e95dfac3357c
sgl-project/DeepSeek-V4-Pro-FP8,DeepseekV4ForCausalLM,b200_sxm,vllm,0.24.0,PASS,,"python python/aisimulate/tools/support_matrix/generate_fpe_support_matrix.py --model ""sgl-project/DeepSeek-V4-Pro-FP8"" --system ""b200_sxm"" --backend ""vllm"" --backend-version ""0.24.0"" --forward-model op_level --max-workers 8",silicon,192,48,"PASS=172, PERF_DATA_MISSING=20","decode_end=9866.371368, decode_start=38.734359, mixed=198.448580, prefill=182.912726",26dae1f99b2b50fb17118f38d8a8e95dfac3357c
stepfun-ai/Step-3.7-Flash,Step3p7FlashForCausalLM,b200_sxm,sglang,0.5.10,FAIL,"Strict-native op-level FPE probes: PERF_DATA_MISSING=220, SDK_UNREPRESENTABLE=320; raw probes=540; topologies=135; source_sha=26dae1f99b2b50fb17118f38d8a8e95dfac3357c. Representative failure: perf database error: MoE data missing for MoeKey { quant: ""bfloat16"", distribution: ""power_law_1.01"", topk: 8, num_experts: 288, hidden_size: 4096, inter_size: 1280, moe_tp_size: 1, moe_ep_size: 1 } at <repo>/python/aisimulate/src/aiconfigurator_core/systems/data/b200_sxm/sglang/0.5.10","python python/aisimulate/tools/support_matrix/generate_fpe_support_matrix.py --model ""stepfun-ai/Step-3.7-Flash"" --system ""b200_sxm"" --backend ""sglang"" --backend-version ""0.5.10"" --forward-model op_level --max-workers 8",,540,135,"PERF_DATA_MISSING=220, SDK_UNREPRESENTABLE=320",,26dae1f99b2b50fb17118f38d8a8e95dfac3357c
stepfun-ai/Step-3.7-Flash,Step3p7FlashForCausalLM,b200_sxm,sglang,0.5.12,FAIL,"Strict-native op-level FPE probes: PERF_DATA_MISSING=220, SDK_UNREPRESENTABLE=320; raw probes=540; topologies=135; source_sha=26dae1f99b2b50fb17118f38d8a8e95dfac3357c. Representative failure: perf database error: MoE data missing for MoeKey { quant: ""bfloat16"", distribution: ""power_law_1.01"", topk: 8, num_experts: 288, hidden_size: 4096, inter_size: 1280, moe_tp_size: 1, moe_ep_size: 1 } at <repo>/python/aisimulate/src/aiconfigurator_core/systems/data/b200_sxm/sglang/0.5.12","python python/aisimulate/tools/support_matrix/generate_fpe_support_matrix.py --model ""stepfun-ai/Step-3.7-Flash"" --system ""b200_sxm"" --backend ""sglang"" --backend-version ""0.5.12"" --forward-model op_level --max-workers 8",,540,135,"PERF_DATA_MISSING=220, SDK_UNREPRESENTABLE=320",,26dae1f99b2b50fb17118f38d8a8e95dfac3357c
stepfun-ai/Step-3.7-Flash,Step3p7FlashForCausalLM,b200_sxm,sglang,0.5.14,FAIL,"Strict-native op-level FPE probes: PERF_DATA_MISSING=220, SDK_UNREPRESENTABLE=320; raw probes=540; topologies=135; source_sha=26dae1f99b2b50fb17118f38d8a8e95dfac3357c. Representative failure: perf database error: MoE data missing for MoeKey { quant: ""bfloat16"", distribution: ""power_law_1.01"", topk: 8, num_experts: 288, hidden_size: 4096, inter_size: 1280, moe_tp_size: 1, moe_ep_size: 1 } at <repo>/python/aisimulate/src/aiconfigurator_core/systems/data/b200_sxm/sglang/0.5.14","python python/aisimulate/tools/support_matrix/generate_fpe_support_matrix.py --model ""stepfun-ai/Step-3.7-Flash"" --system ""b200_sxm"" --backend ""sglang"" --backend-version ""0.5.14"" --forward-model op_level --max-workers 8",,540,135,"PERF_DATA_MISSING=220, SDK_UNREPRESENTABLE=320",,26dae1f99b2b50fb17118f38d8a8e95dfac3357c
stepfun-ai/Step-3.7-Flash,Step3p7FlashForCausalLM,b200_sxm,sglang,0.5.16,FAIL,"Strict-native op-level FPE probes: PERF_DATA_MISSING=220, SDK_UNREPRESENTABLE=320; raw probes=540; topologies=135; source_sha=26dae1f99b2b50fb17118f38d8a8e95dfac3357c. Representative failure: perf database error: MoE data missing for MoeKey { quant: ""bfloat16"", distribution: ""power_law_1.01"", topk: 8, num_experts: 288, hidden_size: 4096, inter_size: 1280, moe_tp_size: 1, moe_ep_size: 1 } at <repo>/python/aisimulate/src/aiconfigurator_core/systems/data/b200_sxm/sglang/0.5.16","python python/aisimulate/tools/support_matrix/generate_fpe_support_matrix.py --model ""stepfun-ai/Step-3.7-Flash"" --system ""b200_sxm"" --backend ""sglang"" --backend-version ""0.5.16"" --forward-model op_level --max-workers 8",,540,135,"PERF_DATA_MISSING=220, SDK_UNREPRESENTABLE=320",,26dae1f99b2b50fb17118f38d8a8e95dfac3357c
stepfun-ai/Step-3.7-Flash,Step3p7FlashForCausalLM,b200_sxm,sglang,0.5.9,FAIL,"Strict-native op-level FPE probes: PERF_DATA_MISSING=220, SDK_UNREPRESENTABLE=320; raw probes=540; topologies=135; source_sha=26dae1f99b2b50fb17118f38d8a8e95dfac3357c. Representative failure: perf database error: MoE data missing for MoeKey { quant: ""bfloat16"", distribution: ""power_law_1.01"", topk: 8, num_experts: 288, hidden_size: 4096, inter_size: 1280, moe_tp_size: 1, moe_ep_size: 1 } at <repo>/python/aisimulate/src/aiconfigurator_core/systems/data/b200_sxm/sglang/0.5.9","python python/aisimulate/tools/support_matrix/generate_fpe_support_matrix.py --model ""stepfun-ai/Step-3.7-Flash"" --system ""b200_sxm"" --backend ""sglang"" --backend-version ""0.5.9"" --forward-model op_level --max-workers 8",,540,135,"PERF_DATA_MISSING=220, SDK_UNREPRESENTABLE=320",,26dae1f99b2b50fb17118f38d8a8e95dfac3357c
stepfun-ai/Step-3.7-Flash,Step3p7FlashForCausalLM,b200_sxm,trtllm,1.2.0rc5,FAIL,"Strict-native op-level FPE probes: PERF_DATA_MISSING=116; raw probes=116; topologies=29; source_sha=26dae1f99b2b50fb17118f38d8a8e95dfac3357c. Representative failure: perf database error: MoE data missing for MoeKey { quant: ""bfloat16"", distribution: ""power_law_1.01"", topk: 8, num_experts: 288, hidden_size: 4096, inter_size: 1280, moe_tp_size: 1, moe_ep_size: 1 } at <repo>/python/aisimulate/src/aiconfigurator_core/systems/data/b200_sxm/trtllm/1.2.0rc5","python python/aisimulate/tools/support_matrix/generate_fpe_support_matrix.py --model ""stepfun-ai/Step-3.7-Flash"" --system ""b200_sxm"" --backend ""trtllm"" --backend-version ""1.2.0rc5"" --forward-model op_level --max-workers 8",,116,29,PERF_DATA_MISSING=116,,26dae1f99b2b50fb17118f38d8a8e95dfac3357c
stepfun-ai/Step-3.7-Flash,Step3p7FlashForCausalLM,b200_sxm,trtllm,1.3.0rc10,FAIL,"Strict-native op-level FPE probes: PERF_DATA_MISSING=116; raw probes=116; topologies=29; source_sha=26dae1f99b2b50fb17118f38d8a8e95dfac3357c. Representative failure: perf database error: MoE data missing for MoeKey { quant: ""bfloat16"", distribution: ""power_law_1.01"", topk: 8, num_experts: 288, hidden_size: 4096, inter_size: 1280, moe_tp_size: 1, moe_ep_size: 1 } at <repo>/python/aisimulate/src/aiconfigurator_core/systems/data/b200_sxm/trtllm/1.3.0rc10","python python/aisimulate/tools/support_matrix/generate_fpe_support_matrix.py --model ""stepfun-ai/Step-3.7-Flash"" --system ""b200_sxm"" --backend ""trtllm"" --backend-version ""1.3.0rc10"" --forward-model op_level --max-workers 8",,116,29,PERF_DATA_MISSING=116,,26dae1f99b2b50fb17118f38d8a8e95dfac3357c
stepfun-ai/Step-3.7-Flash,Step3p7FlashForCausalLM,b200_sxm,trtllm,1.3.0rc15,FAIL,"Strict-native op-level FPE probes: PERF_DATA_MISSING=116; raw probes=116; topologies=29; source_sha=26dae1f99b2b50fb17118f38d8a8e95dfac3357c. Representative failure: perf database error: MoE data missing for MoeKey { quant: ""bfloat16"", distribution: ""power_law_1.01"", topk: 8, num_experts: 288, hidden_size: 4096, inter_size: 1280, moe_tp_size: 1, moe_ep_size: 1 } at <repo>/python/aisimulate/src/aiconfigurator_core/systems/data/b200_sxm/trtllm/1.3.0rc15","python python/aisimulate/tools/support_matrix/generate_fpe_support_matrix.py --model ""stepfun-ai/Step-3.7-Flash"" --system ""b200_sxm"" --backend ""trtllm"" --backend-version ""1.3.0rc15"" --forward-model op_level --max-workers 8",,116,29,PERF_DATA_MISSING=116,,26dae1f99b2b50fb17118f38d8a8e95dfac3357c
stepfun-ai/Step-3.7-Flash,Step3p7FlashForCausalLM,b200_sxm,trtllm,1.3.0rc20,FAIL,"Strict-native op-level FPE probes: PERF_DATA_MISSING=116; raw probes=116; topologies=29; source_sha=26dae1f99b2b50fb17118f38d8a8e95dfac3357c. Representative failure: perf database error: MoE data missing for MoeKey { quant: ""bfloat16"", distribution: ""power_law_1.01"", topk: 8, num_experts: 288, hidden_size: 4096, inter_size: 1280, moe_tp_size: 1, moe_ep_size: 1 } at <repo>/python/aisimulate/src/aiconfigurator_core/systems/data/b200_sxm/trtllm/1.3.0rc20","python python/aisimulate/tools/support_matrix/generate_fpe_support_matrix.py --model ""stepfun-ai/Step-3.7-Flash"" --system ""b200_sxm"" --backend ""trtllm"" --backend-version ""1.3.0rc20"" --forward-model op_level --max-workers 8",,116,29,PERF_DATA_MISSING=116,,26dae1f99b2b50fb17118f38d8a8e95dfac3357c
stepfun-ai/Step-3.7-Flash,Step3p7FlashForCausalLM,b200_sxm,trtllm,1.3.0rc23,FAIL,"Strict-native op-level FPE probes: PERF_DATA_MISSING=116; raw probes=116; topologies=29; source_sha=26dae1f99b2b50fb17118f38d8a8e95dfac3357c. Representative failure: perf database error: MoE data missing for MoeKey { quant: ""bfloat16"", distribution: ""power_law_1.01"", topk: 8, num_experts: 288, hidden_size: 4096, inter_size: 1280, moe_tp_size: 1, moe_ep_size: 1 } at <repo>/python/aisimulate/src/aiconfigurator_core/systems/data/b200_sxm/trtllm/1.3.0rc23","python python/aisimulate/tools/support_matrix/generate_fpe_support_matrix.py --model ""stepfun-ai/Step-3.7-Flash"" --system ""b200_sxm"" --backend ""trtllm"" --backend-version ""1.3.0rc23"" --forward-model op_level --max-workers 8",,116,29,PERF_DATA_MISSING=116,,26dae1f99b2b50fb17118f38d8a8e95dfac3357c
stepfun-ai/Step-3.7-Flash,Step3p7FlashForCausalLM,b200_sxm,vllm,0.1.dev19262,FAIL,Strict-native op-level FPE probes: PERF_DATA_MISSING=116; raw probes=116; topologies=29; source_sha=26dae1f99b2b50fb17118f38d8a8e95dfac3357c. Representative failure: perf database error: perf database error: no GEMM rows loaded from 1 source(s) (first: <repo>/python/aisimulate/src/aiconfigurator_core/systems/data/b200_sxm/vllm/0.1.dev19262/gemm_perf.parquet),"python python/aisimulate/tools/support_matrix/generate_fpe_support_matrix.py --model ""stepfun-ai/Step-3.7-Flash"" --system ""b200_sxm"" --backend ""vllm"" --backend-version ""0.1.dev19262"" --forward-model op_level --max-workers 8",,116,29,PERF_DATA_MISSING=116,,26dae1f99b2b50fb17118f38d8a8e95dfac3357c
stepfun-ai/Step-3.7-Flash,Step3p7FlashForCausalLM,b200_sxm,vllm,0.19.0,FAIL,"Strict-native op-level FPE probes: PERF_DATA_MISSING=116; raw probes=116; topologies=29; source_sha=26dae1f99b2b50fb17118f38d8a8e95dfac3357c. Representative failure: perf database error: MoE data missing for MoeKey { quant: ""bfloat16"", distribution: ""power_law_1.01"", topk: 8, num_experts: 288, hidden_size: 4096, inter_size: 1280, moe_tp_size: 1, moe_ep_size: 1 } at <repo>/python/aisimulate/src/aiconfigurator_core/systems/data/b200_sxm/vllm/0.19.0","python python/aisimulate/tools/support_matrix/generate_fpe_support_matrix.py --model ""stepfun-ai/Step-3.7-Flash"" --system ""b200_sxm"" --backend ""vllm"" --backend-version ""0.19.0"" --forward-model op_level --max-workers 8",,116,29,PERF_DATA_MISSING=116,,26dae1f99b2b50fb17118f38d8a8e95dfac3357c
stepfun-ai/Step-3.7-Flash,Step3p7FlashForCausalLM,b200_sxm,vllm,0.22.0,FAIL,"Strict-native op-level FPE probes: PERF_DATA_MISSING=116; raw probes=116; topologies=29; source_sha=26dae1f99b2b50fb17118f38d8a8e95dfac3357c. Representative failure: perf database error: MoE data missing for MoeKey { quant: ""bfloat16"", distribution: ""power_law_1.01"", topk: 8, num_experts: 288, hidden_size: 4096, inter_size: 1280, moe_tp_size: 1, moe_ep_size: 1 } at <repo>/python/aisimulate/src/aiconfigurator_core/systems/data/b200_sxm/vllm/0.22.0","python python/aisimulate/tools/support_matrix/generate_fpe_support_matrix.py --model ""stepfun-ai/Step-3.7-Flash"" --system ""b200_sxm"" --backend ""vllm"" --backend-version ""0.22.0"" --forward-model op_level --max-workers 8",,116,29,PERF_DATA_MISSING=116,,26dae1f99b2b50fb17118f38d8a8e95dfac3357c
stepfun-ai/Step-3.7-Flash,Step3p7FlashForCausalLM,b200_sxm,vllm,0.24.0,FAIL,"Strict-native op-level FPE probes: PERF_DATA_MISSING=116; raw probes=116; topologies=29; source_sha=26dae1f99b2b50fb17118f38d8a8e95dfac3357c. Representative failure: perf database error: MoE data missing for MoeKey { quant: ""bfloat16"", distribution: ""power_law_1.01"", topk: 8, num_experts: 288, hidden_size: 4096, inter_size: 1280, moe_tp_size: 1, moe_ep_size: 1 } at <repo>/python/aisimulate/src/aiconfigurator_core/systems/data/b200_sxm/vllm/0.24.0","python python/aisimulate/tools/support_matrix/generate_fpe_support_matrix.py --model ""stepfun-ai/Step-3.7-Flash"" --system ""b200_sxm"" --backend ""vllm"" --backend-version ""0.24.0"" --forward-model op_level --max-workers 8",,116,29,PERF_DATA_MISSING=116,,26dae1f99b2b50fb17118f38d8a8e95dfac3357c
stepfun-ai/Step-3.7-Flash-FP8,Step3p7FlashForCausalLM,b200_sxm,sglang,0.5.10,FAIL,"Strict-native op-level FPE probes: BUILD_FAILED=104, PERF_DATA_MISSING=116, SDK_UNREPRESENTABLE=320; raw probes=540; topologies=135; source_sha=26dae1f99b2b50fb17118f38d8a8e95dfac3357c. Representative failure: Invalid quantized MoE configuration: (moe_intermediate_size=1280 / moe_tp_size=16) % weight_block_size=128 != 0.","python python/aisimulate/tools/support_matrix/generate_fpe_support_matrix.py --model ""stepfun-ai/Step-3.7-Flash-FP8"" --system ""b200_sxm"" --backend ""sglang"" --backend-version ""0.5.10"" --forward-model op_level --max-workers 8",,540,135,"BUILD_FAILED=104, PERF_DATA_MISSING=116, SDK_UNREPRESENTABLE=320",,26dae1f99b2b50fb17118f38d8a8e95dfac3357c
stepfun-ai/Step-3.7-Flash-FP8,Step3p7FlashForCausalLM,b200_sxm,sglang,0.5.12,FAIL,"Strict-native op-level FPE probes: BUILD_FAILED=104, PERF_DATA_MISSING=116, SDK_UNREPRESENTABLE=320; raw probes=540; topologies=135; source_sha=26dae1f99b2b50fb17118f38d8a8e95dfac3357c. Representative failure: Invalid quantized MoE configuration: (moe_intermediate_size=1280 / moe_tp_size=16) % weight_block_size=128 != 0.","python python/aisimulate/tools/support_matrix/generate_fpe_support_matrix.py --model ""stepfun-ai/Step-3.7-Flash-FP8"" --system ""b200_sxm"" --backend ""sglang"" --backend-version ""0.5.12"" --forward-model op_level --max-workers 8",,540,135,"BUILD_FAILED=104, PERF_DATA_MISSING=116, SDK_UNREPRESENTABLE=320",,26dae1f99b2b50fb17118f38d8a8e95dfac3357c
stepfun-ai/Step-3.7-Flash-FP8,Step3p7FlashForCausalLM,b200_sxm,sglang,0.5.14,FAIL,"Strict-native op-level FPE probes: BUILD_FAILED=104, PERF_DATA_MISSING=116, SDK_UNREPRESENTABLE=320; raw probes=540; topologies=135; source_sha=26dae1f99b2b50fb17118f38d8a8e95dfac3357c. Representative failure: Invalid quantized MoE configuration: (moe_intermediate_size=1280 / moe_tp_size=16) % weight_block_size=128 != 0.","python python/aisimulate/tools/support_matrix/generate_fpe_support_matrix.py --model ""stepfun-ai/Step-3.7-Flash-FP8"" --system ""b200_sxm"" --backend ""sglang"" --backend-version ""0.5.14"" --forward-model op_level --max-workers 8",,540,135,"BUILD_FAILED=104, PERF_DATA_MISSING=116, SDK_UNREPRESENTABLE=320",,26dae1f99b2b50fb17118f38d8a8e95dfac3357c
stepfun-ai/Step-3.7-Flash-FP8,Step3p7FlashForCausalLM,b200_sxm,sglang,0.5.16,FAIL,"Strict-native op-level FPE probes: BUILD_FAILED=104, PERF_DATA_MISSING=116, SDK_UNREPRESENTABLE=320; raw probes=540; topologies=135; source_sha=26dae1f99b2b50fb17118f38d8a8e95dfac3357c. Representative failure: Invalid quantized MoE configuration: (moe_intermediate_size=1280 / moe_tp_size=16) % weight_block_size=128 != 0.","python python/aisimulate/tools/support_matrix/generate_fpe_support_matrix.py --model ""stepfun-ai/Step-3.7-Flash-FP8"" --system ""b200_sxm"" --backend ""sglang"" --backend-version ""0.5.16"" --forward-model op_level --max-workers 8",,540,135,"BUILD_FAILED=104, PERF_DATA_MISSING=116, SDK_UNREPRESENTABLE=320",,26dae1f99b2b50fb17118f38d8a8e95dfac3357c
stepfun-ai/Step-3.7-Flash-FP8,Step3p7FlashForCausalLM,b200_sxm,sglang,0.5.9,FAIL,"Strict-native op-level FPE probes: BUILD_FAILED=104, PERF_DATA_MISSING=116, SDK_UNREPRESENTABLE=320; raw probes=540; topologies=135; source_sha=26dae1f99b2b50fb17118f38d8a8e95dfac3357c. Representative failure: Invalid quantized MoE configuration: (moe_intermediate_size=1280 / moe_tp_size=16) % weight_block_size=128 != 0.","python python/aisimulate/tools/support_matrix/generate_fpe_support_matrix.py --model ""stepfun-ai/Step-3.7-Flash-FP8"" --system ""b200_sxm"" --backend ""sglang"" --backend-version ""0.5.9"" --forward-model op_level --max-workers 8",,540,135,"BUILD_FAILED=104, PERF_DATA_MISSING=116, SDK_UNREPRESENTABLE=320",,26dae1f99b2b50fb17118f38d8a8e95dfac3357c
stepfun-ai/Step-3.7-Flash-FP8,Step3p7FlashForCausalLM,b200_sxm,trtllm,1.2.0rc5,FAIL,"Strict-native op-level FPE probes: BUILD_FAILED=48, PERF_DATA_MISSING=68; raw probes=116; topologies=29; source_sha=26dae1f99b2b50fb17118f38d8a8e95dfac3357c. Representative failure: Invalid quantized MoE configuration: (moe_intermediate_size=1280 / moe_tp_size=16) % weight_block_size=128 != 0.","python python/aisimulate/tools/support_matrix/generate_fpe_support_matrix.py --model ""stepfun-ai/Step-3.7-Flash-FP8"" --system ""b200_sxm"" --backend ""trtllm"" --backend-version ""1.2.0rc5"" --forward-model op_level --max-workers 8",,116,29,"BUILD_FAILED=48, PERF_DATA_MISSING=68",,26dae1f99b2b50fb17118f38d8a8e95dfac3357c
stepfun-ai/Step-3.7-Flash-FP8,Step3p7FlashForCausalLM,b200_sxm,trtllm,1.3.0rc10,FAIL,"Strict-native op-level FPE probes: BUILD_FAILED=48, PERF_DATA_MISSING=68; raw probes=116; topologies=29; source_sha=26dae1f99b2b50fb17118f38d8a8e95dfac3357c. Representative failure: Invalid quantized MoE configuration: (moe_intermediate_size=1280 / moe_tp_size=16) % weight_block_size=128 != 0.","python python/aisimulate/tools/support_matrix/generate_fpe_support_matrix.py --model ""stepfun-ai/Step-3.7-Flash-FP8"" --system ""b200_sxm"" --backend ""trtllm"" --backend-version ""1.3.0rc10"" --forward-model op_level --max-workers 8",,116,29,"BUILD_FAILED=48, PERF_DATA_MISSING=68",,26dae1f99b2b50fb17118f38d8a8e95dfac3357c
stepfun-ai/Step-3.7-Flash-FP8,Step3p7FlashForCausalLM,b200_sxm,trtllm,1.3.0rc15,FAIL,"Strict-native op-level FPE probes: BUILD_FAILED=48, PERF_DATA_MISSING=68; raw probes=116; topologies=29; source_sha=26dae1f99b2b50fb17118f38d8a8e95dfac3357c. Representative failure: Invalid quantized MoE configuration: (moe_intermediate_size=1280 / moe_tp_size=16) % weight_block_size=128 != 0.","python python/aisimulate/tools/support_matrix/generate_fpe_support_matrix.py --model ""stepfun-ai/Step-3.7-Flash-FP8"" --system ""b200_sxm"" --backend ""trtllm"" --backend-version ""1.3.0rc15"" --forward-model op_level --max-workers 8",,116,29,"BUILD_FAILED=48, PERF_DATA_MISSING=68",,26dae1f99b2b50fb17118f38d8a8e95dfac3357c
stepfun-ai/Step-3.7-Flash-FP8,Step3p7FlashForCausalLM,b200_sxm,trtllm,1.3.0rc20,FAIL,"Strict-native op-level FPE probes: BUILD_FAILED=48, PERF_DATA_MISSING=68; raw probes=116; topologies=29; source_sha=26dae1f99b2b50fb17118f38d8a8e95dfac3357c. Representative failure: Invalid quantized MoE configuration: (moe_intermediate_size=1280 / moe_tp_size=16) % weight_block_size=128 != 0.","python python/aisimulate/tools/support_matrix/generate_fpe_support_matrix.py --model ""stepfun-ai/Step-3.7-Flash-FP8"" --system ""b200_sxm"" --backend ""trtllm"" --backend-version ""1.3.0rc20"" --forward-model op_level --max-workers 8",,116,29,"BUILD_FAILED=48, PERF_DATA_MISSING=68",,26dae1f99b2b50fb17118f38d8a8e95dfac3357c
stepfun-ai/Step-3.7-Flash-FP8,Step3p7FlashForCausalLM,b200_sxm,trtllm,1.3.0rc23,FAIL,"Strict-native op-level FPE probes: BUILD_FAILED=48, PERF_DATA_MISSING=68; raw probes=116; topologies=29; source_sha=26dae1f99b2b50fb17118f38d8a8e95dfac3357c. Representative failure: Invalid quantized MoE configuration: (moe_intermediate_size=1280 / moe_tp_size=16) % weight_block_size=128 != 0.","python python/aisimulate/tools/support_matrix/generate_fpe_support_matrix.py --model ""stepfun-ai/Step-3.7-Flash-FP8"" --system ""b200_sxm"" --backend ""trtllm"" --backend-version ""1.3.0rc23"" --forward-model op_level --max-workers 8",,116,29,"BUILD_FAILED=48, PERF_DATA_MISSING=68",,26dae1f99b2b50fb17118f38d8a8e95dfac3357c
stepfun-ai/Step-3.7-Flash-FP8,Step3p7FlashForCausalLM,b200_sxm,vllm,0.1.dev19262,FAIL,"Strict-native op-level FPE probes: BUILD_FAILED=48, PERF_DATA_MISSING=68; raw probes=116; topologies=29; source_sha=26dae1f99b2b50fb17118f38d8a8e95dfac3357c. Representative failure: Invalid quantized MoE configuration: (moe_intermediate_size=1280 / moe_tp_size=16) % weight_block_size=128 != 0.","python python/aisimulate/tools/support_matrix/generate_fpe_support_matrix.py --model ""stepfun-ai/Step-3.7-Flash-FP8"" --system ""b200_sxm"" --backend ""vllm"" --backend-version ""0.1.dev19262"" --forward-model op_level --max-workers 8",,116,29,"BUILD_FAILED=48, PERF_DATA_MISSING=68",,26dae1f99b2b50fb17118f38d8a8e95dfac3357c
stepfun-ai/Step-3.7-Flash-FP8,Step3p7FlashForCausalLM,b200_sxm,vllm,0.19.0,FAIL,"Strict-native op-level FPE probes: BUILD_FAILED=48, PERF_DATA_MISSING=68; raw probes=116; topologies=29; source_sha=26dae1f99b2b50fb17118f38d8a8e95dfac3357c. Representative failure: Invalid quantized MoE configuration: (moe_intermediate_size=1280 / moe_tp_size=16) % weight_block_size=128 != 0.","python python/aisimulate/tools/support_matrix/generate_fpe_support_matrix.py --model ""stepfun-ai/Step-3.7-Flash-FP8"" --system ""b200_sxm"" --backend ""vllm"" --backend-version ""0.19.0"" --forward-model op_level --max-workers 8",,116,29,"BUILD_FAILED=48, PERF_DATA_MISSING=68",,26dae1f99b2b50fb17118f38d8a8e95dfac3357c
stepfun-ai/Step-3.7-Flash-FP8,Step3p7FlashForCausalLM,b200_sxm,vllm,0.22.0,FAIL,"Strict-native op-level FPE probes: BUILD_FAILED=48, PERF_DATA_MISSING=68; raw probes=116; topologies=29; source_sha=26dae1f99b2b50fb17118f38d8a8e95dfac3357c. Representative failure: Invalid quantized MoE configuration: (moe_intermediate_size=1280 / moe_tp_size=16) % weight_block_size=128 != 0.","python python/aisimulate/tools/support_matrix/generate_fpe_support_matrix.py --model ""stepfun-ai/Step-3.7-Flash-FP8"" --system ""b200_sxm"" --backend ""vllm"" --backend-version ""0.22.0"" --forward-model op_level --max-workers 8",,116,29,"BUILD_FAILED=48, PERF_DATA_MISSING=68",,26dae1f99b2b50fb17118f38d8a8e95dfac3357c
stepfun-ai/Step-3.7-Flash-FP8,Step3p7FlashForCausalLM,b200_sxm,vllm,0.24.0,FAIL,"Strict-native op-level FPE probes: BUILD_FAILED=48, PERF_DATA_MISSING=68; raw probes=116; topologies=29; source_sha=26dae1f99b2b50fb17118f38d8a8e95dfac3357c. Representative failure: Invalid quantized MoE configuration: (moe_intermediate_size=1280 / moe_tp_size=16) % weight_block_size=128 != 0.","python python/aisimulate/tools/support_matrix/generate_fpe_support_matrix.py --model ""stepfun-ai/Step-3.7-Flash-FP8"" --system ""b200_sxm"" --backend ""vllm"" --backend-version ""0.24.0"" --forward-model op_level --max-workers 8",,116,29,"BUILD_FAILED=48, PERF_DATA_MISSING=68",,26dae1f99b2b50fb17118f38d8a8e95dfac3357c
zai-org/GLM-5.2,GlmMoeDsaForCausalLM,b200_sxm,sglang,0.5.10,PASS,,"python python/aisimulate/tools/support_matrix/generate_fpe_support_matrix.py --model ""zai-org/GLM-5.2"" --system ""b200_sxm"" --backend ""sglang"" --backend-version ""0.5.10"" --forward-model op_level --max-workers 8",silicon,800,200,"PASS=340, SDK_UNREPRESENTABLE=460","decode_end=19338.403083, decode_start=75.802884, mixed=706.554980, prefill=692.174326",26dae1f99b2b50fb17118f38d8a8e95dfac3357c
zai-org/GLM-5.2,GlmMoeDsaForCausalLM,b200_sxm,sglang,0.5.12,PASS,,"python python/aisimulate/tools/support_matrix/generate_fpe_support_matrix.py --model ""zai-org/GLM-5.2"" --system ""b200_sxm"" --backend ""sglang"" --backend-version ""0.5.12"" --forward-model op_level --max-workers 8",silicon,800,200,"PASS=340, SDK_UNREPRESENTABLE=460","decode_end=15617.063206, decode_start=61.199327, mixed=229.076430, prefill=218.607653",26dae1f99b2b50fb17118f38d8a8e95dfac3357c
zai-org/GLM-5.2,GlmMoeDsaForCausalLM,b200_sxm,sglang,0.5.14,PASS,,"python python/aisimulate/tools/support_matrix/generate_fpe_support_matrix.py --model ""zai-org/GLM-5.2"" --system ""b200_sxm"" --backend ""sglang"" --backend-version ""0.5.14"" --forward-model op_level --max-workers 8",silicon,800,200,"PASS=340, SDK_UNREPRESENTABLE=460","decode_end=15617.063206, decode_start=61.199327, mixed=229.076430, prefill=218.607653",26dae1f99b2b50fb17118f38d8a8e95dfac3357c
zai-org/GLM-5.2,GlmMoeDsaForCausalLM,b200_sxm,sglang,0.5.16,PASS,,"python python/aisimulate/tools/support_matrix/generate_fpe_support_matrix.py --model ""zai-org/GLM-5.2"" --system ""b200_sxm"" --backend ""sglang"" --backend-version ""0.5.16"" --forward-model op_level --max-workers 8",silicon,800,200,"PASS=340, SDK_UNREPRESENTABLE=460","decode_end=15617.063206, decode_start=61.199327, mixed=229.076430, prefill=218.607653",26dae1f99b2b50fb17118f38d8a8e95dfac3357c
zai-org/GLM-5.2,GlmMoeDsaForCausalLM,b200_sxm,sglang,0.5.9,FAIL,"Strict-native op-level FPE probes: PERF_DATA_MISSING=340, SDK_UNREPRESENTABLE=460; raw probes=800; topologies=200; source_sha=26dae1f99b2b50fb17118f38d8a8e95dfac3357c. Representative failure: perf database error: perf database error: perf database error: no DSA module rows loaded from 1 source(s) (first: <repo>/python/aisimulate/src/aiconfigurator_core/systems/data/b200_sxm/sglang/0.5.9/dsa_context_module_perf.parquet)","python python/aisimulate/tools/support_matrix/generate_fpe_support_matrix.py --model ""zai-org/GLM-5.2"" --system ""b200_sxm"" --backend ""sglang"" --backend-version ""0.5.9"" --forward-model op_level --max-workers 8",,800,200,"PERF_DATA_MISSING=340, SDK_UNREPRESENTABLE=460",,26dae1f99b2b50fb17118f38d8a8e95dfac3357c
zai-org/GLM-5.2,GlmMoeDsaForCausalLM,b200_sxm,trtllm,1.2.0rc5,PASS,,"python python/aisimulate/tools/support_matrix/generate_fpe_support_matrix.py --model ""zai-org/GLM-5.2"" --system ""b200_sxm"" --backend ""trtllm"" --backend-version ""1.2.0rc5"" --forward-model op_level --max-workers 8",silicon,192,48,PASS=192,"decode_end=17418.711055, decode_start=68.169307, mixed=283.324511, prefill=272.009109",26dae1f99b2b50fb17118f38d8a8e95dfac3357c
zai-org/GLM-5.2,GlmMoeDsaForCausalLM,b200_sxm,trtllm,1.3.0rc10,PASS,,"python python/aisimulate/tools/support_matrix/generate_fpe_support_matrix.py --model ""zai-org/GLM-5.2"" --system ""b200_sxm"" --backend ""trtllm"" --backend-version ""1.3.0rc10"" --forward-model op_level --max-workers 8",silicon,192,48,PASS=192,"decode_end=17304.781338, decode_start=67.722524, mixed=281.874526, prefill=270.157237",26dae1f99b2b50fb17118f38d8a8e95dfac3357c
zai-org/GLM-5.2,GlmMoeDsaForCausalLM,b200_sxm,trtllm,1.3.0rc15,PASS,,"python python/aisimulate/tools/support_matrix/generate_fpe_support_matrix.py --model ""zai-org/GLM-5.2"" --system ""b200_sxm"" --backend ""trtllm"" --backend-version ""1.3.0rc15"" --forward-model op_level --max-workers 8",silicon,192,48,PASS=192,"decode_end=17027.011486, decode_start=66.755598, mixed=280.766526, prefill=270.175508",26dae1f99b2b50fb17118f38d8a8e95dfac3357c
zai-org/GLM-5.2,GlmMoeDsaForCausalLM,b200_sxm,trtllm,1.3.0rc20,PASS,,"python python/aisimulate/tools/support_matrix/generate_fpe_support_matrix.py --model ""zai-org/GLM-5.2"" --system ""b200_sxm"" --backend ""trtllm"" --backend-version ""1.3.0rc20"" --forward-model op_level --max-workers 8",silicon,192,48,PASS=192,"decode_end=16731.540248, decode_start=65.566296, mixed=203.855514, prefill=193.850896",26dae1f99b2b50fb17118f38d8a8e95dfac3357c
zai-org/GLM-5.2,GlmMoeDsaForCausalLM,b200_sxm,trtllm,1.3.0rc23,PASS,,"python python/aisimulate/tools/support_matrix/generate_fpe_support_matrix.py --model ""zai-org/GLM-5.2"" --system ""b200_sxm"" --backend ""trtllm"" --backend-version ""1.3.0rc23"" --forward-model op_level --max-workers 8",silicon,192,48,PASS=192,"decode_end=16731.540248, decode_start=65.566296, mixed=203.855514, prefill=193.850896",26dae1f99b2b50fb17118f38d8a8e95dfac3357c
zai-org/GLM-5.2,GlmMoeDsaForCausalLM,b200_sxm,vllm,0.1.dev19262,FAIL,Strict-native op-level FPE probes: PERF_DATA_MISSING=192; raw probes=192; topologies=48; source_sha=26dae1f99b2b50fb17118f38d8a8e95dfac3357c. Representative failure: perf database error: perf database error: no GEMM rows loaded from 1 source(s) (first: <repo>/python/aisimulate/src/aiconfigurator_core/systems/data/b200_sxm/vllm/0.1.dev19262/gemm_perf.parquet),"python python/aisimulate/tools/support_matrix/generate_fpe_support_matrix.py --model ""zai-org/GLM-5.2"" --system ""b200_sxm"" --backend ""vllm"" --backend-version ""0.1.dev19262"" --forward-model op_level --max-workers 8",,192,48,PERF_DATA_MISSING=192,,26dae1f99b2b50fb17118f38d8a8e95dfac3357c
zai-org/GLM-5.2,GlmMoeDsaForCausalLM,b200_sxm,vllm,0.19.0,PASS,,"python python/aisimulate/tools/support_matrix/generate_fpe_support_matrix.py --model ""zai-org/GLM-5.2"" --system ""b200_sxm"" --backend ""vllm"" --backend-version ""0.19.0"" --forward-model op_level --max-workers 8",silicon,192,48,PASS=192,"decode_end=19044.915883, decode_start=74.702940, mixed=320.711467, prefill=301.480434",26dae1f99b2b50fb17118f38d8a8e95dfac3357c
zai-org/GLM-5.2,GlmMoeDsaForCausalLM,b200_sxm,vllm,0.22.0,PASS,,"python python/aisimulate/tools/support_matrix/generate_fpe_support_matrix.py --model ""zai-org/GLM-5.2"" --system ""b200_sxm"" --backend ""vllm"" --backend-version ""0.22.0"" --forward-model op_level --max-workers 8",silicon,192,48,PASS=192,"decode_end=19266.770451, decode_start=75.073288, mixed=303.505021, prefill=284.280741",26dae1f99b2b50fb17118f38d8a8e95dfac3357c
zai-org/GLM-5.2,GlmMoeDsaForCausalLM,b200_sxm,vllm,0.24.0,PASS,,"python python/aisimulate/tools/support_matrix/generate_fpe_support_matrix.py --model ""zai-org/GLM-5.2"" --system ""b200_sxm"" --backend ""vllm"" --backend-version ""0.24.0"" --forward-model op_level --max-workers 8",silicon,192,48,PASS=192,"decode_end=17982.140613, decode_start=70.355041, mixed=295.112848, prefill=275.993297",26dae1f99b2b50fb17118f38d8a8e95dfac3357c
zai-org/GLM-5.2-FP8,GlmMoeDsaForCausalLM,b200_sxm,sglang,0.5.10,PASS,,"python python/aisimulate/tools/support_matrix/generate_fpe_support_matrix.py --model ""zai-org/GLM-5.2-FP8"" --system ""b200_sxm"" --backend ""sglang"" --backend-version ""0.5.10"" --forward-model op_level --max-workers 8",silicon,800,200,"PASS=340, SDK_UNREPRESENTABLE=460","decode_end=12748.043832, decode_start=50.016123, mixed=769.761994, prefill=758.145912",26dae1f99b2b50fb17118f38d8a8e95dfac3357c
zai-org/GLM-5.2-FP8,GlmMoeDsaForCausalLM,b200_sxm,sglang,0.5.12,PASS,,"python python/aisimulate/tools/support_matrix/generate_fpe_support_matrix.py --model ""zai-org/GLM-5.2-FP8"" --system ""b200_sxm"" --backend ""sglang"" --backend-version ""0.5.12"" --forward-model op_level --max-workers 8",silicon,800,200,"PASS=340, SDK_UNREPRESENTABLE=460","decode_end=9533.434496, decode_start=37.336861, mixed=151.422971, prefill=143.782317",26dae1f99b2b50fb17118f38d8a8e95dfac3357c
zai-org/GLM-5.2-FP8,GlmMoeDsaForCausalLM,b200_sxm,sglang,0.5.14,PASS,,"python python/aisimulate/tools/support_matrix/generate_fpe_support_matrix.py --model ""zai-org/GLM-5.2-FP8"" --system ""b200_sxm"" --backend ""sglang"" --backend-version ""0.5.14"" --forward-model op_level --max-workers 8",silicon,800,200,"PASS=340, SDK_UNREPRESENTABLE=460","decode_end=9533.434496, decode_start=37.336861, mixed=151.422971, prefill=143.782317",26dae1f99b2b50fb17118f38d8a8e95dfac3357c
zai-org/GLM-5.2-FP8,GlmMoeDsaForCausalLM,b200_sxm,sglang,0.5.16,PASS,,"python python/aisimulate/tools/support_matrix/generate_fpe_support_matrix.py --model ""zai-org/GLM-5.2-FP8"" --system ""b200_sxm"" --backend ""sglang"" --backend-version ""0.5.16"" --forward-model op_level --max-workers 8",silicon,800,200,"PASS=340, SDK_UNREPRESENTABLE=460","decode_end=9533.434496, decode_start=37.336861, mixed=151.422971, prefill=143.782317",26dae1f99b2b50fb17118f38d8a8e95dfac3357c
zai-org/GLM-5.2-FP8,GlmMoeDsaForCausalLM,b200_sxm,sglang,0.5.9,FAIL,"Strict-native op-level FPE probes: PERF_DATA_MISSING=340, SDK_UNREPRESENTABLE=460; raw probes=800; topologies=200; source_sha=26dae1f99b2b50fb17118f38d8a8e95dfac3357c. Representative failure: perf database error: perf database error: perf database error: no DSA module rows loaded from 1 source(s) (first: <repo>/python/aisimulate/src/aiconfigurator_core/systems/data/b200_sxm/sglang/0.5.9/dsa_context_module_perf.parquet)","python python/aisimulate/tools/support_matrix/generate_fpe_support_matrix.py --model ""zai-org/GLM-5.2-FP8"" --system ""b200_sxm"" --backend ""sglang"" --backend-version ""0.5.9"" --forward-model op_level --max-workers 8",,800,200,"PERF_DATA_MISSING=340, SDK_UNREPRESENTABLE=460",,26dae1f99b2b50fb17118f38d8a8e95dfac3357c
zai-org/GLM-5.2-FP8,GlmMoeDsaForCausalLM,b200_sxm,trtllm,1.2.0rc5,PASS,,"python python/aisimulate/tools/support_matrix/generate_fpe_support_matrix.py --model ""zai-org/GLM-5.2-FP8"" --system ""b200_sxm"" --backend ""trtllm"" --backend-version ""1.2.0rc5"" --forward-model op_level --max-workers 8",silicon,192,48,"PASS=80, PERF_DATA_MISSING=112","decode_end=8487.847852, decode_start=33.221095, mixed=141.784007, prefill=130.367994",26dae1f99b2b50fb17118f38d8a8e95dfac3357c
zai-org/GLM-5.2-FP8,GlmMoeDsaForCausalLM,b200_sxm,trtllm,1.3.0rc10,PASS,,"python python/aisimulate/tools/support_matrix/generate_fpe_support_matrix.py --model ""zai-org/GLM-5.2-FP8"" --system ""b200_sxm"" --backend ""trtllm"" --backend-version ""1.3.0rc10"" --forward-model op_level --max-workers 8",silicon,192,48,"PASS=96, PERF_DATA_MISSING=96","decode_end=7817.762152, decode_start=30.593308, mixed=143.329741, prefill=130.964745",26dae1f99b2b50fb17118f38d8a8e95dfac3357c
zai-org/GLM-5.2-FP8,GlmMoeDsaForCausalLM,b200_sxm,trtllm,1.3.0rc15,PASS,,"python python/aisimulate/tools/support_matrix/generate_fpe_support_matrix.py --model ""zai-org/GLM-5.2-FP8"" --system ""b200_sxm"" --backend ""trtllm"" --backend-version ""1.3.0rc15"" --forward-model op_level --max-workers 8",silicon,192,48,"PASS=96, PERF_DATA_MISSING=96","decode_end=7629.032225, decode_start=29.883782, mixed=142.584441, prefill=130.983016",26dae1f99b2b50fb17118f38d8a8e95dfac3357c
zai-org/GLM-5.2-FP8,GlmMoeDsaForCausalLM,b200_sxm,trtllm,1.3.0rc20,PASS,,"python python/aisimulate/tools/support_matrix/generate_fpe_support_matrix.py --model ""zai-org/GLM-5.2-FP8"" --system ""b200_sxm"" --backend ""trtllm"" --backend-version ""1.3.0rc20"" --forward-model op_level --max-workers 8",silicon,192,48,PASS=192,"decode_end=12765.381082, decode_start=50.026327, mixed=217.759560, prefill=207.787343",26dae1f99b2b50fb17118f38d8a8e95dfac3357c
zai-org/GLM-5.2-FP8,GlmMoeDsaForCausalLM,b200_sxm,trtllm,1.3.0rc23,PASS,,"python python/aisimulate/tools/support_matrix/generate_fpe_support_matrix.py --model ""zai-org/GLM-5.2-FP8"" --system ""b200_sxm"" --backend ""trtllm"" --backend-version ""1.3.0rc23"" --forward-model op_level --max-workers 8",silicon,192,48,PASS=192,"decode_end=12765.381082, decode_start=50.026327, mixed=217.759560, prefill=207.787343",26dae1f99b2b50fb17118f38d8a8e95dfac3357c
zai-org/GLM-5.2-FP8,GlmMoeDsaForCausalLM,b200_sxm,vllm,0.1.dev19262,FAIL,Strict-native op-level FPE probes: PERF_DATA_MISSING=192; raw probes=192; topologies=48; source_sha=26dae1f99b2b50fb17118f38d8a8e95dfac3357c. Representative failure: perf database error: perf database error: no GEMM rows loaded from 1 source(s) (first: <repo>/python/aisimulate/src/aiconfigurator_core/systems/data/b200_sxm/vllm/0.1.dev19262/gemm_perf.parquet),"python python/aisimulate/tools/support_matrix/generate_fpe_support_matrix.py --model ""zai-org/GLM-5.2-FP8"" --system ""b200_sxm"" --backend ""vllm"" --backend-version ""0.1.dev19262"" --forward-model op_level --max-workers 8",,192,48,PERF_DATA_MISSING=192,,26dae1f99b2b50fb17118f38d8a8e95dfac3357c
zai-org/GLM-5.2-FP8,GlmMoeDsaForCausalLM,b200_sxm,vllm,0.19.0,PASS,,"python python/aisimulate/tools/support_matrix/generate_fpe_support_matrix.py --model ""zai-org/GLM-5.2-FP8"" --system ""b200_sxm"" --backend ""vllm"" --backend-version ""0.19.0"" --forward-model op_level --max-workers 8",silicon,192,48,PASS=192,"decode_end=13686.059151, decode_start=53.701412, mixed=279.816180, prefill=259.873403",26dae1f99b2b50fb17118f38d8a8e95dfac3357c
zai-org/GLM-5.2-FP8,GlmMoeDsaForCausalLM,b200_sxm,vllm,0.22.0,PASS,,"python python/aisimulate/tools/support_matrix/generate_fpe_support_matrix.py --model ""zai-org/GLM-5.2-FP8"" --system ""b200_sxm"" --backend ""vllm"" --backend-version ""0.22.0"" --forward-model op_level --max-workers 8",silicon,192,48,PASS=192,"decode_end=13604.466018, decode_start=53.609180, mixed=316.674730, prefill=295.130540",26dae1f99b2b50fb17118f38d8a8e95dfac3357c
zai-org/GLM-5.2-FP8,GlmMoeDsaForCausalLM,b200_sxm,vllm,0.24.0,PASS,,"python python/aisimulate/tools/support_matrix/generate_fpe_support_matrix.py --model ""zai-org/GLM-5.2-FP8"" --system ""b200_sxm"" --backend ""vllm"" --backend-version ""0.24.0"" --forward-model op_level --max-workers 8",silicon,192,48,PASS=192,"decode_end=11883.347005, decode_start=46.859694, mixed=241.638763, prefill=217.708187",26dae1f99b2b50fb17118f38d8a8e95dfac3357c
