HuggingFaceID,Architecture,System,Backend,Version,Mode,Status,ErrMsg,Command,Source,FPEProbeCount,FPETopologyCount,FPEStatusCounts,FPEPhaseLatencyMs,SourceSHA
MiniMaxAI/MiniMax-M2.7,MiniMaxM2ForCausalLM,b60,vllm,0.12.0,agg,FAIL,"Strict-native op-level FPE probes: BUILD_FAILED=36, PERF_DATA_MISSING=80; raw probes=116; topologies=29; source_sha=26dae1f99b2b50fb17118f38d8a8e95dfac3357c. Representative failure: Invalid quantized MoE configuration: (moe_intermediate_size=1536 / moe_tp_size=16) % weight_block_size=128 != 0.","python python/aisimulate/tools/support_matrix/generate_fpe_support_matrix.py --model ""MiniMaxAI/MiniMax-M2.7"" --system ""b60"" --backend ""vllm"" --backend-version ""0.12.0"" --forward-model op_level --max-workers 8",,116,29,"BUILD_FAILED=36, PERF_DATA_MISSING=80",,26dae1f99b2b50fb17118f38d8a8e95dfac3357c
MiniMaxAI/MiniMax-M2.7,MiniMaxM2ForCausalLM,b60,vllm,0.12.0,disagg,FAIL,"Strict-native op-level FPE probes: BUILD_FAILED=54, PERF_DATA_MISSING=120; raw probes=174; topologies=58; source_sha=26dae1f99b2b50fb17118f38d8a8e95dfac3357c. Representative failure: Invalid quantized MoE configuration: (moe_intermediate_size=1536 / moe_tp_size=16) % weight_block_size=128 != 0.","python python/aisimulate/tools/support_matrix/generate_fpe_support_matrix.py --model ""MiniMaxAI/MiniMax-M2.7"" --system ""b60"" --backend ""vllm"" --backend-version ""0.12.0"" --forward-model op_level --max-workers 8",,174,58,"BUILD_FAILED=54, PERF_DATA_MISSING=120",,26dae1f99b2b50fb17118f38d8a8e95dfac3357c
MiniMaxAI/MiniMax-M2.7,MiniMaxM2ForCausalLM,b60,vllm,0.20.0,agg,FAIL,"Strict-native op-level FPE probes: BUILD_FAILED=36, PERF_DATA_MISSING=80; raw probes=116; topologies=29; source_sha=26dae1f99b2b50fb17118f38d8a8e95dfac3357c. Representative failure: Invalid quantized MoE configuration: (moe_intermediate_size=1536 / moe_tp_size=16) % weight_block_size=128 != 0.","python python/aisimulate/tools/support_matrix/generate_fpe_support_matrix.py --model ""MiniMaxAI/MiniMax-M2.7"" --system ""b60"" --backend ""vllm"" --backend-version ""0.20.0"" --forward-model op_level --max-workers 8",,116,29,"BUILD_FAILED=36, PERF_DATA_MISSING=80",,26dae1f99b2b50fb17118f38d8a8e95dfac3357c
MiniMaxAI/MiniMax-M2.7,MiniMaxM2ForCausalLM,b60,vllm,0.20.0,disagg,FAIL,"Strict-native op-level FPE probes: BUILD_FAILED=54, PERF_DATA_MISSING=120; raw probes=174; topologies=58; source_sha=26dae1f99b2b50fb17118f38d8a8e95dfac3357c. Representative failure: Invalid quantized MoE configuration: (moe_intermediate_size=1536 / moe_tp_size=16) % weight_block_size=128 != 0.","python python/aisimulate/tools/support_matrix/generate_fpe_support_matrix.py --model ""MiniMaxAI/MiniMax-M2.7"" --system ""b60"" --backend ""vllm"" --backend-version ""0.20.0"" --forward-model op_level --max-workers 8",,174,58,"BUILD_FAILED=54, PERF_DATA_MISSING=120",,26dae1f99b2b50fb17118f38d8a8e95dfac3357c
MiniMaxAI/MiniMax-M3,MiniMaxM3ForCausalLM,b60,vllm,0.12.0,agg,FAIL,"Strict-native op-level FPE probes: PERF_DATA_MISSING=116; raw probes=116; topologies=29; source_sha=26dae1f99b2b50fb17118f38d8a8e95dfac3357c. Representative failure: perf database error: MoE data missing for MoeKey { quant: ""bfloat16"", distribution: ""power_law_1.01"", topk: 4, num_experts: 128, hidden_size: 6144, inter_size: 3072, moe_tp_size: 1, moe_ep_size: 1 } at <repo>/python/aisimulate/src/aiconfigurator_core/systems/data/b60/vllm/0.12.0","python python/aisimulate/tools/support_matrix/generate_fpe_support_matrix.py --model ""MiniMaxAI/MiniMax-M3"" --system ""b60"" --backend ""vllm"" --backend-version ""0.12.0"" --forward-model op_level --max-workers 8",,116,29,PERF_DATA_MISSING=116,,26dae1f99b2b50fb17118f38d8a8e95dfac3357c
MiniMaxAI/MiniMax-M3,MiniMaxM3ForCausalLM,b60,vllm,0.12.0,disagg,FAIL,"Strict-native op-level FPE probes: PERF_DATA_MISSING=116; raw probes=116; topologies=29; source_sha=26dae1f99b2b50fb17118f38d8a8e95dfac3357c. Representative failure: perf database error: MoE data missing for MoeKey { quant: ""bfloat16"", distribution: ""power_law_1.01"", topk: 4, num_experts: 128, hidden_size: 6144, inter_size: 3072, moe_tp_size: 1, moe_ep_size: 1 } at <repo>/python/aisimulate/src/aiconfigurator_core/systems/data/b60/vllm/0.12.0","python python/aisimulate/tools/support_matrix/generate_fpe_support_matrix.py --model ""MiniMaxAI/MiniMax-M3"" --system ""b60"" --backend ""vllm"" --backend-version ""0.12.0"" --forward-model op_level --max-workers 8",,116,29,PERF_DATA_MISSING=116,,26dae1f99b2b50fb17118f38d8a8e95dfac3357c
MiniMaxAI/MiniMax-M3,MiniMaxM3ForCausalLM,b60,vllm,0.20.0,agg,FAIL,"Strict-native op-level FPE probes: PERF_DATA_MISSING=116; raw probes=116; topologies=29; source_sha=26dae1f99b2b50fb17118f38d8a8e95dfac3357c. Representative failure: perf database error: MoE data missing for MoeKey { quant: ""bfloat16"", distribution: ""power_law_1.01"", topk: 4, num_experts: 128, hidden_size: 6144, inter_size: 3072, moe_tp_size: 1, moe_ep_size: 1 } at <repo>/python/aisimulate/src/aiconfigurator_core/systems/data/b60/vllm/0.20.0","python python/aisimulate/tools/support_matrix/generate_fpe_support_matrix.py --model ""MiniMaxAI/MiniMax-M3"" --system ""b60"" --backend ""vllm"" --backend-version ""0.20.0"" --forward-model op_level --max-workers 8",,116,29,PERF_DATA_MISSING=116,,26dae1f99b2b50fb17118f38d8a8e95dfac3357c
MiniMaxAI/MiniMax-M3,MiniMaxM3ForCausalLM,b60,vllm,0.20.0,disagg,FAIL,"Strict-native op-level FPE probes: PERF_DATA_MISSING=116; raw probes=116; topologies=29; source_sha=26dae1f99b2b50fb17118f38d8a8e95dfac3357c. Representative failure: perf database error: MoE data missing for MoeKey { quant: ""bfloat16"", distribution: ""power_law_1.01"", topk: 4, num_experts: 128, hidden_size: 6144, inter_size: 3072, moe_tp_size: 1, moe_ep_size: 1 } at <repo>/python/aisimulate/src/aiconfigurator_core/systems/data/b60/vllm/0.20.0","python python/aisimulate/tools/support_matrix/generate_fpe_support_matrix.py --model ""MiniMaxAI/MiniMax-M3"" --system ""b60"" --backend ""vllm"" --backend-version ""0.20.0"" --forward-model op_level --max-workers 8",,116,29,PERF_DATA_MISSING=116,,26dae1f99b2b50fb17118f38d8a8e95dfac3357c
Qwen/Qwen3-0.6B,Qwen3ForCausalLM,b60,vllm,0.12.0,agg,PASS,,"python python/aisimulate/tools/support_matrix/generate_fpe_support_matrix.py --model ""Qwen/Qwen3-0.6B"" --system ""b60"" --backend ""vllm"" --backend-version ""0.12.0"" --forward-model op_level --max-workers 8",silicon,12,3,PASS=12,"decode_end=2528.499970, decode_start=9.867912, mixed=13.261283, prefill=9.598858",26dae1f99b2b50fb17118f38d8a8e95dfac3357c
Qwen/Qwen3-0.6B,Qwen3ForCausalLM,b60,vllm,0.12.0,disagg,PASS,,"python python/aisimulate/tools/support_matrix/generate_fpe_support_matrix.py --model ""Qwen/Qwen3-0.6B"" --system ""b60"" --backend ""vllm"" --backend-version ""0.12.0"" --forward-model op_level --max-workers 8",silicon,12,3,PASS=12,"decode_end=2528.499970, decode_start=9.867912, mixed=13.261283, prefill=9.598858",26dae1f99b2b50fb17118f38d8a8e95dfac3357c
Qwen/Qwen3-0.6B,Qwen3ForCausalLM,b60,vllm,0.20.0,agg,PASS,,"python python/aisimulate/tools/support_matrix/generate_fpe_support_matrix.py --model ""Qwen/Qwen3-0.6B"" --system ""b60"" --backend ""vllm"" --backend-version ""0.20.0"" --forward-model op_level --max-workers 8",silicon,12,3,PASS=12,"decode_end=1721.704407, decode_start=6.792396, mixed=9.648337, prefill=7.532013",26dae1f99b2b50fb17118f38d8a8e95dfac3357c
Qwen/Qwen3-0.6B,Qwen3ForCausalLM,b60,vllm,0.20.0,disagg,PASS,,"python python/aisimulate/tools/support_matrix/generate_fpe_support_matrix.py --model ""Qwen/Qwen3-0.6B"" --system ""b60"" --backend ""vllm"" --backend-version ""0.20.0"" --forward-model op_level --max-workers 8",silicon,12,3,PASS=12,"decode_end=1721.704407, decode_start=6.792396, mixed=9.648337, prefill=7.532013",26dae1f99b2b50fb17118f38d8a8e95dfac3357c
Qwen/Qwen3-1.7B,Qwen3ForCausalLM,b60,vllm,0.12.0,agg,PASS,,"python python/aisimulate/tools/support_matrix/generate_fpe_support_matrix.py --model ""Qwen/Qwen3-1.7B"" --system ""b60"" --backend ""vllm"" --backend-version ""0.12.0"" --forward-model op_level --max-workers 8",silicon,12,3,PASS=12,"decode_end=3183.288034, decode_start=12.435708, mixed=17.120513, prefill=13.213079",26dae1f99b2b50fb17118f38d8a8e95dfac3357c
Qwen/Qwen3-1.7B,Qwen3ForCausalLM,b60,vllm,0.12.0,disagg,PASS,,"python python/aisimulate/tools/support_matrix/generate_fpe_support_matrix.py --model ""Qwen/Qwen3-1.7B"" --system ""b60"" --backend ""vllm"" --backend-version ""0.12.0"" --forward-model op_level --max-workers 8",silicon,12,3,PASS=12,"decode_end=3183.288034, decode_start=12.435708, mixed=17.120513, prefill=13.213079",26dae1f99b2b50fb17118f38d8a8e95dfac3357c
Qwen/Qwen3-1.7B,Qwen3ForCausalLM,b60,vllm,0.20.0,agg,PASS,,"python python/aisimulate/tools/support_matrix/generate_fpe_support_matrix.py --model ""Qwen/Qwen3-1.7B"" --system ""b60"" --backend ""vllm"" --backend-version ""0.20.0"" --forward-model op_level --max-workers 8",silicon,12,3,PASS=12,"decode_end=2916.946435, decode_start=11.479620, mixed=17.801830, prefill=15.331050",26dae1f99b2b50fb17118f38d8a8e95dfac3357c
Qwen/Qwen3-1.7B,Qwen3ForCausalLM,b60,vllm,0.20.0,disagg,PASS,,"python python/aisimulate/tools/support_matrix/generate_fpe_support_matrix.py --model ""Qwen/Qwen3-1.7B"" --system ""b60"" --backend ""vllm"" --backend-version ""0.20.0"" --forward-model op_level --max-workers 8",silicon,12,3,PASS=12,"decode_end=2916.946435, decode_start=11.479620, mixed=17.801830, prefill=15.331050",26dae1f99b2b50fb17118f38d8a8e95dfac3357c
Qwen/Qwen3-235B-A22B,Qwen3MoeForCausalLM,b60,vllm,0.12.0,agg,FAIL,"Strict-native op-level FPE probes: PERF_DATA_MISSING=116; raw probes=116; topologies=29; source_sha=26dae1f99b2b50fb17118f38d8a8e95dfac3357c. Representative failure: perf database error: MoE data missing for MoeKey { quant: ""bfloat16"", distribution: ""power_law_1.2"", topk: 8, num_experts: 128, hidden_size: 4096, inter_size: 1536, moe_tp_size: 1, moe_ep_size: 1 } at <repo>/python/aisimulate/src/aiconfigurator_core/systems/data/b60/vllm/0.12.0","python python/aisimulate/tools/support_matrix/generate_fpe_support_matrix.py --model ""Qwen/Qwen3-235B-A22B"" --system ""b60"" --backend ""vllm"" --backend-version ""0.12.0"" --forward-model op_level --max-workers 8",,116,29,PERF_DATA_MISSING=116,,26dae1f99b2b50fb17118f38d8a8e95dfac3357c
Qwen/Qwen3-235B-A22B,Qwen3MoeForCausalLM,b60,vllm,0.12.0,disagg,FAIL,"Strict-native op-level FPE probes: PERF_DATA_MISSING=116; raw probes=116; topologies=29; source_sha=26dae1f99b2b50fb17118f38d8a8e95dfac3357c. Representative failure: perf database error: MoE data missing for MoeKey { quant: ""bfloat16"", distribution: ""power_law_1.2"", topk: 8, num_experts: 128, hidden_size: 4096, inter_size: 1536, moe_tp_size: 1, moe_ep_size: 1 } at <repo>/python/aisimulate/src/aiconfigurator_core/systems/data/b60/vllm/0.12.0","python python/aisimulate/tools/support_matrix/generate_fpe_support_matrix.py --model ""Qwen/Qwen3-235B-A22B"" --system ""b60"" --backend ""vllm"" --backend-version ""0.12.0"" --forward-model op_level --max-workers 8",,116,29,PERF_DATA_MISSING=116,,26dae1f99b2b50fb17118f38d8a8e95dfac3357c
Qwen/Qwen3-235B-A22B,Qwen3MoeForCausalLM,b60,vllm,0.20.0,agg,FAIL,"Strict-native op-level FPE probes: PERF_DATA_MISSING=116; raw probes=116; topologies=29; source_sha=26dae1f99b2b50fb17118f38d8a8e95dfac3357c. Representative failure: perf database error: MoE data missing for MoeKey { quant: ""bfloat16"", distribution: ""power_law_1.2"", topk: 8, num_experts: 128, hidden_size: 4096, inter_size: 1536, moe_tp_size: 1, moe_ep_size: 1 } at <repo>/python/aisimulate/src/aiconfigurator_core/systems/data/b60/vllm/0.20.0","python python/aisimulate/tools/support_matrix/generate_fpe_support_matrix.py --model ""Qwen/Qwen3-235B-A22B"" --system ""b60"" --backend ""vllm"" --backend-version ""0.20.0"" --forward-model op_level --max-workers 8",,116,29,PERF_DATA_MISSING=116,,26dae1f99b2b50fb17118f38d8a8e95dfac3357c
Qwen/Qwen3-235B-A22B,Qwen3MoeForCausalLM,b60,vllm,0.20.0,disagg,FAIL,"Strict-native op-level FPE probes: PERF_DATA_MISSING=116; raw probes=116; topologies=29; source_sha=26dae1f99b2b50fb17118f38d8a8e95dfac3357c. Representative failure: perf database error: MoE data missing for MoeKey { quant: ""bfloat16"", distribution: ""power_law_1.2"", topk: 8, num_experts: 128, hidden_size: 4096, inter_size: 1536, moe_tp_size: 1, moe_ep_size: 1 } at <repo>/python/aisimulate/src/aiconfigurator_core/systems/data/b60/vllm/0.20.0","python python/aisimulate/tools/support_matrix/generate_fpe_support_matrix.py --model ""Qwen/Qwen3-235B-A22B"" --system ""b60"" --backend ""vllm"" --backend-version ""0.20.0"" --forward-model op_level --max-workers 8",,116,29,PERF_DATA_MISSING=116,,26dae1f99b2b50fb17118f38d8a8e95dfac3357c
Qwen/Qwen3-235B-A22B-FP8,Qwen3MoeForCausalLM,b60,vllm,0.12.0,agg,FAIL,"Strict-native op-level FPE probes: BUILD_FAILED=36, PERF_DATA_MISSING=80; raw probes=116; topologies=29; source_sha=26dae1f99b2b50fb17118f38d8a8e95dfac3357c. Representative failure: Invalid quantized MoE configuration: (moe_intermediate_size=1536 / moe_tp_size=16) % weight_block_size=128 != 0.","python python/aisimulate/tools/support_matrix/generate_fpe_support_matrix.py --model ""Qwen/Qwen3-235B-A22B-FP8"" --system ""b60"" --backend ""vllm"" --backend-version ""0.12.0"" --forward-model op_level --max-workers 8",,116,29,"BUILD_FAILED=36, PERF_DATA_MISSING=80",,26dae1f99b2b50fb17118f38d8a8e95dfac3357c
Qwen/Qwen3-235B-A22B-FP8,Qwen3MoeForCausalLM,b60,vllm,0.12.0,disagg,FAIL,"Strict-native op-level FPE probes: BUILD_FAILED=54, PERF_DATA_MISSING=120; raw probes=174; topologies=58; source_sha=26dae1f99b2b50fb17118f38d8a8e95dfac3357c. Representative failure: Invalid quantized MoE configuration: (moe_intermediate_size=1536 / moe_tp_size=16) % weight_block_size=128 != 0.","python python/aisimulate/tools/support_matrix/generate_fpe_support_matrix.py --model ""Qwen/Qwen3-235B-A22B-FP8"" --system ""b60"" --backend ""vllm"" --backend-version ""0.12.0"" --forward-model op_level --max-workers 8",,174,58,"BUILD_FAILED=54, PERF_DATA_MISSING=120",,26dae1f99b2b50fb17118f38d8a8e95dfac3357c
Qwen/Qwen3-235B-A22B-FP8,Qwen3MoeForCausalLM,b60,vllm,0.20.0,agg,FAIL,"Strict-native op-level FPE probes: BUILD_FAILED=36, PERF_DATA_MISSING=80; raw probes=116; topologies=29; source_sha=26dae1f99b2b50fb17118f38d8a8e95dfac3357c. Representative failure: Invalid quantized MoE configuration: (moe_intermediate_size=1536 / moe_tp_size=16) % weight_block_size=128 != 0.","python python/aisimulate/tools/support_matrix/generate_fpe_support_matrix.py --model ""Qwen/Qwen3-235B-A22B-FP8"" --system ""b60"" --backend ""vllm"" --backend-version ""0.20.0"" --forward-model op_level --max-workers 8",,116,29,"BUILD_FAILED=36, PERF_DATA_MISSING=80",,26dae1f99b2b50fb17118f38d8a8e95dfac3357c
Qwen/Qwen3-235B-A22B-FP8,Qwen3MoeForCausalLM,b60,vllm,0.20.0,disagg,FAIL,"Strict-native op-level FPE probes: BUILD_FAILED=54, PERF_DATA_MISSING=120; raw probes=174; topologies=58; source_sha=26dae1f99b2b50fb17118f38d8a8e95dfac3357c. Representative failure: Invalid quantized MoE configuration: (moe_intermediate_size=1536 / moe_tp_size=16) % weight_block_size=128 != 0.","python python/aisimulate/tools/support_matrix/generate_fpe_support_matrix.py --model ""Qwen/Qwen3-235B-A22B-FP8"" --system ""b60"" --backend ""vllm"" --backend-version ""0.20.0"" --forward-model op_level --max-workers 8",,174,58,"BUILD_FAILED=54, PERF_DATA_MISSING=120",,26dae1f99b2b50fb17118f38d8a8e95dfac3357c
Qwen/Qwen3-30B-A3B,Qwen3MoeForCausalLM,b60,vllm,0.12.0,agg,PASS,,"python python/aisimulate/tools/support_matrix/generate_fpe_support_matrix.py --model ""Qwen/Qwen3-30B-A3B"" --system ""b60"" --backend ""vllm"" --backend-version ""0.12.0"" --forward-model op_level --max-workers 8",silicon,116,29,"PASS=60, PERF_DATA_MISSING=56","decode_end=15455.480408, decode_start=60.654725, mixed=236.021458, prefill=230.418277",26dae1f99b2b50fb17118f38d8a8e95dfac3357c
Qwen/Qwen3-30B-A3B,Qwen3MoeForCausalLM,b60,vllm,0.12.0,disagg,PASS,,"python python/aisimulate/tools/support_matrix/generate_fpe_support_matrix.py --model ""Qwen/Qwen3-30B-A3B"" --system ""b60"" --backend ""vllm"" --backend-version ""0.12.0"" --forward-model op_level --max-workers 8",silicon,116,29,"PASS=60, PERF_DATA_MISSING=56","decode_end=15455.480408, decode_start=60.654725, mixed=236.021458, prefill=230.418277",26dae1f99b2b50fb17118f38d8a8e95dfac3357c
Qwen/Qwen3-30B-A3B,Qwen3MoeForCausalLM,b60,vllm,0.20.0,agg,PASS,,"python python/aisimulate/tools/support_matrix/generate_fpe_support_matrix.py --model ""Qwen/Qwen3-30B-A3B"" --system ""b60"" --backend ""vllm"" --backend-version ""0.20.0"" --forward-model op_level --max-workers 8",silicon,116,29,"PASS=60, PERF_DATA_MISSING=56","decode_end=14417.291766, decode_start=56.459509, mixed=233.399039, prefill=229.775370",26dae1f99b2b50fb17118f38d8a8e95dfac3357c
Qwen/Qwen3-30B-A3B,Qwen3MoeForCausalLM,b60,vllm,0.20.0,disagg,PASS,,"python python/aisimulate/tools/support_matrix/generate_fpe_support_matrix.py --model ""Qwen/Qwen3-30B-A3B"" --system ""b60"" --backend ""vllm"" --backend-version ""0.20.0"" --forward-model op_level --max-workers 8",silicon,116,29,"PASS=60, PERF_DATA_MISSING=56","decode_end=14417.291766, decode_start=56.459509, mixed=233.399039, prefill=229.775370",26dae1f99b2b50fb17118f38d8a8e95dfac3357c
Qwen/Qwen3-30B-A3B-FP8,Qwen3MoeForCausalLM,b60,vllm,0.12.0,agg,FAIL,"Strict-native op-level FPE probes: BUILD_FAILED=48, PERF_DATA_MISSING=68; raw probes=116; topologies=29; source_sha=26dae1f99b2b50fb17118f38d8a8e95dfac3357c. Representative failure: Invalid quantized MoE configuration: (moe_intermediate_size=768 / moe_tp_size=16) % weight_block_size=128 != 0.","python python/aisimulate/tools/support_matrix/generate_fpe_support_matrix.py --model ""Qwen/Qwen3-30B-A3B-FP8"" --system ""b60"" --backend ""vllm"" --backend-version ""0.12.0"" --forward-model op_level --max-workers 8",,116,29,"BUILD_FAILED=48, PERF_DATA_MISSING=68",,26dae1f99b2b50fb17118f38d8a8e95dfac3357c
Qwen/Qwen3-30B-A3B-FP8,Qwen3MoeForCausalLM,b60,vllm,0.12.0,disagg,FAIL,"Strict-native op-level FPE probes: BUILD_FAILED=72, PERF_DATA_MISSING=102; raw probes=174; topologies=58; source_sha=26dae1f99b2b50fb17118f38d8a8e95dfac3357c. Representative failure: Invalid quantized MoE configuration: (moe_intermediate_size=768 / moe_tp_size=16) % weight_block_size=128 != 0.","python python/aisimulate/tools/support_matrix/generate_fpe_support_matrix.py --model ""Qwen/Qwen3-30B-A3B-FP8"" --system ""b60"" --backend ""vllm"" --backend-version ""0.12.0"" --forward-model op_level --max-workers 8",,174,58,"BUILD_FAILED=72, PERF_DATA_MISSING=102",,26dae1f99b2b50fb17118f38d8a8e95dfac3357c
Qwen/Qwen3-30B-A3B-FP8,Qwen3MoeForCausalLM,b60,vllm,0.20.0,agg,FAIL,"Strict-native op-level FPE probes: BUILD_FAILED=48, PERF_DATA_MISSING=68; raw probes=116; topologies=29; source_sha=26dae1f99b2b50fb17118f38d8a8e95dfac3357c. Representative failure: Invalid quantized MoE configuration: (moe_intermediate_size=768 / moe_tp_size=16) % weight_block_size=128 != 0.","python python/aisimulate/tools/support_matrix/generate_fpe_support_matrix.py --model ""Qwen/Qwen3-30B-A3B-FP8"" --system ""b60"" --backend ""vllm"" --backend-version ""0.20.0"" --forward-model op_level --max-workers 8",,116,29,"BUILD_FAILED=48, PERF_DATA_MISSING=68",,26dae1f99b2b50fb17118f38d8a8e95dfac3357c
Qwen/Qwen3-30B-A3B-FP8,Qwen3MoeForCausalLM,b60,vllm,0.20.0,disagg,FAIL,"Strict-native op-level FPE probes: BUILD_FAILED=72, PERF_DATA_MISSING=102; raw probes=174; topologies=58; source_sha=26dae1f99b2b50fb17118f38d8a8e95dfac3357c. Representative failure: Invalid quantized MoE configuration: (moe_intermediate_size=768 / moe_tp_size=16) % weight_block_size=128 != 0.","python python/aisimulate/tools/support_matrix/generate_fpe_support_matrix.py --model ""Qwen/Qwen3-30B-A3B-FP8"" --system ""b60"" --backend ""vllm"" --backend-version ""0.20.0"" --forward-model op_level --max-workers 8",,174,58,"BUILD_FAILED=72, PERF_DATA_MISSING=102",,26dae1f99b2b50fb17118f38d8a8e95dfac3357c
Qwen/Qwen3-32B,Qwen3ForCausalLM,b60,vllm,0.12.0,agg,PASS,,"python python/aisimulate/tools/support_matrix/generate_fpe_support_matrix.py --model ""Qwen/Qwen3-32B"" --system ""b60"" --backend ""vllm"" --backend-version ""0.12.0"" --forward-model op_level --max-workers 8",silicon,16,4,PASS=16,"decode_end=37992.198705, decode_start=149.241754, mixed=168.775481, prefill=160.644172",26dae1f99b2b50fb17118f38d8a8e95dfac3357c
Qwen/Qwen3-32B,Qwen3ForCausalLM,b60,vllm,0.12.0,disagg,PASS,,"python python/aisimulate/tools/support_matrix/generate_fpe_support_matrix.py --model ""Qwen/Qwen3-32B"" --system ""b60"" --backend ""vllm"" --backend-version ""0.12.0"" --forward-model op_level --max-workers 8",silicon,16,4,PASS=16,"decode_end=37992.198705, decode_start=149.241754, mixed=168.775481, prefill=160.644172",26dae1f99b2b50fb17118f38d8a8e95dfac3357c
Qwen/Qwen3-32B,Qwen3ForCausalLM,b60,vllm,0.20.0,agg,PASS,,"python python/aisimulate/tools/support_matrix/generate_fpe_support_matrix.py --model ""Qwen/Qwen3-32B"" --system ""b60"" --backend ""vllm"" --backend-version ""0.20.0"" --forward-model op_level --max-workers 8",silicon,16,4,PASS=16,"decode_end=38189.408133, decode_start=149.592086, mixed=187.020430, prefill=181.939862",26dae1f99b2b50fb17118f38d8a8e95dfac3357c
Qwen/Qwen3-32B,Qwen3ForCausalLM,b60,vllm,0.20.0,disagg,PASS,,"python python/aisimulate/tools/support_matrix/generate_fpe_support_matrix.py --model ""Qwen/Qwen3-32B"" --system ""b60"" --backend ""vllm"" --backend-version ""0.20.0"" --forward-model op_level --max-workers 8",silicon,16,4,PASS=16,"decode_end=38189.408133, decode_start=149.592086, mixed=187.020430, prefill=181.939862",26dae1f99b2b50fb17118f38d8a8e95dfac3357c
Qwen/Qwen3-32B-FP8,Qwen3ForCausalLM,b60,vllm,0.12.0,agg,FAIL,"Strict-native op-level FPE probes: PERF_DATA_MISSING=16; raw probes=16; topologies=4; source_sha=26dae1f99b2b50fb17118f38d8a8e95dfac3357c. Representative failure: perf database error: GEMM perf data missing for quant 'fp8_block' at <repo>/python/aisimulate/src/aiconfigurator_core/systems/data/b60/vllm/0.12.0; available: [""bfloat16"", ""fp8""]","python python/aisimulate/tools/support_matrix/generate_fpe_support_matrix.py --model ""Qwen/Qwen3-32B-FP8"" --system ""b60"" --backend ""vllm"" --backend-version ""0.12.0"" --forward-model op_level --max-workers 8",,16,4,PERF_DATA_MISSING=16,,26dae1f99b2b50fb17118f38d8a8e95dfac3357c
Qwen/Qwen3-32B-FP8,Qwen3ForCausalLM,b60,vllm,0.12.0,disagg,FAIL,"Strict-native op-level FPE probes: PERF_DATA_MISSING=24; raw probes=24; topologies=8; source_sha=26dae1f99b2b50fb17118f38d8a8e95dfac3357c. Representative failure: perf database error: GEMM perf data missing for quant 'fp8_block' at <repo>/python/aisimulate/src/aiconfigurator_core/systems/data/b60/vllm/0.12.0; available: [""bfloat16"", ""fp8""]","python python/aisimulate/tools/support_matrix/generate_fpe_support_matrix.py --model ""Qwen/Qwen3-32B-FP8"" --system ""b60"" --backend ""vllm"" --backend-version ""0.12.0"" --forward-model op_level --max-workers 8",,24,8,PERF_DATA_MISSING=24,,26dae1f99b2b50fb17118f38d8a8e95dfac3357c
Qwen/Qwen3-32B-FP8,Qwen3ForCausalLM,b60,vllm,0.20.0,agg,FAIL,"Strict-native op-level FPE probes: PERF_DATA_MISSING=16; raw probes=16; topologies=4; source_sha=26dae1f99b2b50fb17118f38d8a8e95dfac3357c. Representative failure: perf database error: GEMM perf data missing for quant 'fp8_block' at <repo>/python/aisimulate/src/aiconfigurator_core/systems/data/b60/vllm/0.20.0; available: [""bfloat16"", ""fp8""]","python python/aisimulate/tools/support_matrix/generate_fpe_support_matrix.py --model ""Qwen/Qwen3-32B-FP8"" --system ""b60"" --backend ""vllm"" --backend-version ""0.20.0"" --forward-model op_level --max-workers 8",,16,4,PERF_DATA_MISSING=16,,26dae1f99b2b50fb17118f38d8a8e95dfac3357c
Qwen/Qwen3-32B-FP8,Qwen3ForCausalLM,b60,vllm,0.20.0,disagg,FAIL,"Strict-native op-level FPE probes: PERF_DATA_MISSING=24; raw probes=24; topologies=8; source_sha=26dae1f99b2b50fb17118f38d8a8e95dfac3357c. Representative failure: perf database error: GEMM perf data missing for quant 'fp8_block' at <repo>/python/aisimulate/src/aiconfigurator_core/systems/data/b60/vllm/0.20.0; available: [""bfloat16"", ""fp8""]","python python/aisimulate/tools/support_matrix/generate_fpe_support_matrix.py --model ""Qwen/Qwen3-32B-FP8"" --system ""b60"" --backend ""vllm"" --backend-version ""0.20.0"" --forward-model op_level --max-workers 8",,24,8,PERF_DATA_MISSING=24,,26dae1f99b2b50fb17118f38d8a8e95dfac3357c
Qwen/Qwen3-32B-FP8-Static-PerTensor,Qwen3ForCausalLM,b60,vllm,0.12.0,agg,FAIL,Strict-native op-level FPE probes: PERF_DATA_MISSING=16; raw probes=16; topologies=4; source_sha=26dae1f99b2b50fb17118f38d8a8e95dfac3357c. Representative failure: perf database error: perf database error: no rows loaded from 1 source(s) (first: <repo>/python/aisimulate/src/aiconfigurator_core/systems/data/b60/vllm/0.12.0/computescale_perf.parquet),"python python/aisimulate/tools/support_matrix/generate_fpe_support_matrix.py --model ""Qwen/Qwen3-32B-FP8-Static-PerTensor"" --system ""b60"" --backend ""vllm"" --backend-version ""0.12.0"" --forward-model op_level --max-workers 8",,16,4,PERF_DATA_MISSING=16,,26dae1f99b2b50fb17118f38d8a8e95dfac3357c
Qwen/Qwen3-32B-FP8-Static-PerTensor,Qwen3ForCausalLM,b60,vllm,0.12.0,disagg,FAIL,Strict-native op-level FPE probes: PERF_DATA_MISSING=24; raw probes=24; topologies=8; source_sha=26dae1f99b2b50fb17118f38d8a8e95dfac3357c. Representative failure: perf database error: perf database error: no rows loaded from 1 source(s) (first: <repo>/python/aisimulate/src/aiconfigurator_core/systems/data/b60/vllm/0.12.0/computescale_perf.parquet),"python python/aisimulate/tools/support_matrix/generate_fpe_support_matrix.py --model ""Qwen/Qwen3-32B-FP8-Static-PerTensor"" --system ""b60"" --backend ""vllm"" --backend-version ""0.12.0"" --forward-model op_level --max-workers 8",,24,8,PERF_DATA_MISSING=24,,26dae1f99b2b50fb17118f38d8a8e95dfac3357c
Qwen/Qwen3-32B-FP8-Static-PerTensor,Qwen3ForCausalLM,b60,vllm,0.20.0,agg,FAIL,Strict-native op-level FPE probes: PERF_DATA_MISSING=16; raw probes=16; topologies=4; source_sha=26dae1f99b2b50fb17118f38d8a8e95dfac3357c. Representative failure: perf database error: perf database error: no rows loaded from 1 source(s) (first: <repo>/python/aisimulate/src/aiconfigurator_core/systems/data/b60/vllm/0.20.0/computescale_perf.parquet),"python python/aisimulate/tools/support_matrix/generate_fpe_support_matrix.py --model ""Qwen/Qwen3-32B-FP8-Static-PerTensor"" --system ""b60"" --backend ""vllm"" --backend-version ""0.20.0"" --forward-model op_level --max-workers 8",,16,4,PERF_DATA_MISSING=16,,26dae1f99b2b50fb17118f38d8a8e95dfac3357c
Qwen/Qwen3-32B-FP8-Static-PerTensor,Qwen3ForCausalLM,b60,vllm,0.20.0,disagg,FAIL,Strict-native op-level FPE probes: PERF_DATA_MISSING=24; raw probes=24; topologies=8; source_sha=26dae1f99b2b50fb17118f38d8a8e95dfac3357c. Representative failure: perf database error: perf database error: no rows loaded from 1 source(s) (first: <repo>/python/aisimulate/src/aiconfigurator_core/systems/data/b60/vllm/0.20.0/computescale_perf.parquet),"python python/aisimulate/tools/support_matrix/generate_fpe_support_matrix.py --model ""Qwen/Qwen3-32B-FP8-Static-PerTensor"" --system ""b60"" --backend ""vllm"" --backend-version ""0.20.0"" --forward-model op_level --max-workers 8",,24,8,PERF_DATA_MISSING=24,,26dae1f99b2b50fb17118f38d8a8e95dfac3357c
Qwen/Qwen3-8B,Qwen3ForCausalLM,b60,vllm,0.12.0,agg,PASS,,"python python/aisimulate/tools/support_matrix/generate_fpe_support_matrix.py --model ""Qwen/Qwen3-8B"" --system ""b60"" --backend ""vllm"" --backend-version ""0.12.0"" --forward-model op_level --max-workers 8",silicon,12,3,PASS=12,"decode_end=9640.090863, decode_start=37.727264, mixed=46.386710, prefill=41.677222",26dae1f99b2b50fb17118f38d8a8e95dfac3357c
Qwen/Qwen3-8B,Qwen3ForCausalLM,b60,vllm,0.12.0,disagg,PASS,,"python python/aisimulate/tools/support_matrix/generate_fpe_support_matrix.py --model ""Qwen/Qwen3-8B"" --system ""b60"" --backend ""vllm"" --backend-version ""0.12.0"" --forward-model op_level --max-workers 8",silicon,12,3,PASS=12,"decode_end=9640.090863, decode_start=37.727264, mixed=46.386710, prefill=41.677222",26dae1f99b2b50fb17118f38d8a8e95dfac3357c
Qwen/Qwen3-8B,Qwen3ForCausalLM,b60,vllm,0.20.0,agg,PASS,,"python python/aisimulate/tools/support_matrix/generate_fpe_support_matrix.py --model ""Qwen/Qwen3-8B"" --system ""b60"" --backend ""vllm"" --backend-version ""0.20.0"" --forward-model op_level --max-workers 8",silicon,12,3,PASS=12,"decode_end=9650.272336, decode_start=37.831653, mixed=58.228371, prefill=54.640034",26dae1f99b2b50fb17118f38d8a8e95dfac3357c
Qwen/Qwen3-8B,Qwen3ForCausalLM,b60,vllm,0.20.0,disagg,PASS,,"python python/aisimulate/tools/support_matrix/generate_fpe_support_matrix.py --model ""Qwen/Qwen3-8B"" --system ""b60"" --backend ""vllm"" --backend-version ""0.20.0"" --forward-model op_level --max-workers 8",silicon,12,3,PASS=12,"decode_end=9650.272336, decode_start=37.831653, mixed=58.228371, prefill=54.640034",26dae1f99b2b50fb17118f38d8a8e95dfac3357c
Qwen/Qwen3-Coder-480B-A35B-Instruct,Qwen3MoeForCausalLM,b60,vllm,0.12.0,agg,FAIL,"Strict-native op-level FPE probes: PERF_DATA_MISSING=116; raw probes=116; topologies=29; source_sha=26dae1f99b2b50fb17118f38d8a8e95dfac3357c. Representative failure: perf database error: MoE data missing for MoeKey { quant: ""bfloat16"", distribution: ""power_law_1.2"", topk: 8, num_experts: 160, hidden_size: 6144, inter_size: 2560, moe_tp_size: 1, moe_ep_size: 1 } at <repo>/python/aisimulate/src/aiconfigurator_core/systems/data/b60/vllm/0.12.0","python python/aisimulate/tools/support_matrix/generate_fpe_support_matrix.py --model ""Qwen/Qwen3-Coder-480B-A35B-Instruct"" --system ""b60"" --backend ""vllm"" --backend-version ""0.12.0"" --forward-model op_level --max-workers 8",,116,29,PERF_DATA_MISSING=116,,26dae1f99b2b50fb17118f38d8a8e95dfac3357c
Qwen/Qwen3-Coder-480B-A35B-Instruct,Qwen3MoeForCausalLM,b60,vllm,0.12.0,disagg,FAIL,"Strict-native op-level FPE probes: PERF_DATA_MISSING=116; raw probes=116; topologies=29; source_sha=26dae1f99b2b50fb17118f38d8a8e95dfac3357c. Representative failure: perf database error: MoE data missing for MoeKey { quant: ""bfloat16"", distribution: ""power_law_1.2"", topk: 8, num_experts: 160, hidden_size: 6144, inter_size: 2560, moe_tp_size: 1, moe_ep_size: 1 } at <repo>/python/aisimulate/src/aiconfigurator_core/systems/data/b60/vllm/0.12.0","python python/aisimulate/tools/support_matrix/generate_fpe_support_matrix.py --model ""Qwen/Qwen3-Coder-480B-A35B-Instruct"" --system ""b60"" --backend ""vllm"" --backend-version ""0.12.0"" --forward-model op_level --max-workers 8",,116,29,PERF_DATA_MISSING=116,,26dae1f99b2b50fb17118f38d8a8e95dfac3357c
Qwen/Qwen3-Coder-480B-A35B-Instruct,Qwen3MoeForCausalLM,b60,vllm,0.20.0,agg,FAIL,"Strict-native op-level FPE probes: PERF_DATA_MISSING=116; raw probes=116; topologies=29; source_sha=26dae1f99b2b50fb17118f38d8a8e95dfac3357c. Representative failure: perf database error: MoE data missing for MoeKey { quant: ""bfloat16"", distribution: ""power_law_1.2"", topk: 8, num_experts: 160, hidden_size: 6144, inter_size: 2560, moe_tp_size: 1, moe_ep_size: 1 } at <repo>/python/aisimulate/src/aiconfigurator_core/systems/data/b60/vllm/0.20.0","python python/aisimulate/tools/support_matrix/generate_fpe_support_matrix.py --model ""Qwen/Qwen3-Coder-480B-A35B-Instruct"" --system ""b60"" --backend ""vllm"" --backend-version ""0.20.0"" --forward-model op_level --max-workers 8",,116,29,PERF_DATA_MISSING=116,,26dae1f99b2b50fb17118f38d8a8e95dfac3357c
Qwen/Qwen3-Coder-480B-A35B-Instruct,Qwen3MoeForCausalLM,b60,vllm,0.20.0,disagg,FAIL,"Strict-native op-level FPE probes: PERF_DATA_MISSING=116; raw probes=116; topologies=29; source_sha=26dae1f99b2b50fb17118f38d8a8e95dfac3357c. Representative failure: perf database error: MoE data missing for MoeKey { quant: ""bfloat16"", distribution: ""power_law_1.2"", topk: 8, num_experts: 160, hidden_size: 6144, inter_size: 2560, moe_tp_size: 1, moe_ep_size: 1 } at <repo>/python/aisimulate/src/aiconfigurator_core/systems/data/b60/vllm/0.20.0","python python/aisimulate/tools/support_matrix/generate_fpe_support_matrix.py --model ""Qwen/Qwen3-Coder-480B-A35B-Instruct"" --system ""b60"" --backend ""vllm"" --backend-version ""0.20.0"" --forward-model op_level --max-workers 8",,116,29,PERF_DATA_MISSING=116,,26dae1f99b2b50fb17118f38d8a8e95dfac3357c
Qwen/Qwen3-VL-235B-A22B-Instruct,Qwen3VLMoeForConditionalGeneration,b60,vllm,0.12.0,agg,FAIL,"Strict-native op-level FPE probes: PERF_DATA_MISSING=116; raw probes=116; topologies=29; source_sha=26dae1f99b2b50fb17118f38d8a8e95dfac3357c. Representative failure: perf database error: MoE data missing for MoeKey { quant: ""bfloat16"", distribution: ""power_law_1.2"", topk: 8, num_experts: 128, hidden_size: 4096, inter_size: 1536, moe_tp_size: 1, moe_ep_size: 1 } at <repo>/python/aisimulate/src/aiconfigurator_core/systems/data/b60/vllm/0.12.0","python python/aisimulate/tools/support_matrix/generate_fpe_support_matrix.py --model ""Qwen/Qwen3-VL-235B-A22B-Instruct"" --system ""b60"" --backend ""vllm"" --backend-version ""0.12.0"" --forward-model op_level --max-workers 8",,116,29,PERF_DATA_MISSING=116,,26dae1f99b2b50fb17118f38d8a8e95dfac3357c
Qwen/Qwen3-VL-235B-A22B-Instruct,Qwen3VLMoeForConditionalGeneration,b60,vllm,0.12.0,disagg,FAIL,"Strict-native op-level FPE probes: PERF_DATA_MISSING=116; raw probes=116; topologies=29; source_sha=26dae1f99b2b50fb17118f38d8a8e95dfac3357c. Representative failure: perf database error: MoE data missing for MoeKey { quant: ""bfloat16"", distribution: ""power_law_1.2"", topk: 8, num_experts: 128, hidden_size: 4096, inter_size: 1536, moe_tp_size: 1, moe_ep_size: 1 } at <repo>/python/aisimulate/src/aiconfigurator_core/systems/data/b60/vllm/0.12.0","python python/aisimulate/tools/support_matrix/generate_fpe_support_matrix.py --model ""Qwen/Qwen3-VL-235B-A22B-Instruct"" --system ""b60"" --backend ""vllm"" --backend-version ""0.12.0"" --forward-model op_level --max-workers 8",,116,29,PERF_DATA_MISSING=116,,26dae1f99b2b50fb17118f38d8a8e95dfac3357c
Qwen/Qwen3-VL-235B-A22B-Instruct,Qwen3VLMoeForConditionalGeneration,b60,vllm,0.20.0,agg,FAIL,"Strict-native op-level FPE probes: PERF_DATA_MISSING=116; raw probes=116; topologies=29; source_sha=26dae1f99b2b50fb17118f38d8a8e95dfac3357c. Representative failure: perf database error: MoE data missing for MoeKey { quant: ""bfloat16"", distribution: ""power_law_1.2"", topk: 8, num_experts: 128, hidden_size: 4096, inter_size: 1536, moe_tp_size: 1, moe_ep_size: 1 } at <repo>/python/aisimulate/src/aiconfigurator_core/systems/data/b60/vllm/0.20.0","python python/aisimulate/tools/support_matrix/generate_fpe_support_matrix.py --model ""Qwen/Qwen3-VL-235B-A22B-Instruct"" --system ""b60"" --backend ""vllm"" --backend-version ""0.20.0"" --forward-model op_level --max-workers 8",,116,29,PERF_DATA_MISSING=116,,26dae1f99b2b50fb17118f38d8a8e95dfac3357c
Qwen/Qwen3-VL-235B-A22B-Instruct,Qwen3VLMoeForConditionalGeneration,b60,vllm,0.20.0,disagg,FAIL,"Strict-native op-level FPE probes: PERF_DATA_MISSING=116; raw probes=116; topologies=29; source_sha=26dae1f99b2b50fb17118f38d8a8e95dfac3357c. Representative failure: perf database error: MoE data missing for MoeKey { quant: ""bfloat16"", distribution: ""power_law_1.2"", topk: 8, num_experts: 128, hidden_size: 4096, inter_size: 1536, moe_tp_size: 1, moe_ep_size: 1 } at <repo>/python/aisimulate/src/aiconfigurator_core/systems/data/b60/vllm/0.20.0","python python/aisimulate/tools/support_matrix/generate_fpe_support_matrix.py --model ""Qwen/Qwen3-VL-235B-A22B-Instruct"" --system ""b60"" --backend ""vllm"" --backend-version ""0.20.0"" --forward-model op_level --max-workers 8",,116,29,PERF_DATA_MISSING=116,,26dae1f99b2b50fb17118f38d8a8e95dfac3357c
Qwen/Qwen3-VL-2B-Instruct,Qwen3VLForConditionalGeneration,b60,vllm,0.12.0,agg,PASS,,"python python/aisimulate/tools/support_matrix/generate_fpe_support_matrix.py --model ""Qwen/Qwen3-VL-2B-Instruct"" --system ""b60"" --backend ""vllm"" --backend-version ""0.12.0"" --forward-model op_level --max-workers 8",silicon,12,3,PASS=12,"decode_end=3183.288034, decode_start=12.435708, mixed=16.377993, prefill=12.470559",26dae1f99b2b50fb17118f38d8a8e95dfac3357c
Qwen/Qwen3-VL-2B-Instruct,Qwen3VLForConditionalGeneration,b60,vllm,0.12.0,disagg,PASS,,"python python/aisimulate/tools/support_matrix/generate_fpe_support_matrix.py --model ""Qwen/Qwen3-VL-2B-Instruct"" --system ""b60"" --backend ""vllm"" --backend-version ""0.12.0"" --forward-model op_level --max-workers 8",silicon,12,3,PASS=12,"decode_end=3183.288034, decode_start=12.435708, mixed=16.377993, prefill=12.470559",26dae1f99b2b50fb17118f38d8a8e95dfac3357c
Qwen/Qwen3-VL-2B-Instruct,Qwen3VLForConditionalGeneration,b60,vllm,0.20.0,agg,PASS,,"python python/aisimulate/tools/support_matrix/generate_fpe_support_matrix.py --model ""Qwen/Qwen3-VL-2B-Instruct"" --system ""b60"" --backend ""vllm"" --backend-version ""0.20.0"" --forward-model op_level --max-workers 8",silicon,12,3,PASS=12,"decode_end=2916.946435, decode_start=11.479620, mixed=17.059310, prefill=14.588530",26dae1f99b2b50fb17118f38d8a8e95dfac3357c
Qwen/Qwen3-VL-2B-Instruct,Qwen3VLForConditionalGeneration,b60,vllm,0.20.0,disagg,PASS,,"python python/aisimulate/tools/support_matrix/generate_fpe_support_matrix.py --model ""Qwen/Qwen3-VL-2B-Instruct"" --system ""b60"" --backend ""vllm"" --backend-version ""0.20.0"" --forward-model op_level --max-workers 8",silicon,12,3,PASS=12,"decode_end=2916.946435, decode_start=11.479620, mixed=17.059310, prefill=14.588530",26dae1f99b2b50fb17118f38d8a8e95dfac3357c
Qwen/Qwen3-VL-30B-A3B-Instruct,Qwen3VLMoeForConditionalGeneration,b60,vllm,0.12.0,agg,PASS,,"python python/aisimulate/tools/support_matrix/generate_fpe_support_matrix.py --model ""Qwen/Qwen3-VL-30B-A3B-Instruct"" --system ""b60"" --backend ""vllm"" --backend-version ""0.12.0"" --forward-model op_level --max-workers 8",silicon,116,29,"PASS=60, PERF_DATA_MISSING=56","decode_end=15455.480408, decode_start=60.654725, mixed=234.745721, prefill=229.142540",26dae1f99b2b50fb17118f38d8a8e95dfac3357c
Qwen/Qwen3-VL-30B-A3B-Instruct,Qwen3VLMoeForConditionalGeneration,b60,vllm,0.12.0,disagg,PASS,,"python python/aisimulate/tools/support_matrix/generate_fpe_support_matrix.py --model ""Qwen/Qwen3-VL-30B-A3B-Instruct"" --system ""b60"" --backend ""vllm"" --backend-version ""0.12.0"" --forward-model op_level --max-workers 8",silicon,116,29,"PASS=60, PERF_DATA_MISSING=56","decode_end=15455.480408, decode_start=60.654725, mixed=234.745721, prefill=229.142540",26dae1f99b2b50fb17118f38d8a8e95dfac3357c
Qwen/Qwen3-VL-30B-A3B-Instruct,Qwen3VLMoeForConditionalGeneration,b60,vllm,0.20.0,agg,PASS,,"python python/aisimulate/tools/support_matrix/generate_fpe_support_matrix.py --model ""Qwen/Qwen3-VL-30B-A3B-Instruct"" --system ""b60"" --backend ""vllm"" --backend-version ""0.20.0"" --forward-model op_level --max-workers 8",silicon,116,29,"PASS=60, PERF_DATA_MISSING=56","decode_end=14417.291766, decode_start=56.459509, mixed=232.123302, prefill=228.499633",26dae1f99b2b50fb17118f38d8a8e95dfac3357c
Qwen/Qwen3-VL-30B-A3B-Instruct,Qwen3VLMoeForConditionalGeneration,b60,vllm,0.20.0,disagg,PASS,,"python python/aisimulate/tools/support_matrix/generate_fpe_support_matrix.py --model ""Qwen/Qwen3-VL-30B-A3B-Instruct"" --system ""b60"" --backend ""vllm"" --backend-version ""0.20.0"" --forward-model op_level --max-workers 8",silicon,116,29,"PASS=60, PERF_DATA_MISSING=56","decode_end=14417.291766, decode_start=56.459509, mixed=232.123302, prefill=228.499633",26dae1f99b2b50fb17118f38d8a8e95dfac3357c
Qwen/Qwen3-VL-32B-Instruct,Qwen3VLForConditionalGeneration,b60,vllm,0.12.0,agg,PASS,,"python python/aisimulate/tools/support_matrix/generate_fpe_support_matrix.py --model ""Qwen/Qwen3-VL-32B-Instruct"" --system ""b60"" --backend ""vllm"" --backend-version ""0.12.0"" --forward-model op_level --max-workers 8",silicon,16,4,PASS=16,"decode_end=37992.198705, decode_start=149.241754, mixed=167.063115, prefill=158.931807",26dae1f99b2b50fb17118f38d8a8e95dfac3357c
Qwen/Qwen3-VL-32B-Instruct,Qwen3VLForConditionalGeneration,b60,vllm,0.12.0,disagg,PASS,,"python python/aisimulate/tools/support_matrix/generate_fpe_support_matrix.py --model ""Qwen/Qwen3-VL-32B-Instruct"" --system ""b60"" --backend ""vllm"" --backend-version ""0.12.0"" --forward-model op_level --max-workers 8",silicon,16,4,PASS=16,"decode_end=37992.198705, decode_start=149.241754, mixed=167.063115, prefill=158.931807",26dae1f99b2b50fb17118f38d8a8e95dfac3357c
Qwen/Qwen3-VL-32B-Instruct,Qwen3VLForConditionalGeneration,b60,vllm,0.20.0,agg,PASS,,"python python/aisimulate/tools/support_matrix/generate_fpe_support_matrix.py --model ""Qwen/Qwen3-VL-32B-Instruct"" --system ""b60"" --backend ""vllm"" --backend-version ""0.20.0"" --forward-model op_level --max-workers 8",silicon,16,4,PASS=16,"decode_end=38189.408133, decode_start=149.592086, mixed=185.308065, prefill=180.227497",26dae1f99b2b50fb17118f38d8a8e95dfac3357c
Qwen/Qwen3-VL-32B-Instruct,Qwen3VLForConditionalGeneration,b60,vllm,0.20.0,disagg,PASS,,"python python/aisimulate/tools/support_matrix/generate_fpe_support_matrix.py --model ""Qwen/Qwen3-VL-32B-Instruct"" --system ""b60"" --backend ""vllm"" --backend-version ""0.20.0"" --forward-model op_level --max-workers 8",silicon,16,4,PASS=16,"decode_end=38189.408133, decode_start=149.592086, mixed=185.308065, prefill=180.227497",26dae1f99b2b50fb17118f38d8a8e95dfac3357c
Qwen/Qwen3-VL-32B-Thinking,Qwen3VLForConditionalGeneration,b60,vllm,0.12.0,agg,PASS,,"python python/aisimulate/tools/support_matrix/generate_fpe_support_matrix.py --model ""Qwen/Qwen3-VL-32B-Thinking"" --system ""b60"" --backend ""vllm"" --backend-version ""0.12.0"" --forward-model op_level --max-workers 8",silicon,16,4,PASS=16,"decode_end=37992.198705, decode_start=149.241754, mixed=167.063115, prefill=158.931807",26dae1f99b2b50fb17118f38d8a8e95dfac3357c
Qwen/Qwen3-VL-32B-Thinking,Qwen3VLForConditionalGeneration,b60,vllm,0.12.0,disagg,PASS,,"python python/aisimulate/tools/support_matrix/generate_fpe_support_matrix.py --model ""Qwen/Qwen3-VL-32B-Thinking"" --system ""b60"" --backend ""vllm"" --backend-version ""0.12.0"" --forward-model op_level --max-workers 8",silicon,16,4,PASS=16,"decode_end=37992.198705, decode_start=149.241754, mixed=167.063115, prefill=158.931807",26dae1f99b2b50fb17118f38d8a8e95dfac3357c
Qwen/Qwen3-VL-32B-Thinking,Qwen3VLForConditionalGeneration,b60,vllm,0.20.0,agg,PASS,,"python python/aisimulate/tools/support_matrix/generate_fpe_support_matrix.py --model ""Qwen/Qwen3-VL-32B-Thinking"" --system ""b60"" --backend ""vllm"" --backend-version ""0.20.0"" --forward-model op_level --max-workers 8",silicon,16,4,PASS=16,"decode_end=38189.408133, decode_start=149.592086, mixed=185.308065, prefill=180.227497",26dae1f99b2b50fb17118f38d8a8e95dfac3357c
Qwen/Qwen3-VL-32B-Thinking,Qwen3VLForConditionalGeneration,b60,vllm,0.20.0,disagg,PASS,,"python python/aisimulate/tools/support_matrix/generate_fpe_support_matrix.py --model ""Qwen/Qwen3-VL-32B-Thinking"" --system ""b60"" --backend ""vllm"" --backend-version ""0.20.0"" --forward-model op_level --max-workers 8",silicon,16,4,PASS=16,"decode_end=38189.408133, decode_start=149.592086, mixed=185.308065, prefill=180.227497",26dae1f99b2b50fb17118f38d8a8e95dfac3357c
Qwen/Qwen3-VL-4B-Instruct,Qwen3VLForConditionalGeneration,b60,vllm,0.12.0,agg,PASS,,"python python/aisimulate/tools/support_matrix/generate_fpe_support_matrix.py --model ""Qwen/Qwen3-VL-4B-Instruct"" --system ""b60"" --backend ""vllm"" --backend-version ""0.12.0"" --forward-model op_level --max-workers 8",silicon,12,3,PASS=12,"decode_end=5677.374489, decode_start=22.187200, mixed=29.456243, prefill=24.094634",26dae1f99b2b50fb17118f38d8a8e95dfac3357c
Qwen/Qwen3-VL-4B-Instruct,Qwen3VLForConditionalGeneration,b60,vllm,0.12.0,disagg,PASS,,"python python/aisimulate/tools/support_matrix/generate_fpe_support_matrix.py --model ""Qwen/Qwen3-VL-4B-Instruct"" --system ""b60"" --backend ""vllm"" --backend-version ""0.12.0"" --forward-model op_level --max-workers 8",silicon,12,3,PASS=12,"decode_end=5677.374489, decode_start=22.187200, mixed=29.456243, prefill=24.094634",26dae1f99b2b50fb17118f38d8a8e95dfac3357c
Qwen/Qwen3-VL-4B-Instruct,Qwen3VLForConditionalGeneration,b60,vllm,0.20.0,agg,PASS,,"python python/aisimulate/tools/support_matrix/generate_fpe_support_matrix.py --model ""Qwen/Qwen3-VL-4B-Instruct"" --system ""b60"" --backend ""vllm"" --backend-version ""0.20.0"" --forward-model op_level --max-workers 8",silicon,12,3,PASS=12,"decode_end=5684.604567, decode_start=22.280014, mixed=33.435245, prefill=29.520118",26dae1f99b2b50fb17118f38d8a8e95dfac3357c
Qwen/Qwen3-VL-4B-Instruct,Qwen3VLForConditionalGeneration,b60,vllm,0.20.0,disagg,PASS,,"python python/aisimulate/tools/support_matrix/generate_fpe_support_matrix.py --model ""Qwen/Qwen3-VL-4B-Instruct"" --system ""b60"" --backend ""vllm"" --backend-version ""0.20.0"" --forward-model op_level --max-workers 8",silicon,12,3,PASS=12,"decode_end=5684.604567, decode_start=22.280014, mixed=33.435245, prefill=29.520118",26dae1f99b2b50fb17118f38d8a8e95dfac3357c
Qwen/Qwen3-VL-8B-Instruct,Qwen3VLForConditionalGeneration,b60,vllm,0.12.0,agg,PASS,,"python python/aisimulate/tools/support_matrix/generate_fpe_support_matrix.py --model ""Qwen/Qwen3-VL-8B-Instruct"" --system ""b60"" --backend ""vllm"" --backend-version ""0.12.0"" --forward-model op_level --max-workers 8",silicon,12,3,PASS=12,"decode_end=9640.090863, decode_start=37.727264, mixed=45.429196, prefill=40.719708",26dae1f99b2b50fb17118f38d8a8e95dfac3357c
Qwen/Qwen3-VL-8B-Instruct,Qwen3VLForConditionalGeneration,b60,vllm,0.12.0,disagg,PASS,,"python python/aisimulate/tools/support_matrix/generate_fpe_support_matrix.py --model ""Qwen/Qwen3-VL-8B-Instruct"" --system ""b60"" --backend ""vllm"" --backend-version ""0.12.0"" --forward-model op_level --max-workers 8",silicon,12,3,PASS=12,"decode_end=9640.090863, decode_start=37.727264, mixed=45.429196, prefill=40.719708",26dae1f99b2b50fb17118f38d8a8e95dfac3357c
Qwen/Qwen3-VL-8B-Instruct,Qwen3VLForConditionalGeneration,b60,vllm,0.20.0,agg,PASS,,"python python/aisimulate/tools/support_matrix/generate_fpe_support_matrix.py --model ""Qwen/Qwen3-VL-8B-Instruct"" --system ""b60"" --backend ""vllm"" --backend-version ""0.20.0"" --forward-model op_level --max-workers 8",silicon,12,3,PASS=12,"decode_end=9650.272336, decode_start=37.831653, mixed=57.270857, prefill=53.682520",26dae1f99b2b50fb17118f38d8a8e95dfac3357c
Qwen/Qwen3-VL-8B-Instruct,Qwen3VLForConditionalGeneration,b60,vllm,0.20.0,disagg,PASS,,"python python/aisimulate/tools/support_matrix/generate_fpe_support_matrix.py --model ""Qwen/Qwen3-VL-8B-Instruct"" --system ""b60"" --backend ""vllm"" --backend-version ""0.20.0"" --forward-model op_level --max-workers 8",silicon,12,3,PASS=12,"decode_end=9650.272336, decode_start=37.831653, mixed=57.270857, prefill=53.682520",26dae1f99b2b50fb17118f38d8a8e95dfac3357c
Qwen/Qwen3.5-27B,Qwen3_5ForConditionalGeneration,b60,vllm,0.12.0,agg,FAIL,"Strict-native op-level FPE probes: PERF_DATA_MISSING=16; raw probes=16; topologies=4; source_sha=26dae1f99b2b50fb17118f38d8a8e95dfac3357c. Representative failure: perf database error: context attention data missing for ContextKey { fmha_quant: ""bfloat16"", kv_quant: ""bfloat16"", n_kv_lookup: 1, head_size: 256, window_size: 0 } at <repo>/python/aisimulate/src/aiconfigurator_core/systems/data/b60/vllm/0.12.0","python python/aisimulate/tools/support_matrix/generate_fpe_support_matrix.py --model ""Qwen/Qwen3.5-27B"" --system ""b60"" --backend ""vllm"" --backend-version ""0.12.0"" --forward-model op_level --max-workers 8",,16,4,PERF_DATA_MISSING=16,,26dae1f99b2b50fb17118f38d8a8e95dfac3357c
Qwen/Qwen3.5-27B,Qwen3_5ForConditionalGeneration,b60,vllm,0.12.0,disagg,FAIL,"Strict-native op-level FPE probes: PERF_DATA_MISSING=16; raw probes=16; topologies=4; source_sha=26dae1f99b2b50fb17118f38d8a8e95dfac3357c. Representative failure: perf database error: context attention data missing for ContextKey { fmha_quant: ""bfloat16"", kv_quant: ""bfloat16"", n_kv_lookup: 1, head_size: 256, window_size: 0 } at <repo>/python/aisimulate/src/aiconfigurator_core/systems/data/b60/vllm/0.12.0","python python/aisimulate/tools/support_matrix/generate_fpe_support_matrix.py --model ""Qwen/Qwen3.5-27B"" --system ""b60"" --backend ""vllm"" --backend-version ""0.12.0"" --forward-model op_level --max-workers 8",,16,4,PERF_DATA_MISSING=16,,26dae1f99b2b50fb17118f38d8a8e95dfac3357c
Qwen/Qwen3.5-27B,Qwen3_5ForConditionalGeneration,b60,vllm,0.20.0,agg,FAIL,"Strict-native op-level FPE probes: PERF_DATA_MISSING=16; raw probes=16; topologies=4; source_sha=26dae1f99b2b50fb17118f38d8a8e95dfac3357c. Representative failure: perf database error: context attention data missing for ContextKey { fmha_quant: ""bfloat16"", kv_quant: ""bfloat16"", n_kv_lookup: 1, head_size: 256, window_size: 0 } at <repo>/python/aisimulate/src/aiconfigurator_core/systems/data/b60/vllm/0.20.0","python python/aisimulate/tools/support_matrix/generate_fpe_support_matrix.py --model ""Qwen/Qwen3.5-27B"" --system ""b60"" --backend ""vllm"" --backend-version ""0.20.0"" --forward-model op_level --max-workers 8",,16,4,PERF_DATA_MISSING=16,,26dae1f99b2b50fb17118f38d8a8e95dfac3357c
Qwen/Qwen3.5-27B,Qwen3_5ForConditionalGeneration,b60,vllm,0.20.0,disagg,FAIL,"Strict-native op-level FPE probes: PERF_DATA_MISSING=16; raw probes=16; topologies=4; source_sha=26dae1f99b2b50fb17118f38d8a8e95dfac3357c. Representative failure: perf database error: context attention data missing for ContextKey { fmha_quant: ""bfloat16"", kv_quant: ""bfloat16"", n_kv_lookup: 1, head_size: 256, window_size: 0 } at <repo>/python/aisimulate/src/aiconfigurator_core/systems/data/b60/vllm/0.20.0","python python/aisimulate/tools/support_matrix/generate_fpe_support_matrix.py --model ""Qwen/Qwen3.5-27B"" --system ""b60"" --backend ""vllm"" --backend-version ""0.20.0"" --forward-model op_level --max-workers 8",,16,4,PERF_DATA_MISSING=16,,26dae1f99b2b50fb17118f38d8a8e95dfac3357c
Qwen/Qwen3.5-35B-A3B,Qwen3_5MoeForConditionalGeneration,b60,vllm,0.12.0,agg,FAIL,"Strict-native op-level FPE probes: PERF_DATA_MISSING=116; raw probes=116; topologies=29; source_sha=26dae1f99b2b50fb17118f38d8a8e95dfac3357c. Representative failure: perf database error: MoE data missing for MoeKey { quant: ""bfloat16"", distribution: ""power_law_1.2"", topk: 8, num_experts: 256, hidden_size: 2048, inter_size: 512, moe_tp_size: 1, moe_ep_size: 1 } at <repo>/python/aisimulate/src/aiconfigurator_core/systems/data/b60/vllm/0.12.0","python python/aisimulate/tools/support_matrix/generate_fpe_support_matrix.py --model ""Qwen/Qwen3.5-35B-A3B"" --system ""b60"" --backend ""vllm"" --backend-version ""0.12.0"" --forward-model op_level --max-workers 8",,116,29,PERF_DATA_MISSING=116,,26dae1f99b2b50fb17118f38d8a8e95dfac3357c
Qwen/Qwen3.5-35B-A3B,Qwen3_5MoeForConditionalGeneration,b60,vllm,0.12.0,disagg,FAIL,"Strict-native op-level FPE probes: PERF_DATA_MISSING=116; raw probes=116; topologies=29; source_sha=26dae1f99b2b50fb17118f38d8a8e95dfac3357c. Representative failure: perf database error: MoE data missing for MoeKey { quant: ""bfloat16"", distribution: ""power_law_1.2"", topk: 8, num_experts: 256, hidden_size: 2048, inter_size: 512, moe_tp_size: 1, moe_ep_size: 1 } at <repo>/python/aisimulate/src/aiconfigurator_core/systems/data/b60/vllm/0.12.0","python python/aisimulate/tools/support_matrix/generate_fpe_support_matrix.py --model ""Qwen/Qwen3.5-35B-A3B"" --system ""b60"" --backend ""vllm"" --backend-version ""0.12.0"" --forward-model op_level --max-workers 8",,116,29,PERF_DATA_MISSING=116,,26dae1f99b2b50fb17118f38d8a8e95dfac3357c
Qwen/Qwen3.5-35B-A3B,Qwen3_5MoeForConditionalGeneration,b60,vllm,0.20.0,agg,FAIL,"Strict-native op-level FPE probes: PERF_DATA_MISSING=116; raw probes=116; topologies=29; source_sha=26dae1f99b2b50fb17118f38d8a8e95dfac3357c. Representative failure: perf database error: MoE data missing for MoeKey { quant: ""bfloat16"", distribution: ""power_law_1.2"", topk: 8, num_experts: 256, hidden_size: 2048, inter_size: 512, moe_tp_size: 1, moe_ep_size: 1 } at <repo>/python/aisimulate/src/aiconfigurator_core/systems/data/b60/vllm/0.20.0","python python/aisimulate/tools/support_matrix/generate_fpe_support_matrix.py --model ""Qwen/Qwen3.5-35B-A3B"" --system ""b60"" --backend ""vllm"" --backend-version ""0.20.0"" --forward-model op_level --max-workers 8",,116,29,PERF_DATA_MISSING=116,,26dae1f99b2b50fb17118f38d8a8e95dfac3357c
Qwen/Qwen3.5-35B-A3B,Qwen3_5MoeForConditionalGeneration,b60,vllm,0.20.0,disagg,FAIL,"Strict-native op-level FPE probes: PERF_DATA_MISSING=116; raw probes=116; topologies=29; source_sha=26dae1f99b2b50fb17118f38d8a8e95dfac3357c. Representative failure: perf database error: MoE data missing for MoeKey { quant: ""bfloat16"", distribution: ""power_law_1.2"", topk: 8, num_experts: 256, hidden_size: 2048, inter_size: 512, moe_tp_size: 1, moe_ep_size: 1 } at <repo>/python/aisimulate/src/aiconfigurator_core/systems/data/b60/vllm/0.20.0","python python/aisimulate/tools/support_matrix/generate_fpe_support_matrix.py --model ""Qwen/Qwen3.5-35B-A3B"" --system ""b60"" --backend ""vllm"" --backend-version ""0.20.0"" --forward-model op_level --max-workers 8",,116,29,PERF_DATA_MISSING=116,,26dae1f99b2b50fb17118f38d8a8e95dfac3357c
Qwen/Qwen3.5-397B-A17B,Qwen3_5MoeForConditionalGeneration,b60,vllm,0.12.0,agg,FAIL,"Strict-native op-level FPE probes: PERF_DATA_MISSING=116; raw probes=116; topologies=29; source_sha=26dae1f99b2b50fb17118f38d8a8e95dfac3357c. Representative failure: perf database error: MoE data missing for MoeKey { quant: ""bfloat16"", distribution: ""power_law_1.2"", topk: 10, num_experts: 512, hidden_size: 4096, inter_size: 1024, moe_tp_size: 1, moe_ep_size: 1 } at <repo>/python/aisimulate/src/aiconfigurator_core/systems/data/b60/vllm/0.12.0","python python/aisimulate/tools/support_matrix/generate_fpe_support_matrix.py --model ""Qwen/Qwen3.5-397B-A17B"" --system ""b60"" --backend ""vllm"" --backend-version ""0.12.0"" --forward-model op_level --max-workers 8",,116,29,PERF_DATA_MISSING=116,,26dae1f99b2b50fb17118f38d8a8e95dfac3357c
Qwen/Qwen3.5-397B-A17B,Qwen3_5MoeForConditionalGeneration,b60,vllm,0.12.0,disagg,FAIL,"Strict-native op-level FPE probes: PERF_DATA_MISSING=116; raw probes=116; topologies=29; source_sha=26dae1f99b2b50fb17118f38d8a8e95dfac3357c. Representative failure: perf database error: MoE data missing for MoeKey { quant: ""bfloat16"", distribution: ""power_law_1.2"", topk: 10, num_experts: 512, hidden_size: 4096, inter_size: 1024, moe_tp_size: 1, moe_ep_size: 1 } at <repo>/python/aisimulate/src/aiconfigurator_core/systems/data/b60/vllm/0.12.0","python python/aisimulate/tools/support_matrix/generate_fpe_support_matrix.py --model ""Qwen/Qwen3.5-397B-A17B"" --system ""b60"" --backend ""vllm"" --backend-version ""0.12.0"" --forward-model op_level --max-workers 8",,116,29,PERF_DATA_MISSING=116,,26dae1f99b2b50fb17118f38d8a8e95dfac3357c
Qwen/Qwen3.5-397B-A17B,Qwen3_5MoeForConditionalGeneration,b60,vllm,0.20.0,agg,FAIL,"Strict-native op-level FPE probes: PERF_DATA_MISSING=116; raw probes=116; topologies=29; source_sha=26dae1f99b2b50fb17118f38d8a8e95dfac3357c. Representative failure: perf database error: MoE data missing for MoeKey { quant: ""bfloat16"", distribution: ""power_law_1.2"", topk: 10, num_experts: 512, hidden_size: 4096, inter_size: 1024, moe_tp_size: 1, moe_ep_size: 1 } at <repo>/python/aisimulate/src/aiconfigurator_core/systems/data/b60/vllm/0.20.0","python python/aisimulate/tools/support_matrix/generate_fpe_support_matrix.py --model ""Qwen/Qwen3.5-397B-A17B"" --system ""b60"" --backend ""vllm"" --backend-version ""0.20.0"" --forward-model op_level --max-workers 8",,116,29,PERF_DATA_MISSING=116,,26dae1f99b2b50fb17118f38d8a8e95dfac3357c
Qwen/Qwen3.5-397B-A17B,Qwen3_5MoeForConditionalGeneration,b60,vllm,0.20.0,disagg,FAIL,"Strict-native op-level FPE probes: PERF_DATA_MISSING=116; raw probes=116; topologies=29; source_sha=26dae1f99b2b50fb17118f38d8a8e95dfac3357c. Representative failure: perf database error: MoE data missing for MoeKey { quant: ""bfloat16"", distribution: ""power_law_1.2"", topk: 10, num_experts: 512, hidden_size: 4096, inter_size: 1024, moe_tp_size: 1, moe_ep_size: 1 } at <repo>/python/aisimulate/src/aiconfigurator_core/systems/data/b60/vllm/0.20.0","python python/aisimulate/tools/support_matrix/generate_fpe_support_matrix.py --model ""Qwen/Qwen3.5-397B-A17B"" --system ""b60"" --backend ""vllm"" --backend-version ""0.20.0"" --forward-model op_level --max-workers 8",,116,29,PERF_DATA_MISSING=116,,26dae1f99b2b50fb17118f38d8a8e95dfac3357c
XiaomiMiMo/MiMo-7B-Base,MiMoForCausalLM,b60,vllm,0.12.0,agg,PASS,,"python python/aisimulate/tools/support_matrix/generate_fpe_support_matrix.py --model ""XiaomiMiMo/MiMo-7B-Base"" --system ""b60"" --backend ""vllm"" --backend-version ""0.12.0"" --forward-model op_level --max-workers 8",silicon,12,3,PASS=12,"decode_end=9001.920454, decode_start=35.224635, mixed=42.802622, prefill=37.998813",26dae1f99b2b50fb17118f38d8a8e95dfac3357c
XiaomiMiMo/MiMo-7B-Base,MiMoForCausalLM,b60,vllm,0.12.0,disagg,PASS,,"python python/aisimulate/tools/support_matrix/generate_fpe_support_matrix.py --model ""XiaomiMiMo/MiMo-7B-Base"" --system ""b60"" --backend ""vllm"" --backend-version ""0.12.0"" --forward-model op_level --max-workers 8",silicon,12,3,PASS=12,"decode_end=9001.920454, decode_start=35.224635, mixed=42.802622, prefill=37.998813",26dae1f99b2b50fb17118f38d8a8e95dfac3357c
XiaomiMiMo/MiMo-7B-Base,MiMoForCausalLM,b60,vllm,0.20.0,agg,PASS,,"python python/aisimulate/tools/support_matrix/generate_fpe_support_matrix.py --model ""XiaomiMiMo/MiMo-7B-Base"" --system ""b60"" --backend ""vllm"" --backend-version ""0.20.0"" --forward-model op_level --max-workers 8",silicon,12,3,PASS=12,"decode_end=9000.944281, decode_start=35.285268, mixed=49.832266, prefill=47.067965",26dae1f99b2b50fb17118f38d8a8e95dfac3357c
XiaomiMiMo/MiMo-7B-Base,MiMoForCausalLM,b60,vllm,0.20.0,disagg,PASS,,"python python/aisimulate/tools/support_matrix/generate_fpe_support_matrix.py --model ""XiaomiMiMo/MiMo-7B-Base"" --system ""b60"" --backend ""vllm"" --backend-version ""0.20.0"" --forward-model op_level --max-workers 8",silicon,12,3,PASS=12,"decode_end=9000.944281, decode_start=35.285268, mixed=49.832266, prefill=47.067965",26dae1f99b2b50fb17118f38d8a8e95dfac3357c
XiaomiMiMo/MiMo-V2-Flash,MiMoV2FlashForCausalLM,b60,vllm,0.12.0,agg,FAIL,"Strict-native op-level FPE probes: PERF_DATA_MISSING=116; raw probes=116; topologies=29; source_sha=26dae1f99b2b50fb17118f38d8a8e95dfac3357c. Representative failure: perf database error: GEMM perf data missing for quant 'fp8_block' at <repo>/python/aisimulate/src/aiconfigurator_core/systems/data/b60/vllm/0.12.0; available: [""bfloat16"", ""fp8""]","python python/aisimulate/tools/support_matrix/generate_fpe_support_matrix.py --model ""XiaomiMiMo/MiMo-V2-Flash"" --system ""b60"" --backend ""vllm"" --backend-version ""0.12.0"" --forward-model op_level --max-workers 8",,116,29,PERF_DATA_MISSING=116,,26dae1f99b2b50fb17118f38d8a8e95dfac3357c
XiaomiMiMo/MiMo-V2-Flash,MiMoV2FlashForCausalLM,b60,vllm,0.12.0,disagg,FAIL,"Strict-native op-level FPE probes: PERF_DATA_MISSING=174; raw probes=174; topologies=58; source_sha=26dae1f99b2b50fb17118f38d8a8e95dfac3357c. Representative failure: perf database error: GEMM perf data missing for quant 'fp8_block' at <repo>/python/aisimulate/src/aiconfigurator_core/systems/data/b60/vllm/0.12.0; available: [""bfloat16"", ""fp8""]","python python/aisimulate/tools/support_matrix/generate_fpe_support_matrix.py --model ""XiaomiMiMo/MiMo-V2-Flash"" --system ""b60"" --backend ""vllm"" --backend-version ""0.12.0"" --forward-model op_level --max-workers 8",,174,58,PERF_DATA_MISSING=174,,26dae1f99b2b50fb17118f38d8a8e95dfac3357c
XiaomiMiMo/MiMo-V2-Flash,MiMoV2FlashForCausalLM,b60,vllm,0.20.0,agg,FAIL,"Strict-native op-level FPE probes: PERF_DATA_MISSING=116; raw probes=116; topologies=29; source_sha=26dae1f99b2b50fb17118f38d8a8e95dfac3357c. Representative failure: perf database error: GEMM perf data missing for quant 'fp8_block' at <repo>/python/aisimulate/src/aiconfigurator_core/systems/data/b60/vllm/0.20.0; available: [""bfloat16"", ""fp8""]","python python/aisimulate/tools/support_matrix/generate_fpe_support_matrix.py --model ""XiaomiMiMo/MiMo-V2-Flash"" --system ""b60"" --backend ""vllm"" --backend-version ""0.20.0"" --forward-model op_level --max-workers 8",,116,29,PERF_DATA_MISSING=116,,26dae1f99b2b50fb17118f38d8a8e95dfac3357c
XiaomiMiMo/MiMo-V2-Flash,MiMoV2FlashForCausalLM,b60,vllm,0.20.0,disagg,FAIL,"Strict-native op-level FPE probes: PERF_DATA_MISSING=174; raw probes=174; topologies=58; source_sha=26dae1f99b2b50fb17118f38d8a8e95dfac3357c. Representative failure: perf database error: GEMM perf data missing for quant 'fp8_block' at <repo>/python/aisimulate/src/aiconfigurator_core/systems/data/b60/vllm/0.20.0; available: [""bfloat16"", ""fp8""]","python python/aisimulate/tools/support_matrix/generate_fpe_support_matrix.py --model ""XiaomiMiMo/MiMo-V2-Flash"" --system ""b60"" --backend ""vllm"" --backend-version ""0.20.0"" --forward-model op_level --max-workers 8",,174,58,PERF_DATA_MISSING=174,,26dae1f99b2b50fb17118f38d8a8e95dfac3357c
deepseek-ai/DeepSeek-R1,DeepseekV3ForCausalLM,b60,vllm,0.12.0,agg,FAIL,"Strict-native op-level FPE probes: PERF_DATA_MISSING=116; raw probes=116; topologies=29; source_sha=26dae1f99b2b50fb17118f38d8a8e95dfac3357c. Representative failure: perf database error: GEMM perf data missing for quant 'fp8_block' at <repo>/python/aisimulate/src/aiconfigurator_core/systems/data/b60/vllm/0.12.0; available: [""bfloat16"", ""fp8""]","python python/aisimulate/tools/support_matrix/generate_fpe_support_matrix.py --model ""deepseek-ai/DeepSeek-R1"" --system ""b60"" --backend ""vllm"" --backend-version ""0.12.0"" --forward-model op_level --max-workers 8",,116,29,PERF_DATA_MISSING=116,,26dae1f99b2b50fb17118f38d8a8e95dfac3357c
deepseek-ai/DeepSeek-R1,DeepseekV3ForCausalLM,b60,vllm,0.12.0,disagg,FAIL,"Strict-native op-level FPE probes: PERF_DATA_MISSING=174; raw probes=174; topologies=58; source_sha=26dae1f99b2b50fb17118f38d8a8e95dfac3357c. Representative failure: perf database error: GEMM perf data missing for quant 'fp8_block' at <repo>/python/aisimulate/src/aiconfigurator_core/systems/data/b60/vllm/0.12.0; available: [""bfloat16"", ""fp8""]","python python/aisimulate/tools/support_matrix/generate_fpe_support_matrix.py --model ""deepseek-ai/DeepSeek-R1"" --system ""b60"" --backend ""vllm"" --backend-version ""0.12.0"" --forward-model op_level --max-workers 8",,174,58,PERF_DATA_MISSING=174,,26dae1f99b2b50fb17118f38d8a8e95dfac3357c
deepseek-ai/DeepSeek-R1,DeepseekV3ForCausalLM,b60,vllm,0.20.0,agg,FAIL,"Strict-native op-level FPE probes: PERF_DATA_MISSING=116; raw probes=116; topologies=29; source_sha=26dae1f99b2b50fb17118f38d8a8e95dfac3357c. Representative failure: perf database error: GEMM perf data missing for quant 'fp8_block' at <repo>/python/aisimulate/src/aiconfigurator_core/systems/data/b60/vllm/0.20.0; available: [""bfloat16"", ""fp8""]","python python/aisimulate/tools/support_matrix/generate_fpe_support_matrix.py --model ""deepseek-ai/DeepSeek-R1"" --system ""b60"" --backend ""vllm"" --backend-version ""0.20.0"" --forward-model op_level --max-workers 8",,116,29,PERF_DATA_MISSING=116,,26dae1f99b2b50fb17118f38d8a8e95dfac3357c
deepseek-ai/DeepSeek-R1,DeepseekV3ForCausalLM,b60,vllm,0.20.0,disagg,FAIL,"Strict-native op-level FPE probes: PERF_DATA_MISSING=174; raw probes=174; topologies=58; source_sha=26dae1f99b2b50fb17118f38d8a8e95dfac3357c. Representative failure: perf database error: GEMM perf data missing for quant 'fp8_block' at <repo>/python/aisimulate/src/aiconfigurator_core/systems/data/b60/vllm/0.20.0; available: [""bfloat16"", ""fp8""]","python python/aisimulate/tools/support_matrix/generate_fpe_support_matrix.py --model ""deepseek-ai/DeepSeek-R1"" --system ""b60"" --backend ""vllm"" --backend-version ""0.20.0"" --forward-model op_level --max-workers 8",,174,58,PERF_DATA_MISSING=174,,26dae1f99b2b50fb17118f38d8a8e95dfac3357c
deepseek-ai/DeepSeek-V3,DeepseekV3ForCausalLM,b60,vllm,0.12.0,agg,FAIL,"Strict-native op-level FPE probes: PERF_DATA_MISSING=116; raw probes=116; topologies=29; source_sha=26dae1f99b2b50fb17118f38d8a8e95dfac3357c. Representative failure: perf database error: GEMM perf data missing for quant 'fp8_block' at <repo>/python/aisimulate/src/aiconfigurator_core/systems/data/b60/vllm/0.12.0; available: [""bfloat16"", ""fp8""]","python python/aisimulate/tools/support_matrix/generate_fpe_support_matrix.py --model ""deepseek-ai/DeepSeek-V3"" --system ""b60"" --backend ""vllm"" --backend-version ""0.12.0"" --forward-model op_level --max-workers 8",,116,29,PERF_DATA_MISSING=116,,26dae1f99b2b50fb17118f38d8a8e95dfac3357c
deepseek-ai/DeepSeek-V3,DeepseekV3ForCausalLM,b60,vllm,0.12.0,disagg,FAIL,"Strict-native op-level FPE probes: PERF_DATA_MISSING=174; raw probes=174; topologies=58; source_sha=26dae1f99b2b50fb17118f38d8a8e95dfac3357c. Representative failure: perf database error: GEMM perf data missing for quant 'fp8_block' at <repo>/python/aisimulate/src/aiconfigurator_core/systems/data/b60/vllm/0.12.0; available: [""bfloat16"", ""fp8""]","python python/aisimulate/tools/support_matrix/generate_fpe_support_matrix.py --model ""deepseek-ai/DeepSeek-V3"" --system ""b60"" --backend ""vllm"" --backend-version ""0.12.0"" --forward-model op_level --max-workers 8",,174,58,PERF_DATA_MISSING=174,,26dae1f99b2b50fb17118f38d8a8e95dfac3357c
deepseek-ai/DeepSeek-V3,DeepseekV3ForCausalLM,b60,vllm,0.20.0,agg,FAIL,"Strict-native op-level FPE probes: PERF_DATA_MISSING=116; raw probes=116; topologies=29; source_sha=26dae1f99b2b50fb17118f38d8a8e95dfac3357c. Representative failure: perf database error: GEMM perf data missing for quant 'fp8_block' at <repo>/python/aisimulate/src/aiconfigurator_core/systems/data/b60/vllm/0.20.0; available: [""bfloat16"", ""fp8""]","python python/aisimulate/tools/support_matrix/generate_fpe_support_matrix.py --model ""deepseek-ai/DeepSeek-V3"" --system ""b60"" --backend ""vllm"" --backend-version ""0.20.0"" --forward-model op_level --max-workers 8",,116,29,PERF_DATA_MISSING=116,,26dae1f99b2b50fb17118f38d8a8e95dfac3357c
deepseek-ai/DeepSeek-V3,DeepseekV3ForCausalLM,b60,vllm,0.20.0,disagg,FAIL,"Strict-native op-level FPE probes: PERF_DATA_MISSING=174; raw probes=174; topologies=58; source_sha=26dae1f99b2b50fb17118f38d8a8e95dfac3357c. Representative failure: perf database error: GEMM perf data missing for quant 'fp8_block' at <repo>/python/aisimulate/src/aiconfigurator_core/systems/data/b60/vllm/0.20.0; available: [""bfloat16"", ""fp8""]","python python/aisimulate/tools/support_matrix/generate_fpe_support_matrix.py --model ""deepseek-ai/DeepSeek-V3"" --system ""b60"" --backend ""vllm"" --backend-version ""0.20.0"" --forward-model op_level --max-workers 8",,174,58,PERF_DATA_MISSING=174,,26dae1f99b2b50fb17118f38d8a8e95dfac3357c
deepseek-ai/DeepSeek-V3.2,DeepseekV32ForCausalLM,b60,vllm,0.12.0,agg,FAIL,"Strict-native op-level FPE probes: PERF_DATA_MISSING=116; raw probes=116; topologies=29; source_sha=26dae1f99b2b50fb17118f38d8a8e95dfac3357c. Representative failure: perf database error: GEMM perf data missing for quant 'fp8_block' at <repo>/python/aisimulate/src/aiconfigurator_core/systems/data/b60/vllm/0.12.0; available: [""bfloat16"", ""fp8""]","python python/aisimulate/tools/support_matrix/generate_fpe_support_matrix.py --model ""deepseek-ai/DeepSeek-V3.2"" --system ""b60"" --backend ""vllm"" --backend-version ""0.12.0"" --forward-model op_level --max-workers 8",,116,29,PERF_DATA_MISSING=116,,26dae1f99b2b50fb17118f38d8a8e95dfac3357c
deepseek-ai/DeepSeek-V3.2,DeepseekV32ForCausalLM,b60,vllm,0.12.0,disagg,FAIL,"Strict-native op-level FPE probes: PERF_DATA_MISSING=116; raw probes=116; topologies=29; source_sha=26dae1f99b2b50fb17118f38d8a8e95dfac3357c. Representative failure: perf database error: GEMM perf data missing for quant 'fp8_block' at <repo>/python/aisimulate/src/aiconfigurator_core/systems/data/b60/vllm/0.12.0; available: [""bfloat16"", ""fp8""]","python python/aisimulate/tools/support_matrix/generate_fpe_support_matrix.py --model ""deepseek-ai/DeepSeek-V3.2"" --system ""b60"" --backend ""vllm"" --backend-version ""0.12.0"" --forward-model op_level --max-workers 8",,116,29,PERF_DATA_MISSING=116,,26dae1f99b2b50fb17118f38d8a8e95dfac3357c
deepseek-ai/DeepSeek-V3.2,DeepseekV32ForCausalLM,b60,vllm,0.20.0,agg,FAIL,"Strict-native op-level FPE probes: PERF_DATA_MISSING=116; raw probes=116; topologies=29; source_sha=26dae1f99b2b50fb17118f38d8a8e95dfac3357c. Representative failure: perf database error: GEMM perf data missing for quant 'fp8_block' at <repo>/python/aisimulate/src/aiconfigurator_core/systems/data/b60/vllm/0.20.0; available: [""bfloat16"", ""fp8""]","python python/aisimulate/tools/support_matrix/generate_fpe_support_matrix.py --model ""deepseek-ai/DeepSeek-V3.2"" --system ""b60"" --backend ""vllm"" --backend-version ""0.20.0"" --forward-model op_level --max-workers 8",,116,29,PERF_DATA_MISSING=116,,26dae1f99b2b50fb17118f38d8a8e95dfac3357c
deepseek-ai/DeepSeek-V3.2,DeepseekV32ForCausalLM,b60,vllm,0.20.0,disagg,FAIL,"Strict-native op-level FPE probes: PERF_DATA_MISSING=116; raw probes=116; topologies=29; source_sha=26dae1f99b2b50fb17118f38d8a8e95dfac3357c. Representative failure: perf database error: GEMM perf data missing for quant 'fp8_block' at <repo>/python/aisimulate/src/aiconfigurator_core/systems/data/b60/vllm/0.20.0; available: [""bfloat16"", ""fp8""]","python python/aisimulate/tools/support_matrix/generate_fpe_support_matrix.py --model ""deepseek-ai/DeepSeek-V3.2"" --system ""b60"" --backend ""vllm"" --backend-version ""0.20.0"" --forward-model op_level --max-workers 8",,116,29,PERF_DATA_MISSING=116,,26dae1f99b2b50fb17118f38d8a8e95dfac3357c
deepseek-ai/DeepSeek-V4-Flash,DeepseekV4ForCausalLM,b60,vllm,0.12.0,agg,FAIL,Strict-native op-level FPE probes: PERF_DATA_MISSING=116; raw probes=116; topologies=29; source_sha=26dae1f99b2b50fb17118f38d8a8e95dfac3357c. Representative failure: perf database error: perf database error: no MHC module rows loaded from 1 source(s) (first: <repo>/python/aisimulate/src/aiconfigurator_core/systems/data/b60/vllm/0.12.0/mhc_module_perf.parquet),"python python/aisimulate/tools/support_matrix/generate_fpe_support_matrix.py --model ""deepseek-ai/DeepSeek-V4-Flash"" --system ""b60"" --backend ""vllm"" --backend-version ""0.12.0"" --forward-model op_level --max-workers 8",,116,29,PERF_DATA_MISSING=116,,26dae1f99b2b50fb17118f38d8a8e95dfac3357c
deepseek-ai/DeepSeek-V4-Flash,DeepseekV4ForCausalLM,b60,vllm,0.12.0,disagg,FAIL,Strict-native op-level FPE probes: PERF_DATA_MISSING=116; raw probes=116; topologies=29; source_sha=26dae1f99b2b50fb17118f38d8a8e95dfac3357c. Representative failure: perf database error: perf database error: no MHC module rows loaded from 1 source(s) (first: <repo>/python/aisimulate/src/aiconfigurator_core/systems/data/b60/vllm/0.12.0/mhc_module_perf.parquet),"python python/aisimulate/tools/support_matrix/generate_fpe_support_matrix.py --model ""deepseek-ai/DeepSeek-V4-Flash"" --system ""b60"" --backend ""vllm"" --backend-version ""0.12.0"" --forward-model op_level --max-workers 8",,116,29,PERF_DATA_MISSING=116,,26dae1f99b2b50fb17118f38d8a8e95dfac3357c
deepseek-ai/DeepSeek-V4-Flash,DeepseekV4ForCausalLM,b60,vllm,0.20.0,agg,FAIL,Strict-native op-level FPE probes: PERF_DATA_MISSING=116; raw probes=116; topologies=29; source_sha=26dae1f99b2b50fb17118f38d8a8e95dfac3357c. Representative failure: perf database error: perf database error: no MHC module rows loaded from 1 source(s) (first: <repo>/python/aisimulate/src/aiconfigurator_core/systems/data/b60/vllm/0.20.0/mhc_module_perf.parquet),"python python/aisimulate/tools/support_matrix/generate_fpe_support_matrix.py --model ""deepseek-ai/DeepSeek-V4-Flash"" --system ""b60"" --backend ""vllm"" --backend-version ""0.20.0"" --forward-model op_level --max-workers 8",,116,29,PERF_DATA_MISSING=116,,26dae1f99b2b50fb17118f38d8a8e95dfac3357c
deepseek-ai/DeepSeek-V4-Flash,DeepseekV4ForCausalLM,b60,vllm,0.20.0,disagg,FAIL,Strict-native op-level FPE probes: PERF_DATA_MISSING=116; raw probes=116; topologies=29; source_sha=26dae1f99b2b50fb17118f38d8a8e95dfac3357c. Representative failure: perf database error: perf database error: no MHC module rows loaded from 1 source(s) (first: <repo>/python/aisimulate/src/aiconfigurator_core/systems/data/b60/vllm/0.20.0/mhc_module_perf.parquet),"python python/aisimulate/tools/support_matrix/generate_fpe_support_matrix.py --model ""deepseek-ai/DeepSeek-V4-Flash"" --system ""b60"" --backend ""vllm"" --backend-version ""0.20.0"" --forward-model op_level --max-workers 8",,116,29,PERF_DATA_MISSING=116,,26dae1f99b2b50fb17118f38d8a8e95dfac3357c
deepseek-ai/DeepSeek-V4-Pro,DeepseekV4ForCausalLM,b60,vllm,0.12.0,agg,FAIL,Strict-native op-level FPE probes: PERF_DATA_MISSING=116; raw probes=116; topologies=29; source_sha=26dae1f99b2b50fb17118f38d8a8e95dfac3357c. Representative failure: perf database error: perf database error: no MHC module rows loaded from 1 source(s) (first: <repo>/python/aisimulate/src/aiconfigurator_core/systems/data/b60/vllm/0.12.0/mhc_module_perf.parquet),"python python/aisimulate/tools/support_matrix/generate_fpe_support_matrix.py --model ""deepseek-ai/DeepSeek-V4-Pro"" --system ""b60"" --backend ""vllm"" --backend-version ""0.12.0"" --forward-model op_level --max-workers 8",,116,29,PERF_DATA_MISSING=116,,26dae1f99b2b50fb17118f38d8a8e95dfac3357c
deepseek-ai/DeepSeek-V4-Pro,DeepseekV4ForCausalLM,b60,vllm,0.12.0,disagg,FAIL,Strict-native op-level FPE probes: PERF_DATA_MISSING=116; raw probes=116; topologies=29; source_sha=26dae1f99b2b50fb17118f38d8a8e95dfac3357c. Representative failure: perf database error: perf database error: no MHC module rows loaded from 1 source(s) (first: <repo>/python/aisimulate/src/aiconfigurator_core/systems/data/b60/vllm/0.12.0/mhc_module_perf.parquet),"python python/aisimulate/tools/support_matrix/generate_fpe_support_matrix.py --model ""deepseek-ai/DeepSeek-V4-Pro"" --system ""b60"" --backend ""vllm"" --backend-version ""0.12.0"" --forward-model op_level --max-workers 8",,116,29,PERF_DATA_MISSING=116,,26dae1f99b2b50fb17118f38d8a8e95dfac3357c
deepseek-ai/DeepSeek-V4-Pro,DeepseekV4ForCausalLM,b60,vllm,0.20.0,agg,FAIL,Strict-native op-level FPE probes: PERF_DATA_MISSING=116; raw probes=116; topologies=29; source_sha=26dae1f99b2b50fb17118f38d8a8e95dfac3357c. Representative failure: perf database error: perf database error: no MHC module rows loaded from 1 source(s) (first: <repo>/python/aisimulate/src/aiconfigurator_core/systems/data/b60/vllm/0.20.0/mhc_module_perf.parquet),"python python/aisimulate/tools/support_matrix/generate_fpe_support_matrix.py --model ""deepseek-ai/DeepSeek-V4-Pro"" --system ""b60"" --backend ""vllm"" --backend-version ""0.20.0"" --forward-model op_level --max-workers 8",,116,29,PERF_DATA_MISSING=116,,26dae1f99b2b50fb17118f38d8a8e95dfac3357c
deepseek-ai/DeepSeek-V4-Pro,DeepseekV4ForCausalLM,b60,vllm,0.20.0,disagg,FAIL,Strict-native op-level FPE probes: PERF_DATA_MISSING=116; raw probes=116; topologies=29; source_sha=26dae1f99b2b50fb17118f38d8a8e95dfac3357c. Representative failure: perf database error: perf database error: no MHC module rows loaded from 1 source(s) (first: <repo>/python/aisimulate/src/aiconfigurator_core/systems/data/b60/vllm/0.20.0/mhc_module_perf.parquet),"python python/aisimulate/tools/support_matrix/generate_fpe_support_matrix.py --model ""deepseek-ai/DeepSeek-V4-Pro"" --system ""b60"" --backend ""vllm"" --backend-version ""0.20.0"" --forward-model op_level --max-workers 8",,116,29,PERF_DATA_MISSING=116,,26dae1f99b2b50fb17118f38d8a8e95dfac3357c
google/gemma-4-26B-A4B,Gemma4ForConditionalGeneration,b60,vllm,0.12.0,agg,FAIL,"Strict-native op-level FPE probes: PERF_DATA_MISSING=116; raw probes=116; topologies=29; source_sha=26dae1f99b2b50fb17118f38d8a8e95dfac3357c. Representative failure: perf database error: MoE data missing for MoeKey { quant: ""bfloat16"", distribution: ""power_law_1.01"", topk: 8, num_experts: 128, hidden_size: 2816, inter_size: 704, moe_tp_size: 1, moe_ep_size: 1 } at <repo>/python/aisimulate/src/aiconfigurator_core/systems/data/b60/vllm/0.12.0","python python/aisimulate/tools/support_matrix/generate_fpe_support_matrix.py --model ""google/gemma-4-26B-A4B"" --system ""b60"" --backend ""vllm"" --backend-version ""0.12.0"" --forward-model op_level --max-workers 8",,116,29,PERF_DATA_MISSING=116,,26dae1f99b2b50fb17118f38d8a8e95dfac3357c
google/gemma-4-26B-A4B,Gemma4ForConditionalGeneration,b60,vllm,0.12.0,disagg,FAIL,"Strict-native op-level FPE probes: PERF_DATA_MISSING=116; raw probes=116; topologies=29; source_sha=26dae1f99b2b50fb17118f38d8a8e95dfac3357c. Representative failure: perf database error: MoE data missing for MoeKey { quant: ""bfloat16"", distribution: ""power_law_1.01"", topk: 8, num_experts: 128, hidden_size: 2816, inter_size: 704, moe_tp_size: 1, moe_ep_size: 1 } at <repo>/python/aisimulate/src/aiconfigurator_core/systems/data/b60/vllm/0.12.0","python python/aisimulate/tools/support_matrix/generate_fpe_support_matrix.py --model ""google/gemma-4-26B-A4B"" --system ""b60"" --backend ""vllm"" --backend-version ""0.12.0"" --forward-model op_level --max-workers 8",,116,29,PERF_DATA_MISSING=116,,26dae1f99b2b50fb17118f38d8a8e95dfac3357c
google/gemma-4-26B-A4B,Gemma4ForConditionalGeneration,b60,vllm,0.20.0,agg,FAIL,"Strict-native op-level FPE probes: PERF_DATA_MISSING=116; raw probes=116; topologies=29; source_sha=26dae1f99b2b50fb17118f38d8a8e95dfac3357c. Representative failure: perf database error: MoE data missing for MoeKey { quant: ""bfloat16"", distribution: ""power_law_1.01"", topk: 8, num_experts: 128, hidden_size: 2816, inter_size: 704, moe_tp_size: 1, moe_ep_size: 1 } at <repo>/python/aisimulate/src/aiconfigurator_core/systems/data/b60/vllm/0.20.0","python python/aisimulate/tools/support_matrix/generate_fpe_support_matrix.py --model ""google/gemma-4-26B-A4B"" --system ""b60"" --backend ""vllm"" --backend-version ""0.20.0"" --forward-model op_level --max-workers 8",,116,29,PERF_DATA_MISSING=116,,26dae1f99b2b50fb17118f38d8a8e95dfac3357c
google/gemma-4-26B-A4B,Gemma4ForConditionalGeneration,b60,vllm,0.20.0,disagg,FAIL,"Strict-native op-level FPE probes: PERF_DATA_MISSING=116; raw probes=116; topologies=29; source_sha=26dae1f99b2b50fb17118f38d8a8e95dfac3357c. Representative failure: perf database error: MoE data missing for MoeKey { quant: ""bfloat16"", distribution: ""power_law_1.01"", topk: 8, num_experts: 128, hidden_size: 2816, inter_size: 704, moe_tp_size: 1, moe_ep_size: 1 } at <repo>/python/aisimulate/src/aiconfigurator_core/systems/data/b60/vllm/0.20.0","python python/aisimulate/tools/support_matrix/generate_fpe_support_matrix.py --model ""google/gemma-4-26B-A4B"" --system ""b60"" --backend ""vllm"" --backend-version ""0.20.0"" --forward-model op_level --max-workers 8",,116,29,PERF_DATA_MISSING=116,,26dae1f99b2b50fb17118f38d8a8e95dfac3357c
meta-llama/Llama-4-Maverick-17B-128E-Instruct,Llama4ForConditionalGeneration,b60,vllm,0.12.0,agg,FAIL,"Strict-native op-level FPE probes: BUILD_FAILED=8, PERF_DATA_MISSING=108; raw probes=116; topologies=29; source_sha=26dae1f99b2b50fb17118f38d8a8e95dfac3357c. Representative failure: num_heads 40 should be divisible by tp_size 16","python python/aisimulate/tools/support_matrix/generate_fpe_support_matrix.py --model ""meta-llama/Llama-4-Maverick-17B-128E-Instruct"" --system ""b60"" --backend ""vllm"" --backend-version ""0.12.0"" --forward-model op_level --max-workers 8",,116,29,"BUILD_FAILED=8, PERF_DATA_MISSING=108",,26dae1f99b2b50fb17118f38d8a8e95dfac3357c
meta-llama/Llama-4-Maverick-17B-128E-Instruct,Llama4ForConditionalGeneration,b60,vllm,0.12.0,disagg,FAIL,"Strict-native op-level FPE probes: BUILD_FAILED=8, PERF_DATA_MISSING=108; raw probes=116; topologies=29; source_sha=26dae1f99b2b50fb17118f38d8a8e95dfac3357c. Representative failure: num_heads 40 should be divisible by tp_size 16","python python/aisimulate/tools/support_matrix/generate_fpe_support_matrix.py --model ""meta-llama/Llama-4-Maverick-17B-128E-Instruct"" --system ""b60"" --backend ""vllm"" --backend-version ""0.12.0"" --forward-model op_level --max-workers 8",,116,29,"BUILD_FAILED=8, PERF_DATA_MISSING=108",,26dae1f99b2b50fb17118f38d8a8e95dfac3357c
meta-llama/Llama-4-Maverick-17B-128E-Instruct,Llama4ForConditionalGeneration,b60,vllm,0.20.0,agg,FAIL,"Strict-native op-level FPE probes: BUILD_FAILED=8, PERF_DATA_MISSING=108; raw probes=116; topologies=29; source_sha=26dae1f99b2b50fb17118f38d8a8e95dfac3357c. Representative failure: num_heads 40 should be divisible by tp_size 16","python python/aisimulate/tools/support_matrix/generate_fpe_support_matrix.py --model ""meta-llama/Llama-4-Maverick-17B-128E-Instruct"" --system ""b60"" --backend ""vllm"" --backend-version ""0.20.0"" --forward-model op_level --max-workers 8",,116,29,"BUILD_FAILED=8, PERF_DATA_MISSING=108",,26dae1f99b2b50fb17118f38d8a8e95dfac3357c
meta-llama/Llama-4-Maverick-17B-128E-Instruct,Llama4ForConditionalGeneration,b60,vllm,0.20.0,disagg,FAIL,"Strict-native op-level FPE probes: BUILD_FAILED=8, PERF_DATA_MISSING=108; raw probes=116; topologies=29; source_sha=26dae1f99b2b50fb17118f38d8a8e95dfac3357c. Representative failure: num_heads 40 should be divisible by tp_size 16","python python/aisimulate/tools/support_matrix/generate_fpe_support_matrix.py --model ""meta-llama/Llama-4-Maverick-17B-128E-Instruct"" --system ""b60"" --backend ""vllm"" --backend-version ""0.20.0"" --forward-model op_level --max-workers 8",,116,29,"BUILD_FAILED=8, PERF_DATA_MISSING=108",,26dae1f99b2b50fb17118f38d8a8e95dfac3357c
meta-llama/Llama-4-Scout-17B-16E-Instruct,Llama4ForConditionalGeneration,b60,vllm,0.12.0,agg,FAIL,"Strict-native op-level FPE probes: BUILD_FAILED=8, PERF_DATA_MISSING=108; raw probes=116; topologies=29; source_sha=26dae1f99b2b50fb17118f38d8a8e95dfac3357c. Representative failure: num_heads 40 should be divisible by tp_size 16","python python/aisimulate/tools/support_matrix/generate_fpe_support_matrix.py --model ""meta-llama/Llama-4-Scout-17B-16E-Instruct"" --system ""b60"" --backend ""vllm"" --backend-version ""0.12.0"" --forward-model op_level --max-workers 8",,116,29,"BUILD_FAILED=8, PERF_DATA_MISSING=108",,26dae1f99b2b50fb17118f38d8a8e95dfac3357c
meta-llama/Llama-4-Scout-17B-16E-Instruct,Llama4ForConditionalGeneration,b60,vllm,0.12.0,disagg,FAIL,"Strict-native op-level FPE probes: BUILD_FAILED=8, PERF_DATA_MISSING=108; raw probes=116; topologies=29; source_sha=26dae1f99b2b50fb17118f38d8a8e95dfac3357c. Representative failure: num_heads 40 should be divisible by tp_size 16","python python/aisimulate/tools/support_matrix/generate_fpe_support_matrix.py --model ""meta-llama/Llama-4-Scout-17B-16E-Instruct"" --system ""b60"" --backend ""vllm"" --backend-version ""0.12.0"" --forward-model op_level --max-workers 8",,116,29,"BUILD_FAILED=8, PERF_DATA_MISSING=108",,26dae1f99b2b50fb17118f38d8a8e95dfac3357c
meta-llama/Llama-4-Scout-17B-16E-Instruct,Llama4ForConditionalGeneration,b60,vllm,0.20.0,agg,FAIL,"Strict-native op-level FPE probes: BUILD_FAILED=8, PERF_DATA_MISSING=108; raw probes=116; topologies=29; source_sha=26dae1f99b2b50fb17118f38d8a8e95dfac3357c. Representative failure: num_heads 40 should be divisible by tp_size 16","python python/aisimulate/tools/support_matrix/generate_fpe_support_matrix.py --model ""meta-llama/Llama-4-Scout-17B-16E-Instruct"" --system ""b60"" --backend ""vllm"" --backend-version ""0.20.0"" --forward-model op_level --max-workers 8",,116,29,"BUILD_FAILED=8, PERF_DATA_MISSING=108",,26dae1f99b2b50fb17118f38d8a8e95dfac3357c
meta-llama/Llama-4-Scout-17B-16E-Instruct,Llama4ForConditionalGeneration,b60,vllm,0.20.0,disagg,FAIL,"Strict-native op-level FPE probes: BUILD_FAILED=8, PERF_DATA_MISSING=108; raw probes=116; topologies=29; source_sha=26dae1f99b2b50fb17118f38d8a8e95dfac3357c. Representative failure: num_heads 40 should be divisible by tp_size 16","python python/aisimulate/tools/support_matrix/generate_fpe_support_matrix.py --model ""meta-llama/Llama-4-Scout-17B-16E-Instruct"" --system ""b60"" --backend ""vllm"" --backend-version ""0.20.0"" --forward-model op_level --max-workers 8",,116,29,"BUILD_FAILED=8, PERF_DATA_MISSING=108",,26dae1f99b2b50fb17118f38d8a8e95dfac3357c
meta-llama/Meta-Llama-3.1-405B,LlamaForCausalLM,b60,vllm,0.12.0,agg,PASS,,"python python/aisimulate/tools/support_matrix/generate_fpe_support_matrix.py --model ""meta-llama/Meta-Llama-3.1-405B"" --system ""b60"" --backend ""vllm"" --backend-version ""0.12.0"" --forward-model op_level --max-workers 8",silicon,16,4,"PASS=8, PERF_DATA_MISSING=8","decode_end=121015.782801, decode_start=473.059274, mixed=590.384840, prefill=565.628155",26dae1f99b2b50fb17118f38d8a8e95dfac3357c
meta-llama/Meta-Llama-3.1-405B,LlamaForCausalLM,b60,vllm,0.12.0,disagg,PASS,,"python python/aisimulate/tools/support_matrix/generate_fpe_support_matrix.py --model ""meta-llama/Meta-Llama-3.1-405B"" --system ""b60"" --backend ""vllm"" --backend-version ""0.12.0"" --forward-model op_level --max-workers 8",silicon,16,4,"PASS=8, PERF_DATA_MISSING=8","decode_end=121015.782801, decode_start=473.059274, mixed=590.384840, prefill=565.628155",26dae1f99b2b50fb17118f38d8a8e95dfac3357c
meta-llama/Meta-Llama-3.1-405B,LlamaForCausalLM,b60,vllm,0.20.0,agg,PASS,,"python python/aisimulate/tools/support_matrix/generate_fpe_support_matrix.py --model ""meta-llama/Meta-Llama-3.1-405B"" --system ""b60"" --backend ""vllm"" --backend-version ""0.20.0"" --forward-model op_level --max-workers 8",silicon,16,4,PASS=16,"decode_end=458738.444061, decode_start=1798.899968, mixed=2215.372934, prefill=2201.782312",26dae1f99b2b50fb17118f38d8a8e95dfac3357c
meta-llama/Meta-Llama-3.1-405B,LlamaForCausalLM,b60,vllm,0.20.0,disagg,PASS,,"python python/aisimulate/tools/support_matrix/generate_fpe_support_matrix.py --model ""meta-llama/Meta-Llama-3.1-405B"" --system ""b60"" --backend ""vllm"" --backend-version ""0.20.0"" --forward-model op_level --max-workers 8",silicon,16,4,PASS=16,"decode_end=458738.444061, decode_start=1798.899968, mixed=2215.372934, prefill=2201.782312",26dae1f99b2b50fb17118f38d8a8e95dfac3357c
meta-llama/Meta-Llama-3.1-70B,LlamaForCausalLM,b60,vllm,0.12.0,agg,PASS,,"python python/aisimulate/tools/support_matrix/generate_fpe_support_matrix.py --model ""meta-llama/Meta-Llama-3.1-70B"" --system ""b60"" --backend ""vllm"" --backend-version ""0.12.0"" --forward-model op_level --max-workers 8",silicon,16,4,PASS=16,"decode_end=80571.680053, decode_start=316.283297, mixed=342.507710, prefill=332.150662",26dae1f99b2b50fb17118f38d8a8e95dfac3357c
meta-llama/Meta-Llama-3.1-70B,LlamaForCausalLM,b60,vllm,0.12.0,disagg,PASS,,"python python/aisimulate/tools/support_matrix/generate_fpe_support_matrix.py --model ""meta-llama/Meta-Llama-3.1-70B"" --system ""b60"" --backend ""vllm"" --backend-version ""0.12.0"" --forward-model op_level --max-workers 8",silicon,16,4,PASS=16,"decode_end=80571.680053, decode_start=316.283297, mixed=342.507710, prefill=332.150662",26dae1f99b2b50fb17118f38d8a8e95dfac3357c
meta-llama/Meta-Llama-3.1-70B,LlamaForCausalLM,b60,vllm,0.20.0,agg,PASS,,"python python/aisimulate/tools/support_matrix/generate_fpe_support_matrix.py --model ""meta-llama/Meta-Llama-3.1-70B"" --system ""b60"" --backend ""vllm"" --backend-version ""0.20.0"" --forward-model op_level --max-workers 8",silicon,16,4,PASS=16,"decode_end=83088.068995, decode_start=325.622691, mixed=379.339662, prefill=371.665240",26dae1f99b2b50fb17118f38d8a8e95dfac3357c
meta-llama/Meta-Llama-3.1-70B,LlamaForCausalLM,b60,vllm,0.20.0,disagg,PASS,,"python python/aisimulate/tools/support_matrix/generate_fpe_support_matrix.py --model ""meta-llama/Meta-Llama-3.1-70B"" --system ""b60"" --backend ""vllm"" --backend-version ""0.20.0"" --forward-model op_level --max-workers 8",silicon,16,4,PASS=16,"decode_end=83088.068995, decode_start=325.622691, mixed=379.339662, prefill=371.665240",26dae1f99b2b50fb17118f38d8a8e95dfac3357c
meta-llama/Meta-Llama-3.1-8B,LlamaForCausalLM,b60,vllm,0.12.0,agg,PASS,,"python python/aisimulate/tools/support_matrix/generate_fpe_support_matrix.py --model ""meta-llama/Meta-Llama-3.1-8B"" --system ""b60"" --backend ""vllm"" --backend-version ""0.12.0"" --forward-model op_level --max-workers 8",silicon,12,3,PASS=12,"decode_end=9443.812000, decode_start=36.966100, mixed=44.212627, prefill=39.988172",26dae1f99b2b50fb17118f38d8a8e95dfac3357c
meta-llama/Meta-Llama-3.1-8B,LlamaForCausalLM,b60,vllm,0.12.0,disagg,PASS,,"python python/aisimulate/tools/support_matrix/generate_fpe_support_matrix.py --model ""meta-llama/Meta-Llama-3.1-8B"" --system ""b60"" --backend ""vllm"" --backend-version ""0.12.0"" --forward-model op_level --max-workers 8",silicon,12,3,PASS=12,"decode_end=9443.812000, decode_start=36.966100, mixed=44.212627, prefill=39.988172",26dae1f99b2b50fb17118f38d8a8e95dfac3357c
meta-llama/Meta-Llama-3.1-8B,LlamaForCausalLM,b60,vllm,0.20.0,agg,PASS,,"python python/aisimulate/tools/support_matrix/generate_fpe_support_matrix.py --model ""meta-llama/Meta-Llama-3.1-8B"" --system ""b60"" --backend ""vllm"" --backend-version ""0.20.0"" --forward-model op_level --max-workers 8",silicon,12,3,PASS=12,"decode_end=9459.982864, decode_start=37.086814, mixed=51.971965, prefill=49.309638",26dae1f99b2b50fb17118f38d8a8e95dfac3357c
meta-llama/Meta-Llama-3.1-8B,LlamaForCausalLM,b60,vllm,0.20.0,disagg,PASS,,"python python/aisimulate/tools/support_matrix/generate_fpe_support_matrix.py --model ""meta-llama/Meta-Llama-3.1-8B"" --system ""b60"" --backend ""vllm"" --backend-version ""0.20.0"" --forward-model op_level --max-workers 8",silicon,12,3,PASS=12,"decode_end=9459.982864, decode_start=37.086814, mixed=51.971965, prefill=49.309638",26dae1f99b2b50fb17118f38d8a8e95dfac3357c
moonshotai/Kimi-K2.5,KimiK25ForConditionalGeneration,b60,vllm,0.12.0,agg,FAIL,"Strict-native op-level FPE probes: PERF_DATA_MISSING=116; raw probes=116; topologies=29; source_sha=26dae1f99b2b50fb17118f38d8a8e95dfac3357c. Representative failure: perf database error: MoE data missing for MoeKey { quant: ""int4_wo"", distribution: ""uniform"", topk: 8, num_experts: 384, hidden_size: 7168, inter_size: 2048, moe_tp_size: 1, moe_ep_size: 1 } at <repo>/python/aisimulate/src/aiconfigurator_core/systems/data/b60/vllm/0.12.0","python python/aisimulate/tools/support_matrix/generate_fpe_support_matrix.py --model ""moonshotai/Kimi-K2.5"" --system ""b60"" --backend ""vllm"" --backend-version ""0.12.0"" --forward-model op_level --max-workers 8",,116,29,PERF_DATA_MISSING=116,,26dae1f99b2b50fb17118f38d8a8e95dfac3357c
moonshotai/Kimi-K2.5,KimiK25ForConditionalGeneration,b60,vllm,0.12.0,disagg,FAIL,"Strict-native op-level FPE probes: PERF_DATA_MISSING=116; raw probes=116; topologies=29; source_sha=26dae1f99b2b50fb17118f38d8a8e95dfac3357c. Representative failure: perf database error: MoE data missing for MoeKey { quant: ""int4_wo"", distribution: ""uniform"", topk: 8, num_experts: 384, hidden_size: 7168, inter_size: 2048, moe_tp_size: 1, moe_ep_size: 1 } at <repo>/python/aisimulate/src/aiconfigurator_core/systems/data/b60/vllm/0.12.0","python python/aisimulate/tools/support_matrix/generate_fpe_support_matrix.py --model ""moonshotai/Kimi-K2.5"" --system ""b60"" --backend ""vllm"" --backend-version ""0.12.0"" --forward-model op_level --max-workers 8",,116,29,PERF_DATA_MISSING=116,,26dae1f99b2b50fb17118f38d8a8e95dfac3357c
moonshotai/Kimi-K2.5,KimiK25ForConditionalGeneration,b60,vllm,0.20.0,agg,FAIL,"Strict-native op-level FPE probes: PERF_DATA_MISSING=116; raw probes=116; topologies=29; source_sha=26dae1f99b2b50fb17118f38d8a8e95dfac3357c. Representative failure: perf database error: MoE data missing for MoeKey { quant: ""int4_wo"", distribution: ""uniform"", topk: 8, num_experts: 384, hidden_size: 7168, inter_size: 2048, moe_tp_size: 1, moe_ep_size: 1 } at <repo>/python/aisimulate/src/aiconfigurator_core/systems/data/b60/vllm/0.20.0","python python/aisimulate/tools/support_matrix/generate_fpe_support_matrix.py --model ""moonshotai/Kimi-K2.5"" --system ""b60"" --backend ""vllm"" --backend-version ""0.20.0"" --forward-model op_level --max-workers 8",,116,29,PERF_DATA_MISSING=116,,26dae1f99b2b50fb17118f38d8a8e95dfac3357c
moonshotai/Kimi-K2.5,KimiK25ForConditionalGeneration,b60,vllm,0.20.0,disagg,FAIL,"Strict-native op-level FPE probes: PERF_DATA_MISSING=116; raw probes=116; topologies=29; source_sha=26dae1f99b2b50fb17118f38d8a8e95dfac3357c. Representative failure: perf database error: MoE data missing for MoeKey { quant: ""int4_wo"", distribution: ""uniform"", topk: 8, num_experts: 384, hidden_size: 7168, inter_size: 2048, moe_tp_size: 1, moe_ep_size: 1 } at <repo>/python/aisimulate/src/aiconfigurator_core/systems/data/b60/vllm/0.20.0","python python/aisimulate/tools/support_matrix/generate_fpe_support_matrix.py --model ""moonshotai/Kimi-K2.5"" --system ""b60"" --backend ""vllm"" --backend-version ""0.20.0"" --forward-model op_level --max-workers 8",,116,29,PERF_DATA_MISSING=116,,26dae1f99b2b50fb17118f38d8a8e95dfac3357c
moonshotai/Kimi-K3,KimiK3ForConditionalGeneration,b60,vllm,0.12.0,agg,FAIL,"Strict-native op-level FPE probes: PERF_DATA_MISSING=116; raw probes=116; topologies=29; source_sha=26dae1f99b2b50fb17118f38d8a8e95dfac3357c. Representative failure: perf database error: MoE data missing for MoeKey { quant: ""w4a16_mxfp4"", distribution: ""uniform"", topk: 16, num_experts: 896, hidden_size: 3584, inter_size: 3072, moe_tp_size: 1, moe_ep_size: 1 } at <repo>/python/aisimulate/src/aiconfigurator_core/systems/data/b60/vllm/0.12.0","python python/aisimulate/tools/support_matrix/generate_fpe_support_matrix.py --model ""moonshotai/Kimi-K3"" --system ""b60"" --backend ""vllm"" --backend-version ""0.12.0"" --forward-model op_level --max-workers 8",,116,29,PERF_DATA_MISSING=116,,26dae1f99b2b50fb17118f38d8a8e95dfac3357c
moonshotai/Kimi-K3,KimiK3ForConditionalGeneration,b60,vllm,0.12.0,disagg,FAIL,"Strict-native op-level FPE probes: PERF_DATA_MISSING=116; raw probes=116; topologies=29; source_sha=26dae1f99b2b50fb17118f38d8a8e95dfac3357c. Representative failure: perf database error: MoE data missing for MoeKey { quant: ""w4a16_mxfp4"", distribution: ""uniform"", topk: 16, num_experts: 896, hidden_size: 3584, inter_size: 3072, moe_tp_size: 1, moe_ep_size: 1 } at <repo>/python/aisimulate/src/aiconfigurator_core/systems/data/b60/vllm/0.12.0","python python/aisimulate/tools/support_matrix/generate_fpe_support_matrix.py --model ""moonshotai/Kimi-K3"" --system ""b60"" --backend ""vllm"" --backend-version ""0.12.0"" --forward-model op_level --max-workers 8",,116,29,PERF_DATA_MISSING=116,,26dae1f99b2b50fb17118f38d8a8e95dfac3357c
moonshotai/Kimi-K3,KimiK3ForConditionalGeneration,b60,vllm,0.20.0,agg,FAIL,"Strict-native op-level FPE probes: PERF_DATA_MISSING=116; raw probes=116; topologies=29; source_sha=26dae1f99b2b50fb17118f38d8a8e95dfac3357c. Representative failure: perf database error: MoE data missing for MoeKey { quant: ""w4a16_mxfp4"", distribution: ""power_law_1.01"", topk: 16, num_experts: 896, hidden_size: 3584, inter_size: 3072, moe_tp_size: 1, moe_ep_size: 1 } at <repo>/python/aisimulate/src/aiconfigurator_core/systems/data/b60/vllm/0.20.0","python python/aisimulate/tools/support_matrix/generate_fpe_support_matrix.py --model ""moonshotai/Kimi-K3"" --system ""b60"" --backend ""vllm"" --backend-version ""0.20.0"" --forward-model op_level --max-workers 8",,116,29,PERF_DATA_MISSING=116,,26dae1f99b2b50fb17118f38d8a8e95dfac3357c
moonshotai/Kimi-K3,KimiK3ForConditionalGeneration,b60,vllm,0.20.0,disagg,FAIL,"Strict-native op-level FPE probes: PERF_DATA_MISSING=116; raw probes=116; topologies=29; source_sha=26dae1f99b2b50fb17118f38d8a8e95dfac3357c. Representative failure: perf database error: MoE data missing for MoeKey { quant: ""w4a16_mxfp4"", distribution: ""power_law_1.01"", topk: 16, num_experts: 896, hidden_size: 3584, inter_size: 3072, moe_tp_size: 1, moe_ep_size: 1 } at <repo>/python/aisimulate/src/aiconfigurator_core/systems/data/b60/vllm/0.20.0","python python/aisimulate/tools/support_matrix/generate_fpe_support_matrix.py --model ""moonshotai/Kimi-K3"" --system ""b60"" --backend ""vllm"" --backend-version ""0.20.0"" --forward-model op_level --max-workers 8",,116,29,PERF_DATA_MISSING=116,,26dae1f99b2b50fb17118f38d8a8e95dfac3357c
nvidia/DeepSeek-V3.1-NVFP4,DeepseekV3ForCausalLM,b60,vllm,0.12.0,agg,FAIL,"Strict-native op-level FPE probes: PERF_DATA_MISSING=116; raw probes=116; topologies=29; source_sha=26dae1f99b2b50fb17118f38d8a8e95dfac3357c. Representative failure: perf database error: GEMM perf data missing for quant 'nvfp4_wo' at <repo>/python/aisimulate/src/aiconfigurator_core/systems/data/b60/vllm/0.12.0; available: [""bfloat16"", ""fp8""]","python python/aisimulate/tools/support_matrix/generate_fpe_support_matrix.py --model ""nvidia/DeepSeek-V3.1-NVFP4"" --system ""b60"" --backend ""vllm"" --backend-version ""0.12.0"" --forward-model op_level --max-workers 8",,116,29,PERF_DATA_MISSING=116,,26dae1f99b2b50fb17118f38d8a8e95dfac3357c
nvidia/DeepSeek-V3.1-NVFP4,DeepseekV3ForCausalLM,b60,vllm,0.12.0,disagg,FAIL,"Strict-native op-level FPE probes: PERF_DATA_MISSING=174; raw probes=174; topologies=58; source_sha=26dae1f99b2b50fb17118f38d8a8e95dfac3357c. Representative failure: perf database error: GEMM perf data missing for quant 'nvfp4_wo' at <repo>/python/aisimulate/src/aiconfigurator_core/systems/data/b60/vllm/0.12.0; available: [""bfloat16"", ""fp8""]","python python/aisimulate/tools/support_matrix/generate_fpe_support_matrix.py --model ""nvidia/DeepSeek-V3.1-NVFP4"" --system ""b60"" --backend ""vllm"" --backend-version ""0.12.0"" --forward-model op_level --max-workers 8",,174,58,PERF_DATA_MISSING=174,,26dae1f99b2b50fb17118f38d8a8e95dfac3357c
nvidia/DeepSeek-V3.1-NVFP4,DeepseekV3ForCausalLM,b60,vllm,0.20.0,agg,FAIL,"Strict-native op-level FPE probes: PERF_DATA_MISSING=116; raw probes=116; topologies=29; source_sha=26dae1f99b2b50fb17118f38d8a8e95dfac3357c. Representative failure: perf database error: GEMM perf data missing for quant 'nvfp4_wo' at <repo>/python/aisimulate/src/aiconfigurator_core/systems/data/b60/vllm/0.20.0; available: [""bfloat16"", ""fp8""]","python python/aisimulate/tools/support_matrix/generate_fpe_support_matrix.py --model ""nvidia/DeepSeek-V3.1-NVFP4"" --system ""b60"" --backend ""vllm"" --backend-version ""0.20.0"" --forward-model op_level --max-workers 8",,116,29,PERF_DATA_MISSING=116,,26dae1f99b2b50fb17118f38d8a8e95dfac3357c
nvidia/DeepSeek-V3.1-NVFP4,DeepseekV3ForCausalLM,b60,vllm,0.20.0,disagg,FAIL,"Strict-native op-level FPE probes: PERF_DATA_MISSING=174; raw probes=174; topologies=58; source_sha=26dae1f99b2b50fb17118f38d8a8e95dfac3357c. Representative failure: perf database error: GEMM perf data missing for quant 'nvfp4_wo' at <repo>/python/aisimulate/src/aiconfigurator_core/systems/data/b60/vllm/0.20.0; available: [""bfloat16"", ""fp8""]","python python/aisimulate/tools/support_matrix/generate_fpe_support_matrix.py --model ""nvidia/DeepSeek-V3.1-NVFP4"" --system ""b60"" --backend ""vllm"" --backend-version ""0.20.0"" --forward-model op_level --max-workers 8",,174,58,PERF_DATA_MISSING=174,,26dae1f99b2b50fb17118f38d8a8e95dfac3357c
nvidia/DeepSeek-V3.2-NVFP4,DeepseekV32ForCausalLM,b60,vllm,0.12.0,agg,FAIL,"Strict-native op-level FPE probes: PERF_DATA_MISSING=116; raw probes=116; topologies=29; source_sha=26dae1f99b2b50fb17118f38d8a8e95dfac3357c. Representative failure: perf database error: GEMM perf data missing for quant 'nvfp4_wo' at <repo>/python/aisimulate/src/aiconfigurator_core/systems/data/b60/vllm/0.12.0; available: [""bfloat16"", ""fp8""]","python python/aisimulate/tools/support_matrix/generate_fpe_support_matrix.py --model ""nvidia/DeepSeek-V3.2-NVFP4"" --system ""b60"" --backend ""vllm"" --backend-version ""0.12.0"" --forward-model op_level --max-workers 8",,116,29,PERF_DATA_MISSING=116,,26dae1f99b2b50fb17118f38d8a8e95dfac3357c
nvidia/DeepSeek-V3.2-NVFP4,DeepseekV32ForCausalLM,b60,vllm,0.12.0,disagg,FAIL,"Strict-native op-level FPE probes: PERF_DATA_MISSING=116; raw probes=116; topologies=29; source_sha=26dae1f99b2b50fb17118f38d8a8e95dfac3357c. Representative failure: perf database error: GEMM perf data missing for quant 'nvfp4_wo' at <repo>/python/aisimulate/src/aiconfigurator_core/systems/data/b60/vllm/0.12.0; available: [""bfloat16"", ""fp8""]","python python/aisimulate/tools/support_matrix/generate_fpe_support_matrix.py --model ""nvidia/DeepSeek-V3.2-NVFP4"" --system ""b60"" --backend ""vllm"" --backend-version ""0.12.0"" --forward-model op_level --max-workers 8",,116,29,PERF_DATA_MISSING=116,,26dae1f99b2b50fb17118f38d8a8e95dfac3357c
nvidia/DeepSeek-V3.2-NVFP4,DeepseekV32ForCausalLM,b60,vllm,0.20.0,agg,FAIL,"Strict-native op-level FPE probes: PERF_DATA_MISSING=116; raw probes=116; topologies=29; source_sha=26dae1f99b2b50fb17118f38d8a8e95dfac3357c. Representative failure: perf database error: GEMM perf data missing for quant 'nvfp4_wo' at <repo>/python/aisimulate/src/aiconfigurator_core/systems/data/b60/vllm/0.20.0; available: [""bfloat16"", ""fp8""]","python python/aisimulate/tools/support_matrix/generate_fpe_support_matrix.py --model ""nvidia/DeepSeek-V3.2-NVFP4"" --system ""b60"" --backend ""vllm"" --backend-version ""0.20.0"" --forward-model op_level --max-workers 8",,116,29,PERF_DATA_MISSING=116,,26dae1f99b2b50fb17118f38d8a8e95dfac3357c
nvidia/DeepSeek-V3.2-NVFP4,DeepseekV32ForCausalLM,b60,vllm,0.20.0,disagg,FAIL,"Strict-native op-level FPE probes: PERF_DATA_MISSING=116; raw probes=116; topologies=29; source_sha=26dae1f99b2b50fb17118f38d8a8e95dfac3357c. Representative failure: perf database error: GEMM perf data missing for quant 'nvfp4_wo' at <repo>/python/aisimulate/src/aiconfigurator_core/systems/data/b60/vllm/0.20.0; available: [""bfloat16"", ""fp8""]","python python/aisimulate/tools/support_matrix/generate_fpe_support_matrix.py --model ""nvidia/DeepSeek-V3.2-NVFP4"" --system ""b60"" --backend ""vllm"" --backend-version ""0.20.0"" --forward-model op_level --max-workers 8",,116,29,PERF_DATA_MISSING=116,,26dae1f99b2b50fb17118f38d8a8e95dfac3357c
nvidia/DeepSeek-V4-Flash-NVFP4,DeepseekV4ForCausalLM,b60,vllm,0.12.0,agg,FAIL,Strict-native op-level FPE probes: PERF_DATA_MISSING=116; raw probes=116; topologies=29; source_sha=26dae1f99b2b50fb17118f38d8a8e95dfac3357c. Representative failure: perf database error: perf database error: no MHC module rows loaded from 1 source(s) (first: <repo>/python/aisimulate/src/aiconfigurator_core/systems/data/b60/vllm/0.12.0/mhc_module_perf.parquet),"python python/aisimulate/tools/support_matrix/generate_fpe_support_matrix.py --model ""nvidia/DeepSeek-V4-Flash-NVFP4"" --system ""b60"" --backend ""vllm"" --backend-version ""0.12.0"" --forward-model op_level --max-workers 8",,116,29,PERF_DATA_MISSING=116,,26dae1f99b2b50fb17118f38d8a8e95dfac3357c
nvidia/DeepSeek-V4-Flash-NVFP4,DeepseekV4ForCausalLM,b60,vllm,0.12.0,disagg,FAIL,Strict-native op-level FPE probes: PERF_DATA_MISSING=116; raw probes=116; topologies=29; source_sha=26dae1f99b2b50fb17118f38d8a8e95dfac3357c. Representative failure: perf database error: perf database error: no MHC module rows loaded from 1 source(s) (first: <repo>/python/aisimulate/src/aiconfigurator_core/systems/data/b60/vllm/0.12.0/mhc_module_perf.parquet),"python python/aisimulate/tools/support_matrix/generate_fpe_support_matrix.py --model ""nvidia/DeepSeek-V4-Flash-NVFP4"" --system ""b60"" --backend ""vllm"" --backend-version ""0.12.0"" --forward-model op_level --max-workers 8",,116,29,PERF_DATA_MISSING=116,,26dae1f99b2b50fb17118f38d8a8e95dfac3357c
nvidia/DeepSeek-V4-Flash-NVFP4,DeepseekV4ForCausalLM,b60,vllm,0.20.0,agg,FAIL,Strict-native op-level FPE probes: PERF_DATA_MISSING=116; raw probes=116; topologies=29; source_sha=26dae1f99b2b50fb17118f38d8a8e95dfac3357c. Representative failure: perf database error: perf database error: no MHC module rows loaded from 1 source(s) (first: <repo>/python/aisimulate/src/aiconfigurator_core/systems/data/b60/vllm/0.20.0/mhc_module_perf.parquet),"python python/aisimulate/tools/support_matrix/generate_fpe_support_matrix.py --model ""nvidia/DeepSeek-V4-Flash-NVFP4"" --system ""b60"" --backend ""vllm"" --backend-version ""0.20.0"" --forward-model op_level --max-workers 8",,116,29,PERF_DATA_MISSING=116,,26dae1f99b2b50fb17118f38d8a8e95dfac3357c
nvidia/DeepSeek-V4-Flash-NVFP4,DeepseekV4ForCausalLM,b60,vllm,0.20.0,disagg,FAIL,Strict-native op-level FPE probes: PERF_DATA_MISSING=116; raw probes=116; topologies=29; source_sha=26dae1f99b2b50fb17118f38d8a8e95dfac3357c. Representative failure: perf database error: perf database error: no MHC module rows loaded from 1 source(s) (first: <repo>/python/aisimulate/src/aiconfigurator_core/systems/data/b60/vllm/0.20.0/mhc_module_perf.parquet),"python python/aisimulate/tools/support_matrix/generate_fpe_support_matrix.py --model ""nvidia/DeepSeek-V4-Flash-NVFP4"" --system ""b60"" --backend ""vllm"" --backend-version ""0.20.0"" --forward-model op_level --max-workers 8",,116,29,PERF_DATA_MISSING=116,,26dae1f99b2b50fb17118f38d8a8e95dfac3357c
nvidia/DeepSeek-V4-Pro-NVFP4,DeepseekV4ForCausalLM,b60,vllm,0.12.0,agg,FAIL,Strict-native op-level FPE probes: PERF_DATA_MISSING=116; raw probes=116; topologies=29; source_sha=26dae1f99b2b50fb17118f38d8a8e95dfac3357c. Representative failure: perf database error: perf database error: no MHC module rows loaded from 1 source(s) (first: <repo>/python/aisimulate/src/aiconfigurator_core/systems/data/b60/vllm/0.12.0/mhc_module_perf.parquet),"python python/aisimulate/tools/support_matrix/generate_fpe_support_matrix.py --model ""nvidia/DeepSeek-V4-Pro-NVFP4"" --system ""b60"" --backend ""vllm"" --backend-version ""0.12.0"" --forward-model op_level --max-workers 8",,116,29,PERF_DATA_MISSING=116,,26dae1f99b2b50fb17118f38d8a8e95dfac3357c
nvidia/DeepSeek-V4-Pro-NVFP4,DeepseekV4ForCausalLM,b60,vllm,0.12.0,disagg,FAIL,Strict-native op-level FPE probes: PERF_DATA_MISSING=116; raw probes=116; topologies=29; source_sha=26dae1f99b2b50fb17118f38d8a8e95dfac3357c. Representative failure: perf database error: perf database error: no MHC module rows loaded from 1 source(s) (first: <repo>/python/aisimulate/src/aiconfigurator_core/systems/data/b60/vllm/0.12.0/mhc_module_perf.parquet),"python python/aisimulate/tools/support_matrix/generate_fpe_support_matrix.py --model ""nvidia/DeepSeek-V4-Pro-NVFP4"" --system ""b60"" --backend ""vllm"" --backend-version ""0.12.0"" --forward-model op_level --max-workers 8",,116,29,PERF_DATA_MISSING=116,,26dae1f99b2b50fb17118f38d8a8e95dfac3357c
nvidia/DeepSeek-V4-Pro-NVFP4,DeepseekV4ForCausalLM,b60,vllm,0.20.0,agg,FAIL,Strict-native op-level FPE probes: PERF_DATA_MISSING=116; raw probes=116; topologies=29; source_sha=26dae1f99b2b50fb17118f38d8a8e95dfac3357c. Representative failure: perf database error: perf database error: no MHC module rows loaded from 1 source(s) (first: <repo>/python/aisimulate/src/aiconfigurator_core/systems/data/b60/vllm/0.20.0/mhc_module_perf.parquet),"python python/aisimulate/tools/support_matrix/generate_fpe_support_matrix.py --model ""nvidia/DeepSeek-V4-Pro-NVFP4"" --system ""b60"" --backend ""vllm"" --backend-version ""0.20.0"" --forward-model op_level --max-workers 8",,116,29,PERF_DATA_MISSING=116,,26dae1f99b2b50fb17118f38d8a8e95dfac3357c
nvidia/DeepSeek-V4-Pro-NVFP4,DeepseekV4ForCausalLM,b60,vllm,0.20.0,disagg,FAIL,Strict-native op-level FPE probes: PERF_DATA_MISSING=116; raw probes=116; topologies=29; source_sha=26dae1f99b2b50fb17118f38d8a8e95dfac3357c. Representative failure: perf database error: perf database error: no MHC module rows loaded from 1 source(s) (first: <repo>/python/aisimulate/src/aiconfigurator_core/systems/data/b60/vllm/0.20.0/mhc_module_perf.parquet),"python python/aisimulate/tools/support_matrix/generate_fpe_support_matrix.py --model ""nvidia/DeepSeek-V4-Pro-NVFP4"" --system ""b60"" --backend ""vllm"" --backend-version ""0.20.0"" --forward-model op_level --max-workers 8",,116,29,PERF_DATA_MISSING=116,,26dae1f99b2b50fb17118f38d8a8e95dfac3357c
nvidia/GLM-5.2-NVFP4,GlmMoeDsaForCausalLM,b60,vllm,0.12.0,agg,FAIL,"Strict-native op-level FPE probes: PERF_DATA_MISSING=116; raw probes=116; topologies=29; source_sha=26dae1f99b2b50fb17118f38d8a8e95dfac3357c. Representative failure: perf database error: MoE data missing for MoeKey { quant: ""nvfp4_wo"", distribution: ""uniform"", topk: 8, num_experts: 256, hidden_size: 6144, inter_size: 2048, moe_tp_size: 1, moe_ep_size: 1 } at <repo>/python/aisimulate/src/aiconfigurator_core/systems/data/b60/vllm/0.12.0","python python/aisimulate/tools/support_matrix/generate_fpe_support_matrix.py --model ""nvidia/GLM-5.2-NVFP4"" --system ""b60"" --backend ""vllm"" --backend-version ""0.12.0"" --forward-model op_level --max-workers 8",,116,29,PERF_DATA_MISSING=116,,26dae1f99b2b50fb17118f38d8a8e95dfac3357c
nvidia/GLM-5.2-NVFP4,GlmMoeDsaForCausalLM,b60,vllm,0.12.0,disagg,FAIL,"Strict-native op-level FPE probes: PERF_DATA_MISSING=116; raw probes=116; topologies=29; source_sha=26dae1f99b2b50fb17118f38d8a8e95dfac3357c. Representative failure: perf database error: MoE data missing for MoeKey { quant: ""nvfp4_wo"", distribution: ""uniform"", topk: 8, num_experts: 256, hidden_size: 6144, inter_size: 2048, moe_tp_size: 1, moe_ep_size: 1 } at <repo>/python/aisimulate/src/aiconfigurator_core/systems/data/b60/vllm/0.12.0","python python/aisimulate/tools/support_matrix/generate_fpe_support_matrix.py --model ""nvidia/GLM-5.2-NVFP4"" --system ""b60"" --backend ""vllm"" --backend-version ""0.12.0"" --forward-model op_level --max-workers 8",,116,29,PERF_DATA_MISSING=116,,26dae1f99b2b50fb17118f38d8a8e95dfac3357c
nvidia/GLM-5.2-NVFP4,GlmMoeDsaForCausalLM,b60,vllm,0.20.0,agg,FAIL,"Strict-native op-level FPE probes: PERF_DATA_MISSING=116; raw probes=116; topologies=29; source_sha=26dae1f99b2b50fb17118f38d8a8e95dfac3357c. Representative failure: perf database error: MoE data missing for MoeKey { quant: ""nvfp4_wo"", distribution: ""uniform"", topk: 8, num_experts: 256, hidden_size: 6144, inter_size: 2048, moe_tp_size: 1, moe_ep_size: 1 } at <repo>/python/aisimulate/src/aiconfigurator_core/systems/data/b60/vllm/0.20.0","python python/aisimulate/tools/support_matrix/generate_fpe_support_matrix.py --model ""nvidia/GLM-5.2-NVFP4"" --system ""b60"" --backend ""vllm"" --backend-version ""0.20.0"" --forward-model op_level --max-workers 8",,116,29,PERF_DATA_MISSING=116,,26dae1f99b2b50fb17118f38d8a8e95dfac3357c
nvidia/GLM-5.2-NVFP4,GlmMoeDsaForCausalLM,b60,vllm,0.20.0,disagg,FAIL,"Strict-native op-level FPE probes: PERF_DATA_MISSING=116; raw probes=116; topologies=29; source_sha=26dae1f99b2b50fb17118f38d8a8e95dfac3357c. Representative failure: perf database error: MoE data missing for MoeKey { quant: ""nvfp4_wo"", distribution: ""uniform"", topk: 8, num_experts: 256, hidden_size: 6144, inter_size: 2048, moe_tp_size: 1, moe_ep_size: 1 } at <repo>/python/aisimulate/src/aiconfigurator_core/systems/data/b60/vllm/0.20.0","python python/aisimulate/tools/support_matrix/generate_fpe_support_matrix.py --model ""nvidia/GLM-5.2-NVFP4"" --system ""b60"" --backend ""vllm"" --backend-version ""0.20.0"" --forward-model op_level --max-workers 8",,116,29,PERF_DATA_MISSING=116,,26dae1f99b2b50fb17118f38d8a8e95dfac3357c
nvidia/Gemma-4-26B-A4B-NVFP4,Gemma4ForConditionalGeneration,b60,vllm,0.12.0,agg,FAIL,"Strict-native op-level FPE probes: PERF_DATA_MISSING=116; raw probes=116; topologies=29; source_sha=26dae1f99b2b50fb17118f38d8a8e95dfac3357c. Representative failure: perf database error: GEMM perf data missing for quant 'nvfp4_wo' at <repo>/python/aisimulate/src/aiconfigurator_core/systems/data/b60/vllm/0.12.0; available: [""bfloat16"", ""fp8""]","python python/aisimulate/tools/support_matrix/generate_fpe_support_matrix.py --model ""nvidia/Gemma-4-26B-A4B-NVFP4"" --system ""b60"" --backend ""vllm"" --backend-version ""0.12.0"" --forward-model op_level --max-workers 8",,116,29,PERF_DATA_MISSING=116,,26dae1f99b2b50fb17118f38d8a8e95dfac3357c
nvidia/Gemma-4-26B-A4B-NVFP4,Gemma4ForConditionalGeneration,b60,vllm,0.12.0,disagg,FAIL,"Strict-native op-level FPE probes: PERF_DATA_MISSING=174; raw probes=174; topologies=58; source_sha=26dae1f99b2b50fb17118f38d8a8e95dfac3357c. Representative failure: perf database error: GEMM perf data missing for quant 'nvfp4_wo' at <repo>/python/aisimulate/src/aiconfigurator_core/systems/data/b60/vllm/0.12.0; available: [""bfloat16"", ""fp8""]","python python/aisimulate/tools/support_matrix/generate_fpe_support_matrix.py --model ""nvidia/Gemma-4-26B-A4B-NVFP4"" --system ""b60"" --backend ""vllm"" --backend-version ""0.12.0"" --forward-model op_level --max-workers 8",,174,58,PERF_DATA_MISSING=174,,26dae1f99b2b50fb17118f38d8a8e95dfac3357c
nvidia/Gemma-4-26B-A4B-NVFP4,Gemma4ForConditionalGeneration,b60,vllm,0.20.0,agg,FAIL,"Strict-native op-level FPE probes: PERF_DATA_MISSING=116; raw probes=116; topologies=29; source_sha=26dae1f99b2b50fb17118f38d8a8e95dfac3357c. Representative failure: perf database error: GEMM perf data missing for quant 'nvfp4_wo' at <repo>/python/aisimulate/src/aiconfigurator_core/systems/data/b60/vllm/0.20.0; available: [""bfloat16"", ""fp8""]","python python/aisimulate/tools/support_matrix/generate_fpe_support_matrix.py --model ""nvidia/Gemma-4-26B-A4B-NVFP4"" --system ""b60"" --backend ""vllm"" --backend-version ""0.20.0"" --forward-model op_level --max-workers 8",,116,29,PERF_DATA_MISSING=116,,26dae1f99b2b50fb17118f38d8a8e95dfac3357c
nvidia/Gemma-4-26B-A4B-NVFP4,Gemma4ForConditionalGeneration,b60,vllm,0.20.0,disagg,FAIL,"Strict-native op-level FPE probes: PERF_DATA_MISSING=174; raw probes=174; topologies=58; source_sha=26dae1f99b2b50fb17118f38d8a8e95dfac3357c. Representative failure: perf database error: GEMM perf data missing for quant 'nvfp4_wo' at <repo>/python/aisimulate/src/aiconfigurator_core/systems/data/b60/vllm/0.20.0; available: [""bfloat16"", ""fp8""]","python python/aisimulate/tools/support_matrix/generate_fpe_support_matrix.py --model ""nvidia/Gemma-4-26B-A4B-NVFP4"" --system ""b60"" --backend ""vllm"" --backend-version ""0.20.0"" --forward-model op_level --max-workers 8",,174,58,PERF_DATA_MISSING=174,,26dae1f99b2b50fb17118f38d8a8e95dfac3357c
nvidia/Gemma-4-31B-IT-NVFP4,Gemma4ForConditionalGeneration,b60,vllm,0.12.0,agg,FAIL,"Strict-native op-level FPE probes: BUILD_FAILED=56, PERF_DATA_MISSING=60; raw probes=116; topologies=29; source_sha=26dae1f99b2b50fb17118f38d8a8e95dfac3357c. Representative failure: dense Gemma 4 variants require moe_ep_size=1, got 16","python python/aisimulate/tools/support_matrix/generate_fpe_support_matrix.py --model ""nvidia/Gemma-4-31B-IT-NVFP4"" --system ""b60"" --backend ""vllm"" --backend-version ""0.12.0"" --forward-model op_level --max-workers 8",,116,29,"BUILD_FAILED=56, PERF_DATA_MISSING=60",,26dae1f99b2b50fb17118f38d8a8e95dfac3357c
nvidia/Gemma-4-31B-IT-NVFP4,Gemma4ForConditionalGeneration,b60,vllm,0.12.0,disagg,FAIL,"Strict-native op-level FPE probes: BUILD_FAILED=84, PERF_DATA_MISSING=90; raw probes=174; topologies=58; source_sha=26dae1f99b2b50fb17118f38d8a8e95dfac3357c. Representative failure: dense Gemma 4 variants require moe_ep_size=1, got 16","python python/aisimulate/tools/support_matrix/generate_fpe_support_matrix.py --model ""nvidia/Gemma-4-31B-IT-NVFP4"" --system ""b60"" --backend ""vllm"" --backend-version ""0.12.0"" --forward-model op_level --max-workers 8",,174,58,"BUILD_FAILED=84, PERF_DATA_MISSING=90",,26dae1f99b2b50fb17118f38d8a8e95dfac3357c
nvidia/Gemma-4-31B-IT-NVFP4,Gemma4ForConditionalGeneration,b60,vllm,0.20.0,agg,FAIL,"Strict-native op-level FPE probes: BUILD_FAILED=56, PERF_DATA_MISSING=60; raw probes=116; topologies=29; source_sha=26dae1f99b2b50fb17118f38d8a8e95dfac3357c. Representative failure: dense Gemma 4 variants require moe_ep_size=1, got 16","python python/aisimulate/tools/support_matrix/generate_fpe_support_matrix.py --model ""nvidia/Gemma-4-31B-IT-NVFP4"" --system ""b60"" --backend ""vllm"" --backend-version ""0.20.0"" --forward-model op_level --max-workers 8",,116,29,"BUILD_FAILED=56, PERF_DATA_MISSING=60",,26dae1f99b2b50fb17118f38d8a8e95dfac3357c
nvidia/Gemma-4-31B-IT-NVFP4,Gemma4ForConditionalGeneration,b60,vllm,0.20.0,disagg,FAIL,"Strict-native op-level FPE probes: BUILD_FAILED=84, PERF_DATA_MISSING=90; raw probes=174; topologies=58; source_sha=26dae1f99b2b50fb17118f38d8a8e95dfac3357c. Representative failure: dense Gemma 4 variants require moe_ep_size=1, got 16","python python/aisimulate/tools/support_matrix/generate_fpe_support_matrix.py --model ""nvidia/Gemma-4-31B-IT-NVFP4"" --system ""b60"" --backend ""vllm"" --backend-version ""0.20.0"" --forward-model op_level --max-workers 8",,174,58,"BUILD_FAILED=84, PERF_DATA_MISSING=90",,26dae1f99b2b50fb17118f38d8a8e95dfac3357c
nvidia/Kimi-K2.5-NVFP4,KimiK25ForConditionalGeneration,b60,vllm,0.12.0,agg,FAIL,"Strict-native op-level FPE probes: PERF_DATA_MISSING=116; raw probes=116; topologies=29; source_sha=26dae1f99b2b50fb17118f38d8a8e95dfac3357c. Representative failure: perf database error: GEMM perf data missing for quant 'nvfp4_wo' at <repo>/python/aisimulate/src/aiconfigurator_core/systems/data/b60/vllm/0.12.0; available: [""bfloat16"", ""fp8""]","python python/aisimulate/tools/support_matrix/generate_fpe_support_matrix.py --model ""nvidia/Kimi-K2.5-NVFP4"" --system ""b60"" --backend ""vllm"" --backend-version ""0.12.0"" --forward-model op_level --max-workers 8",,116,29,PERF_DATA_MISSING=116,,26dae1f99b2b50fb17118f38d8a8e95dfac3357c
nvidia/Kimi-K2.5-NVFP4,KimiK25ForConditionalGeneration,b60,vllm,0.12.0,disagg,FAIL,"Strict-native op-level FPE probes: PERF_DATA_MISSING=174; raw probes=174; topologies=58; source_sha=26dae1f99b2b50fb17118f38d8a8e95dfac3357c. Representative failure: perf database error: GEMM perf data missing for quant 'nvfp4_wo' at <repo>/python/aisimulate/src/aiconfigurator_core/systems/data/b60/vllm/0.12.0; available: [""bfloat16"", ""fp8""]","python python/aisimulate/tools/support_matrix/generate_fpe_support_matrix.py --model ""nvidia/Kimi-K2.5-NVFP4"" --system ""b60"" --backend ""vllm"" --backend-version ""0.12.0"" --forward-model op_level --max-workers 8",,174,58,PERF_DATA_MISSING=174,,26dae1f99b2b50fb17118f38d8a8e95dfac3357c
nvidia/Kimi-K2.5-NVFP4,KimiK25ForConditionalGeneration,b60,vllm,0.20.0,agg,FAIL,"Strict-native op-level FPE probes: PERF_DATA_MISSING=116; raw probes=116; topologies=29; source_sha=26dae1f99b2b50fb17118f38d8a8e95dfac3357c. Representative failure: perf database error: GEMM perf data missing for quant 'nvfp4_wo' at <repo>/python/aisimulate/src/aiconfigurator_core/systems/data/b60/vllm/0.20.0; available: [""bfloat16"", ""fp8""]","python python/aisimulate/tools/support_matrix/generate_fpe_support_matrix.py --model ""nvidia/Kimi-K2.5-NVFP4"" --system ""b60"" --backend ""vllm"" --backend-version ""0.20.0"" --forward-model op_level --max-workers 8",,116,29,PERF_DATA_MISSING=116,,26dae1f99b2b50fb17118f38d8a8e95dfac3357c
nvidia/Kimi-K2.5-NVFP4,KimiK25ForConditionalGeneration,b60,vllm,0.20.0,disagg,FAIL,"Strict-native op-level FPE probes: PERF_DATA_MISSING=174; raw probes=174; topologies=58; source_sha=26dae1f99b2b50fb17118f38d8a8e95dfac3357c. Representative failure: perf database error: GEMM perf data missing for quant 'nvfp4_wo' at <repo>/python/aisimulate/src/aiconfigurator_core/systems/data/b60/vllm/0.20.0; available: [""bfloat16"", ""fp8""]","python python/aisimulate/tools/support_matrix/generate_fpe_support_matrix.py --model ""nvidia/Kimi-K2.5-NVFP4"" --system ""b60"" --backend ""vllm"" --backend-version ""0.20.0"" --forward-model op_level --max-workers 8",,174,58,PERF_DATA_MISSING=174,,26dae1f99b2b50fb17118f38d8a8e95dfac3357c
nvidia/Kimi-K2.6-NVFP4,KimiK25ForConditionalGeneration,b60,vllm,0.12.0,agg,FAIL,"Strict-native op-level FPE probes: PERF_DATA_MISSING=116; raw probes=116; topologies=29; source_sha=26dae1f99b2b50fb17118f38d8a8e95dfac3357c. Representative failure: perf database error: GEMM perf data missing for quant 'nvfp4_wo' at <repo>/python/aisimulate/src/aiconfigurator_core/systems/data/b60/vllm/0.12.0; available: [""bfloat16"", ""fp8""]","python python/aisimulate/tools/support_matrix/generate_fpe_support_matrix.py --model ""nvidia/Kimi-K2.6-NVFP4"" --system ""b60"" --backend ""vllm"" --backend-version ""0.12.0"" --forward-model op_level --max-workers 8",,116,29,PERF_DATA_MISSING=116,,26dae1f99b2b50fb17118f38d8a8e95dfac3357c
nvidia/Kimi-K2.6-NVFP4,KimiK25ForConditionalGeneration,b60,vllm,0.12.0,disagg,FAIL,"Strict-native op-level FPE probes: PERF_DATA_MISSING=174; raw probes=174; topologies=58; source_sha=26dae1f99b2b50fb17118f38d8a8e95dfac3357c. Representative failure: perf database error: GEMM perf data missing for quant 'nvfp4_wo' at <repo>/python/aisimulate/src/aiconfigurator_core/systems/data/b60/vllm/0.12.0; available: [""bfloat16"", ""fp8""]","python python/aisimulate/tools/support_matrix/generate_fpe_support_matrix.py --model ""nvidia/Kimi-K2.6-NVFP4"" --system ""b60"" --backend ""vllm"" --backend-version ""0.12.0"" --forward-model op_level --max-workers 8",,174,58,PERF_DATA_MISSING=174,,26dae1f99b2b50fb17118f38d8a8e95dfac3357c
nvidia/Kimi-K2.6-NVFP4,KimiK25ForConditionalGeneration,b60,vllm,0.20.0,agg,FAIL,"Strict-native op-level FPE probes: PERF_DATA_MISSING=116; raw probes=116; topologies=29; source_sha=26dae1f99b2b50fb17118f38d8a8e95dfac3357c. Representative failure: perf database error: GEMM perf data missing for quant 'nvfp4_wo' at <repo>/python/aisimulate/src/aiconfigurator_core/systems/data/b60/vllm/0.20.0; available: [""bfloat16"", ""fp8""]","python python/aisimulate/tools/support_matrix/generate_fpe_support_matrix.py --model ""nvidia/Kimi-K2.6-NVFP4"" --system ""b60"" --backend ""vllm"" --backend-version ""0.20.0"" --forward-model op_level --max-workers 8",,116,29,PERF_DATA_MISSING=116,,26dae1f99b2b50fb17118f38d8a8e95dfac3357c
nvidia/Kimi-K2.6-NVFP4,KimiK25ForConditionalGeneration,b60,vllm,0.20.0,disagg,FAIL,"Strict-native op-level FPE probes: PERF_DATA_MISSING=174; raw probes=174; topologies=58; source_sha=26dae1f99b2b50fb17118f38d8a8e95dfac3357c. Representative failure: perf database error: GEMM perf data missing for quant 'nvfp4_wo' at <repo>/python/aisimulate/src/aiconfigurator_core/systems/data/b60/vllm/0.20.0; available: [""bfloat16"", ""fp8""]","python python/aisimulate/tools/support_matrix/generate_fpe_support_matrix.py --model ""nvidia/Kimi-K2.6-NVFP4"" --system ""b60"" --backend ""vllm"" --backend-version ""0.20.0"" --forward-model op_level --max-workers 8",,174,58,PERF_DATA_MISSING=174,,26dae1f99b2b50fb17118f38d8a8e95dfac3357c
nvidia/Kimi-K2.7-Code-NVFP4,KimiK25ForConditionalGeneration,b60,vllm,0.12.0,agg,FAIL,"Strict-native op-level FPE probes: PERF_DATA_MISSING=116; raw probes=116; topologies=29; source_sha=26dae1f99b2b50fb17118f38d8a8e95dfac3357c. Representative failure: perf database error: GEMM perf data missing for quant 'nvfp4_wo' at <repo>/python/aisimulate/src/aiconfigurator_core/systems/data/b60/vllm/0.12.0; available: [""bfloat16"", ""fp8""]","python python/aisimulate/tools/support_matrix/generate_fpe_support_matrix.py --model ""nvidia/Kimi-K2.7-Code-NVFP4"" --system ""b60"" --backend ""vllm"" --backend-version ""0.12.0"" --forward-model op_level --max-workers 8",,116,29,PERF_DATA_MISSING=116,,26dae1f99b2b50fb17118f38d8a8e95dfac3357c
nvidia/Kimi-K2.7-Code-NVFP4,KimiK25ForConditionalGeneration,b60,vllm,0.12.0,disagg,FAIL,"Strict-native op-level FPE probes: PERF_DATA_MISSING=174; raw probes=174; topologies=58; source_sha=26dae1f99b2b50fb17118f38d8a8e95dfac3357c. Representative failure: perf database error: GEMM perf data missing for quant 'nvfp4_wo' at <repo>/python/aisimulate/src/aiconfigurator_core/systems/data/b60/vllm/0.12.0; available: [""bfloat16"", ""fp8""]","python python/aisimulate/tools/support_matrix/generate_fpe_support_matrix.py --model ""nvidia/Kimi-K2.7-Code-NVFP4"" --system ""b60"" --backend ""vllm"" --backend-version ""0.12.0"" --forward-model op_level --max-workers 8",,174,58,PERF_DATA_MISSING=174,,26dae1f99b2b50fb17118f38d8a8e95dfac3357c
nvidia/Kimi-K2.7-Code-NVFP4,KimiK25ForConditionalGeneration,b60,vllm,0.20.0,agg,FAIL,"Strict-native op-level FPE probes: PERF_DATA_MISSING=116; raw probes=116; topologies=29; source_sha=26dae1f99b2b50fb17118f38d8a8e95dfac3357c. Representative failure: perf database error: GEMM perf data missing for quant 'nvfp4_wo' at <repo>/python/aisimulate/src/aiconfigurator_core/systems/data/b60/vllm/0.20.0; available: [""bfloat16"", ""fp8""]","python python/aisimulate/tools/support_matrix/generate_fpe_support_matrix.py --model ""nvidia/Kimi-K2.7-Code-NVFP4"" --system ""b60"" --backend ""vllm"" --backend-version ""0.20.0"" --forward-model op_level --max-workers 8",,116,29,PERF_DATA_MISSING=116,,26dae1f99b2b50fb17118f38d8a8e95dfac3357c
nvidia/Kimi-K2.7-Code-NVFP4,KimiK25ForConditionalGeneration,b60,vllm,0.20.0,disagg,FAIL,"Strict-native op-level FPE probes: PERF_DATA_MISSING=174; raw probes=174; topologies=58; source_sha=26dae1f99b2b50fb17118f38d8a8e95dfac3357c. Representative failure: perf database error: GEMM perf data missing for quant 'nvfp4_wo' at <repo>/python/aisimulate/src/aiconfigurator_core/systems/data/b60/vllm/0.20.0; available: [""bfloat16"", ""fp8""]","python python/aisimulate/tools/support_matrix/generate_fpe_support_matrix.py --model ""nvidia/Kimi-K2.7-Code-NVFP4"" --system ""b60"" --backend ""vllm"" --backend-version ""0.20.0"" --forward-model op_level --max-workers 8",,174,58,PERF_DATA_MISSING=174,,26dae1f99b2b50fb17118f38d8a8e95dfac3357c
nvidia/Llama-3.1-70B-Instruct-FP8,LlamaForCausalLM,b60,vllm,0.12.0,agg,FAIL,Strict-native op-level FPE probes: PERF_DATA_MISSING=16; raw probes=16; topologies=4; source_sha=26dae1f99b2b50fb17118f38d8a8e95dfac3357c. Representative failure: perf database error: perf database error: no rows loaded from 1 source(s) (first: <repo>/python/aisimulate/src/aiconfigurator_core/systems/data/b60/vllm/0.12.0/computescale_perf.parquet),"python python/aisimulate/tools/support_matrix/generate_fpe_support_matrix.py --model ""nvidia/Llama-3.1-70B-Instruct-FP8"" --system ""b60"" --backend ""vllm"" --backend-version ""0.12.0"" --forward-model op_level --max-workers 8",,16,4,PERF_DATA_MISSING=16,,26dae1f99b2b50fb17118f38d8a8e95dfac3357c
nvidia/Llama-3.1-70B-Instruct-FP8,LlamaForCausalLM,b60,vllm,0.12.0,disagg,FAIL,Strict-native op-level FPE probes: PERF_DATA_MISSING=24; raw probes=24; topologies=8; source_sha=26dae1f99b2b50fb17118f38d8a8e95dfac3357c. Representative failure: perf database error: perf database error: no rows loaded from 1 source(s) (first: <repo>/python/aisimulate/src/aiconfigurator_core/systems/data/b60/vllm/0.12.0/computescale_perf.parquet),"python python/aisimulate/tools/support_matrix/generate_fpe_support_matrix.py --model ""nvidia/Llama-3.1-70B-Instruct-FP8"" --system ""b60"" --backend ""vllm"" --backend-version ""0.12.0"" --forward-model op_level --max-workers 8",,24,8,PERF_DATA_MISSING=24,,26dae1f99b2b50fb17118f38d8a8e95dfac3357c
nvidia/Llama-3.1-70B-Instruct-FP8,LlamaForCausalLM,b60,vllm,0.20.0,agg,FAIL,Strict-native op-level FPE probes: PERF_DATA_MISSING=16; raw probes=16; topologies=4; source_sha=26dae1f99b2b50fb17118f38d8a8e95dfac3357c. Representative failure: perf database error: perf database error: no rows loaded from 1 source(s) (first: <repo>/python/aisimulate/src/aiconfigurator_core/systems/data/b60/vllm/0.20.0/computescale_perf.parquet),"python python/aisimulate/tools/support_matrix/generate_fpe_support_matrix.py --model ""nvidia/Llama-3.1-70B-Instruct-FP8"" --system ""b60"" --backend ""vllm"" --backend-version ""0.20.0"" --forward-model op_level --max-workers 8",,16,4,PERF_DATA_MISSING=16,,26dae1f99b2b50fb17118f38d8a8e95dfac3357c
nvidia/Llama-3.1-70B-Instruct-FP8,LlamaForCausalLM,b60,vllm,0.20.0,disagg,FAIL,Strict-native op-level FPE probes: PERF_DATA_MISSING=24; raw probes=24; topologies=8; source_sha=26dae1f99b2b50fb17118f38d8a8e95dfac3357c. Representative failure: perf database error: perf database error: no rows loaded from 1 source(s) (first: <repo>/python/aisimulate/src/aiconfigurator_core/systems/data/b60/vllm/0.20.0/computescale_perf.parquet),"python python/aisimulate/tools/support_matrix/generate_fpe_support_matrix.py --model ""nvidia/Llama-3.1-70B-Instruct-FP8"" --system ""b60"" --backend ""vllm"" --backend-version ""0.20.0"" --forward-model op_level --max-workers 8",,24,8,PERF_DATA_MISSING=24,,26dae1f99b2b50fb17118f38d8a8e95dfac3357c
nvidia/MiniMax-M2.7-NVFP4,MiniMaxM2ForCausalLM,b60,vllm,0.12.0,agg,FAIL,"Strict-native op-level FPE probes: PERF_DATA_MISSING=116; raw probes=116; topologies=29; source_sha=26dae1f99b2b50fb17118f38d8a8e95dfac3357c. Representative failure: perf database error: GEMM perf data missing for quant 'nvfp4_wo' at <repo>/python/aisimulate/src/aiconfigurator_core/systems/data/b60/vllm/0.12.0; available: [""bfloat16"", ""fp8""]","python python/aisimulate/tools/support_matrix/generate_fpe_support_matrix.py --model ""nvidia/MiniMax-M2.7-NVFP4"" --system ""b60"" --backend ""vllm"" --backend-version ""0.12.0"" --forward-model op_level --max-workers 8",,116,29,PERF_DATA_MISSING=116,,26dae1f99b2b50fb17118f38d8a8e95dfac3357c
nvidia/MiniMax-M2.7-NVFP4,MiniMaxM2ForCausalLM,b60,vllm,0.12.0,disagg,FAIL,"Strict-native op-level FPE probes: PERF_DATA_MISSING=174; raw probes=174; topologies=58; source_sha=26dae1f99b2b50fb17118f38d8a8e95dfac3357c. Representative failure: perf database error: GEMM perf data missing for quant 'nvfp4_wo' at <repo>/python/aisimulate/src/aiconfigurator_core/systems/data/b60/vllm/0.12.0; available: [""bfloat16"", ""fp8""]","python python/aisimulate/tools/support_matrix/generate_fpe_support_matrix.py --model ""nvidia/MiniMax-M2.7-NVFP4"" --system ""b60"" --backend ""vllm"" --backend-version ""0.12.0"" --forward-model op_level --max-workers 8",,174,58,PERF_DATA_MISSING=174,,26dae1f99b2b50fb17118f38d8a8e95dfac3357c
nvidia/MiniMax-M2.7-NVFP4,MiniMaxM2ForCausalLM,b60,vllm,0.20.0,agg,FAIL,"Strict-native op-level FPE probes: PERF_DATA_MISSING=116; raw probes=116; topologies=29; source_sha=26dae1f99b2b50fb17118f38d8a8e95dfac3357c. Representative failure: perf database error: GEMM perf data missing for quant 'nvfp4_wo' at <repo>/python/aisimulate/src/aiconfigurator_core/systems/data/b60/vllm/0.20.0; available: [""bfloat16"", ""fp8""]","python python/aisimulate/tools/support_matrix/generate_fpe_support_matrix.py --model ""nvidia/MiniMax-M2.7-NVFP4"" --system ""b60"" --backend ""vllm"" --backend-version ""0.20.0"" --forward-model op_level --max-workers 8",,116,29,PERF_DATA_MISSING=116,,26dae1f99b2b50fb17118f38d8a8e95dfac3357c
nvidia/MiniMax-M2.7-NVFP4,MiniMaxM2ForCausalLM,b60,vllm,0.20.0,disagg,FAIL,"Strict-native op-level FPE probes: PERF_DATA_MISSING=174; raw probes=174; topologies=58; source_sha=26dae1f99b2b50fb17118f38d8a8e95dfac3357c. Representative failure: perf database error: GEMM perf data missing for quant 'nvfp4_wo' at <repo>/python/aisimulate/src/aiconfigurator_core/systems/data/b60/vllm/0.20.0; available: [""bfloat16"", ""fp8""]","python python/aisimulate/tools/support_matrix/generate_fpe_support_matrix.py --model ""nvidia/MiniMax-M2.7-NVFP4"" --system ""b60"" --backend ""vllm"" --backend-version ""0.20.0"" --forward-model op_level --max-workers 8",,174,58,PERF_DATA_MISSING=174,,26dae1f99b2b50fb17118f38d8a8e95dfac3357c
nvidia/MiniMax-M3-NVFP4,MiniMaxM3SparseForConditionalGeneration,b60,vllm,0.12.0,agg,FAIL,"Strict-native op-level FPE probes: PERF_DATA_MISSING=116; raw probes=116; topologies=29; source_sha=26dae1f99b2b50fb17118f38d8a8e95dfac3357c. Representative failure: perf database error: GEMM perf data missing for quant 'fp8_block' at <repo>/python/aisimulate/src/aiconfigurator_core/systems/data/b60/vllm/0.12.0; available: [""bfloat16"", ""fp8""]","python python/aisimulate/tools/support_matrix/generate_fpe_support_matrix.py --model ""nvidia/MiniMax-M3-NVFP4"" --system ""b60"" --backend ""vllm"" --backend-version ""0.12.0"" --forward-model op_level --max-workers 8",,116,29,PERF_DATA_MISSING=116,,26dae1f99b2b50fb17118f38d8a8e95dfac3357c
nvidia/MiniMax-M3-NVFP4,MiniMaxM3SparseForConditionalGeneration,b60,vllm,0.12.0,disagg,FAIL,"Strict-native op-level FPE probes: PERF_DATA_MISSING=116; raw probes=116; topologies=29; source_sha=26dae1f99b2b50fb17118f38d8a8e95dfac3357c. Representative failure: perf database error: GEMM perf data missing for quant 'fp8_block' at <repo>/python/aisimulate/src/aiconfigurator_core/systems/data/b60/vllm/0.12.0; available: [""bfloat16"", ""fp8""]","python python/aisimulate/tools/support_matrix/generate_fpe_support_matrix.py --model ""nvidia/MiniMax-M3-NVFP4"" --system ""b60"" --backend ""vllm"" --backend-version ""0.12.0"" --forward-model op_level --max-workers 8",,116,29,PERF_DATA_MISSING=116,,26dae1f99b2b50fb17118f38d8a8e95dfac3357c
nvidia/MiniMax-M3-NVFP4,MiniMaxM3SparseForConditionalGeneration,b60,vllm,0.20.0,agg,FAIL,"Strict-native op-level FPE probes: PERF_DATA_MISSING=116; raw probes=116; topologies=29; source_sha=26dae1f99b2b50fb17118f38d8a8e95dfac3357c. Representative failure: perf database error: GEMM perf data missing for quant 'fp8_block' at <repo>/python/aisimulate/src/aiconfigurator_core/systems/data/b60/vllm/0.20.0; available: [""bfloat16"", ""fp8""]","python python/aisimulate/tools/support_matrix/generate_fpe_support_matrix.py --model ""nvidia/MiniMax-M3-NVFP4"" --system ""b60"" --backend ""vllm"" --backend-version ""0.20.0"" --forward-model op_level --max-workers 8",,116,29,PERF_DATA_MISSING=116,,26dae1f99b2b50fb17118f38d8a8e95dfac3357c
nvidia/MiniMax-M3-NVFP4,MiniMaxM3SparseForConditionalGeneration,b60,vllm,0.20.0,disagg,FAIL,"Strict-native op-level FPE probes: PERF_DATA_MISSING=116; raw probes=116; topologies=29; source_sha=26dae1f99b2b50fb17118f38d8a8e95dfac3357c. Representative failure: perf database error: GEMM perf data missing for quant 'fp8_block' at <repo>/python/aisimulate/src/aiconfigurator_core/systems/data/b60/vllm/0.20.0; available: [""bfloat16"", ""fp8""]","python python/aisimulate/tools/support_matrix/generate_fpe_support_matrix.py --model ""nvidia/MiniMax-M3-NVFP4"" --system ""b60"" --backend ""vllm"" --backend-version ""0.20.0"" --forward-model op_level --max-workers 8",,116,29,PERF_DATA_MISSING=116,,26dae1f99b2b50fb17118f38d8a8e95dfac3357c
nvidia/NVIDIA-Nemotron-3-Nano-30B-A3B-BF16,NemotronHForCausalLM,b60,vllm,0.12.0,agg,FAIL,"Strict-native op-level FPE probes: PERF_DATA_MISSING=116; raw probes=116; topologies=29; source_sha=26dae1f99b2b50fb17118f38d8a8e95dfac3357c. Representative failure: perf database error: MoE data missing for MoeKey { quant: ""bfloat16"", distribution: ""power_law_1.01"", topk: 6, num_experts: 128, hidden_size: 2688, inter_size: 1856, moe_tp_size: 1, moe_ep_size: 1 } at <repo>/python/aisimulate/src/aiconfigurator_core/systems/data/b60/vllm/0.12.0","python python/aisimulate/tools/support_matrix/generate_fpe_support_matrix.py --model ""nvidia/NVIDIA-Nemotron-3-Nano-30B-A3B-BF16"" --system ""b60"" --backend ""vllm"" --backend-version ""0.12.0"" --forward-model op_level --max-workers 8",,116,29,PERF_DATA_MISSING=116,,26dae1f99b2b50fb17118f38d8a8e95dfac3357c
nvidia/NVIDIA-Nemotron-3-Nano-30B-A3B-BF16,NemotronHForCausalLM,b60,vllm,0.12.0,disagg,FAIL,"Strict-native op-level FPE probes: PERF_DATA_MISSING=116; raw probes=116; topologies=29; source_sha=26dae1f99b2b50fb17118f38d8a8e95dfac3357c. Representative failure: perf database error: MoE data missing for MoeKey { quant: ""bfloat16"", distribution: ""power_law_1.01"", topk: 6, num_experts: 128, hidden_size: 2688, inter_size: 1856, moe_tp_size: 1, moe_ep_size: 1 } at <repo>/python/aisimulate/src/aiconfigurator_core/systems/data/b60/vllm/0.12.0","python python/aisimulate/tools/support_matrix/generate_fpe_support_matrix.py --model ""nvidia/NVIDIA-Nemotron-3-Nano-30B-A3B-BF16"" --system ""b60"" --backend ""vllm"" --backend-version ""0.12.0"" --forward-model op_level --max-workers 8",,116,29,PERF_DATA_MISSING=116,,26dae1f99b2b50fb17118f38d8a8e95dfac3357c
nvidia/NVIDIA-Nemotron-3-Nano-30B-A3B-BF16,NemotronHForCausalLM,b60,vllm,0.20.0,agg,FAIL,"Strict-native op-level FPE probes: PERF_DATA_MISSING=116; raw probes=116; topologies=29; source_sha=26dae1f99b2b50fb17118f38d8a8e95dfac3357c. Representative failure: perf database error: MoE data missing for MoeKey { quant: ""bfloat16"", distribution: ""power_law_1.01"", topk: 6, num_experts: 128, hidden_size: 2688, inter_size: 1856, moe_tp_size: 1, moe_ep_size: 1 } at <repo>/python/aisimulate/src/aiconfigurator_core/systems/data/b60/vllm/0.20.0","python python/aisimulate/tools/support_matrix/generate_fpe_support_matrix.py --model ""nvidia/NVIDIA-Nemotron-3-Nano-30B-A3B-BF16"" --system ""b60"" --backend ""vllm"" --backend-version ""0.20.0"" --forward-model op_level --max-workers 8",,116,29,PERF_DATA_MISSING=116,,26dae1f99b2b50fb17118f38d8a8e95dfac3357c
nvidia/NVIDIA-Nemotron-3-Nano-30B-A3B-BF16,NemotronHForCausalLM,b60,vllm,0.20.0,disagg,FAIL,"Strict-native op-level FPE probes: PERF_DATA_MISSING=116; raw probes=116; topologies=29; source_sha=26dae1f99b2b50fb17118f38d8a8e95dfac3357c. Representative failure: perf database error: MoE data missing for MoeKey { quant: ""bfloat16"", distribution: ""power_law_1.01"", topk: 6, num_experts: 128, hidden_size: 2688, inter_size: 1856, moe_tp_size: 1, moe_ep_size: 1 } at <repo>/python/aisimulate/src/aiconfigurator_core/systems/data/b60/vllm/0.20.0","python python/aisimulate/tools/support_matrix/generate_fpe_support_matrix.py --model ""nvidia/NVIDIA-Nemotron-3-Nano-30B-A3B-BF16"" --system ""b60"" --backend ""vllm"" --backend-version ""0.20.0"" --forward-model op_level --max-workers 8",,116,29,PERF_DATA_MISSING=116,,26dae1f99b2b50fb17118f38d8a8e95dfac3357c
nvidia/NVIDIA-Nemotron-3-Nano-30B-A3B-NVFP4,NemotronHForCausalLM,b60,vllm,0.12.0,agg,FAIL,"Strict-native op-level FPE probes: PERF_DATA_MISSING=116; raw probes=116; topologies=29; source_sha=26dae1f99b2b50fb17118f38d8a8e95dfac3357c. Representative failure: perf database error: GEMM perf data missing for quant 'nvfp4_wo' at <repo>/python/aisimulate/src/aiconfigurator_core/systems/data/b60/vllm/0.12.0; available: [""bfloat16"", ""fp8""]","python python/aisimulate/tools/support_matrix/generate_fpe_support_matrix.py --model ""nvidia/NVIDIA-Nemotron-3-Nano-30B-A3B-NVFP4"" --system ""b60"" --backend ""vllm"" --backend-version ""0.12.0"" --forward-model op_level --max-workers 8",,116,29,PERF_DATA_MISSING=116,,26dae1f99b2b50fb17118f38d8a8e95dfac3357c
nvidia/NVIDIA-Nemotron-3-Nano-30B-A3B-NVFP4,NemotronHForCausalLM,b60,vllm,0.12.0,disagg,FAIL,"Strict-native op-level FPE probes: PERF_DATA_MISSING=174; raw probes=174; topologies=58; source_sha=26dae1f99b2b50fb17118f38d8a8e95dfac3357c. Representative failure: perf database error: GEMM perf data missing for quant 'nvfp4_wo' at <repo>/python/aisimulate/src/aiconfigurator_core/systems/data/b60/vllm/0.12.0; available: [""bfloat16"", ""fp8""]","python python/aisimulate/tools/support_matrix/generate_fpe_support_matrix.py --model ""nvidia/NVIDIA-Nemotron-3-Nano-30B-A3B-NVFP4"" --system ""b60"" --backend ""vllm"" --backend-version ""0.12.0"" --forward-model op_level --max-workers 8",,174,58,PERF_DATA_MISSING=174,,26dae1f99b2b50fb17118f38d8a8e95dfac3357c
nvidia/NVIDIA-Nemotron-3-Nano-30B-A3B-NVFP4,NemotronHForCausalLM,b60,vllm,0.20.0,agg,FAIL,"Strict-native op-level FPE probes: PERF_DATA_MISSING=116; raw probes=116; topologies=29; source_sha=26dae1f99b2b50fb17118f38d8a8e95dfac3357c. Representative failure: perf database error: GEMM perf data missing for quant 'nvfp4_wo' at <repo>/python/aisimulate/src/aiconfigurator_core/systems/data/b60/vllm/0.20.0; available: [""bfloat16"", ""fp8""]","python python/aisimulate/tools/support_matrix/generate_fpe_support_matrix.py --model ""nvidia/NVIDIA-Nemotron-3-Nano-30B-A3B-NVFP4"" --system ""b60"" --backend ""vllm"" --backend-version ""0.20.0"" --forward-model op_level --max-workers 8",,116,29,PERF_DATA_MISSING=116,,26dae1f99b2b50fb17118f38d8a8e95dfac3357c
nvidia/NVIDIA-Nemotron-3-Nano-30B-A3B-NVFP4,NemotronHForCausalLM,b60,vllm,0.20.0,disagg,FAIL,"Strict-native op-level FPE probes: PERF_DATA_MISSING=174; raw probes=174; topologies=58; source_sha=26dae1f99b2b50fb17118f38d8a8e95dfac3357c. Representative failure: perf database error: GEMM perf data missing for quant 'nvfp4_wo' at <repo>/python/aisimulate/src/aiconfigurator_core/systems/data/b60/vllm/0.20.0; available: [""bfloat16"", ""fp8""]","python python/aisimulate/tools/support_matrix/generate_fpe_support_matrix.py --model ""nvidia/NVIDIA-Nemotron-3-Nano-30B-A3B-NVFP4"" --system ""b60"" --backend ""vllm"" --backend-version ""0.20.0"" --forward-model op_level --max-workers 8",,174,58,PERF_DATA_MISSING=174,,26dae1f99b2b50fb17118f38d8a8e95dfac3357c
nvidia/NVIDIA-Nemotron-3-Super-120B-A12B-FP8,NemotronHForCausalLM,b60,vllm,0.12.0,agg,FAIL,Strict-native op-level FPE probes: PERF_DATA_MISSING=116; raw probes=116; topologies=29; source_sha=26dae1f99b2b50fb17118f38d8a8e95dfac3357c. Representative failure: perf database error: perf database error: no rows loaded from 1 source(s) (first: <repo>/python/aisimulate/src/aiconfigurator_core/systems/data/b60/vllm/0.12.0/computescale_perf.parquet),"python python/aisimulate/tools/support_matrix/generate_fpe_support_matrix.py --model ""nvidia/NVIDIA-Nemotron-3-Super-120B-A12B-FP8"" --system ""b60"" --backend ""vllm"" --backend-version ""0.12.0"" --forward-model op_level --max-workers 8",,116,29,PERF_DATA_MISSING=116,,26dae1f99b2b50fb17118f38d8a8e95dfac3357c
nvidia/NVIDIA-Nemotron-3-Super-120B-A12B-FP8,NemotronHForCausalLM,b60,vllm,0.12.0,disagg,FAIL,Strict-native op-level FPE probes: PERF_DATA_MISSING=174; raw probes=174; topologies=58; source_sha=26dae1f99b2b50fb17118f38d8a8e95dfac3357c. Representative failure: perf database error: perf database error: no rows loaded from 1 source(s) (first: <repo>/python/aisimulate/src/aiconfigurator_core/systems/data/b60/vllm/0.12.0/computescale_perf.parquet),"python python/aisimulate/tools/support_matrix/generate_fpe_support_matrix.py --model ""nvidia/NVIDIA-Nemotron-3-Super-120B-A12B-FP8"" --system ""b60"" --backend ""vllm"" --backend-version ""0.12.0"" --forward-model op_level --max-workers 8",,174,58,PERF_DATA_MISSING=174,,26dae1f99b2b50fb17118f38d8a8e95dfac3357c
nvidia/NVIDIA-Nemotron-3-Super-120B-A12B-FP8,NemotronHForCausalLM,b60,vllm,0.20.0,agg,FAIL,Strict-native op-level FPE probes: PERF_DATA_MISSING=116; raw probes=116; topologies=29; source_sha=26dae1f99b2b50fb17118f38d8a8e95dfac3357c. Representative failure: perf database error: perf database error: no rows loaded from 1 source(s) (first: <repo>/python/aisimulate/src/aiconfigurator_core/systems/data/b60/vllm/0.20.0/computescale_perf.parquet),"python python/aisimulate/tools/support_matrix/generate_fpe_support_matrix.py --model ""nvidia/NVIDIA-Nemotron-3-Super-120B-A12B-FP8"" --system ""b60"" --backend ""vllm"" --backend-version ""0.20.0"" --forward-model op_level --max-workers 8",,116,29,PERF_DATA_MISSING=116,,26dae1f99b2b50fb17118f38d8a8e95dfac3357c
nvidia/NVIDIA-Nemotron-3-Super-120B-A12B-FP8,NemotronHForCausalLM,b60,vllm,0.20.0,disagg,FAIL,Strict-native op-level FPE probes: PERF_DATA_MISSING=174; raw probes=174; topologies=58; source_sha=26dae1f99b2b50fb17118f38d8a8e95dfac3357c. Representative failure: perf database error: perf database error: no rows loaded from 1 source(s) (first: <repo>/python/aisimulate/src/aiconfigurator_core/systems/data/b60/vllm/0.20.0/computescale_perf.parquet),"python python/aisimulate/tools/support_matrix/generate_fpe_support_matrix.py --model ""nvidia/NVIDIA-Nemotron-3-Super-120B-A12B-FP8"" --system ""b60"" --backend ""vllm"" --backend-version ""0.20.0"" --forward-model op_level --max-workers 8",,174,58,PERF_DATA_MISSING=174,,26dae1f99b2b50fb17118f38d8a8e95dfac3357c
nvidia/NVIDIA-Nemotron-3-Super-120B-A12B-NVFP4,NemotronHForCausalLM,b60,vllm,0.12.0,agg,FAIL,"Strict-native op-level FPE probes: PERF_DATA_MISSING=116; raw probes=116; topologies=29; source_sha=26dae1f99b2b50fb17118f38d8a8e95dfac3357c. Representative failure: perf database error: GEMM perf data missing for quant 'nvfp4_wo' at <repo>/python/aisimulate/src/aiconfigurator_core/systems/data/b60/vllm/0.12.0; available: [""bfloat16"", ""fp8""]","python python/aisimulate/tools/support_matrix/generate_fpe_support_matrix.py --model ""nvidia/NVIDIA-Nemotron-3-Super-120B-A12B-NVFP4"" --system ""b60"" --backend ""vllm"" --backend-version ""0.12.0"" --forward-model op_level --max-workers 8",,116,29,PERF_DATA_MISSING=116,,26dae1f99b2b50fb17118f38d8a8e95dfac3357c
nvidia/NVIDIA-Nemotron-3-Super-120B-A12B-NVFP4,NemotronHForCausalLM,b60,vllm,0.12.0,disagg,FAIL,"Strict-native op-level FPE probes: PERF_DATA_MISSING=174; raw probes=174; topologies=58; source_sha=26dae1f99b2b50fb17118f38d8a8e95dfac3357c. Representative failure: perf database error: GEMM perf data missing for quant 'nvfp4_wo' at <repo>/python/aisimulate/src/aiconfigurator_core/systems/data/b60/vllm/0.12.0; available: [""bfloat16"", ""fp8""]","python python/aisimulate/tools/support_matrix/generate_fpe_support_matrix.py --model ""nvidia/NVIDIA-Nemotron-3-Super-120B-A12B-NVFP4"" --system ""b60"" --backend ""vllm"" --backend-version ""0.12.0"" --forward-model op_level --max-workers 8",,174,58,PERF_DATA_MISSING=174,,26dae1f99b2b50fb17118f38d8a8e95dfac3357c
nvidia/NVIDIA-Nemotron-3-Super-120B-A12B-NVFP4,NemotronHForCausalLM,b60,vllm,0.20.0,agg,FAIL,"Strict-native op-level FPE probes: PERF_DATA_MISSING=116; raw probes=116; topologies=29; source_sha=26dae1f99b2b50fb17118f38d8a8e95dfac3357c. Representative failure: perf database error: GEMM perf data missing for quant 'nvfp4_wo' at <repo>/python/aisimulate/src/aiconfigurator_core/systems/data/b60/vllm/0.20.0; available: [""bfloat16"", ""fp8""]","python python/aisimulate/tools/support_matrix/generate_fpe_support_matrix.py --model ""nvidia/NVIDIA-Nemotron-3-Super-120B-A12B-NVFP4"" --system ""b60"" --backend ""vllm"" --backend-version ""0.20.0"" --forward-model op_level --max-workers 8",,116,29,PERF_DATA_MISSING=116,,26dae1f99b2b50fb17118f38d8a8e95dfac3357c
nvidia/NVIDIA-Nemotron-3-Super-120B-A12B-NVFP4,NemotronHForCausalLM,b60,vllm,0.20.0,disagg,FAIL,"Strict-native op-level FPE probes: PERF_DATA_MISSING=174; raw probes=174; topologies=58; source_sha=26dae1f99b2b50fb17118f38d8a8e95dfac3357c. Representative failure: perf database error: GEMM perf data missing for quant 'nvfp4_wo' at <repo>/python/aisimulate/src/aiconfigurator_core/systems/data/b60/vllm/0.20.0; available: [""bfloat16"", ""fp8""]","python python/aisimulate/tools/support_matrix/generate_fpe_support_matrix.py --model ""nvidia/NVIDIA-Nemotron-3-Super-120B-A12B-NVFP4"" --system ""b60"" --backend ""vllm"" --backend-version ""0.20.0"" --forward-model op_level --max-workers 8",,174,58,PERF_DATA_MISSING=174,,26dae1f99b2b50fb17118f38d8a8e95dfac3357c
nvidia/NVIDIA-Nemotron-3-Ultra-550B-A55B-BF16,NemotronHForCausalLM,b60,vllm,0.12.0,agg,FAIL,"Strict-native op-level FPE probes: PERF_DATA_MISSING=116; raw probes=116; topologies=29; source_sha=26dae1f99b2b50fb17118f38d8a8e95dfac3357c. Representative failure: perf database error: MoE data missing for MoeKey { quant: ""bfloat16"", distribution: ""power_law_1.01"", topk: 22, num_experts: 512, hidden_size: 2048, inter_size: 5120, moe_tp_size: 1, moe_ep_size: 1 } at <repo>/python/aisimulate/src/aiconfigurator_core/systems/data/b60/vllm/0.12.0","python python/aisimulate/tools/support_matrix/generate_fpe_support_matrix.py --model ""nvidia/NVIDIA-Nemotron-3-Ultra-550B-A55B-BF16"" --system ""b60"" --backend ""vllm"" --backend-version ""0.12.0"" --forward-model op_level --max-workers 8",,116,29,PERF_DATA_MISSING=116,,26dae1f99b2b50fb17118f38d8a8e95dfac3357c
nvidia/NVIDIA-Nemotron-3-Ultra-550B-A55B-BF16,NemotronHForCausalLM,b60,vllm,0.12.0,disagg,FAIL,"Strict-native op-level FPE probes: PERF_DATA_MISSING=116; raw probes=116; topologies=29; source_sha=26dae1f99b2b50fb17118f38d8a8e95dfac3357c. Representative failure: perf database error: MoE data missing for MoeKey { quant: ""bfloat16"", distribution: ""power_law_1.01"", topk: 22, num_experts: 512, hidden_size: 2048, inter_size: 5120, moe_tp_size: 1, moe_ep_size: 1 } at <repo>/python/aisimulate/src/aiconfigurator_core/systems/data/b60/vllm/0.12.0","python python/aisimulate/tools/support_matrix/generate_fpe_support_matrix.py --model ""nvidia/NVIDIA-Nemotron-3-Ultra-550B-A55B-BF16"" --system ""b60"" --backend ""vllm"" --backend-version ""0.12.0"" --forward-model op_level --max-workers 8",,116,29,PERF_DATA_MISSING=116,,26dae1f99b2b50fb17118f38d8a8e95dfac3357c
nvidia/NVIDIA-Nemotron-3-Ultra-550B-A55B-BF16,NemotronHForCausalLM,b60,vllm,0.20.0,agg,FAIL,"Strict-native op-level FPE probes: PERF_DATA_MISSING=116; raw probes=116; topologies=29; source_sha=26dae1f99b2b50fb17118f38d8a8e95dfac3357c. Representative failure: perf database error: MoE data missing for MoeKey { quant: ""bfloat16"", distribution: ""power_law_1.01"", topk: 22, num_experts: 512, hidden_size: 2048, inter_size: 5120, moe_tp_size: 1, moe_ep_size: 1 } at <repo>/python/aisimulate/src/aiconfigurator_core/systems/data/b60/vllm/0.20.0","python python/aisimulate/tools/support_matrix/generate_fpe_support_matrix.py --model ""nvidia/NVIDIA-Nemotron-3-Ultra-550B-A55B-BF16"" --system ""b60"" --backend ""vllm"" --backend-version ""0.20.0"" --forward-model op_level --max-workers 8",,116,29,PERF_DATA_MISSING=116,,26dae1f99b2b50fb17118f38d8a8e95dfac3357c
nvidia/NVIDIA-Nemotron-3-Ultra-550B-A55B-BF16,NemotronHForCausalLM,b60,vllm,0.20.0,disagg,FAIL,"Strict-native op-level FPE probes: PERF_DATA_MISSING=116; raw probes=116; topologies=29; source_sha=26dae1f99b2b50fb17118f38d8a8e95dfac3357c. Representative failure: perf database error: MoE data missing for MoeKey { quant: ""bfloat16"", distribution: ""power_law_1.01"", topk: 22, num_experts: 512, hidden_size: 2048, inter_size: 5120, moe_tp_size: 1, moe_ep_size: 1 } at <repo>/python/aisimulate/src/aiconfigurator_core/systems/data/b60/vllm/0.20.0","python python/aisimulate/tools/support_matrix/generate_fpe_support_matrix.py --model ""nvidia/NVIDIA-Nemotron-3-Ultra-550B-A55B-BF16"" --system ""b60"" --backend ""vllm"" --backend-version ""0.20.0"" --forward-model op_level --max-workers 8",,116,29,PERF_DATA_MISSING=116,,26dae1f99b2b50fb17118f38d8a8e95dfac3357c
nvidia/NVIDIA-Nemotron-3-Ultra-550B-A55B-FP8,NemotronHForCausalLM,b60,vllm,0.12.0,agg,FAIL,Strict-native op-level FPE probes: PERF_DATA_MISSING=116; raw probes=116; topologies=29; source_sha=26dae1f99b2b50fb17118f38d8a8e95dfac3357c. Representative failure: perf database error: perf database error: no rows loaded from 1 source(s) (first: <repo>/python/aisimulate/src/aiconfigurator_core/systems/data/b60/vllm/0.12.0/computescale_perf.parquet),"python python/aisimulate/tools/support_matrix/generate_fpe_support_matrix.py --model ""nvidia/NVIDIA-Nemotron-3-Ultra-550B-A55B-FP8"" --system ""b60"" --backend ""vllm"" --backend-version ""0.12.0"" --forward-model op_level --max-workers 8",,116,29,PERF_DATA_MISSING=116,,26dae1f99b2b50fb17118f38d8a8e95dfac3357c
nvidia/NVIDIA-Nemotron-3-Ultra-550B-A55B-FP8,NemotronHForCausalLM,b60,vllm,0.12.0,disagg,FAIL,Strict-native op-level FPE probes: PERF_DATA_MISSING=174; raw probes=174; topologies=58; source_sha=26dae1f99b2b50fb17118f38d8a8e95dfac3357c. Representative failure: perf database error: perf database error: no rows loaded from 1 source(s) (first: <repo>/python/aisimulate/src/aiconfigurator_core/systems/data/b60/vllm/0.12.0/computescale_perf.parquet),"python python/aisimulate/tools/support_matrix/generate_fpe_support_matrix.py --model ""nvidia/NVIDIA-Nemotron-3-Ultra-550B-A55B-FP8"" --system ""b60"" --backend ""vllm"" --backend-version ""0.12.0"" --forward-model op_level --max-workers 8",,174,58,PERF_DATA_MISSING=174,,26dae1f99b2b50fb17118f38d8a8e95dfac3357c
nvidia/NVIDIA-Nemotron-3-Ultra-550B-A55B-FP8,NemotronHForCausalLM,b60,vllm,0.20.0,agg,FAIL,Strict-native op-level FPE probes: PERF_DATA_MISSING=116; raw probes=116; topologies=29; source_sha=26dae1f99b2b50fb17118f38d8a8e95dfac3357c. Representative failure: perf database error: perf database error: no rows loaded from 1 source(s) (first: <repo>/python/aisimulate/src/aiconfigurator_core/systems/data/b60/vllm/0.20.0/computescale_perf.parquet),"python python/aisimulate/tools/support_matrix/generate_fpe_support_matrix.py --model ""nvidia/NVIDIA-Nemotron-3-Ultra-550B-A55B-FP8"" --system ""b60"" --backend ""vllm"" --backend-version ""0.20.0"" --forward-model op_level --max-workers 8",,116,29,PERF_DATA_MISSING=116,,26dae1f99b2b50fb17118f38d8a8e95dfac3357c
nvidia/NVIDIA-Nemotron-3-Ultra-550B-A55B-FP8,NemotronHForCausalLM,b60,vllm,0.20.0,disagg,FAIL,Strict-native op-level FPE probes: PERF_DATA_MISSING=174; raw probes=174; topologies=58; source_sha=26dae1f99b2b50fb17118f38d8a8e95dfac3357c. Representative failure: perf database error: perf database error: no rows loaded from 1 source(s) (first: <repo>/python/aisimulate/src/aiconfigurator_core/systems/data/b60/vllm/0.20.0/computescale_perf.parquet),"python python/aisimulate/tools/support_matrix/generate_fpe_support_matrix.py --model ""nvidia/NVIDIA-Nemotron-3-Ultra-550B-A55B-FP8"" --system ""b60"" --backend ""vllm"" --backend-version ""0.20.0"" --forward-model op_level --max-workers 8",,174,58,PERF_DATA_MISSING=174,,26dae1f99b2b50fb17118f38d8a8e95dfac3357c
nvidia/NVIDIA-Nemotron-3-Ultra-550B-A55B-NVFP4,NemotronHForCausalLM,b60,vllm,0.12.0,agg,FAIL,"Strict-native op-level FPE probes: PERF_DATA_MISSING=116; raw probes=116; topologies=29; source_sha=26dae1f99b2b50fb17118f38d8a8e95dfac3357c. Representative failure: perf database error: GEMM perf data missing for quant 'nvfp4_wo' at <repo>/python/aisimulate/src/aiconfigurator_core/systems/data/b60/vllm/0.12.0; available: [""bfloat16"", ""fp8""]","python python/aisimulate/tools/support_matrix/generate_fpe_support_matrix.py --model ""nvidia/NVIDIA-Nemotron-3-Ultra-550B-A55B-NVFP4"" --system ""b60"" --backend ""vllm"" --backend-version ""0.12.0"" --forward-model op_level --max-workers 8",,116,29,PERF_DATA_MISSING=116,,26dae1f99b2b50fb17118f38d8a8e95dfac3357c
nvidia/NVIDIA-Nemotron-3-Ultra-550B-A55B-NVFP4,NemotronHForCausalLM,b60,vllm,0.12.0,disagg,FAIL,"Strict-native op-level FPE probes: PERF_DATA_MISSING=174; raw probes=174; topologies=58; source_sha=26dae1f99b2b50fb17118f38d8a8e95dfac3357c. Representative failure: perf database error: GEMM perf data missing for quant 'nvfp4_wo' at <repo>/python/aisimulate/src/aiconfigurator_core/systems/data/b60/vllm/0.12.0; available: [""bfloat16"", ""fp8""]","python python/aisimulate/tools/support_matrix/generate_fpe_support_matrix.py --model ""nvidia/NVIDIA-Nemotron-3-Ultra-550B-A55B-NVFP4"" --system ""b60"" --backend ""vllm"" --backend-version ""0.12.0"" --forward-model op_level --max-workers 8",,174,58,PERF_DATA_MISSING=174,,26dae1f99b2b50fb17118f38d8a8e95dfac3357c
nvidia/NVIDIA-Nemotron-3-Ultra-550B-A55B-NVFP4,NemotronHForCausalLM,b60,vllm,0.20.0,agg,FAIL,"Strict-native op-level FPE probes: PERF_DATA_MISSING=116; raw probes=116; topologies=29; source_sha=26dae1f99b2b50fb17118f38d8a8e95dfac3357c. Representative failure: perf database error: GEMM perf data missing for quant 'nvfp4_wo' at <repo>/python/aisimulate/src/aiconfigurator_core/systems/data/b60/vllm/0.20.0; available: [""bfloat16"", ""fp8""]","python python/aisimulate/tools/support_matrix/generate_fpe_support_matrix.py --model ""nvidia/NVIDIA-Nemotron-3-Ultra-550B-A55B-NVFP4"" --system ""b60"" --backend ""vllm"" --backend-version ""0.20.0"" --forward-model op_level --max-workers 8",,116,29,PERF_DATA_MISSING=116,,26dae1f99b2b50fb17118f38d8a8e95dfac3357c
nvidia/NVIDIA-Nemotron-3-Ultra-550B-A55B-NVFP4,NemotronHForCausalLM,b60,vllm,0.20.0,disagg,FAIL,"Strict-native op-level FPE probes: PERF_DATA_MISSING=174; raw probes=174; topologies=58; source_sha=26dae1f99b2b50fb17118f38d8a8e95dfac3357c. Representative failure: perf database error: GEMM perf data missing for quant 'nvfp4_wo' at <repo>/python/aisimulate/src/aiconfigurator_core/systems/data/b60/vllm/0.20.0; available: [""bfloat16"", ""fp8""]","python python/aisimulate/tools/support_matrix/generate_fpe_support_matrix.py --model ""nvidia/NVIDIA-Nemotron-3-Ultra-550B-A55B-NVFP4"" --system ""b60"" --backend ""vllm"" --backend-version ""0.20.0"" --forward-model op_level --max-workers 8",,174,58,PERF_DATA_MISSING=174,,26dae1f99b2b50fb17118f38d8a8e95dfac3357c
nvidia/Qwen3-235B-A22B-NVFP4,Qwen3MoeForCausalLM,b60,vllm,0.12.0,agg,FAIL,"Strict-native op-level FPE probes: PERF_DATA_MISSING=116; raw probes=116; topologies=29; source_sha=26dae1f99b2b50fb17118f38d8a8e95dfac3357c. Representative failure: perf database error: GEMM perf data missing for quant 'nvfp4_wo' at <repo>/python/aisimulate/src/aiconfigurator_core/systems/data/b60/vllm/0.12.0; available: [""bfloat16"", ""fp8""]","python python/aisimulate/tools/support_matrix/generate_fpe_support_matrix.py --model ""nvidia/Qwen3-235B-A22B-NVFP4"" --system ""b60"" --backend ""vllm"" --backend-version ""0.12.0"" --forward-model op_level --max-workers 8",,116,29,PERF_DATA_MISSING=116,,26dae1f99b2b50fb17118f38d8a8e95dfac3357c
nvidia/Qwen3-235B-A22B-NVFP4,Qwen3MoeForCausalLM,b60,vllm,0.12.0,disagg,FAIL,"Strict-native op-level FPE probes: PERF_DATA_MISSING=174; raw probes=174; topologies=58; source_sha=26dae1f99b2b50fb17118f38d8a8e95dfac3357c. Representative failure: perf database error: GEMM perf data missing for quant 'nvfp4_wo' at <repo>/python/aisimulate/src/aiconfigurator_core/systems/data/b60/vllm/0.12.0; available: [""bfloat16"", ""fp8""]","python python/aisimulate/tools/support_matrix/generate_fpe_support_matrix.py --model ""nvidia/Qwen3-235B-A22B-NVFP4"" --system ""b60"" --backend ""vllm"" --backend-version ""0.12.0"" --forward-model op_level --max-workers 8",,174,58,PERF_DATA_MISSING=174,,26dae1f99b2b50fb17118f38d8a8e95dfac3357c
nvidia/Qwen3-235B-A22B-NVFP4,Qwen3MoeForCausalLM,b60,vllm,0.20.0,agg,FAIL,"Strict-native op-level FPE probes: PERF_DATA_MISSING=116; raw probes=116; topologies=29; source_sha=26dae1f99b2b50fb17118f38d8a8e95dfac3357c. Representative failure: perf database error: GEMM perf data missing for quant 'nvfp4_wo' at <repo>/python/aisimulate/src/aiconfigurator_core/systems/data/b60/vllm/0.20.0; available: [""bfloat16"", ""fp8""]","python python/aisimulate/tools/support_matrix/generate_fpe_support_matrix.py --model ""nvidia/Qwen3-235B-A22B-NVFP4"" --system ""b60"" --backend ""vllm"" --backend-version ""0.20.0"" --forward-model op_level --max-workers 8",,116,29,PERF_DATA_MISSING=116,,26dae1f99b2b50fb17118f38d8a8e95dfac3357c
nvidia/Qwen3-235B-A22B-NVFP4,Qwen3MoeForCausalLM,b60,vllm,0.20.0,disagg,FAIL,"Strict-native op-level FPE probes: PERF_DATA_MISSING=174; raw probes=174; topologies=58; source_sha=26dae1f99b2b50fb17118f38d8a8e95dfac3357c. Representative failure: perf database error: GEMM perf data missing for quant 'nvfp4_wo' at <repo>/python/aisimulate/src/aiconfigurator_core/systems/data/b60/vllm/0.20.0; available: [""bfloat16"", ""fp8""]","python python/aisimulate/tools/support_matrix/generate_fpe_support_matrix.py --model ""nvidia/Qwen3-235B-A22B-NVFP4"" --system ""b60"" --backend ""vllm"" --backend-version ""0.20.0"" --forward-model op_level --max-workers 8",,174,58,PERF_DATA_MISSING=174,,26dae1f99b2b50fb17118f38d8a8e95dfac3357c
nvidia/Qwen3.5-122B-A10B-NVFP4,Qwen3_5MoeForConditionalGeneration,b60,vllm,0.12.0,agg,FAIL,"Strict-native op-level FPE probes: PERF_DATA_MISSING=116; raw probes=116; topologies=29; source_sha=26dae1f99b2b50fb17118f38d8a8e95dfac3357c. Representative failure: perf database error: GEMM perf data missing for quant 'nvfp4_wo' at <repo>/python/aisimulate/src/aiconfigurator_core/systems/data/b60/vllm/0.12.0; available: [""bfloat16"", ""fp8""]","python python/aisimulate/tools/support_matrix/generate_fpe_support_matrix.py --model ""nvidia/Qwen3.5-122B-A10B-NVFP4"" --system ""b60"" --backend ""vllm"" --backend-version ""0.12.0"" --forward-model op_level --max-workers 8",,116,29,PERF_DATA_MISSING=116,,26dae1f99b2b50fb17118f38d8a8e95dfac3357c
nvidia/Qwen3.5-122B-A10B-NVFP4,Qwen3_5MoeForConditionalGeneration,b60,vllm,0.12.0,disagg,FAIL,"Strict-native op-level FPE probes: PERF_DATA_MISSING=174; raw probes=174; topologies=58; source_sha=26dae1f99b2b50fb17118f38d8a8e95dfac3357c. Representative failure: perf database error: GEMM perf data missing for quant 'nvfp4_wo' at <repo>/python/aisimulate/src/aiconfigurator_core/systems/data/b60/vllm/0.12.0; available: [""bfloat16"", ""fp8""]","python python/aisimulate/tools/support_matrix/generate_fpe_support_matrix.py --model ""nvidia/Qwen3.5-122B-A10B-NVFP4"" --system ""b60"" --backend ""vllm"" --backend-version ""0.12.0"" --forward-model op_level --max-workers 8",,174,58,PERF_DATA_MISSING=174,,26dae1f99b2b50fb17118f38d8a8e95dfac3357c
nvidia/Qwen3.5-122B-A10B-NVFP4,Qwen3_5MoeForConditionalGeneration,b60,vllm,0.20.0,agg,FAIL,"Strict-native op-level FPE probes: PERF_DATA_MISSING=116; raw probes=116; topologies=29; source_sha=26dae1f99b2b50fb17118f38d8a8e95dfac3357c. Representative failure: perf database error: GEMM perf data missing for quant 'nvfp4_wo' at <repo>/python/aisimulate/src/aiconfigurator_core/systems/data/b60/vllm/0.20.0; available: [""bfloat16"", ""fp8""]","python python/aisimulate/tools/support_matrix/generate_fpe_support_matrix.py --model ""nvidia/Qwen3.5-122B-A10B-NVFP4"" --system ""b60"" --backend ""vllm"" --backend-version ""0.20.0"" --forward-model op_level --max-workers 8",,116,29,PERF_DATA_MISSING=116,,26dae1f99b2b50fb17118f38d8a8e95dfac3357c
nvidia/Qwen3.5-122B-A10B-NVFP4,Qwen3_5MoeForConditionalGeneration,b60,vllm,0.20.0,disagg,FAIL,"Strict-native op-level FPE probes: PERF_DATA_MISSING=174; raw probes=174; topologies=58; source_sha=26dae1f99b2b50fb17118f38d8a8e95dfac3357c. Representative failure: perf database error: GEMM perf data missing for quant 'nvfp4_wo' at <repo>/python/aisimulate/src/aiconfigurator_core/systems/data/b60/vllm/0.20.0; available: [""bfloat16"", ""fp8""]","python python/aisimulate/tools/support_matrix/generate_fpe_support_matrix.py --model ""nvidia/Qwen3.5-122B-A10B-NVFP4"" --system ""b60"" --backend ""vllm"" --backend-version ""0.20.0"" --forward-model op_level --max-workers 8",,174,58,PERF_DATA_MISSING=174,,26dae1f99b2b50fb17118f38d8a8e95dfac3357c
nvidia/Qwen3.5-397B-A17B-NVFP4,Qwen3_5MoeForConditionalGeneration,b60,vllm,0.12.0,agg,FAIL,"Strict-native op-level FPE probes: PERF_DATA_MISSING=116; raw probes=116; topologies=29; source_sha=26dae1f99b2b50fb17118f38d8a8e95dfac3357c. Representative failure: perf database error: GEMM perf data missing for quant 'nvfp4_wo' at <repo>/python/aisimulate/src/aiconfigurator_core/systems/data/b60/vllm/0.12.0; available: [""bfloat16"", ""fp8""]","python python/aisimulate/tools/support_matrix/generate_fpe_support_matrix.py --model ""nvidia/Qwen3.5-397B-A17B-NVFP4"" --system ""b60"" --backend ""vllm"" --backend-version ""0.12.0"" --forward-model op_level --max-workers 8",,116,29,PERF_DATA_MISSING=116,,26dae1f99b2b50fb17118f38d8a8e95dfac3357c
nvidia/Qwen3.5-397B-A17B-NVFP4,Qwen3_5MoeForConditionalGeneration,b60,vllm,0.12.0,disagg,FAIL,"Strict-native op-level FPE probes: PERF_DATA_MISSING=174; raw probes=174; topologies=58; source_sha=26dae1f99b2b50fb17118f38d8a8e95dfac3357c. Representative failure: perf database error: GEMM perf data missing for quant 'nvfp4_wo' at <repo>/python/aisimulate/src/aiconfigurator_core/systems/data/b60/vllm/0.12.0; available: [""bfloat16"", ""fp8""]","python python/aisimulate/tools/support_matrix/generate_fpe_support_matrix.py --model ""nvidia/Qwen3.5-397B-A17B-NVFP4"" --system ""b60"" --backend ""vllm"" --backend-version ""0.12.0"" --forward-model op_level --max-workers 8",,174,58,PERF_DATA_MISSING=174,,26dae1f99b2b50fb17118f38d8a8e95dfac3357c
nvidia/Qwen3.5-397B-A17B-NVFP4,Qwen3_5MoeForConditionalGeneration,b60,vllm,0.20.0,agg,FAIL,"Strict-native op-level FPE probes: PERF_DATA_MISSING=116; raw probes=116; topologies=29; source_sha=26dae1f99b2b50fb17118f38d8a8e95dfac3357c. Representative failure: perf database error: GEMM perf data missing for quant 'nvfp4_wo' at <repo>/python/aisimulate/src/aiconfigurator_core/systems/data/b60/vllm/0.20.0; available: [""bfloat16"", ""fp8""]","python python/aisimulate/tools/support_matrix/generate_fpe_support_matrix.py --model ""nvidia/Qwen3.5-397B-A17B-NVFP4"" --system ""b60"" --backend ""vllm"" --backend-version ""0.20.0"" --forward-model op_level --max-workers 8",,116,29,PERF_DATA_MISSING=116,,26dae1f99b2b50fb17118f38d8a8e95dfac3357c
nvidia/Qwen3.5-397B-A17B-NVFP4,Qwen3_5MoeForConditionalGeneration,b60,vllm,0.20.0,disagg,FAIL,"Strict-native op-level FPE probes: PERF_DATA_MISSING=174; raw probes=174; topologies=58; source_sha=26dae1f99b2b50fb17118f38d8a8e95dfac3357c. Representative failure: perf database error: GEMM perf data missing for quant 'nvfp4_wo' at <repo>/python/aisimulate/src/aiconfigurator_core/systems/data/b60/vllm/0.20.0; available: [""bfloat16"", ""fp8""]","python python/aisimulate/tools/support_matrix/generate_fpe_support_matrix.py --model ""nvidia/Qwen3.5-397B-A17B-NVFP4"" --system ""b60"" --backend ""vllm"" --backend-version ""0.20.0"" --forward-model op_level --max-workers 8",,174,58,PERF_DATA_MISSING=174,,26dae1f99b2b50fb17118f38d8a8e95dfac3357c
nvidia/Qwen3.6-27B-NVFP4,Qwen3_5ForConditionalGeneration,b60,vllm,0.12.0,agg,FAIL,Strict-native op-level FPE probes: PERF_DATA_MISSING=16; raw probes=16; topologies=4; source_sha=26dae1f99b2b50fb17118f38d8a8e95dfac3357c. Representative failure: perf database error: perf database error: no rows loaded from 1 source(s) (first: <repo>/python/aisimulate/src/aiconfigurator_core/systems/data/b60/vllm/0.12.0/computescale_perf.parquet),"python python/aisimulate/tools/support_matrix/generate_fpe_support_matrix.py --model ""nvidia/Qwen3.6-27B-NVFP4"" --system ""b60"" --backend ""vllm"" --backend-version ""0.12.0"" --forward-model op_level --max-workers 8",,16,4,PERF_DATA_MISSING=16,,26dae1f99b2b50fb17118f38d8a8e95dfac3357c
nvidia/Qwen3.6-27B-NVFP4,Qwen3_5ForConditionalGeneration,b60,vllm,0.12.0,disagg,FAIL,Strict-native op-level FPE probes: PERF_DATA_MISSING=24; raw probes=24; topologies=8; source_sha=26dae1f99b2b50fb17118f38d8a8e95dfac3357c. Representative failure: perf database error: perf database error: no rows loaded from 1 source(s) (first: <repo>/python/aisimulate/src/aiconfigurator_core/systems/data/b60/vllm/0.12.0/computescale_perf.parquet),"python python/aisimulate/tools/support_matrix/generate_fpe_support_matrix.py --model ""nvidia/Qwen3.6-27B-NVFP4"" --system ""b60"" --backend ""vllm"" --backend-version ""0.12.0"" --forward-model op_level --max-workers 8",,24,8,PERF_DATA_MISSING=24,,26dae1f99b2b50fb17118f38d8a8e95dfac3357c
nvidia/Qwen3.6-27B-NVFP4,Qwen3_5ForConditionalGeneration,b60,vllm,0.20.0,agg,FAIL,Strict-native op-level FPE probes: PERF_DATA_MISSING=16; raw probes=16; topologies=4; source_sha=26dae1f99b2b50fb17118f38d8a8e95dfac3357c. Representative failure: perf database error: perf database error: no rows loaded from 1 source(s) (first: <repo>/python/aisimulate/src/aiconfigurator_core/systems/data/b60/vllm/0.20.0/computescale_perf.parquet),"python python/aisimulate/tools/support_matrix/generate_fpe_support_matrix.py --model ""nvidia/Qwen3.6-27B-NVFP4"" --system ""b60"" --backend ""vllm"" --backend-version ""0.20.0"" --forward-model op_level --max-workers 8",,16,4,PERF_DATA_MISSING=16,,26dae1f99b2b50fb17118f38d8a8e95dfac3357c
nvidia/Qwen3.6-27B-NVFP4,Qwen3_5ForConditionalGeneration,b60,vllm,0.20.0,disagg,FAIL,Strict-native op-level FPE probes: PERF_DATA_MISSING=24; raw probes=24; topologies=8; source_sha=26dae1f99b2b50fb17118f38d8a8e95dfac3357c. Representative failure: perf database error: perf database error: no rows loaded from 1 source(s) (first: <repo>/python/aisimulate/src/aiconfigurator_core/systems/data/b60/vllm/0.20.0/computescale_perf.parquet),"python python/aisimulate/tools/support_matrix/generate_fpe_support_matrix.py --model ""nvidia/Qwen3.6-27B-NVFP4"" --system ""b60"" --backend ""vllm"" --backend-version ""0.20.0"" --forward-model op_level --max-workers 8",,24,8,PERF_DATA_MISSING=24,,26dae1f99b2b50fb17118f38d8a8e95dfac3357c
nvidia/Qwen3.6-35B-A3B-NVFP4,Qwen3_5MoeForConditionalGeneration,b60,vllm,0.12.0,agg,FAIL,Strict-native op-level FPE probes: PERF_DATA_MISSING=116; raw probes=116; topologies=29; source_sha=26dae1f99b2b50fb17118f38d8a8e95dfac3357c. Representative failure: perf database error: perf database error: no rows loaded from 1 source(s) (first: <repo>/python/aisimulate/src/aiconfigurator_core/systems/data/b60/vllm/0.12.0/computescale_perf.parquet),"python python/aisimulate/tools/support_matrix/generate_fpe_support_matrix.py --model ""nvidia/Qwen3.6-35B-A3B-NVFP4"" --system ""b60"" --backend ""vllm"" --backend-version ""0.12.0"" --forward-model op_level --max-workers 8",,116,29,PERF_DATA_MISSING=116,,26dae1f99b2b50fb17118f38d8a8e95dfac3357c
nvidia/Qwen3.6-35B-A3B-NVFP4,Qwen3_5MoeForConditionalGeneration,b60,vllm,0.12.0,disagg,FAIL,Strict-native op-level FPE probes: PERF_DATA_MISSING=174; raw probes=174; topologies=58; source_sha=26dae1f99b2b50fb17118f38d8a8e95dfac3357c. Representative failure: perf database error: perf database error: no rows loaded from 1 source(s) (first: <repo>/python/aisimulate/src/aiconfigurator_core/systems/data/b60/vllm/0.12.0/computescale_perf.parquet),"python python/aisimulate/tools/support_matrix/generate_fpe_support_matrix.py --model ""nvidia/Qwen3.6-35B-A3B-NVFP4"" --system ""b60"" --backend ""vllm"" --backend-version ""0.12.0"" --forward-model op_level --max-workers 8",,174,58,PERF_DATA_MISSING=174,,26dae1f99b2b50fb17118f38d8a8e95dfac3357c
nvidia/Qwen3.6-35B-A3B-NVFP4,Qwen3_5MoeForConditionalGeneration,b60,vllm,0.20.0,agg,FAIL,Strict-native op-level FPE probes: PERF_DATA_MISSING=116; raw probes=116; topologies=29; source_sha=26dae1f99b2b50fb17118f38d8a8e95dfac3357c. Representative failure: perf database error: perf database error: no rows loaded from 1 source(s) (first: <repo>/python/aisimulate/src/aiconfigurator_core/systems/data/b60/vllm/0.20.0/computescale_perf.parquet),"python python/aisimulate/tools/support_matrix/generate_fpe_support_matrix.py --model ""nvidia/Qwen3.6-35B-A3B-NVFP4"" --system ""b60"" --backend ""vllm"" --backend-version ""0.20.0"" --forward-model op_level --max-workers 8",,116,29,PERF_DATA_MISSING=116,,26dae1f99b2b50fb17118f38d8a8e95dfac3357c
nvidia/Qwen3.6-35B-A3B-NVFP4,Qwen3_5MoeForConditionalGeneration,b60,vllm,0.20.0,disagg,FAIL,Strict-native op-level FPE probes: PERF_DATA_MISSING=174; raw probes=174; topologies=58; source_sha=26dae1f99b2b50fb17118f38d8a8e95dfac3357c. Representative failure: perf database error: perf database error: no rows loaded from 1 source(s) (first: <repo>/python/aisimulate/src/aiconfigurator_core/systems/data/b60/vllm/0.20.0/computescale_perf.parquet),"python python/aisimulate/tools/support_matrix/generate_fpe_support_matrix.py --model ""nvidia/Qwen3.6-35B-A3B-NVFP4"" --system ""b60"" --backend ""vllm"" --backend-version ""0.20.0"" --forward-model op_level --max-workers 8",,174,58,PERF_DATA_MISSING=174,,26dae1f99b2b50fb17118f38d8a8e95dfac3357c
openai/gpt-oss-120b,GptOssForCausalLM,b60,vllm,0.12.0,agg,FAIL,"Strict-native op-level FPE probes: PERF_DATA_MISSING=116; raw probes=116; topologies=29; source_sha=26dae1f99b2b50fb17118f38d8a8e95dfac3357c. Representative failure: perf database error: MoE data missing for MoeKey { quant: ""w4a16_mxfp4"", distribution: ""uniform"", topk: 4, num_experts: 128, hidden_size: 2880, inter_size: 2880, moe_tp_size: 1, moe_ep_size: 1 } at <repo>/python/aisimulate/src/aiconfigurator_core/systems/data/b60/vllm/0.12.0","python python/aisimulate/tools/support_matrix/generate_fpe_support_matrix.py --model ""openai/gpt-oss-120b"" --system ""b60"" --backend ""vllm"" --backend-version ""0.12.0"" --forward-model op_level --max-workers 8",,116,29,PERF_DATA_MISSING=116,,26dae1f99b2b50fb17118f38d8a8e95dfac3357c
openai/gpt-oss-120b,GptOssForCausalLM,b60,vllm,0.12.0,disagg,FAIL,"Strict-native op-level FPE probes: PERF_DATA_MISSING=116; raw probes=116; topologies=29; source_sha=26dae1f99b2b50fb17118f38d8a8e95dfac3357c. Representative failure: perf database error: MoE data missing for MoeKey { quant: ""w4a16_mxfp4"", distribution: ""uniform"", topk: 4, num_experts: 128, hidden_size: 2880, inter_size: 2880, moe_tp_size: 1, moe_ep_size: 1 } at <repo>/python/aisimulate/src/aiconfigurator_core/systems/data/b60/vllm/0.12.0","python python/aisimulate/tools/support_matrix/generate_fpe_support_matrix.py --model ""openai/gpt-oss-120b"" --system ""b60"" --backend ""vllm"" --backend-version ""0.12.0"" --forward-model op_level --max-workers 8",,116,29,PERF_DATA_MISSING=116,,26dae1f99b2b50fb17118f38d8a8e95dfac3357c
openai/gpt-oss-120b,GptOssForCausalLM,b60,vllm,0.20.0,agg,PASS,,"python python/aisimulate/tools/support_matrix/generate_fpe_support_matrix.py --model ""openai/gpt-oss-120b"" --system ""b60"" --backend ""vllm"" --backend-version ""0.20.0"" --forward-model op_level --max-workers 8",silicon,116,29,PASS=116,"decode_end=14695.426798, decode_start=57.617397, mixed=182.751966, prefill=177.862302",26dae1f99b2b50fb17118f38d8a8e95dfac3357c
openai/gpt-oss-120b,GptOssForCausalLM,b60,vllm,0.20.0,disagg,PASS,,"python python/aisimulate/tools/support_matrix/generate_fpe_support_matrix.py --model ""openai/gpt-oss-120b"" --system ""b60"" --backend ""vllm"" --backend-version ""0.20.0"" --forward-model op_level --max-workers 8",silicon,116,29,PASS=116,"decode_end=14695.426798, decode_start=57.617397, mixed=182.751966, prefill=177.862302",26dae1f99b2b50fb17118f38d8a8e95dfac3357c
openai/gpt-oss-20b,GptOssForCausalLM,b60,vllm,0.12.0,agg,FAIL,"Strict-native op-level FPE probes: PERF_DATA_MISSING=116; raw probes=116; topologies=29; source_sha=26dae1f99b2b50fb17118f38d8a8e95dfac3357c. Representative failure: perf database error: MoE data missing for MoeKey { quant: ""w4a16_mxfp4"", distribution: ""uniform"", topk: 4, num_experts: 32, hidden_size: 2880, inter_size: 2880, moe_tp_size: 1, moe_ep_size: 1 } at <repo>/python/aisimulate/src/aiconfigurator_core/systems/data/b60/vllm/0.12.0","python python/aisimulate/tools/support_matrix/generate_fpe_support_matrix.py --model ""openai/gpt-oss-20b"" --system ""b60"" --backend ""vllm"" --backend-version ""0.12.0"" --forward-model op_level --max-workers 8",,116,29,PERF_DATA_MISSING=116,,26dae1f99b2b50fb17118f38d8a8e95dfac3357c
openai/gpt-oss-20b,GptOssForCausalLM,b60,vllm,0.12.0,disagg,FAIL,"Strict-native op-level FPE probes: PERF_DATA_MISSING=116; raw probes=116; topologies=29; source_sha=26dae1f99b2b50fb17118f38d8a8e95dfac3357c. Representative failure: perf database error: MoE data missing for MoeKey { quant: ""w4a16_mxfp4"", distribution: ""uniform"", topk: 4, num_experts: 32, hidden_size: 2880, inter_size: 2880, moe_tp_size: 1, moe_ep_size: 1 } at <repo>/python/aisimulate/src/aiconfigurator_core/systems/data/b60/vllm/0.12.0","python python/aisimulate/tools/support_matrix/generate_fpe_support_matrix.py --model ""openai/gpt-oss-20b"" --system ""b60"" --backend ""vllm"" --backend-version ""0.12.0"" --forward-model op_level --max-workers 8",,116,29,PERF_DATA_MISSING=116,,26dae1f99b2b50fb17118f38d8a8e95dfac3357c
openai/gpt-oss-20b,GptOssForCausalLM,b60,vllm,0.20.0,agg,PASS,,"python python/aisimulate/tools/support_matrix/generate_fpe_support_matrix.py --model ""openai/gpt-oss-20b"" --system ""b60"" --backend ""vllm"" --backend-version ""0.20.0"" --forward-model op_level --max-workers 8",silicon,116,29,PASS=116,"decode_end=6487.536722, decode_start=25.433502, mixed=63.344884, prefill=60.350338",26dae1f99b2b50fb17118f38d8a8e95dfac3357c
openai/gpt-oss-20b,GptOssForCausalLM,b60,vllm,0.20.0,disagg,PASS,,"python python/aisimulate/tools/support_matrix/generate_fpe_support_matrix.py --model ""openai/gpt-oss-20b"" --system ""b60"" --backend ""vllm"" --backend-version ""0.20.0"" --forward-model op_level --max-workers 8",silicon,116,29,PASS=116,"decode_end=6487.536722, decode_start=25.433502, mixed=63.344884, prefill=60.350338",26dae1f99b2b50fb17118f38d8a8e95dfac3357c
sgl-project/DeepSeek-V4-Flash-FP8,DeepseekV4ForCausalLM,b60,vllm,0.12.0,agg,FAIL,Strict-native op-level FPE probes: PERF_DATA_MISSING=116; raw probes=116; topologies=29; source_sha=26dae1f99b2b50fb17118f38d8a8e95dfac3357c. Representative failure: perf database error: perf database error: no MHC module rows loaded from 1 source(s) (first: <repo>/python/aisimulate/src/aiconfigurator_core/systems/data/b60/vllm/0.12.0/mhc_module_perf.parquet),"python python/aisimulate/tools/support_matrix/generate_fpe_support_matrix.py --model ""sgl-project/DeepSeek-V4-Flash-FP8"" --system ""b60"" --backend ""vllm"" --backend-version ""0.12.0"" --forward-model op_level --max-workers 8",,116,29,PERF_DATA_MISSING=116,,26dae1f99b2b50fb17118f38d8a8e95dfac3357c
sgl-project/DeepSeek-V4-Flash-FP8,DeepseekV4ForCausalLM,b60,vllm,0.12.0,disagg,FAIL,Strict-native op-level FPE probes: PERF_DATA_MISSING=116; raw probes=116; topologies=29; source_sha=26dae1f99b2b50fb17118f38d8a8e95dfac3357c. Representative failure: perf database error: perf database error: no MHC module rows loaded from 1 source(s) (first: <repo>/python/aisimulate/src/aiconfigurator_core/systems/data/b60/vllm/0.12.0/mhc_module_perf.parquet),"python python/aisimulate/tools/support_matrix/generate_fpe_support_matrix.py --model ""sgl-project/DeepSeek-V4-Flash-FP8"" --system ""b60"" --backend ""vllm"" --backend-version ""0.12.0"" --forward-model op_level --max-workers 8",,116,29,PERF_DATA_MISSING=116,,26dae1f99b2b50fb17118f38d8a8e95dfac3357c
sgl-project/DeepSeek-V4-Flash-FP8,DeepseekV4ForCausalLM,b60,vllm,0.20.0,agg,FAIL,Strict-native op-level FPE probes: PERF_DATA_MISSING=116; raw probes=116; topologies=29; source_sha=26dae1f99b2b50fb17118f38d8a8e95dfac3357c. Representative failure: perf database error: perf database error: no MHC module rows loaded from 1 source(s) (first: <repo>/python/aisimulate/src/aiconfigurator_core/systems/data/b60/vllm/0.20.0/mhc_module_perf.parquet),"python python/aisimulate/tools/support_matrix/generate_fpe_support_matrix.py --model ""sgl-project/DeepSeek-V4-Flash-FP8"" --system ""b60"" --backend ""vllm"" --backend-version ""0.20.0"" --forward-model op_level --max-workers 8",,116,29,PERF_DATA_MISSING=116,,26dae1f99b2b50fb17118f38d8a8e95dfac3357c
sgl-project/DeepSeek-V4-Flash-FP8,DeepseekV4ForCausalLM,b60,vllm,0.20.0,disagg,FAIL,Strict-native op-level FPE probes: PERF_DATA_MISSING=116; raw probes=116; topologies=29; source_sha=26dae1f99b2b50fb17118f38d8a8e95dfac3357c. Representative failure: perf database error: perf database error: no MHC module rows loaded from 1 source(s) (first: <repo>/python/aisimulate/src/aiconfigurator_core/systems/data/b60/vllm/0.20.0/mhc_module_perf.parquet),"python python/aisimulate/tools/support_matrix/generate_fpe_support_matrix.py --model ""sgl-project/DeepSeek-V4-Flash-FP8"" --system ""b60"" --backend ""vllm"" --backend-version ""0.20.0"" --forward-model op_level --max-workers 8",,116,29,PERF_DATA_MISSING=116,,26dae1f99b2b50fb17118f38d8a8e95dfac3357c
sgl-project/DeepSeek-V4-Pro-FP8,DeepseekV4ForCausalLM,b60,vllm,0.12.0,agg,FAIL,Strict-native op-level FPE probes: PERF_DATA_MISSING=116; raw probes=116; topologies=29; source_sha=26dae1f99b2b50fb17118f38d8a8e95dfac3357c. Representative failure: perf database error: perf database error: no MHC module rows loaded from 1 source(s) (first: <repo>/python/aisimulate/src/aiconfigurator_core/systems/data/b60/vllm/0.12.0/mhc_module_perf.parquet),"python python/aisimulate/tools/support_matrix/generate_fpe_support_matrix.py --model ""sgl-project/DeepSeek-V4-Pro-FP8"" --system ""b60"" --backend ""vllm"" --backend-version ""0.12.0"" --forward-model op_level --max-workers 8",,116,29,PERF_DATA_MISSING=116,,26dae1f99b2b50fb17118f38d8a8e95dfac3357c
sgl-project/DeepSeek-V4-Pro-FP8,DeepseekV4ForCausalLM,b60,vllm,0.12.0,disagg,FAIL,Strict-native op-level FPE probes: PERF_DATA_MISSING=116; raw probes=116; topologies=29; source_sha=26dae1f99b2b50fb17118f38d8a8e95dfac3357c. Representative failure: perf database error: perf database error: no MHC module rows loaded from 1 source(s) (first: <repo>/python/aisimulate/src/aiconfigurator_core/systems/data/b60/vllm/0.12.0/mhc_module_perf.parquet),"python python/aisimulate/tools/support_matrix/generate_fpe_support_matrix.py --model ""sgl-project/DeepSeek-V4-Pro-FP8"" --system ""b60"" --backend ""vllm"" --backend-version ""0.12.0"" --forward-model op_level --max-workers 8",,116,29,PERF_DATA_MISSING=116,,26dae1f99b2b50fb17118f38d8a8e95dfac3357c
sgl-project/DeepSeek-V4-Pro-FP8,DeepseekV4ForCausalLM,b60,vllm,0.20.0,agg,FAIL,Strict-native op-level FPE probes: PERF_DATA_MISSING=116; raw probes=116; topologies=29; source_sha=26dae1f99b2b50fb17118f38d8a8e95dfac3357c. Representative failure: perf database error: perf database error: no MHC module rows loaded from 1 source(s) (first: <repo>/python/aisimulate/src/aiconfigurator_core/systems/data/b60/vllm/0.20.0/mhc_module_perf.parquet),"python python/aisimulate/tools/support_matrix/generate_fpe_support_matrix.py --model ""sgl-project/DeepSeek-V4-Pro-FP8"" --system ""b60"" --backend ""vllm"" --backend-version ""0.20.0"" --forward-model op_level --max-workers 8",,116,29,PERF_DATA_MISSING=116,,26dae1f99b2b50fb17118f38d8a8e95dfac3357c
sgl-project/DeepSeek-V4-Pro-FP8,DeepseekV4ForCausalLM,b60,vllm,0.20.0,disagg,FAIL,Strict-native op-level FPE probes: PERF_DATA_MISSING=116; raw probes=116; topologies=29; source_sha=26dae1f99b2b50fb17118f38d8a8e95dfac3357c. Representative failure: perf database error: perf database error: no MHC module rows loaded from 1 source(s) (first: <repo>/python/aisimulate/src/aiconfigurator_core/systems/data/b60/vllm/0.20.0/mhc_module_perf.parquet),"python python/aisimulate/tools/support_matrix/generate_fpe_support_matrix.py --model ""sgl-project/DeepSeek-V4-Pro-FP8"" --system ""b60"" --backend ""vllm"" --backend-version ""0.20.0"" --forward-model op_level --max-workers 8",,116,29,PERF_DATA_MISSING=116,,26dae1f99b2b50fb17118f38d8a8e95dfac3357c
stepfun-ai/Step-3.7-Flash,Step3p7FlashForCausalLM,b60,vllm,0.12.0,agg,FAIL,"Strict-native op-level FPE probes: PERF_DATA_MISSING=116; raw probes=116; topologies=29; source_sha=26dae1f99b2b50fb17118f38d8a8e95dfac3357c. Representative failure: perf database error: MoE data missing for MoeKey { quant: ""bfloat16"", distribution: ""power_law_1.01"", topk: 8, num_experts: 288, hidden_size: 4096, inter_size: 1280, moe_tp_size: 1, moe_ep_size: 1 } at <repo>/python/aisimulate/src/aiconfigurator_core/systems/data/b60/vllm/0.12.0","python python/aisimulate/tools/support_matrix/generate_fpe_support_matrix.py --model ""stepfun-ai/Step-3.7-Flash"" --system ""b60"" --backend ""vllm"" --backend-version ""0.12.0"" --forward-model op_level --max-workers 8",,116,29,PERF_DATA_MISSING=116,,26dae1f99b2b50fb17118f38d8a8e95dfac3357c
stepfun-ai/Step-3.7-Flash,Step3p7FlashForCausalLM,b60,vllm,0.12.0,disagg,FAIL,"Strict-native op-level FPE probes: PERF_DATA_MISSING=116; raw probes=116; topologies=29; source_sha=26dae1f99b2b50fb17118f38d8a8e95dfac3357c. Representative failure: perf database error: MoE data missing for MoeKey { quant: ""bfloat16"", distribution: ""power_law_1.01"", topk: 8, num_experts: 288, hidden_size: 4096, inter_size: 1280, moe_tp_size: 1, moe_ep_size: 1 } at <repo>/python/aisimulate/src/aiconfigurator_core/systems/data/b60/vllm/0.12.0","python python/aisimulate/tools/support_matrix/generate_fpe_support_matrix.py --model ""stepfun-ai/Step-3.7-Flash"" --system ""b60"" --backend ""vllm"" --backend-version ""0.12.0"" --forward-model op_level --max-workers 8",,116,29,PERF_DATA_MISSING=116,,26dae1f99b2b50fb17118f38d8a8e95dfac3357c
stepfun-ai/Step-3.7-Flash,Step3p7FlashForCausalLM,b60,vllm,0.20.0,agg,FAIL,"Strict-native op-level FPE probes: PERF_DATA_MISSING=116; raw probes=116; topologies=29; source_sha=26dae1f99b2b50fb17118f38d8a8e95dfac3357c. Representative failure: perf database error: MoE data missing for MoeKey { quant: ""bfloat16"", distribution: ""power_law_1.01"", topk: 8, num_experts: 288, hidden_size: 4096, inter_size: 1280, moe_tp_size: 1, moe_ep_size: 1 } at <repo>/python/aisimulate/src/aiconfigurator_core/systems/data/b60/vllm/0.20.0","python python/aisimulate/tools/support_matrix/generate_fpe_support_matrix.py --model ""stepfun-ai/Step-3.7-Flash"" --system ""b60"" --backend ""vllm"" --backend-version ""0.20.0"" --forward-model op_level --max-workers 8",,116,29,PERF_DATA_MISSING=116,,26dae1f99b2b50fb17118f38d8a8e95dfac3357c
stepfun-ai/Step-3.7-Flash,Step3p7FlashForCausalLM,b60,vllm,0.20.0,disagg,FAIL,"Strict-native op-level FPE probes: PERF_DATA_MISSING=116; raw probes=116; topologies=29; source_sha=26dae1f99b2b50fb17118f38d8a8e95dfac3357c. Representative failure: perf database error: MoE data missing for MoeKey { quant: ""bfloat16"", distribution: ""power_law_1.01"", topk: 8, num_experts: 288, hidden_size: 4096, inter_size: 1280, moe_tp_size: 1, moe_ep_size: 1 } at <repo>/python/aisimulate/src/aiconfigurator_core/systems/data/b60/vllm/0.20.0","python python/aisimulate/tools/support_matrix/generate_fpe_support_matrix.py --model ""stepfun-ai/Step-3.7-Flash"" --system ""b60"" --backend ""vllm"" --backend-version ""0.20.0"" --forward-model op_level --max-workers 8",,116,29,PERF_DATA_MISSING=116,,26dae1f99b2b50fb17118f38d8a8e95dfac3357c
stepfun-ai/Step-3.7-Flash-FP8,Step3p7FlashForCausalLM,b60,vllm,0.12.0,agg,FAIL,"Strict-native op-level FPE probes: BUILD_FAILED=48, PERF_DATA_MISSING=68; raw probes=116; topologies=29; source_sha=26dae1f99b2b50fb17118f38d8a8e95dfac3357c. Representative failure: Invalid quantized MoE configuration: (moe_intermediate_size=1280 / moe_tp_size=16) % weight_block_size=128 != 0.","python python/aisimulate/tools/support_matrix/generate_fpe_support_matrix.py --model ""stepfun-ai/Step-3.7-Flash-FP8"" --system ""b60"" --backend ""vllm"" --backend-version ""0.12.0"" --forward-model op_level --max-workers 8",,116,29,"BUILD_FAILED=48, PERF_DATA_MISSING=68",,26dae1f99b2b50fb17118f38d8a8e95dfac3357c
stepfun-ai/Step-3.7-Flash-FP8,Step3p7FlashForCausalLM,b60,vllm,0.12.0,disagg,FAIL,"Strict-native op-level FPE probes: BUILD_FAILED=72, PERF_DATA_MISSING=102; raw probes=174; topologies=58; source_sha=26dae1f99b2b50fb17118f38d8a8e95dfac3357c. Representative failure: Invalid quantized MoE configuration: (moe_intermediate_size=1280 / moe_tp_size=16) % weight_block_size=128 != 0.","python python/aisimulate/tools/support_matrix/generate_fpe_support_matrix.py --model ""stepfun-ai/Step-3.7-Flash-FP8"" --system ""b60"" --backend ""vllm"" --backend-version ""0.12.0"" --forward-model op_level --max-workers 8",,174,58,"BUILD_FAILED=72, PERF_DATA_MISSING=102",,26dae1f99b2b50fb17118f38d8a8e95dfac3357c
stepfun-ai/Step-3.7-Flash-FP8,Step3p7FlashForCausalLM,b60,vllm,0.20.0,agg,FAIL,"Strict-native op-level FPE probes: BUILD_FAILED=48, PERF_DATA_MISSING=68; raw probes=116; topologies=29; source_sha=26dae1f99b2b50fb17118f38d8a8e95dfac3357c. Representative failure: Invalid quantized MoE configuration: (moe_intermediate_size=1280 / moe_tp_size=16) % weight_block_size=128 != 0.","python python/aisimulate/tools/support_matrix/generate_fpe_support_matrix.py --model ""stepfun-ai/Step-3.7-Flash-FP8"" --system ""b60"" --backend ""vllm"" --backend-version ""0.20.0"" --forward-model op_level --max-workers 8",,116,29,"BUILD_FAILED=48, PERF_DATA_MISSING=68",,26dae1f99b2b50fb17118f38d8a8e95dfac3357c
stepfun-ai/Step-3.7-Flash-FP8,Step3p7FlashForCausalLM,b60,vllm,0.20.0,disagg,FAIL,"Strict-native op-level FPE probes: BUILD_FAILED=72, PERF_DATA_MISSING=102; raw probes=174; topologies=58; source_sha=26dae1f99b2b50fb17118f38d8a8e95dfac3357c. Representative failure: Invalid quantized MoE configuration: (moe_intermediate_size=1280 / moe_tp_size=16) % weight_block_size=128 != 0.","python python/aisimulate/tools/support_matrix/generate_fpe_support_matrix.py --model ""stepfun-ai/Step-3.7-Flash-FP8"" --system ""b60"" --backend ""vllm"" --backend-version ""0.20.0"" --forward-model op_level --max-workers 8",,174,58,"BUILD_FAILED=72, PERF_DATA_MISSING=102",,26dae1f99b2b50fb17118f38d8a8e95dfac3357c
zai-org/GLM-5.2,GlmMoeDsaForCausalLM,b60,vllm,0.12.0,agg,FAIL,"Strict-native op-level FPE probes: PERF_DATA_MISSING=116; raw probes=116; topologies=29; source_sha=26dae1f99b2b50fb17118f38d8a8e95dfac3357c. Representative failure: perf database error: MoE data missing for MoeKey { quant: ""bfloat16"", distribution: ""power_law_1.01"", topk: 8, num_experts: 256, hidden_size: 6144, inter_size: 2048, moe_tp_size: 1, moe_ep_size: 1 } at <repo>/python/aisimulate/src/aiconfigurator_core/systems/data/b60/vllm/0.12.0","python python/aisimulate/tools/support_matrix/generate_fpe_support_matrix.py --model ""zai-org/GLM-5.2"" --system ""b60"" --backend ""vllm"" --backend-version ""0.12.0"" --forward-model op_level --max-workers 8",,116,29,PERF_DATA_MISSING=116,,26dae1f99b2b50fb17118f38d8a8e95dfac3357c
zai-org/GLM-5.2,GlmMoeDsaForCausalLM,b60,vllm,0.12.0,disagg,FAIL,"Strict-native op-level FPE probes: PERF_DATA_MISSING=116; raw probes=116; topologies=29; source_sha=26dae1f99b2b50fb17118f38d8a8e95dfac3357c. Representative failure: perf database error: MoE data missing for MoeKey { quant: ""bfloat16"", distribution: ""power_law_1.01"", topk: 8, num_experts: 256, hidden_size: 6144, inter_size: 2048, moe_tp_size: 1, moe_ep_size: 1 } at <repo>/python/aisimulate/src/aiconfigurator_core/systems/data/b60/vllm/0.12.0","python python/aisimulate/tools/support_matrix/generate_fpe_support_matrix.py --model ""zai-org/GLM-5.2"" --system ""b60"" --backend ""vllm"" --backend-version ""0.12.0"" --forward-model op_level --max-workers 8",,116,29,PERF_DATA_MISSING=116,,26dae1f99b2b50fb17118f38d8a8e95dfac3357c
zai-org/GLM-5.2,GlmMoeDsaForCausalLM,b60,vllm,0.20.0,agg,FAIL,"Strict-native op-level FPE probes: PERF_DATA_MISSING=116; raw probes=116; topologies=29; source_sha=26dae1f99b2b50fb17118f38d8a8e95dfac3357c. Representative failure: perf database error: MoE data missing for MoeKey { quant: ""bfloat16"", distribution: ""power_law_1.01"", topk: 8, num_experts: 256, hidden_size: 6144, inter_size: 2048, moe_tp_size: 1, moe_ep_size: 1 } at <repo>/python/aisimulate/src/aiconfigurator_core/systems/data/b60/vllm/0.20.0","python python/aisimulate/tools/support_matrix/generate_fpe_support_matrix.py --model ""zai-org/GLM-5.2"" --system ""b60"" --backend ""vllm"" --backend-version ""0.20.0"" --forward-model op_level --max-workers 8",,116,29,PERF_DATA_MISSING=116,,26dae1f99b2b50fb17118f38d8a8e95dfac3357c
zai-org/GLM-5.2,GlmMoeDsaForCausalLM,b60,vllm,0.20.0,disagg,FAIL,"Strict-native op-level FPE probes: PERF_DATA_MISSING=116; raw probes=116; topologies=29; source_sha=26dae1f99b2b50fb17118f38d8a8e95dfac3357c. Representative failure: perf database error: MoE data missing for MoeKey { quant: ""bfloat16"", distribution: ""power_law_1.01"", topk: 8, num_experts: 256, hidden_size: 6144, inter_size: 2048, moe_tp_size: 1, moe_ep_size: 1 } at <repo>/python/aisimulate/src/aiconfigurator_core/systems/data/b60/vllm/0.20.0","python python/aisimulate/tools/support_matrix/generate_fpe_support_matrix.py --model ""zai-org/GLM-5.2"" --system ""b60"" --backend ""vllm"" --backend-version ""0.20.0"" --forward-model op_level --max-workers 8",,116,29,PERF_DATA_MISSING=116,,26dae1f99b2b50fb17118f38d8a8e95dfac3357c
zai-org/GLM-5.2-FP8,GlmMoeDsaForCausalLM,b60,vllm,0.12.0,agg,FAIL,"Strict-native op-level FPE probes: PERF_DATA_MISSING=116; raw probes=116; topologies=29; source_sha=26dae1f99b2b50fb17118f38d8a8e95dfac3357c. Representative failure: perf database error: GEMM perf data missing for quant 'fp8_block' at <repo>/python/aisimulate/src/aiconfigurator_core/systems/data/b60/vllm/0.12.0; available: [""bfloat16"", ""fp8""]","python python/aisimulate/tools/support_matrix/generate_fpe_support_matrix.py --model ""zai-org/GLM-5.2-FP8"" --system ""b60"" --backend ""vllm"" --backend-version ""0.12.0"" --forward-model op_level --max-workers 8",,116,29,PERF_DATA_MISSING=116,,26dae1f99b2b50fb17118f38d8a8e95dfac3357c
zai-org/GLM-5.2-FP8,GlmMoeDsaForCausalLM,b60,vllm,0.12.0,disagg,FAIL,"Strict-native op-level FPE probes: PERF_DATA_MISSING=116; raw probes=116; topologies=29; source_sha=26dae1f99b2b50fb17118f38d8a8e95dfac3357c. Representative failure: perf database error: GEMM perf data missing for quant 'fp8_block' at <repo>/python/aisimulate/src/aiconfigurator_core/systems/data/b60/vllm/0.12.0; available: [""bfloat16"", ""fp8""]","python python/aisimulate/tools/support_matrix/generate_fpe_support_matrix.py --model ""zai-org/GLM-5.2-FP8"" --system ""b60"" --backend ""vllm"" --backend-version ""0.12.0"" --forward-model op_level --max-workers 8",,116,29,PERF_DATA_MISSING=116,,26dae1f99b2b50fb17118f38d8a8e95dfac3357c
zai-org/GLM-5.2-FP8,GlmMoeDsaForCausalLM,b60,vllm,0.20.0,agg,FAIL,"Strict-native op-level FPE probes: PERF_DATA_MISSING=116; raw probes=116; topologies=29; source_sha=26dae1f99b2b50fb17118f38d8a8e95dfac3357c. Representative failure: perf database error: GEMM perf data missing for quant 'fp8_block' at <repo>/python/aisimulate/src/aiconfigurator_core/systems/data/b60/vllm/0.20.0; available: [""bfloat16"", ""fp8""]","python python/aisimulate/tools/support_matrix/generate_fpe_support_matrix.py --model ""zai-org/GLM-5.2-FP8"" --system ""b60"" --backend ""vllm"" --backend-version ""0.20.0"" --forward-model op_level --max-workers 8",,116,29,PERF_DATA_MISSING=116,,26dae1f99b2b50fb17118f38d8a8e95dfac3357c
zai-org/GLM-5.2-FP8,GlmMoeDsaForCausalLM,b60,vllm,0.20.0,disagg,FAIL,"Strict-native op-level FPE probes: PERF_DATA_MISSING=116; raw probes=116; topologies=29; source_sha=26dae1f99b2b50fb17118f38d8a8e95dfac3357c. Representative failure: perf database error: GEMM perf data missing for quant 'fp8_block' at <repo>/python/aisimulate/src/aiconfigurator_core/systems/data/b60/vllm/0.20.0; available: [""bfloat16"", ""fp8""]","python python/aisimulate/tools/support_matrix/generate_fpe_support_matrix.py --model ""zai-org/GLM-5.2-FP8"" --system ""b60"" --backend ""vllm"" --backend-version ""0.20.0"" --forward-model op_level --max-workers 8",,116,29,PERF_DATA_MISSING=116,,26dae1f99b2b50fb17118f38d8a8e95dfac3357c
