HuggingFaceID,Architecture,System,Backend,Version,Status,ErrMsg,Command,Source,FPEProbeCount,FPETopologyCount,FPEStatusCounts,FPEPhaseLatencyMs,SourceSHA
MiniMaxAI/MiniMax-M2.7,MiniMaxM2ForCausalLM,gb200,sglang,0.5.10,PASS,,"python python/aisimulate/tools/support_matrix/generate_fpe_support_matrix.py --model ""MiniMaxAI/MiniMax-M2.7"" --system ""gb200"" --backend ""sglang"" --backend-version ""0.5.10"" --forward-model op_level --max-workers 8",silicon,540,135,"BUILD_FAILED=56, PASS=164, SDK_UNREPRESENTABLE=320","decode_end=4643.915383, decode_start=18.211064, mixed=45.563734, prefill=44.480346",26dae1f99b2b50fb17118f38d8a8e95dfac3357c
MiniMaxAI/MiniMax-M2.7,MiniMaxM2ForCausalLM,gb200,sglang,0.5.12,PASS,,"python python/aisimulate/tools/support_matrix/generate_fpe_support_matrix.py --model ""MiniMaxAI/MiniMax-M2.7"" --system ""gb200"" --backend ""sglang"" --backend-version ""0.5.12"" --forward-model op_level --max-workers 8",silicon,540,135,"BUILD_FAILED=56, PASS=164, SDK_UNREPRESENTABLE=320","decode_end=4092.264007, decode_start=16.048422, mixed=44.984326, prefill=43.279223",26dae1f99b2b50fb17118f38d8a8e95dfac3357c
MiniMaxAI/MiniMax-M2.7,MiniMaxM2ForCausalLM,gb200,sglang,0.5.14,PASS,,"python python/aisimulate/tools/support_matrix/generate_fpe_support_matrix.py --model ""MiniMaxAI/MiniMax-M2.7"" --system ""gb200"" --backend ""sglang"" --backend-version ""0.5.14"" --forward-model op_level --max-workers 8",silicon,540,135,"BUILD_FAILED=56, PASS=164, SDK_UNREPRESENTABLE=320","decode_end=4092.264007, decode_start=16.048422, mixed=44.984326, prefill=43.279223",26dae1f99b2b50fb17118f38d8a8e95dfac3357c
MiniMaxAI/MiniMax-M2.7,MiniMaxM2ForCausalLM,gb200,sglang,0.5.16,PASS,,"python python/aisimulate/tools/support_matrix/generate_fpe_support_matrix.py --model ""MiniMaxAI/MiniMax-M2.7"" --system ""gb200"" --backend ""sglang"" --backend-version ""0.5.16"" --forward-model op_level --max-workers 8",silicon,540,135,"BUILD_FAILED=56, PASS=164, SDK_UNREPRESENTABLE=320","decode_end=4092.264007, decode_start=16.048422, mixed=44.984326, prefill=43.279223",26dae1f99b2b50fb17118f38d8a8e95dfac3357c
MiniMaxAI/MiniMax-M2.7,MiniMaxM2ForCausalLM,gb200,sglang,0.5.9,PASS,,"python python/aisimulate/tools/support_matrix/generate_fpe_support_matrix.py --model ""MiniMaxAI/MiniMax-M2.7"" --system ""gb200"" --backend ""sglang"" --backend-version ""0.5.9"" --forward-model op_level --max-workers 8",silicon,540,135,"BUILD_FAILED=56, PASS=164, SDK_UNREPRESENTABLE=320","decode_end=4115.495758, decode_start=16.140523, mixed=39.782673, prefill=38.303115",26dae1f99b2b50fb17118f38d8a8e95dfac3357c
MiniMaxAI/MiniMax-M2.7,MiniMaxM2ForCausalLM,gb200,trtllm,1.3.0rc10,FAIL,"Strict-native op-level FPE probes: BUILD_FAILED=24, PERF_DATA_MISSING=92; raw probes=116; topologies=29; source_sha=26dae1f99b2b50fb17118f38d8a8e95dfac3357c. Representative failure: Invalid quantized MoE configuration: (moe_intermediate_size=1536 / moe_tp_size=16) % weight_block_size=128 != 0.","python python/aisimulate/tools/support_matrix/generate_fpe_support_matrix.py --model ""MiniMaxAI/MiniMax-M2.7"" --system ""gb200"" --backend ""trtllm"" --backend-version ""1.3.0rc10"" --forward-model op_level --max-workers 8",,116,29,"BUILD_FAILED=24, PERF_DATA_MISSING=92",,26dae1f99b2b50fb17118f38d8a8e95dfac3357c
MiniMaxAI/MiniMax-M2.7,MiniMaxM2ForCausalLM,gb200,trtllm,1.3.0rc15,FAIL,"Strict-native op-level FPE probes: BUILD_FAILED=24, PERF_DATA_MISSING=92; raw probes=116; topologies=29; source_sha=26dae1f99b2b50fb17118f38d8a8e95dfac3357c. Representative failure: Invalid quantized MoE configuration: (moe_intermediate_size=1536 / moe_tp_size=16) % weight_block_size=128 != 0.","python python/aisimulate/tools/support_matrix/generate_fpe_support_matrix.py --model ""MiniMaxAI/MiniMax-M2.7"" --system ""gb200"" --backend ""trtllm"" --backend-version ""1.3.0rc15"" --forward-model op_level --max-workers 8",,116,29,"BUILD_FAILED=24, PERF_DATA_MISSING=92",,26dae1f99b2b50fb17118f38d8a8e95dfac3357c
MiniMaxAI/MiniMax-M2.7,MiniMaxM2ForCausalLM,gb200,trtllm,1.3.0rc17,FAIL,"Strict-native op-level FPE probes: BUILD_FAILED=24, PERF_DATA_MISSING=92; raw probes=116; topologies=29; source_sha=26dae1f99b2b50fb17118f38d8a8e95dfac3357c. Representative failure: Invalid quantized MoE configuration: (moe_intermediate_size=1536 / moe_tp_size=16) % weight_block_size=128 != 0.","python python/aisimulate/tools/support_matrix/generate_fpe_support_matrix.py --model ""MiniMaxAI/MiniMax-M2.7"" --system ""gb200"" --backend ""trtllm"" --backend-version ""1.3.0rc17"" --forward-model op_level --max-workers 8",,116,29,"BUILD_FAILED=24, PERF_DATA_MISSING=92",,26dae1f99b2b50fb17118f38d8a8e95dfac3357c
MiniMaxAI/MiniMax-M2.7,MiniMaxM2ForCausalLM,gb200,trtllm,1.3.0rc20,PASS,,"python python/aisimulate/tools/support_matrix/generate_fpe_support_matrix.py --model ""MiniMaxAI/MiniMax-M2.7"" --system ""gb200"" --backend ""trtllm"" --backend-version ""1.3.0rc20"" --forward-model op_level --max-workers 8",silicon,116,29,"BUILD_FAILED=24, PASS=92","decode_end=4555.301315, decode_start=17.854319, mixed=41.919030, prefill=40.847816",26dae1f99b2b50fb17118f38d8a8e95dfac3357c
MiniMaxAI/MiniMax-M2.7,MiniMaxM2ForCausalLM,gb200,trtllm,1.3.0rc23,PASS,,"python python/aisimulate/tools/support_matrix/generate_fpe_support_matrix.py --model ""MiniMaxAI/MiniMax-M2.7"" --system ""gb200"" --backend ""trtllm"" --backend-version ""1.3.0rc23"" --forward-model op_level --max-workers 8",silicon,116,29,"BUILD_FAILED=24, PASS=92","decode_end=4555.301315, decode_start=17.854319, mixed=41.919030, prefill=40.847816",26dae1f99b2b50fb17118f38d8a8e95dfac3357c
MiniMaxAI/MiniMax-M2.7,MiniMaxM2ForCausalLM,gb200,vllm,0.1.dev19262,FAIL,"Strict-native op-level FPE probes: BUILD_FAILED=36, PERF_DATA_MISSING=80; raw probes=116; topologies=29; source_sha=26dae1f99b2b50fb17118f38d8a8e95dfac3357c. Representative failure: Invalid quantized MoE configuration: (moe_intermediate_size=1536 / moe_tp_size=16) % weight_block_size=128 != 0.","python python/aisimulate/tools/support_matrix/generate_fpe_support_matrix.py --model ""MiniMaxAI/MiniMax-M2.7"" --system ""gb200"" --backend ""vllm"" --backend-version ""0.1.dev19262"" --forward-model op_level --max-workers 8",,116,29,"BUILD_FAILED=36, PERF_DATA_MISSING=80",,26dae1f99b2b50fb17118f38d8a8e95dfac3357c
MiniMaxAI/MiniMax-M2.7,MiniMaxM2ForCausalLM,gb200,vllm,0.14.0,PASS,,"python python/aisimulate/tools/support_matrix/generate_fpe_support_matrix.py --model ""MiniMaxAI/MiniMax-M2.7"" --system ""gb200"" --backend ""vllm"" --backend-version ""0.14.0"" --forward-model op_level --max-workers 8",silicon,116,29,"BUILD_FAILED=36, PASS=80","decode_end=14492.307949, decode_start=56.827404, mixed=84.916841, prefill=82.837655",26dae1f99b2b50fb17118f38d8a8e95dfac3357c
MiniMaxAI/MiniMax-M2.7,MiniMaxM2ForCausalLM,gb200,vllm,0.19.0,PASS,,"python python/aisimulate/tools/support_matrix/generate_fpe_support_matrix.py --model ""MiniMaxAI/MiniMax-M2.7"" --system ""gb200"" --backend ""vllm"" --backend-version ""0.19.0"" --forward-model op_level --max-workers 8",silicon,116,29,"BUILD_FAILED=36, PASS=80","decode_end=3555.455960, decode_start=13.928303, mixed=58.490039, prefill=57.482867",26dae1f99b2b50fb17118f38d8a8e95dfac3357c
MiniMaxAI/MiniMax-M2.7,MiniMaxM2ForCausalLM,gb200,vllm,0.22.0,PASS,,"python python/aisimulate/tools/support_matrix/generate_fpe_support_matrix.py --model ""MiniMaxAI/MiniMax-M2.7"" --system ""gb200"" --backend ""vllm"" --backend-version ""0.22.0"" --forward-model op_level --max-workers 8",silicon,116,29,"BUILD_FAILED=36, PASS=80","decode_end=10555.598594, decode_start=41.396680, mixed=79.415448, prefill=65.831512",26dae1f99b2b50fb17118f38d8a8e95dfac3357c
MiniMaxAI/MiniMax-M2.7,MiniMaxM2ForCausalLM,gb200,vllm,0.24.0,PASS,,"python python/aisimulate/tools/support_matrix/generate_fpe_support_matrix.py --model ""MiniMaxAI/MiniMax-M2.7"" --system ""gb200"" --backend ""vllm"" --backend-version ""0.24.0"" --forward-model op_level --max-workers 8",silicon,116,29,"BUILD_FAILED=36, PASS=80","decode_end=12145.679647, decode_start=47.632292, mixed=81.007940, prefill=67.963557",26dae1f99b2b50fb17118f38d8a8e95dfac3357c
MiniMaxAI/MiniMax-M3,MiniMaxM3ForCausalLM,gb200,sglang,0.5.10,FAIL,"Strict-native op-level FPE probes: PERF_DATA_MISSING=220; raw probes=220; topologies=55; source_sha=26dae1f99b2b50fb17118f38d8a8e95dfac3357c. Representative failure: perf database error: MoE data missing for MoeKey { quant: ""bfloat16"", distribution: ""power_law_1.01"", topk: 4, num_experts: 128, hidden_size: 6144, inter_size: 3072, moe_tp_size: 1, moe_ep_size: 1 } at <repo>/python/aisimulate/src/aiconfigurator_core/systems/data/gb200/sglang/0.5.10","python python/aisimulate/tools/support_matrix/generate_fpe_support_matrix.py --model ""MiniMaxAI/MiniMax-M3"" --system ""gb200"" --backend ""sglang"" --backend-version ""0.5.10"" --forward-model op_level --max-workers 8",,220,55,PERF_DATA_MISSING=220,,26dae1f99b2b50fb17118f38d8a8e95dfac3357c
MiniMaxAI/MiniMax-M3,MiniMaxM3ForCausalLM,gb200,sglang,0.5.12,FAIL,Strict-native op-level FPE probes: PERF_DATA_MISSING=220; raw probes=220; topologies=55; source_sha=26dae1f99b2b50fb17118f38d8a8e95dfac3357c. Representative failure: perf database error: perf database error: perf database error: no DSA module rows loaded from 1 source(s) (first: <repo>/python/aisimulate/src/aiconfigurator_core/systems/data/gb200/sglang/0.5.12/msa_context_module_perf.parquet),"python python/aisimulate/tools/support_matrix/generate_fpe_support_matrix.py --model ""MiniMaxAI/MiniMax-M3"" --system ""gb200"" --backend ""sglang"" --backend-version ""0.5.12"" --forward-model op_level --max-workers 8",,220,55,PERF_DATA_MISSING=220,,26dae1f99b2b50fb17118f38d8a8e95dfac3357c
MiniMaxAI/MiniMax-M3,MiniMaxM3ForCausalLM,gb200,sglang,0.5.14,FAIL,Strict-native op-level FPE probes: PERF_DATA_MISSING=220; raw probes=220; topologies=55; source_sha=26dae1f99b2b50fb17118f38d8a8e95dfac3357c. Representative failure: perf database error: perf database error: perf database error: no DSA module rows loaded from 1 source(s) (first: <repo>/python/aisimulate/src/aiconfigurator_core/systems/data/gb200/sglang/0.5.14/msa_context_module_perf.parquet),"python python/aisimulate/tools/support_matrix/generate_fpe_support_matrix.py --model ""MiniMaxAI/MiniMax-M3"" --system ""gb200"" --backend ""sglang"" --backend-version ""0.5.14"" --forward-model op_level --max-workers 8",,220,55,PERF_DATA_MISSING=220,,26dae1f99b2b50fb17118f38d8a8e95dfac3357c
MiniMaxAI/MiniMax-M3,MiniMaxM3ForCausalLM,gb200,sglang,0.5.16,PASS,,"python python/aisimulate/tools/support_matrix/generate_fpe_support_matrix.py --model ""MiniMaxAI/MiniMax-M3"" --system ""gb200"" --backend ""sglang"" --backend-version ""0.5.16"" --forward-model op_level --max-workers 8",silicon,220,55,PASS=220,"decode_end=11055.492428, decode_start=43.347028, mixed=185.737154, prefill=177.938890",26dae1f99b2b50fb17118f38d8a8e95dfac3357c
MiniMaxAI/MiniMax-M3,MiniMaxM3ForCausalLM,gb200,sglang,0.5.9,FAIL,"Strict-native op-level FPE probes: PERF_DATA_MISSING=220; raw probes=220; topologies=55; source_sha=26dae1f99b2b50fb17118f38d8a8e95dfac3357c. Representative failure: perf database error: MoE data missing for MoeKey { quant: ""bfloat16"", distribution: ""power_law_1.01"", topk: 4, num_experts: 128, hidden_size: 6144, inter_size: 3072, moe_tp_size: 1, moe_ep_size: 1 } at <repo>/python/aisimulate/src/aiconfigurator_core/systems/data/gb200/sglang/0.5.9","python python/aisimulate/tools/support_matrix/generate_fpe_support_matrix.py --model ""MiniMaxAI/MiniMax-M3"" --system ""gb200"" --backend ""sglang"" --backend-version ""0.5.9"" --forward-model op_level --max-workers 8",,220,55,PERF_DATA_MISSING=220,,26dae1f99b2b50fb17118f38d8a8e95dfac3357c
MiniMaxAI/MiniMax-M3,MiniMaxM3ForCausalLM,gb200,trtllm,1.3.0rc10,FAIL,"Strict-native op-level FPE probes: PERF_DATA_MISSING=116; raw probes=116; topologies=29; source_sha=26dae1f99b2b50fb17118f38d8a8e95dfac3357c. Representative failure: perf database error: MoE data missing for MoeKey { quant: ""bfloat16"", distribution: ""power_law_1.01"", topk: 4, num_experts: 128, hidden_size: 6144, inter_size: 3072, moe_tp_size: 1, moe_ep_size: 1 } at <repo>/python/aisimulate/src/aiconfigurator_core/systems/data/gb200/trtllm/1.3.0rc10","python python/aisimulate/tools/support_matrix/generate_fpe_support_matrix.py --model ""MiniMaxAI/MiniMax-M3"" --system ""gb200"" --backend ""trtllm"" --backend-version ""1.3.0rc10"" --forward-model op_level --max-workers 8",,116,29,PERF_DATA_MISSING=116,,26dae1f99b2b50fb17118f38d8a8e95dfac3357c
MiniMaxAI/MiniMax-M3,MiniMaxM3ForCausalLM,gb200,trtllm,1.3.0rc15,FAIL,"Strict-native op-level FPE probes: PERF_DATA_MISSING=116; raw probes=116; topologies=29; source_sha=26dae1f99b2b50fb17118f38d8a8e95dfac3357c. Representative failure: perf database error: MoE data missing for MoeKey { quant: ""bfloat16"", distribution: ""power_law_1.01"", topk: 4, num_experts: 128, hidden_size: 6144, inter_size: 3072, moe_tp_size: 1, moe_ep_size: 1 } at <repo>/python/aisimulate/src/aiconfigurator_core/systems/data/gb200/trtllm/1.3.0rc15","python python/aisimulate/tools/support_matrix/generate_fpe_support_matrix.py --model ""MiniMaxAI/MiniMax-M3"" --system ""gb200"" --backend ""trtllm"" --backend-version ""1.3.0rc15"" --forward-model op_level --max-workers 8",,116,29,PERF_DATA_MISSING=116,,26dae1f99b2b50fb17118f38d8a8e95dfac3357c
MiniMaxAI/MiniMax-M3,MiniMaxM3ForCausalLM,gb200,trtllm,1.3.0rc17,FAIL,"Strict-native op-level FPE probes: PERF_DATA_MISSING=116; raw probes=116; topologies=29; source_sha=26dae1f99b2b50fb17118f38d8a8e95dfac3357c. Representative failure: perf database error: MoE data missing for MoeKey { quant: ""bfloat16"", distribution: ""power_law_1.01"", topk: 4, num_experts: 128, hidden_size: 6144, inter_size: 3072, moe_tp_size: 1, moe_ep_size: 1 } at <repo>/python/aisimulate/src/aiconfigurator_core/systems/data/gb200/trtllm/1.3.0rc17","python python/aisimulate/tools/support_matrix/generate_fpe_support_matrix.py --model ""MiniMaxAI/MiniMax-M3"" --system ""gb200"" --backend ""trtllm"" --backend-version ""1.3.0rc17"" --forward-model op_level --max-workers 8",,116,29,PERF_DATA_MISSING=116,,26dae1f99b2b50fb17118f38d8a8e95dfac3357c
MiniMaxAI/MiniMax-M3,MiniMaxM3ForCausalLM,gb200,trtllm,1.3.0rc20,FAIL,Strict-native op-level FPE probes: PERF_DATA_MISSING=116; raw probes=116; topologies=29; source_sha=26dae1f99b2b50fb17118f38d8a8e95dfac3357c. Representative failure: perf database error: perf database error: perf database error: no DSA module rows loaded from 1 source(s) (first: <repo>/python/aisimulate/src/aiconfigurator_core/systems/data/gb200/trtllm/1.3.0rc20/msa_context_module_perf.parquet),"python python/aisimulate/tools/support_matrix/generate_fpe_support_matrix.py --model ""MiniMaxAI/MiniMax-M3"" --system ""gb200"" --backend ""trtllm"" --backend-version ""1.3.0rc20"" --forward-model op_level --max-workers 8",,116,29,PERF_DATA_MISSING=116,,26dae1f99b2b50fb17118f38d8a8e95dfac3357c
MiniMaxAI/MiniMax-M3,MiniMaxM3ForCausalLM,gb200,trtllm,1.3.0rc23,PASS,,"python python/aisimulate/tools/support_matrix/generate_fpe_support_matrix.py --model ""MiniMaxAI/MiniMax-M3"" --system ""gb200"" --backend ""trtllm"" --backend-version ""1.3.0rc23"" --forward-model op_level --max-workers 8",silicon,116,29,PASS=116,"decode_end=10936.940535, decode_start=42.649410, mixed=294.409738, prefill=283.037377",26dae1f99b2b50fb17118f38d8a8e95dfac3357c
MiniMaxAI/MiniMax-M3,MiniMaxM3ForCausalLM,gb200,vllm,0.1.dev19262,FAIL,Strict-native op-level FPE probes: PERF_DATA_MISSING=116; raw probes=116; topologies=29; source_sha=26dae1f99b2b50fb17118f38d8a8e95dfac3357c. Representative failure: perf database error: perf database error: no GEMM rows loaded from 1 source(s) (first: <repo>/python/aisimulate/src/aiconfigurator_core/systems/data/gb200/vllm/0.1.dev19262/gemm_perf.parquet),"python python/aisimulate/tools/support_matrix/generate_fpe_support_matrix.py --model ""MiniMaxAI/MiniMax-M3"" --system ""gb200"" --backend ""vllm"" --backend-version ""0.1.dev19262"" --forward-model op_level --max-workers 8",,116,29,PERF_DATA_MISSING=116,,26dae1f99b2b50fb17118f38d8a8e95dfac3357c
MiniMaxAI/MiniMax-M3,MiniMaxM3ForCausalLM,gb200,vllm,0.14.0,FAIL,"Strict-native op-level FPE probes: PERF_DATA_MISSING=116; raw probes=116; topologies=29; source_sha=26dae1f99b2b50fb17118f38d8a8e95dfac3357c. Representative failure: perf database error: MoE data missing for MoeKey { quant: ""bfloat16"", distribution: ""power_law_1.01"", topk: 4, num_experts: 128, hidden_size: 6144, inter_size: 3072, moe_tp_size: 1, moe_ep_size: 1 } at <repo>/python/aisimulate/src/aiconfigurator_core/systems/data/gb200/vllm/0.14.0","python python/aisimulate/tools/support_matrix/generate_fpe_support_matrix.py --model ""MiniMaxAI/MiniMax-M3"" --system ""gb200"" --backend ""vllm"" --backend-version ""0.14.0"" --forward-model op_level --max-workers 8",,116,29,PERF_DATA_MISSING=116,,26dae1f99b2b50fb17118f38d8a8e95dfac3357c
MiniMaxAI/MiniMax-M3,MiniMaxM3ForCausalLM,gb200,vllm,0.19.0,FAIL,"Strict-native op-level FPE probes: PERF_DATA_MISSING=116; raw probes=116; topologies=29; source_sha=26dae1f99b2b50fb17118f38d8a8e95dfac3357c. Representative failure: perf database error: MoE data missing for MoeKey { quant: ""bfloat16"", distribution: ""power_law_1.01"", topk: 4, num_experts: 128, hidden_size: 6144, inter_size: 3072, moe_tp_size: 1, moe_ep_size: 1 } at <repo>/python/aisimulate/src/aiconfigurator_core/systems/data/gb200/vllm/0.19.0","python python/aisimulate/tools/support_matrix/generate_fpe_support_matrix.py --model ""MiniMaxAI/MiniMax-M3"" --system ""gb200"" --backend ""vllm"" --backend-version ""0.19.0"" --forward-model op_level --max-workers 8",,116,29,PERF_DATA_MISSING=116,,26dae1f99b2b50fb17118f38d8a8e95dfac3357c
MiniMaxAI/MiniMax-M3,MiniMaxM3ForCausalLM,gb200,vllm,0.22.0,FAIL,Strict-native op-level FPE probes: PERF_DATA_MISSING=116; raw probes=116; topologies=29; source_sha=26dae1f99b2b50fb17118f38d8a8e95dfac3357c. Representative failure: perf database error: perf database error: perf database error: no DSA module rows loaded from 1 source(s) (first: <repo>/python/aisimulate/src/aiconfigurator_core/systems/data/gb200/vllm/0.22.0/msa_context_module_perf.parquet),"python python/aisimulate/tools/support_matrix/generate_fpe_support_matrix.py --model ""MiniMaxAI/MiniMax-M3"" --system ""gb200"" --backend ""vllm"" --backend-version ""0.22.0"" --forward-model op_level --max-workers 8",,116,29,PERF_DATA_MISSING=116,,26dae1f99b2b50fb17118f38d8a8e95dfac3357c
MiniMaxAI/MiniMax-M3,MiniMaxM3ForCausalLM,gb200,vllm,0.24.0,PASS,,"python python/aisimulate/tools/support_matrix/generate_fpe_support_matrix.py --model ""MiniMaxAI/MiniMax-M3"" --system ""gb200"" --backend ""vllm"" --backend-version ""0.24.0"" --forward-model op_level --max-workers 8",silicon,116,29,PASS=116,"decode_end=11517.600153, decode_start=45.140912, mixed=134.123703, prefill=129.233409",26dae1f99b2b50fb17118f38d8a8e95dfac3357c
Qwen/Qwen3-0.6B,Qwen3ForCausalLM,gb200,sglang,0.5.10,PASS,,"python python/aisimulate/tools/support_matrix/generate_fpe_support_matrix.py --model ""Qwen/Qwen3-0.6B"" --system ""gb200"" --backend ""sglang"" --backend-version ""0.5.10"" --forward-model op_level --max-workers 8",silicon,24,6,"PASS=12, SDK_UNREPRESENTABLE=12","decode_end=288.927395, decode_start=1.134026, mixed=2.567445, prefill=2.202467",26dae1f99b2b50fb17118f38d8a8e95dfac3357c
Qwen/Qwen3-0.6B,Qwen3ForCausalLM,gb200,sglang,0.5.12,PASS,,"python python/aisimulate/tools/support_matrix/generate_fpe_support_matrix.py --model ""Qwen/Qwen3-0.6B"" --system ""gb200"" --backend ""sglang"" --backend-version ""0.5.12"" --forward-model op_level --max-workers 8",silicon,24,6,"PASS=12, SDK_UNREPRESENTABLE=12","decode_end=308.181156, decode_start=1.208638, mixed=2.622989, prefill=2.198500",26dae1f99b2b50fb17118f38d8a8e95dfac3357c
Qwen/Qwen3-0.6B,Qwen3ForCausalLM,gb200,sglang,0.5.14,PASS,,"python python/aisimulate/tools/support_matrix/generate_fpe_support_matrix.py --model ""Qwen/Qwen3-0.6B"" --system ""gb200"" --backend ""sglang"" --backend-version ""0.5.14"" --forward-model op_level --max-workers 8",silicon,24,6,"PASS=12, SDK_UNREPRESENTABLE=12","decode_end=308.181156, decode_start=1.208638, mixed=2.622989, prefill=2.198500",26dae1f99b2b50fb17118f38d8a8e95dfac3357c
Qwen/Qwen3-0.6B,Qwen3ForCausalLM,gb200,sglang,0.5.16,PASS,,"python python/aisimulate/tools/support_matrix/generate_fpe_support_matrix.py --model ""Qwen/Qwen3-0.6B"" --system ""gb200"" --backend ""sglang"" --backend-version ""0.5.16"" --forward-model op_level --max-workers 8",silicon,24,6,"PASS=12, SDK_UNREPRESENTABLE=12","decode_end=308.181156, decode_start=1.208638, mixed=2.622989, prefill=2.198500",26dae1f99b2b50fb17118f38d8a8e95dfac3357c
Qwen/Qwen3-0.6B,Qwen3ForCausalLM,gb200,sglang,0.5.9,PASS,,"python python/aisimulate/tools/support_matrix/generate_fpe_support_matrix.py --model ""Qwen/Qwen3-0.6B"" --system ""gb200"" --backend ""sglang"" --backend-version ""0.5.9"" --forward-model op_level --max-workers 8",silicon,24,6,"PASS=12, SDK_UNREPRESENTABLE=12","decode_end=283.561605, decode_start=1.109373, mixed=2.566327, prefill=2.243453",26dae1f99b2b50fb17118f38d8a8e95dfac3357c
Qwen/Qwen3-0.6B,Qwen3ForCausalLM,gb200,trtllm,1.3.0rc10,PASS,,"python python/aisimulate/tools/support_matrix/generate_fpe_support_matrix.py --model ""Qwen/Qwen3-0.6B"" --system ""gb200"" --backend ""trtllm"" --backend-version ""1.3.0rc10"" --forward-model op_level --max-workers 8",silicon,12,3,PASS=12,"decode_end=374.206065, decode_start=1.430621, mixed=3.008623, prefill=2.309034",26dae1f99b2b50fb17118f38d8a8e95dfac3357c
Qwen/Qwen3-0.6B,Qwen3ForCausalLM,gb200,trtllm,1.3.0rc15,PASS,,"python python/aisimulate/tools/support_matrix/generate_fpe_support_matrix.py --model ""Qwen/Qwen3-0.6B"" --system ""gb200"" --backend ""trtllm"" --backend-version ""1.3.0rc15"" --forward-model op_level --max-workers 8",silicon,12,3,PASS=12,"decode_end=374.206065, decode_start=1.430621, mixed=3.008623, prefill=2.309034",26dae1f99b2b50fb17118f38d8a8e95dfac3357c
Qwen/Qwen3-0.6B,Qwen3ForCausalLM,gb200,trtllm,1.3.0rc17,PASS,,"python python/aisimulate/tools/support_matrix/generate_fpe_support_matrix.py --model ""Qwen/Qwen3-0.6B"" --system ""gb200"" --backend ""trtllm"" --backend-version ""1.3.0rc17"" --forward-model op_level --max-workers 8",silicon,12,3,PASS=12,"decode_end=272.981770, decode_start=1.051861, mixed=2.609664, prefill=2.274402",26dae1f99b2b50fb17118f38d8a8e95dfac3357c
Qwen/Qwen3-0.6B,Qwen3ForCausalLM,gb200,trtllm,1.3.0rc20,PASS,,"python python/aisimulate/tools/support_matrix/generate_fpe_support_matrix.py --model ""Qwen/Qwen3-0.6B"" --system ""gb200"" --backend ""trtllm"" --backend-version ""1.3.0rc20"" --forward-model op_level --max-workers 8",silicon,12,3,PASS=12,"decode_end=300.011288, decode_start=1.156176, mixed=2.738686, prefill=2.328983",26dae1f99b2b50fb17118f38d8a8e95dfac3357c
Qwen/Qwen3-0.6B,Qwen3ForCausalLM,gb200,trtllm,1.3.0rc23,PASS,,"python python/aisimulate/tools/support_matrix/generate_fpe_support_matrix.py --model ""Qwen/Qwen3-0.6B"" --system ""gb200"" --backend ""trtllm"" --backend-version ""1.3.0rc23"" --forward-model op_level --max-workers 8",silicon,12,3,PASS=12,"decode_end=300.011288, decode_start=1.156176, mixed=2.738686, prefill=2.328983",26dae1f99b2b50fb17118f38d8a8e95dfac3357c
Qwen/Qwen3-0.6B,Qwen3ForCausalLM,gb200,vllm,0.1.dev19262,FAIL,Strict-native op-level FPE probes: PERF_DATA_MISSING=12; raw probes=12; topologies=3; source_sha=26dae1f99b2b50fb17118f38d8a8e95dfac3357c. Representative failure: perf database error: perf database error: no GEMM rows loaded from 1 source(s) (first: <repo>/python/aisimulate/src/aiconfigurator_core/systems/data/gb200/vllm/0.1.dev19262/gemm_perf.parquet),"python python/aisimulate/tools/support_matrix/generate_fpe_support_matrix.py --model ""Qwen/Qwen3-0.6B"" --system ""gb200"" --backend ""vllm"" --backend-version ""0.1.dev19262"" --forward-model op_level --max-workers 8",,12,3,PERF_DATA_MISSING=12,,26dae1f99b2b50fb17118f38d8a8e95dfac3357c
Qwen/Qwen3-0.6B,Qwen3ForCausalLM,gb200,vllm,0.14.0,PASS,,"python python/aisimulate/tools/support_matrix/generate_fpe_support_matrix.py --model ""Qwen/Qwen3-0.6B"" --system ""gb200"" --backend ""vllm"" --backend-version ""0.14.0"" --forward-model op_level --max-workers 8",silicon,12,3,PASS=12,"decode_end=320.402676, decode_start=1.257592, mixed=2.695521, prefill=2.346946",26dae1f99b2b50fb17118f38d8a8e95dfac3357c
Qwen/Qwen3-0.6B,Qwen3ForCausalLM,gb200,vllm,0.19.0,PASS,,"python python/aisimulate/tools/support_matrix/generate_fpe_support_matrix.py --model ""Qwen/Qwen3-0.6B"" --system ""gb200"" --backend ""vllm"" --backend-version ""0.19.0"" --forward-model op_level --max-workers 8",silicon,12,3,PASS=12,"decode_end=283.767725, decode_start=1.101222, mixed=2.533505, prefill=2.210328",26dae1f99b2b50fb17118f38d8a8e95dfac3357c
Qwen/Qwen3-0.6B,Qwen3ForCausalLM,gb200,vllm,0.22.0,PASS,,"python python/aisimulate/tools/support_matrix/generate_fpe_support_matrix.py --model ""Qwen/Qwen3-0.6B"" --system ""gb200"" --backend ""vllm"" --backend-version ""0.22.0"" --forward-model op_level --max-workers 8",silicon,12,3,PASS=12,"decode_end=272.888981, decode_start=1.069773, mixed=2.472614, prefill=2.161675",26dae1f99b2b50fb17118f38d8a8e95dfac3357c
Qwen/Qwen3-0.6B,Qwen3ForCausalLM,gb200,vllm,0.24.0,PASS,,"python python/aisimulate/tools/support_matrix/generate_fpe_support_matrix.py --model ""Qwen/Qwen3-0.6B"" --system ""gb200"" --backend ""vllm"" --backend-version ""0.24.0"" --forward-model op_level --max-workers 8",silicon,12,3,PASS=12,"decode_end=297.044773, decode_start=1.163219, mixed=2.643571, prefill=2.259684",26dae1f99b2b50fb17118f38d8a8e95dfac3357c
Qwen/Qwen3-1.7B,Qwen3ForCausalLM,gb200,sglang,0.5.10,PASS,,"python python/aisimulate/tools/support_matrix/generate_fpe_support_matrix.py --model ""Qwen/Qwen3-1.7B"" --system ""gb200"" --backend ""sglang"" --backend-version ""0.5.10"" --forward-model op_level --max-workers 8",silicon,24,6,"PASS=12, SDK_UNREPRESENTABLE=12","decode_end=384.587607, decode_start=1.509164, mixed=2.985544, prefill=2.628906",26dae1f99b2b50fb17118f38d8a8e95dfac3357c
Qwen/Qwen3-1.7B,Qwen3ForCausalLM,gb200,sglang,0.5.12,PASS,,"python python/aisimulate/tools/support_matrix/generate_fpe_support_matrix.py --model ""Qwen/Qwen3-1.7B"" --system ""gb200"" --backend ""sglang"" --backend-version ""0.5.12"" --forward-model op_level --max-workers 8",silicon,24,6,"PASS=12, SDK_UNREPRESENTABLE=12","decode_end=383.303605, decode_start=1.503236, mixed=3.037996, prefill=2.656825",26dae1f99b2b50fb17118f38d8a8e95dfac3357c
Qwen/Qwen3-1.7B,Qwen3ForCausalLM,gb200,sglang,0.5.14,PASS,,"python python/aisimulate/tools/support_matrix/generate_fpe_support_matrix.py --model ""Qwen/Qwen3-1.7B"" --system ""gb200"" --backend ""sglang"" --backend-version ""0.5.14"" --forward-model op_level --max-workers 8",silicon,24,6,"PASS=12, SDK_UNREPRESENTABLE=12","decode_end=383.303605, decode_start=1.503236, mixed=3.037996, prefill=2.656825",26dae1f99b2b50fb17118f38d8a8e95dfac3357c
Qwen/Qwen3-1.7B,Qwen3ForCausalLM,gb200,sglang,0.5.16,PASS,,"python python/aisimulate/tools/support_matrix/generate_fpe_support_matrix.py --model ""Qwen/Qwen3-1.7B"" --system ""gb200"" --backend ""sglang"" --backend-version ""0.5.16"" --forward-model op_level --max-workers 8",silicon,24,6,"PASS=12, SDK_UNREPRESENTABLE=12","decode_end=383.303605, decode_start=1.503236, mixed=3.037996, prefill=2.656825",26dae1f99b2b50fb17118f38d8a8e95dfac3357c
Qwen/Qwen3-1.7B,Qwen3ForCausalLM,gb200,sglang,0.5.9,PASS,,"python python/aisimulate/tools/support_matrix/generate_fpe_support_matrix.py --model ""Qwen/Qwen3-1.7B"" --system ""gb200"" --backend ""sglang"" --backend-version ""0.5.9"" --forward-model op_level --max-workers 8",silicon,24,6,"PASS=12, SDK_UNREPRESENTABLE=12","decode_end=377.148453, decode_start=1.476381, mixed=3.051016, prefill=2.668722",26dae1f99b2b50fb17118f38d8a8e95dfac3357c
Qwen/Qwen3-1.7B,Qwen3ForCausalLM,gb200,trtllm,1.3.0rc10,PASS,,"python python/aisimulate/tools/support_matrix/generate_fpe_support_matrix.py --model ""Qwen/Qwen3-1.7B"" --system ""gb200"" --backend ""trtllm"" --backend-version ""1.3.0rc10"" --forward-model op_level --max-workers 8",silicon,12,3,PASS=12,"decode_end=473.196808, decode_start=1.818820, mixed=3.441556, prefill=2.745482",26dae1f99b2b50fb17118f38d8a8e95dfac3357c
Qwen/Qwen3-1.7B,Qwen3ForCausalLM,gb200,trtllm,1.3.0rc15,PASS,,"python python/aisimulate/tools/support_matrix/generate_fpe_support_matrix.py --model ""Qwen/Qwen3-1.7B"" --system ""gb200"" --backend ""trtllm"" --backend-version ""1.3.0rc15"" --forward-model op_level --max-workers 8",silicon,12,3,PASS=12,"decode_end=473.196808, decode_start=1.818820, mixed=3.441556, prefill=2.745482",26dae1f99b2b50fb17118f38d8a8e95dfac3357c
Qwen/Qwen3-1.7B,Qwen3ForCausalLM,gb200,trtllm,1.3.0rc17,PASS,,"python python/aisimulate/tools/support_matrix/generate_fpe_support_matrix.py --model ""Qwen/Qwen3-1.7B"" --system ""gb200"" --backend ""trtllm"" --backend-version ""1.3.0rc17"" --forward-model op_level --max-workers 8",silicon,12,3,PASS=12,"decode_end=375.193701, decode_start=1.452693, mixed=3.042302, prefill=2.713061",26dae1f99b2b50fb17118f38d8a8e95dfac3357c
Qwen/Qwen3-1.7B,Qwen3ForCausalLM,gb200,trtllm,1.3.0rc20,PASS,,"python python/aisimulate/tools/support_matrix/generate_fpe_support_matrix.py --model ""Qwen/Qwen3-1.7B"" --system ""gb200"" --backend ""trtllm"" --backend-version ""1.3.0rc20"" --forward-model op_level --max-workers 8",silicon,12,3,PASS=12,"decode_end=398.355417, decode_start=1.541839, mixed=3.169869, prefill=2.757258",26dae1f99b2b50fb17118f38d8a8e95dfac3357c
Qwen/Qwen3-1.7B,Qwen3ForCausalLM,gb200,trtllm,1.3.0rc23,PASS,,"python python/aisimulate/tools/support_matrix/generate_fpe_support_matrix.py --model ""Qwen/Qwen3-1.7B"" --system ""gb200"" --backend ""trtllm"" --backend-version ""1.3.0rc23"" --forward-model op_level --max-workers 8",silicon,12,3,PASS=12,"decode_end=398.355417, decode_start=1.541839, mixed=3.169869, prefill=2.757258",26dae1f99b2b50fb17118f38d8a8e95dfac3357c
Qwen/Qwen3-1.7B,Qwen3ForCausalLM,gb200,vllm,0.1.dev19262,FAIL,Strict-native op-level FPE probes: PERF_DATA_MISSING=12; raw probes=12; topologies=3; source_sha=26dae1f99b2b50fb17118f38d8a8e95dfac3357c. Representative failure: perf database error: perf database error: no GEMM rows loaded from 1 source(s) (first: <repo>/python/aisimulate/src/aiconfigurator_core/systems/data/gb200/vllm/0.1.dev19262/gemm_perf.parquet),"python python/aisimulate/tools/support_matrix/generate_fpe_support_matrix.py --model ""Qwen/Qwen3-1.7B"" --system ""gb200"" --backend ""vllm"" --backend-version ""0.1.dev19262"" --forward-model op_level --max-workers 8",,12,3,PERF_DATA_MISSING=12,,26dae1f99b2b50fb17118f38d8a8e95dfac3357c
Qwen/Qwen3-1.7B,Qwen3ForCausalLM,gb200,vllm,0.14.0,PASS,,"python python/aisimulate/tools/support_matrix/generate_fpe_support_matrix.py --model ""Qwen/Qwen3-1.7B"" --system ""gb200"" --backend ""vllm"" --backend-version ""0.14.0"" --forward-model op_level --max-workers 8",silicon,12,3,PASS=12,"decode_end=427.749929, decode_start=1.678562, mixed=3.161310, prefill=2.840162",26dae1f99b2b50fb17118f38d8a8e95dfac3357c
Qwen/Qwen3-1.7B,Qwen3ForCausalLM,gb200,vllm,0.19.0,PASS,,"python python/aisimulate/tools/support_matrix/generate_fpe_support_matrix.py --model ""Qwen/Qwen3-1.7B"" --system ""gb200"" --backend ""vllm"" --backend-version ""0.19.0"" --forward-model op_level --max-workers 8",silicon,12,3,PASS=12,"decode_end=373.596718, decode_start=1.453492, mixed=2.942476, prefill=2.626781",26dae1f99b2b50fb17118f38d8a8e95dfac3357c
Qwen/Qwen3-1.7B,Qwen3ForCausalLM,gb200,vllm,0.22.0,PASS,,"python python/aisimulate/tools/support_matrix/generate_fpe_support_matrix.py --model ""Qwen/Qwen3-1.7B"" --system ""gb200"" --backend ""vllm"" --backend-version ""0.22.0"" --forward-model op_level --max-workers 8",silicon,12,3,PASS=12,"decode_end=363.310852, decode_start=1.424368, mixed=2.892935, prefill=2.598666",26dae1f99b2b50fb17118f38d8a8e95dfac3357c
Qwen/Qwen3-1.7B,Qwen3ForCausalLM,gb200,vllm,0.24.0,PASS,,"python python/aisimulate/tools/support_matrix/generate_fpe_support_matrix.py --model ""Qwen/Qwen3-1.7B"" --system ""gb200"" --backend ""vllm"" --backend-version ""0.24.0"" --forward-model op_level --max-workers 8",silicon,12,3,PASS=12,"decode_end=412.662481, decode_start=1.616621, mixed=3.091092, prefill=2.762924",26dae1f99b2b50fb17118f38d8a8e95dfac3357c
Qwen/Qwen3-235B-A22B,Qwen3MoeForCausalLM,gb200,sglang,0.5.10,PASS,,"python python/aisimulate/tools/support_matrix/generate_fpe_support_matrix.py --model ""Qwen/Qwen3-235B-A22B"" --system ""gb200"" --backend ""sglang"" --backend-version ""0.5.10"" --forward-model op_level --max-workers 8",silicon,540,135,"PASS=220, SDK_UNREPRESENTABLE=320","decode_end=8861.375511, decode_start=34.757266, mixed=89.254438, prefill=86.101545",26dae1f99b2b50fb17118f38d8a8e95dfac3357c
Qwen/Qwen3-235B-A22B,Qwen3MoeForCausalLM,gb200,sglang,0.5.12,PASS,,"python python/aisimulate/tools/support_matrix/generate_fpe_support_matrix.py --model ""Qwen/Qwen3-235B-A22B"" --system ""gb200"" --backend ""sglang"" --backend-version ""0.5.12"" --forward-model op_level --max-workers 8",silicon,540,135,"PASS=220, SDK_UNREPRESENTABLE=320","decode_end=6637.492376, decode_start=26.028326, mixed=74.479780, prefill=71.991996",26dae1f99b2b50fb17118f38d8a8e95dfac3357c
Qwen/Qwen3-235B-A22B,Qwen3MoeForCausalLM,gb200,sglang,0.5.14,PASS,,"python python/aisimulate/tools/support_matrix/generate_fpe_support_matrix.py --model ""Qwen/Qwen3-235B-A22B"" --system ""gb200"" --backend ""sglang"" --backend-version ""0.5.14"" --forward-model op_level --max-workers 8",silicon,540,135,"PASS=220, SDK_UNREPRESENTABLE=320","decode_end=6637.492376, decode_start=26.028326, mixed=74.479780, prefill=71.991996",26dae1f99b2b50fb17118f38d8a8e95dfac3357c
Qwen/Qwen3-235B-A22B,Qwen3MoeForCausalLM,gb200,sglang,0.5.16,PASS,,"python python/aisimulate/tools/support_matrix/generate_fpe_support_matrix.py --model ""Qwen/Qwen3-235B-A22B"" --system ""gb200"" --backend ""sglang"" --backend-version ""0.5.16"" --forward-model op_level --max-workers 8",silicon,540,135,"PASS=220, SDK_UNREPRESENTABLE=320","decode_end=6637.492376, decode_start=26.028326, mixed=74.479780, prefill=71.991996",26dae1f99b2b50fb17118f38d8a8e95dfac3357c
Qwen/Qwen3-235B-A22B,Qwen3MoeForCausalLM,gb200,sglang,0.5.9,PASS,,"python python/aisimulate/tools/support_matrix/generate_fpe_support_matrix.py --model ""Qwen/Qwen3-235B-A22B"" --system ""gb200"" --backend ""sglang"" --backend-version ""0.5.9"" --forward-model op_level --max-workers 8",silicon,540,135,"PASS=220, SDK_UNREPRESENTABLE=320","decode_end=8716.482755, decode_start=34.245499, mixed=92.984057, prefill=91.974350",26dae1f99b2b50fb17118f38d8a8e95dfac3357c
Qwen/Qwen3-235B-A22B,Qwen3MoeForCausalLM,gb200,trtllm,1.3.0rc10,PASS,,"python python/aisimulate/tools/support_matrix/generate_fpe_support_matrix.py --model ""Qwen/Qwen3-235B-A22B"" --system ""gb200"" --backend ""trtllm"" --backend-version ""1.3.0rc10"" --forward-model op_level --max-workers 8",silicon,116,29,PASS=116,"decode_end=7487.146749, decode_start=28.941300, mixed=75.646674, prefill=72.657788",26dae1f99b2b50fb17118f38d8a8e95dfac3357c
Qwen/Qwen3-235B-A22B,Qwen3MoeForCausalLM,gb200,trtllm,1.3.0rc15,PASS,,"python python/aisimulate/tools/support_matrix/generate_fpe_support_matrix.py --model ""Qwen/Qwen3-235B-A22B"" --system ""gb200"" --backend ""trtllm"" --backend-version ""1.3.0rc15"" --forward-model op_level --max-workers 8",silicon,116,29,PASS=116,"decode_end=7487.146749, decode_start=28.941300, mixed=75.646674, prefill=72.657788",26dae1f99b2b50fb17118f38d8a8e95dfac3357c
Qwen/Qwen3-235B-A22B,Qwen3MoeForCausalLM,gb200,trtllm,1.3.0rc17,PASS,,"python python/aisimulate/tools/support_matrix/generate_fpe_support_matrix.py --model ""Qwen/Qwen3-235B-A22B"" --system ""gb200"" --backend ""trtllm"" --backend-version ""1.3.0rc17"" --forward-model op_level --max-workers 8",silicon,116,29,PASS=116,"decode_end=7095.572722, decode_start=27.825228, mixed=74.179480, prefill=72.692281",26dae1f99b2b50fb17118f38d8a8e95dfac3357c
Qwen/Qwen3-235B-A22B,Qwen3MoeForCausalLM,gb200,trtllm,1.3.0rc20,PASS,,"python python/aisimulate/tools/support_matrix/generate_fpe_support_matrix.py --model ""Qwen/Qwen3-235B-A22B"" --system ""gb200"" --backend ""trtllm"" --backend-version ""1.3.0rc20"" --forward-model op_level --max-workers 8",silicon,116,29,PASS=116,"decode_end=7255.851599, decode_start=28.379184, mixed=74.968962, prefill=73.331119",26dae1f99b2b50fb17118f38d8a8e95dfac3357c
Qwen/Qwen3-235B-A22B,Qwen3MoeForCausalLM,gb200,trtllm,1.3.0rc23,PASS,,"python python/aisimulate/tools/support_matrix/generate_fpe_support_matrix.py --model ""Qwen/Qwen3-235B-A22B"" --system ""gb200"" --backend ""trtllm"" --backend-version ""1.3.0rc23"" --forward-model op_level --max-workers 8",silicon,116,29,PASS=116,"decode_end=7255.851599, decode_start=28.379184, mixed=74.968962, prefill=73.331119",26dae1f99b2b50fb17118f38d8a8e95dfac3357c
Qwen/Qwen3-235B-A22B,Qwen3MoeForCausalLM,gb200,vllm,0.1.dev19262,FAIL,Strict-native op-level FPE probes: PERF_DATA_MISSING=116; raw probes=116; topologies=29; source_sha=26dae1f99b2b50fb17118f38d8a8e95dfac3357c. Representative failure: perf database error: perf database error: no GEMM rows loaded from 1 source(s) (first: <repo>/python/aisimulate/src/aiconfigurator_core/systems/data/gb200/vllm/0.1.dev19262/gemm_perf.parquet),"python python/aisimulate/tools/support_matrix/generate_fpe_support_matrix.py --model ""Qwen/Qwen3-235B-A22B"" --system ""gb200"" --backend ""vllm"" --backend-version ""0.1.dev19262"" --forward-model op_level --max-workers 8",,116,29,PERF_DATA_MISSING=116,,26dae1f99b2b50fb17118f38d8a8e95dfac3357c
Qwen/Qwen3-235B-A22B,Qwen3MoeForCausalLM,gb200,vllm,0.14.0,PASS,,"python python/aisimulate/tools/support_matrix/generate_fpe_support_matrix.py --model ""Qwen/Qwen3-235B-A22B"" --system ""gb200"" --backend ""vllm"" --backend-version ""0.14.0"" --forward-model op_level --max-workers 8",silicon,116,29,PASS=116,"decode_end=8624.613960, decode_start=33.810843, mixed=87.965084, prefill=86.272784",26dae1f99b2b50fb17118f38d8a8e95dfac3357c
Qwen/Qwen3-235B-A22B,Qwen3MoeForCausalLM,gb200,vllm,0.19.0,PASS,,"python python/aisimulate/tools/support_matrix/generate_fpe_support_matrix.py --model ""Qwen/Qwen3-235B-A22B"" --system ""gb200"" --backend ""vllm"" --backend-version ""0.19.0"" --forward-model op_level --max-workers 8",silicon,116,29,PASS=116,"decode_end=7590.887784, decode_start=29.756640, mixed=79.130619, prefill=77.695688",26dae1f99b2b50fb17118f38d8a8e95dfac3357c
Qwen/Qwen3-235B-A22B,Qwen3MoeForCausalLM,gb200,vllm,0.22.0,PASS,,"python python/aisimulate/tools/support_matrix/generate_fpe_support_matrix.py --model ""Qwen/Qwen3-235B-A22B"" --system ""gb200"" --backend ""vllm"" --backend-version ""0.22.0"" --forward-model op_level --max-workers 8",silicon,116,29,PASS=116,"decode_end=6658.790714, decode_start=26.112606, mixed=73.684122, prefill=71.197480",26dae1f99b2b50fb17118f38d8a8e95dfac3357c
Qwen/Qwen3-235B-A22B,Qwen3MoeForCausalLM,gb200,vllm,0.24.0,PASS,,"python python/aisimulate/tools/support_matrix/generate_fpe_support_matrix.py --model ""Qwen/Qwen3-235B-A22B"" --system ""gb200"" --backend ""vllm"" --backend-version ""0.24.0"" --forward-model op_level --max-workers 8",silicon,116,29,PASS=116,"decode_end=6768.670234, decode_start=26.524722, mixed=74.313407, prefill=71.502031",26dae1f99b2b50fb17118f38d8a8e95dfac3357c
Qwen/Qwen3-235B-A22B-FP8,Qwen3MoeForCausalLM,gb200,sglang,0.5.10,PASS,,"python python/aisimulate/tools/support_matrix/generate_fpe_support_matrix.py --model ""Qwen/Qwen3-235B-A22B-FP8"" --system ""gb200"" --backend ""sglang"" --backend-version ""0.5.10"" --forward-model op_level --max-workers 8",silicon,540,135,"BUILD_FAILED=56, PASS=164, SDK_UNREPRESENTABLE=320","decode_end=7323.349805, decode_start=28.749116, mixed=60.215183, prefill=58.710958",26dae1f99b2b50fb17118f38d8a8e95dfac3357c
Qwen/Qwen3-235B-A22B-FP8,Qwen3MoeForCausalLM,gb200,sglang,0.5.12,PASS,,"python python/aisimulate/tools/support_matrix/generate_fpe_support_matrix.py --model ""Qwen/Qwen3-235B-A22B-FP8"" --system ""gb200"" --backend ""sglang"" --backend-version ""0.5.12"" --forward-model op_level --max-workers 8",silicon,540,135,"BUILD_FAILED=56, PASS=164, SDK_UNREPRESENTABLE=320","decode_end=5370.829212, decode_start=21.062994, mixed=56.424241, prefill=53.604454",26dae1f99b2b50fb17118f38d8a8e95dfac3357c
Qwen/Qwen3-235B-A22B-FP8,Qwen3MoeForCausalLM,gb200,sglang,0.5.14,PASS,,"python python/aisimulate/tools/support_matrix/generate_fpe_support_matrix.py --model ""Qwen/Qwen3-235B-A22B-FP8"" --system ""gb200"" --backend ""sglang"" --backend-version ""0.5.14"" --forward-model op_level --max-workers 8",silicon,540,135,"BUILD_FAILED=56, PASS=164, SDK_UNREPRESENTABLE=320","decode_end=5370.829212, decode_start=21.062994, mixed=56.424241, prefill=53.604454",26dae1f99b2b50fb17118f38d8a8e95dfac3357c
Qwen/Qwen3-235B-A22B-FP8,Qwen3MoeForCausalLM,gb200,sglang,0.5.16,PASS,,"python python/aisimulate/tools/support_matrix/generate_fpe_support_matrix.py --model ""Qwen/Qwen3-235B-A22B-FP8"" --system ""gb200"" --backend ""sglang"" --backend-version ""0.5.16"" --forward-model op_level --max-workers 8",silicon,540,135,"BUILD_FAILED=56, PASS=164, SDK_UNREPRESENTABLE=320","decode_end=5370.829212, decode_start=21.062994, mixed=56.424241, prefill=53.604454",26dae1f99b2b50fb17118f38d8a8e95dfac3357c
Qwen/Qwen3-235B-A22B-FP8,Qwen3MoeForCausalLM,gb200,sglang,0.5.9,PASS,,"python python/aisimulate/tools/support_matrix/generate_fpe_support_matrix.py --model ""Qwen/Qwen3-235B-A22B-FP8"" --system ""gb200"" --backend ""sglang"" --backend-version ""0.5.9"" --forward-model op_level --max-workers 8",silicon,540,135,"BUILD_FAILED=56, PASS=164, SDK_UNREPRESENTABLE=320","decode_end=6812.291455, decode_start=26.759043, mixed=52.923119, prefill=50.371466",26dae1f99b2b50fb17118f38d8a8e95dfac3357c
Qwen/Qwen3-235B-A22B-FP8,Qwen3MoeForCausalLM,gb200,trtllm,1.3.0rc10,FAIL,"Strict-native op-level FPE probes: BUILD_FAILED=24, PERF_DATA_MISSING=92; raw probes=116; topologies=29; source_sha=26dae1f99b2b50fb17118f38d8a8e95dfac3357c. Representative failure: Invalid quantized MoE configuration: (moe_intermediate_size=1536 / moe_tp_size=16) % weight_block_size=128 != 0.","python python/aisimulate/tools/support_matrix/generate_fpe_support_matrix.py --model ""Qwen/Qwen3-235B-A22B-FP8"" --system ""gb200"" --backend ""trtllm"" --backend-version ""1.3.0rc10"" --forward-model op_level --max-workers 8",,116,29,"BUILD_FAILED=24, PERF_DATA_MISSING=92",,26dae1f99b2b50fb17118f38d8a8e95dfac3357c
Qwen/Qwen3-235B-A22B-FP8,Qwen3MoeForCausalLM,gb200,trtllm,1.3.0rc15,FAIL,"Strict-native op-level FPE probes: BUILD_FAILED=24, PERF_DATA_MISSING=92; raw probes=116; topologies=29; source_sha=26dae1f99b2b50fb17118f38d8a8e95dfac3357c. Representative failure: Invalid quantized MoE configuration: (moe_intermediate_size=1536 / moe_tp_size=16) % weight_block_size=128 != 0.","python python/aisimulate/tools/support_matrix/generate_fpe_support_matrix.py --model ""Qwen/Qwen3-235B-A22B-FP8"" --system ""gb200"" --backend ""trtllm"" --backend-version ""1.3.0rc15"" --forward-model op_level --max-workers 8",,116,29,"BUILD_FAILED=24, PERF_DATA_MISSING=92",,26dae1f99b2b50fb17118f38d8a8e95dfac3357c
Qwen/Qwen3-235B-A22B-FP8,Qwen3MoeForCausalLM,gb200,trtllm,1.3.0rc17,FAIL,"Strict-native op-level FPE probes: BUILD_FAILED=24, PERF_DATA_MISSING=92; raw probes=116; topologies=29; source_sha=26dae1f99b2b50fb17118f38d8a8e95dfac3357c. Representative failure: Invalid quantized MoE configuration: (moe_intermediate_size=1536 / moe_tp_size=16) % weight_block_size=128 != 0.","python python/aisimulate/tools/support_matrix/generate_fpe_support_matrix.py --model ""Qwen/Qwen3-235B-A22B-FP8"" --system ""gb200"" --backend ""trtllm"" --backend-version ""1.3.0rc17"" --forward-model op_level --max-workers 8",,116,29,"BUILD_FAILED=24, PERF_DATA_MISSING=92",,26dae1f99b2b50fb17118f38d8a8e95dfac3357c
Qwen/Qwen3-235B-A22B-FP8,Qwen3MoeForCausalLM,gb200,trtllm,1.3.0rc20,PASS,,"python python/aisimulate/tools/support_matrix/generate_fpe_support_matrix.py --model ""Qwen/Qwen3-235B-A22B-FP8"" --system ""gb200"" --backend ""trtllm"" --backend-version ""1.3.0rc20"" --forward-model op_level --max-workers 8",silicon,116,29,"BUILD_FAILED=24, PASS=92","decode_end=6043.503933, decode_start=23.626564, mixed=53.101789, prefill=51.682688",26dae1f99b2b50fb17118f38d8a8e95dfac3357c
Qwen/Qwen3-235B-A22B-FP8,Qwen3MoeForCausalLM,gb200,trtllm,1.3.0rc23,PASS,,"python python/aisimulate/tools/support_matrix/generate_fpe_support_matrix.py --model ""Qwen/Qwen3-235B-A22B-FP8"" --system ""gb200"" --backend ""trtllm"" --backend-version ""1.3.0rc23"" --forward-model op_level --max-workers 8",silicon,116,29,"BUILD_FAILED=24, PASS=92","decode_end=6043.503933, decode_start=23.626564, mixed=53.101789, prefill=51.682688",26dae1f99b2b50fb17118f38d8a8e95dfac3357c
Qwen/Qwen3-235B-A22B-FP8,Qwen3MoeForCausalLM,gb200,vllm,0.1.dev19262,FAIL,"Strict-native op-level FPE probes: BUILD_FAILED=36, PERF_DATA_MISSING=80; raw probes=116; topologies=29; source_sha=26dae1f99b2b50fb17118f38d8a8e95dfac3357c. Representative failure: Invalid quantized MoE configuration: (moe_intermediate_size=1536 / moe_tp_size=16) % weight_block_size=128 != 0.","python python/aisimulate/tools/support_matrix/generate_fpe_support_matrix.py --model ""Qwen/Qwen3-235B-A22B-FP8"" --system ""gb200"" --backend ""vllm"" --backend-version ""0.1.dev19262"" --forward-model op_level --max-workers 8",,116,29,"BUILD_FAILED=36, PERF_DATA_MISSING=80",,26dae1f99b2b50fb17118f38d8a8e95dfac3357c
Qwen/Qwen3-235B-A22B-FP8,Qwen3MoeForCausalLM,gb200,vllm,0.14.0,PASS,,"python python/aisimulate/tools/support_matrix/generate_fpe_support_matrix.py --model ""Qwen/Qwen3-235B-A22B-FP8"" --system ""gb200"" --backend ""vllm"" --backend-version ""0.14.0"" --forward-model op_level --max-workers 8",silicon,116,29,"BUILD_FAILED=36, PASS=80","decode_end=20995.340531, decode_start=82.332803, mixed=121.632078, prefill=117.218954",26dae1f99b2b50fb17118f38d8a8e95dfac3357c
Qwen/Qwen3-235B-A22B-FP8,Qwen3MoeForCausalLM,gb200,vllm,0.19.0,PASS,,"python python/aisimulate/tools/support_matrix/generate_fpe_support_matrix.py --model ""Qwen/Qwen3-235B-A22B-FP8"" --system ""gb200"" --backend ""vllm"" --backend-version ""0.19.0"" --forward-model op_level --max-workers 8",silicon,116,29,"BUILD_FAILED=36, PASS=80","decode_end=5679.602674, decode_start=22.269299, mixed=75.321793, prefill=73.840822",26dae1f99b2b50fb17118f38d8a8e95dfac3357c
Qwen/Qwen3-235B-A22B-FP8,Qwen3MoeForCausalLM,gb200,vllm,0.22.0,PASS,,"python python/aisimulate/tools/support_matrix/generate_fpe_support_matrix.py --model ""Qwen/Qwen3-235B-A22B-FP8"" --system ""gb200"" --backend ""vllm"" --backend-version ""0.22.0"" --forward-model op_level --max-workers 8",silicon,116,29,"BUILD_FAILED=36, PASS=80","decode_end=19056.909333, decode_start=74.750604, mixed=121.592446, prefill=100.794183",26dae1f99b2b50fb17118f38d8a8e95dfac3357c
Qwen/Qwen3-235B-A22B-FP8,Qwen3MoeForCausalLM,gb200,vllm,0.24.0,PASS,,"python python/aisimulate/tools/support_matrix/generate_fpe_support_matrix.py --model ""Qwen/Qwen3-235B-A22B-FP8"" --system ""gb200"" --backend ""vllm"" --backend-version ""0.24.0"" --forward-model op_level --max-workers 8",silicon,116,29,"BUILD_FAILED=36, PASS=80","decode_end=19889.020009, decode_start=78.013783, mixed=123.065810, prefill=103.679186",26dae1f99b2b50fb17118f38d8a8e95dfac3357c
Qwen/Qwen3-30B-A3B,Qwen3MoeForCausalLM,gb200,sglang,0.5.10,PASS,,"python python/aisimulate/tools/support_matrix/generate_fpe_support_matrix.py --model ""Qwen/Qwen3-30B-A3B"" --system ""gb200"" --backend ""sglang"" --backend-version ""0.5.10"" --forward-model op_level --max-workers 8",silicon,540,135,"PASS=164, PERF_DATA_MISSING=56, SDK_UNREPRESENTABLE=320","decode_end=1722.584157, decode_start=6.756196, mixed=15.531100, prefill=14.927154",26dae1f99b2b50fb17118f38d8a8e95dfac3357c
Qwen/Qwen3-30B-A3B,Qwen3MoeForCausalLM,gb200,sglang,0.5.12,PASS,,"python python/aisimulate/tools/support_matrix/generate_fpe_support_matrix.py --model ""Qwen/Qwen3-30B-A3B"" --system ""gb200"" --backend ""sglang"" --backend-version ""0.5.12"" --forward-model op_level --max-workers 8",silicon,540,135,"PASS=220, SDK_UNREPRESENTABLE=320","decode_end=1237.472087, decode_start=4.853815, mixed=12.874050, prefill=12.312055",26dae1f99b2b50fb17118f38d8a8e95dfac3357c
Qwen/Qwen3-30B-A3B,Qwen3MoeForCausalLM,gb200,sglang,0.5.14,PASS,,"python python/aisimulate/tools/support_matrix/generate_fpe_support_matrix.py --model ""Qwen/Qwen3-30B-A3B"" --system ""gb200"" --backend ""sglang"" --backend-version ""0.5.14"" --forward-model op_level --max-workers 8",silicon,540,135,"PASS=220, SDK_UNREPRESENTABLE=320","decode_end=1237.472087, decode_start=4.853815, mixed=12.874050, prefill=12.312055",26dae1f99b2b50fb17118f38d8a8e95dfac3357c
Qwen/Qwen3-30B-A3B,Qwen3MoeForCausalLM,gb200,sglang,0.5.16,PASS,,"python python/aisimulate/tools/support_matrix/generate_fpe_support_matrix.py --model ""Qwen/Qwen3-30B-A3B"" --system ""gb200"" --backend ""sglang"" --backend-version ""0.5.16"" --forward-model op_level --max-workers 8",silicon,540,135,"PASS=220, SDK_UNREPRESENTABLE=320","decode_end=1237.472087, decode_start=4.853815, mixed=12.874050, prefill=12.312055",26dae1f99b2b50fb17118f38d8a8e95dfac3357c
Qwen/Qwen3-30B-A3B,Qwen3MoeForCausalLM,gb200,sglang,0.5.9,PASS,,"python python/aisimulate/tools/support_matrix/generate_fpe_support_matrix.py --model ""Qwen/Qwen3-30B-A3B"" --system ""gb200"" --backend ""sglang"" --backend-version ""0.5.9"" --forward-model op_level --max-workers 8",silicon,540,135,"PASS=164, PERF_DATA_MISSING=56, SDK_UNREPRESENTABLE=320","decode_end=1675.221604, decode_start=6.568980, mixed=15.463642, prefill=14.956293",26dae1f99b2b50fb17118f38d8a8e95dfac3357c
Qwen/Qwen3-30B-A3B,Qwen3MoeForCausalLM,gb200,trtllm,1.3.0rc10,PASS,,"python python/aisimulate/tools/support_matrix/generate_fpe_support_matrix.py --model ""Qwen/Qwen3-30B-A3B"" --system ""gb200"" --backend ""trtllm"" --backend-version ""1.3.0rc10"" --forward-model op_level --max-workers 8",silicon,116,29,"PASS=92, PERF_DATA_MISSING=24","decode_end=1570.650831, decode_start=6.033796, mixed=14.616011, prefill=13.506885",26dae1f99b2b50fb17118f38d8a8e95dfac3357c
Qwen/Qwen3-30B-A3B,Qwen3MoeForCausalLM,gb200,trtllm,1.3.0rc15,PASS,,"python python/aisimulate/tools/support_matrix/generate_fpe_support_matrix.py --model ""Qwen/Qwen3-30B-A3B"" --system ""gb200"" --backend ""trtllm"" --backend-version ""1.3.0rc15"" --forward-model op_level --max-workers 8",silicon,116,29,"PASS=92, PERF_DATA_MISSING=24","decode_end=1570.650831, decode_start=6.033796, mixed=14.616011, prefill=13.506885",26dae1f99b2b50fb17118f38d8a8e95dfac3357c
Qwen/Qwen3-30B-A3B,Qwen3MoeForCausalLM,gb200,trtllm,1.3.0rc17,PASS,,"python python/aisimulate/tools/support_matrix/generate_fpe_support_matrix.py --model ""Qwen/Qwen3-30B-A3B"" --system ""gb200"" --backend ""trtllm"" --backend-version ""1.3.0rc17"" --forward-model op_level --max-workers 8",silicon,116,29,"PASS=92, PERF_DATA_MISSING=24","decode_end=1432.397068, decode_start=5.580459, mixed=14.036128, prefill=13.441285",26dae1f99b2b50fb17118f38d8a8e95dfac3357c
Qwen/Qwen3-30B-A3B,Qwen3MoeForCausalLM,gb200,trtllm,1.3.0rc20,PASS,,"python python/aisimulate/tools/support_matrix/generate_fpe_support_matrix.py --model ""Qwen/Qwen3-30B-A3B"" --system ""gb200"" --backend ""trtllm"" --backend-version ""1.3.0rc20"" --forward-model op_level --max-workers 8",silicon,116,29,PASS=116,"decode_end=1506.590897, decode_start=5.895724, mixed=14.027954, prefill=13.377732",26dae1f99b2b50fb17118f38d8a8e95dfac3357c
Qwen/Qwen3-30B-A3B,Qwen3MoeForCausalLM,gb200,trtllm,1.3.0rc23,PASS,,"python python/aisimulate/tools/support_matrix/generate_fpe_support_matrix.py --model ""Qwen/Qwen3-30B-A3B"" --system ""gb200"" --backend ""trtllm"" --backend-version ""1.3.0rc23"" --forward-model op_level --max-workers 8",silicon,116,29,PASS=116,"decode_end=1506.590897, decode_start=5.895724, mixed=14.027954, prefill=13.377732",26dae1f99b2b50fb17118f38d8a8e95dfac3357c
Qwen/Qwen3-30B-A3B,Qwen3MoeForCausalLM,gb200,vllm,0.1.dev19262,FAIL,Strict-native op-level FPE probes: PERF_DATA_MISSING=116; raw probes=116; topologies=29; source_sha=26dae1f99b2b50fb17118f38d8a8e95dfac3357c. Representative failure: perf database error: perf database error: no GEMM rows loaded from 1 source(s) (first: <repo>/python/aisimulate/src/aiconfigurator_core/systems/data/gb200/vllm/0.1.dev19262/gemm_perf.parquet),"python python/aisimulate/tools/support_matrix/generate_fpe_support_matrix.py --model ""Qwen/Qwen3-30B-A3B"" --system ""gb200"" --backend ""vllm"" --backend-version ""0.1.dev19262"" --forward-model op_level --max-workers 8",,116,29,PERF_DATA_MISSING=116,,26dae1f99b2b50fb17118f38d8a8e95dfac3357c
Qwen/Qwen3-30B-A3B,Qwen3MoeForCausalLM,gb200,vllm,0.14.0,PASS,,"python python/aisimulate/tools/support_matrix/generate_fpe_support_matrix.py --model ""Qwen/Qwen3-30B-A3B"" --system ""gb200"" --backend ""vllm"" --backend-version ""0.14.0"" --forward-model op_level --max-workers 8",silicon,116,29,"PASS=80, PERF_DATA_MISSING=36","decode_end=1738.265781, decode_start=6.777728, mixed=15.751879, prefill=15.175940",26dae1f99b2b50fb17118f38d8a8e95dfac3357c
Qwen/Qwen3-30B-A3B,Qwen3MoeForCausalLM,gb200,vllm,0.19.0,PASS,,"python python/aisimulate/tools/support_matrix/generate_fpe_support_matrix.py --model ""Qwen/Qwen3-30B-A3B"" --system ""gb200"" --backend ""vllm"" --backend-version ""0.19.0"" --forward-model op_level --max-workers 8",silicon,116,29,"PASS=80, PERF_DATA_MISSING=36","decode_end=1513.546673, decode_start=5.926383, mixed=14.789595, prefill=14.331417",26dae1f99b2b50fb17118f38d8a8e95dfac3357c
Qwen/Qwen3-30B-A3B,Qwen3MoeForCausalLM,gb200,vllm,0.22.0,PASS,,"python python/aisimulate/tools/support_matrix/generate_fpe_support_matrix.py --model ""Qwen/Qwen3-30B-A3B"" --system ""gb200"" --backend ""vllm"" --backend-version ""0.22.0"" --forward-model op_level --max-workers 8",silicon,116,29,"PASS=80, PERF_DATA_MISSING=36","decode_end=1244.466414, decode_start=4.876760, mixed=12.948215, prefill=12.485580",26dae1f99b2b50fb17118f38d8a8e95dfac3357c
Qwen/Qwen3-30B-A3B,Qwen3MoeForCausalLM,gb200,vllm,0.24.0,PASS,,"python python/aisimulate/tools/support_matrix/generate_fpe_support_matrix.py --model ""Qwen/Qwen3-30B-A3B"" --system ""gb200"" --backend ""vllm"" --backend-version ""0.24.0"" --forward-model op_level --max-workers 8",silicon,116,29,"PASS=80, PERF_DATA_MISSING=36","decode_end=1327.414386, decode_start=5.205821, mixed=13.229064, prefill=12.658594",26dae1f99b2b50fb17118f38d8a8e95dfac3357c
Qwen/Qwen3-30B-A3B-FP8,Qwen3MoeForCausalLM,gb200,sglang,0.5.10,PASS,,"python python/aisimulate/tools/support_matrix/generate_fpe_support_matrix.py --model ""Qwen/Qwen3-30B-A3B-FP8"" --system ""gb200"" --backend ""sglang"" --backend-version ""0.5.10"" --forward-model op_level --max-workers 8",silicon,540,135,"BUILD_FAILED=104, PASS=116, SDK_UNREPRESENTABLE=320","decode_end=2025.269286, decode_start=7.942396, mixed=13.411644, prefill=12.879247",26dae1f99b2b50fb17118f38d8a8e95dfac3357c
Qwen/Qwen3-30B-A3B-FP8,Qwen3MoeForCausalLM,gb200,sglang,0.5.12,PASS,,"python python/aisimulate/tools/support_matrix/generate_fpe_support_matrix.py --model ""Qwen/Qwen3-30B-A3B-FP8"" --system ""gb200"" --backend ""sglang"" --backend-version ""0.5.12"" --forward-model op_level --max-workers 8",silicon,540,135,"BUILD_FAILED=104, PASS=116, SDK_UNREPRESENTABLE=320","decode_end=1390.568581, decode_start=5.493642, mixed=11.981074, prefill=11.071279",26dae1f99b2b50fb17118f38d8a8e95dfac3357c
Qwen/Qwen3-30B-A3B-FP8,Qwen3MoeForCausalLM,gb200,sglang,0.5.14,PASS,,"python python/aisimulate/tools/support_matrix/generate_fpe_support_matrix.py --model ""Qwen/Qwen3-30B-A3B-FP8"" --system ""gb200"" --backend ""sglang"" --backend-version ""0.5.14"" --forward-model op_level --max-workers 8",silicon,540,135,"BUILD_FAILED=104, PASS=116, SDK_UNREPRESENTABLE=320","decode_end=1390.568581, decode_start=5.493642, mixed=11.981074, prefill=11.071279",26dae1f99b2b50fb17118f38d8a8e95dfac3357c
Qwen/Qwen3-30B-A3B-FP8,Qwen3MoeForCausalLM,gb200,sglang,0.5.16,PASS,,"python python/aisimulate/tools/support_matrix/generate_fpe_support_matrix.py --model ""Qwen/Qwen3-30B-A3B-FP8"" --system ""gb200"" --backend ""sglang"" --backend-version ""0.5.16"" --forward-model op_level --max-workers 8",silicon,540,135,"BUILD_FAILED=104, PASS=116, SDK_UNREPRESENTABLE=320","decode_end=1390.568581, decode_start=5.493642, mixed=11.981074, prefill=11.071279",26dae1f99b2b50fb17118f38d8a8e95dfac3357c
Qwen/Qwen3-30B-A3B-FP8,Qwen3MoeForCausalLM,gb200,sglang,0.5.9,PASS,,"python python/aisimulate/tools/support_matrix/generate_fpe_support_matrix.py --model ""Qwen/Qwen3-30B-A3B-FP8"" --system ""gb200"" --backend ""sglang"" --backend-version ""0.5.9"" --forward-model op_level --max-workers 8",silicon,540,135,"BUILD_FAILED=104, PASS=116, SDK_UNREPRESENTABLE=320","decode_end=1740.238009, decode_start=6.824789, mixed=12.383211, prefill=11.713994",26dae1f99b2b50fb17118f38d8a8e95dfac3357c
Qwen/Qwen3-30B-A3B-FP8,Qwen3MoeForCausalLM,gb200,trtllm,1.3.0rc10,FAIL,"Strict-native op-level FPE probes: BUILD_FAILED=48, PERF_DATA_MISSING=68; raw probes=116; topologies=29; source_sha=26dae1f99b2b50fb17118f38d8a8e95dfac3357c. Representative failure: Invalid quantized MoE configuration: (moe_intermediate_size=768 / moe_tp_size=16) % weight_block_size=128 != 0.","python python/aisimulate/tools/support_matrix/generate_fpe_support_matrix.py --model ""Qwen/Qwen3-30B-A3B-FP8"" --system ""gb200"" --backend ""trtllm"" --backend-version ""1.3.0rc10"" --forward-model op_level --max-workers 8",,116,29,"BUILD_FAILED=48, PERF_DATA_MISSING=68",,26dae1f99b2b50fb17118f38d8a8e95dfac3357c
Qwen/Qwen3-30B-A3B-FP8,Qwen3MoeForCausalLM,gb200,trtllm,1.3.0rc15,FAIL,"Strict-native op-level FPE probes: BUILD_FAILED=48, PERF_DATA_MISSING=68; raw probes=116; topologies=29; source_sha=26dae1f99b2b50fb17118f38d8a8e95dfac3357c. Representative failure: Invalid quantized MoE configuration: (moe_intermediate_size=768 / moe_tp_size=16) % weight_block_size=128 != 0.","python python/aisimulate/tools/support_matrix/generate_fpe_support_matrix.py --model ""Qwen/Qwen3-30B-A3B-FP8"" --system ""gb200"" --backend ""trtllm"" --backend-version ""1.3.0rc15"" --forward-model op_level --max-workers 8",,116,29,"BUILD_FAILED=48, PERF_DATA_MISSING=68",,26dae1f99b2b50fb17118f38d8a8e95dfac3357c
Qwen/Qwen3-30B-A3B-FP8,Qwen3MoeForCausalLM,gb200,trtllm,1.3.0rc17,FAIL,"Strict-native op-level FPE probes: BUILD_FAILED=48, PERF_DATA_MISSING=68; raw probes=116; topologies=29; source_sha=26dae1f99b2b50fb17118f38d8a8e95dfac3357c. Representative failure: Invalid quantized MoE configuration: (moe_intermediate_size=768 / moe_tp_size=16) % weight_block_size=128 != 0.","python python/aisimulate/tools/support_matrix/generate_fpe_support_matrix.py --model ""Qwen/Qwen3-30B-A3B-FP8"" --system ""gb200"" --backend ""trtllm"" --backend-version ""1.3.0rc17"" --forward-model op_level --max-workers 8",,116,29,"BUILD_FAILED=48, PERF_DATA_MISSING=68",,26dae1f99b2b50fb17118f38d8a8e95dfac3357c
Qwen/Qwen3-30B-A3B-FP8,Qwen3MoeForCausalLM,gb200,trtllm,1.3.0rc20,PASS,,"python python/aisimulate/tools/support_matrix/generate_fpe_support_matrix.py --model ""Qwen/Qwen3-30B-A3B-FP8"" --system ""gb200"" --backend ""trtllm"" --backend-version ""1.3.0rc20"" --forward-model op_level --max-workers 8",silicon,116,29,"BUILD_FAILED=48, PASS=68","decode_end=1672.299669, decode_start=6.566906, mixed=12.783310, prefill=12.243580",26dae1f99b2b50fb17118f38d8a8e95dfac3357c
Qwen/Qwen3-30B-A3B-FP8,Qwen3MoeForCausalLM,gb200,trtllm,1.3.0rc23,PASS,,"python python/aisimulate/tools/support_matrix/generate_fpe_support_matrix.py --model ""Qwen/Qwen3-30B-A3B-FP8"" --system ""gb200"" --backend ""trtllm"" --backend-version ""1.3.0rc23"" --forward-model op_level --max-workers 8",silicon,116,29,"BUILD_FAILED=48, PASS=68","decode_end=1672.299669, decode_start=6.566906, mixed=12.783310, prefill=12.243580",26dae1f99b2b50fb17118f38d8a8e95dfac3357c
Qwen/Qwen3-30B-A3B-FP8,Qwen3MoeForCausalLM,gb200,vllm,0.1.dev19262,FAIL,"Strict-native op-level FPE probes: BUILD_FAILED=48, PERF_DATA_MISSING=68; raw probes=116; topologies=29; source_sha=26dae1f99b2b50fb17118f38d8a8e95dfac3357c. Representative failure: Invalid quantized MoE configuration: (moe_intermediate_size=768 / moe_tp_size=16) % weight_block_size=128 != 0.","python python/aisimulate/tools/support_matrix/generate_fpe_support_matrix.py --model ""Qwen/Qwen3-30B-A3B-FP8"" --system ""gb200"" --backend ""vllm"" --backend-version ""0.1.dev19262"" --forward-model op_level --max-workers 8",,116,29,"BUILD_FAILED=48, PERF_DATA_MISSING=68",,26dae1f99b2b50fb17118f38d8a8e95dfac3357c
Qwen/Qwen3-30B-A3B-FP8,Qwen3MoeForCausalLM,gb200,vllm,0.14.0,PASS,,"python python/aisimulate/tools/support_matrix/generate_fpe_support_matrix.py --model ""Qwen/Qwen3-30B-A3B-FP8"" --system ""gb200"" --backend ""vllm"" --backend-version ""0.14.0"" --forward-model op_level --max-workers 8",silicon,116,29,"BUILD_FAILED=48, PASS=68","decode_end=8956.470601, decode_start=35.121681, mixed=41.492863, prefill=41.001319",26dae1f99b2b50fb17118f38d8a8e95dfac3357c
Qwen/Qwen3-30B-A3B-FP8,Qwen3MoeForCausalLM,gb200,vllm,0.19.0,PASS,,"python python/aisimulate/tools/support_matrix/generate_fpe_support_matrix.py --model ""Qwen/Qwen3-30B-A3B-FP8"" --system ""gb200"" --backend ""vllm"" --backend-version ""0.19.0"" --forward-model op_level --max-workers 8",silicon,116,29,"BUILD_FAILED=48, PASS=68","decode_end=1442.243719, decode_start=5.627668, mixed=11.780753, prefill=11.304235",26dae1f99b2b50fb17118f38d8a8e95dfac3357c
Qwen/Qwen3-30B-A3B-FP8,Qwen3MoeForCausalLM,gb200,vllm,0.22.0,PASS,,"python python/aisimulate/tools/support_matrix/generate_fpe_support_matrix.py --model ""Qwen/Qwen3-30B-A3B-FP8"" --system ""gb200"" --backend ""vllm"" --backend-version ""0.22.0"" --forward-model op_level --max-workers 8",silicon,116,29,"BUILD_FAILED=48, PASS=68","decode_end=7217.901225, decode_start=28.267903, mixed=47.386955, prefill=35.105731",26dae1f99b2b50fb17118f38d8a8e95dfac3357c
Qwen/Qwen3-30B-A3B-FP8,Qwen3MoeForCausalLM,gb200,vllm,0.24.0,PASS,,"python python/aisimulate/tools/support_matrix/generate_fpe_support_matrix.py --model ""Qwen/Qwen3-30B-A3B-FP8"" --system ""gb200"" --backend ""vllm"" --backend-version ""0.24.0"" --forward-model op_level --max-workers 8",silicon,116,29,"BUILD_FAILED=48, PASS=68","decode_end=8350.275777, decode_start=32.739241, mixed=46.993447, prefill=37.493060",26dae1f99b2b50fb17118f38d8a8e95dfac3357c
Qwen/Qwen3-32B,Qwen3ForCausalLM,gb200,sglang,0.5.10,PASS,,"python python/aisimulate/tools/support_matrix/generate_fpe_support_matrix.py --model ""Qwen/Qwen3-32B"" --system ""gb200"" --backend ""sglang"" --backend-version ""0.5.10"" --forward-model op_level --max-workers 8",silicon,56,14,"PASS=20, SDK_UNREPRESENTABLE=36","decode_end=3140.210326, decode_start=12.337870, mixed=18.339207, prefill=15.775244",26dae1f99b2b50fb17118f38d8a8e95dfac3357c
Qwen/Qwen3-32B,Qwen3ForCausalLM,gb200,sglang,0.5.12,PASS,,"python python/aisimulate/tools/support_matrix/generate_fpe_support_matrix.py --model ""Qwen/Qwen3-32B"" --system ""gb200"" --backend ""sglang"" --backend-version ""0.5.12"" --forward-model op_level --max-workers 8",silicon,56,14,"PASS=20, SDK_UNREPRESENTABLE=36","decode_end=3183.761971, decode_start=12.486958, mixed=18.354198, prefill=15.766033",26dae1f99b2b50fb17118f38d8a8e95dfac3357c
Qwen/Qwen3-32B,Qwen3ForCausalLM,gb200,sglang,0.5.14,PASS,,"python python/aisimulate/tools/support_matrix/generate_fpe_support_matrix.py --model ""Qwen/Qwen3-32B"" --system ""gb200"" --backend ""sglang"" --backend-version ""0.5.14"" --forward-model op_level --max-workers 8",silicon,56,14,"PASS=20, SDK_UNREPRESENTABLE=36","decode_end=3183.761971, decode_start=12.486958, mixed=18.354198, prefill=15.766033",26dae1f99b2b50fb17118f38d8a8e95dfac3357c
Qwen/Qwen3-32B,Qwen3ForCausalLM,gb200,sglang,0.5.16,PASS,,"python python/aisimulate/tools/support_matrix/generate_fpe_support_matrix.py --model ""Qwen/Qwen3-32B"" --system ""gb200"" --backend ""sglang"" --backend-version ""0.5.16"" --forward-model op_level --max-workers 8",silicon,56,14,"PASS=20, SDK_UNREPRESENTABLE=36","decode_end=3183.761971, decode_start=12.486958, mixed=18.354198, prefill=15.766033",26dae1f99b2b50fb17118f38d8a8e95dfac3357c
Qwen/Qwen3-32B,Qwen3ForCausalLM,gb200,sglang,0.5.9,PASS,,"python python/aisimulate/tools/support_matrix/generate_fpe_support_matrix.py --model ""Qwen/Qwen3-32B"" --system ""gb200"" --backend ""sglang"" --backend-version ""0.5.9"" --forward-model op_level --max-workers 8",silicon,56,14,"PASS=20, SDK_UNREPRESENTABLE=36","decode_end=3170.520609, decode_start=12.413603, mixed=18.793984, prefill=15.783906",26dae1f99b2b50fb17118f38d8a8e95dfac3357c
Qwen/Qwen3-32B,Qwen3ForCausalLM,gb200,trtllm,1.3.0rc10,PASS,,"python python/aisimulate/tools/support_matrix/generate_fpe_support_matrix.py --model ""Qwen/Qwen3-32B"" --system ""gb200"" --backend ""trtllm"" --backend-version ""1.3.0rc10"" --forward-model op_level --max-workers 8",silicon,20,5,PASS=20,"decode_end=3561.922001, decode_start=13.680056, mixed=20.059589, prefill=16.854421",26dae1f99b2b50fb17118f38d8a8e95dfac3357c
Qwen/Qwen3-32B,Qwen3ForCausalLM,gb200,trtllm,1.3.0rc15,PASS,,"python python/aisimulate/tools/support_matrix/generate_fpe_support_matrix.py --model ""Qwen/Qwen3-32B"" --system ""gb200"" --backend ""trtllm"" --backend-version ""1.3.0rc15"" --forward-model op_level --max-workers 8",silicon,20,5,PASS=20,"decode_end=3561.922001, decode_start=13.680056, mixed=20.059589, prefill=16.854421",26dae1f99b2b50fb17118f38d8a8e95dfac3357c
Qwen/Qwen3-32B,Qwen3ForCausalLM,gb200,trtllm,1.3.0rc17,PASS,,"python python/aisimulate/tools/support_matrix/generate_fpe_support_matrix.py --model ""Qwen/Qwen3-32B"" --system ""gb200"" --backend ""trtllm"" --backend-version ""1.3.0rc17"" --forward-model op_level --max-workers 8",silicon,20,5,PASS=20,"decode_end=3307.098005, decode_start=12.968717, mixed=19.392821, prefill=17.166103",26dae1f99b2b50fb17118f38d8a8e95dfac3357c
Qwen/Qwen3-32B,Qwen3ForCausalLM,gb200,trtllm,1.3.0rc20,PASS,,"python python/aisimulate/tools/support_matrix/generate_fpe_support_matrix.py --model ""Qwen/Qwen3-32B"" --system ""gb200"" --backend ""trtllm"" --backend-version ""1.3.0rc20"" --forward-model op_level --max-workers 8",silicon,20,5,PASS=20,"decode_end=3423.676764, decode_start=13.382222, mixed=19.330209, prefill=17.004590",26dae1f99b2b50fb17118f38d8a8e95dfac3357c
Qwen/Qwen3-32B,Qwen3ForCausalLM,gb200,trtllm,1.3.0rc23,PASS,,"python python/aisimulate/tools/support_matrix/generate_fpe_support_matrix.py --model ""Qwen/Qwen3-32B"" --system ""gb200"" --backend ""trtllm"" --backend-version ""1.3.0rc23"" --forward-model op_level --max-workers 8",silicon,20,5,PASS=20,"decode_end=3423.676764, decode_start=13.382222, mixed=19.330209, prefill=17.004590",26dae1f99b2b50fb17118f38d8a8e95dfac3357c
Qwen/Qwen3-32B,Qwen3ForCausalLM,gb200,vllm,0.1.dev19262,FAIL,Strict-native op-level FPE probes: PERF_DATA_MISSING=20; raw probes=20; topologies=5; source_sha=26dae1f99b2b50fb17118f38d8a8e95dfac3357c. Representative failure: perf database error: perf database error: no GEMM rows loaded from 1 source(s) (first: <repo>/python/aisimulate/src/aiconfigurator_core/systems/data/gb200/vllm/0.1.dev19262/gemm_perf.parquet),"python python/aisimulate/tools/support_matrix/generate_fpe_support_matrix.py --model ""Qwen/Qwen3-32B"" --system ""gb200"" --backend ""vllm"" --backend-version ""0.1.dev19262"" --forward-model op_level --max-workers 8",,20,5,PERF_DATA_MISSING=20,,26dae1f99b2b50fb17118f38d8a8e95dfac3357c
Qwen/Qwen3-32B,Qwen3ForCausalLM,gb200,vllm,0.14.0,PASS,,"python python/aisimulate/tools/support_matrix/generate_fpe_support_matrix.py --model ""Qwen/Qwen3-32B"" --system ""gb200"" --backend ""vllm"" --backend-version ""0.14.0"" --forward-model op_level --max-workers 8",silicon,20,5,PASS=20,"decode_end=3011.330301, decode_start=11.809268, mixed=17.322724, prefill=16.266498",26dae1f99b2b50fb17118f38d8a8e95dfac3357c
Qwen/Qwen3-32B,Qwen3ForCausalLM,gb200,vllm,0.19.0,PASS,,"python python/aisimulate/tools/support_matrix/generate_fpe_support_matrix.py --model ""Qwen/Qwen3-32B"" --system ""gb200"" --backend ""vllm"" --backend-version ""0.19.0"" --forward-model op_level --max-workers 8",silicon,20,5,PASS=20,"decode_end=3152.177768, decode_start=12.339441, mixed=18.081410, prefill=15.690143",26dae1f99b2b50fb17118f38d8a8e95dfac3357c
Qwen/Qwen3-32B,Qwen3ForCausalLM,gb200,vllm,0.22.0,PASS,,"python python/aisimulate/tools/support_matrix/generate_fpe_support_matrix.py --model ""Qwen/Qwen3-32B"" --system ""gb200"" --backend ""vllm"" --backend-version ""0.22.0"" --forward-model op_level --max-workers 8",silicon,20,5,PASS=20,"decode_end=3142.469430, decode_start=12.322941, mixed=18.112648, prefill=15.617439",26dae1f99b2b50fb17118f38d8a8e95dfac3357c
Qwen/Qwen3-32B,Qwen3ForCausalLM,gb200,vllm,0.24.0,PASS,,"python python/aisimulate/tools/support_matrix/generate_fpe_support_matrix.py --model ""Qwen/Qwen3-32B"" --system ""gb200"" --backend ""vllm"" --backend-version ""0.24.0"" --forward-model op_level --max-workers 8",silicon,20,5,PASS=20,"decode_end=3067.160664, decode_start=12.016980, mixed=18.301626, prefill=15.612768",26dae1f99b2b50fb17118f38d8a8e95dfac3357c
Qwen/Qwen3-32B-FP8,Qwen3ForCausalLM,gb200,sglang,0.5.10,PASS,,"python python/aisimulate/tools/support_matrix/generate_fpe_support_matrix.py --model ""Qwen/Qwen3-32B-FP8"" --system ""gb200"" --backend ""sglang"" --backend-version ""0.5.10"" --forward-model op_level --max-workers 8",silicon,56,14,"PASS=20, SDK_UNREPRESENTABLE=36","decode_end=4440.731850, decode_start=17.416961, mixed=20.511402, prefill=18.008971",26dae1f99b2b50fb17118f38d8a8e95dfac3357c
Qwen/Qwen3-32B-FP8,Qwen3ForCausalLM,gb200,sglang,0.5.12,PASS,,"python python/aisimulate/tools/support_matrix/generate_fpe_support_matrix.py --model ""Qwen/Qwen3-32B-FP8"" --system ""gb200"" --backend ""sglang"" --backend-version ""0.5.12"" --forward-model op_level --max-workers 8",silicon,56,14,"PASS=20, SDK_UNREPRESENTABLE=36","decode_end=3443.266321, decode_start=13.463779, mixed=19.068922, prefill=17.232016",26dae1f99b2b50fb17118f38d8a8e95dfac3357c
Qwen/Qwen3-32B-FP8,Qwen3ForCausalLM,gb200,sglang,0.5.14,PASS,,"python python/aisimulate/tools/support_matrix/generate_fpe_support_matrix.py --model ""Qwen/Qwen3-32B-FP8"" --system ""gb200"" --backend ""sglang"" --backend-version ""0.5.14"" --forward-model op_level --max-workers 8",silicon,56,14,"PASS=20, SDK_UNREPRESENTABLE=36","decode_end=3443.266321, decode_start=13.463779, mixed=19.068922, prefill=17.232016",26dae1f99b2b50fb17118f38d8a8e95dfac3357c
Qwen/Qwen3-32B-FP8,Qwen3ForCausalLM,gb200,sglang,0.5.16,PASS,,"python python/aisimulate/tools/support_matrix/generate_fpe_support_matrix.py --model ""Qwen/Qwen3-32B-FP8"" --system ""gb200"" --backend ""sglang"" --backend-version ""0.5.16"" --forward-model op_level --max-workers 8",silicon,56,14,"PASS=20, SDK_UNREPRESENTABLE=36","decode_end=3443.266321, decode_start=13.463779, mixed=19.068922, prefill=17.232016",26dae1f99b2b50fb17118f38d8a8e95dfac3357c
Qwen/Qwen3-32B-FP8,Qwen3ForCausalLM,gb200,sglang,0.5.9,PASS,,"python python/aisimulate/tools/support_matrix/generate_fpe_support_matrix.py --model ""Qwen/Qwen3-32B-FP8"" --system ""gb200"" --backend ""sglang"" --backend-version ""0.5.9"" --forward-model op_level --max-workers 8",silicon,56,14,"PASS=20, SDK_UNREPRESENTABLE=36","decode_end=4491.644790, decode_start=17.622025, mixed=21.062117, prefill=18.036660",26dae1f99b2b50fb17118f38d8a8e95dfac3357c
Qwen/Qwen3-32B-FP8,Qwen3ForCausalLM,gb200,trtllm,1.3.0rc10,PASS,,"python python/aisimulate/tools/support_matrix/generate_fpe_support_matrix.py --model ""Qwen/Qwen3-32B-FP8"" --system ""gb200"" --backend ""trtllm"" --backend-version ""1.3.0rc10"" --forward-model op_level --max-workers 8",silicon,20,5,PASS=20,"decode_end=2589.163478, decode_start=9.919293, mixed=19.864285, prefill=13.960162",26dae1f99b2b50fb17118f38d8a8e95dfac3357c
Qwen/Qwen3-32B-FP8,Qwen3ForCausalLM,gb200,trtllm,1.3.0rc15,PASS,,"python python/aisimulate/tools/support_matrix/generate_fpe_support_matrix.py --model ""Qwen/Qwen3-32B-FP8"" --system ""gb200"" --backend ""trtllm"" --backend-version ""1.3.0rc15"" --forward-model op_level --max-workers 8",silicon,20,5,PASS=20,"decode_end=2589.163478, decode_start=9.919293, mixed=19.864285, prefill=13.960162",26dae1f99b2b50fb17118f38d8a8e95dfac3357c
Qwen/Qwen3-32B-FP8,Qwen3ForCausalLM,gb200,trtllm,1.3.0rc17,PASS,,"python python/aisimulate/tools/support_matrix/generate_fpe_support_matrix.py --model ""Qwen/Qwen3-32B-FP8"" --system ""gb200"" --backend ""trtllm"" --backend-version ""1.3.0rc17"" --forward-model op_level --max-workers 8",silicon,20,5,PASS=20,"decode_end=2366.619767, decode_start=9.280625, mixed=17.276480, prefill=14.010014",26dae1f99b2b50fb17118f38d8a8e95dfac3357c
Qwen/Qwen3-32B-FP8,Qwen3ForCausalLM,gb200,trtllm,1.3.0rc20,PASS,,"python python/aisimulate/tools/support_matrix/generate_fpe_support_matrix.py --model ""Qwen/Qwen3-32B-FP8"" --system ""gb200"" --backend ""trtllm"" --backend-version ""1.3.0rc20"" --forward-model op_level --max-workers 8",silicon,20,5,PASS=20,"decode_end=2181.130258, decode_start=8.529356, mixed=13.842773, prefill=12.892842",26dae1f99b2b50fb17118f38d8a8e95dfac3357c
Qwen/Qwen3-32B-FP8,Qwen3ForCausalLM,gb200,trtllm,1.3.0rc23,PASS,,"python python/aisimulate/tools/support_matrix/generate_fpe_support_matrix.py --model ""Qwen/Qwen3-32B-FP8"" --system ""gb200"" --backend ""trtllm"" --backend-version ""1.3.0rc23"" --forward-model op_level --max-workers 8",silicon,20,5,PASS=20,"decode_end=2181.130258, decode_start=8.529356, mixed=13.842773, prefill=12.892842",26dae1f99b2b50fb17118f38d8a8e95dfac3357c
Qwen/Qwen3-32B-FP8,Qwen3ForCausalLM,gb200,vllm,0.1.dev19262,FAIL,Strict-native op-level FPE probes: PERF_DATA_MISSING=20; raw probes=20; topologies=5; source_sha=26dae1f99b2b50fb17118f38d8a8e95dfac3357c. Representative failure: perf database error: perf database error: no GEMM rows loaded from 1 source(s) (first: <repo>/python/aisimulate/src/aiconfigurator_core/systems/data/gb200/vllm/0.1.dev19262/gemm_perf.parquet),"python python/aisimulate/tools/support_matrix/generate_fpe_support_matrix.py --model ""Qwen/Qwen3-32B-FP8"" --system ""gb200"" --backend ""vllm"" --backend-version ""0.1.dev19262"" --forward-model op_level --max-workers 8",,20,5,PERF_DATA_MISSING=20,,26dae1f99b2b50fb17118f38d8a8e95dfac3357c
Qwen/Qwen3-32B-FP8,Qwen3ForCausalLM,gb200,vllm,0.14.0,PASS,,"python python/aisimulate/tools/support_matrix/generate_fpe_support_matrix.py --model ""Qwen/Qwen3-32B-FP8"" --system ""gb200"" --backend ""vllm"" --backend-version ""0.14.0"" --forward-model op_level --max-workers 8",silicon,20,5,PASS=20,"decode_end=22752.281168, decode_start=89.214190, mixed=90.225704, prefill=89.644398",26dae1f99b2b50fb17118f38d8a8e95dfac3357c
Qwen/Qwen3-32B-FP8,Qwen3ForCausalLM,gb200,vllm,0.19.0,PASS,,"python python/aisimulate/tools/support_matrix/generate_fpe_support_matrix.py --model ""Qwen/Qwen3-32B-FP8"" --system ""gb200"" --backend ""vllm"" --backend-version ""0.19.0"" --forward-model op_level --max-workers 8",silicon,20,5,PASS=20,"decode_end=2720.172010, decode_start=10.618713, mixed=17.374923, prefill=16.588573",26dae1f99b2b50fb17118f38d8a8e95dfac3357c
Qwen/Qwen3-32B-FP8,Qwen3ForCausalLM,gb200,vllm,0.22.0,PASS,,"python python/aisimulate/tools/support_matrix/generate_fpe_support_matrix.py --model ""Qwen/Qwen3-32B-FP8"" --system ""gb200"" --backend ""vllm"" --backend-version ""0.22.0"" --forward-model op_level --max-workers 8",silicon,20,5,PASS=20,"decode_end=20942.197611, decode_start=82.077832, mixed=118.099372, prefill=84.263061",26dae1f99b2b50fb17118f38d8a8e95dfac3357c
Qwen/Qwen3-32B-FP8,Qwen3ForCausalLM,gb200,vllm,0.24.0,PASS,,"python python/aisimulate/tools/support_matrix/generate_fpe_support_matrix.py --model ""Qwen/Qwen3-32B-FP8"" --system ""gb200"" --backend ""vllm"" --backend-version ""0.24.0"" --forward-model op_level --max-workers 8",silicon,20,5,PASS=20,"decode_end=23530.292509, decode_start=92.277438, mixed=116.201449, prefill=91.183449",26dae1f99b2b50fb17118f38d8a8e95dfac3357c
Qwen/Qwen3-32B-FP8-Static-PerTensor,Qwen3ForCausalLM,gb200,sglang,0.5.10,FAIL,"Strict-native op-level FPE probes: PERF_DATA_MISSING=20, SDK_UNREPRESENTABLE=36; raw probes=56; topologies=14; source_sha=26dae1f99b2b50fb17118f38d8a8e95dfac3357c. Representative failure: perf database error: perf database error: no rows loaded from 1 source(s) (first: <repo>/python/aisimulate/src/aiconfigurator_core/systems/data/gb200/sglang/0.5.10/computescale_perf.parquet)","python python/aisimulate/tools/support_matrix/generate_fpe_support_matrix.py --model ""Qwen/Qwen3-32B-FP8-Static-PerTensor"" --system ""gb200"" --backend ""sglang"" --backend-version ""0.5.10"" --forward-model op_level --max-workers 8",,56,14,"PERF_DATA_MISSING=20, SDK_UNREPRESENTABLE=36",,26dae1f99b2b50fb17118f38d8a8e95dfac3357c
Qwen/Qwen3-32B-FP8-Static-PerTensor,Qwen3ForCausalLM,gb200,sglang,0.5.12,PASS,,"python python/aisimulate/tools/support_matrix/generate_fpe_support_matrix.py --model ""Qwen/Qwen3-32B-FP8-Static-PerTensor"" --system ""gb200"" --backend ""sglang"" --backend-version ""0.5.12"" --forward-model op_level --max-workers 8",silicon,56,14,"PASS=20, SDK_UNREPRESENTABLE=36","decode_end=2087.099872, decode_start=8.145480, mixed=13.550347, prefill=10.518346",26dae1f99b2b50fb17118f38d8a8e95dfac3357c
Qwen/Qwen3-32B-FP8-Static-PerTensor,Qwen3ForCausalLM,gb200,sglang,0.5.14,PASS,,"python python/aisimulate/tools/support_matrix/generate_fpe_support_matrix.py --model ""Qwen/Qwen3-32B-FP8-Static-PerTensor"" --system ""gb200"" --backend ""sglang"" --backend-version ""0.5.14"" --forward-model op_level --max-workers 8",silicon,56,14,"PASS=20, SDK_UNREPRESENTABLE=36","decode_end=2087.099872, decode_start=8.145480, mixed=13.550347, prefill=10.518346",26dae1f99b2b50fb17118f38d8a8e95dfac3357c
Qwen/Qwen3-32B-FP8-Static-PerTensor,Qwen3ForCausalLM,gb200,sglang,0.5.16,PASS,,"python python/aisimulate/tools/support_matrix/generate_fpe_support_matrix.py --model ""Qwen/Qwen3-32B-FP8-Static-PerTensor"" --system ""gb200"" --backend ""sglang"" --backend-version ""0.5.16"" --forward-model op_level --max-workers 8",silicon,56,14,"PASS=20, SDK_UNREPRESENTABLE=36","decode_end=2087.099872, decode_start=8.145480, mixed=13.550347, prefill=10.518346",26dae1f99b2b50fb17118f38d8a8e95dfac3357c
Qwen/Qwen3-32B-FP8-Static-PerTensor,Qwen3ForCausalLM,gb200,sglang,0.5.9,FAIL,"Strict-native op-level FPE probes: PERF_DATA_MISSING=20, SDK_UNREPRESENTABLE=36; raw probes=56; topologies=14; source_sha=26dae1f99b2b50fb17118f38d8a8e95dfac3357c. Representative failure: perf database error: perf database error: no rows loaded from 1 source(s) (first: <repo>/python/aisimulate/src/aiconfigurator_core/systems/data/gb200/sglang/0.5.9/computescale_perf.parquet)","python python/aisimulate/tools/support_matrix/generate_fpe_support_matrix.py --model ""Qwen/Qwen3-32B-FP8-Static-PerTensor"" --system ""gb200"" --backend ""sglang"" --backend-version ""0.5.9"" --forward-model op_level --max-workers 8",,56,14,"PERF_DATA_MISSING=20, SDK_UNREPRESENTABLE=36",,26dae1f99b2b50fb17118f38d8a8e95dfac3357c
Qwen/Qwen3-32B-FP8-Static-PerTensor,Qwen3ForCausalLM,gb200,trtllm,1.3.0rc10,PASS,,"python python/aisimulate/tools/support_matrix/generate_fpe_support_matrix.py --model ""Qwen/Qwen3-32B-FP8-Static-PerTensor"" --system ""gb200"" --backend ""trtllm"" --backend-version ""1.3.0rc10"" --forward-model op_level --max-workers 8",silicon,20,5,PASS=20,"decode_end=2485.720525, decode_start=9.513634, mixed=15.181415, prefill=12.549120",26dae1f99b2b50fb17118f38d8a8e95dfac3357c
Qwen/Qwen3-32B-FP8-Static-PerTensor,Qwen3ForCausalLM,gb200,trtllm,1.3.0rc15,PASS,,"python python/aisimulate/tools/support_matrix/generate_fpe_support_matrix.py --model ""Qwen/Qwen3-32B-FP8-Static-PerTensor"" --system ""gb200"" --backend ""trtllm"" --backend-version ""1.3.0rc15"" --forward-model op_level --max-workers 8",silicon,20,5,PASS=20,"decode_end=2485.720525, decode_start=9.513634, mixed=15.181415, prefill=12.549120",26dae1f99b2b50fb17118f38d8a8e95dfac3357c
Qwen/Qwen3-32B-FP8-Static-PerTensor,Qwen3ForCausalLM,gb200,trtllm,1.3.0rc17,PASS,,"python python/aisimulate/tools/support_matrix/generate_fpe_support_matrix.py --model ""Qwen/Qwen3-32B-FP8-Static-PerTensor"" --system ""gb200"" --backend ""trtllm"" --backend-version ""1.3.0rc17"" --forward-model op_level --max-workers 8",silicon,20,5,PASS=20,"decode_end=2205.850975, decode_start=8.650159, mixed=14.056255, prefill=12.432014",26dae1f99b2b50fb17118f38d8a8e95dfac3357c
Qwen/Qwen3-32B-FP8-Static-PerTensor,Qwen3ForCausalLM,gb200,trtllm,1.3.0rc20,PASS,,"python python/aisimulate/tools/support_matrix/generate_fpe_support_matrix.py --model ""Qwen/Qwen3-32B-FP8-Static-PerTensor"" --system ""gb200"" --backend ""trtllm"" --backend-version ""1.3.0rc20"" --forward-model op_level --max-workers 8",silicon,20,5,PASS=20,"decode_end=2203.819373, decode_start=8.618333, mixed=14.223033, prefill=12.514703",26dae1f99b2b50fb17118f38d8a8e95dfac3357c
Qwen/Qwen3-32B-FP8-Static-PerTensor,Qwen3ForCausalLM,gb200,trtllm,1.3.0rc23,PASS,,"python python/aisimulate/tools/support_matrix/generate_fpe_support_matrix.py --model ""Qwen/Qwen3-32B-FP8-Static-PerTensor"" --system ""gb200"" --backend ""trtllm"" --backend-version ""1.3.0rc23"" --forward-model op_level --max-workers 8",silicon,20,5,PASS=20,"decode_end=2203.819373, decode_start=8.618333, mixed=14.223033, prefill=12.514703",26dae1f99b2b50fb17118f38d8a8e95dfac3357c
Qwen/Qwen3-32B-FP8-Static-PerTensor,Qwen3ForCausalLM,gb200,vllm,0.1.dev19262,FAIL,Strict-native op-level FPE probes: PERF_DATA_MISSING=20; raw probes=20; topologies=5; source_sha=26dae1f99b2b50fb17118f38d8a8e95dfac3357c. Representative failure: perf database error: perf database error: no GEMM rows loaded from 1 source(s) (first: <repo>/python/aisimulate/src/aiconfigurator_core/systems/data/gb200/vllm/0.1.dev19262/gemm_perf.parquet),"python python/aisimulate/tools/support_matrix/generate_fpe_support_matrix.py --model ""Qwen/Qwen3-32B-FP8-Static-PerTensor"" --system ""gb200"" --backend ""vllm"" --backend-version ""0.1.dev19262"" --forward-model op_level --max-workers 8",,20,5,PERF_DATA_MISSING=20,,26dae1f99b2b50fb17118f38d8a8e95dfac3357c
Qwen/Qwen3-32B-FP8-Static-PerTensor,Qwen3ForCausalLM,gb200,vllm,0.14.0,FAIL,Strict-native op-level FPE probes: PERF_DATA_MISSING=20; raw probes=20; topologies=5; source_sha=26dae1f99b2b50fb17118f38d8a8e95dfac3357c. Representative failure: perf database error: perf database error: no rows loaded from 1 source(s) (first: <repo>/python/aisimulate/src/aiconfigurator_core/systems/data/gb200/vllm/0.14.0/computescale_perf.parquet),"python python/aisimulate/tools/support_matrix/generate_fpe_support_matrix.py --model ""Qwen/Qwen3-32B-FP8-Static-PerTensor"" --system ""gb200"" --backend ""vllm"" --backend-version ""0.14.0"" --forward-model op_level --max-workers 8",,20,5,PERF_DATA_MISSING=20,,26dae1f99b2b50fb17118f38d8a8e95dfac3357c
Qwen/Qwen3-32B-FP8-Static-PerTensor,Qwen3ForCausalLM,gb200,vllm,0.19.0,FAIL,Strict-native op-level FPE probes: PERF_DATA_MISSING=20; raw probes=20; topologies=5; source_sha=26dae1f99b2b50fb17118f38d8a8e95dfac3357c. Representative failure: perf database error: perf database error: no rows loaded from 1 source(s) (first: <repo>/python/aisimulate/src/aiconfigurator_core/systems/data/gb200/vllm/0.19.0/computescale_perf.parquet),"python python/aisimulate/tools/support_matrix/generate_fpe_support_matrix.py --model ""Qwen/Qwen3-32B-FP8-Static-PerTensor"" --system ""gb200"" --backend ""vllm"" --backend-version ""0.19.0"" --forward-model op_level --max-workers 8",,20,5,PERF_DATA_MISSING=20,,26dae1f99b2b50fb17118f38d8a8e95dfac3357c
Qwen/Qwen3-32B-FP8-Static-PerTensor,Qwen3ForCausalLM,gb200,vllm,0.22.0,PASS,,"python python/aisimulate/tools/support_matrix/generate_fpe_support_matrix.py --model ""Qwen/Qwen3-32B-FP8-Static-PerTensor"" --system ""gb200"" --backend ""vllm"" --backend-version ""0.22.0"" --forward-model op_level --max-workers 8",silicon,20,5,PASS=20,"decode_end=1908.303080, decode_start=7.435108, mixed=14.953005, prefill=11.460770",26dae1f99b2b50fb17118f38d8a8e95dfac3357c
Qwen/Qwen3-32B-FP8-Static-PerTensor,Qwen3ForCausalLM,gb200,vllm,0.24.0,PASS,,"python python/aisimulate/tools/support_matrix/generate_fpe_support_matrix.py --model ""Qwen/Qwen3-32B-FP8-Static-PerTensor"" --system ""gb200"" --backend ""vllm"" --backend-version ""0.24.0"" --forward-model op_level --max-workers 8",silicon,20,5,PASS=20,"decode_end=2037.450272, decode_start=7.991783, mixed=14.139107, prefill=11.646316",26dae1f99b2b50fb17118f38d8a8e95dfac3357c
Qwen/Qwen3-8B,Qwen3ForCausalLM,gb200,sglang,0.5.10,PASS,,"python python/aisimulate/tools/support_matrix/generate_fpe_support_matrix.py --model ""Qwen/Qwen3-8B"" --system ""gb200"" --backend ""sglang"" --backend-version ""0.5.10"" --forward-model op_level --max-workers 8",silicon,24,6,"PASS=12, SDK_UNREPRESENTABLE=12","decode_end=888.282169, decode_start=3.494068, mixed=6.193694, prefill=5.282016",26dae1f99b2b50fb17118f38d8a8e95dfac3357c
Qwen/Qwen3-8B,Qwen3ForCausalLM,gb200,sglang,0.5.12,PASS,,"python python/aisimulate/tools/support_matrix/generate_fpe_support_matrix.py --model ""Qwen/Qwen3-8B"" --system ""gb200"" --backend ""sglang"" --backend-version ""0.5.12"" --forward-model op_level --max-workers 8",silicon,24,6,"PASS=12, SDK_UNREPRESENTABLE=12","decode_end=875.897285, decode_start=3.432821, mixed=5.933098, prefill=5.394245",26dae1f99b2b50fb17118f38d8a8e95dfac3357c
Qwen/Qwen3-8B,Qwen3ForCausalLM,gb200,sglang,0.5.14,PASS,,"python python/aisimulate/tools/support_matrix/generate_fpe_support_matrix.py --model ""Qwen/Qwen3-8B"" --system ""gb200"" --backend ""sglang"" --backend-version ""0.5.14"" --forward-model op_level --max-workers 8",silicon,24,6,"PASS=12, SDK_UNREPRESENTABLE=12","decode_end=875.897285, decode_start=3.432821, mixed=5.933098, prefill=5.394245",26dae1f99b2b50fb17118f38d8a8e95dfac3357c
Qwen/Qwen3-8B,Qwen3ForCausalLM,gb200,sglang,0.5.16,PASS,,"python python/aisimulate/tools/support_matrix/generate_fpe_support_matrix.py --model ""Qwen/Qwen3-8B"" --system ""gb200"" --backend ""sglang"" --backend-version ""0.5.16"" --forward-model op_level --max-workers 8",silicon,24,6,"PASS=12, SDK_UNREPRESENTABLE=12","decode_end=875.897285, decode_start=3.432821, mixed=5.933098, prefill=5.394245",26dae1f99b2b50fb17118f38d8a8e95dfac3357c
Qwen/Qwen3-8B,Qwen3ForCausalLM,gb200,sglang,0.5.9,PASS,,"python python/aisimulate/tools/support_matrix/generate_fpe_support_matrix.py --model ""Qwen/Qwen3-8B"" --system ""gb200"" --backend ""sglang"" --backend-version ""0.5.9"" --forward-model op_level --max-workers 8",silicon,24,6,"PASS=12, SDK_UNREPRESENTABLE=12","decode_end=895.096003, decode_start=3.506583, mixed=5.939009, prefill=5.316201",26dae1f99b2b50fb17118f38d8a8e95dfac3357c
Qwen/Qwen3-8B,Qwen3ForCausalLM,gb200,trtllm,1.3.0rc10,PASS,,"python python/aisimulate/tools/support_matrix/generate_fpe_support_matrix.py --model ""Qwen/Qwen3-8B"" --system ""gb200"" --backend ""trtllm"" --backend-version ""1.3.0rc10"" --forward-model op_level --max-workers 8",silicon,12,3,PASS=12,"decode_end=1005.245047, decode_start=3.880729, mixed=6.569503, prefill=5.626521",26dae1f99b2b50fb17118f38d8a8e95dfac3357c
Qwen/Qwen3-8B,Qwen3ForCausalLM,gb200,trtllm,1.3.0rc15,PASS,,"python python/aisimulate/tools/support_matrix/generate_fpe_support_matrix.py --model ""Qwen/Qwen3-8B"" --system ""gb200"" --backend ""trtllm"" --backend-version ""1.3.0rc15"" --forward-model op_level --max-workers 8",silicon,12,3,PASS=12,"decode_end=1005.245047, decode_start=3.880729, mixed=6.569503, prefill=5.626521",26dae1f99b2b50fb17118f38d8a8e95dfac3357c
Qwen/Qwen3-8B,Qwen3ForCausalLM,gb200,trtllm,1.3.0rc17,PASS,,"python python/aisimulate/tools/support_matrix/generate_fpe_support_matrix.py --model ""Qwen/Qwen3-8B"" --system ""gb200"" --backend ""trtllm"" --backend-version ""1.3.0rc17"" --forward-model op_level --max-workers 8",silicon,12,3,PASS=12,"decode_end=905.984192, decode_start=3.548906, mixed=6.219750, prefill=5.607419",26dae1f99b2b50fb17118f38d8a8e95dfac3357c
Qwen/Qwen3-8B,Qwen3ForCausalLM,gb200,trtllm,1.3.0rc20,PASS,,"python python/aisimulate/tools/support_matrix/generate_fpe_support_matrix.py --model ""Qwen/Qwen3-8B"" --system ""gb200"" --backend ""trtllm"" --backend-version ""1.3.0rc20"" --forward-model op_level --max-workers 8",silicon,12,3,PASS=12,"decode_end=937.536724, decode_start=3.652629, mixed=6.334794, prefill=5.621708",26dae1f99b2b50fb17118f38d8a8e95dfac3357c
Qwen/Qwen3-8B,Qwen3ForCausalLM,gb200,trtllm,1.3.0rc23,PASS,,"python python/aisimulate/tools/support_matrix/generate_fpe_support_matrix.py --model ""Qwen/Qwen3-8B"" --system ""gb200"" --backend ""trtllm"" --backend-version ""1.3.0rc23"" --forward-model op_level --max-workers 8",silicon,12,3,PASS=12,"decode_end=937.536724, decode_start=3.652629, mixed=6.334794, prefill=5.621708",26dae1f99b2b50fb17118f38d8a8e95dfac3357c
Qwen/Qwen3-8B,Qwen3ForCausalLM,gb200,vllm,0.1.dev19262,FAIL,Strict-native op-level FPE probes: PERF_DATA_MISSING=12; raw probes=12; topologies=3; source_sha=26dae1f99b2b50fb17118f38d8a8e95dfac3357c. Representative failure: perf database error: perf database error: no GEMM rows loaded from 1 source(s) (first: <repo>/python/aisimulate/src/aiconfigurator_core/systems/data/gb200/vllm/0.1.dev19262/gemm_perf.parquet),"python python/aisimulate/tools/support_matrix/generate_fpe_support_matrix.py --model ""Qwen/Qwen3-8B"" --system ""gb200"" --backend ""vllm"" --backend-version ""0.1.dev19262"" --forward-model op_level --max-workers 8",,12,3,PERF_DATA_MISSING=12,,26dae1f99b2b50fb17118f38d8a8e95dfac3357c
Qwen/Qwen3-8B,Qwen3ForCausalLM,gb200,vllm,0.14.0,PASS,,"python python/aisimulate/tools/support_matrix/generate_fpe_support_matrix.py --model ""Qwen/Qwen3-8B"" --system ""gb200"" --backend ""vllm"" --backend-version ""0.14.0"" --forward-model op_level --max-workers 8",silicon,12,3,PASS=12,"decode_end=947.764405, decode_start=3.711811, mixed=6.053682, prefill=5.553298",26dae1f99b2b50fb17118f38d8a8e95dfac3357c
Qwen/Qwen3-8B,Qwen3ForCausalLM,gb200,vllm,0.19.0,PASS,,"python python/aisimulate/tools/support_matrix/generate_fpe_support_matrix.py --model ""Qwen/Qwen3-8B"" --system ""gb200"" --backend ""vllm"" --backend-version ""0.19.0"" --forward-model op_level --max-workers 8",silicon,12,3,PASS=12,"decode_end=862.931799, decode_start=3.379137, mixed=5.856055, prefill=5.250942",26dae1f99b2b50fb17118f38d8a8e95dfac3357c
Qwen/Qwen3-8B,Qwen3ForCausalLM,gb200,vllm,0.22.0,PASS,,"python python/aisimulate/tools/support_matrix/generate_fpe_support_matrix.py --model ""Qwen/Qwen3-8B"" --system ""gb200"" --backend ""vllm"" --backend-version ""0.22.0"" --forward-model op_level --max-workers 8",silicon,12,3,PASS=12,"decode_end=852.219874, decode_start=3.341631, mixed=5.762479, prefill=5.204880",26dae1f99b2b50fb17118f38d8a8e95dfac3357c
Qwen/Qwen3-8B,Qwen3ForCausalLM,gb200,vllm,0.24.0,PASS,,"python python/aisimulate/tools/support_matrix/generate_fpe_support_matrix.py --model ""Qwen/Qwen3-8B"" --system ""gb200"" --backend ""vllm"" --backend-version ""0.24.0"" --forward-model op_level --max-workers 8",silicon,12,3,PASS=12,"decode_end=882.356205, decode_start=3.439701, mixed=6.013991, prefill=5.342704",26dae1f99b2b50fb17118f38d8a8e95dfac3357c
Qwen/Qwen3-Coder-480B-A35B-Instruct,Qwen3MoeForCausalLM,gb200,sglang,0.5.10,PASS,,"python python/aisimulate/tools/support_matrix/generate_fpe_support_matrix.py --model ""Qwen/Qwen3-Coder-480B-A35B-Instruct"" --system ""gb200"" --backend ""sglang"" --backend-version ""0.5.10"" --forward-model op_level --max-workers 8",silicon,540,135,"PASS=220, SDK_UNREPRESENTABLE=320","decode_end=13205.608875, decode_start=51.786395, mixed=157.348691, prefill=153.966682",26dae1f99b2b50fb17118f38d8a8e95dfac3357c
Qwen/Qwen3-Coder-480B-A35B-Instruct,Qwen3MoeForCausalLM,gb200,sglang,0.5.12,PASS,,"python python/aisimulate/tools/support_matrix/generate_fpe_support_matrix.py --model ""Qwen/Qwen3-Coder-480B-A35B-Instruct"" --system ""gb200"" --backend ""sglang"" --backend-version ""0.5.12"" --forward-model op_level --max-workers 8",silicon,540,135,"PASS=220, SDK_UNREPRESENTABLE=320","decode_end=10763.294581, decode_start=42.208273, mixed=135.745933, prefill=131.401708",26dae1f99b2b50fb17118f38d8a8e95dfac3357c
Qwen/Qwen3-Coder-480B-A35B-Instruct,Qwen3MoeForCausalLM,gb200,sglang,0.5.14,PASS,,"python python/aisimulate/tools/support_matrix/generate_fpe_support_matrix.py --model ""Qwen/Qwen3-Coder-480B-A35B-Instruct"" --system ""gb200"" --backend ""sglang"" --backend-version ""0.5.14"" --forward-model op_level --max-workers 8",silicon,540,135,"PASS=220, SDK_UNREPRESENTABLE=320","decode_end=10763.294581, decode_start=42.208273, mixed=135.745933, prefill=131.401708",26dae1f99b2b50fb17118f38d8a8e95dfac3357c
Qwen/Qwen3-Coder-480B-A35B-Instruct,Qwen3MoeForCausalLM,gb200,sglang,0.5.16,PASS,,"python python/aisimulate/tools/support_matrix/generate_fpe_support_matrix.py --model ""Qwen/Qwen3-Coder-480B-A35B-Instruct"" --system ""gb200"" --backend ""sglang"" --backend-version ""0.5.16"" --forward-model op_level --max-workers 8",silicon,540,135,"PASS=220, SDK_UNREPRESENTABLE=320","decode_end=10763.294581, decode_start=42.208273, mixed=135.745933, prefill=131.401708",26dae1f99b2b50fb17118f38d8a8e95dfac3357c
Qwen/Qwen3-Coder-480B-A35B-Instruct,Qwen3MoeForCausalLM,gb200,sglang,0.5.9,PASS,,"python python/aisimulate/tools/support_matrix/generate_fpe_support_matrix.py --model ""Qwen/Qwen3-Coder-480B-A35B-Instruct"" --system ""gb200"" --backend ""sglang"" --backend-version ""0.5.9"" --forward-model op_level --max-workers 8",silicon,540,135,"PASS=220, SDK_UNREPRESENTABLE=320","decode_end=13351.188524, decode_start=52.355589, mixed=173.393261, prefill=169.717807",26dae1f99b2b50fb17118f38d8a8e95dfac3357c
Qwen/Qwen3-Coder-480B-A35B-Instruct,Qwen3MoeForCausalLM,gb200,trtllm,1.3.0rc10,PASS,,"python python/aisimulate/tools/support_matrix/generate_fpe_support_matrix.py --model ""Qwen/Qwen3-Coder-480B-A35B-Instruct"" --system ""gb200"" --backend ""trtllm"" --backend-version ""1.3.0rc10"" --forward-model op_level --max-workers 8",silicon,116,29,PASS=116,"decode_end=12236.406712, decode_start=47.554811, mixed=132.559259, prefill=128.845447",26dae1f99b2b50fb17118f38d8a8e95dfac3357c
Qwen/Qwen3-Coder-480B-A35B-Instruct,Qwen3MoeForCausalLM,gb200,trtllm,1.3.0rc15,PASS,,"python python/aisimulate/tools/support_matrix/generate_fpe_support_matrix.py --model ""Qwen/Qwen3-Coder-480B-A35B-Instruct"" --system ""gb200"" --backend ""trtllm"" --backend-version ""1.3.0rc15"" --forward-model op_level --max-workers 8",silicon,116,29,PASS=116,"decode_end=12236.406712, decode_start=47.554811, mixed=132.559259, prefill=128.845447",26dae1f99b2b50fb17118f38d8a8e95dfac3357c
Qwen/Qwen3-Coder-480B-A35B-Instruct,Qwen3MoeForCausalLM,gb200,trtllm,1.3.0rc17,PASS,,"python python/aisimulate/tools/support_matrix/generate_fpe_support_matrix.py --model ""Qwen/Qwen3-Coder-480B-A35B-Instruct"" --system ""gb200"" --backend ""trtllm"" --backend-version ""1.3.0rc17"" --forward-model op_level --max-workers 8",silicon,116,29,PASS=116,"decode_end=11863.208214, decode_start=46.520857, mixed=131.231961, prefill=128.784205",26dae1f99b2b50fb17118f38d8a8e95dfac3357c
Qwen/Qwen3-Coder-480B-A35B-Instruct,Qwen3MoeForCausalLM,gb200,trtllm,1.3.0rc20,PASS,,"python python/aisimulate/tools/support_matrix/generate_fpe_support_matrix.py --model ""Qwen/Qwen3-Coder-480B-A35B-Instruct"" --system ""gb200"" --backend ""trtllm"" --backend-version ""1.3.0rc20"" --forward-model op_level --max-workers 8",silicon,116,29,PASS=116,"decode_end=11256.513269, decode_start=44.146952, mixed=130.060340, prefill=127.229956",26dae1f99b2b50fb17118f38d8a8e95dfac3357c
Qwen/Qwen3-Coder-480B-A35B-Instruct,Qwen3MoeForCausalLM,gb200,trtllm,1.3.0rc23,PASS,,"python python/aisimulate/tools/support_matrix/generate_fpe_support_matrix.py --model ""Qwen/Qwen3-Coder-480B-A35B-Instruct"" --system ""gb200"" --backend ""trtllm"" --backend-version ""1.3.0rc23"" --forward-model op_level --max-workers 8",silicon,116,29,PASS=116,"decode_end=11256.513269, decode_start=44.146952, mixed=130.060340, prefill=127.229956",26dae1f99b2b50fb17118f38d8a8e95dfac3357c
Qwen/Qwen3-Coder-480B-A35B-Instruct,Qwen3MoeForCausalLM,gb200,vllm,0.1.dev19262,FAIL,Strict-native op-level FPE probes: PERF_DATA_MISSING=116; raw probes=116; topologies=29; source_sha=26dae1f99b2b50fb17118f38d8a8e95dfac3357c. Representative failure: perf database error: perf database error: no GEMM rows loaded from 1 source(s) (first: <repo>/python/aisimulate/src/aiconfigurator_core/systems/data/gb200/vllm/0.1.dev19262/gemm_perf.parquet),"python python/aisimulate/tools/support_matrix/generate_fpe_support_matrix.py --model ""Qwen/Qwen3-Coder-480B-A35B-Instruct"" --system ""gb200"" --backend ""vllm"" --backend-version ""0.1.dev19262"" --forward-model op_level --max-workers 8",,116,29,PERF_DATA_MISSING=116,,26dae1f99b2b50fb17118f38d8a8e95dfac3357c
Qwen/Qwen3-Coder-480B-A35B-Instruct,Qwen3MoeForCausalLM,gb200,vllm,0.14.0,PASS,,"python python/aisimulate/tools/support_matrix/generate_fpe_support_matrix.py --model ""Qwen/Qwen3-Coder-480B-A35B-Instruct"" --system ""gb200"" --backend ""vllm"" --backend-version ""0.14.0"" --forward-model op_level --max-workers 8",silicon,116,29,PASS=116,"decode_end=13598.241298, decode_start=53.347853, mixed=158.687254, prefill=155.179210",26dae1f99b2b50fb17118f38d8a8e95dfac3357c
Qwen/Qwen3-Coder-480B-A35B-Instruct,Qwen3MoeForCausalLM,gb200,vllm,0.19.0,PASS,,"python python/aisimulate/tools/support_matrix/generate_fpe_support_matrix.py --model ""Qwen/Qwen3-Coder-480B-A35B-Instruct"" --system ""gb200"" --backend ""vllm"" --backend-version ""0.19.0"" --forward-model op_level --max-workers 8",silicon,116,29,PASS=116,"decode_end=11642.986432, decode_start=45.651776, mixed=139.731849, prefill=137.773968",26dae1f99b2b50fb17118f38d8a8e95dfac3357c
Qwen/Qwen3-Coder-480B-A35B-Instruct,Qwen3MoeForCausalLM,gb200,vllm,0.22.0,PASS,,"python python/aisimulate/tools/support_matrix/generate_fpe_support_matrix.py --model ""Qwen/Qwen3-Coder-480B-A35B-Instruct"" --system ""gb200"" --backend ""vllm"" --backend-version ""0.22.0"" --forward-model op_level --max-workers 8",silicon,116,29,PASS=116,"decode_end=11500.542668, decode_start=45.099932, mixed=139.832946, prefill=137.398039",26dae1f99b2b50fb17118f38d8a8e95dfac3357c
Qwen/Qwen3-Coder-480B-A35B-Instruct,Qwen3MoeForCausalLM,gb200,vllm,0.24.0,PASS,,"python python/aisimulate/tools/support_matrix/generate_fpe_support_matrix.py --model ""Qwen/Qwen3-Coder-480B-A35B-Instruct"" --system ""gb200"" --backend ""vllm"" --backend-version ""0.24.0"" --forward-model op_level --max-workers 8",silicon,116,29,PASS=116,"decode_end=10532.691294, decode_start=41.299654, mixed=139.174682, prefill=135.292422",26dae1f99b2b50fb17118f38d8a8e95dfac3357c
Qwen/Qwen3-VL-235B-A22B-Instruct,Qwen3VLMoeForConditionalGeneration,gb200,sglang,0.5.10,PASS,,"python python/aisimulate/tools/support_matrix/generate_fpe_support_matrix.py --model ""Qwen/Qwen3-VL-235B-A22B-Instruct"" --system ""gb200"" --backend ""sglang"" --backend-version ""0.5.10"" --forward-model op_level --max-workers 8",silicon,540,135,"PASS=220, SDK_UNREPRESENTABLE=320","decode_end=8861.375511, decode_start=34.757266, mixed=86.771713, prefill=83.618820",26dae1f99b2b50fb17118f38d8a8e95dfac3357c
Qwen/Qwen3-VL-235B-A22B-Instruct,Qwen3VLMoeForConditionalGeneration,gb200,sglang,0.5.12,PASS,,"python python/aisimulate/tools/support_matrix/generate_fpe_support_matrix.py --model ""Qwen/Qwen3-VL-235B-A22B-Instruct"" --system ""gb200"" --backend ""sglang"" --backend-version ""0.5.12"" --forward-model op_level --max-workers 8",silicon,540,135,"PASS=220, SDK_UNREPRESENTABLE=320","decode_end=6637.492376, decode_start=26.028326, mixed=71.997055, prefill=69.509271",26dae1f99b2b50fb17118f38d8a8e95dfac3357c
Qwen/Qwen3-VL-235B-A22B-Instruct,Qwen3VLMoeForConditionalGeneration,gb200,sglang,0.5.14,PASS,,"python python/aisimulate/tools/support_matrix/generate_fpe_support_matrix.py --model ""Qwen/Qwen3-VL-235B-A22B-Instruct"" --system ""gb200"" --backend ""sglang"" --backend-version ""0.5.14"" --forward-model op_level --max-workers 8",silicon,540,135,"PASS=220, SDK_UNREPRESENTABLE=320","decode_end=6637.492376, decode_start=26.028326, mixed=71.997055, prefill=69.509271",26dae1f99b2b50fb17118f38d8a8e95dfac3357c
Qwen/Qwen3-VL-235B-A22B-Instruct,Qwen3VLMoeForConditionalGeneration,gb200,sglang,0.5.16,PASS,,"python python/aisimulate/tools/support_matrix/generate_fpe_support_matrix.py --model ""Qwen/Qwen3-VL-235B-A22B-Instruct"" --system ""gb200"" --backend ""sglang"" --backend-version ""0.5.16"" --forward-model op_level --max-workers 8",silicon,540,135,"PASS=220, SDK_UNREPRESENTABLE=320","decode_end=6637.492376, decode_start=26.028326, mixed=71.997055, prefill=69.509271",26dae1f99b2b50fb17118f38d8a8e95dfac3357c
Qwen/Qwen3-VL-235B-A22B-Instruct,Qwen3VLMoeForConditionalGeneration,gb200,sglang,0.5.9,PASS,,"python python/aisimulate/tools/support_matrix/generate_fpe_support_matrix.py --model ""Qwen/Qwen3-VL-235B-A22B-Instruct"" --system ""gb200"" --backend ""sglang"" --backend-version ""0.5.9"" --forward-model op_level --max-workers 8",silicon,540,135,"PASS=220, SDK_UNREPRESENTABLE=320","decode_end=8716.482755, decode_start=34.245499, mixed=90.501332, prefill=89.491625",26dae1f99b2b50fb17118f38d8a8e95dfac3357c
Qwen/Qwen3-VL-235B-A22B-Instruct,Qwen3VLMoeForConditionalGeneration,gb200,trtllm,1.3.0rc10,PASS,,"python python/aisimulate/tools/support_matrix/generate_fpe_support_matrix.py --model ""Qwen/Qwen3-VL-235B-A22B-Instruct"" --system ""gb200"" --backend ""trtllm"" --backend-version ""1.3.0rc10"" --forward-model op_level --max-workers 8",silicon,116,29,PASS=116,"decode_end=7487.146749, decode_start=28.941300, mixed=73.163949, prefill=70.175063",26dae1f99b2b50fb17118f38d8a8e95dfac3357c
Qwen/Qwen3-VL-235B-A22B-Instruct,Qwen3VLMoeForConditionalGeneration,gb200,trtllm,1.3.0rc15,PASS,,"python python/aisimulate/tools/support_matrix/generate_fpe_support_matrix.py --model ""Qwen/Qwen3-VL-235B-A22B-Instruct"" --system ""gb200"" --backend ""trtllm"" --backend-version ""1.3.0rc15"" --forward-model op_level --max-workers 8",silicon,116,29,PASS=116,"decode_end=7487.146749, decode_start=28.941300, mixed=73.163949, prefill=70.175063",26dae1f99b2b50fb17118f38d8a8e95dfac3357c
Qwen/Qwen3-VL-235B-A22B-Instruct,Qwen3VLMoeForConditionalGeneration,gb200,trtllm,1.3.0rc17,PASS,,"python python/aisimulate/tools/support_matrix/generate_fpe_support_matrix.py --model ""Qwen/Qwen3-VL-235B-A22B-Instruct"" --system ""gb200"" --backend ""trtllm"" --backend-version ""1.3.0rc17"" --forward-model op_level --max-workers 8",silicon,116,29,PASS=116,"decode_end=7095.572722, decode_start=27.825228, mixed=71.696755, prefill=70.209556",26dae1f99b2b50fb17118f38d8a8e95dfac3357c
Qwen/Qwen3-VL-235B-A22B-Instruct,Qwen3VLMoeForConditionalGeneration,gb200,trtllm,1.3.0rc20,PASS,,"python python/aisimulate/tools/support_matrix/generate_fpe_support_matrix.py --model ""Qwen/Qwen3-VL-235B-A22B-Instruct"" --system ""gb200"" --backend ""trtllm"" --backend-version ""1.3.0rc20"" --forward-model op_level --max-workers 8",silicon,116,29,PASS=116,"decode_end=7255.851599, decode_start=28.379184, mixed=72.486237, prefill=70.848394",26dae1f99b2b50fb17118f38d8a8e95dfac3357c
Qwen/Qwen3-VL-235B-A22B-Instruct,Qwen3VLMoeForConditionalGeneration,gb200,trtllm,1.3.0rc23,PASS,,"python python/aisimulate/tools/support_matrix/generate_fpe_support_matrix.py --model ""Qwen/Qwen3-VL-235B-A22B-Instruct"" --system ""gb200"" --backend ""trtllm"" --backend-version ""1.3.0rc23"" --forward-model op_level --max-workers 8",silicon,116,29,PASS=116,"decode_end=7255.851599, decode_start=28.379184, mixed=72.486237, prefill=70.848394",26dae1f99b2b50fb17118f38d8a8e95dfac3357c
Qwen/Qwen3-VL-235B-A22B-Instruct,Qwen3VLMoeForConditionalGeneration,gb200,vllm,0.1.dev19262,FAIL,Strict-native op-level FPE probes: PERF_DATA_MISSING=116; raw probes=116; topologies=29; source_sha=26dae1f99b2b50fb17118f38d8a8e95dfac3357c. Representative failure: perf database error: perf database error: no GEMM rows loaded from 1 source(s) (first: <repo>/python/aisimulate/src/aiconfigurator_core/systems/data/gb200/vllm/0.1.dev19262/gemm_perf.parquet),"python python/aisimulate/tools/support_matrix/generate_fpe_support_matrix.py --model ""Qwen/Qwen3-VL-235B-A22B-Instruct"" --system ""gb200"" --backend ""vllm"" --backend-version ""0.1.dev19262"" --forward-model op_level --max-workers 8",,116,29,PERF_DATA_MISSING=116,,26dae1f99b2b50fb17118f38d8a8e95dfac3357c
Qwen/Qwen3-VL-235B-A22B-Instruct,Qwen3VLMoeForConditionalGeneration,gb200,vllm,0.14.0,PASS,,"python python/aisimulate/tools/support_matrix/generate_fpe_support_matrix.py --model ""Qwen/Qwen3-VL-235B-A22B-Instruct"" --system ""gb200"" --backend ""vllm"" --backend-version ""0.14.0"" --forward-model op_level --max-workers 8",silicon,116,29,PASS=116,"decode_end=8624.613960, decode_start=33.810843, mixed=85.482359, prefill=83.790059",26dae1f99b2b50fb17118f38d8a8e95dfac3357c
Qwen/Qwen3-VL-235B-A22B-Instruct,Qwen3VLMoeForConditionalGeneration,gb200,vllm,0.19.0,PASS,,"python python/aisimulate/tools/support_matrix/generate_fpe_support_matrix.py --model ""Qwen/Qwen3-VL-235B-A22B-Instruct"" --system ""gb200"" --backend ""vllm"" --backend-version ""0.19.0"" --forward-model op_level --max-workers 8",silicon,116,29,PASS=116,"decode_end=7590.887784, decode_start=29.756640, mixed=76.647894, prefill=75.212963",26dae1f99b2b50fb17118f38d8a8e95dfac3357c
Qwen/Qwen3-VL-235B-A22B-Instruct,Qwen3VLMoeForConditionalGeneration,gb200,vllm,0.22.0,PASS,,"python python/aisimulate/tools/support_matrix/generate_fpe_support_matrix.py --model ""Qwen/Qwen3-VL-235B-A22B-Instruct"" --system ""gb200"" --backend ""vllm"" --backend-version ""0.22.0"" --forward-model op_level --max-workers 8",silicon,116,29,PASS=116,"decode_end=6658.790714, decode_start=26.112606, mixed=71.201397, prefill=68.714755",26dae1f99b2b50fb17118f38d8a8e95dfac3357c
Qwen/Qwen3-VL-235B-A22B-Instruct,Qwen3VLMoeForConditionalGeneration,gb200,vllm,0.24.0,PASS,,"python python/aisimulate/tools/support_matrix/generate_fpe_support_matrix.py --model ""Qwen/Qwen3-VL-235B-A22B-Instruct"" --system ""gb200"" --backend ""vllm"" --backend-version ""0.24.0"" --forward-model op_level --max-workers 8",silicon,116,29,PASS=116,"decode_end=6768.670234, decode_start=26.524722, mixed=71.830682, prefill=69.019306",26dae1f99b2b50fb17118f38d8a8e95dfac3357c
Qwen/Qwen3-VL-2B-Instruct,Qwen3VLForConditionalGeneration,gb200,sglang,0.5.10,PASS,,"python python/aisimulate/tools/support_matrix/generate_fpe_support_matrix.py --model ""Qwen/Qwen3-VL-2B-Instruct"" --system ""gb200"" --backend ""sglang"" --backend-version ""0.5.10"" --forward-model op_level --max-workers 8",silicon,24,6,"PASS=12, SDK_UNREPRESENTABLE=12","decode_end=384.587607, decode_start=1.509164, mixed=2.246225, prefill=1.889587",26dae1f99b2b50fb17118f38d8a8e95dfac3357c
Qwen/Qwen3-VL-2B-Instruct,Qwen3VLForConditionalGeneration,gb200,sglang,0.5.12,PASS,,"python python/aisimulate/tools/support_matrix/generate_fpe_support_matrix.py --model ""Qwen/Qwen3-VL-2B-Instruct"" --system ""gb200"" --backend ""sglang"" --backend-version ""0.5.12"" --forward-model op_level --max-workers 8",silicon,24,6,"PASS=12, SDK_UNREPRESENTABLE=12","decode_end=383.303605, decode_start=1.503236, mixed=2.298678, prefill=1.917507",26dae1f99b2b50fb17118f38d8a8e95dfac3357c
Qwen/Qwen3-VL-2B-Instruct,Qwen3VLForConditionalGeneration,gb200,sglang,0.5.14,PASS,,"python python/aisimulate/tools/support_matrix/generate_fpe_support_matrix.py --model ""Qwen/Qwen3-VL-2B-Instruct"" --system ""gb200"" --backend ""sglang"" --backend-version ""0.5.14"" --forward-model op_level --max-workers 8",silicon,24,6,"PASS=12, SDK_UNREPRESENTABLE=12","decode_end=383.303605, decode_start=1.503236, mixed=2.298678, prefill=1.917507",26dae1f99b2b50fb17118f38d8a8e95dfac3357c
Qwen/Qwen3-VL-2B-Instruct,Qwen3VLForConditionalGeneration,gb200,sglang,0.5.16,PASS,,"python python/aisimulate/tools/support_matrix/generate_fpe_support_matrix.py --model ""Qwen/Qwen3-VL-2B-Instruct"" --system ""gb200"" --backend ""sglang"" --backend-version ""0.5.16"" --forward-model op_level --max-workers 8",silicon,24,6,"PASS=12, SDK_UNREPRESENTABLE=12","decode_end=383.303605, decode_start=1.503236, mixed=2.298678, prefill=1.917507",26dae1f99b2b50fb17118f38d8a8e95dfac3357c
Qwen/Qwen3-VL-2B-Instruct,Qwen3VLForConditionalGeneration,gb200,sglang,0.5.9,PASS,,"python python/aisimulate/tools/support_matrix/generate_fpe_support_matrix.py --model ""Qwen/Qwen3-VL-2B-Instruct"" --system ""gb200"" --backend ""sglang"" --backend-version ""0.5.9"" --forward-model op_level --max-workers 8",silicon,24,6,"PASS=12, SDK_UNREPRESENTABLE=12","decode_end=377.148453, decode_start=1.476381, mixed=2.311698, prefill=1.929404",26dae1f99b2b50fb17118f38d8a8e95dfac3357c
Qwen/Qwen3-VL-2B-Instruct,Qwen3VLForConditionalGeneration,gb200,trtllm,1.3.0rc10,PASS,,"python python/aisimulate/tools/support_matrix/generate_fpe_support_matrix.py --model ""Qwen/Qwen3-VL-2B-Instruct"" --system ""gb200"" --backend ""trtllm"" --backend-version ""1.3.0rc10"" --forward-model op_level --max-workers 8",silicon,12,3,PASS=12,"decode_end=473.196808, decode_start=1.818820, mixed=2.702237, prefill=2.006164",26dae1f99b2b50fb17118f38d8a8e95dfac3357c
Qwen/Qwen3-VL-2B-Instruct,Qwen3VLForConditionalGeneration,gb200,trtllm,1.3.0rc15,PASS,,"python python/aisimulate/tools/support_matrix/generate_fpe_support_matrix.py --model ""Qwen/Qwen3-VL-2B-Instruct"" --system ""gb200"" --backend ""trtllm"" --backend-version ""1.3.0rc15"" --forward-model op_level --max-workers 8",silicon,12,3,PASS=12,"decode_end=473.196808, decode_start=1.818820, mixed=2.702237, prefill=2.006164",26dae1f99b2b50fb17118f38d8a8e95dfac3357c
Qwen/Qwen3-VL-2B-Instruct,Qwen3VLForConditionalGeneration,gb200,trtllm,1.3.0rc17,PASS,,"python python/aisimulate/tools/support_matrix/generate_fpe_support_matrix.py --model ""Qwen/Qwen3-VL-2B-Instruct"" --system ""gb200"" --backend ""trtllm"" --backend-version ""1.3.0rc17"" --forward-model op_level --max-workers 8",silicon,12,3,PASS=12,"decode_end=375.193701, decode_start=1.452693, mixed=2.302984, prefill=1.973743",26dae1f99b2b50fb17118f38d8a8e95dfac3357c
Qwen/Qwen3-VL-2B-Instruct,Qwen3VLForConditionalGeneration,gb200,trtllm,1.3.0rc20,PASS,,"python python/aisimulate/tools/support_matrix/generate_fpe_support_matrix.py --model ""Qwen/Qwen3-VL-2B-Instruct"" --system ""gb200"" --backend ""trtllm"" --backend-version ""1.3.0rc20"" --forward-model op_level --max-workers 8",silicon,12,3,PASS=12,"decode_end=398.355417, decode_start=1.541839, mixed=2.430551, prefill=2.017940",26dae1f99b2b50fb17118f38d8a8e95dfac3357c
Qwen/Qwen3-VL-2B-Instruct,Qwen3VLForConditionalGeneration,gb200,trtllm,1.3.0rc23,PASS,,"python python/aisimulate/tools/support_matrix/generate_fpe_support_matrix.py --model ""Qwen/Qwen3-VL-2B-Instruct"" --system ""gb200"" --backend ""trtllm"" --backend-version ""1.3.0rc23"" --forward-model op_level --max-workers 8",silicon,12,3,PASS=12,"decode_end=398.355417, decode_start=1.541839, mixed=2.430551, prefill=2.017940",26dae1f99b2b50fb17118f38d8a8e95dfac3357c
Qwen/Qwen3-VL-2B-Instruct,Qwen3VLForConditionalGeneration,gb200,vllm,0.1.dev19262,FAIL,Strict-native op-level FPE probes: PERF_DATA_MISSING=12; raw probes=12; topologies=3; source_sha=26dae1f99b2b50fb17118f38d8a8e95dfac3357c. Representative failure: perf database error: perf database error: no GEMM rows loaded from 1 source(s) (first: <repo>/python/aisimulate/src/aiconfigurator_core/systems/data/gb200/vllm/0.1.dev19262/gemm_perf.parquet),"python python/aisimulate/tools/support_matrix/generate_fpe_support_matrix.py --model ""Qwen/Qwen3-VL-2B-Instruct"" --system ""gb200"" --backend ""vllm"" --backend-version ""0.1.dev19262"" --forward-model op_level --max-workers 8",,12,3,PERF_DATA_MISSING=12,,26dae1f99b2b50fb17118f38d8a8e95dfac3357c
Qwen/Qwen3-VL-2B-Instruct,Qwen3VLForConditionalGeneration,gb200,vllm,0.14.0,PASS,,"python python/aisimulate/tools/support_matrix/generate_fpe_support_matrix.py --model ""Qwen/Qwen3-VL-2B-Instruct"" --system ""gb200"" --backend ""vllm"" --backend-version ""0.14.0"" --forward-model op_level --max-workers 8",silicon,12,3,PASS=12,"decode_end=427.749929, decode_start=1.678562, mixed=2.421992, prefill=2.100844",26dae1f99b2b50fb17118f38d8a8e95dfac3357c
Qwen/Qwen3-VL-2B-Instruct,Qwen3VLForConditionalGeneration,gb200,vllm,0.19.0,PASS,,"python python/aisimulate/tools/support_matrix/generate_fpe_support_matrix.py --model ""Qwen/Qwen3-VL-2B-Instruct"" --system ""gb200"" --backend ""vllm"" --backend-version ""0.19.0"" --forward-model op_level --max-workers 8",silicon,12,3,PASS=12,"decode_end=373.596718, decode_start=1.453492, mixed=2.203158, prefill=1.887463",26dae1f99b2b50fb17118f38d8a8e95dfac3357c
Qwen/Qwen3-VL-2B-Instruct,Qwen3VLForConditionalGeneration,gb200,vllm,0.22.0,PASS,,"python python/aisimulate/tools/support_matrix/generate_fpe_support_matrix.py --model ""Qwen/Qwen3-VL-2B-Instruct"" --system ""gb200"" --backend ""vllm"" --backend-version ""0.22.0"" --forward-model op_level --max-workers 8",silicon,12,3,PASS=12,"decode_end=363.310852, decode_start=1.424368, mixed=2.153617, prefill=1.859348",26dae1f99b2b50fb17118f38d8a8e95dfac3357c
Qwen/Qwen3-VL-2B-Instruct,Qwen3VLForConditionalGeneration,gb200,vllm,0.24.0,PASS,,"python python/aisimulate/tools/support_matrix/generate_fpe_support_matrix.py --model ""Qwen/Qwen3-VL-2B-Instruct"" --system ""gb200"" --backend ""vllm"" --backend-version ""0.24.0"" --forward-model op_level --max-workers 8",silicon,12,3,PASS=12,"decode_end=412.662481, decode_start=1.616621, mixed=2.351774, prefill=2.023605",26dae1f99b2b50fb17118f38d8a8e95dfac3357c
Qwen/Qwen3-VL-30B-A3B-Instruct,Qwen3VLMoeForConditionalGeneration,gb200,sglang,0.5.10,PASS,,"python python/aisimulate/tools/support_matrix/generate_fpe_support_matrix.py --model ""Qwen/Qwen3-VL-30B-A3B-Instruct"" --system ""gb200"" --backend ""sglang"" --backend-version ""0.5.10"" --forward-model op_level --max-workers 8",silicon,540,135,"PASS=164, PERF_DATA_MISSING=56, SDK_UNREPRESENTABLE=320","decode_end=1722.584157, decode_start=6.756196, mixed=14.263595, prefill=13.659650",26dae1f99b2b50fb17118f38d8a8e95dfac3357c
Qwen/Qwen3-VL-30B-A3B-Instruct,Qwen3VLMoeForConditionalGeneration,gb200,sglang,0.5.12,PASS,,"python python/aisimulate/tools/support_matrix/generate_fpe_support_matrix.py --model ""Qwen/Qwen3-VL-30B-A3B-Instruct"" --system ""gb200"" --backend ""sglang"" --backend-version ""0.5.12"" --forward-model op_level --max-workers 8",silicon,540,135,"PASS=220, SDK_UNREPRESENTABLE=320","decode_end=1237.472087, decode_start=4.853815, mixed=11.606546, prefill=11.044551",26dae1f99b2b50fb17118f38d8a8e95dfac3357c
Qwen/Qwen3-VL-30B-A3B-Instruct,Qwen3VLMoeForConditionalGeneration,gb200,sglang,0.5.14,PASS,,"python python/aisimulate/tools/support_matrix/generate_fpe_support_matrix.py --model ""Qwen/Qwen3-VL-30B-A3B-Instruct"" --system ""gb200"" --backend ""sglang"" --backend-version ""0.5.14"" --forward-model op_level --max-workers 8",silicon,540,135,"PASS=220, SDK_UNREPRESENTABLE=320","decode_end=1237.472087, decode_start=4.853815, mixed=11.606546, prefill=11.044551",26dae1f99b2b50fb17118f38d8a8e95dfac3357c
Qwen/Qwen3-VL-30B-A3B-Instruct,Qwen3VLMoeForConditionalGeneration,gb200,sglang,0.5.16,PASS,,"python python/aisimulate/tools/support_matrix/generate_fpe_support_matrix.py --model ""Qwen/Qwen3-VL-30B-A3B-Instruct"" --system ""gb200"" --backend ""sglang"" --backend-version ""0.5.16"" --forward-model op_level --max-workers 8",silicon,540,135,"PASS=220, SDK_UNREPRESENTABLE=320","decode_end=1237.472087, decode_start=4.853815, mixed=11.606546, prefill=11.044551",26dae1f99b2b50fb17118f38d8a8e95dfac3357c
Qwen/Qwen3-VL-30B-A3B-Instruct,Qwen3VLMoeForConditionalGeneration,gb200,sglang,0.5.9,PASS,,"python python/aisimulate/tools/support_matrix/generate_fpe_support_matrix.py --model ""Qwen/Qwen3-VL-30B-A3B-Instruct"" --system ""gb200"" --backend ""sglang"" --backend-version ""0.5.9"" --forward-model op_level --max-workers 8",silicon,540,135,"PASS=164, PERF_DATA_MISSING=56, SDK_UNREPRESENTABLE=320","decode_end=1675.221604, decode_start=6.568980, mixed=14.196138, prefill=13.688789",26dae1f99b2b50fb17118f38d8a8e95dfac3357c
Qwen/Qwen3-VL-30B-A3B-Instruct,Qwen3VLMoeForConditionalGeneration,gb200,trtllm,1.3.0rc10,PASS,,"python python/aisimulate/tools/support_matrix/generate_fpe_support_matrix.py --model ""Qwen/Qwen3-VL-30B-A3B-Instruct"" --system ""gb200"" --backend ""trtllm"" --backend-version ""1.3.0rc10"" --forward-model op_level --max-workers 8",silicon,116,29,"PASS=92, PERF_DATA_MISSING=24","decode_end=1570.650831, decode_start=6.033796, mixed=13.348507, prefill=12.239381",26dae1f99b2b50fb17118f38d8a8e95dfac3357c
Qwen/Qwen3-VL-30B-A3B-Instruct,Qwen3VLMoeForConditionalGeneration,gb200,trtllm,1.3.0rc15,PASS,,"python python/aisimulate/tools/support_matrix/generate_fpe_support_matrix.py --model ""Qwen/Qwen3-VL-30B-A3B-Instruct"" --system ""gb200"" --backend ""trtllm"" --backend-version ""1.3.0rc15"" --forward-model op_level --max-workers 8",silicon,116,29,"PASS=92, PERF_DATA_MISSING=24","decode_end=1570.650831, decode_start=6.033796, mixed=13.348507, prefill=12.239381",26dae1f99b2b50fb17118f38d8a8e95dfac3357c
Qwen/Qwen3-VL-30B-A3B-Instruct,Qwen3VLMoeForConditionalGeneration,gb200,trtllm,1.3.0rc17,PASS,,"python python/aisimulate/tools/support_matrix/generate_fpe_support_matrix.py --model ""Qwen/Qwen3-VL-30B-A3B-Instruct"" --system ""gb200"" --backend ""trtllm"" --backend-version ""1.3.0rc17"" --forward-model op_level --max-workers 8",silicon,116,29,"PASS=92, PERF_DATA_MISSING=24","decode_end=1432.397068, decode_start=5.580459, mixed=12.768624, prefill=12.173781",26dae1f99b2b50fb17118f38d8a8e95dfac3357c
Qwen/Qwen3-VL-30B-A3B-Instruct,Qwen3VLMoeForConditionalGeneration,gb200,trtllm,1.3.0rc20,PASS,,"python python/aisimulate/tools/support_matrix/generate_fpe_support_matrix.py --model ""Qwen/Qwen3-VL-30B-A3B-Instruct"" --system ""gb200"" --backend ""trtllm"" --backend-version ""1.3.0rc20"" --forward-model op_level --max-workers 8",silicon,116,29,PASS=116,"decode_end=1506.590897, decode_start=5.895724, mixed=12.760450, prefill=12.110228",26dae1f99b2b50fb17118f38d8a8e95dfac3357c
Qwen/Qwen3-VL-30B-A3B-Instruct,Qwen3VLMoeForConditionalGeneration,gb200,trtllm,1.3.0rc23,PASS,,"python python/aisimulate/tools/support_matrix/generate_fpe_support_matrix.py --model ""Qwen/Qwen3-VL-30B-A3B-Instruct"" --system ""gb200"" --backend ""trtllm"" --backend-version ""1.3.0rc23"" --forward-model op_level --max-workers 8",silicon,116,29,PASS=116,"decode_end=1506.590897, decode_start=5.895724, mixed=12.760450, prefill=12.110228",26dae1f99b2b50fb17118f38d8a8e95dfac3357c
Qwen/Qwen3-VL-30B-A3B-Instruct,Qwen3VLMoeForConditionalGeneration,gb200,vllm,0.1.dev19262,FAIL,Strict-native op-level FPE probes: PERF_DATA_MISSING=116; raw probes=116; topologies=29; source_sha=26dae1f99b2b50fb17118f38d8a8e95dfac3357c. Representative failure: perf database error: perf database error: no GEMM rows loaded from 1 source(s) (first: <repo>/python/aisimulate/src/aiconfigurator_core/systems/data/gb200/vllm/0.1.dev19262/gemm_perf.parquet),"python python/aisimulate/tools/support_matrix/generate_fpe_support_matrix.py --model ""Qwen/Qwen3-VL-30B-A3B-Instruct"" --system ""gb200"" --backend ""vllm"" --backend-version ""0.1.dev19262"" --forward-model op_level --max-workers 8",,116,29,PERF_DATA_MISSING=116,,26dae1f99b2b50fb17118f38d8a8e95dfac3357c
Qwen/Qwen3-VL-30B-A3B-Instruct,Qwen3VLMoeForConditionalGeneration,gb200,vllm,0.14.0,PASS,,"python python/aisimulate/tools/support_matrix/generate_fpe_support_matrix.py --model ""Qwen/Qwen3-VL-30B-A3B-Instruct"" --system ""gb200"" --backend ""vllm"" --backend-version ""0.14.0"" --forward-model op_level --max-workers 8",silicon,116,29,"PASS=80, PERF_DATA_MISSING=36","decode_end=1738.265781, decode_start=6.777728, mixed=14.484375, prefill=13.908436",26dae1f99b2b50fb17118f38d8a8e95dfac3357c
Qwen/Qwen3-VL-30B-A3B-Instruct,Qwen3VLMoeForConditionalGeneration,gb200,vllm,0.19.0,PASS,,"python python/aisimulate/tools/support_matrix/generate_fpe_support_matrix.py --model ""Qwen/Qwen3-VL-30B-A3B-Instruct"" --system ""gb200"" --backend ""vllm"" --backend-version ""0.19.0"" --forward-model op_level --max-workers 8",silicon,116,29,"PASS=80, PERF_DATA_MISSING=36","decode_end=1513.546673, decode_start=5.926383, mixed=13.522091, prefill=13.063913",26dae1f99b2b50fb17118f38d8a8e95dfac3357c
Qwen/Qwen3-VL-30B-A3B-Instruct,Qwen3VLMoeForConditionalGeneration,gb200,vllm,0.22.0,PASS,,"python python/aisimulate/tools/support_matrix/generate_fpe_support_matrix.py --model ""Qwen/Qwen3-VL-30B-A3B-Instruct"" --system ""gb200"" --backend ""vllm"" --backend-version ""0.22.0"" --forward-model op_level --max-workers 8",silicon,116,29,"PASS=80, PERF_DATA_MISSING=36","decode_end=1244.466414, decode_start=4.876760, mixed=11.680710, prefill=11.218075",26dae1f99b2b50fb17118f38d8a8e95dfac3357c
Qwen/Qwen3-VL-30B-A3B-Instruct,Qwen3VLMoeForConditionalGeneration,gb200,vllm,0.24.0,PASS,,"python python/aisimulate/tools/support_matrix/generate_fpe_support_matrix.py --model ""Qwen/Qwen3-VL-30B-A3B-Instruct"" --system ""gb200"" --backend ""vllm"" --backend-version ""0.24.0"" --forward-model op_level --max-workers 8",silicon,116,29,"PASS=80, PERF_DATA_MISSING=36","decode_end=1327.414386, decode_start=5.205821, mixed=11.961560, prefill=11.391090",26dae1f99b2b50fb17118f38d8a8e95dfac3357c
Qwen/Qwen3-VL-32B-Instruct,Qwen3VLForConditionalGeneration,gb200,sglang,0.5.10,PASS,,"python python/aisimulate/tools/support_matrix/generate_fpe_support_matrix.py --model ""Qwen/Qwen3-VL-32B-Instruct"" --system ""gb200"" --backend ""sglang"" --backend-version ""0.5.10"" --forward-model op_level --max-workers 8",silicon,56,14,"PASS=20, SDK_UNREPRESENTABLE=36","decode_end=3140.210326, decode_start=12.337870, mixed=16.648796, prefill=14.084833",26dae1f99b2b50fb17118f38d8a8e95dfac3357c
Qwen/Qwen3-VL-32B-Instruct,Qwen3VLForConditionalGeneration,gb200,sglang,0.5.12,PASS,,"python python/aisimulate/tools/support_matrix/generate_fpe_support_matrix.py --model ""Qwen/Qwen3-VL-32B-Instruct"" --system ""gb200"" --backend ""sglang"" --backend-version ""0.5.12"" --forward-model op_level --max-workers 8",silicon,56,14,"PASS=20, SDK_UNREPRESENTABLE=36","decode_end=3183.761971, decode_start=12.486958, mixed=16.663787, prefill=14.075622",26dae1f99b2b50fb17118f38d8a8e95dfac3357c
Qwen/Qwen3-VL-32B-Instruct,Qwen3VLForConditionalGeneration,gb200,sglang,0.5.14,PASS,,"python python/aisimulate/tools/support_matrix/generate_fpe_support_matrix.py --model ""Qwen/Qwen3-VL-32B-Instruct"" --system ""gb200"" --backend ""sglang"" --backend-version ""0.5.14"" --forward-model op_level --max-workers 8",silicon,56,14,"PASS=20, SDK_UNREPRESENTABLE=36","decode_end=3183.761971, decode_start=12.486958, mixed=16.663787, prefill=14.075622",26dae1f99b2b50fb17118f38d8a8e95dfac3357c
Qwen/Qwen3-VL-32B-Instruct,Qwen3VLForConditionalGeneration,gb200,sglang,0.5.16,PASS,,"python python/aisimulate/tools/support_matrix/generate_fpe_support_matrix.py --model ""Qwen/Qwen3-VL-32B-Instruct"" --system ""gb200"" --backend ""sglang"" --backend-version ""0.5.16"" --forward-model op_level --max-workers 8",silicon,56,14,"PASS=20, SDK_UNREPRESENTABLE=36","decode_end=3183.761971, decode_start=12.486958, mixed=16.663787, prefill=14.075622",26dae1f99b2b50fb17118f38d8a8e95dfac3357c
Qwen/Qwen3-VL-32B-Instruct,Qwen3VLForConditionalGeneration,gb200,sglang,0.5.9,PASS,,"python python/aisimulate/tools/support_matrix/generate_fpe_support_matrix.py --model ""Qwen/Qwen3-VL-32B-Instruct"" --system ""gb200"" --backend ""sglang"" --backend-version ""0.5.9"" --forward-model op_level --max-workers 8",silicon,56,14,"PASS=20, SDK_UNREPRESENTABLE=36","decode_end=3170.520609, decode_start=12.413603, mixed=17.103573, prefill=14.093495",26dae1f99b2b50fb17118f38d8a8e95dfac3357c
Qwen/Qwen3-VL-32B-Instruct,Qwen3VLForConditionalGeneration,gb200,trtllm,1.3.0rc10,PASS,,"python python/aisimulate/tools/support_matrix/generate_fpe_support_matrix.py --model ""Qwen/Qwen3-VL-32B-Instruct"" --system ""gb200"" --backend ""trtllm"" --backend-version ""1.3.0rc10"" --forward-model op_level --max-workers 8",silicon,20,5,PASS=20,"decode_end=3561.922001, decode_start=13.680056, mixed=18.369178, prefill=15.164010",26dae1f99b2b50fb17118f38d8a8e95dfac3357c
Qwen/Qwen3-VL-32B-Instruct,Qwen3VLForConditionalGeneration,gb200,trtllm,1.3.0rc15,PASS,,"python python/aisimulate/tools/support_matrix/generate_fpe_support_matrix.py --model ""Qwen/Qwen3-VL-32B-Instruct"" --system ""gb200"" --backend ""trtllm"" --backend-version ""1.3.0rc15"" --forward-model op_level --max-workers 8",silicon,20,5,PASS=20,"decode_end=3561.922001, decode_start=13.680056, mixed=18.369178, prefill=15.164010",26dae1f99b2b50fb17118f38d8a8e95dfac3357c
Qwen/Qwen3-VL-32B-Instruct,Qwen3VLForConditionalGeneration,gb200,trtllm,1.3.0rc17,PASS,,"python python/aisimulate/tools/support_matrix/generate_fpe_support_matrix.py --model ""Qwen/Qwen3-VL-32B-Instruct"" --system ""gb200"" --backend ""trtllm"" --backend-version ""1.3.0rc17"" --forward-model op_level --max-workers 8",silicon,20,5,PASS=20,"decode_end=3307.098005, decode_start=12.968717, mixed=17.702410, prefill=15.475692",26dae1f99b2b50fb17118f38d8a8e95dfac3357c
Qwen/Qwen3-VL-32B-Instruct,Qwen3VLForConditionalGeneration,gb200,trtllm,1.3.0rc20,PASS,,"python python/aisimulate/tools/support_matrix/generate_fpe_support_matrix.py --model ""Qwen/Qwen3-VL-32B-Instruct"" --system ""gb200"" --backend ""trtllm"" --backend-version ""1.3.0rc20"" --forward-model op_level --max-workers 8",silicon,20,5,PASS=20,"decode_end=3423.676764, decode_start=13.382222, mixed=17.639798, prefill=15.314179",26dae1f99b2b50fb17118f38d8a8e95dfac3357c
Qwen/Qwen3-VL-32B-Instruct,Qwen3VLForConditionalGeneration,gb200,trtllm,1.3.0rc23,PASS,,"python python/aisimulate/tools/support_matrix/generate_fpe_support_matrix.py --model ""Qwen/Qwen3-VL-32B-Instruct"" --system ""gb200"" --backend ""trtllm"" --backend-version ""1.3.0rc23"" --forward-model op_level --max-workers 8",silicon,20,5,PASS=20,"decode_end=3423.676764, decode_start=13.382222, mixed=17.639798, prefill=15.314179",26dae1f99b2b50fb17118f38d8a8e95dfac3357c
Qwen/Qwen3-VL-32B-Instruct,Qwen3VLForConditionalGeneration,gb200,vllm,0.1.dev19262,FAIL,Strict-native op-level FPE probes: PERF_DATA_MISSING=20; raw probes=20; topologies=5; source_sha=26dae1f99b2b50fb17118f38d8a8e95dfac3357c. Representative failure: perf database error: perf database error: no GEMM rows loaded from 1 source(s) (first: <repo>/python/aisimulate/src/aiconfigurator_core/systems/data/gb200/vllm/0.1.dev19262/gemm_perf.parquet),"python python/aisimulate/tools/support_matrix/generate_fpe_support_matrix.py --model ""Qwen/Qwen3-VL-32B-Instruct"" --system ""gb200"" --backend ""vllm"" --backend-version ""0.1.dev19262"" --forward-model op_level --max-workers 8",,20,5,PERF_DATA_MISSING=20,,26dae1f99b2b50fb17118f38d8a8e95dfac3357c
Qwen/Qwen3-VL-32B-Instruct,Qwen3VLForConditionalGeneration,gb200,vllm,0.14.0,PASS,,"python python/aisimulate/tools/support_matrix/generate_fpe_support_matrix.py --model ""Qwen/Qwen3-VL-32B-Instruct"" --system ""gb200"" --backend ""vllm"" --backend-version ""0.14.0"" --forward-model op_level --max-workers 8",silicon,20,5,PASS=20,"decode_end=3011.330301, decode_start=11.809268, mixed=15.632313, prefill=14.576087",26dae1f99b2b50fb17118f38d8a8e95dfac3357c
Qwen/Qwen3-VL-32B-Instruct,Qwen3VLForConditionalGeneration,gb200,vllm,0.19.0,PASS,,"python python/aisimulate/tools/support_matrix/generate_fpe_support_matrix.py --model ""Qwen/Qwen3-VL-32B-Instruct"" --system ""gb200"" --backend ""vllm"" --backend-version ""0.19.0"" --forward-model op_level --max-workers 8",silicon,20,5,PASS=20,"decode_end=3152.177768, decode_start=12.339441, mixed=16.390999, prefill=13.999731",26dae1f99b2b50fb17118f38d8a8e95dfac3357c
Qwen/Qwen3-VL-32B-Instruct,Qwen3VLForConditionalGeneration,gb200,vllm,0.22.0,PASS,,"python python/aisimulate/tools/support_matrix/generate_fpe_support_matrix.py --model ""Qwen/Qwen3-VL-32B-Instruct"" --system ""gb200"" --backend ""vllm"" --backend-version ""0.22.0"" --forward-model op_level --max-workers 8",silicon,20,5,PASS=20,"decode_end=3142.469430, decode_start=12.322941, mixed=16.422237, prefill=13.927028",26dae1f99b2b50fb17118f38d8a8e95dfac3357c
Qwen/Qwen3-VL-32B-Instruct,Qwen3VLForConditionalGeneration,gb200,vllm,0.24.0,PASS,,"python python/aisimulate/tools/support_matrix/generate_fpe_support_matrix.py --model ""Qwen/Qwen3-VL-32B-Instruct"" --system ""gb200"" --backend ""vllm"" --backend-version ""0.24.0"" --forward-model op_level --max-workers 8",silicon,20,5,PASS=20,"decode_end=3067.160664, decode_start=12.016980, mixed=16.611215, prefill=13.922357",26dae1f99b2b50fb17118f38d8a8e95dfac3357c
Qwen/Qwen3-VL-32B-Thinking,Qwen3VLForConditionalGeneration,gb200,sglang,0.5.10,PASS,,"python python/aisimulate/tools/support_matrix/generate_fpe_support_matrix.py --model ""Qwen/Qwen3-VL-32B-Thinking"" --system ""gb200"" --backend ""sglang"" --backend-version ""0.5.10"" --forward-model op_level --max-workers 8",silicon,56,14,"PASS=20, SDK_UNREPRESENTABLE=36","decode_end=3140.210326, decode_start=12.337870, mixed=16.648796, prefill=14.084833",26dae1f99b2b50fb17118f38d8a8e95dfac3357c
Qwen/Qwen3-VL-32B-Thinking,Qwen3VLForConditionalGeneration,gb200,sglang,0.5.12,PASS,,"python python/aisimulate/tools/support_matrix/generate_fpe_support_matrix.py --model ""Qwen/Qwen3-VL-32B-Thinking"" --system ""gb200"" --backend ""sglang"" --backend-version ""0.5.12"" --forward-model op_level --max-workers 8",silicon,56,14,"PASS=20, SDK_UNREPRESENTABLE=36","decode_end=3183.761971, decode_start=12.486958, mixed=16.663787, prefill=14.075622",26dae1f99b2b50fb17118f38d8a8e95dfac3357c
Qwen/Qwen3-VL-32B-Thinking,Qwen3VLForConditionalGeneration,gb200,sglang,0.5.14,PASS,,"python python/aisimulate/tools/support_matrix/generate_fpe_support_matrix.py --model ""Qwen/Qwen3-VL-32B-Thinking"" --system ""gb200"" --backend ""sglang"" --backend-version ""0.5.14"" --forward-model op_level --max-workers 8",silicon,56,14,"PASS=20, SDK_UNREPRESENTABLE=36","decode_end=3183.761971, decode_start=12.486958, mixed=16.663787, prefill=14.075622",26dae1f99b2b50fb17118f38d8a8e95dfac3357c
Qwen/Qwen3-VL-32B-Thinking,Qwen3VLForConditionalGeneration,gb200,sglang,0.5.16,PASS,,"python python/aisimulate/tools/support_matrix/generate_fpe_support_matrix.py --model ""Qwen/Qwen3-VL-32B-Thinking"" --system ""gb200"" --backend ""sglang"" --backend-version ""0.5.16"" --forward-model op_level --max-workers 8",silicon,56,14,"PASS=20, SDK_UNREPRESENTABLE=36","decode_end=3183.761971, decode_start=12.486958, mixed=16.663787, prefill=14.075622",26dae1f99b2b50fb17118f38d8a8e95dfac3357c
Qwen/Qwen3-VL-32B-Thinking,Qwen3VLForConditionalGeneration,gb200,sglang,0.5.9,PASS,,"python python/aisimulate/tools/support_matrix/generate_fpe_support_matrix.py --model ""Qwen/Qwen3-VL-32B-Thinking"" --system ""gb200"" --backend ""sglang"" --backend-version ""0.5.9"" --forward-model op_level --max-workers 8",silicon,56,14,"PASS=20, SDK_UNREPRESENTABLE=36","decode_end=3170.520609, decode_start=12.413603, mixed=17.103573, prefill=14.093495",26dae1f99b2b50fb17118f38d8a8e95dfac3357c
Qwen/Qwen3-VL-32B-Thinking,Qwen3VLForConditionalGeneration,gb200,trtllm,1.3.0rc10,PASS,,"python python/aisimulate/tools/support_matrix/generate_fpe_support_matrix.py --model ""Qwen/Qwen3-VL-32B-Thinking"" --system ""gb200"" --backend ""trtllm"" --backend-version ""1.3.0rc10"" --forward-model op_level --max-workers 8",silicon,20,5,PASS=20,"decode_end=3561.922001, decode_start=13.680056, mixed=18.369178, prefill=15.164010",26dae1f99b2b50fb17118f38d8a8e95dfac3357c
Qwen/Qwen3-VL-32B-Thinking,Qwen3VLForConditionalGeneration,gb200,trtllm,1.3.0rc15,PASS,,"python python/aisimulate/tools/support_matrix/generate_fpe_support_matrix.py --model ""Qwen/Qwen3-VL-32B-Thinking"" --system ""gb200"" --backend ""trtllm"" --backend-version ""1.3.0rc15"" --forward-model op_level --max-workers 8",silicon,20,5,PASS=20,"decode_end=3561.922001, decode_start=13.680056, mixed=18.369178, prefill=15.164010",26dae1f99b2b50fb17118f38d8a8e95dfac3357c
Qwen/Qwen3-VL-32B-Thinking,Qwen3VLForConditionalGeneration,gb200,trtllm,1.3.0rc17,PASS,,"python python/aisimulate/tools/support_matrix/generate_fpe_support_matrix.py --model ""Qwen/Qwen3-VL-32B-Thinking"" --system ""gb200"" --backend ""trtllm"" --backend-version ""1.3.0rc17"" --forward-model op_level --max-workers 8",silicon,20,5,PASS=20,"decode_end=3307.098005, decode_start=12.968717, mixed=17.702410, prefill=15.475692",26dae1f99b2b50fb17118f38d8a8e95dfac3357c
Qwen/Qwen3-VL-32B-Thinking,Qwen3VLForConditionalGeneration,gb200,trtllm,1.3.0rc20,PASS,,"python python/aisimulate/tools/support_matrix/generate_fpe_support_matrix.py --model ""Qwen/Qwen3-VL-32B-Thinking"" --system ""gb200"" --backend ""trtllm"" --backend-version ""1.3.0rc20"" --forward-model op_level --max-workers 8",silicon,20,5,PASS=20,"decode_end=3423.676764, decode_start=13.382222, mixed=17.639798, prefill=15.314179",26dae1f99b2b50fb17118f38d8a8e95dfac3357c
Qwen/Qwen3-VL-32B-Thinking,Qwen3VLForConditionalGeneration,gb200,trtllm,1.3.0rc23,PASS,,"python python/aisimulate/tools/support_matrix/generate_fpe_support_matrix.py --model ""Qwen/Qwen3-VL-32B-Thinking"" --system ""gb200"" --backend ""trtllm"" --backend-version ""1.3.0rc23"" --forward-model op_level --max-workers 8",silicon,20,5,PASS=20,"decode_end=3423.676764, decode_start=13.382222, mixed=17.639798, prefill=15.314179",26dae1f99b2b50fb17118f38d8a8e95dfac3357c
Qwen/Qwen3-VL-32B-Thinking,Qwen3VLForConditionalGeneration,gb200,vllm,0.1.dev19262,FAIL,Strict-native op-level FPE probes: PERF_DATA_MISSING=20; raw probes=20; topologies=5; source_sha=26dae1f99b2b50fb17118f38d8a8e95dfac3357c. Representative failure: perf database error: perf database error: no GEMM rows loaded from 1 source(s) (first: <repo>/python/aisimulate/src/aiconfigurator_core/systems/data/gb200/vllm/0.1.dev19262/gemm_perf.parquet),"python python/aisimulate/tools/support_matrix/generate_fpe_support_matrix.py --model ""Qwen/Qwen3-VL-32B-Thinking"" --system ""gb200"" --backend ""vllm"" --backend-version ""0.1.dev19262"" --forward-model op_level --max-workers 8",,20,5,PERF_DATA_MISSING=20,,26dae1f99b2b50fb17118f38d8a8e95dfac3357c
Qwen/Qwen3-VL-32B-Thinking,Qwen3VLForConditionalGeneration,gb200,vllm,0.14.0,PASS,,"python python/aisimulate/tools/support_matrix/generate_fpe_support_matrix.py --model ""Qwen/Qwen3-VL-32B-Thinking"" --system ""gb200"" --backend ""vllm"" --backend-version ""0.14.0"" --forward-model op_level --max-workers 8",silicon,20,5,PASS=20,"decode_end=3011.330301, decode_start=11.809268, mixed=15.632313, prefill=14.576087",26dae1f99b2b50fb17118f38d8a8e95dfac3357c
Qwen/Qwen3-VL-32B-Thinking,Qwen3VLForConditionalGeneration,gb200,vllm,0.19.0,PASS,,"python python/aisimulate/tools/support_matrix/generate_fpe_support_matrix.py --model ""Qwen/Qwen3-VL-32B-Thinking"" --system ""gb200"" --backend ""vllm"" --backend-version ""0.19.0"" --forward-model op_level --max-workers 8",silicon,20,5,PASS=20,"decode_end=3152.177768, decode_start=12.339441, mixed=16.390999, prefill=13.999731",26dae1f99b2b50fb17118f38d8a8e95dfac3357c
Qwen/Qwen3-VL-32B-Thinking,Qwen3VLForConditionalGeneration,gb200,vllm,0.22.0,PASS,,"python python/aisimulate/tools/support_matrix/generate_fpe_support_matrix.py --model ""Qwen/Qwen3-VL-32B-Thinking"" --system ""gb200"" --backend ""vllm"" --backend-version ""0.22.0"" --forward-model op_level --max-workers 8",silicon,20,5,PASS=20,"decode_end=3142.469430, decode_start=12.322941, mixed=16.422237, prefill=13.927028",26dae1f99b2b50fb17118f38d8a8e95dfac3357c
Qwen/Qwen3-VL-32B-Thinking,Qwen3VLForConditionalGeneration,gb200,vllm,0.24.0,PASS,,"python python/aisimulate/tools/support_matrix/generate_fpe_support_matrix.py --model ""Qwen/Qwen3-VL-32B-Thinking"" --system ""gb200"" --backend ""vllm"" --backend-version ""0.24.0"" --forward-model op_level --max-workers 8",silicon,20,5,PASS=20,"decode_end=3067.160664, decode_start=12.016980, mixed=16.611215, prefill=13.922357",26dae1f99b2b50fb17118f38d8a8e95dfac3357c
Qwen/Qwen3-VL-4B-Instruct,Qwen3VLForConditionalGeneration,gb200,sglang,0.5.10,PASS,,"python python/aisimulate/tools/support_matrix/generate_fpe_support_matrix.py --model ""Qwen/Qwen3-VL-4B-Instruct"" --system ""gb200"" --backend ""sglang"" --backend-version ""0.5.10"" --forward-model op_level --max-workers 8",silicon,24,6,"PASS=12, SDK_UNREPRESENTABLE=12","decode_end=598.745807, decode_start=2.358632, mixed=3.648466, prefill=3.188734",26dae1f99b2b50fb17118f38d8a8e95dfac3357c
Qwen/Qwen3-VL-4B-Instruct,Qwen3VLForConditionalGeneration,gb200,sglang,0.5.12,PASS,,"python python/aisimulate/tools/support_matrix/generate_fpe_support_matrix.py --model ""Qwen/Qwen3-VL-4B-Instruct"" --system ""gb200"" --backend ""sglang"" --backend-version ""0.5.12"" --forward-model op_level --max-workers 8",silicon,24,6,"PASS=12, SDK_UNREPRESENTABLE=12","decode_end=609.814334, decode_start=2.389358, mixed=3.696016, prefill=3.422668",26dae1f99b2b50fb17118f38d8a8e95dfac3357c
Qwen/Qwen3-VL-4B-Instruct,Qwen3VLForConditionalGeneration,gb200,sglang,0.5.14,PASS,,"python python/aisimulate/tools/support_matrix/generate_fpe_support_matrix.py --model ""Qwen/Qwen3-VL-4B-Instruct"" --system ""gb200"" --backend ""sglang"" --backend-version ""0.5.14"" --forward-model op_level --max-workers 8",silicon,24,6,"PASS=12, SDK_UNREPRESENTABLE=12","decode_end=609.814334, decode_start=2.389358, mixed=3.696016, prefill=3.422668",26dae1f99b2b50fb17118f38d8a8e95dfac3357c
Qwen/Qwen3-VL-4B-Instruct,Qwen3VLForConditionalGeneration,gb200,sglang,0.5.16,PASS,,"python python/aisimulate/tools/support_matrix/generate_fpe_support_matrix.py --model ""Qwen/Qwen3-VL-4B-Instruct"" --system ""gb200"" --backend ""sglang"" --backend-version ""0.5.16"" --forward-model op_level --max-workers 8",silicon,24,6,"PASS=12, SDK_UNREPRESENTABLE=12","decode_end=609.814334, decode_start=2.389358, mixed=3.696016, prefill=3.422668",26dae1f99b2b50fb17118f38d8a8e95dfac3357c
Qwen/Qwen3-VL-4B-Instruct,Qwen3VLForConditionalGeneration,gb200,sglang,0.5.9,PASS,,"python python/aisimulate/tools/support_matrix/generate_fpe_support_matrix.py --model ""Qwen/Qwen3-VL-4B-Instruct"" --system ""gb200"" --backend ""sglang"" --backend-version ""0.5.9"" --forward-model op_level --max-workers 8",silicon,24,6,"PASS=12, SDK_UNREPRESENTABLE=12","decode_end=601.128362, decode_start=2.353769, mixed=3.680837, prefill=3.186202",26dae1f99b2b50fb17118f38d8a8e95dfac3357c
Qwen/Qwen3-VL-4B-Instruct,Qwen3VLForConditionalGeneration,gb200,trtllm,1.3.0rc10,PASS,,"python python/aisimulate/tools/support_matrix/generate_fpe_support_matrix.py --model ""Qwen/Qwen3-VL-4B-Instruct"" --system ""gb200"" --backend ""trtllm"" --backend-version ""1.3.0rc10"" --forward-model op_level --max-workers 8",silicon,12,3,PASS=12,"decode_end=705.323905, decode_start=2.704567, mixed=4.218380, prefill=3.379873",26dae1f99b2b50fb17118f38d8a8e95dfac3357c
Qwen/Qwen3-VL-4B-Instruct,Qwen3VLForConditionalGeneration,gb200,trtllm,1.3.0rc15,PASS,,"python python/aisimulate/tools/support_matrix/generate_fpe_support_matrix.py --model ""Qwen/Qwen3-VL-4B-Instruct"" --system ""gb200"" --backend ""trtllm"" --backend-version ""1.3.0rc15"" --forward-model op_level --max-workers 8",silicon,12,3,PASS=12,"decode_end=705.323905, decode_start=2.704567, mixed=4.218380, prefill=3.379873",26dae1f99b2b50fb17118f38d8a8e95dfac3357c
Qwen/Qwen3-VL-4B-Instruct,Qwen3VLForConditionalGeneration,gb200,trtllm,1.3.0rc17,PASS,,"python python/aisimulate/tools/support_matrix/generate_fpe_support_matrix.py --model ""Qwen/Qwen3-VL-4B-Instruct"" --system ""gb200"" --backend ""trtllm"" --backend-version ""1.3.0rc17"" --forward-model op_level --max-workers 8",silicon,12,3,PASS=12,"decode_end=611.036684, decode_start=2.392249, mixed=3.857699, prefill=3.345360",26dae1f99b2b50fb17118f38d8a8e95dfac3357c
Qwen/Qwen3-VL-4B-Instruct,Qwen3VLForConditionalGeneration,gb200,trtllm,1.3.0rc20,PASS,,"python python/aisimulate/tools/support_matrix/generate_fpe_support_matrix.py --model ""Qwen/Qwen3-VL-4B-Instruct"" --system ""gb200"" --backend ""trtllm"" --backend-version ""1.3.0rc20"" --forward-model op_level --max-workers 8",silicon,12,3,PASS=12,"decode_end=641.660272, decode_start=2.492329, mixed=3.992243, prefill=3.406351",26dae1f99b2b50fb17118f38d8a8e95dfac3357c
Qwen/Qwen3-VL-4B-Instruct,Qwen3VLForConditionalGeneration,gb200,trtllm,1.3.0rc23,PASS,,"python python/aisimulate/tools/support_matrix/generate_fpe_support_matrix.py --model ""Qwen/Qwen3-VL-4B-Instruct"" --system ""gb200"" --backend ""trtllm"" --backend-version ""1.3.0rc23"" --forward-model op_level --max-workers 8",silicon,12,3,PASS=12,"decode_end=641.660272, decode_start=2.492329, mixed=3.992243, prefill=3.406351",26dae1f99b2b50fb17118f38d8a8e95dfac3357c
Qwen/Qwen3-VL-4B-Instruct,Qwen3VLForConditionalGeneration,gb200,vllm,0.1.dev19262,FAIL,Strict-native op-level FPE probes: PERF_DATA_MISSING=12; raw probes=12; topologies=3; source_sha=26dae1f99b2b50fb17118f38d8a8e95dfac3357c. Representative failure: perf database error: perf database error: no GEMM rows loaded from 1 source(s) (first: <repo>/python/aisimulate/src/aiconfigurator_core/systems/data/gb200/vllm/0.1.dev19262/gemm_perf.parquet),"python python/aisimulate/tools/support_matrix/generate_fpe_support_matrix.py --model ""Qwen/Qwen3-VL-4B-Instruct"" --system ""gb200"" --backend ""vllm"" --backend-version ""0.1.dev19262"" --forward-model op_level --max-workers 8",,12,3,PERF_DATA_MISSING=12,,26dae1f99b2b50fb17118f38d8a8e95dfac3357c
Qwen/Qwen3-VL-4B-Instruct,Qwen3VLForConditionalGeneration,gb200,vllm,0.14.0,PASS,,"python python/aisimulate/tools/support_matrix/generate_fpe_support_matrix.py --model ""Qwen/Qwen3-VL-4B-Instruct"" --system ""gb200"" --backend ""vllm"" --backend-version ""0.14.0"" --forward-model op_level --max-workers 8",silicon,12,3,PASS=12,"decode_end=677.337719, decode_start=2.651314, mixed=3.830600, prefill=3.375025",26dae1f99b2b50fb17118f38d8a8e95dfac3357c
Qwen/Qwen3-VL-4B-Instruct,Qwen3VLForConditionalGeneration,gb200,vllm,0.19.0,PASS,,"python python/aisimulate/tools/support_matrix/generate_fpe_support_matrix.py --model ""Qwen/Qwen3-VL-4B-Instruct"" --system ""gb200"" --backend ""vllm"" --backend-version ""0.19.0"" --forward-model op_level --max-workers 8",silicon,12,3,PASS=12,"decode_end=592.956134, decode_start=2.320408, mixed=3.583809, prefill=3.118116",26dae1f99b2b50fb17118f38d8a8e95dfac3357c
Qwen/Qwen3-VL-4B-Instruct,Qwen3VLForConditionalGeneration,gb200,vllm,0.22.0,PASS,,"python python/aisimulate/tools/support_matrix/generate_fpe_support_matrix.py --model ""Qwen/Qwen3-VL-4B-Instruct"" --system ""gb200"" --backend ""vllm"" --backend-version ""0.22.0"" --forward-model op_level --max-workers 8",silicon,12,3,PASS=12,"decode_end=579.676071, decode_start=2.272832, mixed=3.513360, prefill=3.059373",26dae1f99b2b50fb17118f38d8a8e95dfac3357c
Qwen/Qwen3-VL-4B-Instruct,Qwen3VLForConditionalGeneration,gb200,vllm,0.24.0,PASS,,"python python/aisimulate/tools/support_matrix/generate_fpe_support_matrix.py --model ""Qwen/Qwen3-VL-4B-Instruct"" --system ""gb200"" --backend ""vllm"" --backend-version ""0.24.0"" --forward-model op_level --max-workers 8",silicon,12,3,PASS=12,"decode_end=610.211439, decode_start=2.372466, mixed=3.719358, prefill=3.180185",26dae1f99b2b50fb17118f38d8a8e95dfac3357c
Qwen/Qwen3-VL-8B-Instruct,Qwen3VLForConditionalGeneration,gb200,sglang,0.5.10,PASS,,"python python/aisimulate/tools/support_matrix/generate_fpe_support_matrix.py --model ""Qwen/Qwen3-VL-8B-Instruct"" --system ""gb200"" --backend ""sglang"" --backend-version ""0.5.10"" --forward-model op_level --max-workers 8",silicon,24,6,"PASS=12, SDK_UNREPRESENTABLE=12","decode_end=888.282169, decode_start=3.494068, mixed=5.243040, prefill=4.331363",26dae1f99b2b50fb17118f38d8a8e95dfac3357c
Qwen/Qwen3-VL-8B-Instruct,Qwen3VLForConditionalGeneration,gb200,sglang,0.5.12,PASS,,"python python/aisimulate/tools/support_matrix/generate_fpe_support_matrix.py --model ""Qwen/Qwen3-VL-8B-Instruct"" --system ""gb200"" --backend ""sglang"" --backend-version ""0.5.12"" --forward-model op_level --max-workers 8",silicon,24,6,"PASS=12, SDK_UNREPRESENTABLE=12","decode_end=875.897285, decode_start=3.432821, mixed=4.982445, prefill=4.443592",26dae1f99b2b50fb17118f38d8a8e95dfac3357c
Qwen/Qwen3-VL-8B-Instruct,Qwen3VLForConditionalGeneration,gb200,sglang,0.5.14,PASS,,"python python/aisimulate/tools/support_matrix/generate_fpe_support_matrix.py --model ""Qwen/Qwen3-VL-8B-Instruct"" --system ""gb200"" --backend ""sglang"" --backend-version ""0.5.14"" --forward-model op_level --max-workers 8",silicon,24,6,"PASS=12, SDK_UNREPRESENTABLE=12","decode_end=875.897285, decode_start=3.432821, mixed=4.982445, prefill=4.443592",26dae1f99b2b50fb17118f38d8a8e95dfac3357c
Qwen/Qwen3-VL-8B-Instruct,Qwen3VLForConditionalGeneration,gb200,sglang,0.5.16,PASS,,"python python/aisimulate/tools/support_matrix/generate_fpe_support_matrix.py --model ""Qwen/Qwen3-VL-8B-Instruct"" --system ""gb200"" --backend ""sglang"" --backend-version ""0.5.16"" --forward-model op_level --max-workers 8",silicon,24,6,"PASS=12, SDK_UNREPRESENTABLE=12","decode_end=875.897285, decode_start=3.432821, mixed=4.982445, prefill=4.443592",26dae1f99b2b50fb17118f38d8a8e95dfac3357c
Qwen/Qwen3-VL-8B-Instruct,Qwen3VLForConditionalGeneration,gb200,sglang,0.5.9,PASS,,"python python/aisimulate/tools/support_matrix/generate_fpe_support_matrix.py --model ""Qwen/Qwen3-VL-8B-Instruct"" --system ""gb200"" --backend ""sglang"" --backend-version ""0.5.9"" --forward-model op_level --max-workers 8",silicon,24,6,"PASS=12, SDK_UNREPRESENTABLE=12","decode_end=895.096003, decode_start=3.506583, mixed=4.988355, prefill=4.365548",26dae1f99b2b50fb17118f38d8a8e95dfac3357c
Qwen/Qwen3-VL-8B-Instruct,Qwen3VLForConditionalGeneration,gb200,trtllm,1.3.0rc10,PASS,,"python python/aisimulate/tools/support_matrix/generate_fpe_support_matrix.py --model ""Qwen/Qwen3-VL-8B-Instruct"" --system ""gb200"" --backend ""trtllm"" --backend-version ""1.3.0rc10"" --forward-model op_level --max-workers 8",silicon,12,3,PASS=12,"decode_end=1005.245047, decode_start=3.880729, mixed=5.618849, prefill=4.675867",26dae1f99b2b50fb17118f38d8a8e95dfac3357c
Qwen/Qwen3-VL-8B-Instruct,Qwen3VLForConditionalGeneration,gb200,trtllm,1.3.0rc15,PASS,,"python python/aisimulate/tools/support_matrix/generate_fpe_support_matrix.py --model ""Qwen/Qwen3-VL-8B-Instruct"" --system ""gb200"" --backend ""trtllm"" --backend-version ""1.3.0rc15"" --forward-model op_level --max-workers 8",silicon,12,3,PASS=12,"decode_end=1005.245047, decode_start=3.880729, mixed=5.618849, prefill=4.675867",26dae1f99b2b50fb17118f38d8a8e95dfac3357c
Qwen/Qwen3-VL-8B-Instruct,Qwen3VLForConditionalGeneration,gb200,trtllm,1.3.0rc17,PASS,,"python python/aisimulate/tools/support_matrix/generate_fpe_support_matrix.py --model ""Qwen/Qwen3-VL-8B-Instruct"" --system ""gb200"" --backend ""trtllm"" --backend-version ""1.3.0rc17"" --forward-model op_level --max-workers 8",silicon,12,3,PASS=12,"decode_end=905.984192, decode_start=3.548906, mixed=5.269096, prefill=4.656766",26dae1f99b2b50fb17118f38d8a8e95dfac3357c
Qwen/Qwen3-VL-8B-Instruct,Qwen3VLForConditionalGeneration,gb200,trtllm,1.3.0rc20,PASS,,"python python/aisimulate/tools/support_matrix/generate_fpe_support_matrix.py --model ""Qwen/Qwen3-VL-8B-Instruct"" --system ""gb200"" --backend ""trtllm"" --backend-version ""1.3.0rc20"" --forward-model op_level --max-workers 8",silicon,12,3,PASS=12,"decode_end=937.536724, decode_start=3.652629, mixed=5.384140, prefill=4.671055",26dae1f99b2b50fb17118f38d8a8e95dfac3357c
Qwen/Qwen3-VL-8B-Instruct,Qwen3VLForConditionalGeneration,gb200,trtllm,1.3.0rc23,PASS,,"python python/aisimulate/tools/support_matrix/generate_fpe_support_matrix.py --model ""Qwen/Qwen3-VL-8B-Instruct"" --system ""gb200"" --backend ""trtllm"" --backend-version ""1.3.0rc23"" --forward-model op_level --max-workers 8",silicon,12,3,PASS=12,"decode_end=937.536724, decode_start=3.652629, mixed=5.384140, prefill=4.671055",26dae1f99b2b50fb17118f38d8a8e95dfac3357c
Qwen/Qwen3-VL-8B-Instruct,Qwen3VLForConditionalGeneration,gb200,vllm,0.1.dev19262,FAIL,Strict-native op-level FPE probes: PERF_DATA_MISSING=12; raw probes=12; topologies=3; source_sha=26dae1f99b2b50fb17118f38d8a8e95dfac3357c. Representative failure: perf database error: perf database error: no GEMM rows loaded from 1 source(s) (first: <repo>/python/aisimulate/src/aiconfigurator_core/systems/data/gb200/vllm/0.1.dev19262/gemm_perf.parquet),"python python/aisimulate/tools/support_matrix/generate_fpe_support_matrix.py --model ""Qwen/Qwen3-VL-8B-Instruct"" --system ""gb200"" --backend ""vllm"" --backend-version ""0.1.dev19262"" --forward-model op_level --max-workers 8",,12,3,PERF_DATA_MISSING=12,,26dae1f99b2b50fb17118f38d8a8e95dfac3357c
Qwen/Qwen3-VL-8B-Instruct,Qwen3VLForConditionalGeneration,gb200,vllm,0.14.0,PASS,,"python python/aisimulate/tools/support_matrix/generate_fpe_support_matrix.py --model ""Qwen/Qwen3-VL-8B-Instruct"" --system ""gb200"" --backend ""vllm"" --backend-version ""0.14.0"" --forward-model op_level --max-workers 8",silicon,12,3,PASS=12,"decode_end=947.764405, decode_start=3.711811, mixed=5.103029, prefill=4.602644",26dae1f99b2b50fb17118f38d8a8e95dfac3357c
Qwen/Qwen3-VL-8B-Instruct,Qwen3VLForConditionalGeneration,gb200,vllm,0.19.0,PASS,,"python python/aisimulate/tools/support_matrix/generate_fpe_support_matrix.py --model ""Qwen/Qwen3-VL-8B-Instruct"" --system ""gb200"" --backend ""vllm"" --backend-version ""0.19.0"" --forward-model op_level --max-workers 8",silicon,12,3,PASS=12,"decode_end=862.931799, decode_start=3.379137, mixed=4.905402, prefill=4.300289",26dae1f99b2b50fb17118f38d8a8e95dfac3357c
Qwen/Qwen3-VL-8B-Instruct,Qwen3VLForConditionalGeneration,gb200,vllm,0.22.0,PASS,,"python python/aisimulate/tools/support_matrix/generate_fpe_support_matrix.py --model ""Qwen/Qwen3-VL-8B-Instruct"" --system ""gb200"" --backend ""vllm"" --backend-version ""0.22.0"" --forward-model op_level --max-workers 8",silicon,12,3,PASS=12,"decode_end=852.219874, decode_start=3.341631, mixed=4.811825, prefill=4.254226",26dae1f99b2b50fb17118f38d8a8e95dfac3357c
Qwen/Qwen3-VL-8B-Instruct,Qwen3VLForConditionalGeneration,gb200,vllm,0.24.0,PASS,,"python python/aisimulate/tools/support_matrix/generate_fpe_support_matrix.py --model ""Qwen/Qwen3-VL-8B-Instruct"" --system ""gb200"" --backend ""vllm"" --backend-version ""0.24.0"" --forward-model op_level --max-workers 8",silicon,12,3,PASS=12,"decode_end=882.356205, decode_start=3.439701, mixed=5.063338, prefill=4.392051",26dae1f99b2b50fb17118f38d8a8e95dfac3357c
Qwen/Qwen3.5-27B,Qwen3_5ForConditionalGeneration,gb200,sglang,0.5.10,PASS,,"python python/aisimulate/tools/support_matrix/generate_fpe_support_matrix.py --model ""Qwen/Qwen3.5-27B"" --system ""gb200"" --backend ""sglang"" --backend-version ""0.5.10"" --forward-model op_level --max-workers 8",silicon,20,5,"BUILD_FAILED=4, PASS=16","decode_end=2734.171098, decode_start=10.722792, mixed=14.813778, prefill=13.400219",26dae1f99b2b50fb17118f38d8a8e95dfac3357c
Qwen/Qwen3.5-27B,Qwen3_5ForConditionalGeneration,gb200,sglang,0.5.12,PASS,,"python python/aisimulate/tools/support_matrix/generate_fpe_support_matrix.py --model ""Qwen/Qwen3.5-27B"" --system ""gb200"" --backend ""sglang"" --backend-version ""0.5.12"" --forward-model op_level --max-workers 8",silicon,20,5,"BUILD_FAILED=4, PASS=16","decode_end=2683.599439, decode_start=10.509203, mixed=15.232057, prefill=13.798825",26dae1f99b2b50fb17118f38d8a8e95dfac3357c
Qwen/Qwen3.5-27B,Qwen3_5ForConditionalGeneration,gb200,sglang,0.5.14,PASS,,"python python/aisimulate/tools/support_matrix/generate_fpe_support_matrix.py --model ""Qwen/Qwen3.5-27B"" --system ""gb200"" --backend ""sglang"" --backend-version ""0.5.14"" --forward-model op_level --max-workers 8",silicon,20,5,"BUILD_FAILED=4, PASS=16","decode_end=2683.599439, decode_start=10.509203, mixed=15.232057, prefill=13.798825",26dae1f99b2b50fb17118f38d8a8e95dfac3357c
Qwen/Qwen3.5-27B,Qwen3_5ForConditionalGeneration,gb200,sglang,0.5.16,PASS,,"python python/aisimulate/tools/support_matrix/generate_fpe_support_matrix.py --model ""Qwen/Qwen3.5-27B"" --system ""gb200"" --backend ""sglang"" --backend-version ""0.5.16"" --forward-model op_level --max-workers 8",silicon,20,5,"BUILD_FAILED=4, PASS=16","decode_end=2683.599439, decode_start=10.509203, mixed=15.232057, prefill=13.798825",26dae1f99b2b50fb17118f38d8a8e95dfac3357c
Qwen/Qwen3.5-27B,Qwen3_5ForConditionalGeneration,gb200,sglang,0.5.9,PASS,,"python python/aisimulate/tools/support_matrix/generate_fpe_support_matrix.py --model ""Qwen/Qwen3.5-27B"" --system ""gb200"" --backend ""sglang"" --backend-version ""0.5.9"" --forward-model op_level --max-workers 8",silicon,20,5,"BUILD_FAILED=4, PASS=16","decode_end=2706.748798, decode_start=10.615253, mixed=14.846115, prefill=13.438761",26dae1f99b2b50fb17118f38d8a8e95dfac3357c
Qwen/Qwen3.5-27B,Qwen3_5ForConditionalGeneration,gb200,trtllm,1.3.0rc10,PASS,,"python python/aisimulate/tools/support_matrix/generate_fpe_support_matrix.py --model ""Qwen/Qwen3.5-27B"" --system ""gb200"" --backend ""trtllm"" --backend-version ""1.3.0rc10"" --forward-model op_level --max-workers 8",silicon,20,5,"BUILD_FAILED=4, PASS=16","decode_end=2982.454958, decode_start=11.637667, mixed=15.385808, prefill=13.974021",26dae1f99b2b50fb17118f38d8a8e95dfac3357c
Qwen/Qwen3.5-27B,Qwen3_5ForConditionalGeneration,gb200,trtllm,1.3.0rc15,PASS,,"python python/aisimulate/tools/support_matrix/generate_fpe_support_matrix.py --model ""Qwen/Qwen3.5-27B"" --system ""gb200"" --backend ""trtllm"" --backend-version ""1.3.0rc15"" --forward-model op_level --max-workers 8",silicon,20,5,"BUILD_FAILED=4, PASS=16","decode_end=2982.454958, decode_start=11.637667, mixed=15.385808, prefill=13.974021",26dae1f99b2b50fb17118f38d8a8e95dfac3357c
Qwen/Qwen3.5-27B,Qwen3_5ForConditionalGeneration,gb200,trtllm,1.3.0rc17,PASS,,"python python/aisimulate/tools/support_matrix/generate_fpe_support_matrix.py --model ""Qwen/Qwen3.5-27B"" --system ""gb200"" --backend ""trtllm"" --backend-version ""1.3.0rc17"" --forward-model op_level --max-workers 8",silicon,20,5,"BUILD_FAILED=4, PASS=16","decode_end=2857.624677, decode_start=11.201420, mixed=15.356192, prefill=14.200043",26dae1f99b2b50fb17118f38d8a8e95dfac3357c
Qwen/Qwen3.5-27B,Qwen3_5ForConditionalGeneration,gb200,trtllm,1.3.0rc20,PASS,,"python python/aisimulate/tools/support_matrix/generate_fpe_support_matrix.py --model ""Qwen/Qwen3.5-27B"" --system ""gb200"" --backend ""trtllm"" --backend-version ""1.3.0rc20"" --forward-model op_level --max-workers 8",silicon,20,5,"BUILD_FAILED=4, PASS=16","decode_end=2867.664358, decode_start=11.233903, mixed=15.336158, prefill=14.084137",26dae1f99b2b50fb17118f38d8a8e95dfac3357c
Qwen/Qwen3.5-27B,Qwen3_5ForConditionalGeneration,gb200,trtllm,1.3.0rc23,PASS,,"python python/aisimulate/tools/support_matrix/generate_fpe_support_matrix.py --model ""Qwen/Qwen3.5-27B"" --system ""gb200"" --backend ""trtllm"" --backend-version ""1.3.0rc23"" --forward-model op_level --max-workers 8",silicon,20,5,"BUILD_FAILED=4, PASS=16","decode_end=2867.664358, decode_start=11.233903, mixed=15.336158, prefill=14.084137",26dae1f99b2b50fb17118f38d8a8e95dfac3357c
Qwen/Qwen3.5-27B,Qwen3_5ForConditionalGeneration,gb200,vllm,0.1.dev19262,FAIL,"Strict-native op-level FPE probes: BUILD_FAILED=4, PERF_DATA_MISSING=16; raw probes=20; topologies=5; source_sha=26dae1f99b2b50fb17118f38d8a8e95dfac3357c. Representative failure: num_heads 24 should be divisible by tp_size 16","python python/aisimulate/tools/support_matrix/generate_fpe_support_matrix.py --model ""Qwen/Qwen3.5-27B"" --system ""gb200"" --backend ""vllm"" --backend-version ""0.1.dev19262"" --forward-model op_level --max-workers 8",,20,5,"BUILD_FAILED=4, PERF_DATA_MISSING=16",,26dae1f99b2b50fb17118f38d8a8e95dfac3357c
Qwen/Qwen3.5-27B,Qwen3_5ForConditionalGeneration,gb200,vllm,0.14.0,FAIL,"Strict-native op-level FPE probes: BUILD_FAILED=4, PERF_DATA_MISSING=16; raw probes=20; topologies=5; source_sha=26dae1f99b2b50fb17118f38d8a8e95dfac3357c. Representative failure: num_heads 24 should be divisible by tp_size 16","python python/aisimulate/tools/support_matrix/generate_fpe_support_matrix.py --model ""Qwen/Qwen3.5-27B"" --system ""gb200"" --backend ""vllm"" --backend-version ""0.14.0"" --forward-model op_level --max-workers 8",,20,5,"BUILD_FAILED=4, PERF_DATA_MISSING=16",,26dae1f99b2b50fb17118f38d8a8e95dfac3357c
Qwen/Qwen3.5-27B,Qwen3_5ForConditionalGeneration,gb200,vllm,0.19.0,PASS,,"python python/aisimulate/tools/support_matrix/generate_fpe_support_matrix.py --model ""Qwen/Qwen3.5-27B"" --system ""gb200"" --backend ""vllm"" --backend-version ""0.19.0"" --forward-model op_level --max-workers 8",silicon,20,5,"BUILD_FAILED=4, PASS=16","decode_end=2698.404934, decode_start=10.572946, mixed=15.056408, prefill=13.705317",26dae1f99b2b50fb17118f38d8a8e95dfac3357c
Qwen/Qwen3.5-27B,Qwen3_5ForConditionalGeneration,gb200,vllm,0.22.0,PASS,,"python python/aisimulate/tools/support_matrix/generate_fpe_support_matrix.py --model ""Qwen/Qwen3.5-27B"" --system ""gb200"" --backend ""vllm"" --backend-version ""0.22.0"" --forward-model op_level --max-workers 8",silicon,20,5,"BUILD_FAILED=4, PASS=16","decode_end=2673.972280, decode_start=10.475249, mixed=37.580524, prefill=36.301727",26dae1f99b2b50fb17118f38d8a8e95dfac3357c
Qwen/Qwen3.5-27B,Qwen3_5ForConditionalGeneration,gb200,vllm,0.24.0,PASS,,"python python/aisimulate/tools/support_matrix/generate_fpe_support_matrix.py --model ""Qwen/Qwen3.5-27B"" --system ""gb200"" --backend ""vllm"" --backend-version ""0.24.0"" --forward-model op_level --max-workers 8",silicon,20,5,"BUILD_FAILED=4, PASS=16","decode_end=2608.253970, decode_start=10.227245, mixed=13.890429, prefill=12.468265",26dae1f99b2b50fb17118f38d8a8e95dfac3357c
Qwen/Qwen3.5-35B-A3B,Qwen3_5MoeForConditionalGeneration,gb200,sglang,0.5.10,FAIL,"Strict-native op-level FPE probes: PERF_DATA_MISSING=220; raw probes=220; topologies=55; source_sha=26dae1f99b2b50fb17118f38d8a8e95dfac3357c. Representative failure: perf database error: MoE data missing for MoeKey { quant: ""bfloat16"", distribution: ""power_law_1.2"", topk: 8, num_experts: 256, hidden_size: 2048, inter_size: 512, moe_tp_size: 1, moe_ep_size: 1 } at <repo>/python/aisimulate/src/aiconfigurator_core/systems/data/gb200/sglang/0.5.10","python python/aisimulate/tools/support_matrix/generate_fpe_support_matrix.py --model ""Qwen/Qwen3.5-35B-A3B"" --system ""gb200"" --backend ""sglang"" --backend-version ""0.5.10"" --forward-model op_level --max-workers 8",,220,55,PERF_DATA_MISSING=220,,26dae1f99b2b50fb17118f38d8a8e95dfac3357c
Qwen/Qwen3.5-35B-A3B,Qwen3_5MoeForConditionalGeneration,gb200,sglang,0.5.12,PASS,,"python python/aisimulate/tools/support_matrix/generate_fpe_support_matrix.py --model ""Qwen/Qwen3.5-35B-A3B"" --system ""gb200"" --backend ""sglang"" --backend-version ""0.5.12"" --forward-model op_level --max-workers 8",silicon,220,55,PASS=220,"decode_end=1130.685194, decode_start=4.419117, mixed=12.247547, prefill=11.862670",26dae1f99b2b50fb17118f38d8a8e95dfac3357c
Qwen/Qwen3.5-35B-A3B,Qwen3_5MoeForConditionalGeneration,gb200,sglang,0.5.14,PASS,,"python python/aisimulate/tools/support_matrix/generate_fpe_support_matrix.py --model ""Qwen/Qwen3.5-35B-A3B"" --system ""gb200"" --backend ""sglang"" --backend-version ""0.5.14"" --forward-model op_level --max-workers 8",silicon,220,55,PASS=220,"decode_end=1130.685194, decode_start=4.419117, mixed=12.247547, prefill=11.862670",26dae1f99b2b50fb17118f38d8a8e95dfac3357c
Qwen/Qwen3.5-35B-A3B,Qwen3_5MoeForConditionalGeneration,gb200,sglang,0.5.16,PASS,,"python python/aisimulate/tools/support_matrix/generate_fpe_support_matrix.py --model ""Qwen/Qwen3.5-35B-A3B"" --system ""gb200"" --backend ""sglang"" --backend-version ""0.5.16"" --forward-model op_level --max-workers 8",silicon,220,55,PASS=220,"decode_end=1130.685194, decode_start=4.419117, mixed=12.247547, prefill=11.862670",26dae1f99b2b50fb17118f38d8a8e95dfac3357c
Qwen/Qwen3.5-35B-A3B,Qwen3_5MoeForConditionalGeneration,gb200,sglang,0.5.9,FAIL,"Strict-native op-level FPE probes: PERF_DATA_MISSING=220; raw probes=220; topologies=55; source_sha=26dae1f99b2b50fb17118f38d8a8e95dfac3357c. Representative failure: perf database error: MoE data missing for MoeKey { quant: ""bfloat16"", distribution: ""power_law_1.2"", topk: 8, num_experts: 256, hidden_size: 2048, inter_size: 512, moe_tp_size: 1, moe_ep_size: 1 } at <repo>/python/aisimulate/src/aiconfigurator_core/systems/data/gb200/sglang/0.5.9","python python/aisimulate/tools/support_matrix/generate_fpe_support_matrix.py --model ""Qwen/Qwen3.5-35B-A3B"" --system ""gb200"" --backend ""sglang"" --backend-version ""0.5.9"" --forward-model op_level --max-workers 8",,220,55,PERF_DATA_MISSING=220,,26dae1f99b2b50fb17118f38d8a8e95dfac3357c
Qwen/Qwen3.5-35B-A3B,Qwen3_5MoeForConditionalGeneration,gb200,trtllm,1.3.0rc10,FAIL,"Strict-native op-level FPE probes: PERF_DATA_MISSING=116; raw probes=116; topologies=29; source_sha=26dae1f99b2b50fb17118f38d8a8e95dfac3357c. Representative failure: perf database error: MoE data missing for MoeKey { quant: ""bfloat16"", distribution: ""power_law_1.2"", topk: 8, num_experts: 256, hidden_size: 2048, inter_size: 512, moe_tp_size: 1, moe_ep_size: 1 } at <repo>/python/aisimulate/src/aiconfigurator_core/systems/data/gb200/trtllm/1.3.0rc10","python python/aisimulate/tools/support_matrix/generate_fpe_support_matrix.py --model ""Qwen/Qwen3.5-35B-A3B"" --system ""gb200"" --backend ""trtllm"" --backend-version ""1.3.0rc10"" --forward-model op_level --max-workers 8",,116,29,PERF_DATA_MISSING=116,,26dae1f99b2b50fb17118f38d8a8e95dfac3357c
Qwen/Qwen3.5-35B-A3B,Qwen3_5MoeForConditionalGeneration,gb200,trtllm,1.3.0rc15,FAIL,"Strict-native op-level FPE probes: PERF_DATA_MISSING=116; raw probes=116; topologies=29; source_sha=26dae1f99b2b50fb17118f38d8a8e95dfac3357c. Representative failure: perf database error: MoE data missing for MoeKey { quant: ""bfloat16"", distribution: ""power_law_1.2"", topk: 8, num_experts: 256, hidden_size: 2048, inter_size: 512, moe_tp_size: 1, moe_ep_size: 1 } at <repo>/python/aisimulate/src/aiconfigurator_core/systems/data/gb200/trtllm/1.3.0rc15","python python/aisimulate/tools/support_matrix/generate_fpe_support_matrix.py --model ""Qwen/Qwen3.5-35B-A3B"" --system ""gb200"" --backend ""trtllm"" --backend-version ""1.3.0rc15"" --forward-model op_level --max-workers 8",,116,29,PERF_DATA_MISSING=116,,26dae1f99b2b50fb17118f38d8a8e95dfac3357c
Qwen/Qwen3.5-35B-A3B,Qwen3_5MoeForConditionalGeneration,gb200,trtllm,1.3.0rc17,FAIL,"Strict-native op-level FPE probes: PERF_DATA_MISSING=116; raw probes=116; topologies=29; source_sha=26dae1f99b2b50fb17118f38d8a8e95dfac3357c. Representative failure: perf database error: MoE data missing for MoeKey { quant: ""bfloat16"", distribution: ""power_law_1.2"", topk: 8, num_experts: 256, hidden_size: 2048, inter_size: 512, moe_tp_size: 1, moe_ep_size: 1 } at <repo>/python/aisimulate/src/aiconfigurator_core/systems/data/gb200/trtllm/1.3.0rc17","python python/aisimulate/tools/support_matrix/generate_fpe_support_matrix.py --model ""Qwen/Qwen3.5-35B-A3B"" --system ""gb200"" --backend ""trtllm"" --backend-version ""1.3.0rc17"" --forward-model op_level --max-workers 8",,116,29,PERF_DATA_MISSING=116,,26dae1f99b2b50fb17118f38d8a8e95dfac3357c
Qwen/Qwen3.5-35B-A3B,Qwen3_5MoeForConditionalGeneration,gb200,trtllm,1.3.0rc20,PASS,,"python python/aisimulate/tools/support_matrix/generate_fpe_support_matrix.py --model ""Qwen/Qwen3.5-35B-A3B"" --system ""gb200"" --backend ""trtllm"" --backend-version ""1.3.0rc20"" --forward-model op_level --max-workers 8",silicon,116,29,PASS=116,"decode_end=1560.677547, decode_start=6.117438, mixed=13.133356, prefill=12.815644",26dae1f99b2b50fb17118f38d8a8e95dfac3357c
Qwen/Qwen3.5-35B-A3B,Qwen3_5MoeForConditionalGeneration,gb200,trtllm,1.3.0rc23,PASS,,"python python/aisimulate/tools/support_matrix/generate_fpe_support_matrix.py --model ""Qwen/Qwen3.5-35B-A3B"" --system ""gb200"" --backend ""trtllm"" --backend-version ""1.3.0rc23"" --forward-model op_level --max-workers 8",silicon,116,29,PASS=116,"decode_end=1560.677547, decode_start=6.117438, mixed=13.133356, prefill=12.815644",26dae1f99b2b50fb17118f38d8a8e95dfac3357c
Qwen/Qwen3.5-35B-A3B,Qwen3_5MoeForConditionalGeneration,gb200,vllm,0.1.dev19262,FAIL,Strict-native op-level FPE probes: PERF_DATA_MISSING=116; raw probes=116; topologies=29; source_sha=26dae1f99b2b50fb17118f38d8a8e95dfac3357c. Representative failure: perf database error: perf database error: no GEMM rows loaded from 1 source(s) (first: <repo>/python/aisimulate/src/aiconfigurator_core/systems/data/gb200/vllm/0.1.dev19262/gemm_perf.parquet),"python python/aisimulate/tools/support_matrix/generate_fpe_support_matrix.py --model ""Qwen/Qwen3.5-35B-A3B"" --system ""gb200"" --backend ""vllm"" --backend-version ""0.1.dev19262"" --forward-model op_level --max-workers 8",,116,29,PERF_DATA_MISSING=116,,26dae1f99b2b50fb17118f38d8a8e95dfac3357c
Qwen/Qwen3.5-35B-A3B,Qwen3_5MoeForConditionalGeneration,gb200,vllm,0.14.0,FAIL,"Strict-native op-level FPE probes: PERF_DATA_MISSING=116; raw probes=116; topologies=29; source_sha=26dae1f99b2b50fb17118f38d8a8e95dfac3357c. Representative failure: perf database error: MoE data missing for MoeKey { quant: ""bfloat16"", distribution: ""power_law_1.2"", topk: 8, num_experts: 256, hidden_size: 2048, inter_size: 512, moe_tp_size: 1, moe_ep_size: 1 } at <repo>/python/aisimulate/src/aiconfigurator_core/systems/data/gb200/vllm/0.14.0","python python/aisimulate/tools/support_matrix/generate_fpe_support_matrix.py --model ""Qwen/Qwen3.5-35B-A3B"" --system ""gb200"" --backend ""vllm"" --backend-version ""0.14.0"" --forward-model op_level --max-workers 8",,116,29,PERF_DATA_MISSING=116,,26dae1f99b2b50fb17118f38d8a8e95dfac3357c
Qwen/Qwen3.5-35B-A3B,Qwen3_5MoeForConditionalGeneration,gb200,vllm,0.19.0,FAIL,"Strict-native op-level FPE probes: PERF_DATA_MISSING=116; raw probes=116; topologies=29; source_sha=26dae1f99b2b50fb17118f38d8a8e95dfac3357c. Representative failure: perf database error: MoE data missing for MoeKey { quant: ""bfloat16"", distribution: ""power_law_1.2"", topk: 8, num_experts: 256, hidden_size: 2048, inter_size: 512, moe_tp_size: 1, moe_ep_size: 1 } at <repo>/python/aisimulate/src/aiconfigurator_core/systems/data/gb200/vllm/0.19.0","python python/aisimulate/tools/support_matrix/generate_fpe_support_matrix.py --model ""Qwen/Qwen3.5-35B-A3B"" --system ""gb200"" --backend ""vllm"" --backend-version ""0.19.0"" --forward-model op_level --max-workers 8",,116,29,PERF_DATA_MISSING=116,,26dae1f99b2b50fb17118f38d8a8e95dfac3357c
Qwen/Qwen3.5-35B-A3B,Qwen3_5MoeForConditionalGeneration,gb200,vllm,0.22.0,PASS,,"python python/aisimulate/tools/support_matrix/generate_fpe_support_matrix.py --model ""Qwen/Qwen3.5-35B-A3B"" --system ""gb200"" --backend ""vllm"" --backend-version ""0.22.0"" --forward-model op_level --max-workers 8",silicon,116,29,"PASS=80, PERF_DATA_MISSING=36","decode_end=1103.723820, decode_start=4.324082, mixed=28.829407, prefill=28.619432",26dae1f99b2b50fb17118f38d8a8e95dfac3357c
Qwen/Qwen3.5-35B-A3B,Qwen3_5MoeForConditionalGeneration,gb200,vllm,0.24.0,PASS,,"python python/aisimulate/tools/support_matrix/generate_fpe_support_matrix.py --model ""Qwen/Qwen3.5-35B-A3B"" --system ""gb200"" --backend ""vllm"" --backend-version ""0.24.0"" --forward-model op_level --max-workers 8",silicon,116,29,"PASS=80, PERF_DATA_MISSING=36","decode_end=1144.160436, decode_start=4.485614, mixed=11.723755, prefill=11.554271",26dae1f99b2b50fb17118f38d8a8e95dfac3357c
Qwen/Qwen3.5-397B-A17B,Qwen3_5MoeForConditionalGeneration,gb200,sglang,0.5.10,PASS,,"python python/aisimulate/tools/support_matrix/generate_fpe_support_matrix.py --model ""Qwen/Qwen3.5-397B-A17B"" --system ""gb200"" --backend ""sglang"" --backend-version ""0.5.10"" --forward-model op_level --max-workers 8",silicon,220,55,PASS=220,"decode_end=6577.405559, decode_start=25.796532, mixed=94.307752, prefill=92.936350",26dae1f99b2b50fb17118f38d8a8e95dfac3357c
Qwen/Qwen3.5-397B-A17B,Qwen3_5MoeForConditionalGeneration,gb200,sglang,0.5.12,PASS,,"python python/aisimulate/tools/support_matrix/generate_fpe_support_matrix.py --model ""Qwen/Qwen3.5-397B-A17B"" --system ""gb200"" --backend ""sglang"" --backend-version ""0.5.12"" --forward-model op_level --max-workers 8",silicon,220,55,PASS=220,"decode_end=5430.108959, decode_start=21.280481, mixed=83.440499, prefill=82.524611",26dae1f99b2b50fb17118f38d8a8e95dfac3357c
Qwen/Qwen3.5-397B-A17B,Qwen3_5MoeForConditionalGeneration,gb200,sglang,0.5.14,PASS,,"python python/aisimulate/tools/support_matrix/generate_fpe_support_matrix.py --model ""Qwen/Qwen3.5-397B-A17B"" --system ""gb200"" --backend ""sglang"" --backend-version ""0.5.14"" --forward-model op_level --max-workers 8",silicon,220,55,PASS=220,"decode_end=5430.108959, decode_start=21.280481, mixed=83.440499, prefill=82.524611",26dae1f99b2b50fb17118f38d8a8e95dfac3357c
Qwen/Qwen3.5-397B-A17B,Qwen3_5MoeForConditionalGeneration,gb200,sglang,0.5.16,PASS,,"python python/aisimulate/tools/support_matrix/generate_fpe_support_matrix.py --model ""Qwen/Qwen3.5-397B-A17B"" --system ""gb200"" --backend ""sglang"" --backend-version ""0.5.16"" --forward-model op_level --max-workers 8",silicon,220,55,PASS=220,"decode_end=5430.108959, decode_start=21.280481, mixed=83.440499, prefill=82.524611",26dae1f99b2b50fb17118f38d8a8e95dfac3357c
Qwen/Qwen3.5-397B-A17B,Qwen3_5MoeForConditionalGeneration,gb200,sglang,0.5.9,FAIL,"Strict-native op-level FPE probes: PERF_DATA_MISSING=220; raw probes=220; topologies=55; source_sha=26dae1f99b2b50fb17118f38d8a8e95dfac3357c. Representative failure: perf database error: MoE data missing for MoeKey { quant: ""bfloat16"", distribution: ""power_law_1.2"", topk: 10, num_experts: 512, hidden_size: 4096, inter_size: 1024, moe_tp_size: 1, moe_ep_size: 1 } at <repo>/python/aisimulate/src/aiconfigurator_core/systems/data/gb200/sglang/0.5.9","python python/aisimulate/tools/support_matrix/generate_fpe_support_matrix.py --model ""Qwen/Qwen3.5-397B-A17B"" --system ""gb200"" --backend ""sglang"" --backend-version ""0.5.9"" --forward-model op_level --max-workers 8",,220,55,PERF_DATA_MISSING=220,,26dae1f99b2b50fb17118f38d8a8e95dfac3357c
Qwen/Qwen3.5-397B-A17B,Qwen3_5MoeForConditionalGeneration,gb200,trtllm,1.3.0rc10,PASS,,"python python/aisimulate/tools/support_matrix/generate_fpe_support_matrix.py --model ""Qwen/Qwen3.5-397B-A17B"" --system ""gb200"" --backend ""trtllm"" --backend-version ""1.3.0rc10"" --forward-model op_level --max-workers 8",silicon,116,29,PASS=116,"decode_end=6499.951914, decode_start=25.421374, mixed=85.365727, prefill=84.003184",26dae1f99b2b50fb17118f38d8a8e95dfac3357c
Qwen/Qwen3.5-397B-A17B,Qwen3_5MoeForConditionalGeneration,gb200,trtllm,1.3.0rc15,PASS,,"python python/aisimulate/tools/support_matrix/generate_fpe_support_matrix.py --model ""Qwen/Qwen3.5-397B-A17B"" --system ""gb200"" --backend ""trtllm"" --backend-version ""1.3.0rc15"" --forward-model op_level --max-workers 8",silicon,116,29,PASS=116,"decode_end=6499.951914, decode_start=25.421374, mixed=85.365727, prefill=84.003184",26dae1f99b2b50fb17118f38d8a8e95dfac3357c
Qwen/Qwen3.5-397B-A17B,Qwen3_5MoeForConditionalGeneration,gb200,trtllm,1.3.0rc17,PASS,,"python python/aisimulate/tools/support_matrix/generate_fpe_support_matrix.py --model ""Qwen/Qwen3.5-397B-A17B"" --system ""gb200"" --backend ""trtllm"" --backend-version ""1.3.0rc17"" --forward-model op_level --max-workers 8",silicon,116,29,PASS=116,"decode_end=6374.449155, decode_start=24.985311, mixed=85.014175, prefill=83.862711",26dae1f99b2b50fb17118f38d8a8e95dfac3357c
Qwen/Qwen3.5-397B-A17B,Qwen3_5MoeForConditionalGeneration,gb200,trtllm,1.3.0rc20,PASS,,"python python/aisimulate/tools/support_matrix/generate_fpe_support_matrix.py --model ""Qwen/Qwen3.5-397B-A17B"" --system ""gb200"" --backend ""trtllm"" --backend-version ""1.3.0rc20"" --forward-model op_level --max-workers 8",silicon,116,29,PASS=116,"decode_end=6425.978332, decode_start=25.192874, mixed=85.730201, prefill=84.665228",26dae1f99b2b50fb17118f38d8a8e95dfac3357c
Qwen/Qwen3.5-397B-A17B,Qwen3_5MoeForConditionalGeneration,gb200,trtllm,1.3.0rc23,PASS,,"python python/aisimulate/tools/support_matrix/generate_fpe_support_matrix.py --model ""Qwen/Qwen3.5-397B-A17B"" --system ""gb200"" --backend ""trtllm"" --backend-version ""1.3.0rc23"" --forward-model op_level --max-workers 8",silicon,116,29,PASS=116,"decode_end=6425.978332, decode_start=25.192874, mixed=85.730201, prefill=84.665228",26dae1f99b2b50fb17118f38d8a8e95dfac3357c
Qwen/Qwen3.5-397B-A17B,Qwen3_5MoeForConditionalGeneration,gb200,vllm,0.1.dev19262,FAIL,Strict-native op-level FPE probes: PERF_DATA_MISSING=116; raw probes=116; topologies=29; source_sha=26dae1f99b2b50fb17118f38d8a8e95dfac3357c. Representative failure: perf database error: perf database error: no GEMM rows loaded from 1 source(s) (first: <repo>/python/aisimulate/src/aiconfigurator_core/systems/data/gb200/vllm/0.1.dev19262/gemm_perf.parquet),"python python/aisimulate/tools/support_matrix/generate_fpe_support_matrix.py --model ""Qwen/Qwen3.5-397B-A17B"" --system ""gb200"" --backend ""vllm"" --backend-version ""0.1.dev19262"" --forward-model op_level --max-workers 8",,116,29,PERF_DATA_MISSING=116,,26dae1f99b2b50fb17118f38d8a8e95dfac3357c
Qwen/Qwen3.5-397B-A17B,Qwen3_5MoeForConditionalGeneration,gb200,vllm,0.14.0,FAIL,"Strict-native op-level FPE probes: PERF_DATA_MISSING=116; raw probes=116; topologies=29; source_sha=26dae1f99b2b50fb17118f38d8a8e95dfac3357c. Representative failure: perf database error: MoE data missing for MoeKey { quant: ""bfloat16"", distribution: ""power_law_1.2"", topk: 10, num_experts: 512, hidden_size: 4096, inter_size: 1024, moe_tp_size: 1, moe_ep_size: 1 } at <repo>/python/aisimulate/src/aiconfigurator_core/systems/data/gb200/vllm/0.14.0","python python/aisimulate/tools/support_matrix/generate_fpe_support_matrix.py --model ""Qwen/Qwen3.5-397B-A17B"" --system ""gb200"" --backend ""vllm"" --backend-version ""0.14.0"" --forward-model op_level --max-workers 8",,116,29,PERF_DATA_MISSING=116,,26dae1f99b2b50fb17118f38d8a8e95dfac3357c
Qwen/Qwen3.5-397B-A17B,Qwen3_5MoeForConditionalGeneration,gb200,vllm,0.19.0,PASS,,"python python/aisimulate/tools/support_matrix/generate_fpe_support_matrix.py --model ""Qwen/Qwen3.5-397B-A17B"" --system ""gb200"" --backend ""vllm"" --backend-version ""0.19.0"" --forward-model op_level --max-workers 8",silicon,116,29,PASS=116,"decode_end=5784.003767, decode_start=22.670899, mixed=91.577599, prefill=90.534641",26dae1f99b2b50fb17118f38d8a8e95dfac3357c
Qwen/Qwen3.5-397B-A17B,Qwen3_5MoeForConditionalGeneration,gb200,vllm,0.22.0,PASS,,"python python/aisimulate/tools/support_matrix/generate_fpe_support_matrix.py --model ""Qwen/Qwen3.5-397B-A17B"" --system ""gb200"" --backend ""vllm"" --backend-version ""0.22.0"" --forward-model op_level --max-workers 8",silicon,116,29,PASS=116,"decode_end=5434.320700, decode_start=21.298539, mixed=103.624090, prefill=102.355436",26dae1f99b2b50fb17118f38d8a8e95dfac3357c
Qwen/Qwen3.5-397B-A17B,Qwen3_5MoeForConditionalGeneration,gb200,vllm,0.24.0,PASS,,"python python/aisimulate/tools/support_matrix/generate_fpe_support_matrix.py --model ""Qwen/Qwen3.5-397B-A17B"" --system ""gb200"" --backend ""vllm"" --backend-version ""0.24.0"" --forward-model op_level --max-workers 8",silicon,116,29,PASS=116,"decode_end=5436.876393, decode_start=21.308744, mixed=81.838520, prefill=80.500501",26dae1f99b2b50fb17118f38d8a8e95dfac3357c
XiaomiMiMo/MiMo-7B-Base,MiMoForCausalLM,gb200,sglang,0.5.10,PASS,,"python python/aisimulate/tools/support_matrix/generate_fpe_support_matrix.py --model ""XiaomiMiMo/MiMo-7B-Base"" --system ""gb200"" --backend ""sglang"" --backend-version ""0.5.10"" --forward-model op_level --max-workers 8",silicon,24,6,"PASS=12, SDK_UNREPRESENTABLE=12","decode_end=837.283205, decode_start=3.294073, mixed=4.828975, prefill=4.079390",26dae1f99b2b50fb17118f38d8a8e95dfac3357c
XiaomiMiMo/MiMo-7B-Base,MiMoForCausalLM,gb200,sglang,0.5.12,PASS,,"python python/aisimulate/tools/support_matrix/generate_fpe_support_matrix.py --model ""XiaomiMiMo/MiMo-7B-Base"" --system ""gb200"" --backend ""sglang"" --backend-version ""0.5.12"" --forward-model op_level --max-workers 8",silicon,24,6,"PASS=12, SDK_UNREPRESENTABLE=12","decode_end=841.498642, decode_start=3.297924, mixed=4.729762, prefill=4.102772",26dae1f99b2b50fb17118f38d8a8e95dfac3357c
XiaomiMiMo/MiMo-7B-Base,MiMoForCausalLM,gb200,sglang,0.5.14,PASS,,"python python/aisimulate/tools/support_matrix/generate_fpe_support_matrix.py --model ""XiaomiMiMo/MiMo-7B-Base"" --system ""gb200"" --backend ""sglang"" --backend-version ""0.5.14"" --forward-model op_level --max-workers 8",silicon,24,6,"PASS=12, SDK_UNREPRESENTABLE=12","decode_end=841.498642, decode_start=3.297924, mixed=4.729762, prefill=4.102772",26dae1f99b2b50fb17118f38d8a8e95dfac3357c
XiaomiMiMo/MiMo-7B-Base,MiMoForCausalLM,gb200,sglang,0.5.16,PASS,,"python python/aisimulate/tools/support_matrix/generate_fpe_support_matrix.py --model ""XiaomiMiMo/MiMo-7B-Base"" --system ""gb200"" --backend ""sglang"" --backend-version ""0.5.16"" --forward-model op_level --max-workers 8",silicon,24,6,"PASS=12, SDK_UNREPRESENTABLE=12","decode_end=841.498642, decode_start=3.297924, mixed=4.729762, prefill=4.102772",26dae1f99b2b50fb17118f38d8a8e95dfac3357c
XiaomiMiMo/MiMo-7B-Base,MiMoForCausalLM,gb200,sglang,0.5.9,PASS,,"python python/aisimulate/tools/support_matrix/generate_fpe_support_matrix.py --model ""XiaomiMiMo/MiMo-7B-Base"" --system ""gb200"" --backend ""sglang"" --backend-version ""0.5.9"" --forward-model op_level --max-workers 8",silicon,24,6,"PASS=12, SDK_UNREPRESENTABLE=12","decode_end=833.341690, decode_start=3.264410, mixed=4.734630, prefill=4.112050",26dae1f99b2b50fb17118f38d8a8e95dfac3357c
XiaomiMiMo/MiMo-7B-Base,MiMoForCausalLM,gb200,trtllm,1.3.0rc10,PASS,,"python python/aisimulate/tools/support_matrix/generate_fpe_support_matrix.py --model ""XiaomiMiMo/MiMo-7B-Base"" --system ""gb200"" --backend ""trtllm"" --backend-version ""1.3.0rc10"" --forward-model op_level --max-workers 8",silicon,12,3,PASS=12,"decode_end=952.574227, decode_start=3.674177, mixed=5.354223, prefill=4.408319",26dae1f99b2b50fb17118f38d8a8e95dfac3357c
XiaomiMiMo/MiMo-7B-Base,MiMoForCausalLM,gb200,trtllm,1.3.0rc15,PASS,,"python python/aisimulate/tools/support_matrix/generate_fpe_support_matrix.py --model ""XiaomiMiMo/MiMo-7B-Base"" --system ""gb200"" --backend ""trtllm"" --backend-version ""1.3.0rc15"" --forward-model op_level --max-workers 8",silicon,12,3,PASS=12,"decode_end=952.574227, decode_start=3.674177, mixed=5.354223, prefill=4.408319",26dae1f99b2b50fb17118f38d8a8e95dfac3357c
XiaomiMiMo/MiMo-7B-Base,MiMoForCausalLM,gb200,trtllm,1.3.0rc17,PASS,,"python python/aisimulate/tools/support_matrix/generate_fpe_support_matrix.py --model ""XiaomiMiMo/MiMo-7B-Base"" --system ""gb200"" --backend ""trtllm"" --backend-version ""1.3.0rc17"" --forward-model op_level --max-workers 8",silicon,12,3,PASS=12,"decode_end=857.046535, decode_start=3.356994, mixed=5.013224, prefill=4.367455",26dae1f99b2b50fb17118f38d8a8e95dfac3357c
XiaomiMiMo/MiMo-7B-Base,MiMoForCausalLM,gb200,trtllm,1.3.0rc20,PASS,,"python python/aisimulate/tools/support_matrix/generate_fpe_support_matrix.py --model ""XiaomiMiMo/MiMo-7B-Base"" --system ""gb200"" --backend ""trtllm"" --backend-version ""1.3.0rc20"" --forward-model op_level --max-workers 8",silicon,12,3,PASS=12,"decode_end=888.675435, decode_start=3.461016, mixed=5.132211, prefill=4.412253",26dae1f99b2b50fb17118f38d8a8e95dfac3357c
XiaomiMiMo/MiMo-7B-Base,MiMoForCausalLM,gb200,trtllm,1.3.0rc23,PASS,,"python python/aisimulate/tools/support_matrix/generate_fpe_support_matrix.py --model ""XiaomiMiMo/MiMo-7B-Base"" --system ""gb200"" --backend ""trtllm"" --backend-version ""1.3.0rc23"" --forward-model op_level --max-workers 8",silicon,12,3,PASS=12,"decode_end=888.675435, decode_start=3.461016, mixed=5.132211, prefill=4.412253",26dae1f99b2b50fb17118f38d8a8e95dfac3357c
XiaomiMiMo/MiMo-7B-Base,MiMoForCausalLM,gb200,vllm,0.1.dev19262,FAIL,Strict-native op-level FPE probes: PERF_DATA_MISSING=12; raw probes=12; topologies=3; source_sha=26dae1f99b2b50fb17118f38d8a8e95dfac3357c. Representative failure: perf database error: perf database error: no GEMM rows loaded from 1 source(s) (first: <repo>/python/aisimulate/src/aiconfigurator_core/systems/data/gb200/vllm/0.1.dev19262/gemm_perf.parquet),"python python/aisimulate/tools/support_matrix/generate_fpe_support_matrix.py --model ""XiaomiMiMo/MiMo-7B-Base"" --system ""gb200"" --backend ""vllm"" --backend-version ""0.1.dev19262"" --forward-model op_level --max-workers 8",,12,3,PERF_DATA_MISSING=12,,26dae1f99b2b50fb17118f38d8a8e95dfac3357c
XiaomiMiMo/MiMo-7B-Base,MiMoForCausalLM,gb200,vllm,0.14.0,PASS,,"python python/aisimulate/tools/support_matrix/generate_fpe_support_matrix.py --model ""XiaomiMiMo/MiMo-7B-Base"" --system ""gb200"" --backend ""vllm"" --backend-version ""0.14.0"" --forward-model op_level --max-workers 8",silicon,12,3,PASS=12,"decode_end=897.764132, decode_start=3.515732, mixed=4.800205, prefill=4.309681",26dae1f99b2b50fb17118f38d8a8e95dfac3357c
XiaomiMiMo/MiMo-7B-Base,MiMoForCausalLM,gb200,vllm,0.19.0,PASS,,"python python/aisimulate/tools/support_matrix/generate_fpe_support_matrix.py --model ""XiaomiMiMo/MiMo-7B-Base"" --system ""gb200"" --backend ""vllm"" --backend-version ""0.19.0"" --forward-model op_level --max-workers 8",silicon,12,3,PASS=12,"decode_end=816.915279, decode_start=3.198680, mixed=4.645017, prefill=4.031081",26dae1f99b2b50fb17118f38d8a8e95dfac3357c
XiaomiMiMo/MiMo-7B-Base,MiMoForCausalLM,gb200,vllm,0.22.0,PASS,,"python python/aisimulate/tools/support_matrix/generate_fpe_support_matrix.py --model ""XiaomiMiMo/MiMo-7B-Base"" --system ""gb200"" --backend ""vllm"" --backend-version ""0.22.0"" --forward-model op_level --max-workers 8",silicon,12,3,PASS=12,"decode_end=805.723170, decode_start=3.159291, mixed=4.570835, prefill=3.997383",26dae1f99b2b50fb17118f38d8a8e95dfac3357c
XiaomiMiMo/MiMo-7B-Base,MiMoForCausalLM,gb200,vllm,0.24.0,PASS,,"python python/aisimulate/tools/support_matrix/generate_fpe_support_matrix.py --model ""XiaomiMiMo/MiMo-7B-Base"" --system ""gb200"" --backend ""vllm"" --backend-version ""0.24.0"" --forward-model op_level --max-workers 8",silicon,12,3,PASS=12,"decode_end=837.230927, decode_start=3.262739, mixed=4.821991, prefill=4.135381",26dae1f99b2b50fb17118f38d8a8e95dfac3357c
XiaomiMiMo/MiMo-V2-Flash,MiMoV2FlashForCausalLM,gb200,sglang,0.5.10,FAIL,"Strict-native op-level FPE probes: PERF_DATA_MISSING=220, SDK_UNREPRESENTABLE=320; raw probes=540; topologies=135; source_sha=26dae1f99b2b50fb17118f38d8a8e95dfac3357c. Representative failure: perf database error: MoE data missing for MoeKey { quant: ""fp8_block"", distribution: ""power_law_1.01"", topk: 8, num_experts: 256, hidden_size: 4096, inter_size: 2048, moe_tp_size: 1, moe_ep_size: 1 } at <repo>/python/aisimulate/src/aiconfigurator_core/systems/data/gb200/sglang/0.5.10","python python/aisimulate/tools/support_matrix/generate_fpe_support_matrix.py --model ""XiaomiMiMo/MiMo-V2-Flash"" --system ""gb200"" --backend ""sglang"" --backend-version ""0.5.10"" --forward-model op_level --max-workers 8",,540,135,"PERF_DATA_MISSING=220, SDK_UNREPRESENTABLE=320",,26dae1f99b2b50fb17118f38d8a8e95dfac3357c
XiaomiMiMo/MiMo-V2-Flash,MiMoV2FlashForCausalLM,gb200,sglang,0.5.12,PASS,,"python python/aisimulate/tools/support_matrix/generate_fpe_support_matrix.py --model ""XiaomiMiMo/MiMo-V2-Flash"" --system ""gb200"" --backend ""sglang"" --backend-version ""0.5.12"" --forward-model op_level --max-workers 8",silicon,540,135,"PASS=220, SDK_UNREPRESENTABLE=320","decode_end=4976.308355, decode_start=19.497219, mixed=52.402538, prefill=50.679655",26dae1f99b2b50fb17118f38d8a8e95dfac3357c
XiaomiMiMo/MiMo-V2-Flash,MiMoV2FlashForCausalLM,gb200,sglang,0.5.14,PASS,,"python python/aisimulate/tools/support_matrix/generate_fpe_support_matrix.py --model ""XiaomiMiMo/MiMo-V2-Flash"" --system ""gb200"" --backend ""sglang"" --backend-version ""0.5.14"" --forward-model op_level --max-workers 8",silicon,540,135,"PASS=220, SDK_UNREPRESENTABLE=320","decode_end=4976.308355, decode_start=19.497219, mixed=52.402538, prefill=50.679655",26dae1f99b2b50fb17118f38d8a8e95dfac3357c
XiaomiMiMo/MiMo-V2-Flash,MiMoV2FlashForCausalLM,gb200,sglang,0.5.16,PASS,,"python python/aisimulate/tools/support_matrix/generate_fpe_support_matrix.py --model ""XiaomiMiMo/MiMo-V2-Flash"" --system ""gb200"" --backend ""sglang"" --backend-version ""0.5.16"" --forward-model op_level --max-workers 8",silicon,540,135,"PASS=220, SDK_UNREPRESENTABLE=320","decode_end=4976.308355, decode_start=19.497219, mixed=52.402538, prefill=50.679655",26dae1f99b2b50fb17118f38d8a8e95dfac3357c
XiaomiMiMo/MiMo-V2-Flash,MiMoV2FlashForCausalLM,gb200,sglang,0.5.9,FAIL,"Strict-native op-level FPE probes: PERF_DATA_MISSING=220, SDK_UNREPRESENTABLE=320; raw probes=540; topologies=135; source_sha=26dae1f99b2b50fb17118f38d8a8e95dfac3357c. Representative failure: perf database error: MoE data missing for MoeKey { quant: ""fp8_block"", distribution: ""power_law_1.01"", topk: 8, num_experts: 256, hidden_size: 4096, inter_size: 2048, moe_tp_size: 1, moe_ep_size: 1 } at <repo>/python/aisimulate/src/aiconfigurator_core/systems/data/gb200/sglang/0.5.9","python python/aisimulate/tools/support_matrix/generate_fpe_support_matrix.py --model ""XiaomiMiMo/MiMo-V2-Flash"" --system ""gb200"" --backend ""sglang"" --backend-version ""0.5.9"" --forward-model op_level --max-workers 8",,540,135,"PERF_DATA_MISSING=220, SDK_UNREPRESENTABLE=320",,26dae1f99b2b50fb17118f38d8a8e95dfac3357c
XiaomiMiMo/MiMo-V2-Flash,MiMoV2FlashForCausalLM,gb200,trtllm,1.3.0rc10,FAIL,"Strict-native op-level FPE probes: PERF_DATA_MISSING=116; raw probes=116; topologies=29; source_sha=26dae1f99b2b50fb17118f38d8a8e95dfac3357c. Representative failure: perf database error: MoE data missing for MoeKey { quant: ""fp8_block"", distribution: ""uniform"", topk: 8, num_experts: 256, hidden_size: 4096, inter_size: 2048, moe_tp_size: 1, moe_ep_size: 1 } at <repo>/python/aisimulate/src/aiconfigurator_core/systems/data/gb200/trtllm/1.3.0rc10","python python/aisimulate/tools/support_matrix/generate_fpe_support_matrix.py --model ""XiaomiMiMo/MiMo-V2-Flash"" --system ""gb200"" --backend ""trtllm"" --backend-version ""1.3.0rc10"" --forward-model op_level --max-workers 8",,116,29,PERF_DATA_MISSING=116,,26dae1f99b2b50fb17118f38d8a8e95dfac3357c
XiaomiMiMo/MiMo-V2-Flash,MiMoV2FlashForCausalLM,gb200,trtllm,1.3.0rc15,FAIL,"Strict-native op-level FPE probes: PERF_DATA_MISSING=116; raw probes=116; topologies=29; source_sha=26dae1f99b2b50fb17118f38d8a8e95dfac3357c. Representative failure: perf database error: MoE data missing for MoeKey { quant: ""fp8_block"", distribution: ""uniform"", topk: 8, num_experts: 256, hidden_size: 4096, inter_size: 2048, moe_tp_size: 1, moe_ep_size: 1 } at <repo>/python/aisimulate/src/aiconfigurator_core/systems/data/gb200/trtllm/1.3.0rc15","python python/aisimulate/tools/support_matrix/generate_fpe_support_matrix.py --model ""XiaomiMiMo/MiMo-V2-Flash"" --system ""gb200"" --backend ""trtllm"" --backend-version ""1.3.0rc15"" --forward-model op_level --max-workers 8",,116,29,PERF_DATA_MISSING=116,,26dae1f99b2b50fb17118f38d8a8e95dfac3357c
XiaomiMiMo/MiMo-V2-Flash,MiMoV2FlashForCausalLM,gb200,trtllm,1.3.0rc17,FAIL,"Strict-native op-level FPE probes: PERF_DATA_MISSING=116; raw probes=116; topologies=29; source_sha=26dae1f99b2b50fb17118f38d8a8e95dfac3357c. Representative failure: perf database error: MoE data missing for MoeKey { quant: ""fp8_block"", distribution: ""uniform"", topk: 8, num_experts: 256, hidden_size: 4096, inter_size: 2048, moe_tp_size: 1, moe_ep_size: 1 } at <repo>/python/aisimulate/src/aiconfigurator_core/systems/data/gb200/trtllm/1.3.0rc17","python python/aisimulate/tools/support_matrix/generate_fpe_support_matrix.py --model ""XiaomiMiMo/MiMo-V2-Flash"" --system ""gb200"" --backend ""trtllm"" --backend-version ""1.3.0rc17"" --forward-model op_level --max-workers 8",,116,29,PERF_DATA_MISSING=116,,26dae1f99b2b50fb17118f38d8a8e95dfac3357c
XiaomiMiMo/MiMo-V2-Flash,MiMoV2FlashForCausalLM,gb200,trtllm,1.3.0rc20,FAIL,"Strict-native op-level FPE probes: PERF_DATA_MISSING=116; raw probes=116; topologies=29; source_sha=26dae1f99b2b50fb17118f38d8a8e95dfac3357c. Representative failure: perf database error: context attention data missing for ContextKey { fmha_quant: ""fp8"", kv_quant: ""fp8"", n_kv_lookup: 1, head_size: 192, window_size: 0 } at <repo>/python/aisimulate/src/aiconfigurator_core/systems/data/gb200/trtllm/1.3.0rc20","python python/aisimulate/tools/support_matrix/generate_fpe_support_matrix.py --model ""XiaomiMiMo/MiMo-V2-Flash"" --system ""gb200"" --backend ""trtllm"" --backend-version ""1.3.0rc20"" --forward-model op_level --max-workers 8",,116,29,PERF_DATA_MISSING=116,,26dae1f99b2b50fb17118f38d8a8e95dfac3357c
XiaomiMiMo/MiMo-V2-Flash,MiMoV2FlashForCausalLM,gb200,trtllm,1.3.0rc23,FAIL,"Strict-native op-level FPE probes: PERF_DATA_MISSING=116; raw probes=116; topologies=29; source_sha=26dae1f99b2b50fb17118f38d8a8e95dfac3357c. Representative failure: perf database error: context attention data missing for ContextKey { fmha_quant: ""fp8"", kv_quant: ""fp8"", n_kv_lookup: 1, head_size: 192, window_size: 0 } at <repo>/python/aisimulate/src/aiconfigurator_core/systems/data/gb200/trtllm/1.3.0rc23","python python/aisimulate/tools/support_matrix/generate_fpe_support_matrix.py --model ""XiaomiMiMo/MiMo-V2-Flash"" --system ""gb200"" --backend ""trtllm"" --backend-version ""1.3.0rc23"" --forward-model op_level --max-workers 8",,116,29,PERF_DATA_MISSING=116,,26dae1f99b2b50fb17118f38d8a8e95dfac3357c
XiaomiMiMo/MiMo-V2-Flash,MiMoV2FlashForCausalLM,gb200,vllm,0.1.dev19262,FAIL,Strict-native op-level FPE probes: PERF_DATA_MISSING=116; raw probes=116; topologies=29; source_sha=26dae1f99b2b50fb17118f38d8a8e95dfac3357c. Representative failure: perf database error: perf database error: no GEMM rows loaded from 1 source(s) (first: <repo>/python/aisimulate/src/aiconfigurator_core/systems/data/gb200/vllm/0.1.dev19262/gemm_perf.parquet),"python python/aisimulate/tools/support_matrix/generate_fpe_support_matrix.py --model ""XiaomiMiMo/MiMo-V2-Flash"" --system ""gb200"" --backend ""vllm"" --backend-version ""0.1.dev19262"" --forward-model op_level --max-workers 8",,116,29,PERF_DATA_MISSING=116,,26dae1f99b2b50fb17118f38d8a8e95dfac3357c
XiaomiMiMo/MiMo-V2-Flash,MiMoV2FlashForCausalLM,gb200,vllm,0.14.0,FAIL,"Strict-native op-level FPE probes: PERF_DATA_MISSING=116; raw probes=116; topologies=29; source_sha=26dae1f99b2b50fb17118f38d8a8e95dfac3357c. Representative failure: perf database error: MoE data missing for MoeKey { quant: ""fp8_block"", distribution: ""power_law_1.01"", topk: 8, num_experts: 256, hidden_size: 4096, inter_size: 2048, moe_tp_size: 1, moe_ep_size: 1 } at <repo>/python/aisimulate/src/aiconfigurator_core/systems/data/gb200/vllm/0.14.0","python python/aisimulate/tools/support_matrix/generate_fpe_support_matrix.py --model ""XiaomiMiMo/MiMo-V2-Flash"" --system ""gb200"" --backend ""vllm"" --backend-version ""0.14.0"" --forward-model op_level --max-workers 8",,116,29,PERF_DATA_MISSING=116,,26dae1f99b2b50fb17118f38d8a8e95dfac3357c
XiaomiMiMo/MiMo-V2-Flash,MiMoV2FlashForCausalLM,gb200,vllm,0.19.0,FAIL,"Strict-native op-level FPE probes: PERF_DATA_MISSING=116; raw probes=116; topologies=29; source_sha=26dae1f99b2b50fb17118f38d8a8e95dfac3357c. Representative failure: perf database error: MoE data missing for MoeKey { quant: ""fp8_block"", distribution: ""power_law_1.01"", topk: 8, num_experts: 256, hidden_size: 4096, inter_size: 2048, moe_tp_size: 1, moe_ep_size: 1 } at <repo>/python/aisimulate/src/aiconfigurator_core/systems/data/gb200/vllm/0.19.0","python python/aisimulate/tools/support_matrix/generate_fpe_support_matrix.py --model ""XiaomiMiMo/MiMo-V2-Flash"" --system ""gb200"" --backend ""vllm"" --backend-version ""0.19.0"" --forward-model op_level --max-workers 8",,116,29,PERF_DATA_MISSING=116,,26dae1f99b2b50fb17118f38d8a8e95dfac3357c
XiaomiMiMo/MiMo-V2-Flash,MiMoV2FlashForCausalLM,gb200,vllm,0.22.0,PASS,,"python python/aisimulate/tools/support_matrix/generate_fpe_support_matrix.py --model ""XiaomiMiMo/MiMo-V2-Flash"" --system ""gb200"" --backend ""vllm"" --backend-version ""0.22.0"" --forward-model op_level --max-workers 8",silicon,116,29,PASS=116,"decode_end=11127.478287, decode_start=43.554410, mixed=78.527949, prefill=67.156433",26dae1f99b2b50fb17118f38d8a8e95dfac3357c
XiaomiMiMo/MiMo-V2-Flash,MiMoV2FlashForCausalLM,gb200,vllm,0.24.0,PASS,,"python python/aisimulate/tools/support_matrix/generate_fpe_support_matrix.py --model ""XiaomiMiMo/MiMo-V2-Flash"" --system ""gb200"" --backend ""vllm"" --backend-version ""0.24.0"" --forward-model op_level --max-workers 8",silicon,116,29,PASS=116,"decode_end=11865.354198, decode_start=46.472447, mixed=79.524837, prefill=69.265943",26dae1f99b2b50fb17118f38d8a8e95dfac3357c
deepseek-ai/DeepSeek-R1,DeepseekV3ForCausalLM,gb200,sglang,0.5.10,PASS,,"python python/aisimulate/tools/support_matrix/generate_fpe_support_matrix.py --model ""deepseek-ai/DeepSeek-R1"" --system ""gb200"" --backend ""sglang"" --backend-version ""0.5.10"" --forward-model op_level --max-workers 8",silicon,540,135,"PASS=220, SDK_UNREPRESENTABLE=320","decode_end=11376.910813, decode_start=44.561958, mixed=121.003511, prefill=119.108860",26dae1f99b2b50fb17118f38d8a8e95dfac3357c
deepseek-ai/DeepSeek-R1,DeepseekV3ForCausalLM,gb200,sglang,0.5.12,PASS,,"python python/aisimulate/tools/support_matrix/generate_fpe_support_matrix.py --model ""deepseek-ai/DeepSeek-R1"" --system ""gb200"" --backend ""sglang"" --backend-version ""0.5.12"" --forward-model op_level --max-workers 8",silicon,540,135,"PASS=220, SDK_UNREPRESENTABLE=320","decode_end=7732.985323, decode_start=30.275244, mixed=91.792869, prefill=89.457165",26dae1f99b2b50fb17118f38d8a8e95dfac3357c
deepseek-ai/DeepSeek-R1,DeepseekV3ForCausalLM,gb200,sglang,0.5.14,PASS,,"python python/aisimulate/tools/support_matrix/generate_fpe_support_matrix.py --model ""deepseek-ai/DeepSeek-R1"" --system ""gb200"" --backend ""sglang"" --backend-version ""0.5.14"" --forward-model op_level --max-workers 8",silicon,540,135,"PASS=220, SDK_UNREPRESENTABLE=320","decode_end=7732.985323, decode_start=30.275244, mixed=91.792869, prefill=89.457165",26dae1f99b2b50fb17118f38d8a8e95dfac3357c
deepseek-ai/DeepSeek-R1,DeepseekV3ForCausalLM,gb200,sglang,0.5.16,PASS,,"python python/aisimulate/tools/support_matrix/generate_fpe_support_matrix.py --model ""deepseek-ai/DeepSeek-R1"" --system ""gb200"" --backend ""sglang"" --backend-version ""0.5.16"" --forward-model op_level --max-workers 8",silicon,540,135,"PASS=220, SDK_UNREPRESENTABLE=320","decode_end=7732.985323, decode_start=30.275244, mixed=91.792869, prefill=89.457165",26dae1f99b2b50fb17118f38d8a8e95dfac3357c
deepseek-ai/DeepSeek-R1,DeepseekV3ForCausalLM,gb200,sglang,0.5.9,PASS,,"python python/aisimulate/tools/support_matrix/generate_fpe_support_matrix.py --model ""deepseek-ai/DeepSeek-R1"" --system ""gb200"" --backend ""sglang"" --backend-version ""0.5.9"" --forward-model op_level --max-workers 8",silicon,540,135,"PASS=220, SDK_UNREPRESENTABLE=320","decode_end=10107.784560, decode_start=39.590437, mixed=106.789843, prefill=105.183313",26dae1f99b2b50fb17118f38d8a8e95dfac3357c
deepseek-ai/DeepSeek-R1,DeepseekV3ForCausalLM,gb200,trtllm,1.3.0rc10,FAIL,"Strict-native op-level FPE probes: PERF_DATA_MISSING=116; raw probes=116; topologies=29; source_sha=26dae1f99b2b50fb17118f38d8a8e95dfac3357c. Representative failure: perf database error: MoE data missing for MoeKey { quant: ""fp8_block"", distribution: ""uniform"", topk: 8, num_experts: 256, hidden_size: 7168, inter_size: 2048, moe_tp_size: 1, moe_ep_size: 1 } at <repo>/python/aisimulate/src/aiconfigurator_core/systems/data/gb200/trtllm/1.3.0rc10","python python/aisimulate/tools/support_matrix/generate_fpe_support_matrix.py --model ""deepseek-ai/DeepSeek-R1"" --system ""gb200"" --backend ""trtllm"" --backend-version ""1.3.0rc10"" --forward-model op_level --max-workers 8",,116,29,PERF_DATA_MISSING=116,,26dae1f99b2b50fb17118f38d8a8e95dfac3357c
deepseek-ai/DeepSeek-R1,DeepseekV3ForCausalLM,gb200,trtllm,1.3.0rc15,FAIL,"Strict-native op-level FPE probes: PERF_DATA_MISSING=116; raw probes=116; topologies=29; source_sha=26dae1f99b2b50fb17118f38d8a8e95dfac3357c. Representative failure: perf database error: MoE data missing for MoeKey { quant: ""fp8_block"", distribution: ""uniform"", topk: 8, num_experts: 256, hidden_size: 7168, inter_size: 2048, moe_tp_size: 1, moe_ep_size: 1 } at <repo>/python/aisimulate/src/aiconfigurator_core/systems/data/gb200/trtllm/1.3.0rc15","python python/aisimulate/tools/support_matrix/generate_fpe_support_matrix.py --model ""deepseek-ai/DeepSeek-R1"" --system ""gb200"" --backend ""trtllm"" --backend-version ""1.3.0rc15"" --forward-model op_level --max-workers 8",,116,29,PERF_DATA_MISSING=116,,26dae1f99b2b50fb17118f38d8a8e95dfac3357c
deepseek-ai/DeepSeek-R1,DeepseekV3ForCausalLM,gb200,trtllm,1.3.0rc17,FAIL,"Strict-native op-level FPE probes: PERF_DATA_MISSING=116; raw probes=116; topologies=29; source_sha=26dae1f99b2b50fb17118f38d8a8e95dfac3357c. Representative failure: perf database error: MoE data missing for MoeKey { quant: ""fp8_block"", distribution: ""uniform"", topk: 8, num_experts: 256, hidden_size: 7168, inter_size: 2048, moe_tp_size: 1, moe_ep_size: 1 } at <repo>/python/aisimulate/src/aiconfigurator_core/systems/data/gb200/trtllm/1.3.0rc17","python python/aisimulate/tools/support_matrix/generate_fpe_support_matrix.py --model ""deepseek-ai/DeepSeek-R1"" --system ""gb200"" --backend ""trtllm"" --backend-version ""1.3.0rc17"" --forward-model op_level --max-workers 8",,116,29,PERF_DATA_MISSING=116,,26dae1f99b2b50fb17118f38d8a8e95dfac3357c
deepseek-ai/DeepSeek-R1,DeepseekV3ForCausalLM,gb200,trtllm,1.3.0rc20,PASS,,"python python/aisimulate/tools/support_matrix/generate_fpe_support_matrix.py --model ""deepseek-ai/DeepSeek-R1"" --system ""gb200"" --backend ""trtllm"" --backend-version ""1.3.0rc20"" --forward-model op_level --max-workers 8",silicon,116,29,PASS=116,"decode_end=10097.135525, decode_start=39.535469, mixed=105.956666, prefill=105.026065",26dae1f99b2b50fb17118f38d8a8e95dfac3357c
deepseek-ai/DeepSeek-R1,DeepseekV3ForCausalLM,gb200,trtllm,1.3.0rc23,PASS,,"python python/aisimulate/tools/support_matrix/generate_fpe_support_matrix.py --model ""deepseek-ai/DeepSeek-R1"" --system ""gb200"" --backend ""trtllm"" --backend-version ""1.3.0rc23"" --forward-model op_level --max-workers 8",silicon,116,29,PASS=116,"decode_end=10097.135525, decode_start=39.535469, mixed=105.956666, prefill=105.026065",26dae1f99b2b50fb17118f38d8a8e95dfac3357c
deepseek-ai/DeepSeek-R1,DeepseekV3ForCausalLM,gb200,vllm,0.1.dev19262,FAIL,Strict-native op-level FPE probes: PERF_DATA_MISSING=116; raw probes=116; topologies=29; source_sha=26dae1f99b2b50fb17118f38d8a8e95dfac3357c. Representative failure: perf database error: perf database error: no GEMM rows loaded from 1 source(s) (first: <repo>/python/aisimulate/src/aiconfigurator_core/systems/data/gb200/vllm/0.1.dev19262/gemm_perf.parquet),"python python/aisimulate/tools/support_matrix/generate_fpe_support_matrix.py --model ""deepseek-ai/DeepSeek-R1"" --system ""gb200"" --backend ""vllm"" --backend-version ""0.1.dev19262"" --forward-model op_level --max-workers 8",,116,29,PERF_DATA_MISSING=116,,26dae1f99b2b50fb17118f38d8a8e95dfac3357c
deepseek-ai/DeepSeek-R1,DeepseekV3ForCausalLM,gb200,vllm,0.14.0,PASS,,"python python/aisimulate/tools/support_matrix/generate_fpe_support_matrix.py --model ""deepseek-ai/DeepSeek-R1"" --system ""gb200"" --backend ""vllm"" --backend-version ""0.14.0"" --forward-model op_level --max-workers 8",silicon,116,29,PASS=116,"decode_end=11568.269858, decode_start=45.304624, mixed=156.230781, prefill=155.262521",26dae1f99b2b50fb17118f38d8a8e95dfac3357c
deepseek-ai/DeepSeek-R1,DeepseekV3ForCausalLM,gb200,vllm,0.19.0,PASS,,"python python/aisimulate/tools/support_matrix/generate_fpe_support_matrix.py --model ""deepseek-ai/DeepSeek-R1"" --system ""gb200"" --backend ""vllm"" --backend-version ""0.19.0"" --forward-model op_level --max-workers 8",silicon,116,29,PASS=116,"decode_end=9799.477883, decode_start=38.424008, mixed=157.350264, prefill=155.966357",26dae1f99b2b50fb17118f38d8a8e95dfac3357c
deepseek-ai/DeepSeek-R1,DeepseekV3ForCausalLM,gb200,vllm,0.22.0,PASS,,"python python/aisimulate/tools/support_matrix/generate_fpe_support_matrix.py --model ""deepseek-ai/DeepSeek-R1"" --system ""gb200"" --backend ""vllm"" --backend-version ""0.22.0"" --forward-model op_level --max-workers 8",silicon,116,29,PASS=116,"decode_end=10369.009997, decode_start=40.551136, mixed=138.827473, prefill=116.366684",26dae1f99b2b50fb17118f38d8a8e95dfac3357c
deepseek-ai/DeepSeek-R1,DeepseekV3ForCausalLM,gb200,vllm,0.24.0,PASS,,"python python/aisimulate/tools/support_matrix/generate_fpe_support_matrix.py --model ""deepseek-ai/DeepSeek-R1"" --system ""gb200"" --backend ""vllm"" --backend-version ""0.24.0"" --forward-model op_level --max-workers 8",silicon,116,29,PASS=116,"decode_end=13015.947252, decode_start=50.941916, mixed=138.954314, prefill=121.269479",26dae1f99b2b50fb17118f38d8a8e95dfac3357c
deepseek-ai/DeepSeek-V3,DeepseekV3ForCausalLM,gb200,sglang,0.5.10,PASS,,"python python/aisimulate/tools/support_matrix/generate_fpe_support_matrix.py --model ""deepseek-ai/DeepSeek-V3"" --system ""gb200"" --backend ""sglang"" --backend-version ""0.5.10"" --forward-model op_level --max-workers 8",silicon,540,135,"PASS=220, SDK_UNREPRESENTABLE=320","decode_end=11376.910813, decode_start=44.561958, mixed=121.003511, prefill=119.108860",26dae1f99b2b50fb17118f38d8a8e95dfac3357c
deepseek-ai/DeepSeek-V3,DeepseekV3ForCausalLM,gb200,sglang,0.5.12,PASS,,"python python/aisimulate/tools/support_matrix/generate_fpe_support_matrix.py --model ""deepseek-ai/DeepSeek-V3"" --system ""gb200"" --backend ""sglang"" --backend-version ""0.5.12"" --forward-model op_level --max-workers 8",silicon,540,135,"PASS=220, SDK_UNREPRESENTABLE=320","decode_end=7732.985323, decode_start=30.275244, mixed=91.792869, prefill=89.457165",26dae1f99b2b50fb17118f38d8a8e95dfac3357c
deepseek-ai/DeepSeek-V3,DeepseekV3ForCausalLM,gb200,sglang,0.5.14,PASS,,"python python/aisimulate/tools/support_matrix/generate_fpe_support_matrix.py --model ""deepseek-ai/DeepSeek-V3"" --system ""gb200"" --backend ""sglang"" --backend-version ""0.5.14"" --forward-model op_level --max-workers 8",silicon,540,135,"PASS=220, SDK_UNREPRESENTABLE=320","decode_end=7732.985323, decode_start=30.275244, mixed=91.792869, prefill=89.457165",26dae1f99b2b50fb17118f38d8a8e95dfac3357c
deepseek-ai/DeepSeek-V3,DeepseekV3ForCausalLM,gb200,sglang,0.5.16,PASS,,"python python/aisimulate/tools/support_matrix/generate_fpe_support_matrix.py --model ""deepseek-ai/DeepSeek-V3"" --system ""gb200"" --backend ""sglang"" --backend-version ""0.5.16"" --forward-model op_level --max-workers 8",silicon,540,135,"PASS=220, SDK_UNREPRESENTABLE=320","decode_end=7732.985323, decode_start=30.275244, mixed=91.792869, prefill=89.457165",26dae1f99b2b50fb17118f38d8a8e95dfac3357c
deepseek-ai/DeepSeek-V3,DeepseekV3ForCausalLM,gb200,sglang,0.5.9,PASS,,"python python/aisimulate/tools/support_matrix/generate_fpe_support_matrix.py --model ""deepseek-ai/DeepSeek-V3"" --system ""gb200"" --backend ""sglang"" --backend-version ""0.5.9"" --forward-model op_level --max-workers 8",silicon,540,135,"PASS=220, SDK_UNREPRESENTABLE=320","decode_end=10107.784560, decode_start=39.590437, mixed=106.789843, prefill=105.183313",26dae1f99b2b50fb17118f38d8a8e95dfac3357c
deepseek-ai/DeepSeek-V3,DeepseekV3ForCausalLM,gb200,trtllm,1.3.0rc10,FAIL,"Strict-native op-level FPE probes: PERF_DATA_MISSING=116; raw probes=116; topologies=29; source_sha=26dae1f99b2b50fb17118f38d8a8e95dfac3357c. Representative failure: perf database error: MoE data missing for MoeKey { quant: ""fp8_block"", distribution: ""uniform"", topk: 8, num_experts: 256, hidden_size: 7168, inter_size: 2048, moe_tp_size: 1, moe_ep_size: 1 } at <repo>/python/aisimulate/src/aiconfigurator_core/systems/data/gb200/trtllm/1.3.0rc10","python python/aisimulate/tools/support_matrix/generate_fpe_support_matrix.py --model ""deepseek-ai/DeepSeek-V3"" --system ""gb200"" --backend ""trtllm"" --backend-version ""1.3.0rc10"" --forward-model op_level --max-workers 8",,116,29,PERF_DATA_MISSING=116,,26dae1f99b2b50fb17118f38d8a8e95dfac3357c
deepseek-ai/DeepSeek-V3,DeepseekV3ForCausalLM,gb200,trtllm,1.3.0rc15,FAIL,"Strict-native op-level FPE probes: PERF_DATA_MISSING=116; raw probes=116; topologies=29; source_sha=26dae1f99b2b50fb17118f38d8a8e95dfac3357c. Representative failure: perf database error: MoE data missing for MoeKey { quant: ""fp8_block"", distribution: ""uniform"", topk: 8, num_experts: 256, hidden_size: 7168, inter_size: 2048, moe_tp_size: 1, moe_ep_size: 1 } at <repo>/python/aisimulate/src/aiconfigurator_core/systems/data/gb200/trtllm/1.3.0rc15","python python/aisimulate/tools/support_matrix/generate_fpe_support_matrix.py --model ""deepseek-ai/DeepSeek-V3"" --system ""gb200"" --backend ""trtllm"" --backend-version ""1.3.0rc15"" --forward-model op_level --max-workers 8",,116,29,PERF_DATA_MISSING=116,,26dae1f99b2b50fb17118f38d8a8e95dfac3357c
deepseek-ai/DeepSeek-V3,DeepseekV3ForCausalLM,gb200,trtllm,1.3.0rc17,FAIL,"Strict-native op-level FPE probes: PERF_DATA_MISSING=116; raw probes=116; topologies=29; source_sha=26dae1f99b2b50fb17118f38d8a8e95dfac3357c. Representative failure: perf database error: MoE data missing for MoeKey { quant: ""fp8_block"", distribution: ""uniform"", topk: 8, num_experts: 256, hidden_size: 7168, inter_size: 2048, moe_tp_size: 1, moe_ep_size: 1 } at <repo>/python/aisimulate/src/aiconfigurator_core/systems/data/gb200/trtllm/1.3.0rc17","python python/aisimulate/tools/support_matrix/generate_fpe_support_matrix.py --model ""deepseek-ai/DeepSeek-V3"" --system ""gb200"" --backend ""trtllm"" --backend-version ""1.3.0rc17"" --forward-model op_level --max-workers 8",,116,29,PERF_DATA_MISSING=116,,26dae1f99b2b50fb17118f38d8a8e95dfac3357c
deepseek-ai/DeepSeek-V3,DeepseekV3ForCausalLM,gb200,trtllm,1.3.0rc20,PASS,,"python python/aisimulate/tools/support_matrix/generate_fpe_support_matrix.py --model ""deepseek-ai/DeepSeek-V3"" --system ""gb200"" --backend ""trtllm"" --backend-version ""1.3.0rc20"" --forward-model op_level --max-workers 8",silicon,116,29,PASS=116,"decode_end=10097.135525, decode_start=39.535469, mixed=105.956666, prefill=105.026065",26dae1f99b2b50fb17118f38d8a8e95dfac3357c
deepseek-ai/DeepSeek-V3,DeepseekV3ForCausalLM,gb200,trtllm,1.3.0rc23,PASS,,"python python/aisimulate/tools/support_matrix/generate_fpe_support_matrix.py --model ""deepseek-ai/DeepSeek-V3"" --system ""gb200"" --backend ""trtllm"" --backend-version ""1.3.0rc23"" --forward-model op_level --max-workers 8",silicon,116,29,PASS=116,"decode_end=10097.135525, decode_start=39.535469, mixed=105.956666, prefill=105.026065",26dae1f99b2b50fb17118f38d8a8e95dfac3357c
deepseek-ai/DeepSeek-V3,DeepseekV3ForCausalLM,gb200,vllm,0.1.dev19262,FAIL,Strict-native op-level FPE probes: PERF_DATA_MISSING=116; raw probes=116; topologies=29; source_sha=26dae1f99b2b50fb17118f38d8a8e95dfac3357c. Representative failure: perf database error: perf database error: no GEMM rows loaded from 1 source(s) (first: <repo>/python/aisimulate/src/aiconfigurator_core/systems/data/gb200/vllm/0.1.dev19262/gemm_perf.parquet),"python python/aisimulate/tools/support_matrix/generate_fpe_support_matrix.py --model ""deepseek-ai/DeepSeek-V3"" --system ""gb200"" --backend ""vllm"" --backend-version ""0.1.dev19262"" --forward-model op_level --max-workers 8",,116,29,PERF_DATA_MISSING=116,,26dae1f99b2b50fb17118f38d8a8e95dfac3357c
deepseek-ai/DeepSeek-V3,DeepseekV3ForCausalLM,gb200,vllm,0.14.0,PASS,,"python python/aisimulate/tools/support_matrix/generate_fpe_support_matrix.py --model ""deepseek-ai/DeepSeek-V3"" --system ""gb200"" --backend ""vllm"" --backend-version ""0.14.0"" --forward-model op_level --max-workers 8",silicon,116,29,PASS=116,"decode_end=11568.269858, decode_start=45.304624, mixed=156.230781, prefill=155.262521",26dae1f99b2b50fb17118f38d8a8e95dfac3357c
deepseek-ai/DeepSeek-V3,DeepseekV3ForCausalLM,gb200,vllm,0.19.0,PASS,,"python python/aisimulate/tools/support_matrix/generate_fpe_support_matrix.py --model ""deepseek-ai/DeepSeek-V3"" --system ""gb200"" --backend ""vllm"" --backend-version ""0.19.0"" --forward-model op_level --max-workers 8",silicon,116,29,PASS=116,"decode_end=9799.477883, decode_start=38.424008, mixed=157.350264, prefill=155.966357",26dae1f99b2b50fb17118f38d8a8e95dfac3357c
deepseek-ai/DeepSeek-V3,DeepseekV3ForCausalLM,gb200,vllm,0.22.0,PASS,,"python python/aisimulate/tools/support_matrix/generate_fpe_support_matrix.py --model ""deepseek-ai/DeepSeek-V3"" --system ""gb200"" --backend ""vllm"" --backend-version ""0.22.0"" --forward-model op_level --max-workers 8",silicon,116,29,PASS=116,"decode_end=10369.009997, decode_start=40.551136, mixed=138.827473, prefill=116.366684",26dae1f99b2b50fb17118f38d8a8e95dfac3357c
deepseek-ai/DeepSeek-V3,DeepseekV3ForCausalLM,gb200,vllm,0.24.0,PASS,,"python python/aisimulate/tools/support_matrix/generate_fpe_support_matrix.py --model ""deepseek-ai/DeepSeek-V3"" --system ""gb200"" --backend ""vllm"" --backend-version ""0.24.0"" --forward-model op_level --max-workers 8",silicon,116,29,PASS=116,"decode_end=13015.947252, decode_start=50.941916, mixed=138.954314, prefill=121.269479",26dae1f99b2b50fb17118f38d8a8e95dfac3357c
deepseek-ai/DeepSeek-V3.2,DeepseekV32ForCausalLM,gb200,sglang,0.5.10,FAIL,"Strict-native op-level FPE probes: PERF_DATA_MISSING=340, SDK_UNREPRESENTABLE=460; raw probes=800; topologies=200; source_sha=26dae1f99b2b50fb17118f38d8a8e95dfac3357c. Representative failure: perf database error: context DSA module data missing for DsaKey { architecture: ""DeepseekV32ForCausalLM"", fmha_quant: ""fp8"", kv_quant: ""fp8"", gemm_quant: ""fp8_block"" }","python python/aisimulate/tools/support_matrix/generate_fpe_support_matrix.py --model ""deepseek-ai/DeepSeek-V3.2"" --system ""gb200"" --backend ""sglang"" --backend-version ""0.5.10"" --forward-model op_level --max-workers 8",,800,200,"PERF_DATA_MISSING=340, SDK_UNREPRESENTABLE=460",,26dae1f99b2b50fb17118f38d8a8e95dfac3357c
deepseek-ai/DeepSeek-V3.2,DeepseekV32ForCausalLM,gb200,sglang,0.5.12,PASS,,"python python/aisimulate/tools/support_matrix/generate_fpe_support_matrix.py --model ""deepseek-ai/DeepSeek-V3.2"" --system ""gb200"" --backend ""sglang"" --backend-version ""0.5.12"" --forward-model op_level --max-workers 8",silicon,800,200,"PASS=340, SDK_UNREPRESENTABLE=460","decode_end=7475.057432, decode_start=29.316609, mixed=182.312705, prefill=173.137079",26dae1f99b2b50fb17118f38d8a8e95dfac3357c
deepseek-ai/DeepSeek-V3.2,DeepseekV32ForCausalLM,gb200,sglang,0.5.14,PASS,,"python python/aisimulate/tools/support_matrix/generate_fpe_support_matrix.py --model ""deepseek-ai/DeepSeek-V3.2"" --system ""gb200"" --backend ""sglang"" --backend-version ""0.5.14"" --forward-model op_level --max-workers 8",silicon,800,200,"PASS=340, SDK_UNREPRESENTABLE=460","decode_end=7475.057432, decode_start=29.316609, mixed=182.312705, prefill=173.137079",26dae1f99b2b50fb17118f38d8a8e95dfac3357c
deepseek-ai/DeepSeek-V3.2,DeepseekV32ForCausalLM,gb200,sglang,0.5.16,PASS,,"python python/aisimulate/tools/support_matrix/generate_fpe_support_matrix.py --model ""deepseek-ai/DeepSeek-V3.2"" --system ""gb200"" --backend ""sglang"" --backend-version ""0.5.16"" --forward-model op_level --max-workers 8",silicon,800,200,"PASS=340, SDK_UNREPRESENTABLE=460","decode_end=7475.057432, decode_start=29.316609, mixed=182.312705, prefill=173.137079",26dae1f99b2b50fb17118f38d8a8e95dfac3357c
deepseek-ai/DeepSeek-V3.2,DeepseekV32ForCausalLM,gb200,sglang,0.5.9,FAIL,"Strict-native op-level FPE probes: PERF_DATA_MISSING=340, SDK_UNREPRESENTABLE=460; raw probes=800; topologies=200; source_sha=26dae1f99b2b50fb17118f38d8a8e95dfac3357c. Representative failure: perf database error: perf database error: perf database error: no DSA module rows loaded from 1 source(s) (first: <repo>/python/aisimulate/src/aiconfigurator_core/systems/data/gb200/sglang/0.5.9/dsa_context_module_perf.parquet)","python python/aisimulate/tools/support_matrix/generate_fpe_support_matrix.py --model ""deepseek-ai/DeepSeek-V3.2"" --system ""gb200"" --backend ""sglang"" --backend-version ""0.5.9"" --forward-model op_level --max-workers 8",,800,200,"PERF_DATA_MISSING=340, SDK_UNREPRESENTABLE=460",,26dae1f99b2b50fb17118f38d8a8e95dfac3357c
deepseek-ai/DeepSeek-V3.2,DeepseekV32ForCausalLM,gb200,trtllm,1.3.0rc10,FAIL,"Strict-native op-level FPE probes: PERF_DATA_MISSING=192; raw probes=192; topologies=48; source_sha=26dae1f99b2b50fb17118f38d8a8e95dfac3357c. Representative failure: perf database error: MoE data missing for MoeKey { quant: ""fp8_block"", distribution: ""uniform"", topk: 8, num_experts: 256, hidden_size: 7168, inter_size: 2048, moe_tp_size: 1, moe_ep_size: 1 } at <repo>/python/aisimulate/src/aiconfigurator_core/systems/data/gb200/trtllm/1.3.0rc10","python python/aisimulate/tools/support_matrix/generate_fpe_support_matrix.py --model ""deepseek-ai/DeepSeek-V3.2"" --system ""gb200"" --backend ""trtllm"" --backend-version ""1.3.0rc10"" --forward-model op_level --max-workers 8",,192,48,PERF_DATA_MISSING=192,,26dae1f99b2b50fb17118f38d8a8e95dfac3357c
deepseek-ai/DeepSeek-V3.2,DeepseekV32ForCausalLM,gb200,trtllm,1.3.0rc15,FAIL,"Strict-native op-level FPE probes: PERF_DATA_MISSING=192; raw probes=192; topologies=48; source_sha=26dae1f99b2b50fb17118f38d8a8e95dfac3357c. Representative failure: perf database error: MoE data missing for MoeKey { quant: ""fp8_block"", distribution: ""uniform"", topk: 8, num_experts: 256, hidden_size: 7168, inter_size: 2048, moe_tp_size: 1, moe_ep_size: 1 } at <repo>/python/aisimulate/src/aiconfigurator_core/systems/data/gb200/trtllm/1.3.0rc15","python python/aisimulate/tools/support_matrix/generate_fpe_support_matrix.py --model ""deepseek-ai/DeepSeek-V3.2"" --system ""gb200"" --backend ""trtllm"" --backend-version ""1.3.0rc15"" --forward-model op_level --max-workers 8",,192,48,PERF_DATA_MISSING=192,,26dae1f99b2b50fb17118f38d8a8e95dfac3357c
deepseek-ai/DeepSeek-V3.2,DeepseekV32ForCausalLM,gb200,trtllm,1.3.0rc17,FAIL,"Strict-native op-level FPE probes: PERF_DATA_MISSING=192; raw probes=192; topologies=48; source_sha=26dae1f99b2b50fb17118f38d8a8e95dfac3357c. Representative failure: perf database error: MoE data missing for MoeKey { quant: ""fp8_block"", distribution: ""uniform"", topk: 8, num_experts: 256, hidden_size: 7168, inter_size: 2048, moe_tp_size: 1, moe_ep_size: 1 } at <repo>/python/aisimulate/src/aiconfigurator_core/systems/data/gb200/trtllm/1.3.0rc17","python python/aisimulate/tools/support_matrix/generate_fpe_support_matrix.py --model ""deepseek-ai/DeepSeek-V3.2"" --system ""gb200"" --backend ""trtllm"" --backend-version ""1.3.0rc17"" --forward-model op_level --max-workers 8",,192,48,PERF_DATA_MISSING=192,,26dae1f99b2b50fb17118f38d8a8e95dfac3357c
deepseek-ai/DeepSeek-V3.2,DeepseekV32ForCausalLM,gb200,trtllm,1.3.0rc20,PASS,,"python python/aisimulate/tools/support_matrix/generate_fpe_support_matrix.py --model ""deepseek-ai/DeepSeek-V3.2"" --system ""gb200"" --backend ""trtllm"" --backend-version ""1.3.0rc20"" --forward-model op_level --max-workers 8",silicon,192,48,PASS=192,"decode_end=10586.204550, decode_start=41.511869, mixed=320.140247, prefill=312.465715",26dae1f99b2b50fb17118f38d8a8e95dfac3357c
deepseek-ai/DeepSeek-V3.2,DeepseekV32ForCausalLM,gb200,trtllm,1.3.0rc23,PASS,,"python python/aisimulate/tools/support_matrix/generate_fpe_support_matrix.py --model ""deepseek-ai/DeepSeek-V3.2"" --system ""gb200"" --backend ""trtllm"" --backend-version ""1.3.0rc23"" --forward-model op_level --max-workers 8",silicon,192,48,PASS=192,"decode_end=10586.204550, decode_start=41.511869, mixed=320.140247, prefill=312.465715",26dae1f99b2b50fb17118f38d8a8e95dfac3357c
deepseek-ai/DeepSeek-V3.2,DeepseekV32ForCausalLM,gb200,vllm,0.1.dev19262,FAIL,Strict-native op-level FPE probes: PERF_DATA_MISSING=192; raw probes=192; topologies=48; source_sha=26dae1f99b2b50fb17118f38d8a8e95dfac3357c. Representative failure: perf database error: perf database error: no GEMM rows loaded from 1 source(s) (first: <repo>/python/aisimulate/src/aiconfigurator_core/systems/data/gb200/vllm/0.1.dev19262/gemm_perf.parquet),"python python/aisimulate/tools/support_matrix/generate_fpe_support_matrix.py --model ""deepseek-ai/DeepSeek-V3.2"" --system ""gb200"" --backend ""vllm"" --backend-version ""0.1.dev19262"" --forward-model op_level --max-workers 8",,192,48,PERF_DATA_MISSING=192,,26dae1f99b2b50fb17118f38d8a8e95dfac3357c
deepseek-ai/DeepSeek-V3.2,DeepseekV32ForCausalLM,gb200,vllm,0.14.0,PASS,,"python python/aisimulate/tools/support_matrix/generate_fpe_support_matrix.py --model ""deepseek-ai/DeepSeek-V3.2"" --system ""gb200"" --backend ""vllm"" --backend-version ""0.14.0"" --forward-model op_level --max-workers 8",silicon,192,48,PASS=192,"decode_end=12057.338883, decode_start=47.281024, mixed=167.081553, prefill=159.305296",26dae1f99b2b50fb17118f38d8a8e95dfac3357c
deepseek-ai/DeepSeek-V3.2,DeepseekV32ForCausalLM,gb200,vllm,0.19.0,PASS,,"python python/aisimulate/tools/support_matrix/generate_fpe_support_matrix.py --model ""deepseek-ai/DeepSeek-V3.2"" --system ""gb200"" --backend ""vllm"" --backend-version ""0.19.0"" --forward-model op_level --max-workers 8",silicon,192,48,PASS=192,"decode_end=11537.449470, decode_start=45.231608, mixed=448.521326, prefill=432.424564",26dae1f99b2b50fb17118f38d8a8e95dfac3357c
deepseek-ai/DeepSeek-V3.2,DeepseekV32ForCausalLM,gb200,vllm,0.22.0,PASS,,"python python/aisimulate/tools/support_matrix/generate_fpe_support_matrix.py --model ""deepseek-ai/DeepSeek-V3.2"" --system ""gb200"" --backend ""vllm"" --backend-version ""0.22.0"" --forward-model op_level --max-workers 8",silicon,192,48,PASS=192,"decode_end=11951.281372, decode_start=46.889036, mixed=360.173098, prefill=323.916134",26dae1f99b2b50fb17118f38d8a8e95dfac3357c
deepseek-ai/DeepSeek-V3.2,DeepseekV32ForCausalLM,gb200,vllm,0.24.0,PASS,,"python python/aisimulate/tools/support_matrix/generate_fpe_support_matrix.py --model ""deepseek-ai/DeepSeek-V3.2"" --system ""gb200"" --backend ""vllm"" --backend-version ""0.24.0"" --forward-model op_level --max-workers 8",silicon,192,48,PASS=192,"decode_end=14192.518302, decode_start=55.779216, mixed=358.698404, prefill=328.471229",26dae1f99b2b50fb17118f38d8a8e95dfac3357c
deepseek-ai/DeepSeek-V4-Flash,DeepseekV4ForCausalLM,gb200,sglang,0.5.10,FAIL,"Strict-native op-level FPE probes: PERF_DATA_MISSING=340, SDK_UNREPRESENTABLE=460; raw probes=800; topologies=200; source_sha=26dae1f99b2b50fb17118f38d8a8e95dfac3357c. Representative failure: perf database error: MoE data missing for MoeKey { quant: ""w4a8_mxfp4_mxfp8_trtllm"", distribution: ""uniform"", topk: 6, num_experts: 256, hidden_size: 4096, inter_size: 2048, moe_tp_size: 1, moe_ep_size: 1 } at <repo>/python/aisimulate/src/aiconfigurator_core/systems/data/gb200/sglang/0.5.10","python python/aisimulate/tools/support_matrix/generate_fpe_support_matrix.py --model ""deepseek-ai/DeepSeek-V4-Flash"" --system ""gb200"" --backend ""sglang"" --backend-version ""0.5.10"" --forward-model op_level --max-workers 8",,800,200,"PERF_DATA_MISSING=340, SDK_UNREPRESENTABLE=460",,26dae1f99b2b50fb17118f38d8a8e95dfac3357c
deepseek-ai/DeepSeek-V4-Flash,DeepseekV4ForCausalLM,gb200,sglang,0.5.12,PASS,,"python python/aisimulate/tools/support_matrix/generate_fpe_support_matrix.py --model ""deepseek-ai/DeepSeek-V4-Flash"" --system ""gb200"" --backend ""sglang"" --backend-version ""0.5.12"" --forward-model op_level --max-workers 8",silicon,800,200,"PASS=340, SDK_UNREPRESENTABLE=460","decode_end=2679.036278, decode_start=10.506504, mixed=29.701171, prefill=25.524899",26dae1f99b2b50fb17118f38d8a8e95dfac3357c
deepseek-ai/DeepSeek-V4-Flash,DeepseekV4ForCausalLM,gb200,sglang,0.5.14,PASS,,"python python/aisimulate/tools/support_matrix/generate_fpe_support_matrix.py --model ""deepseek-ai/DeepSeek-V4-Flash"" --system ""gb200"" --backend ""sglang"" --backend-version ""0.5.14"" --forward-model op_level --max-workers 8",silicon,800,200,"PASS=340, SDK_UNREPRESENTABLE=460","decode_end=2679.036278, decode_start=10.506504, mixed=29.701171, prefill=25.524899",26dae1f99b2b50fb17118f38d8a8e95dfac3357c
deepseek-ai/DeepSeek-V4-Flash,DeepseekV4ForCausalLM,gb200,sglang,0.5.16,PASS,,"python python/aisimulate/tools/support_matrix/generate_fpe_support_matrix.py --model ""deepseek-ai/DeepSeek-V4-Flash"" --system ""gb200"" --backend ""sglang"" --backend-version ""0.5.16"" --forward-model op_level --max-workers 8",silicon,800,200,"PASS=340, SDK_UNREPRESENTABLE=460","decode_end=2679.036278, decode_start=10.506504, mixed=29.701171, prefill=25.524899",26dae1f99b2b50fb17118f38d8a8e95dfac3357c
deepseek-ai/DeepSeek-V4-Flash,DeepseekV4ForCausalLM,gb200,sglang,0.5.9,FAIL,"Strict-native op-level FPE probes: PERF_DATA_MISSING=340, SDK_UNREPRESENTABLE=460; raw probes=800; topologies=200; source_sha=26dae1f99b2b50fb17118f38d8a8e95dfac3357c. Representative failure: perf database error: perf database error: no MHC module rows loaded from 1 source(s) (first: <repo>/python/aisimulate/src/aiconfigurator_core/systems/data/gb200/sglang/0.5.9/mhc_module_perf.parquet)","python python/aisimulate/tools/support_matrix/generate_fpe_support_matrix.py --model ""deepseek-ai/DeepSeek-V4-Flash"" --system ""gb200"" --backend ""sglang"" --backend-version ""0.5.9"" --forward-model op_level --max-workers 8",,800,200,"PERF_DATA_MISSING=340, SDK_UNREPRESENTABLE=460",,26dae1f99b2b50fb17118f38d8a8e95dfac3357c
deepseek-ai/DeepSeek-V4-Flash,DeepseekV4ForCausalLM,gb200,trtllm,1.3.0rc10,FAIL,Strict-native op-level FPE probes: PERF_DATA_MISSING=192; raw probes=192; topologies=48; source_sha=26dae1f99b2b50fb17118f38d8a8e95dfac3357c. Representative failure: perf database error: perf database error: no MHC module rows loaded from 1 source(s) (first: <repo>/python/aisimulate/src/aiconfigurator_core/systems/data/gb200/trtllm/1.3.0rc10/mhc_module_perf.parquet),"python python/aisimulate/tools/support_matrix/generate_fpe_support_matrix.py --model ""deepseek-ai/DeepSeek-V4-Flash"" --system ""gb200"" --backend ""trtllm"" --backend-version ""1.3.0rc10"" --forward-model op_level --max-workers 8",,192,48,PERF_DATA_MISSING=192,,26dae1f99b2b50fb17118f38d8a8e95dfac3357c
deepseek-ai/DeepSeek-V4-Flash,DeepseekV4ForCausalLM,gb200,trtllm,1.3.0rc15,FAIL,Strict-native op-level FPE probes: PERF_DATA_MISSING=192; raw probes=192; topologies=48; source_sha=26dae1f99b2b50fb17118f38d8a8e95dfac3357c. Representative failure: perf database error: perf database error: no MHC module rows loaded from 1 source(s) (first: <repo>/python/aisimulate/src/aiconfigurator_core/systems/data/gb200/trtllm/1.3.0rc15/mhc_module_perf.parquet),"python python/aisimulate/tools/support_matrix/generate_fpe_support_matrix.py --model ""deepseek-ai/DeepSeek-V4-Flash"" --system ""gb200"" --backend ""trtllm"" --backend-version ""1.3.0rc15"" --forward-model op_level --max-workers 8",,192,48,PERF_DATA_MISSING=192,,26dae1f99b2b50fb17118f38d8a8e95dfac3357c
deepseek-ai/DeepSeek-V4-Flash,DeepseekV4ForCausalLM,gb200,trtllm,1.3.0rc17,FAIL,Strict-native op-level FPE probes: PERF_DATA_MISSING=192; raw probes=192; topologies=48; source_sha=26dae1f99b2b50fb17118f38d8a8e95dfac3357c. Representative failure: perf database error: perf database error: no MHC module rows loaded from 1 source(s) (first: <repo>/python/aisimulate/src/aiconfigurator_core/systems/data/gb200/trtllm/1.3.0rc17/mhc_module_perf.parquet),"python python/aisimulate/tools/support_matrix/generate_fpe_support_matrix.py --model ""deepseek-ai/DeepSeek-V4-Flash"" --system ""gb200"" --backend ""trtllm"" --backend-version ""1.3.0rc17"" --forward-model op_level --max-workers 8",,192,48,PERF_DATA_MISSING=192,,26dae1f99b2b50fb17118f38d8a8e95dfac3357c
deepseek-ai/DeepSeek-V4-Flash,DeepseekV4ForCausalLM,gb200,trtllm,1.3.0rc20,FAIL,Strict-native op-level FPE probes: PERF_DATA_MISSING=192; raw probes=192; topologies=48; source_sha=26dae1f99b2b50fb17118f38d8a8e95dfac3357c. Representative failure: perf database error: perf database error: no DSV4 module rows loaded from 1 source(s) (first: <repo>/python/aisimulate/src/aiconfigurator_core/systems/data/gb200/trtllm/1.3.0rc20/dsv4_csa_context_module_perf.parquet),"python python/aisimulate/tools/support_matrix/generate_fpe_support_matrix.py --model ""deepseek-ai/DeepSeek-V4-Flash"" --system ""gb200"" --backend ""trtllm"" --backend-version ""1.3.0rc20"" --forward-model op_level --max-workers 8",,192,48,PERF_DATA_MISSING=192,,26dae1f99b2b50fb17118f38d8a8e95dfac3357c
deepseek-ai/DeepSeek-V4-Flash,DeepseekV4ForCausalLM,gb200,trtllm,1.3.0rc23,PASS,,"python python/aisimulate/tools/support_matrix/generate_fpe_support_matrix.py --model ""deepseek-ai/DeepSeek-V4-Flash"" --system ""gb200"" --backend ""trtllm"" --backend-version ""1.3.0rc23"" --forward-model op_level --max-workers 8",silicon,192,48,PASS=192,"decode_end=2686.595449, decode_start=10.549744, mixed=30.586139, prefill=26.125916",26dae1f99b2b50fb17118f38d8a8e95dfac3357c
deepseek-ai/DeepSeek-V4-Flash,DeepseekV4ForCausalLM,gb200,vllm,0.1.dev19262,FAIL,Strict-native op-level FPE probes: PERF_DATA_MISSING=192; raw probes=192; topologies=48; source_sha=26dae1f99b2b50fb17118f38d8a8e95dfac3357c. Representative failure: perf database error: perf database error: no MHC module rows loaded from 1 source(s) (first: <repo>/python/aisimulate/src/aiconfigurator_core/systems/data/gb200/vllm/0.1.dev19262/mhc_module_perf.parquet),"python python/aisimulate/tools/support_matrix/generate_fpe_support_matrix.py --model ""deepseek-ai/DeepSeek-V4-Flash"" --system ""gb200"" --backend ""vllm"" --backend-version ""0.1.dev19262"" --forward-model op_level --max-workers 8",,192,48,PERF_DATA_MISSING=192,,26dae1f99b2b50fb17118f38d8a8e95dfac3357c
deepseek-ai/DeepSeek-V4-Flash,DeepseekV4ForCausalLM,gb200,vllm,0.14.0,FAIL,Strict-native op-level FPE probes: PERF_DATA_MISSING=192; raw probes=192; topologies=48; source_sha=26dae1f99b2b50fb17118f38d8a8e95dfac3357c. Representative failure: perf database error: perf database error: no MHC module rows loaded from 1 source(s) (first: <repo>/python/aisimulate/src/aiconfigurator_core/systems/data/gb200/vllm/0.14.0/mhc_module_perf.parquet),"python python/aisimulate/tools/support_matrix/generate_fpe_support_matrix.py --model ""deepseek-ai/DeepSeek-V4-Flash"" --system ""gb200"" --backend ""vllm"" --backend-version ""0.14.0"" --forward-model op_level --max-workers 8",,192,48,PERF_DATA_MISSING=192,,26dae1f99b2b50fb17118f38d8a8e95dfac3357c
deepseek-ai/DeepSeek-V4-Flash,DeepseekV4ForCausalLM,gb200,vllm,0.19.0,FAIL,Strict-native op-level FPE probes: PERF_DATA_MISSING=192; raw probes=192; topologies=48; source_sha=26dae1f99b2b50fb17118f38d8a8e95dfac3357c. Representative failure: perf database error: perf database error: no MHC module rows loaded from 1 source(s) (first: <repo>/python/aisimulate/src/aiconfigurator_core/systems/data/gb200/vllm/0.19.0/mhc_module_perf.parquet),"python python/aisimulate/tools/support_matrix/generate_fpe_support_matrix.py --model ""deepseek-ai/DeepSeek-V4-Flash"" --system ""gb200"" --backend ""vllm"" --backend-version ""0.19.0"" --forward-model op_level --max-workers 8",,192,48,PERF_DATA_MISSING=192,,26dae1f99b2b50fb17118f38d8a8e95dfac3357c
deepseek-ai/DeepSeek-V4-Flash,DeepseekV4ForCausalLM,gb200,vllm,0.22.0,PASS,,"python python/aisimulate/tools/support_matrix/generate_fpe_support_matrix.py --model ""deepseek-ai/DeepSeek-V4-Flash"" --system ""gb200"" --backend ""vllm"" --backend-version ""0.22.0"" --forward-model op_level --max-workers 8",silicon,192,48,PASS=192,"decode_end=7174.825167, decode_start=28.118484, mixed=62.042185, prefill=46.288505",26dae1f99b2b50fb17118f38d8a8e95dfac3357c
deepseek-ai/DeepSeek-V4-Flash,DeepseekV4ForCausalLM,gb200,vllm,0.24.0,PASS,,"python python/aisimulate/tools/support_matrix/generate_fpe_support_matrix.py --model ""deepseek-ai/DeepSeek-V4-Flash"" --system ""gb200"" --backend ""vllm"" --backend-version ""0.24.0"" --forward-model op_level --max-workers 8",silicon,192,48,PASS=192,"decode_end=8004.759653, decode_start=31.373129, mixed=62.641631, prefill=49.464207",26dae1f99b2b50fb17118f38d8a8e95dfac3357c
deepseek-ai/DeepSeek-V4-Pro,DeepseekV4ForCausalLM,gb200,sglang,0.5.10,FAIL,"Strict-native op-level FPE probes: PERF_DATA_MISSING=340, SDK_UNREPRESENTABLE=460; raw probes=800; topologies=200; source_sha=26dae1f99b2b50fb17118f38d8a8e95dfac3357c. Representative failure: perf database error: MHC module data missing for MhcKey { op_name: ""pre"", hc_mult: 4, hidden_size: 7168 } at <repo>/python/aisimulate/src/aiconfigurator_core/systems/data/gb200/sglang/0.5.10","python python/aisimulate/tools/support_matrix/generate_fpe_support_matrix.py --model ""deepseek-ai/DeepSeek-V4-Pro"" --system ""gb200"" --backend ""sglang"" --backend-version ""0.5.10"" --forward-model op_level --max-workers 8",,800,200,"PERF_DATA_MISSING=340, SDK_UNREPRESENTABLE=460",,26dae1f99b2b50fb17118f38d8a8e95dfac3357c
deepseek-ai/DeepSeek-V4-Pro,DeepseekV4ForCausalLM,gb200,sglang,0.5.12,PASS,,"python python/aisimulate/tools/support_matrix/generate_fpe_support_matrix.py --model ""deepseek-ai/DeepSeek-V4-Pro"" --system ""gb200"" --backend ""sglang"" --backend-version ""0.5.12"" --forward-model op_level --max-workers 8",silicon,800,200,"PASS=320, PERF_DATA_MISSING=20, SDK_UNREPRESENTABLE=460","decode_end=6562.694305, decode_start=25.748563, mixed=103.386079, prefill=94.730074",26dae1f99b2b50fb17118f38d8a8e95dfac3357c
deepseek-ai/DeepSeek-V4-Pro,DeepseekV4ForCausalLM,gb200,sglang,0.5.14,PASS,,"python python/aisimulate/tools/support_matrix/generate_fpe_support_matrix.py --model ""deepseek-ai/DeepSeek-V4-Pro"" --system ""gb200"" --backend ""sglang"" --backend-version ""0.5.14"" --forward-model op_level --max-workers 8",silicon,800,200,"PASS=320, PERF_DATA_MISSING=20, SDK_UNREPRESENTABLE=460","decode_end=6562.694305, decode_start=25.748563, mixed=103.386079, prefill=94.730074",26dae1f99b2b50fb17118f38d8a8e95dfac3357c
deepseek-ai/DeepSeek-V4-Pro,DeepseekV4ForCausalLM,gb200,sglang,0.5.16,PASS,,"python python/aisimulate/tools/support_matrix/generate_fpe_support_matrix.py --model ""deepseek-ai/DeepSeek-V4-Pro"" --system ""gb200"" --backend ""sglang"" --backend-version ""0.5.16"" --forward-model op_level --max-workers 8",silicon,800,200,"PASS=320, PERF_DATA_MISSING=20, SDK_UNREPRESENTABLE=460","decode_end=6562.694305, decode_start=25.748563, mixed=103.386079, prefill=94.730074",26dae1f99b2b50fb17118f38d8a8e95dfac3357c
deepseek-ai/DeepSeek-V4-Pro,DeepseekV4ForCausalLM,gb200,sglang,0.5.9,FAIL,"Strict-native op-level FPE probes: PERF_DATA_MISSING=340, SDK_UNREPRESENTABLE=460; raw probes=800; topologies=200; source_sha=26dae1f99b2b50fb17118f38d8a8e95dfac3357c. Representative failure: perf database error: perf database error: no MHC module rows loaded from 1 source(s) (first: <repo>/python/aisimulate/src/aiconfigurator_core/systems/data/gb200/sglang/0.5.9/mhc_module_perf.parquet)","python python/aisimulate/tools/support_matrix/generate_fpe_support_matrix.py --model ""deepseek-ai/DeepSeek-V4-Pro"" --system ""gb200"" --backend ""sglang"" --backend-version ""0.5.9"" --forward-model op_level --max-workers 8",,800,200,"PERF_DATA_MISSING=340, SDK_UNREPRESENTABLE=460",,26dae1f99b2b50fb17118f38d8a8e95dfac3357c
deepseek-ai/DeepSeek-V4-Pro,DeepseekV4ForCausalLM,gb200,trtllm,1.3.0rc10,FAIL,Strict-native op-level FPE probes: PERF_DATA_MISSING=192; raw probes=192; topologies=48; source_sha=26dae1f99b2b50fb17118f38d8a8e95dfac3357c. Representative failure: perf database error: perf database error: no MHC module rows loaded from 1 source(s) (first: <repo>/python/aisimulate/src/aiconfigurator_core/systems/data/gb200/trtllm/1.3.0rc10/mhc_module_perf.parquet),"python python/aisimulate/tools/support_matrix/generate_fpe_support_matrix.py --model ""deepseek-ai/DeepSeek-V4-Pro"" --system ""gb200"" --backend ""trtllm"" --backend-version ""1.3.0rc10"" --forward-model op_level --max-workers 8",,192,48,PERF_DATA_MISSING=192,,26dae1f99b2b50fb17118f38d8a8e95dfac3357c
deepseek-ai/DeepSeek-V4-Pro,DeepseekV4ForCausalLM,gb200,trtllm,1.3.0rc15,FAIL,Strict-native op-level FPE probes: PERF_DATA_MISSING=192; raw probes=192; topologies=48; source_sha=26dae1f99b2b50fb17118f38d8a8e95dfac3357c. Representative failure: perf database error: perf database error: no MHC module rows loaded from 1 source(s) (first: <repo>/python/aisimulate/src/aiconfigurator_core/systems/data/gb200/trtllm/1.3.0rc15/mhc_module_perf.parquet),"python python/aisimulate/tools/support_matrix/generate_fpe_support_matrix.py --model ""deepseek-ai/DeepSeek-V4-Pro"" --system ""gb200"" --backend ""trtllm"" --backend-version ""1.3.0rc15"" --forward-model op_level --max-workers 8",,192,48,PERF_DATA_MISSING=192,,26dae1f99b2b50fb17118f38d8a8e95dfac3357c
deepseek-ai/DeepSeek-V4-Pro,DeepseekV4ForCausalLM,gb200,trtllm,1.3.0rc17,FAIL,Strict-native op-level FPE probes: PERF_DATA_MISSING=192; raw probes=192; topologies=48; source_sha=26dae1f99b2b50fb17118f38d8a8e95dfac3357c. Representative failure: perf database error: perf database error: no MHC module rows loaded from 1 source(s) (first: <repo>/python/aisimulate/src/aiconfigurator_core/systems/data/gb200/trtllm/1.3.0rc17/mhc_module_perf.parquet),"python python/aisimulate/tools/support_matrix/generate_fpe_support_matrix.py --model ""deepseek-ai/DeepSeek-V4-Pro"" --system ""gb200"" --backend ""trtllm"" --backend-version ""1.3.0rc17"" --forward-model op_level --max-workers 8",,192,48,PERF_DATA_MISSING=192,,26dae1f99b2b50fb17118f38d8a8e95dfac3357c
deepseek-ai/DeepSeek-V4-Pro,DeepseekV4ForCausalLM,gb200,trtllm,1.3.0rc20,FAIL,"Strict-native op-level FPE probes: PERF_DATA_MISSING=192; raw probes=192; topologies=48; source_sha=26dae1f99b2b50fb17118f38d8a8e95dfac3357c. Representative failure: perf database error: MoE data missing for MoeKey { quant: ""w4a8_mxfp4_mxfp8"", distribution: ""power_law_1.01"", topk: 6, num_experts: 384, hidden_size: 7168, inter_size: 3072, moe_tp_size: 1, moe_ep_size: 1 } at <repo>/python/aisimulate/src/aiconfigurator_core/systems/data/gb200/trtllm/1.3.0rc20","python python/aisimulate/tools/support_matrix/generate_fpe_support_matrix.py --model ""deepseek-ai/DeepSeek-V4-Pro"" --system ""gb200"" --backend ""trtllm"" --backend-version ""1.3.0rc20"" --forward-model op_level --max-workers 8",,192,48,PERF_DATA_MISSING=192,,26dae1f99b2b50fb17118f38d8a8e95dfac3357c
deepseek-ai/DeepSeek-V4-Pro,DeepseekV4ForCausalLM,gb200,trtllm,1.3.0rc23,PASS,,"python python/aisimulate/tools/support_matrix/generate_fpe_support_matrix.py --model ""deepseek-ai/DeepSeek-V4-Pro"" --system ""gb200"" --backend ""trtllm"" --backend-version ""1.3.0rc23"" --forward-model op_level --max-workers 8",silicon,192,48,"PASS=72, PERF_DATA_MISSING=120","decode_end=6430.050122, decode_start=25.206208, mixed=57.757923, prefill=49.325743",26dae1f99b2b50fb17118f38d8a8e95dfac3357c
deepseek-ai/DeepSeek-V4-Pro,DeepseekV4ForCausalLM,gb200,vllm,0.1.dev19262,FAIL,Strict-native op-level FPE probes: PERF_DATA_MISSING=192; raw probes=192; topologies=48; source_sha=26dae1f99b2b50fb17118f38d8a8e95dfac3357c. Representative failure: perf database error: perf database error: no MHC module rows loaded from 1 source(s) (first: <repo>/python/aisimulate/src/aiconfigurator_core/systems/data/gb200/vllm/0.1.dev19262/mhc_module_perf.parquet),"python python/aisimulate/tools/support_matrix/generate_fpe_support_matrix.py --model ""deepseek-ai/DeepSeek-V4-Pro"" --system ""gb200"" --backend ""vllm"" --backend-version ""0.1.dev19262"" --forward-model op_level --max-workers 8",,192,48,PERF_DATA_MISSING=192,,26dae1f99b2b50fb17118f38d8a8e95dfac3357c
deepseek-ai/DeepSeek-V4-Pro,DeepseekV4ForCausalLM,gb200,vllm,0.14.0,FAIL,Strict-native op-level FPE probes: PERF_DATA_MISSING=192; raw probes=192; topologies=48; source_sha=26dae1f99b2b50fb17118f38d8a8e95dfac3357c. Representative failure: perf database error: perf database error: no MHC module rows loaded from 1 source(s) (first: <repo>/python/aisimulate/src/aiconfigurator_core/systems/data/gb200/vllm/0.14.0/mhc_module_perf.parquet),"python python/aisimulate/tools/support_matrix/generate_fpe_support_matrix.py --model ""deepseek-ai/DeepSeek-V4-Pro"" --system ""gb200"" --backend ""vllm"" --backend-version ""0.14.0"" --forward-model op_level --max-workers 8",,192,48,PERF_DATA_MISSING=192,,26dae1f99b2b50fb17118f38d8a8e95dfac3357c
deepseek-ai/DeepSeek-V4-Pro,DeepseekV4ForCausalLM,gb200,vllm,0.19.0,FAIL,Strict-native op-level FPE probes: PERF_DATA_MISSING=192; raw probes=192; topologies=48; source_sha=26dae1f99b2b50fb17118f38d8a8e95dfac3357c. Representative failure: perf database error: perf database error: no MHC module rows loaded from 1 source(s) (first: <repo>/python/aisimulate/src/aiconfigurator_core/systems/data/gb200/vllm/0.19.0/mhc_module_perf.parquet),"python python/aisimulate/tools/support_matrix/generate_fpe_support_matrix.py --model ""deepseek-ai/DeepSeek-V4-Pro"" --system ""gb200"" --backend ""vllm"" --backend-version ""0.19.0"" --forward-model op_level --max-workers 8",,192,48,PERF_DATA_MISSING=192,,26dae1f99b2b50fb17118f38d8a8e95dfac3357c
deepseek-ai/DeepSeek-V4-Pro,DeepseekV4ForCausalLM,gb200,vllm,0.22.0,PASS,,"python python/aisimulate/tools/support_matrix/generate_fpe_support_matrix.py --model ""deepseek-ai/DeepSeek-V4-Pro"" --system ""gb200"" --backend ""vllm"" --backend-version ""0.22.0"" --forward-model op_level --max-workers 8",silicon,192,48,PASS=192,"decode_end=10676.075781, decode_start=41.905400, mixed=146.907523, prefill=137.420240",26dae1f99b2b50fb17118f38d8a8e95dfac3357c
deepseek-ai/DeepSeek-V4-Pro,DeepseekV4ForCausalLM,gb200,vllm,0.24.0,PASS,,"python python/aisimulate/tools/support_matrix/generate_fpe_support_matrix.py --model ""deepseek-ai/DeepSeek-V4-Pro"" --system ""gb200"" --backend ""vllm"" --backend-version ""0.24.0"" --forward-model op_level --max-workers 8",silicon,192,48,PASS=192,"decode_end=12049.679598, decode_start=47.292082, mixed=148.908593, prefill=128.494258",26dae1f99b2b50fb17118f38d8a8e95dfac3357c
google/gemma-4-26B-A4B,Gemma4ForConditionalGeneration,gb200,sglang,0.5.10,FAIL,"Strict-native op-level FPE probes: PERF_DATA_MISSING=220, SDK_UNREPRESENTABLE=320; raw probes=540; topologies=135; source_sha=26dae1f99b2b50fb17118f38d8a8e95dfac3357c. Representative failure: perf database error: MoE data missing for MoeKey { quant: ""bfloat16"", distribution: ""power_law_1.01"", topk: 8, num_experts: 128, hidden_size: 2816, inter_size: 704, moe_tp_size: 1, moe_ep_size: 1 } at <repo>/python/aisimulate/src/aiconfigurator_core/systems/data/gb200/sglang/0.5.10","python python/aisimulate/tools/support_matrix/generate_fpe_support_matrix.py --model ""google/gemma-4-26B-A4B"" --system ""gb200"" --backend ""sglang"" --backend-version ""0.5.10"" --forward-model op_level --max-workers 8",,540,135,"PERF_DATA_MISSING=220, SDK_UNREPRESENTABLE=320",,26dae1f99b2b50fb17118f38d8a8e95dfac3357c
google/gemma-4-26B-A4B,Gemma4ForConditionalGeneration,gb200,sglang,0.5.12,PASS,,"python python/aisimulate/tools/support_matrix/generate_fpe_support_matrix.py --model ""google/gemma-4-26B-A4B"" --system ""gb200"" --backend ""sglang"" --backend-version ""0.5.12"" --forward-model op_level --max-workers 8",silicon,540,135,"PASS=164, PERF_DATA_MISSING=56, SDK_UNREPRESENTABLE=320","decode_end=1524.489947, decode_start=5.972654, mixed=11.428232, prefill=10.850217",26dae1f99b2b50fb17118f38d8a8e95dfac3357c
google/gemma-4-26B-A4B,Gemma4ForConditionalGeneration,gb200,sglang,0.5.14,PASS,,"python python/aisimulate/tools/support_matrix/generate_fpe_support_matrix.py --model ""google/gemma-4-26B-A4B"" --system ""gb200"" --backend ""sglang"" --backend-version ""0.5.14"" --forward-model op_level --max-workers 8",silicon,540,135,"PASS=164, PERF_DATA_MISSING=56, SDK_UNREPRESENTABLE=320","decode_end=1524.489947, decode_start=5.972654, mixed=11.428232, prefill=10.850217",26dae1f99b2b50fb17118f38d8a8e95dfac3357c
google/gemma-4-26B-A4B,Gemma4ForConditionalGeneration,gb200,sglang,0.5.16,PASS,,"python python/aisimulate/tools/support_matrix/generate_fpe_support_matrix.py --model ""google/gemma-4-26B-A4B"" --system ""gb200"" --backend ""sglang"" --backend-version ""0.5.16"" --forward-model op_level --max-workers 8",silicon,540,135,"PASS=164, PERF_DATA_MISSING=56, SDK_UNREPRESENTABLE=320","decode_end=1524.489947, decode_start=5.972654, mixed=11.428232, prefill=10.850217",26dae1f99b2b50fb17118f38d8a8e95dfac3357c
google/gemma-4-26B-A4B,Gemma4ForConditionalGeneration,gb200,sglang,0.5.9,FAIL,"Strict-native op-level FPE probes: PERF_DATA_MISSING=220, SDK_UNREPRESENTABLE=320; raw probes=540; topologies=135; source_sha=26dae1f99b2b50fb17118f38d8a8e95dfac3357c. Representative failure: perf database error: MoE data missing for MoeKey { quant: ""bfloat16"", distribution: ""power_law_1.01"", topk: 8, num_experts: 128, hidden_size: 2816, inter_size: 704, moe_tp_size: 1, moe_ep_size: 1 } at <repo>/python/aisimulate/src/aiconfigurator_core/systems/data/gb200/sglang/0.5.9","python python/aisimulate/tools/support_matrix/generate_fpe_support_matrix.py --model ""google/gemma-4-26B-A4B"" --system ""gb200"" --backend ""sglang"" --backend-version ""0.5.9"" --forward-model op_level --max-workers 8",,540,135,"PERF_DATA_MISSING=220, SDK_UNREPRESENTABLE=320",,26dae1f99b2b50fb17118f38d8a8e95dfac3357c
google/gemma-4-26B-A4B,Gemma4ForConditionalGeneration,gb200,trtllm,1.3.0rc10,FAIL,"Strict-native op-level FPE probes: PERF_DATA_MISSING=116; raw probes=116; topologies=29; source_sha=26dae1f99b2b50fb17118f38d8a8e95dfac3357c. Representative failure: perf database error: MoE data missing for MoeKey { quant: ""bfloat16"", distribution: ""power_law_1.01"", topk: 8, num_experts: 128, hidden_size: 2816, inter_size: 704, moe_tp_size: 1, moe_ep_size: 1 } at <repo>/python/aisimulate/src/aiconfigurator_core/systems/data/gb200/trtllm/1.3.0rc10","python python/aisimulate/tools/support_matrix/generate_fpe_support_matrix.py --model ""google/gemma-4-26B-A4B"" --system ""gb200"" --backend ""trtllm"" --backend-version ""1.3.0rc10"" --forward-model op_level --max-workers 8",,116,29,PERF_DATA_MISSING=116,,26dae1f99b2b50fb17118f38d8a8e95dfac3357c
google/gemma-4-26B-A4B,Gemma4ForConditionalGeneration,gb200,trtllm,1.3.0rc15,FAIL,"Strict-native op-level FPE probes: PERF_DATA_MISSING=116; raw probes=116; topologies=29; source_sha=26dae1f99b2b50fb17118f38d8a8e95dfac3357c. Representative failure: perf database error: MoE data missing for MoeKey { quant: ""bfloat16"", distribution: ""power_law_1.01"", topk: 8, num_experts: 128, hidden_size: 2816, inter_size: 704, moe_tp_size: 1, moe_ep_size: 1 } at <repo>/python/aisimulate/src/aiconfigurator_core/systems/data/gb200/trtllm/1.3.0rc15","python python/aisimulate/tools/support_matrix/generate_fpe_support_matrix.py --model ""google/gemma-4-26B-A4B"" --system ""gb200"" --backend ""trtllm"" --backend-version ""1.3.0rc15"" --forward-model op_level --max-workers 8",,116,29,PERF_DATA_MISSING=116,,26dae1f99b2b50fb17118f38d8a8e95dfac3357c
google/gemma-4-26B-A4B,Gemma4ForConditionalGeneration,gb200,trtllm,1.3.0rc17,FAIL,"Strict-native op-level FPE probes: PERF_DATA_MISSING=116; raw probes=116; topologies=29; source_sha=26dae1f99b2b50fb17118f38d8a8e95dfac3357c. Representative failure: perf database error: MoE data missing for MoeKey { quant: ""bfloat16"", distribution: ""power_law_1.01"", topk: 8, num_experts: 128, hidden_size: 2816, inter_size: 704, moe_tp_size: 1, moe_ep_size: 1 } at <repo>/python/aisimulate/src/aiconfigurator_core/systems/data/gb200/trtllm/1.3.0rc17","python python/aisimulate/tools/support_matrix/generate_fpe_support_matrix.py --model ""google/gemma-4-26B-A4B"" --system ""gb200"" --backend ""trtllm"" --backend-version ""1.3.0rc17"" --forward-model op_level --max-workers 8",,116,29,PERF_DATA_MISSING=116,,26dae1f99b2b50fb17118f38d8a8e95dfac3357c
google/gemma-4-26B-A4B,Gemma4ForConditionalGeneration,gb200,trtllm,1.3.0rc20,PASS,,"python python/aisimulate/tools/support_matrix/generate_fpe_support_matrix.py --model ""google/gemma-4-26B-A4B"" --system ""gb200"" --backend ""trtllm"" --backend-version ""1.3.0rc20"" --forward-model op_level --max-workers 8",silicon,116,29,"PASS=92, PERF_DATA_MISSING=24","decode_end=1358.250110, decode_start=5.314857, mixed=10.376888, prefill=9.889262",26dae1f99b2b50fb17118f38d8a8e95dfac3357c
google/gemma-4-26B-A4B,Gemma4ForConditionalGeneration,gb200,trtllm,1.3.0rc23,PASS,,"python python/aisimulate/tools/support_matrix/generate_fpe_support_matrix.py --model ""google/gemma-4-26B-A4B"" --system ""gb200"" --backend ""trtllm"" --backend-version ""1.3.0rc23"" --forward-model op_level --max-workers 8",silicon,116,29,"PASS=92, PERF_DATA_MISSING=24","decode_end=1358.250110, decode_start=5.314857, mixed=10.376888, prefill=9.889262",26dae1f99b2b50fb17118f38d8a8e95dfac3357c
google/gemma-4-26B-A4B,Gemma4ForConditionalGeneration,gb200,vllm,0.1.dev19262,FAIL,Strict-native op-level FPE probes: PERF_DATA_MISSING=116; raw probes=116; topologies=29; source_sha=26dae1f99b2b50fb17118f38d8a8e95dfac3357c. Representative failure: perf database error: perf database error: no GEMM rows loaded from 1 source(s) (first: <repo>/python/aisimulate/src/aiconfigurator_core/systems/data/gb200/vllm/0.1.dev19262/gemm_perf.parquet),"python python/aisimulate/tools/support_matrix/generate_fpe_support_matrix.py --model ""google/gemma-4-26B-A4B"" --system ""gb200"" --backend ""vllm"" --backend-version ""0.1.dev19262"" --forward-model op_level --max-workers 8",,116,29,PERF_DATA_MISSING=116,,26dae1f99b2b50fb17118f38d8a8e95dfac3357c
google/gemma-4-26B-A4B,Gemma4ForConditionalGeneration,gb200,vllm,0.14.0,FAIL,"Strict-native op-level FPE probes: PERF_DATA_MISSING=116; raw probes=116; topologies=29; source_sha=26dae1f99b2b50fb17118f38d8a8e95dfac3357c. Representative failure: perf database error: MoE data missing for MoeKey { quant: ""bfloat16"", distribution: ""power_law_1.01"", topk: 8, num_experts: 128, hidden_size: 2816, inter_size: 704, moe_tp_size: 1, moe_ep_size: 1 } at <repo>/python/aisimulate/src/aiconfigurator_core/systems/data/gb200/vllm/0.14.0","python python/aisimulate/tools/support_matrix/generate_fpe_support_matrix.py --model ""google/gemma-4-26B-A4B"" --system ""gb200"" --backend ""vllm"" --backend-version ""0.14.0"" --forward-model op_level --max-workers 8",,116,29,PERF_DATA_MISSING=116,,26dae1f99b2b50fb17118f38d8a8e95dfac3357c
google/gemma-4-26B-A4B,Gemma4ForConditionalGeneration,gb200,vllm,0.19.0,FAIL,"Strict-native op-level FPE probes: PERF_DATA_MISSING=116; raw probes=116; topologies=29; source_sha=26dae1f99b2b50fb17118f38d8a8e95dfac3357c. Representative failure: perf database error: MoE data missing for MoeKey { quant: ""bfloat16"", distribution: ""power_law_1.01"", topk: 8, num_experts: 128, hidden_size: 2816, inter_size: 704, moe_tp_size: 1, moe_ep_size: 1 } at <repo>/python/aisimulate/src/aiconfigurator_core/systems/data/gb200/vllm/0.19.0","python python/aisimulate/tools/support_matrix/generate_fpe_support_matrix.py --model ""google/gemma-4-26B-A4B"" --system ""gb200"" --backend ""vllm"" --backend-version ""0.19.0"" --forward-model op_level --max-workers 8",,116,29,PERF_DATA_MISSING=116,,26dae1f99b2b50fb17118f38d8a8e95dfac3357c
google/gemma-4-26B-A4B,Gemma4ForConditionalGeneration,gb200,vllm,0.22.0,PASS,,"python python/aisimulate/tools/support_matrix/generate_fpe_support_matrix.py --model ""google/gemma-4-26B-A4B"" --system ""gb200"" --backend ""vllm"" --backend-version ""0.22.0"" --forward-model op_level --max-workers 8",silicon,116,29,"PASS=96, PERF_DATA_MISSING=20","decode_end=1484.894202, decode_start=5.794355, mixed=11.107875, prefill=10.696035",26dae1f99b2b50fb17118f38d8a8e95dfac3357c
google/gemma-4-26B-A4B,Gemma4ForConditionalGeneration,gb200,vllm,0.24.0,PASS,,"python python/aisimulate/tools/support_matrix/generate_fpe_support_matrix.py --model ""google/gemma-4-26B-A4B"" --system ""gb200"" --backend ""vllm"" --backend-version ""0.24.0"" --forward-model op_level --max-workers 8",silicon,116,29,"PASS=96, PERF_DATA_MISSING=20","decode_end=1521.027480, decode_start=5.954321, mixed=11.300894, prefill=10.819777",26dae1f99b2b50fb17118f38d8a8e95dfac3357c
meta-llama/Llama-4-Maverick-17B-128E-Instruct,Llama4ForConditionalGeneration,gb200,sglang,0.5.10,FAIL,"Strict-native op-level FPE probes: BUILD_FAILED=20, PERF_DATA_MISSING=200, SDK_UNREPRESENTABLE=320; raw probes=540; topologies=135; source_sha=26dae1f99b2b50fb17118f38d8a8e95dfac3357c. Representative failure: num_heads 40 should be divisible by tp_size 16","python python/aisimulate/tools/support_matrix/generate_fpe_support_matrix.py --model ""meta-llama/Llama-4-Maverick-17B-128E-Instruct"" --system ""gb200"" --backend ""sglang"" --backend-version ""0.5.10"" --forward-model op_level --max-workers 8",,540,135,"BUILD_FAILED=20, PERF_DATA_MISSING=200, SDK_UNREPRESENTABLE=320",,26dae1f99b2b50fb17118f38d8a8e95dfac3357c
meta-llama/Llama-4-Maverick-17B-128E-Instruct,Llama4ForConditionalGeneration,gb200,sglang,0.5.12,PASS,,"python python/aisimulate/tools/support_matrix/generate_fpe_support_matrix.py --model ""meta-llama/Llama-4-Maverick-17B-128E-Instruct"" --system ""gb200"" --backend ""sglang"" --backend-version ""0.5.12"" --forward-model op_level --max-workers 8",silicon,540,135,"BUILD_FAILED=20, PASS=200, SDK_UNREPRESENTABLE=320","decode_end=3366.331473, decode_start=13.194225, mixed=72.857761, prefill=68.080995",26dae1f99b2b50fb17118f38d8a8e95dfac3357c
meta-llama/Llama-4-Maverick-17B-128E-Instruct,Llama4ForConditionalGeneration,gb200,sglang,0.5.14,PASS,,"python python/aisimulate/tools/support_matrix/generate_fpe_support_matrix.py --model ""meta-llama/Llama-4-Maverick-17B-128E-Instruct"" --system ""gb200"" --backend ""sglang"" --backend-version ""0.5.14"" --forward-model op_level --max-workers 8",silicon,540,135,"BUILD_FAILED=20, PASS=200, SDK_UNREPRESENTABLE=320","decode_end=3366.331473, decode_start=13.194225, mixed=72.857761, prefill=68.080995",26dae1f99b2b50fb17118f38d8a8e95dfac3357c
meta-llama/Llama-4-Maverick-17B-128E-Instruct,Llama4ForConditionalGeneration,gb200,sglang,0.5.16,PASS,,"python python/aisimulate/tools/support_matrix/generate_fpe_support_matrix.py --model ""meta-llama/Llama-4-Maverick-17B-128E-Instruct"" --system ""gb200"" --backend ""sglang"" --backend-version ""0.5.16"" --forward-model op_level --max-workers 8",silicon,540,135,"BUILD_FAILED=20, PASS=200, SDK_UNREPRESENTABLE=320","decode_end=3366.331473, decode_start=13.194225, mixed=72.857761, prefill=68.080995",26dae1f99b2b50fb17118f38d8a8e95dfac3357c
meta-llama/Llama-4-Maverick-17B-128E-Instruct,Llama4ForConditionalGeneration,gb200,sglang,0.5.9,FAIL,"Strict-native op-level FPE probes: BUILD_FAILED=20, PERF_DATA_MISSING=200, SDK_UNREPRESENTABLE=320; raw probes=540; topologies=135; source_sha=26dae1f99b2b50fb17118f38d8a8e95dfac3357c. Representative failure: num_heads 40 should be divisible by tp_size 16","python python/aisimulate/tools/support_matrix/generate_fpe_support_matrix.py --model ""meta-llama/Llama-4-Maverick-17B-128E-Instruct"" --system ""gb200"" --backend ""sglang"" --backend-version ""0.5.9"" --forward-model op_level --max-workers 8",,540,135,"BUILD_FAILED=20, PERF_DATA_MISSING=200, SDK_UNREPRESENTABLE=320",,26dae1f99b2b50fb17118f38d8a8e95dfac3357c
meta-llama/Llama-4-Maverick-17B-128E-Instruct,Llama4ForConditionalGeneration,gb200,trtllm,1.3.0rc10,FAIL,"Strict-native op-level FPE probes: BUILD_FAILED=20, PERF_DATA_MISSING=96; raw probes=116; topologies=29; source_sha=26dae1f99b2b50fb17118f38d8a8e95dfac3357c. Representative failure: num_heads 40 should be divisible by tp_size 16","python python/aisimulate/tools/support_matrix/generate_fpe_support_matrix.py --model ""meta-llama/Llama-4-Maverick-17B-128E-Instruct"" --system ""gb200"" --backend ""trtllm"" --backend-version ""1.3.0rc10"" --forward-model op_level --max-workers 8",,116,29,"BUILD_FAILED=20, PERF_DATA_MISSING=96",,26dae1f99b2b50fb17118f38d8a8e95dfac3357c
meta-llama/Llama-4-Maverick-17B-128E-Instruct,Llama4ForConditionalGeneration,gb200,trtllm,1.3.0rc15,FAIL,"Strict-native op-level FPE probes: BUILD_FAILED=20, PERF_DATA_MISSING=96; raw probes=116; topologies=29; source_sha=26dae1f99b2b50fb17118f38d8a8e95dfac3357c. Representative failure: num_heads 40 should be divisible by tp_size 16","python python/aisimulate/tools/support_matrix/generate_fpe_support_matrix.py --model ""meta-llama/Llama-4-Maverick-17B-128E-Instruct"" --system ""gb200"" --backend ""trtllm"" --backend-version ""1.3.0rc15"" --forward-model op_level --max-workers 8",,116,29,"BUILD_FAILED=20, PERF_DATA_MISSING=96",,26dae1f99b2b50fb17118f38d8a8e95dfac3357c
meta-llama/Llama-4-Maverick-17B-128E-Instruct,Llama4ForConditionalGeneration,gb200,trtllm,1.3.0rc17,FAIL,"Strict-native op-level FPE probes: BUILD_FAILED=20, PERF_DATA_MISSING=96; raw probes=116; topologies=29; source_sha=26dae1f99b2b50fb17118f38d8a8e95dfac3357c. Representative failure: num_heads 40 should be divisible by tp_size 16","python python/aisimulate/tools/support_matrix/generate_fpe_support_matrix.py --model ""meta-llama/Llama-4-Maverick-17B-128E-Instruct"" --system ""gb200"" --backend ""trtllm"" --backend-version ""1.3.0rc17"" --forward-model op_level --max-workers 8",,116,29,"BUILD_FAILED=20, PERF_DATA_MISSING=96",,26dae1f99b2b50fb17118f38d8a8e95dfac3357c
meta-llama/Llama-4-Maverick-17B-128E-Instruct,Llama4ForConditionalGeneration,gb200,trtllm,1.3.0rc20,PASS,,"python python/aisimulate/tools/support_matrix/generate_fpe_support_matrix.py --model ""meta-llama/Llama-4-Maverick-17B-128E-Instruct"" --system ""gb200"" --backend ""trtllm"" --backend-version ""1.3.0rc20"" --forward-model op_level --max-workers 8",silicon,116,29,"BUILD_FAILED=20, PASS=96","decode_end=3120.373024, decode_start=12.204236, mixed=61.820341, prefill=58.529881",26dae1f99b2b50fb17118f38d8a8e95dfac3357c
meta-llama/Llama-4-Maverick-17B-128E-Instruct,Llama4ForConditionalGeneration,gb200,trtllm,1.3.0rc23,PASS,,"python python/aisimulate/tools/support_matrix/generate_fpe_support_matrix.py --model ""meta-llama/Llama-4-Maverick-17B-128E-Instruct"" --system ""gb200"" --backend ""trtllm"" --backend-version ""1.3.0rc23"" --forward-model op_level --max-workers 8",silicon,116,29,"BUILD_FAILED=20, PASS=96","decode_end=3120.373024, decode_start=12.204236, mixed=61.820341, prefill=58.529881",26dae1f99b2b50fb17118f38d8a8e95dfac3357c
meta-llama/Llama-4-Maverick-17B-128E-Instruct,Llama4ForConditionalGeneration,gb200,vllm,0.1.dev19262,FAIL,"Strict-native op-level FPE probes: BUILD_FAILED=8, PERF_DATA_MISSING=108; raw probes=116; topologies=29; source_sha=26dae1f99b2b50fb17118f38d8a8e95dfac3357c. Representative failure: num_heads 40 should be divisible by tp_size 16","python python/aisimulate/tools/support_matrix/generate_fpe_support_matrix.py --model ""meta-llama/Llama-4-Maverick-17B-128E-Instruct"" --system ""gb200"" --backend ""vllm"" --backend-version ""0.1.dev19262"" --forward-model op_level --max-workers 8",,116,29,"BUILD_FAILED=8, PERF_DATA_MISSING=108",,26dae1f99b2b50fb17118f38d8a8e95dfac3357c
meta-llama/Llama-4-Maverick-17B-128E-Instruct,Llama4ForConditionalGeneration,gb200,vllm,0.14.0,FAIL,"Strict-native op-level FPE probes: BUILD_FAILED=8, PERF_DATA_MISSING=108; raw probes=116; topologies=29; source_sha=26dae1f99b2b50fb17118f38d8a8e95dfac3357c. Representative failure: num_heads 40 should be divisible by tp_size 16","python python/aisimulate/tools/support_matrix/generate_fpe_support_matrix.py --model ""meta-llama/Llama-4-Maverick-17B-128E-Instruct"" --system ""gb200"" --backend ""vllm"" --backend-version ""0.14.0"" --forward-model op_level --max-workers 8",,116,29,"BUILD_FAILED=8, PERF_DATA_MISSING=108",,26dae1f99b2b50fb17118f38d8a8e95dfac3357c
meta-llama/Llama-4-Maverick-17B-128E-Instruct,Llama4ForConditionalGeneration,gb200,vllm,0.19.0,FAIL,"Strict-native op-level FPE probes: BUILD_FAILED=8, PERF_DATA_MISSING=108; raw probes=116; topologies=29; source_sha=26dae1f99b2b50fb17118f38d8a8e95dfac3357c. Representative failure: num_heads 40 should be divisible by tp_size 16","python python/aisimulate/tools/support_matrix/generate_fpe_support_matrix.py --model ""meta-llama/Llama-4-Maverick-17B-128E-Instruct"" --system ""gb200"" --backend ""vllm"" --backend-version ""0.19.0"" --forward-model op_level --max-workers 8",,116,29,"BUILD_FAILED=8, PERF_DATA_MISSING=108",,26dae1f99b2b50fb17118f38d8a8e95dfac3357c
meta-llama/Llama-4-Maverick-17B-128E-Instruct,Llama4ForConditionalGeneration,gb200,vllm,0.22.0,PASS,,"python python/aisimulate/tools/support_matrix/generate_fpe_support_matrix.py --model ""meta-llama/Llama-4-Maverick-17B-128E-Instruct"" --system ""gb200"" --backend ""vllm"" --backend-version ""0.22.0"" --forward-model op_level --max-workers 8",silicon,116,29,"BUILD_FAILED=8, PASS=108","decode_end=2845.655024, decode_start=11.159189, mixed=60.673522, prefill=58.338271",26dae1f99b2b50fb17118f38d8a8e95dfac3357c
meta-llama/Llama-4-Maverick-17B-128E-Instruct,Llama4ForConditionalGeneration,gb200,vllm,0.24.0,PASS,,"python python/aisimulate/tools/support_matrix/generate_fpe_support_matrix.py --model ""meta-llama/Llama-4-Maverick-17B-128E-Instruct"" --system ""gb200"" --backend ""vllm"" --backend-version ""0.24.0"" --forward-model op_level --max-workers 8",silicon,116,29,"BUILD_FAILED=8, PASS=108","decode_end=2851.181791, decode_start=11.178295, mixed=60.895829, prefill=58.390833",26dae1f99b2b50fb17118f38d8a8e95dfac3357c
meta-llama/Llama-4-Scout-17B-16E-Instruct,Llama4ForConditionalGeneration,gb200,sglang,0.5.10,FAIL,"Strict-native op-level FPE probes: BUILD_FAILED=20, PERF_DATA_MISSING=200, SDK_UNREPRESENTABLE=320; raw probes=540; topologies=135; source_sha=26dae1f99b2b50fb17118f38d8a8e95dfac3357c. Representative failure: num_heads 40 should be divisible by tp_size 16","python python/aisimulate/tools/support_matrix/generate_fpe_support_matrix.py --model ""meta-llama/Llama-4-Scout-17B-16E-Instruct"" --system ""gb200"" --backend ""sglang"" --backend-version ""0.5.10"" --forward-model op_level --max-workers 8",,540,135,"BUILD_FAILED=20, PERF_DATA_MISSING=200, SDK_UNREPRESENTABLE=320",,26dae1f99b2b50fb17118f38d8a8e95dfac3357c
meta-llama/Llama-4-Scout-17B-16E-Instruct,Llama4ForConditionalGeneration,gb200,sglang,0.5.12,PASS,,"python python/aisimulate/tools/support_matrix/generate_fpe_support_matrix.py --model ""meta-llama/Llama-4-Scout-17B-16E-Instruct"" --system ""gb200"" --backend ""sglang"" --backend-version ""0.5.12"" --forward-model op_level --max-workers 8",silicon,540,135,"BUILD_FAILED=20, PASS=200, SDK_UNREPRESENTABLE=320","decode_end=4169.710878, decode_start=16.344732, mixed=42.489764, prefill=41.818944",26dae1f99b2b50fb17118f38d8a8e95dfac3357c
meta-llama/Llama-4-Scout-17B-16E-Instruct,Llama4ForConditionalGeneration,gb200,sglang,0.5.14,PASS,,"python python/aisimulate/tools/support_matrix/generate_fpe_support_matrix.py --model ""meta-llama/Llama-4-Scout-17B-16E-Instruct"" --system ""gb200"" --backend ""sglang"" --backend-version ""0.5.14"" --forward-model op_level --max-workers 8",silicon,540,135,"BUILD_FAILED=20, PASS=200, SDK_UNREPRESENTABLE=320","decode_end=4169.710878, decode_start=16.344732, mixed=42.489764, prefill=41.818944",26dae1f99b2b50fb17118f38d8a8e95dfac3357c
meta-llama/Llama-4-Scout-17B-16E-Instruct,Llama4ForConditionalGeneration,gb200,sglang,0.5.16,PASS,,"python python/aisimulate/tools/support_matrix/generate_fpe_support_matrix.py --model ""meta-llama/Llama-4-Scout-17B-16E-Instruct"" --system ""gb200"" --backend ""sglang"" --backend-version ""0.5.16"" --forward-model op_level --max-workers 8",silicon,540,135,"BUILD_FAILED=20, PASS=200, SDK_UNREPRESENTABLE=320","decode_end=4169.710878, decode_start=16.344732, mixed=42.489764, prefill=41.818944",26dae1f99b2b50fb17118f38d8a8e95dfac3357c
meta-llama/Llama-4-Scout-17B-16E-Instruct,Llama4ForConditionalGeneration,gb200,sglang,0.5.9,FAIL,"Strict-native op-level FPE probes: BUILD_FAILED=20, PERF_DATA_MISSING=200, SDK_UNREPRESENTABLE=320; raw probes=540; topologies=135; source_sha=26dae1f99b2b50fb17118f38d8a8e95dfac3357c. Representative failure: num_heads 40 should be divisible by tp_size 16","python python/aisimulate/tools/support_matrix/generate_fpe_support_matrix.py --model ""meta-llama/Llama-4-Scout-17B-16E-Instruct"" --system ""gb200"" --backend ""sglang"" --backend-version ""0.5.9"" --forward-model op_level --max-workers 8",,540,135,"BUILD_FAILED=20, PERF_DATA_MISSING=200, SDK_UNREPRESENTABLE=320",,26dae1f99b2b50fb17118f38d8a8e95dfac3357c
meta-llama/Llama-4-Scout-17B-16E-Instruct,Llama4ForConditionalGeneration,gb200,trtllm,1.3.0rc10,FAIL,"Strict-native op-level FPE probes: BUILD_FAILED=20, PERF_DATA_MISSING=96; raw probes=116; topologies=29; source_sha=26dae1f99b2b50fb17118f38d8a8e95dfac3357c. Representative failure: num_heads 40 should be divisible by tp_size 16","python python/aisimulate/tools/support_matrix/generate_fpe_support_matrix.py --model ""meta-llama/Llama-4-Scout-17B-16E-Instruct"" --system ""gb200"" --backend ""trtllm"" --backend-version ""1.3.0rc10"" --forward-model op_level --max-workers 8",,116,29,"BUILD_FAILED=20, PERF_DATA_MISSING=96",,26dae1f99b2b50fb17118f38d8a8e95dfac3357c
meta-llama/Llama-4-Scout-17B-16E-Instruct,Llama4ForConditionalGeneration,gb200,trtllm,1.3.0rc15,FAIL,"Strict-native op-level FPE probes: BUILD_FAILED=20, PERF_DATA_MISSING=96; raw probes=116; topologies=29; source_sha=26dae1f99b2b50fb17118f38d8a8e95dfac3357c. Representative failure: num_heads 40 should be divisible by tp_size 16","python python/aisimulate/tools/support_matrix/generate_fpe_support_matrix.py --model ""meta-llama/Llama-4-Scout-17B-16E-Instruct"" --system ""gb200"" --backend ""trtllm"" --backend-version ""1.3.0rc15"" --forward-model op_level --max-workers 8",,116,29,"BUILD_FAILED=20, PERF_DATA_MISSING=96",,26dae1f99b2b50fb17118f38d8a8e95dfac3357c
meta-llama/Llama-4-Scout-17B-16E-Instruct,Llama4ForConditionalGeneration,gb200,trtllm,1.3.0rc17,FAIL,"Strict-native op-level FPE probes: BUILD_FAILED=20, PERF_DATA_MISSING=96; raw probes=116; topologies=29; source_sha=26dae1f99b2b50fb17118f38d8a8e95dfac3357c. Representative failure: num_heads 40 should be divisible by tp_size 16","python python/aisimulate/tools/support_matrix/generate_fpe_support_matrix.py --model ""meta-llama/Llama-4-Scout-17B-16E-Instruct"" --system ""gb200"" --backend ""trtllm"" --backend-version ""1.3.0rc17"" --forward-model op_level --max-workers 8",,116,29,"BUILD_FAILED=20, PERF_DATA_MISSING=96",,26dae1f99b2b50fb17118f38d8a8e95dfac3357c
meta-llama/Llama-4-Scout-17B-16E-Instruct,Llama4ForConditionalGeneration,gb200,trtllm,1.3.0rc20,PASS,,"python python/aisimulate/tools/support_matrix/generate_fpe_support_matrix.py --model ""meta-llama/Llama-4-Scout-17B-16E-Instruct"" --system ""gb200"" --backend ""trtllm"" --backend-version ""1.3.0rc20"" --forward-model op_level --max-workers 8",silicon,116,29,"BUILD_FAILED=20, PASS=96","decode_end=3579.005465, decode_start=14.002794, mixed=31.676044, prefill=30.444991",26dae1f99b2b50fb17118f38d8a8e95dfac3357c
meta-llama/Llama-4-Scout-17B-16E-Instruct,Llama4ForConditionalGeneration,gb200,trtllm,1.3.0rc23,PASS,,"python python/aisimulate/tools/support_matrix/generate_fpe_support_matrix.py --model ""meta-llama/Llama-4-Scout-17B-16E-Instruct"" --system ""gb200"" --backend ""trtllm"" --backend-version ""1.3.0rc23"" --forward-model op_level --max-workers 8",silicon,116,29,"BUILD_FAILED=20, PASS=96","decode_end=3579.005465, decode_start=14.002794, mixed=31.676044, prefill=30.444991",26dae1f99b2b50fb17118f38d8a8e95dfac3357c
meta-llama/Llama-4-Scout-17B-16E-Instruct,Llama4ForConditionalGeneration,gb200,vllm,0.1.dev19262,FAIL,"Strict-native op-level FPE probes: BUILD_FAILED=8, PERF_DATA_MISSING=108; raw probes=116; topologies=29; source_sha=26dae1f99b2b50fb17118f38d8a8e95dfac3357c. Representative failure: num_heads 40 should be divisible by tp_size 16","python python/aisimulate/tools/support_matrix/generate_fpe_support_matrix.py --model ""meta-llama/Llama-4-Scout-17B-16E-Instruct"" --system ""gb200"" --backend ""vllm"" --backend-version ""0.1.dev19262"" --forward-model op_level --max-workers 8",,116,29,"BUILD_FAILED=8, PERF_DATA_MISSING=108",,26dae1f99b2b50fb17118f38d8a8e95dfac3357c
meta-llama/Llama-4-Scout-17B-16E-Instruct,Llama4ForConditionalGeneration,gb200,vllm,0.14.0,FAIL,"Strict-native op-level FPE probes: BUILD_FAILED=8, PERF_DATA_MISSING=108; raw probes=116; topologies=29; source_sha=26dae1f99b2b50fb17118f38d8a8e95dfac3357c. Representative failure: num_heads 40 should be divisible by tp_size 16","python python/aisimulate/tools/support_matrix/generate_fpe_support_matrix.py --model ""meta-llama/Llama-4-Scout-17B-16E-Instruct"" --system ""gb200"" --backend ""vllm"" --backend-version ""0.14.0"" --forward-model op_level --max-workers 8",,116,29,"BUILD_FAILED=8, PERF_DATA_MISSING=108",,26dae1f99b2b50fb17118f38d8a8e95dfac3357c
meta-llama/Llama-4-Scout-17B-16E-Instruct,Llama4ForConditionalGeneration,gb200,vllm,0.19.0,FAIL,"Strict-native op-level FPE probes: BUILD_FAILED=8, PERF_DATA_MISSING=108; raw probes=116; topologies=29; source_sha=26dae1f99b2b50fb17118f38d8a8e95dfac3357c. Representative failure: num_heads 40 should be divisible by tp_size 16","python python/aisimulate/tools/support_matrix/generate_fpe_support_matrix.py --model ""meta-llama/Llama-4-Scout-17B-16E-Instruct"" --system ""gb200"" --backend ""vllm"" --backend-version ""0.19.0"" --forward-model op_level --max-workers 8",,116,29,"BUILD_FAILED=8, PERF_DATA_MISSING=108",,26dae1f99b2b50fb17118f38d8a8e95dfac3357c
meta-llama/Llama-4-Scout-17B-16E-Instruct,Llama4ForConditionalGeneration,gb200,vllm,0.22.0,PASS,,"python python/aisimulate/tools/support_matrix/generate_fpe_support_matrix.py --model ""meta-llama/Llama-4-Scout-17B-16E-Instruct"" --system ""gb200"" --backend ""vllm"" --backend-version ""0.22.0"" --forward-model op_level --max-workers 8",silicon,116,29,"BUILD_FAILED=8, PASS=108","decode_end=3079.342212, decode_start=12.075609, mixed=40.161690, prefill=37.826089",26dae1f99b2b50fb17118f38d8a8e95dfac3357c
meta-llama/Llama-4-Scout-17B-16E-Instruct,Llama4ForConditionalGeneration,gb200,vllm,0.24.0,PASS,,"python python/aisimulate/tools/support_matrix/generate_fpe_support_matrix.py --model ""meta-llama/Llama-4-Scout-17B-16E-Instruct"" --system ""gb200"" --backend ""vllm"" --backend-version ""0.24.0"" --forward-model op_level --max-workers 8",silicon,116,29,"BUILD_FAILED=8, PASS=108","decode_end=3108.560697, decode_start=12.187624, mixed=40.423220, prefill=37.939191",26dae1f99b2b50fb17118f38d8a8e95dfac3357c
meta-llama/Meta-Llama-3.1-405B,LlamaForCausalLM,gb200,sglang,0.5.10,PASS,,"python python/aisimulate/tools/support_matrix/generate_fpe_support_matrix.py --model ""meta-llama/Meta-Llama-3.1-405B"" --system ""gb200"" --backend ""sglang"" --backend-version ""0.5.10"" --forward-model op_level --max-workers 8",silicon,56,14,"PASS=20, SDK_UNREPRESENTABLE=36","decode_end=32929.096274, decode_start=129.133491, mixed=140.874925, prefill=140.023339",26dae1f99b2b50fb17118f38d8a8e95dfac3357c
meta-llama/Meta-Llama-3.1-405B,LlamaForCausalLM,gb200,sglang,0.5.12,PASS,,"python python/aisimulate/tools/support_matrix/generate_fpe_support_matrix.py --model ""meta-llama/Meta-Llama-3.1-405B"" --system ""gb200"" --backend ""sglang"" --backend-version ""0.5.12"" --forward-model op_level --max-workers 8",silicon,56,14,"PASS=20, SDK_UNREPRESENTABLE=36","decode_end=32759.528673, decode_start=128.470863, mixed=141.359097, prefill=138.229216",26dae1f99b2b50fb17118f38d8a8e95dfac3357c
meta-llama/Meta-Llama-3.1-405B,LlamaForCausalLM,gb200,sglang,0.5.14,PASS,,"python python/aisimulate/tools/support_matrix/generate_fpe_support_matrix.py --model ""meta-llama/Meta-Llama-3.1-405B"" --system ""gb200"" --backend ""sglang"" --backend-version ""0.5.14"" --forward-model op_level --max-workers 8",silicon,56,14,"PASS=20, SDK_UNREPRESENTABLE=36","decode_end=32759.528673, decode_start=128.470863, mixed=141.359097, prefill=138.229216",26dae1f99b2b50fb17118f38d8a8e95dfac3357c
meta-llama/Meta-Llama-3.1-405B,LlamaForCausalLM,gb200,sglang,0.5.16,PASS,,"python python/aisimulate/tools/support_matrix/generate_fpe_support_matrix.py --model ""meta-llama/Meta-Llama-3.1-405B"" --system ""gb200"" --backend ""sglang"" --backend-version ""0.5.16"" --forward-model op_level --max-workers 8",silicon,56,14,"PASS=20, SDK_UNREPRESENTABLE=36","decode_end=32759.528673, decode_start=128.470863, mixed=141.359097, prefill=138.229216",26dae1f99b2b50fb17118f38d8a8e95dfac3357c
meta-llama/Meta-Llama-3.1-405B,LlamaForCausalLM,gb200,sglang,0.5.9,PASS,,"python python/aisimulate/tools/support_matrix/generate_fpe_support_matrix.py --model ""meta-llama/Meta-Llama-3.1-405B"" --system ""gb200"" --backend ""sglang"" --backend-version ""0.5.9"" --forward-model op_level --max-workers 8",silicon,56,14,"PASS=20, SDK_UNREPRESENTABLE=36","decode_end=32853.773043, decode_start=128.838990, mixed=140.496877, prefill=141.594118",26dae1f99b2b50fb17118f38d8a8e95dfac3357c
meta-llama/Meta-Llama-3.1-405B,LlamaForCausalLM,gb200,trtllm,1.3.0rc10,PASS,,"python python/aisimulate/tools/support_matrix/generate_fpe_support_matrix.py --model ""meta-llama/Meta-Llama-3.1-405B"" --system ""gb200"" --backend ""trtllm"" --backend-version ""1.3.0rc10"" --forward-model op_level --max-workers 8",silicon,20,5,PASS=20,"decode_end=33422.821020, decode_start=130.128820, mixed=145.000576, prefill=138.594492",26dae1f99b2b50fb17118f38d8a8e95dfac3357c
meta-llama/Meta-Llama-3.1-405B,LlamaForCausalLM,gb200,trtllm,1.3.0rc15,PASS,,"python python/aisimulate/tools/support_matrix/generate_fpe_support_matrix.py --model ""meta-llama/Meta-Llama-3.1-405B"" --system ""gb200"" --backend ""trtllm"" --backend-version ""1.3.0rc15"" --forward-model op_level --max-workers 8",silicon,20,5,PASS=20,"decode_end=33422.821020, decode_start=130.128820, mixed=145.000576, prefill=138.594492",26dae1f99b2b50fb17118f38d8a8e95dfac3357c
meta-llama/Meta-Llama-3.1-405B,LlamaForCausalLM,gb200,trtllm,1.3.0rc17,PASS,,"python python/aisimulate/tools/support_matrix/generate_fpe_support_matrix.py --model ""meta-llama/Meta-Llama-3.1-405B"" --system ""gb200"" --backend ""trtllm"" --backend-version ""1.3.0rc17"" --forward-model op_level --max-workers 8",silicon,20,5,PASS=20,"decode_end=33306.930952, decode_start=130.547198, mixed=147.771391, prefill=144.593135",26dae1f99b2b50fb17118f38d8a8e95dfac3357c
meta-llama/Meta-Llama-3.1-405B,LlamaForCausalLM,gb200,trtllm,1.3.0rc20,PASS,,"python python/aisimulate/tools/support_matrix/generate_fpe_support_matrix.py --model ""meta-llama/Meta-Llama-3.1-405B"" --system ""gb200"" --backend ""trtllm"" --backend-version ""1.3.0rc20"" --forward-model op_level --max-workers 8",silicon,20,5,PASS=20,"decode_end=33306.789928, decode_start=130.520885, mixed=148.150812, prefill=143.286269",26dae1f99b2b50fb17118f38d8a8e95dfac3357c
meta-llama/Meta-Llama-3.1-405B,LlamaForCausalLM,gb200,trtllm,1.3.0rc23,PASS,,"python python/aisimulate/tools/support_matrix/generate_fpe_support_matrix.py --model ""meta-llama/Meta-Llama-3.1-405B"" --system ""gb200"" --backend ""trtllm"" --backend-version ""1.3.0rc23"" --forward-model op_level --max-workers 8",silicon,20,5,PASS=20,"decode_end=33306.789928, decode_start=130.520885, mixed=148.150812, prefill=143.286269",26dae1f99b2b50fb17118f38d8a8e95dfac3357c
meta-llama/Meta-Llama-3.1-405B,LlamaForCausalLM,gb200,vllm,0.1.dev19262,FAIL,Strict-native op-level FPE probes: PERF_DATA_MISSING=20; raw probes=20; topologies=5; source_sha=26dae1f99b2b50fb17118f38d8a8e95dfac3357c. Representative failure: perf database error: perf database error: no GEMM rows loaded from 1 source(s) (first: <repo>/python/aisimulate/src/aiconfigurator_core/systems/data/gb200/vllm/0.1.dev19262/gemm_perf.parquet),"python python/aisimulate/tools/support_matrix/generate_fpe_support_matrix.py --model ""meta-llama/Meta-Llama-3.1-405B"" --system ""gb200"" --backend ""vllm"" --backend-version ""0.1.dev19262"" --forward-model op_level --max-workers 8",,20,5,PERF_DATA_MISSING=20,,26dae1f99b2b50fb17118f38d8a8e95dfac3357c
meta-llama/Meta-Llama-3.1-405B,LlamaForCausalLM,gb200,vllm,0.14.0,PASS,,"python python/aisimulate/tools/support_matrix/generate_fpe_support_matrix.py --model ""meta-llama/Meta-Llama-3.1-405B"" --system ""gb200"" --backend ""vllm"" --backend-version ""0.14.0"" --forward-model op_level --max-workers 8",silicon,20,5,PASS=20,"decode_end=31353.445165, decode_start=123.005879, mixed=138.097904, prefill=134.697883",26dae1f99b2b50fb17118f38d8a8e95dfac3357c
meta-llama/Meta-Llama-3.1-405B,LlamaForCausalLM,gb200,vllm,0.19.0,PASS,,"python python/aisimulate/tools/support_matrix/generate_fpe_support_matrix.py --model ""meta-llama/Meta-Llama-3.1-405B"" --system ""gb200"" --backend ""vllm"" --backend-version ""0.19.0"" --forward-model op_level --max-workers 8",silicon,20,5,PASS=20,"decode_end=32666.331680, decode_start=128.092422, mixed=140.783362, prefill=140.080309",26dae1f99b2b50fb17118f38d8a8e95dfac3357c
meta-llama/Meta-Llama-3.1-405B,LlamaForCausalLM,gb200,vllm,0.22.0,PASS,,"python python/aisimulate/tools/support_matrix/generate_fpe_support_matrix.py --model ""meta-llama/Meta-Llama-3.1-405B"" --system ""gb200"" --backend ""vllm"" --backend-version ""0.22.0"" --forward-model op_level --max-workers 8",silicon,20,5,PASS=20,"decode_end=32730.940177, decode_start=128.387955, mixed=140.157363, prefill=138.874466",26dae1f99b2b50fb17118f38d8a8e95dfac3357c
meta-llama/Meta-Llama-3.1-405B,LlamaForCausalLM,gb200,vllm,0.24.0,PASS,,"python python/aisimulate/tools/support_matrix/generate_fpe_support_matrix.py --model ""meta-llama/Meta-Llama-3.1-405B"" --system ""gb200"" --backend ""vllm"" --backend-version ""0.24.0"" --forward-model op_level --max-workers 8",silicon,20,5,PASS=20,"decode_end=31652.344382, decode_start=124.154516, mixed=136.963879, prefill=134.170809",26dae1f99b2b50fb17118f38d8a8e95dfac3357c
meta-llama/Meta-Llama-3.1-70B,LlamaForCausalLM,gb200,sglang,0.5.10,PASS,,"python python/aisimulate/tools/support_matrix/generate_fpe_support_matrix.py --model ""meta-llama/Meta-Llama-3.1-70B"" --system ""gb200"" --backend ""sglang"" --backend-version ""0.5.10"" --forward-model op_level --max-workers 8",silicon,56,14,"PASS=20, SDK_UNREPRESENTABLE=36","decode_end=5910.592003, decode_start=23.207942, mixed=29.895351, prefill=27.422201",26dae1f99b2b50fb17118f38d8a8e95dfac3357c
meta-llama/Meta-Llama-3.1-70B,LlamaForCausalLM,gb200,sglang,0.5.12,PASS,,"python python/aisimulate/tools/support_matrix/generate_fpe_support_matrix.py --model ""meta-llama/Meta-Llama-3.1-70B"" --system ""gb200"" --backend ""sglang"" --backend-version ""0.5.12"" --forward-model op_level --max-workers 8",silicon,56,14,"PASS=20, SDK_UNREPRESENTABLE=36","decode_end=5951.327163, decode_start=23.340559, mixed=30.102098, prefill=27.628825",26dae1f99b2b50fb17118f38d8a8e95dfac3357c
meta-llama/Meta-Llama-3.1-70B,LlamaForCausalLM,gb200,sglang,0.5.14,PASS,,"python python/aisimulate/tools/support_matrix/generate_fpe_support_matrix.py --model ""meta-llama/Meta-Llama-3.1-70B"" --system ""gb200"" --backend ""sglang"" --backend-version ""0.5.14"" --forward-model op_level --max-workers 8",silicon,56,14,"PASS=20, SDK_UNREPRESENTABLE=36","decode_end=5951.327163, decode_start=23.340559, mixed=30.102098, prefill=27.628825",26dae1f99b2b50fb17118f38d8a8e95dfac3357c
meta-llama/Meta-Llama-3.1-70B,LlamaForCausalLM,gb200,sglang,0.5.16,PASS,,"python python/aisimulate/tools/support_matrix/generate_fpe_support_matrix.py --model ""meta-llama/Meta-Llama-3.1-70B"" --system ""gb200"" --backend ""sglang"" --backend-version ""0.5.16"" --forward-model op_level --max-workers 8",silicon,56,14,"PASS=20, SDK_UNREPRESENTABLE=36","decode_end=5951.327163, decode_start=23.340559, mixed=30.102098, prefill=27.628825",26dae1f99b2b50fb17118f38d8a8e95dfac3357c
meta-llama/Meta-Llama-3.1-70B,LlamaForCausalLM,gb200,sglang,0.5.9,PASS,,"python python/aisimulate/tools/support_matrix/generate_fpe_support_matrix.py --model ""meta-llama/Meta-Llama-3.1-70B"" --system ""gb200"" --backend ""sglang"" --backend-version ""0.5.9"" --forward-model op_level --max-workers 8",silicon,56,14,"PASS=20, SDK_UNREPRESENTABLE=36","decode_end=5994.731210, decode_start=23.483986, mixed=29.924002, prefill=27.424727",26dae1f99b2b50fb17118f38d8a8e95dfac3357c
meta-llama/Meta-Llama-3.1-70B,LlamaForCausalLM,gb200,trtllm,1.3.0rc10,PASS,,"python python/aisimulate/tools/support_matrix/generate_fpe_support_matrix.py --model ""meta-llama/Meta-Llama-3.1-70B"" --system ""gb200"" --backend ""trtllm"" --backend-version ""1.3.0rc10"" --forward-model op_level --max-workers 8",silicon,20,5,PASS=20,"decode_end=6420.827033, decode_start=24.819382, mixed=32.511956, prefill=28.939724",26dae1f99b2b50fb17118f38d8a8e95dfac3357c
meta-llama/Meta-Llama-3.1-70B,LlamaForCausalLM,gb200,trtllm,1.3.0rc15,PASS,,"python python/aisimulate/tools/support_matrix/generate_fpe_support_matrix.py --model ""meta-llama/Meta-Llama-3.1-70B"" --system ""gb200"" --backend ""trtllm"" --backend-version ""1.3.0rc15"" --forward-model op_level --max-workers 8",silicon,20,5,PASS=20,"decode_end=6420.827033, decode_start=24.819382, mixed=32.511956, prefill=28.939724",26dae1f99b2b50fb17118f38d8a8e95dfac3357c
meta-llama/Meta-Llama-3.1-70B,LlamaForCausalLM,gb200,trtllm,1.3.0rc17,PASS,,"python python/aisimulate/tools/support_matrix/generate_fpe_support_matrix.py --model ""meta-llama/Meta-Llama-3.1-70B"" --system ""gb200"" --backend ""trtllm"" --backend-version ""1.3.0rc17"" --forward-model op_level --max-workers 8",silicon,20,5,PASS=20,"decode_end=6138.593514, decode_start=24.072548, mixed=32.161143, prefill=30.023796",26dae1f99b2b50fb17118f38d8a8e95dfac3357c
meta-llama/Meta-Llama-3.1-70B,LlamaForCausalLM,gb200,trtllm,1.3.0rc20,PASS,,"python python/aisimulate/tools/support_matrix/generate_fpe_support_matrix.py --model ""meta-llama/Meta-Llama-3.1-70B"" --system ""gb200"" --backend ""trtllm"" --backend-version ""1.3.0rc20"" --forward-model op_level --max-workers 8",silicon,20,5,PASS=20,"decode_end=6274.127915, decode_start=24.549472, mixed=31.940500, prefill=29.438414",26dae1f99b2b50fb17118f38d8a8e95dfac3357c
meta-llama/Meta-Llama-3.1-70B,LlamaForCausalLM,gb200,trtllm,1.3.0rc23,PASS,,"python python/aisimulate/tools/support_matrix/generate_fpe_support_matrix.py --model ""meta-llama/Meta-Llama-3.1-70B"" --system ""gb200"" --backend ""trtllm"" --backend-version ""1.3.0rc23"" --forward-model op_level --max-workers 8",silicon,20,5,PASS=20,"decode_end=6274.127915, decode_start=24.549472, mixed=31.940500, prefill=29.438414",26dae1f99b2b50fb17118f38d8a8e95dfac3357c
meta-llama/Meta-Llama-3.1-70B,LlamaForCausalLM,gb200,vllm,0.1.dev19262,FAIL,Strict-native op-level FPE probes: PERF_DATA_MISSING=20; raw probes=20; topologies=5; source_sha=26dae1f99b2b50fb17118f38d8a8e95dfac3357c. Representative failure: perf database error: perf database error: no GEMM rows loaded from 1 source(s) (first: <repo>/python/aisimulate/src/aiconfigurator_core/systems/data/gb200/vllm/0.1.dev19262/gemm_perf.parquet),"python python/aisimulate/tools/support_matrix/generate_fpe_support_matrix.py --model ""meta-llama/Meta-Llama-3.1-70B"" --system ""gb200"" --backend ""vllm"" --backend-version ""0.1.dev19262"" --forward-model op_level --max-workers 8",,20,5,PERF_DATA_MISSING=20,,26dae1f99b2b50fb17118f38d8a8e95dfac3357c
meta-llama/Meta-Llama-3.1-70B,LlamaForCausalLM,gb200,vllm,0.14.0,PASS,,"python python/aisimulate/tools/support_matrix/generate_fpe_support_matrix.py --model ""meta-llama/Meta-Llama-3.1-70B"" --system ""gb200"" --backend ""vllm"" --backend-version ""0.14.0"" --forward-model op_level --max-workers 8",silicon,20,5,PASS=20,"decode_end=5829.781313, decode_start=22.862050, mixed=28.633913, prefill=27.265763",26dae1f99b2b50fb17118f38d8a8e95dfac3357c
meta-llama/Meta-Llama-3.1-70B,LlamaForCausalLM,gb200,vllm,0.19.0,PASS,,"python python/aisimulate/tools/support_matrix/generate_fpe_support_matrix.py --model ""meta-llama/Meta-Llama-3.1-70B"" --system ""gb200"" --backend ""vllm"" --backend-version ""0.19.0"" --forward-model op_level --max-workers 8",silicon,20,5,PASS=20,"decode_end=5919.349179, decode_start=23.185583, mixed=29.670074, prefill=27.215963",26dae1f99b2b50fb17118f38d8a8e95dfac3357c
meta-llama/Meta-Llama-3.1-70B,LlamaForCausalLM,gb200,vllm,0.22.0,PASS,,"python python/aisimulate/tools/support_matrix/generate_fpe_support_matrix.py --model ""meta-llama/Meta-Llama-3.1-70B"" --system ""gb200"" --backend ""vllm"" --backend-version ""0.22.0"" --forward-model op_level --max-workers 8",silicon,20,5,PASS=20,"decode_end=5879.111948, decode_start=23.054755, mixed=29.554006, prefill=27.428231",26dae1f99b2b50fb17118f38d8a8e95dfac3357c
meta-llama/Meta-Llama-3.1-70B,LlamaForCausalLM,gb200,vllm,0.24.0,PASS,,"python python/aisimulate/tools/support_matrix/generate_fpe_support_matrix.py --model ""meta-llama/Meta-Llama-3.1-70B"" --system ""gb200"" --backend ""vllm"" --backend-version ""0.24.0"" --forward-model op_level --max-workers 8",silicon,20,5,PASS=20,"decode_end=5866.672962, decode_start=22.992684, mixed=29.687186, prefill=27.024377",26dae1f99b2b50fb17118f38d8a8e95dfac3357c
meta-llama/Meta-Llama-3.1-8B,LlamaForCausalLM,gb200,sglang,0.5.10,PASS,,"python python/aisimulate/tools/support_matrix/generate_fpe_support_matrix.py --model ""meta-llama/Meta-Llama-3.1-8B"" --system ""gb200"" --backend ""sglang"" --backend-version ""0.5.10"" --forward-model op_level --max-workers 8",silicon,24,6,"PASS=12, SDK_UNREPRESENTABLE=12","decode_end=861.431388, decode_start=3.387593, mixed=4.852304, prefill=4.151613",26dae1f99b2b50fb17118f38d8a8e95dfac3357c
meta-llama/Meta-Llama-3.1-8B,LlamaForCausalLM,gb200,sglang,0.5.12,PASS,,"python python/aisimulate/tools/support_matrix/generate_fpe_support_matrix.py --model ""meta-llama/Meta-Llama-3.1-8B"" --system ""gb200"" --backend ""sglang"" --backend-version ""0.5.12"" --forward-model op_level --max-workers 8",silicon,24,6,"PASS=12, SDK_UNREPRESENTABLE=12","decode_end=854.946370, decode_start=3.350891, mixed=4.763808, prefill=4.175744",26dae1f99b2b50fb17118f38d8a8e95dfac3357c
meta-llama/Meta-Llama-3.1-8B,LlamaForCausalLM,gb200,sglang,0.5.14,PASS,,"python python/aisimulate/tools/support_matrix/generate_fpe_support_matrix.py --model ""meta-llama/Meta-Llama-3.1-8B"" --system ""gb200"" --backend ""sglang"" --backend-version ""0.5.14"" --forward-model op_level --max-workers 8",silicon,24,6,"PASS=12, SDK_UNREPRESENTABLE=12","decode_end=854.946370, decode_start=3.350891, mixed=4.763808, prefill=4.175744",26dae1f99b2b50fb17118f38d8a8e95dfac3357c
meta-llama/Meta-Llama-3.1-8B,LlamaForCausalLM,gb200,sglang,0.5.16,PASS,,"python python/aisimulate/tools/support_matrix/generate_fpe_support_matrix.py --model ""meta-llama/Meta-Llama-3.1-8B"" --system ""gb200"" --backend ""sglang"" --backend-version ""0.5.16"" --forward-model op_level --max-workers 8",silicon,24,6,"PASS=12, SDK_UNREPRESENTABLE=12","decode_end=854.946370, decode_start=3.350891, mixed=4.763808, prefill=4.175744",26dae1f99b2b50fb17118f38d8a8e95dfac3357c
meta-llama/Meta-Llama-3.1-8B,LlamaForCausalLM,gb200,sglang,0.5.9,PASS,,"python python/aisimulate/tools/support_matrix/generate_fpe_support_matrix.py --model ""meta-llama/Meta-Llama-3.1-8B"" --system ""gb200"" --backend ""sglang"" --backend-version ""0.5.9"" --forward-model op_level --max-workers 8",silicon,24,6,"PASS=12, SDK_UNREPRESENTABLE=12","decode_end=860.258043, decode_start=3.370364, mixed=4.812711, prefill=4.177201",26dae1f99b2b50fb17118f38d8a8e95dfac3357c
meta-llama/Meta-Llama-3.1-8B,LlamaForCausalLM,gb200,trtllm,1.3.0rc10,PASS,,"python python/aisimulate/tools/support_matrix/generate_fpe_support_matrix.py --model ""meta-llama/Meta-Llama-3.1-8B"" --system ""gb200"" --backend ""trtllm"" --backend-version ""1.3.0rc10"" --forward-model op_level --max-workers 8",silicon,12,3,PASS=12,"decode_end=954.507526, decode_start=3.688581, mixed=5.303331, prefill=4.416207",26dae1f99b2b50fb17118f38d8a8e95dfac3357c
meta-llama/Meta-Llama-3.1-8B,LlamaForCausalLM,gb200,trtllm,1.3.0rc15,PASS,,"python python/aisimulate/tools/support_matrix/generate_fpe_support_matrix.py --model ""meta-llama/Meta-Llama-3.1-8B"" --system ""gb200"" --backend ""trtllm"" --backend-version ""1.3.0rc15"" --forward-model op_level --max-workers 8",silicon,12,3,PASS=12,"decode_end=954.507526, decode_start=3.688581, mixed=5.303331, prefill=4.416207",26dae1f99b2b50fb17118f38d8a8e95dfac3357c
meta-llama/Meta-Llama-3.1-8B,LlamaForCausalLM,gb200,trtllm,1.3.0rc17,PASS,,"python python/aisimulate/tools/support_matrix/generate_fpe_support_matrix.py --model ""meta-llama/Meta-Llama-3.1-8B"" --system ""gb200"" --backend ""trtllm"" --backend-version ""1.3.0rc17"" --forward-model op_level --max-workers 8",silicon,12,3,PASS=12,"decode_end=881.032725, decode_start=3.451499, mixed=5.017679, prefill=4.433024",26dae1f99b2b50fb17118f38d8a8e95dfac3357c
meta-llama/Meta-Llama-3.1-8B,LlamaForCausalLM,gb200,trtllm,1.3.0rc20,PASS,,"python python/aisimulate/tools/support_matrix/generate_fpe_support_matrix.py --model ""meta-llama/Meta-Llama-3.1-8B"" --system ""gb200"" --backend ""trtllm"" --backend-version ""1.3.0rc20"" --forward-model op_level --max-workers 8",silicon,12,3,PASS=12,"decode_end=912.370034, decode_start=3.556601, mixed=5.109460, prefill=4.440944",26dae1f99b2b50fb17118f38d8a8e95dfac3357c
meta-llama/Meta-Llama-3.1-8B,LlamaForCausalLM,gb200,trtllm,1.3.0rc23,PASS,,"python python/aisimulate/tools/support_matrix/generate_fpe_support_matrix.py --model ""meta-llama/Meta-Llama-3.1-8B"" --system ""gb200"" --backend ""trtllm"" --backend-version ""1.3.0rc23"" --forward-model op_level --max-workers 8",silicon,12,3,PASS=12,"decode_end=912.370034, decode_start=3.556601, mixed=5.109460, prefill=4.440944",26dae1f99b2b50fb17118f38d8a8e95dfac3357c
meta-llama/Meta-Llama-3.1-8B,LlamaForCausalLM,gb200,vllm,0.1.dev19262,FAIL,Strict-native op-level FPE probes: PERF_DATA_MISSING=12; raw probes=12; topologies=3; source_sha=26dae1f99b2b50fb17118f38d8a8e95dfac3357c. Representative failure: perf database error: perf database error: no GEMM rows loaded from 1 source(s) (first: <repo>/python/aisimulate/src/aiconfigurator_core/systems/data/gb200/vllm/0.1.dev19262/gemm_perf.parquet),"python python/aisimulate/tools/support_matrix/generate_fpe_support_matrix.py --model ""meta-llama/Meta-Llama-3.1-8B"" --system ""gb200"" --backend ""vllm"" --backend-version ""0.1.dev19262"" --forward-model op_level --max-workers 8",,12,3,PERF_DATA_MISSING=12,,26dae1f99b2b50fb17118f38d8a8e95dfac3357c
meta-llama/Meta-Llama-3.1-8B,LlamaForCausalLM,gb200,vllm,0.14.0,PASS,,"python python/aisimulate/tools/support_matrix/generate_fpe_support_matrix.py --model ""meta-llama/Meta-Llama-3.1-8B"" --system ""gb200"" --backend ""vllm"" --backend-version ""0.14.0"" --forward-model op_level --max-workers 8",silicon,12,3,PASS=12,"decode_end=903.325325, decode_start=3.538086, mixed=4.812249, prefill=4.356425",26dae1f99b2b50fb17118f38d8a8e95dfac3357c
meta-llama/Meta-Llama-3.1-8B,LlamaForCausalLM,gb200,vllm,0.19.0,PASS,,"python python/aisimulate/tools/support_matrix/generate_fpe_support_matrix.py --model ""meta-llama/Meta-Llama-3.1-8B"" --system ""gb200"" --backend ""vllm"" --backend-version ""0.19.0"" --forward-model op_level --max-workers 8",silicon,12,3,PASS=12,"decode_end=838.666854, decode_start=3.284525, mixed=4.678432, prefill=4.082870",26dae1f99b2b50fb17118f38d8a8e95dfac3357c
meta-llama/Meta-Llama-3.1-8B,LlamaForCausalLM,gb200,vllm,0.22.0,PASS,,"python python/aisimulate/tools/support_matrix/generate_fpe_support_matrix.py --model ""meta-llama/Meta-Llama-3.1-8B"" --system ""gb200"" --backend ""vllm"" --backend-version ""0.22.0"" --forward-model op_level --max-workers 8",silicon,12,3,PASS=12,"decode_end=833.625661, decode_start=3.268758, mixed=4.602517, prefill=4.043504",26dae1f99b2b50fb17118f38d8a8e95dfac3357c
meta-llama/Meta-Llama-3.1-8B,LlamaForCausalLM,gb200,vllm,0.24.0,PASS,,"python python/aisimulate/tools/support_matrix/generate_fpe_support_matrix.py --model ""meta-llama/Meta-Llama-3.1-8B"" --system ""gb200"" --backend ""vllm"" --backend-version ""0.24.0"" --forward-model op_level --max-workers 8",silicon,12,3,PASS=12,"decode_end=853.611765, decode_start=3.329257, mixed=4.822312, prefill=4.169361",26dae1f99b2b50fb17118f38d8a8e95dfac3357c
moonshotai/Kimi-K2.5,KimiK25ForConditionalGeneration,gb200,sglang,0.5.10,PASS,,"python python/aisimulate/tools/support_matrix/generate_fpe_support_matrix.py --model ""moonshotai/Kimi-K2.5"" --system ""gb200"" --backend ""sglang"" --backend-version ""0.5.10"" --forward-model op_level --max-workers 8",silicon,540,135,"PASS=200, PERF_DATA_MISSING=20, SDK_UNREPRESENTABLE=320","decode_end=6794.935050, decode_start=26.582367, mixed=110.908670, prefill=107.375497",26dae1f99b2b50fb17118f38d8a8e95dfac3357c
moonshotai/Kimi-K2.5,KimiK25ForConditionalGeneration,gb200,sglang,0.5.12,PASS,,"python python/aisimulate/tools/support_matrix/generate_fpe_support_matrix.py --model ""moonshotai/Kimi-K2.5"" --system ""gb200"" --backend ""sglang"" --backend-version ""0.5.12"" --forward-model op_level --max-workers 8",silicon,540,135,"PASS=200, PERF_DATA_MISSING=20, SDK_UNREPRESENTABLE=320","decode_end=7477.708147, decode_start=29.249616, mixed=123.081843, prefill=118.763085",26dae1f99b2b50fb17118f38d8a8e95dfac3357c
moonshotai/Kimi-K2.5,KimiK25ForConditionalGeneration,gb200,sglang,0.5.14,PASS,,"python python/aisimulate/tools/support_matrix/generate_fpe_support_matrix.py --model ""moonshotai/Kimi-K2.5"" --system ""gb200"" --backend ""sglang"" --backend-version ""0.5.14"" --forward-model op_level --max-workers 8",silicon,540,135,"PASS=200, PERF_DATA_MISSING=20, SDK_UNREPRESENTABLE=320","decode_end=7477.708147, decode_start=29.249616, mixed=123.081843, prefill=118.763085",26dae1f99b2b50fb17118f38d8a8e95dfac3357c
moonshotai/Kimi-K2.5,KimiK25ForConditionalGeneration,gb200,sglang,0.5.16,PASS,,"python python/aisimulate/tools/support_matrix/generate_fpe_support_matrix.py --model ""moonshotai/Kimi-K2.5"" --system ""gb200"" --backend ""sglang"" --backend-version ""0.5.16"" --forward-model op_level --max-workers 8",silicon,540,135,"PASS=200, PERF_DATA_MISSING=20, SDK_UNREPRESENTABLE=320","decode_end=7477.708147, decode_start=29.249616, mixed=123.081843, prefill=118.763085",26dae1f99b2b50fb17118f38d8a8e95dfac3357c
moonshotai/Kimi-K2.5,KimiK25ForConditionalGeneration,gb200,sglang,0.5.9,PASS,,"python python/aisimulate/tools/support_matrix/generate_fpe_support_matrix.py --model ""moonshotai/Kimi-K2.5"" --system ""gb200"" --backend ""sglang"" --backend-version ""0.5.9"" --forward-model op_level --max-workers 8",silicon,540,135,"PASS=200, PERF_DATA_MISSING=20, SDK_UNREPRESENTABLE=320","decode_end=7068.572721, decode_start=27.616581, mixed=116.053010, prefill=110.524926",26dae1f99b2b50fb17118f38d8a8e95dfac3357c
moonshotai/Kimi-K2.5,KimiK25ForConditionalGeneration,gb200,trtllm,1.3.0rc10,FAIL,"Strict-native op-level FPE probes: PERF_DATA_MISSING=116; raw probes=116; topologies=29; source_sha=26dae1f99b2b50fb17118f38d8a8e95dfac3357c. Representative failure: perf database error: MoE data missing for MoeKey { quant: ""int4_wo"", distribution: ""uniform"", topk: 8, num_experts: 384, hidden_size: 7168, inter_size: 2048, moe_tp_size: 1, moe_ep_size: 1 } at <repo>/python/aisimulate/src/aiconfigurator_core/systems/data/gb200/trtllm/1.3.0rc10","python python/aisimulate/tools/support_matrix/generate_fpe_support_matrix.py --model ""moonshotai/Kimi-K2.5"" --system ""gb200"" --backend ""trtllm"" --backend-version ""1.3.0rc10"" --forward-model op_level --max-workers 8",,116,29,PERF_DATA_MISSING=116,,26dae1f99b2b50fb17118f38d8a8e95dfac3357c
moonshotai/Kimi-K2.5,KimiK25ForConditionalGeneration,gb200,trtllm,1.3.0rc15,FAIL,"Strict-native op-level FPE probes: PERF_DATA_MISSING=116; raw probes=116; topologies=29; source_sha=26dae1f99b2b50fb17118f38d8a8e95dfac3357c. Representative failure: perf database error: MoE data missing for MoeKey { quant: ""int4_wo"", distribution: ""uniform"", topk: 8, num_experts: 384, hidden_size: 7168, inter_size: 2048, moe_tp_size: 1, moe_ep_size: 1 } at <repo>/python/aisimulate/src/aiconfigurator_core/systems/data/gb200/trtllm/1.3.0rc15","python python/aisimulate/tools/support_matrix/generate_fpe_support_matrix.py --model ""moonshotai/Kimi-K2.5"" --system ""gb200"" --backend ""trtllm"" --backend-version ""1.3.0rc15"" --forward-model op_level --max-workers 8",,116,29,PERF_DATA_MISSING=116,,26dae1f99b2b50fb17118f38d8a8e95dfac3357c
moonshotai/Kimi-K2.5,KimiK25ForConditionalGeneration,gb200,trtllm,1.3.0rc17,FAIL,"Strict-native op-level FPE probes: PERF_DATA_MISSING=116; raw probes=116; topologies=29; source_sha=26dae1f99b2b50fb17118f38d8a8e95dfac3357c. Representative failure: perf database error: MoE data missing for MoeKey { quant: ""int4_wo"", distribution: ""uniform"", topk: 8, num_experts: 384, hidden_size: 7168, inter_size: 2048, moe_tp_size: 1, moe_ep_size: 1 } at <repo>/python/aisimulate/src/aiconfigurator_core/systems/data/gb200/trtllm/1.3.0rc17","python python/aisimulate/tools/support_matrix/generate_fpe_support_matrix.py --model ""moonshotai/Kimi-K2.5"" --system ""gb200"" --backend ""trtllm"" --backend-version ""1.3.0rc17"" --forward-model op_level --max-workers 8",,116,29,PERF_DATA_MISSING=116,,26dae1f99b2b50fb17118f38d8a8e95dfac3357c
moonshotai/Kimi-K2.5,KimiK25ForConditionalGeneration,gb200,trtllm,1.3.0rc20,FAIL,"Strict-native op-level FPE probes: PERF_DATA_MISSING=116; raw probes=116; topologies=29; source_sha=26dae1f99b2b50fb17118f38d8a8e95dfac3357c. Representative failure: perf database error: MoE data missing for MoeKey { quant: ""int4_wo"", distribution: ""uniform"", topk: 8, num_experts: 384, hidden_size: 7168, inter_size: 2048, moe_tp_size: 1, moe_ep_size: 1 } at <repo>/python/aisimulate/src/aiconfigurator_core/systems/data/gb200/trtllm/1.3.0rc20","python python/aisimulate/tools/support_matrix/generate_fpe_support_matrix.py --model ""moonshotai/Kimi-K2.5"" --system ""gb200"" --backend ""trtllm"" --backend-version ""1.3.0rc20"" --forward-model op_level --max-workers 8",,116,29,PERF_DATA_MISSING=116,,26dae1f99b2b50fb17118f38d8a8e95dfac3357c
moonshotai/Kimi-K2.5,KimiK25ForConditionalGeneration,gb200,trtllm,1.3.0rc23,FAIL,"Strict-native op-level FPE probes: PERF_DATA_MISSING=116; raw probes=116; topologies=29; source_sha=26dae1f99b2b50fb17118f38d8a8e95dfac3357c. Representative failure: perf database error: MoE data missing for MoeKey { quant: ""int4_wo"", distribution: ""uniform"", topk: 8, num_experts: 384, hidden_size: 7168, inter_size: 2048, moe_tp_size: 1, moe_ep_size: 1 } at <repo>/python/aisimulate/src/aiconfigurator_core/systems/data/gb200/trtllm/1.3.0rc23","python python/aisimulate/tools/support_matrix/generate_fpe_support_matrix.py --model ""moonshotai/Kimi-K2.5"" --system ""gb200"" --backend ""trtllm"" --backend-version ""1.3.0rc23"" --forward-model op_level --max-workers 8",,116,29,PERF_DATA_MISSING=116,,26dae1f99b2b50fb17118f38d8a8e95dfac3357c
moonshotai/Kimi-K2.5,KimiK25ForConditionalGeneration,gb200,vllm,0.1.dev19262,FAIL,Strict-native op-level FPE probes: PERF_DATA_MISSING=116; raw probes=116; topologies=29; source_sha=26dae1f99b2b50fb17118f38d8a8e95dfac3357c. Representative failure: perf database error: perf database error: no GEMM rows loaded from 1 source(s) (first: <repo>/python/aisimulate/src/aiconfigurator_core/systems/data/gb200/vllm/0.1.dev19262/gemm_perf.parquet),"python python/aisimulate/tools/support_matrix/generate_fpe_support_matrix.py --model ""moonshotai/Kimi-K2.5"" --system ""gb200"" --backend ""vllm"" --backend-version ""0.1.dev19262"" --forward-model op_level --max-workers 8",,116,29,PERF_DATA_MISSING=116,,26dae1f99b2b50fb17118f38d8a8e95dfac3357c
moonshotai/Kimi-K2.5,KimiK25ForConditionalGeneration,gb200,vllm,0.14.0,PASS,,"python python/aisimulate/tools/support_matrix/generate_fpe_support_matrix.py --model ""moonshotai/Kimi-K2.5"" --system ""gb200"" --backend ""vllm"" --backend-version ""0.14.0"" --forward-model op_level --max-workers 8",silicon,116,29,PASS=116,"decode_end=7203.104718, decode_start=28.048098, mixed=113.131586, prefill=110.522588",26dae1f99b2b50fb17118f38d8a8e95dfac3357c
moonshotai/Kimi-K2.5,KimiK25ForConditionalGeneration,gb200,vllm,0.19.0,PASS,,"python python/aisimulate/tools/support_matrix/generate_fpe_support_matrix.py --model ""moonshotai/Kimi-K2.5"" --system ""gb200"" --backend ""vllm"" --backend-version ""0.19.0"" --forward-model op_level --max-workers 8",silicon,116,29,PASS=116,"decode_end=19194.035043, decode_start=75.220218, mixed=499.297646, prefill=481.333941",26dae1f99b2b50fb17118f38d8a8e95dfac3357c
moonshotai/Kimi-K2.5,KimiK25ForConditionalGeneration,gb200,vllm,0.22.0,PASS,,"python python/aisimulate/tools/support_matrix/generate_fpe_support_matrix.py --model ""moonshotai/Kimi-K2.5"" --system ""gb200"" --backend ""vllm"" --backend-version ""0.22.0"" --forward-model op_level --max-workers 8",silicon,116,29,PASS=116,"decode_end=8155.369415, decode_start=31.968549, mixed=122.840164, prefill=119.668240",26dae1f99b2b50fb17118f38d8a8e95dfac3357c
moonshotai/Kimi-K2.5,KimiK25ForConditionalGeneration,gb200,vllm,0.24.0,PASS,,"python python/aisimulate/tools/support_matrix/generate_fpe_support_matrix.py --model ""moonshotai/Kimi-K2.5"" --system ""gb200"" --backend ""vllm"" --backend-version ""0.24.0"" --forward-model op_level --max-workers 8",silicon,116,29,PASS=116,"decode_end=8199.638157, decode_start=32.128861, mixed=123.063520, prefill=119.919892",26dae1f99b2b50fb17118f38d8a8e95dfac3357c
moonshotai/Kimi-K3,KimiK3ForConditionalGeneration,gb200,sglang,0.5.10,FAIL,"Strict-native op-level FPE probes: PERF_DATA_MISSING=220; raw probes=220; topologies=55; source_sha=26dae1f99b2b50fb17118f38d8a8e95dfac3357c. Representative failure: perf database error: MoE data missing for MoeKey { quant: ""w4a8_mxfp4_mxfp8"", distribution: ""uniform"", topk: 16, num_experts: 896, hidden_size: 3584, inter_size: 3072, moe_tp_size: 1, moe_ep_size: 1 } at <repo>/python/aisimulate/src/aiconfigurator_core/systems/data/gb200/sglang/0.5.10","python python/aisimulate/tools/support_matrix/generate_fpe_support_matrix.py --model ""moonshotai/Kimi-K3"" --system ""gb200"" --backend ""sglang"" --backend-version ""0.5.10"" --forward-model op_level --max-workers 8",,220,55,PERF_DATA_MISSING=220,,26dae1f99b2b50fb17118f38d8a8e95dfac3357c
moonshotai/Kimi-K3,KimiK3ForConditionalGeneration,gb200,sglang,0.5.12,PASS,,"python python/aisimulate/tools/support_matrix/generate_fpe_support_matrix.py --model ""moonshotai/Kimi-K3"" --system ""gb200"" --backend ""sglang"" --backend-version ""0.5.12"" --forward-model op_level --max-workers 8",silicon,220,55,PASS=220,"decode_end=13930.986291, decode_start=54.606293, mixed=272.563104, prefill=267.956272",26dae1f99b2b50fb17118f38d8a8e95dfac3357c
moonshotai/Kimi-K3,KimiK3ForConditionalGeneration,gb200,sglang,0.5.14,PASS,,"python python/aisimulate/tools/support_matrix/generate_fpe_support_matrix.py --model ""moonshotai/Kimi-K3"" --system ""gb200"" --backend ""sglang"" --backend-version ""0.5.14"" --forward-model op_level --max-workers 8",silicon,220,55,PASS=220,"decode_end=13930.986291, decode_start=54.606293, mixed=272.563104, prefill=267.956272",26dae1f99b2b50fb17118f38d8a8e95dfac3357c
moonshotai/Kimi-K3,KimiK3ForConditionalGeneration,gb200,sglang,0.5.16,PASS,,"python python/aisimulate/tools/support_matrix/generate_fpe_support_matrix.py --model ""moonshotai/Kimi-K3"" --system ""gb200"" --backend ""sglang"" --backend-version ""0.5.16"" --forward-model op_level --max-workers 8",silicon,220,55,PASS=220,"decode_end=14144.502325, decode_start=55.443611, mixed=181.396140, prefill=176.456319",26dae1f99b2b50fb17118f38d8a8e95dfac3357c
moonshotai/Kimi-K3,KimiK3ForConditionalGeneration,gb200,sglang,0.5.9,FAIL,"Strict-native op-level FPE probes: PERF_DATA_MISSING=220; raw probes=220; topologies=55; source_sha=26dae1f99b2b50fb17118f38d8a8e95dfac3357c. Representative failure: perf database error: MoE data missing for MoeKey { quant: ""w4a8_mxfp4_mxfp8"", distribution: ""uniform"", topk: 16, num_experts: 896, hidden_size: 3584, inter_size: 3072, moe_tp_size: 1, moe_ep_size: 1 } at <repo>/python/aisimulate/src/aiconfigurator_core/systems/data/gb200/sglang/0.5.9","python python/aisimulate/tools/support_matrix/generate_fpe_support_matrix.py --model ""moonshotai/Kimi-K3"" --system ""gb200"" --backend ""sglang"" --backend-version ""0.5.9"" --forward-model op_level --max-workers 8",,220,55,PERF_DATA_MISSING=220,,26dae1f99b2b50fb17118f38d8a8e95dfac3357c
moonshotai/Kimi-K3,KimiK3ForConditionalGeneration,gb200,trtllm,1.3.0rc10,FAIL,"Strict-native op-level FPE probes: PERF_DATA_MISSING=116; raw probes=116; topologies=29; source_sha=26dae1f99b2b50fb17118f38d8a8e95dfac3357c. Representative failure: perf database error: MoE data missing for MoeKey { quant: ""w4a16_mxfp4"", distribution: ""power_law_1.01"", topk: 16, num_experts: 896, hidden_size: 3584, inter_size: 3072, moe_tp_size: 1, moe_ep_size: 1 } at <repo>/python/aisimulate/src/aiconfigurator_core/systems/data/gb200/trtllm/1.3.0rc10","python python/aisimulate/tools/support_matrix/generate_fpe_support_matrix.py --model ""moonshotai/Kimi-K3"" --system ""gb200"" --backend ""trtllm"" --backend-version ""1.3.0rc10"" --forward-model op_level --max-workers 8",,116,29,PERF_DATA_MISSING=116,,26dae1f99b2b50fb17118f38d8a8e95dfac3357c
moonshotai/Kimi-K3,KimiK3ForConditionalGeneration,gb200,trtllm,1.3.0rc15,FAIL,"Strict-native op-level FPE probes: PERF_DATA_MISSING=116; raw probes=116; topologies=29; source_sha=26dae1f99b2b50fb17118f38d8a8e95dfac3357c. Representative failure: perf database error: MoE data missing for MoeKey { quant: ""w4a16_mxfp4"", distribution: ""power_law_1.01"", topk: 16, num_experts: 896, hidden_size: 3584, inter_size: 3072, moe_tp_size: 1, moe_ep_size: 1 } at <repo>/python/aisimulate/src/aiconfigurator_core/systems/data/gb200/trtllm/1.3.0rc15","python python/aisimulate/tools/support_matrix/generate_fpe_support_matrix.py --model ""moonshotai/Kimi-K3"" --system ""gb200"" --backend ""trtllm"" --backend-version ""1.3.0rc15"" --forward-model op_level --max-workers 8",,116,29,PERF_DATA_MISSING=116,,26dae1f99b2b50fb17118f38d8a8e95dfac3357c
moonshotai/Kimi-K3,KimiK3ForConditionalGeneration,gb200,trtllm,1.3.0rc17,FAIL,"Strict-native op-level FPE probes: PERF_DATA_MISSING=116; raw probes=116; topologies=29; source_sha=26dae1f99b2b50fb17118f38d8a8e95dfac3357c. Representative failure: perf database error: MoE data missing for MoeKey { quant: ""w4a16_mxfp4"", distribution: ""power_law_1.01"", topk: 16, num_experts: 896, hidden_size: 3584, inter_size: 3072, moe_tp_size: 1, moe_ep_size: 1 } at <repo>/python/aisimulate/src/aiconfigurator_core/systems/data/gb200/trtllm/1.3.0rc17","python python/aisimulate/tools/support_matrix/generate_fpe_support_matrix.py --model ""moonshotai/Kimi-K3"" --system ""gb200"" --backend ""trtllm"" --backend-version ""1.3.0rc17"" --forward-model op_level --max-workers 8",,116,29,PERF_DATA_MISSING=116,,26dae1f99b2b50fb17118f38d8a8e95dfac3357c
moonshotai/Kimi-K3,KimiK3ForConditionalGeneration,gb200,trtllm,1.3.0rc20,FAIL,"Strict-native op-level FPE probes: PERF_DATA_MISSING=116; raw probes=116; topologies=29; source_sha=26dae1f99b2b50fb17118f38d8a8e95dfac3357c. Representative failure: perf database error: MoE data missing for MoeKey { quant: ""w4a16_mxfp4"", distribution: ""power_law_1.01"", topk: 16, num_experts: 896, hidden_size: 3584, inter_size: 3072, moe_tp_size: 1, moe_ep_size: 1 } at <repo>/python/aisimulate/src/aiconfigurator_core/systems/data/gb200/trtllm/1.3.0rc20","python python/aisimulate/tools/support_matrix/generate_fpe_support_matrix.py --model ""moonshotai/Kimi-K3"" --system ""gb200"" --backend ""trtllm"" --backend-version ""1.3.0rc20"" --forward-model op_level --max-workers 8",,116,29,PERF_DATA_MISSING=116,,26dae1f99b2b50fb17118f38d8a8e95dfac3357c
moonshotai/Kimi-K3,KimiK3ForConditionalGeneration,gb200,trtllm,1.3.0rc23,FAIL,"Strict-native op-level FPE probes: PERF_DATA_MISSING=116; raw probes=116; topologies=29; source_sha=26dae1f99b2b50fb17118f38d8a8e95dfac3357c. Representative failure: perf database error: MoE data missing for MoeKey { quant: ""w4a16_mxfp4"", distribution: ""power_law_1.01"", topk: 16, num_experts: 896, hidden_size: 3584, inter_size: 3072, moe_tp_size: 1, moe_ep_size: 1 } at <repo>/python/aisimulate/src/aiconfigurator_core/systems/data/gb200/trtllm/1.3.0rc23","python python/aisimulate/tools/support_matrix/generate_fpe_support_matrix.py --model ""moonshotai/Kimi-K3"" --system ""gb200"" --backend ""trtllm"" --backend-version ""1.3.0rc23"" --forward-model op_level --max-workers 8",,116,29,PERF_DATA_MISSING=116,,26dae1f99b2b50fb17118f38d8a8e95dfac3357c
moonshotai/Kimi-K3,KimiK3ForConditionalGeneration,gb200,vllm,0.1.dev19262,FAIL,Strict-native op-level FPE probes: PERF_DATA_MISSING=116; raw probes=116; topologies=29; source_sha=26dae1f99b2b50fb17118f38d8a8e95dfac3357c. Representative failure: perf database error: perf database error: no GEMM rows loaded from 1 source(s) (first: <repo>/python/aisimulate/src/aiconfigurator_core/systems/data/gb200/vllm/0.1.dev19262/gemm_perf.parquet),"python python/aisimulate/tools/support_matrix/generate_fpe_support_matrix.py --model ""moonshotai/Kimi-K3"" --system ""gb200"" --backend ""vllm"" --backend-version ""0.1.dev19262"" --forward-model op_level --max-workers 8",,116,29,PERF_DATA_MISSING=116,,26dae1f99b2b50fb17118f38d8a8e95dfac3357c
moonshotai/Kimi-K3,KimiK3ForConditionalGeneration,gb200,vllm,0.14.0,FAIL,"Strict-native op-level FPE probes: PERF_DATA_MISSING=116; raw probes=116; topologies=29; source_sha=26dae1f99b2b50fb17118f38d8a8e95dfac3357c. Representative failure: perf database error: MoE data missing for MoeKey { quant: ""w4a16_mxfp4"", distribution: ""uniform"", topk: 16, num_experts: 896, hidden_size: 3584, inter_size: 3072, moe_tp_size: 1, moe_ep_size: 1 } at <repo>/python/aisimulate/src/aiconfigurator_core/systems/data/gb200/vllm/0.14.0","python python/aisimulate/tools/support_matrix/generate_fpe_support_matrix.py --model ""moonshotai/Kimi-K3"" --system ""gb200"" --backend ""vllm"" --backend-version ""0.14.0"" --forward-model op_level --max-workers 8",,116,29,PERF_DATA_MISSING=116,,26dae1f99b2b50fb17118f38d8a8e95dfac3357c
moonshotai/Kimi-K3,KimiK3ForConditionalGeneration,gb200,vllm,0.19.0,FAIL,"Strict-native op-level FPE probes: PERF_DATA_MISSING=116; raw probes=116; topologies=29; source_sha=26dae1f99b2b50fb17118f38d8a8e95dfac3357c. Representative failure: perf database error: MoE data missing for MoeKey { quant: ""w4a16_mxfp4"", distribution: ""uniform"", topk: 16, num_experts: 896, hidden_size: 3584, inter_size: 3072, moe_tp_size: 1, moe_ep_size: 1 } at <repo>/python/aisimulate/src/aiconfigurator_core/systems/data/gb200/vllm/0.19.0","python python/aisimulate/tools/support_matrix/generate_fpe_support_matrix.py --model ""moonshotai/Kimi-K3"" --system ""gb200"" --backend ""vllm"" --backend-version ""0.19.0"" --forward-model op_level --max-workers 8",,116,29,PERF_DATA_MISSING=116,,26dae1f99b2b50fb17118f38d8a8e95dfac3357c
moonshotai/Kimi-K3,KimiK3ForConditionalGeneration,gb200,vllm,0.22.0,PASS,,"python python/aisimulate/tools/support_matrix/generate_fpe_support_matrix.py --model ""moonshotai/Kimi-K3"" --system ""gb200"" --backend ""vllm"" --backend-version ""0.22.0"" --forward-model op_level --max-workers 8",silicon,116,29,PASS=116,"decode_end=23151.363351, decode_start=90.570370, mixed=461.598128, prefill=449.432050",26dae1f99b2b50fb17118f38d8a8e95dfac3357c
moonshotai/Kimi-K3,KimiK3ForConditionalGeneration,gb200,vllm,0.24.0,PASS,,"python python/aisimulate/tools/support_matrix/generate_fpe_support_matrix.py --model ""moonshotai/Kimi-K3"" --system ""gb200"" --backend ""vllm"" --backend-version ""0.24.0"" --forward-model op_level --max-workers 8",silicon,116,29,PASS=116,"decode_end=23148.796589, decode_start=90.560305, mixed=461.948828, prefill=449.637160",26dae1f99b2b50fb17118f38d8a8e95dfac3357c
nvidia/DeepSeek-V3.1-NVFP4,DeepseekV3ForCausalLM,gb200,sglang,0.5.10,PASS,,"python python/aisimulate/tools/support_matrix/generate_fpe_support_matrix.py --model ""nvidia/DeepSeek-V3.1-NVFP4"" --system ""gb200"" --backend ""sglang"" --backend-version ""0.5.10"" --forward-model op_level --max-workers 8",silicon,540,135,"PASS=220, SDK_UNREPRESENTABLE=320","decode_end=5945.799380, decode_start=23.263482, mixed=64.062789, prefill=62.206775",26dae1f99b2b50fb17118f38d8a8e95dfac3357c
nvidia/DeepSeek-V3.1-NVFP4,DeepseekV3ForCausalLM,gb200,sglang,0.5.12,PASS,,"python python/aisimulate/tools/support_matrix/generate_fpe_support_matrix.py --model ""nvidia/DeepSeek-V3.1-NVFP4"" --system ""gb200"" --backend ""sglang"" --backend-version ""0.5.12"" --forward-model op_level --max-workers 8",silicon,540,135,"PASS=220, SDK_UNREPRESENTABLE=320","decode_end=4337.108621, decode_start=16.958081, mixed=50.948420, prefill=48.848207",26dae1f99b2b50fb17118f38d8a8e95dfac3357c
nvidia/DeepSeek-V3.1-NVFP4,DeepseekV3ForCausalLM,gb200,sglang,0.5.14,PASS,,"python python/aisimulate/tools/support_matrix/generate_fpe_support_matrix.py --model ""nvidia/DeepSeek-V3.1-NVFP4"" --system ""gb200"" --backend ""sglang"" --backend-version ""0.5.14"" --forward-model op_level --max-workers 8",silicon,540,135,"PASS=220, SDK_UNREPRESENTABLE=320","decode_end=4337.108621, decode_start=16.958081, mixed=50.948420, prefill=48.848207",26dae1f99b2b50fb17118f38d8a8e95dfac3357c
nvidia/DeepSeek-V3.1-NVFP4,DeepseekV3ForCausalLM,gb200,sglang,0.5.16,PASS,,"python python/aisimulate/tools/support_matrix/generate_fpe_support_matrix.py --model ""nvidia/DeepSeek-V3.1-NVFP4"" --system ""gb200"" --backend ""sglang"" --backend-version ""0.5.16"" --forward-model op_level --max-workers 8",silicon,540,135,"PASS=220, SDK_UNREPRESENTABLE=320","decode_end=4337.108621, decode_start=16.958081, mixed=50.948420, prefill=48.848207",26dae1f99b2b50fb17118f38d8a8e95dfac3357c
nvidia/DeepSeek-V3.1-NVFP4,DeepseekV3ForCausalLM,gb200,sglang,0.5.9,PASS,,"python python/aisimulate/tools/support_matrix/generate_fpe_support_matrix.py --model ""nvidia/DeepSeek-V3.1-NVFP4"" --system ""gb200"" --backend ""sglang"" --backend-version ""0.5.9"" --forward-model op_level --max-workers 8",silicon,540,135,"PASS=220, SDK_UNREPRESENTABLE=320","decode_end=5938.788734, decode_start=23.241433, mixed=65.364746, prefill=64.007640",26dae1f99b2b50fb17118f38d8a8e95dfac3357c
nvidia/DeepSeek-V3.1-NVFP4,DeepseekV3ForCausalLM,gb200,trtllm,1.3.0rc10,PASS,,"python python/aisimulate/tools/support_matrix/generate_fpe_support_matrix.py --model ""nvidia/DeepSeek-V3.1-NVFP4"" --system ""gb200"" --backend ""trtllm"" --backend-version ""1.3.0rc10"" --forward-model op_level --max-workers 8",silicon,156,39,"PASS=132, SDK_UNREPRESENTABLE=24","decode_end=4750.029165, decode_start=18.578369, mixed=61.543912, prefill=49.182618",26dae1f99b2b50fb17118f38d8a8e95dfac3357c
nvidia/DeepSeek-V3.1-NVFP4,DeepseekV3ForCausalLM,gb200,trtllm,1.3.0rc15,PASS,,"python python/aisimulate/tools/support_matrix/generate_fpe_support_matrix.py --model ""nvidia/DeepSeek-V3.1-NVFP4"" --system ""gb200"" --backend ""trtllm"" --backend-version ""1.3.0rc15"" --forward-model op_level --max-workers 8",silicon,156,39,"PASS=132, SDK_UNREPRESENTABLE=24","decode_end=4750.029165, decode_start=18.578369, mixed=61.543912, prefill=49.182618",26dae1f99b2b50fb17118f38d8a8e95dfac3357c
nvidia/DeepSeek-V3.1-NVFP4,DeepseekV3ForCausalLM,gb200,trtllm,1.3.0rc17,PASS,,"python python/aisimulate/tools/support_matrix/generate_fpe_support_matrix.py --model ""nvidia/DeepSeek-V3.1-NVFP4"" --system ""gb200"" --backend ""trtllm"" --backend-version ""1.3.0rc17"" --forward-model op_level --max-workers 8",silicon,156,39,"PASS=132, SDK_UNREPRESENTABLE=24","decode_end=4738.479362, decode_start=18.533076, mixed=61.472916, prefill=49.131301",26dae1f99b2b50fb17118f38d8a8e95dfac3357c
nvidia/DeepSeek-V3.1-NVFP4,DeepseekV3ForCausalLM,gb200,trtllm,1.3.0rc20,PASS,,"python python/aisimulate/tools/support_matrix/generate_fpe_support_matrix.py --model ""nvidia/DeepSeek-V3.1-NVFP4"" --system ""gb200"" --backend ""trtllm"" --backend-version ""1.3.0rc20"" --forward-model op_level --max-workers 8",silicon,156,39,"PASS=132, SDK_UNREPRESENTABLE=24","decode_end=4725.416497, decode_start=18.479581, mixed=60.068938, prefill=49.714792",26dae1f99b2b50fb17118f38d8a8e95dfac3357c
nvidia/DeepSeek-V3.1-NVFP4,DeepseekV3ForCausalLM,gb200,trtllm,1.3.0rc23,PASS,,"python python/aisimulate/tools/support_matrix/generate_fpe_support_matrix.py --model ""nvidia/DeepSeek-V3.1-NVFP4"" --system ""gb200"" --backend ""trtllm"" --backend-version ""1.3.0rc23"" --forward-model op_level --max-workers 8",silicon,156,39,"PASS=132, SDK_UNREPRESENTABLE=24","decode_end=4725.416497, decode_start=18.479581, mixed=60.068938, prefill=49.714792",26dae1f99b2b50fb17118f38d8a8e95dfac3357c
nvidia/DeepSeek-V3.1-NVFP4,DeepseekV3ForCausalLM,gb200,vllm,0.1.dev19262,FAIL,Strict-native op-level FPE probes: PERF_DATA_MISSING=116; raw probes=116; topologies=29; source_sha=26dae1f99b2b50fb17118f38d8a8e95dfac3357c. Representative failure: perf database error: perf database error: no GEMM rows loaded from 1 source(s) (first: <repo>/python/aisimulate/src/aiconfigurator_core/systems/data/gb200/vllm/0.1.dev19262/gemm_perf.parquet),"python python/aisimulate/tools/support_matrix/generate_fpe_support_matrix.py --model ""nvidia/DeepSeek-V3.1-NVFP4"" --system ""gb200"" --backend ""vllm"" --backend-version ""0.1.dev19262"" --forward-model op_level --max-workers 8",,116,29,PERF_DATA_MISSING=116,,26dae1f99b2b50fb17118f38d8a8e95dfac3357c
nvidia/DeepSeek-V3.1-NVFP4,DeepseekV3ForCausalLM,gb200,vllm,0.14.0,PASS,,"python python/aisimulate/tools/support_matrix/generate_fpe_support_matrix.py --model ""nvidia/DeepSeek-V3.1-NVFP4"" --system ""gb200"" --backend ""vllm"" --backend-version ""0.14.0"" --forward-model op_level --max-workers 8",silicon,116,29,PASS=116,"decode_end=7416.991388, decode_start=29.037880, mixed=65.654721, prefill=55.291603",26dae1f99b2b50fb17118f38d8a8e95dfac3357c
nvidia/DeepSeek-V3.1-NVFP4,DeepseekV3ForCausalLM,gb200,vllm,0.19.0,PASS,,"python python/aisimulate/tools/support_matrix/generate_fpe_support_matrix.py --model ""nvidia/DeepSeek-V3.1-NVFP4"" --system ""gb200"" --backend ""vllm"" --backend-version ""0.19.0"" --forward-model op_level --max-workers 8",silicon,116,29,PASS=116,"decode_end=6636.141886, decode_start=25.911478, mixed=60.714581, prefill=52.014550",26dae1f99b2b50fb17118f38d8a8e95dfac3357c
nvidia/DeepSeek-V3.1-NVFP4,DeepseekV3ForCausalLM,gb200,vllm,0.22.0,PASS,,"python python/aisimulate/tools/support_matrix/generate_fpe_support_matrix.py --model ""nvidia/DeepSeek-V3.1-NVFP4"" --system ""gb200"" --backend ""vllm"" --backend-version ""0.22.0"" --forward-model op_level --max-workers 8",silicon,116,29,PASS=116,"decode_end=6420.788746, decode_start=25.522175, mixed=60.580737, prefill=49.446199",26dae1f99b2b50fb17118f38d8a8e95dfac3357c
nvidia/DeepSeek-V3.1-NVFP4,DeepseekV3ForCausalLM,gb200,vllm,0.24.0,PASS,,"python python/aisimulate/tools/support_matrix/generate_fpe_support_matrix.py --model ""nvidia/DeepSeek-V3.1-NVFP4"" --system ""gb200"" --backend ""vllm"" --backend-version ""0.24.0"" --forward-model op_level --max-workers 8",silicon,116,29,PASS=116,"decode_end=6475.805863, decode_start=25.737928, mixed=61.273750, prefill=49.389128",26dae1f99b2b50fb17118f38d8a8e95dfac3357c
nvidia/DeepSeek-V3.2-NVFP4,DeepseekV32ForCausalLM,gb200,sglang,0.5.10,FAIL,"Strict-native op-level FPE probes: PERF_DATA_MISSING=340, SDK_UNREPRESENTABLE=460; raw probes=800; topologies=200; source_sha=26dae1f99b2b50fb17118f38d8a8e95dfac3357c. Representative failure: perf database error: context DSA module data missing for DsaKey { architecture: ""DeepseekV32ForCausalLM"", fmha_quant: ""fp8"", kv_quant: ""fp8"", gemm_quant: ""nvfp4"" }","python python/aisimulate/tools/support_matrix/generate_fpe_support_matrix.py --model ""nvidia/DeepSeek-V3.2-NVFP4"" --system ""gb200"" --backend ""sglang"" --backend-version ""0.5.10"" --forward-model op_level --max-workers 8",,800,200,"PERF_DATA_MISSING=340, SDK_UNREPRESENTABLE=460",,26dae1f99b2b50fb17118f38d8a8e95dfac3357c
nvidia/DeepSeek-V3.2-NVFP4,DeepseekV32ForCausalLM,gb200,sglang,0.5.12,FAIL,"Strict-native op-level FPE probes: PERF_DATA_MISSING=340, SDK_UNREPRESENTABLE=460; raw probes=800; topologies=200; source_sha=26dae1f99b2b50fb17118f38d8a8e95dfac3357c. Representative failure: perf database error: context DSA module data missing for DsaKey { architecture: ""DeepseekV32ForCausalLM"", fmha_quant: ""bfloat16"", kv_quant: ""fp8"", gemm_quant: ""nvfp4"" }","python python/aisimulate/tools/support_matrix/generate_fpe_support_matrix.py --model ""nvidia/DeepSeek-V3.2-NVFP4"" --system ""gb200"" --backend ""sglang"" --backend-version ""0.5.12"" --forward-model op_level --max-workers 8",,800,200,"PERF_DATA_MISSING=340, SDK_UNREPRESENTABLE=460",,26dae1f99b2b50fb17118f38d8a8e95dfac3357c
nvidia/DeepSeek-V3.2-NVFP4,DeepseekV32ForCausalLM,gb200,sglang,0.5.14,FAIL,"Strict-native op-level FPE probes: PERF_DATA_MISSING=340, SDK_UNREPRESENTABLE=460; raw probes=800; topologies=200; source_sha=26dae1f99b2b50fb17118f38d8a8e95dfac3357c. Representative failure: perf database error: context DSA module data missing for DsaKey { architecture: ""DeepseekV32ForCausalLM"", fmha_quant: ""bfloat16"", kv_quant: ""fp8"", gemm_quant: ""nvfp4"" }","python python/aisimulate/tools/support_matrix/generate_fpe_support_matrix.py --model ""nvidia/DeepSeek-V3.2-NVFP4"" --system ""gb200"" --backend ""sglang"" --backend-version ""0.5.14"" --forward-model op_level --max-workers 8",,800,200,"PERF_DATA_MISSING=340, SDK_UNREPRESENTABLE=460",,26dae1f99b2b50fb17118f38d8a8e95dfac3357c
nvidia/DeepSeek-V3.2-NVFP4,DeepseekV32ForCausalLM,gb200,sglang,0.5.16,FAIL,"Strict-native op-level FPE probes: PERF_DATA_MISSING=340, SDK_UNREPRESENTABLE=460; raw probes=800; topologies=200; source_sha=26dae1f99b2b50fb17118f38d8a8e95dfac3357c. Representative failure: perf database error: context DSA module data missing for DsaKey { architecture: ""DeepseekV32ForCausalLM"", fmha_quant: ""bfloat16"", kv_quant: ""fp8"", gemm_quant: ""nvfp4"" }","python python/aisimulate/tools/support_matrix/generate_fpe_support_matrix.py --model ""nvidia/DeepSeek-V3.2-NVFP4"" --system ""gb200"" --backend ""sglang"" --backend-version ""0.5.16"" --forward-model op_level --max-workers 8",,800,200,"PERF_DATA_MISSING=340, SDK_UNREPRESENTABLE=460",,26dae1f99b2b50fb17118f38d8a8e95dfac3357c
nvidia/DeepSeek-V3.2-NVFP4,DeepseekV32ForCausalLM,gb200,sglang,0.5.9,FAIL,"Strict-native op-level FPE probes: PERF_DATA_MISSING=340, SDK_UNREPRESENTABLE=460; raw probes=800; topologies=200; source_sha=26dae1f99b2b50fb17118f38d8a8e95dfac3357c. Representative failure: perf database error: perf database error: perf database error: no DSA module rows loaded from 1 source(s) (first: <repo>/python/aisimulate/src/aiconfigurator_core/systems/data/gb200/sglang/0.5.9/dsa_context_module_perf.parquet)","python python/aisimulate/tools/support_matrix/generate_fpe_support_matrix.py --model ""nvidia/DeepSeek-V3.2-NVFP4"" --system ""gb200"" --backend ""sglang"" --backend-version ""0.5.9"" --forward-model op_level --max-workers 8",,800,200,"PERF_DATA_MISSING=340, SDK_UNREPRESENTABLE=460",,26dae1f99b2b50fb17118f38d8a8e95dfac3357c
nvidia/DeepSeek-V3.2-NVFP4,DeepseekV32ForCausalLM,gb200,trtllm,1.3.0rc10,PASS,,"python python/aisimulate/tools/support_matrix/generate_fpe_support_matrix.py --model ""nvidia/DeepSeek-V3.2-NVFP4"" --system ""gb200"" --backend ""trtllm"" --backend-version ""1.3.0rc10"" --forward-model op_level --max-workers 8",silicon,292,73,"PASS=248, SDK_UNREPRESENTABLE=44","decode_end=5605.169892, decode_start=21.991692, mixed=255.895055, prefill=235.969631",26dae1f99b2b50fb17118f38d8a8e95dfac3357c
nvidia/DeepSeek-V3.2-NVFP4,DeepseekV32ForCausalLM,gb200,trtllm,1.3.0rc15,PASS,,"python python/aisimulate/tools/support_matrix/generate_fpe_support_matrix.py --model ""nvidia/DeepSeek-V3.2-NVFP4"" --system ""gb200"" --backend ""trtllm"" --backend-version ""1.3.0rc15"" --forward-model op_level --max-workers 8",silicon,292,73,"PASS=248, SDK_UNREPRESENTABLE=44","decode_end=5605.169892, decode_start=21.991692, mixed=255.895055, prefill=235.969631",26dae1f99b2b50fb17118f38d8a8e95dfac3357c
nvidia/DeepSeek-V3.2-NVFP4,DeepseekV32ForCausalLM,gb200,trtllm,1.3.0rc17,PASS,,"python python/aisimulate/tools/support_matrix/generate_fpe_support_matrix.py --model ""nvidia/DeepSeek-V3.2-NVFP4"" --system ""gb200"" --backend ""trtllm"" --backend-version ""1.3.0rc17"" --forward-model op_level --max-workers 8",silicon,292,73,"PASS=248, SDK_UNREPRESENTABLE=44","decode_end=5386.155073, decode_start=21.069011, mixed=255.038785, prefill=235.933102",26dae1f99b2b50fb17118f38d8a8e95dfac3357c
nvidia/DeepSeek-V3.2-NVFP4,DeepseekV32ForCausalLM,gb200,trtllm,1.3.0rc20,PASS,,"python python/aisimulate/tools/support_matrix/generate_fpe_support_matrix.py --model ""nvidia/DeepSeek-V3.2-NVFP4"" --system ""gb200"" --backend ""trtllm"" --backend-version ""1.3.0rc20"" --forward-model op_level --max-workers 8",silicon,292,73,"PASS=248, SDK_UNREPRESENTABLE=44","decode_end=5429.459989, decode_start=21.284025, mixed=253.923017, prefill=236.456203",26dae1f99b2b50fb17118f38d8a8e95dfac3357c
nvidia/DeepSeek-V3.2-NVFP4,DeepseekV32ForCausalLM,gb200,trtllm,1.3.0rc23,PASS,,"python python/aisimulate/tools/support_matrix/generate_fpe_support_matrix.py --model ""nvidia/DeepSeek-V3.2-NVFP4"" --system ""gb200"" --backend ""trtllm"" --backend-version ""1.3.0rc23"" --forward-model op_level --max-workers 8",silicon,292,73,"PASS=248, SDK_UNREPRESENTABLE=44","decode_end=5429.459989, decode_start=21.284025, mixed=253.923017, prefill=236.456203",26dae1f99b2b50fb17118f38d8a8e95dfac3357c
nvidia/DeepSeek-V3.2-NVFP4,DeepseekV32ForCausalLM,gb200,vllm,0.1.dev19262,FAIL,Strict-native op-level FPE probes: PERF_DATA_MISSING=192; raw probes=192; topologies=48; source_sha=26dae1f99b2b50fb17118f38d8a8e95dfac3357c. Representative failure: perf database error: perf database error: no GEMM rows loaded from 1 source(s) (first: <repo>/python/aisimulate/src/aiconfigurator_core/systems/data/gb200/vllm/0.1.dev19262/gemm_perf.parquet),"python python/aisimulate/tools/support_matrix/generate_fpe_support_matrix.py --model ""nvidia/DeepSeek-V3.2-NVFP4"" --system ""gb200"" --backend ""vllm"" --backend-version ""0.1.dev19262"" --forward-model op_level --max-workers 8",,192,48,PERF_DATA_MISSING=192,,26dae1f99b2b50fb17118f38d8a8e95dfac3357c
nvidia/DeepSeek-V3.2-NVFP4,DeepseekV32ForCausalLM,gb200,vllm,0.14.0,PASS,,"python python/aisimulate/tools/support_matrix/generate_fpe_support_matrix.py --model ""nvidia/DeepSeek-V3.2-NVFP4"" --system ""gb200"" --backend ""vllm"" --backend-version ""0.14.0"" --forward-model op_level --max-workers 8",silicon,192,48,PASS=192,"decode_end=6079.261961, decode_start=23.832268, mixed=67.070744, prefill=58.913469",26dae1f99b2b50fb17118f38d8a8e95dfac3357c
nvidia/DeepSeek-V3.2-NVFP4,DeepseekV32ForCausalLM,gb200,vllm,0.19.0,PASS,,"python python/aisimulate/tools/support_matrix/generate_fpe_support_matrix.py --model ""nvidia/DeepSeek-V3.2-NVFP4"" --system ""gb200"" --backend ""vllm"" --backend-version ""0.19.0"" --forward-model op_level --max-workers 8",silicon,192,48,PASS=192,"decode_end=7564.300186, decode_start=29.714430, mixed=375.010643, prefill=360.099171",26dae1f99b2b50fb17118f38d8a8e95dfac3357c
nvidia/DeepSeek-V3.2-NVFP4,DeepseekV32ForCausalLM,gb200,vllm,0.22.0,PASS,,"python python/aisimulate/tools/support_matrix/generate_fpe_support_matrix.py --model ""nvidia/DeepSeek-V3.2-NVFP4"" --system ""gb200"" --backend ""vllm"" --backend-version ""0.22.0"" --forward-model op_level --max-workers 8",silicon,192,48,PASS=192,"decode_end=6656.566328, decode_start=26.154689, mixed=250.290449, prefill=235.833606",26dae1f99b2b50fb17118f38d8a8e95dfac3357c
nvidia/DeepSeek-V3.2-NVFP4,DeepseekV32ForCausalLM,gb200,vllm,0.24.0,PASS,,"python python/aisimulate/tools/support_matrix/generate_fpe_support_matrix.py --model ""nvidia/DeepSeek-V3.2-NVFP4"" --system ""gb200"" --backend ""vllm"" --backend-version ""0.24.0"" --forward-model op_level --max-workers 8",silicon,192,48,PASS=192,"decode_end=6333.151628, decode_start=25.085767, mixed=249.053429, prefill=235.799119",26dae1f99b2b50fb17118f38d8a8e95dfac3357c
nvidia/DeepSeek-V4-Flash-NVFP4,DeepseekV4ForCausalLM,gb200,sglang,0.5.10,FAIL,"Strict-native op-level FPE probes: PERF_DATA_MISSING=340, SDK_UNREPRESENTABLE=460; raw probes=800; topologies=200; source_sha=26dae1f99b2b50fb17118f38d8a8e95dfac3357c. Representative failure: perf database error: MoE data missing for MoeKey { quant: ""nvfp4"", distribution: ""power_law_1.01"", topk: 6, num_experts: 256, hidden_size: 4096, inter_size: 2048, moe_tp_size: 1, moe_ep_size: 1 } at <repo>/python/aisimulate/src/aiconfigurator_core/systems/data/gb200/sglang/0.5.10","python python/aisimulate/tools/support_matrix/generate_fpe_support_matrix.py --model ""nvidia/DeepSeek-V4-Flash-NVFP4"" --system ""gb200"" --backend ""sglang"" --backend-version ""0.5.10"" --forward-model op_level --max-workers 8",,800,200,"PERF_DATA_MISSING=340, SDK_UNREPRESENTABLE=460",,26dae1f99b2b50fb17118f38d8a8e95dfac3357c
nvidia/DeepSeek-V4-Flash-NVFP4,DeepseekV4ForCausalLM,gb200,sglang,0.5.12,FAIL,"Strict-native op-level FPE probes: PERF_DATA_MISSING=340, SDK_UNREPRESENTABLE=460; raw probes=800; topologies=200; source_sha=26dae1f99b2b50fb17118f38d8a8e95dfac3357c. Representative failure: perf database error: MoE data missing for MoeKey { quant: ""nvfp4"", distribution: ""power_law_1.01"", topk: 6, num_experts: 256, hidden_size: 4096, inter_size: 2048, moe_tp_size: 1, moe_ep_size: 1 } at <repo>/python/aisimulate/src/aiconfigurator_core/systems/data/gb200/sglang/0.5.12","python python/aisimulate/tools/support_matrix/generate_fpe_support_matrix.py --model ""nvidia/DeepSeek-V4-Flash-NVFP4"" --system ""gb200"" --backend ""sglang"" --backend-version ""0.5.12"" --forward-model op_level --max-workers 8",,800,200,"PERF_DATA_MISSING=340, SDK_UNREPRESENTABLE=460",,26dae1f99b2b50fb17118f38d8a8e95dfac3357c
nvidia/DeepSeek-V4-Flash-NVFP4,DeepseekV4ForCausalLM,gb200,sglang,0.5.14,FAIL,"Strict-native op-level FPE probes: PERF_DATA_MISSING=340, SDK_UNREPRESENTABLE=460; raw probes=800; topologies=200; source_sha=26dae1f99b2b50fb17118f38d8a8e95dfac3357c. Representative failure: perf database error: MoE data missing for MoeKey { quant: ""nvfp4"", distribution: ""power_law_1.01"", topk: 6, num_experts: 256, hidden_size: 4096, inter_size: 2048, moe_tp_size: 1, moe_ep_size: 1 } at <repo>/python/aisimulate/src/aiconfigurator_core/systems/data/gb200/sglang/0.5.14","python python/aisimulate/tools/support_matrix/generate_fpe_support_matrix.py --model ""nvidia/DeepSeek-V4-Flash-NVFP4"" --system ""gb200"" --backend ""sglang"" --backend-version ""0.5.14"" --forward-model op_level --max-workers 8",,800,200,"PERF_DATA_MISSING=340, SDK_UNREPRESENTABLE=460",,26dae1f99b2b50fb17118f38d8a8e95dfac3357c
nvidia/DeepSeek-V4-Flash-NVFP4,DeepseekV4ForCausalLM,gb200,sglang,0.5.16,FAIL,"Strict-native op-level FPE probes: PERF_DATA_MISSING=340, SDK_UNREPRESENTABLE=460; raw probes=800; topologies=200; source_sha=26dae1f99b2b50fb17118f38d8a8e95dfac3357c. Representative failure: perf database error: MoE data missing for MoeKey { quant: ""nvfp4"", distribution: ""power_law_1.01"", topk: 6, num_experts: 256, hidden_size: 4096, inter_size: 2048, moe_tp_size: 1, moe_ep_size: 1 } at <repo>/python/aisimulate/src/aiconfigurator_core/systems/data/gb200/sglang/0.5.16","python python/aisimulate/tools/support_matrix/generate_fpe_support_matrix.py --model ""nvidia/DeepSeek-V4-Flash-NVFP4"" --system ""gb200"" --backend ""sglang"" --backend-version ""0.5.16"" --forward-model op_level --max-workers 8",,800,200,"PERF_DATA_MISSING=340, SDK_UNREPRESENTABLE=460",,26dae1f99b2b50fb17118f38d8a8e95dfac3357c
nvidia/DeepSeek-V4-Flash-NVFP4,DeepseekV4ForCausalLM,gb200,sglang,0.5.9,FAIL,"Strict-native op-level FPE probes: PERF_DATA_MISSING=340, SDK_UNREPRESENTABLE=460; raw probes=800; topologies=200; source_sha=26dae1f99b2b50fb17118f38d8a8e95dfac3357c. Representative failure: perf database error: perf database error: no MHC module rows loaded from 1 source(s) (first: <repo>/python/aisimulate/src/aiconfigurator_core/systems/data/gb200/sglang/0.5.9/mhc_module_perf.parquet)","python python/aisimulate/tools/support_matrix/generate_fpe_support_matrix.py --model ""nvidia/DeepSeek-V4-Flash-NVFP4"" --system ""gb200"" --backend ""sglang"" --backend-version ""0.5.9"" --forward-model op_level --max-workers 8",,800,200,"PERF_DATA_MISSING=340, SDK_UNREPRESENTABLE=460",,26dae1f99b2b50fb17118f38d8a8e95dfac3357c
nvidia/DeepSeek-V4-Flash-NVFP4,DeepseekV4ForCausalLM,gb200,trtllm,1.3.0rc10,FAIL,Strict-native op-level FPE probes: PERF_DATA_MISSING=192; raw probes=192; topologies=48; source_sha=26dae1f99b2b50fb17118f38d8a8e95dfac3357c. Representative failure: perf database error: perf database error: no MHC module rows loaded from 1 source(s) (first: <repo>/python/aisimulate/src/aiconfigurator_core/systems/data/gb200/trtllm/1.3.0rc10/mhc_module_perf.parquet),"python python/aisimulate/tools/support_matrix/generate_fpe_support_matrix.py --model ""nvidia/DeepSeek-V4-Flash-NVFP4"" --system ""gb200"" --backend ""trtllm"" --backend-version ""1.3.0rc10"" --forward-model op_level --max-workers 8",,192,48,PERF_DATA_MISSING=192,,26dae1f99b2b50fb17118f38d8a8e95dfac3357c
nvidia/DeepSeek-V4-Flash-NVFP4,DeepseekV4ForCausalLM,gb200,trtllm,1.3.0rc15,FAIL,Strict-native op-level FPE probes: PERF_DATA_MISSING=192; raw probes=192; topologies=48; source_sha=26dae1f99b2b50fb17118f38d8a8e95dfac3357c. Representative failure: perf database error: perf database error: no MHC module rows loaded from 1 source(s) (first: <repo>/python/aisimulate/src/aiconfigurator_core/systems/data/gb200/trtllm/1.3.0rc15/mhc_module_perf.parquet),"python python/aisimulate/tools/support_matrix/generate_fpe_support_matrix.py --model ""nvidia/DeepSeek-V4-Flash-NVFP4"" --system ""gb200"" --backend ""trtllm"" --backend-version ""1.3.0rc15"" --forward-model op_level --max-workers 8",,192,48,PERF_DATA_MISSING=192,,26dae1f99b2b50fb17118f38d8a8e95dfac3357c
nvidia/DeepSeek-V4-Flash-NVFP4,DeepseekV4ForCausalLM,gb200,trtllm,1.3.0rc17,FAIL,Strict-native op-level FPE probes: PERF_DATA_MISSING=192; raw probes=192; topologies=48; source_sha=26dae1f99b2b50fb17118f38d8a8e95dfac3357c. Representative failure: perf database error: perf database error: no MHC module rows loaded from 1 source(s) (first: <repo>/python/aisimulate/src/aiconfigurator_core/systems/data/gb200/trtllm/1.3.0rc17/mhc_module_perf.parquet),"python python/aisimulate/tools/support_matrix/generate_fpe_support_matrix.py --model ""nvidia/DeepSeek-V4-Flash-NVFP4"" --system ""gb200"" --backend ""trtllm"" --backend-version ""1.3.0rc17"" --forward-model op_level --max-workers 8",,192,48,PERF_DATA_MISSING=192,,26dae1f99b2b50fb17118f38d8a8e95dfac3357c
nvidia/DeepSeek-V4-Flash-NVFP4,DeepseekV4ForCausalLM,gb200,trtllm,1.3.0rc20,FAIL,"Strict-native op-level FPE probes: PERF_DATA_MISSING=192; raw probes=192; topologies=48; source_sha=26dae1f99b2b50fb17118f38d8a8e95dfac3357c. Representative failure: perf database error: MoE data missing for MoeKey { quant: ""nvfp4"", distribution: ""power_law_1.01"", topk: 6, num_experts: 256, hidden_size: 4096, inter_size: 2048, moe_tp_size: 1, moe_ep_size: 1 } at <repo>/python/aisimulate/src/aiconfigurator_core/systems/data/gb200/trtllm/1.3.0rc20","python python/aisimulate/tools/support_matrix/generate_fpe_support_matrix.py --model ""nvidia/DeepSeek-V4-Flash-NVFP4"" --system ""gb200"" --backend ""trtllm"" --backend-version ""1.3.0rc20"" --forward-model op_level --max-workers 8",,192,48,PERF_DATA_MISSING=192,,26dae1f99b2b50fb17118f38d8a8e95dfac3357c
nvidia/DeepSeek-V4-Flash-NVFP4,DeepseekV4ForCausalLM,gb200,trtllm,1.3.0rc23,FAIL,"Strict-native op-level FPE probes: PERF_DATA_MISSING=192; raw probes=192; topologies=48; source_sha=26dae1f99b2b50fb17118f38d8a8e95dfac3357c. Representative failure: perf database error: MoE data missing for MoeKey { quant: ""nvfp4"", distribution: ""power_law_1.01"", topk: 6, num_experts: 256, hidden_size: 4096, inter_size: 2048, moe_tp_size: 1, moe_ep_size: 1 } at <repo>/python/aisimulate/src/aiconfigurator_core/systems/data/gb200/trtllm/1.3.0rc23","python python/aisimulate/tools/support_matrix/generate_fpe_support_matrix.py --model ""nvidia/DeepSeek-V4-Flash-NVFP4"" --system ""gb200"" --backend ""trtllm"" --backend-version ""1.3.0rc23"" --forward-model op_level --max-workers 8",,192,48,PERF_DATA_MISSING=192,,26dae1f99b2b50fb17118f38d8a8e95dfac3357c
nvidia/DeepSeek-V4-Flash-NVFP4,DeepseekV4ForCausalLM,gb200,vllm,0.1.dev19262,FAIL,Strict-native op-level FPE probes: PERF_DATA_MISSING=192; raw probes=192; topologies=48; source_sha=26dae1f99b2b50fb17118f38d8a8e95dfac3357c. Representative failure: perf database error: perf database error: no MHC module rows loaded from 1 source(s) (first: <repo>/python/aisimulate/src/aiconfigurator_core/systems/data/gb200/vllm/0.1.dev19262/mhc_module_perf.parquet),"python python/aisimulate/tools/support_matrix/generate_fpe_support_matrix.py --model ""nvidia/DeepSeek-V4-Flash-NVFP4"" --system ""gb200"" --backend ""vllm"" --backend-version ""0.1.dev19262"" --forward-model op_level --max-workers 8",,192,48,PERF_DATA_MISSING=192,,26dae1f99b2b50fb17118f38d8a8e95dfac3357c
nvidia/DeepSeek-V4-Flash-NVFP4,DeepseekV4ForCausalLM,gb200,vllm,0.14.0,FAIL,Strict-native op-level FPE probes: PERF_DATA_MISSING=192; raw probes=192; topologies=48; source_sha=26dae1f99b2b50fb17118f38d8a8e95dfac3357c. Representative failure: perf database error: perf database error: no MHC module rows loaded from 1 source(s) (first: <repo>/python/aisimulate/src/aiconfigurator_core/systems/data/gb200/vllm/0.14.0/mhc_module_perf.parquet),"python python/aisimulate/tools/support_matrix/generate_fpe_support_matrix.py --model ""nvidia/DeepSeek-V4-Flash-NVFP4"" --system ""gb200"" --backend ""vllm"" --backend-version ""0.14.0"" --forward-model op_level --max-workers 8",,192,48,PERF_DATA_MISSING=192,,26dae1f99b2b50fb17118f38d8a8e95dfac3357c
nvidia/DeepSeek-V4-Flash-NVFP4,DeepseekV4ForCausalLM,gb200,vllm,0.19.0,FAIL,Strict-native op-level FPE probes: PERF_DATA_MISSING=192; raw probes=192; topologies=48; source_sha=26dae1f99b2b50fb17118f38d8a8e95dfac3357c. Representative failure: perf database error: perf database error: no MHC module rows loaded from 1 source(s) (first: <repo>/python/aisimulate/src/aiconfigurator_core/systems/data/gb200/vllm/0.19.0/mhc_module_perf.parquet),"python python/aisimulate/tools/support_matrix/generate_fpe_support_matrix.py --model ""nvidia/DeepSeek-V4-Flash-NVFP4"" --system ""gb200"" --backend ""vllm"" --backend-version ""0.19.0"" --forward-model op_level --max-workers 8",,192,48,PERF_DATA_MISSING=192,,26dae1f99b2b50fb17118f38d8a8e95dfac3357c
nvidia/DeepSeek-V4-Flash-NVFP4,DeepseekV4ForCausalLM,gb200,vllm,0.22.0,FAIL,"Strict-native op-level FPE probes: PERF_DATA_MISSING=192; raw probes=192; topologies=48; source_sha=26dae1f99b2b50fb17118f38d8a8e95dfac3357c. Representative failure: perf database error: MoE data missing for MoeKey { quant: ""nvfp4"", distribution: ""power_law_1.01"", topk: 6, num_experts: 256, hidden_size: 4096, inter_size: 2048, moe_tp_size: 1, moe_ep_size: 1 } at <repo>/python/aisimulate/src/aiconfigurator_core/systems/data/gb200/vllm/0.22.0","python python/aisimulate/tools/support_matrix/generate_fpe_support_matrix.py --model ""nvidia/DeepSeek-V4-Flash-NVFP4"" --system ""gb200"" --backend ""vllm"" --backend-version ""0.22.0"" --forward-model op_level --max-workers 8",,192,48,PERF_DATA_MISSING=192,,26dae1f99b2b50fb17118f38d8a8e95dfac3357c
nvidia/DeepSeek-V4-Flash-NVFP4,DeepseekV4ForCausalLM,gb200,vllm,0.24.0,FAIL,"Strict-native op-level FPE probes: PERF_DATA_MISSING=192; raw probes=192; topologies=48; source_sha=26dae1f99b2b50fb17118f38d8a8e95dfac3357c. Representative failure: perf database error: MoE data missing for MoeKey { quant: ""nvfp4"", distribution: ""power_law_1.01"", topk: 6, num_experts: 256, hidden_size: 4096, inter_size: 2048, moe_tp_size: 1, moe_ep_size: 1 } at <repo>/python/aisimulate/src/aiconfigurator_core/systems/data/gb200/vllm/0.24.0","python python/aisimulate/tools/support_matrix/generate_fpe_support_matrix.py --model ""nvidia/DeepSeek-V4-Flash-NVFP4"" --system ""gb200"" --backend ""vllm"" --backend-version ""0.24.0"" --forward-model op_level --max-workers 8",,192,48,PERF_DATA_MISSING=192,,26dae1f99b2b50fb17118f38d8a8e95dfac3357c
nvidia/DeepSeek-V4-Pro-NVFP4,DeepseekV4ForCausalLM,gb200,sglang,0.5.10,FAIL,"Strict-native op-level FPE probes: PERF_DATA_MISSING=340, SDK_UNREPRESENTABLE=460; raw probes=800; topologies=200; source_sha=26dae1f99b2b50fb17118f38d8a8e95dfac3357c. Representative failure: perf database error: MHC module data missing for MhcKey { op_name: ""pre"", hc_mult: 4, hidden_size: 7168 } at <repo>/python/aisimulate/src/aiconfigurator_core/systems/data/gb200/sglang/0.5.10","python python/aisimulate/tools/support_matrix/generate_fpe_support_matrix.py --model ""nvidia/DeepSeek-V4-Pro-NVFP4"" --system ""gb200"" --backend ""sglang"" --backend-version ""0.5.10"" --forward-model op_level --max-workers 8",,800,200,"PERF_DATA_MISSING=340, SDK_UNREPRESENTABLE=460",,26dae1f99b2b50fb17118f38d8a8e95dfac3357c
nvidia/DeepSeek-V4-Pro-NVFP4,DeepseekV4ForCausalLM,gb200,sglang,0.5.12,FAIL,"Strict-native op-level FPE probes: PERF_DATA_MISSING=340, SDK_UNREPRESENTABLE=460; raw probes=800; topologies=200; source_sha=26dae1f99b2b50fb17118f38d8a8e95dfac3357c. Representative failure: perf database error: MoE data missing for MoeKey { quant: ""nvfp4"", distribution: ""power_law_1.01"", topk: 6, num_experts: 384, hidden_size: 7168, inter_size: 3072, moe_tp_size: 1, moe_ep_size: 1 } at <repo>/python/aisimulate/src/aiconfigurator_core/systems/data/gb200/sglang/0.5.12","python python/aisimulate/tools/support_matrix/generate_fpe_support_matrix.py --model ""nvidia/DeepSeek-V4-Pro-NVFP4"" --system ""gb200"" --backend ""sglang"" --backend-version ""0.5.12"" --forward-model op_level --max-workers 8",,800,200,"PERF_DATA_MISSING=340, SDK_UNREPRESENTABLE=460",,26dae1f99b2b50fb17118f38d8a8e95dfac3357c
nvidia/DeepSeek-V4-Pro-NVFP4,DeepseekV4ForCausalLM,gb200,sglang,0.5.14,FAIL,"Strict-native op-level FPE probes: PERF_DATA_MISSING=340, SDK_UNREPRESENTABLE=460; raw probes=800; topologies=200; source_sha=26dae1f99b2b50fb17118f38d8a8e95dfac3357c. Representative failure: perf database error: MoE data missing for MoeKey { quant: ""nvfp4"", distribution: ""power_law_1.01"", topk: 6, num_experts: 384, hidden_size: 7168, inter_size: 3072, moe_tp_size: 1, moe_ep_size: 1 } at <repo>/python/aisimulate/src/aiconfigurator_core/systems/data/gb200/sglang/0.5.14","python python/aisimulate/tools/support_matrix/generate_fpe_support_matrix.py --model ""nvidia/DeepSeek-V4-Pro-NVFP4"" --system ""gb200"" --backend ""sglang"" --backend-version ""0.5.14"" --forward-model op_level --max-workers 8",,800,200,"PERF_DATA_MISSING=340, SDK_UNREPRESENTABLE=460",,26dae1f99b2b50fb17118f38d8a8e95dfac3357c
nvidia/DeepSeek-V4-Pro-NVFP4,DeepseekV4ForCausalLM,gb200,sglang,0.5.16,FAIL,"Strict-native op-level FPE probes: PERF_DATA_MISSING=340, SDK_UNREPRESENTABLE=460; raw probes=800; topologies=200; source_sha=26dae1f99b2b50fb17118f38d8a8e95dfac3357c. Representative failure: perf database error: MoE data missing for MoeKey { quant: ""nvfp4"", distribution: ""power_law_1.01"", topk: 6, num_experts: 384, hidden_size: 7168, inter_size: 3072, moe_tp_size: 1, moe_ep_size: 1 } at <repo>/python/aisimulate/src/aiconfigurator_core/systems/data/gb200/sglang/0.5.16","python python/aisimulate/tools/support_matrix/generate_fpe_support_matrix.py --model ""nvidia/DeepSeek-V4-Pro-NVFP4"" --system ""gb200"" --backend ""sglang"" --backend-version ""0.5.16"" --forward-model op_level --max-workers 8",,800,200,"PERF_DATA_MISSING=340, SDK_UNREPRESENTABLE=460",,26dae1f99b2b50fb17118f38d8a8e95dfac3357c
nvidia/DeepSeek-V4-Pro-NVFP4,DeepseekV4ForCausalLM,gb200,sglang,0.5.9,FAIL,"Strict-native op-level FPE probes: PERF_DATA_MISSING=340, SDK_UNREPRESENTABLE=460; raw probes=800; topologies=200; source_sha=26dae1f99b2b50fb17118f38d8a8e95dfac3357c. Representative failure: perf database error: perf database error: no MHC module rows loaded from 1 source(s) (first: <repo>/python/aisimulate/src/aiconfigurator_core/systems/data/gb200/sglang/0.5.9/mhc_module_perf.parquet)","python python/aisimulate/tools/support_matrix/generate_fpe_support_matrix.py --model ""nvidia/DeepSeek-V4-Pro-NVFP4"" --system ""gb200"" --backend ""sglang"" --backend-version ""0.5.9"" --forward-model op_level --max-workers 8",,800,200,"PERF_DATA_MISSING=340, SDK_UNREPRESENTABLE=460",,26dae1f99b2b50fb17118f38d8a8e95dfac3357c
nvidia/DeepSeek-V4-Pro-NVFP4,DeepseekV4ForCausalLM,gb200,trtllm,1.3.0rc10,FAIL,Strict-native op-level FPE probes: PERF_DATA_MISSING=192; raw probes=192; topologies=48; source_sha=26dae1f99b2b50fb17118f38d8a8e95dfac3357c. Representative failure: perf database error: perf database error: no MHC module rows loaded from 1 source(s) (first: <repo>/python/aisimulate/src/aiconfigurator_core/systems/data/gb200/trtllm/1.3.0rc10/mhc_module_perf.parquet),"python python/aisimulate/tools/support_matrix/generate_fpe_support_matrix.py --model ""nvidia/DeepSeek-V4-Pro-NVFP4"" --system ""gb200"" --backend ""trtllm"" --backend-version ""1.3.0rc10"" --forward-model op_level --max-workers 8",,192,48,PERF_DATA_MISSING=192,,26dae1f99b2b50fb17118f38d8a8e95dfac3357c
nvidia/DeepSeek-V4-Pro-NVFP4,DeepseekV4ForCausalLM,gb200,trtllm,1.3.0rc15,FAIL,Strict-native op-level FPE probes: PERF_DATA_MISSING=192; raw probes=192; topologies=48; source_sha=26dae1f99b2b50fb17118f38d8a8e95dfac3357c. Representative failure: perf database error: perf database error: no MHC module rows loaded from 1 source(s) (first: <repo>/python/aisimulate/src/aiconfigurator_core/systems/data/gb200/trtllm/1.3.0rc15/mhc_module_perf.parquet),"python python/aisimulate/tools/support_matrix/generate_fpe_support_matrix.py --model ""nvidia/DeepSeek-V4-Pro-NVFP4"" --system ""gb200"" --backend ""trtllm"" --backend-version ""1.3.0rc15"" --forward-model op_level --max-workers 8",,192,48,PERF_DATA_MISSING=192,,26dae1f99b2b50fb17118f38d8a8e95dfac3357c
nvidia/DeepSeek-V4-Pro-NVFP4,DeepseekV4ForCausalLM,gb200,trtllm,1.3.0rc17,FAIL,Strict-native op-level FPE probes: PERF_DATA_MISSING=192; raw probes=192; topologies=48; source_sha=26dae1f99b2b50fb17118f38d8a8e95dfac3357c. Representative failure: perf database error: perf database error: no MHC module rows loaded from 1 source(s) (first: <repo>/python/aisimulate/src/aiconfigurator_core/systems/data/gb200/trtllm/1.3.0rc17/mhc_module_perf.parquet),"python python/aisimulate/tools/support_matrix/generate_fpe_support_matrix.py --model ""nvidia/DeepSeek-V4-Pro-NVFP4"" --system ""gb200"" --backend ""trtllm"" --backend-version ""1.3.0rc17"" --forward-model op_level --max-workers 8",,192,48,PERF_DATA_MISSING=192,,26dae1f99b2b50fb17118f38d8a8e95dfac3357c
nvidia/DeepSeek-V4-Pro-NVFP4,DeepseekV4ForCausalLM,gb200,trtllm,1.3.0rc20,FAIL,"Strict-native op-level FPE probes: PERF_DATA_MISSING=192; raw probes=192; topologies=48; source_sha=26dae1f99b2b50fb17118f38d8a8e95dfac3357c. Representative failure: perf database error: MoE data missing for MoeKey { quant: ""nvfp4"", distribution: ""power_law_1.01"", topk: 6, num_experts: 384, hidden_size: 7168, inter_size: 3072, moe_tp_size: 1, moe_ep_size: 1 } at <repo>/python/aisimulate/src/aiconfigurator_core/systems/data/gb200/trtllm/1.3.0rc20","python python/aisimulate/tools/support_matrix/generate_fpe_support_matrix.py --model ""nvidia/DeepSeek-V4-Pro-NVFP4"" --system ""gb200"" --backend ""trtllm"" --backend-version ""1.3.0rc20"" --forward-model op_level --max-workers 8",,192,48,PERF_DATA_MISSING=192,,26dae1f99b2b50fb17118f38d8a8e95dfac3357c
nvidia/DeepSeek-V4-Pro-NVFP4,DeepseekV4ForCausalLM,gb200,trtllm,1.3.0rc23,FAIL,"Strict-native op-level FPE probes: PERF_DATA_MISSING=192; raw probes=192; topologies=48; source_sha=26dae1f99b2b50fb17118f38d8a8e95dfac3357c. Representative failure: perf database error: MoE data missing for MoeKey { quant: ""nvfp4"", distribution: ""power_law_1.01"", topk: 6, num_experts: 384, hidden_size: 7168, inter_size: 3072, moe_tp_size: 1, moe_ep_size: 1 } at <repo>/python/aisimulate/src/aiconfigurator_core/systems/data/gb200/trtllm/1.3.0rc23","python python/aisimulate/tools/support_matrix/generate_fpe_support_matrix.py --model ""nvidia/DeepSeek-V4-Pro-NVFP4"" --system ""gb200"" --backend ""trtllm"" --backend-version ""1.3.0rc23"" --forward-model op_level --max-workers 8",,192,48,PERF_DATA_MISSING=192,,26dae1f99b2b50fb17118f38d8a8e95dfac3357c
nvidia/DeepSeek-V4-Pro-NVFP4,DeepseekV4ForCausalLM,gb200,vllm,0.1.dev19262,FAIL,Strict-native op-level FPE probes: PERF_DATA_MISSING=192; raw probes=192; topologies=48; source_sha=26dae1f99b2b50fb17118f38d8a8e95dfac3357c. Representative failure: perf database error: perf database error: no MHC module rows loaded from 1 source(s) (first: <repo>/python/aisimulate/src/aiconfigurator_core/systems/data/gb200/vllm/0.1.dev19262/mhc_module_perf.parquet),"python python/aisimulate/tools/support_matrix/generate_fpe_support_matrix.py --model ""nvidia/DeepSeek-V4-Pro-NVFP4"" --system ""gb200"" --backend ""vllm"" --backend-version ""0.1.dev19262"" --forward-model op_level --max-workers 8",,192,48,PERF_DATA_MISSING=192,,26dae1f99b2b50fb17118f38d8a8e95dfac3357c
nvidia/DeepSeek-V4-Pro-NVFP4,DeepseekV4ForCausalLM,gb200,vllm,0.14.0,FAIL,Strict-native op-level FPE probes: PERF_DATA_MISSING=192; raw probes=192; topologies=48; source_sha=26dae1f99b2b50fb17118f38d8a8e95dfac3357c. Representative failure: perf database error: perf database error: no MHC module rows loaded from 1 source(s) (first: <repo>/python/aisimulate/src/aiconfigurator_core/systems/data/gb200/vllm/0.14.0/mhc_module_perf.parquet),"python python/aisimulate/tools/support_matrix/generate_fpe_support_matrix.py --model ""nvidia/DeepSeek-V4-Pro-NVFP4"" --system ""gb200"" --backend ""vllm"" --backend-version ""0.14.0"" --forward-model op_level --max-workers 8",,192,48,PERF_DATA_MISSING=192,,26dae1f99b2b50fb17118f38d8a8e95dfac3357c
nvidia/DeepSeek-V4-Pro-NVFP4,DeepseekV4ForCausalLM,gb200,vllm,0.19.0,FAIL,Strict-native op-level FPE probes: PERF_DATA_MISSING=192; raw probes=192; topologies=48; source_sha=26dae1f99b2b50fb17118f38d8a8e95dfac3357c. Representative failure: perf database error: perf database error: no MHC module rows loaded from 1 source(s) (first: <repo>/python/aisimulate/src/aiconfigurator_core/systems/data/gb200/vllm/0.19.0/mhc_module_perf.parquet),"python python/aisimulate/tools/support_matrix/generate_fpe_support_matrix.py --model ""nvidia/DeepSeek-V4-Pro-NVFP4"" --system ""gb200"" --backend ""vllm"" --backend-version ""0.19.0"" --forward-model op_level --max-workers 8",,192,48,PERF_DATA_MISSING=192,,26dae1f99b2b50fb17118f38d8a8e95dfac3357c
nvidia/DeepSeek-V4-Pro-NVFP4,DeepseekV4ForCausalLM,gb200,vllm,0.22.0,FAIL,"Strict-native op-level FPE probes: PERF_DATA_MISSING=192; raw probes=192; topologies=48; source_sha=26dae1f99b2b50fb17118f38d8a8e95dfac3357c. Representative failure: perf database error: MoE data missing for MoeKey { quant: ""nvfp4"", distribution: ""power_law_1.01"", topk: 6, num_experts: 384, hidden_size: 7168, inter_size: 3072, moe_tp_size: 1, moe_ep_size: 1 } at <repo>/python/aisimulate/src/aiconfigurator_core/systems/data/gb200/vllm/0.22.0","python python/aisimulate/tools/support_matrix/generate_fpe_support_matrix.py --model ""nvidia/DeepSeek-V4-Pro-NVFP4"" --system ""gb200"" --backend ""vllm"" --backend-version ""0.22.0"" --forward-model op_level --max-workers 8",,192,48,PERF_DATA_MISSING=192,,26dae1f99b2b50fb17118f38d8a8e95dfac3357c
nvidia/DeepSeek-V4-Pro-NVFP4,DeepseekV4ForCausalLM,gb200,vllm,0.24.0,FAIL,"Strict-native op-level FPE probes: PERF_DATA_MISSING=192; raw probes=192; topologies=48; source_sha=26dae1f99b2b50fb17118f38d8a8e95dfac3357c. Representative failure: perf database error: MoE data missing for MoeKey { quant: ""nvfp4"", distribution: ""power_law_1.01"", topk: 6, num_experts: 384, hidden_size: 7168, inter_size: 3072, moe_tp_size: 1, moe_ep_size: 1 } at <repo>/python/aisimulate/src/aiconfigurator_core/systems/data/gb200/vllm/0.24.0","python python/aisimulate/tools/support_matrix/generate_fpe_support_matrix.py --model ""nvidia/DeepSeek-V4-Pro-NVFP4"" --system ""gb200"" --backend ""vllm"" --backend-version ""0.24.0"" --forward-model op_level --max-workers 8",,192,48,PERF_DATA_MISSING=192,,26dae1f99b2b50fb17118f38d8a8e95dfac3357c
nvidia/GLM-5.2-NVFP4,GlmMoeDsaForCausalLM,gb200,sglang,0.5.10,FAIL,"Strict-native op-level FPE probes: PASS=170, PERF_DATA_MISSING=170, SDK_UNREPRESENTABLE=460; raw probes=800; topologies=200; source_sha=26dae1f99b2b50fb17118f38d8a8e95dfac3357c. Representative failure: perf database error: context DSA module data missing for DsaKey { architecture: ""GlmMoeDsaForCausalLM"", fmha_quant: ""fp8"", kv_quant: ""fp8"", gemm_quant: ""bfloat16"" }","python python/aisimulate/tools/support_matrix/generate_fpe_support_matrix.py --model ""nvidia/GLM-5.2-NVFP4"" --system ""gb200"" --backend ""sglang"" --backend-version ""0.5.10"" --forward-model op_level --max-workers 8",,800,200,"PASS=170, PERF_DATA_MISSING=170, SDK_UNREPRESENTABLE=460",,26dae1f99b2b50fb17118f38d8a8e95dfac3357c
nvidia/GLM-5.2-NVFP4,GlmMoeDsaForCausalLM,gb200,sglang,0.5.12,PASS,,"python python/aisimulate/tools/support_matrix/generate_fpe_support_matrix.py --model ""nvidia/GLM-5.2-NVFP4"" --system ""gb200"" --backend ""sglang"" --backend-version ""0.5.12"" --forward-model op_level --max-workers 8",silicon,800,200,"PASS=340, SDK_UNREPRESENTABLE=460","decode_end=5994.474948, decode_start=23.492972, mixed=197.517715, prefill=189.555611",26dae1f99b2b50fb17118f38d8a8e95dfac3357c
nvidia/GLM-5.2-NVFP4,GlmMoeDsaForCausalLM,gb200,sglang,0.5.14,PASS,,"python python/aisimulate/tools/support_matrix/generate_fpe_support_matrix.py --model ""nvidia/GLM-5.2-NVFP4"" --system ""gb200"" --backend ""sglang"" --backend-version ""0.5.14"" --forward-model op_level --max-workers 8",silicon,800,200,"PASS=340, SDK_UNREPRESENTABLE=460","decode_end=5994.474948, decode_start=23.492972, mixed=197.517715, prefill=189.555611",26dae1f99b2b50fb17118f38d8a8e95dfac3357c
nvidia/GLM-5.2-NVFP4,GlmMoeDsaForCausalLM,gb200,sglang,0.5.16,PASS,,"python python/aisimulate/tools/support_matrix/generate_fpe_support_matrix.py --model ""nvidia/GLM-5.2-NVFP4"" --system ""gb200"" --backend ""sglang"" --backend-version ""0.5.16"" --forward-model op_level --max-workers 8",silicon,800,200,"PASS=340, SDK_UNREPRESENTABLE=460","decode_end=5994.474948, decode_start=23.492972, mixed=197.517715, prefill=189.555611",26dae1f99b2b50fb17118f38d8a8e95dfac3357c
nvidia/GLM-5.2-NVFP4,GlmMoeDsaForCausalLM,gb200,sglang,0.5.9,FAIL,"Strict-native op-level FPE probes: PERF_DATA_MISSING=340, SDK_UNREPRESENTABLE=460; raw probes=800; topologies=200; source_sha=26dae1f99b2b50fb17118f38d8a8e95dfac3357c. Representative failure: perf database error: perf database error: perf database error: no DSA module rows loaded from 1 source(s) (first: <repo>/python/aisimulate/src/aiconfigurator_core/systems/data/gb200/sglang/0.5.9/dsa_context_module_perf.parquet)","python python/aisimulate/tools/support_matrix/generate_fpe_support_matrix.py --model ""nvidia/GLM-5.2-NVFP4"" --system ""gb200"" --backend ""sglang"" --backend-version ""0.5.9"" --forward-model op_level --max-workers 8",,800,200,"PERF_DATA_MISSING=340, SDK_UNREPRESENTABLE=460",,26dae1f99b2b50fb17118f38d8a8e95dfac3357c
nvidia/GLM-5.2-NVFP4,GlmMoeDsaForCausalLM,gb200,trtllm,1.3.0rc10,PASS,,"python python/aisimulate/tools/support_matrix/generate_fpe_support_matrix.py --model ""nvidia/GLM-5.2-NVFP4"" --system ""gb200"" --backend ""trtllm"" --backend-version ""1.3.0rc10"" --forward-model op_level --max-workers 8",silicon,192,48,PASS=192,"decode_end=6312.786155, decode_start=24.725432, mixed=262.027473, prefill=238.734985",26dae1f99b2b50fb17118f38d8a8e95dfac3357c
nvidia/GLM-5.2-NVFP4,GlmMoeDsaForCausalLM,gb200,trtllm,1.3.0rc15,PASS,,"python python/aisimulate/tools/support_matrix/generate_fpe_support_matrix.py --model ""nvidia/GLM-5.2-NVFP4"" --system ""gb200"" --backend ""trtllm"" --backend-version ""1.3.0rc15"" --forward-model op_level --max-workers 8",silicon,192,48,PASS=192,"decode_end=6312.786155, decode_start=24.725432, mixed=262.027473, prefill=238.734985",26dae1f99b2b50fb17118f38d8a8e95dfac3357c
nvidia/GLM-5.2-NVFP4,GlmMoeDsaForCausalLM,gb200,trtllm,1.3.0rc17,PASS,,"python python/aisimulate/tools/support_matrix/generate_fpe_support_matrix.py --model ""nvidia/GLM-5.2-NVFP4"" --system ""gb200"" --backend ""trtllm"" --backend-version ""1.3.0rc17"" --forward-model op_level --max-workers 8",silicon,192,48,PASS=192,"decode_end=6120.331858, decode_start=23.912924, mixed=261.255029, prefill=238.722090",26dae1f99b2b50fb17118f38d8a8e95dfac3357c
nvidia/GLM-5.2-NVFP4,GlmMoeDsaForCausalLM,gb200,trtllm,1.3.0rc20,PASS,,"python python/aisimulate/tools/support_matrix/generate_fpe_support_matrix.py --model ""nvidia/GLM-5.2-NVFP4"" --system ""gb200"" --backend ""trtllm"" --backend-version ""1.3.0rc20"" --forward-model op_level --max-workers 8",silicon,192,48,PASS=192,"decode_end=6080.430923, decode_start=23.861823, mixed=259.679925, prefill=237.132987",26dae1f99b2b50fb17118f38d8a8e95dfac3357c
nvidia/GLM-5.2-NVFP4,GlmMoeDsaForCausalLM,gb200,trtllm,1.3.0rc23,PASS,,"python python/aisimulate/tools/support_matrix/generate_fpe_support_matrix.py --model ""nvidia/GLM-5.2-NVFP4"" --system ""gb200"" --backend ""trtllm"" --backend-version ""1.3.0rc23"" --forward-model op_level --max-workers 8",silicon,192,48,PASS=192,"decode_end=6080.430923, decode_start=23.861823, mixed=259.679925, prefill=237.132987",26dae1f99b2b50fb17118f38d8a8e95dfac3357c
nvidia/GLM-5.2-NVFP4,GlmMoeDsaForCausalLM,gb200,vllm,0.1.dev19262,FAIL,Strict-native op-level FPE probes: PERF_DATA_MISSING=192; raw probes=192; topologies=48; source_sha=26dae1f99b2b50fb17118f38d8a8e95dfac3357c. Representative failure: perf database error: perf database error: no GEMM rows loaded from 1 source(s) (first: <repo>/python/aisimulate/src/aiconfigurator_core/systems/data/gb200/vllm/0.1.dev19262/gemm_perf.parquet),"python python/aisimulate/tools/support_matrix/generate_fpe_support_matrix.py --model ""nvidia/GLM-5.2-NVFP4"" --system ""gb200"" --backend ""vllm"" --backend-version ""0.1.dev19262"" --forward-model op_level --max-workers 8",,192,48,PERF_DATA_MISSING=192,,26dae1f99b2b50fb17118f38d8a8e95dfac3357c
nvidia/GLM-5.2-NVFP4,GlmMoeDsaForCausalLM,gb200,vllm,0.14.0,PASS,,"python python/aisimulate/tools/support_matrix/generate_fpe_support_matrix.py --model ""nvidia/GLM-5.2-NVFP4"" --system ""gb200"" --backend ""vllm"" --backend-version ""0.14.0"" --forward-model op_level --max-workers 8",silicon,192,48,PASS=192,"decode_end=6900.948539, decode_start=27.079539, mixed=76.010088, prefill=66.222826",26dae1f99b2b50fb17118f38d8a8e95dfac3357c
nvidia/GLM-5.2-NVFP4,GlmMoeDsaForCausalLM,gb200,vllm,0.19.0,PASS,,"python python/aisimulate/tools/support_matrix/generate_fpe_support_matrix.py --model ""nvidia/GLM-5.2-NVFP4"" --system ""gb200"" --backend ""vllm"" --backend-version ""0.19.0"" --forward-model op_level --max-workers 8",silicon,192,48,PASS=192,"decode_end=8939.997837, decode_start=35.031622, mixed=293.976392, prefill=275.235212",26dae1f99b2b50fb17118f38d8a8e95dfac3357c
nvidia/GLM-5.2-NVFP4,GlmMoeDsaForCausalLM,gb200,vllm,0.22.0,PASS,,"python python/aisimulate/tools/support_matrix/generate_fpe_support_matrix.py --model ""nvidia/GLM-5.2-NVFP4"" --system ""gb200"" --backend ""vllm"" --backend-version ""0.22.0"" --forward-model op_level --max-workers 8",silicon,192,48,PASS=192,"decode_end=8734.645345, decode_start=34.219520, mixed=261.244265, prefill=243.285887",26dae1f99b2b50fb17118f38d8a8e95dfac3357c
nvidia/GLM-5.2-NVFP4,GlmMoeDsaForCausalLM,gb200,vllm,0.24.0,PASS,,"python python/aisimulate/tools/support_matrix/generate_fpe_support_matrix.py --model ""nvidia/GLM-5.2-NVFP4"" --system ""gb200"" --backend ""vllm"" --backend-version ""0.24.0"" --forward-model op_level --max-workers 8",silicon,192,48,PASS=192,"decode_end=8658.215305, decode_start=33.970781, mixed=261.083966, prefill=243.398237",26dae1f99b2b50fb17118f38d8a8e95dfac3357c
nvidia/Gemma-4-26B-A4B-NVFP4,Gemma4ForConditionalGeneration,gb200,sglang,0.5.10,FAIL,"Strict-native op-level FPE probes: PERF_DATA_MISSING=220, SDK_UNREPRESENTABLE=320; raw probes=540; topologies=135; source_sha=26dae1f99b2b50fb17118f38d8a8e95dfac3357c. Representative failure: perf database error: MoE data missing for MoeKey { quant: ""nvfp4"", distribution: ""power_law_1.01"", topk: 8, num_experts: 128, hidden_size: 2816, inter_size: 704, moe_tp_size: 1, moe_ep_size: 1 } at <repo>/python/aisimulate/src/aiconfigurator_core/systems/data/gb200/sglang/0.5.10","python python/aisimulate/tools/support_matrix/generate_fpe_support_matrix.py --model ""nvidia/Gemma-4-26B-A4B-NVFP4"" --system ""gb200"" --backend ""sglang"" --backend-version ""0.5.10"" --forward-model op_level --max-workers 8",,540,135,"PERF_DATA_MISSING=220, SDK_UNREPRESENTABLE=320",,26dae1f99b2b50fb17118f38d8a8e95dfac3357c
nvidia/Gemma-4-26B-A4B-NVFP4,Gemma4ForConditionalGeneration,gb200,sglang,0.5.12,FAIL,"Strict-native op-level FPE probes: PERF_DATA_MISSING=220, SDK_UNREPRESENTABLE=320; raw probes=540; topologies=135; source_sha=26dae1f99b2b50fb17118f38d8a8e95dfac3357c. Representative failure: perf database error: MoE data missing for MoeKey { quant: ""nvfp4"", distribution: ""power_law_1.01"", topk: 8, num_experts: 128, hidden_size: 2816, inter_size: 704, moe_tp_size: 1, moe_ep_size: 1 } at <repo>/python/aisimulate/src/aiconfigurator_core/systems/data/gb200/sglang/0.5.12","python python/aisimulate/tools/support_matrix/generate_fpe_support_matrix.py --model ""nvidia/Gemma-4-26B-A4B-NVFP4"" --system ""gb200"" --backend ""sglang"" --backend-version ""0.5.12"" --forward-model op_level --max-workers 8",,540,135,"PERF_DATA_MISSING=220, SDK_UNREPRESENTABLE=320",,26dae1f99b2b50fb17118f38d8a8e95dfac3357c
nvidia/Gemma-4-26B-A4B-NVFP4,Gemma4ForConditionalGeneration,gb200,sglang,0.5.14,FAIL,"Strict-native op-level FPE probes: PERF_DATA_MISSING=220, SDK_UNREPRESENTABLE=320; raw probes=540; topologies=135; source_sha=26dae1f99b2b50fb17118f38d8a8e95dfac3357c. Representative failure: perf database error: MoE data missing for MoeKey { quant: ""nvfp4"", distribution: ""power_law_1.01"", topk: 8, num_experts: 128, hidden_size: 2816, inter_size: 704, moe_tp_size: 1, moe_ep_size: 1 } at <repo>/python/aisimulate/src/aiconfigurator_core/systems/data/gb200/sglang/0.5.14","python python/aisimulate/tools/support_matrix/generate_fpe_support_matrix.py --model ""nvidia/Gemma-4-26B-A4B-NVFP4"" --system ""gb200"" --backend ""sglang"" --backend-version ""0.5.14"" --forward-model op_level --max-workers 8",,540,135,"PERF_DATA_MISSING=220, SDK_UNREPRESENTABLE=320",,26dae1f99b2b50fb17118f38d8a8e95dfac3357c
nvidia/Gemma-4-26B-A4B-NVFP4,Gemma4ForConditionalGeneration,gb200,sglang,0.5.16,FAIL,"Strict-native op-level FPE probes: PERF_DATA_MISSING=220, SDK_UNREPRESENTABLE=320; raw probes=540; topologies=135; source_sha=26dae1f99b2b50fb17118f38d8a8e95dfac3357c. Representative failure: perf database error: MoE data missing for MoeKey { quant: ""nvfp4"", distribution: ""power_law_1.01"", topk: 8, num_experts: 128, hidden_size: 2816, inter_size: 704, moe_tp_size: 1, moe_ep_size: 1 } at <repo>/python/aisimulate/src/aiconfigurator_core/systems/data/gb200/sglang/0.5.16","python python/aisimulate/tools/support_matrix/generate_fpe_support_matrix.py --model ""nvidia/Gemma-4-26B-A4B-NVFP4"" --system ""gb200"" --backend ""sglang"" --backend-version ""0.5.16"" --forward-model op_level --max-workers 8",,540,135,"PERF_DATA_MISSING=220, SDK_UNREPRESENTABLE=320",,26dae1f99b2b50fb17118f38d8a8e95dfac3357c
nvidia/Gemma-4-26B-A4B-NVFP4,Gemma4ForConditionalGeneration,gb200,sglang,0.5.9,FAIL,"Strict-native op-level FPE probes: PERF_DATA_MISSING=220, SDK_UNREPRESENTABLE=320; raw probes=540; topologies=135; source_sha=26dae1f99b2b50fb17118f38d8a8e95dfac3357c. Representative failure: perf database error: MoE data missing for MoeKey { quant: ""nvfp4"", distribution: ""power_law_1.01"", topk: 8, num_experts: 128, hidden_size: 2816, inter_size: 704, moe_tp_size: 1, moe_ep_size: 1 } at <repo>/python/aisimulate/src/aiconfigurator_core/systems/data/gb200/sglang/0.5.9","python python/aisimulate/tools/support_matrix/generate_fpe_support_matrix.py --model ""nvidia/Gemma-4-26B-A4B-NVFP4"" --system ""gb200"" --backend ""sglang"" --backend-version ""0.5.9"" --forward-model op_level --max-workers 8",,540,135,"PERF_DATA_MISSING=220, SDK_UNREPRESENTABLE=320",,26dae1f99b2b50fb17118f38d8a8e95dfac3357c
nvidia/Gemma-4-26B-A4B-NVFP4,Gemma4ForConditionalGeneration,gb200,trtllm,1.3.0rc10,FAIL,"Strict-native op-level FPE probes: PERF_DATA_MISSING=116; raw probes=116; topologies=29; source_sha=26dae1f99b2b50fb17118f38d8a8e95dfac3357c. Representative failure: perf database error: MoE data missing for MoeKey { quant: ""nvfp4"", distribution: ""power_law_1.01"", topk: 8, num_experts: 128, hidden_size: 2816, inter_size: 704, moe_tp_size: 1, moe_ep_size: 1 } at <repo>/python/aisimulate/src/aiconfigurator_core/systems/data/gb200/trtllm/1.3.0rc10","python python/aisimulate/tools/support_matrix/generate_fpe_support_matrix.py --model ""nvidia/Gemma-4-26B-A4B-NVFP4"" --system ""gb200"" --backend ""trtllm"" --backend-version ""1.3.0rc10"" --forward-model op_level --max-workers 8",,116,29,PERF_DATA_MISSING=116,,26dae1f99b2b50fb17118f38d8a8e95dfac3357c
nvidia/Gemma-4-26B-A4B-NVFP4,Gemma4ForConditionalGeneration,gb200,trtllm,1.3.0rc15,FAIL,"Strict-native op-level FPE probes: PERF_DATA_MISSING=116; raw probes=116; topologies=29; source_sha=26dae1f99b2b50fb17118f38d8a8e95dfac3357c. Representative failure: perf database error: MoE data missing for MoeKey { quant: ""nvfp4"", distribution: ""power_law_1.01"", topk: 8, num_experts: 128, hidden_size: 2816, inter_size: 704, moe_tp_size: 1, moe_ep_size: 1 } at <repo>/python/aisimulate/src/aiconfigurator_core/systems/data/gb200/trtllm/1.3.0rc15","python python/aisimulate/tools/support_matrix/generate_fpe_support_matrix.py --model ""nvidia/Gemma-4-26B-A4B-NVFP4"" --system ""gb200"" --backend ""trtllm"" --backend-version ""1.3.0rc15"" --forward-model op_level --max-workers 8",,116,29,PERF_DATA_MISSING=116,,26dae1f99b2b50fb17118f38d8a8e95dfac3357c
nvidia/Gemma-4-26B-A4B-NVFP4,Gemma4ForConditionalGeneration,gb200,trtllm,1.3.0rc17,FAIL,"Strict-native op-level FPE probes: PERF_DATA_MISSING=116; raw probes=116; topologies=29; source_sha=26dae1f99b2b50fb17118f38d8a8e95dfac3357c. Representative failure: perf database error: MoE data missing for MoeKey { quant: ""nvfp4"", distribution: ""power_law_1.01"", topk: 8, num_experts: 128, hidden_size: 2816, inter_size: 704, moe_tp_size: 1, moe_ep_size: 1 } at <repo>/python/aisimulate/src/aiconfigurator_core/systems/data/gb200/trtllm/1.3.0rc17","python python/aisimulate/tools/support_matrix/generate_fpe_support_matrix.py --model ""nvidia/Gemma-4-26B-A4B-NVFP4"" --system ""gb200"" --backend ""trtllm"" --backend-version ""1.3.0rc17"" --forward-model op_level --max-workers 8",,116,29,PERF_DATA_MISSING=116,,26dae1f99b2b50fb17118f38d8a8e95dfac3357c
nvidia/Gemma-4-26B-A4B-NVFP4,Gemma4ForConditionalGeneration,gb200,trtllm,1.3.0rc20,FAIL,"Strict-native op-level FPE probes: PASS=18, PERF_DATA_MISSING=98; raw probes=116; topologies=29; source_sha=26dae1f99b2b50fb17118f38d8a8e95dfac3357c. Representative failure: perf database error: MoE data missing for MoeKey { quant: ""nvfp4"", distribution: ""power_law_1.01"", topk: 8, num_experts: 128, hidden_size: 2816, inter_size: 704, moe_tp_size: 16, moe_ep_size: 1 } at <repo>/python/aisimulate/src/aiconfigurator_core/systems/data/gb200/trtllm/1.3.0rc20","python python/aisimulate/tools/support_matrix/generate_fpe_support_matrix.py --model ""nvidia/Gemma-4-26B-A4B-NVFP4"" --system ""gb200"" --backend ""trtllm"" --backend-version ""1.3.0rc20"" --forward-model op_level --max-workers 8",,116,29,"PASS=18, PERF_DATA_MISSING=98",,26dae1f99b2b50fb17118f38d8a8e95dfac3357c
nvidia/Gemma-4-26B-A4B-NVFP4,Gemma4ForConditionalGeneration,gb200,trtllm,1.3.0rc23,FAIL,"Strict-native op-level FPE probes: PASS=18, PERF_DATA_MISSING=98; raw probes=116; topologies=29; source_sha=26dae1f99b2b50fb17118f38d8a8e95dfac3357c. Representative failure: perf database error: MoE data missing for MoeKey { quant: ""nvfp4"", distribution: ""power_law_1.01"", topk: 8, num_experts: 128, hidden_size: 2816, inter_size: 704, moe_tp_size: 16, moe_ep_size: 1 } at <repo>/python/aisimulate/src/aiconfigurator_core/systems/data/gb200/trtllm/1.3.0rc23","python python/aisimulate/tools/support_matrix/generate_fpe_support_matrix.py --model ""nvidia/Gemma-4-26B-A4B-NVFP4"" --system ""gb200"" --backend ""trtllm"" --backend-version ""1.3.0rc23"" --forward-model op_level --max-workers 8",,116,29,"PASS=18, PERF_DATA_MISSING=98",,26dae1f99b2b50fb17118f38d8a8e95dfac3357c
nvidia/Gemma-4-26B-A4B-NVFP4,Gemma4ForConditionalGeneration,gb200,vllm,0.1.dev19262,FAIL,Strict-native op-level FPE probes: PERF_DATA_MISSING=116; raw probes=116; topologies=29; source_sha=26dae1f99b2b50fb17118f38d8a8e95dfac3357c. Representative failure: perf database error: perf database error: no GEMM rows loaded from 1 source(s) (first: <repo>/python/aisimulate/src/aiconfigurator_core/systems/data/gb200/vllm/0.1.dev19262/gemm_perf.parquet),"python python/aisimulate/tools/support_matrix/generate_fpe_support_matrix.py --model ""nvidia/Gemma-4-26B-A4B-NVFP4"" --system ""gb200"" --backend ""vllm"" --backend-version ""0.1.dev19262"" --forward-model op_level --max-workers 8",,116,29,PERF_DATA_MISSING=116,,26dae1f99b2b50fb17118f38d8a8e95dfac3357c
nvidia/Gemma-4-26B-A4B-NVFP4,Gemma4ForConditionalGeneration,gb200,vllm,0.14.0,FAIL,"Strict-native op-level FPE probes: PERF_DATA_MISSING=116; raw probes=116; topologies=29; source_sha=26dae1f99b2b50fb17118f38d8a8e95dfac3357c. Representative failure: perf database error: MoE data missing for MoeKey { quant: ""nvfp4"", distribution: ""power_law_1.01"", topk: 8, num_experts: 128, hidden_size: 2816, inter_size: 704, moe_tp_size: 1, moe_ep_size: 1 } at <repo>/python/aisimulate/src/aiconfigurator_core/systems/data/gb200/vllm/0.14.0","python python/aisimulate/tools/support_matrix/generate_fpe_support_matrix.py --model ""nvidia/Gemma-4-26B-A4B-NVFP4"" --system ""gb200"" --backend ""vllm"" --backend-version ""0.14.0"" --forward-model op_level --max-workers 8",,116,29,PERF_DATA_MISSING=116,,26dae1f99b2b50fb17118f38d8a8e95dfac3357c
nvidia/Gemma-4-26B-A4B-NVFP4,Gemma4ForConditionalGeneration,gb200,vllm,0.19.0,FAIL,"Strict-native op-level FPE probes: PERF_DATA_MISSING=116; raw probes=116; topologies=29; source_sha=26dae1f99b2b50fb17118f38d8a8e95dfac3357c. Representative failure: perf database error: MoE data missing for MoeKey { quant: ""nvfp4"", distribution: ""power_law_1.01"", topk: 8, num_experts: 128, hidden_size: 2816, inter_size: 704, moe_tp_size: 1, moe_ep_size: 1 } at <repo>/python/aisimulate/src/aiconfigurator_core/systems/data/gb200/vllm/0.19.0","python python/aisimulate/tools/support_matrix/generate_fpe_support_matrix.py --model ""nvidia/Gemma-4-26B-A4B-NVFP4"" --system ""gb200"" --backend ""vllm"" --backend-version ""0.19.0"" --forward-model op_level --max-workers 8",,116,29,PERF_DATA_MISSING=116,,26dae1f99b2b50fb17118f38d8a8e95dfac3357c
nvidia/Gemma-4-26B-A4B-NVFP4,Gemma4ForConditionalGeneration,gb200,vllm,0.22.0,PASS,,"python python/aisimulate/tools/support_matrix/generate_fpe_support_matrix.py --model ""nvidia/Gemma-4-26B-A4B-NVFP4"" --system ""gb200"" --backend ""vllm"" --backend-version ""0.22.0"" --forward-model op_level --max-workers 8",silicon,116,29,"PASS=60, PERF_DATA_MISSING=56","decode_end=885.002671, decode_start=3.448102, mixed=5.629477, prefill=5.224954",26dae1f99b2b50fb17118f38d8a8e95dfac3357c
nvidia/Gemma-4-26B-A4B-NVFP4,Gemma4ForConditionalGeneration,gb200,vllm,0.24.0,PASS,,"python python/aisimulate/tools/support_matrix/generate_fpe_support_matrix.py --model ""nvidia/Gemma-4-26B-A4B-NVFP4"" --system ""gb200"" --backend ""vllm"" --backend-version ""0.24.0"" --forward-model op_level --max-workers 8",silicon,116,29,"PASS=60, PERF_DATA_MISSING=56","decode_end=878.381892, decode_start=3.422138, mixed=5.647338, prefill=5.200285",26dae1f99b2b50fb17118f38d8a8e95dfac3357c
nvidia/Gemma-4-31B-IT-NVFP4,Gemma4ForConditionalGeneration,gb200,sglang,0.5.10,FAIL,"Strict-native op-level FPE probes: BUILD_FAILED=160, PERF_DATA_MISSING=60, SDK_UNREPRESENTABLE=320; raw probes=540; topologies=135; source_sha=26dae1f99b2b50fb17118f38d8a8e95dfac3357c. Representative failure: dense Gemma 4 variants require moe_ep_size=1, got 16","python python/aisimulate/tools/support_matrix/generate_fpe_support_matrix.py --model ""nvidia/Gemma-4-31B-IT-NVFP4"" --system ""gb200"" --backend ""sglang"" --backend-version ""0.5.10"" --forward-model op_level --max-workers 8",,540,135,"BUILD_FAILED=160, PERF_DATA_MISSING=60, SDK_UNREPRESENTABLE=320",,26dae1f99b2b50fb17118f38d8a8e95dfac3357c
nvidia/Gemma-4-31B-IT-NVFP4,Gemma4ForConditionalGeneration,gb200,sglang,0.5.12,PASS,,"python python/aisimulate/tools/support_matrix/generate_fpe_support_matrix.py --model ""nvidia/Gemma-4-31B-IT-NVFP4"" --system ""gb200"" --backend ""sglang"" --backend-version ""0.5.12"" --forward-model op_level --max-workers 8",silicon,540,135,"BUILD_FAILED=160, PASS=40, PERF_DATA_MISSING=20, SDK_UNREPRESENTABLE=320","decode_end=1208.670775, decode_start=4.704640, mixed=8.080021, prefill=5.987254",26dae1f99b2b50fb17118f38d8a8e95dfac3357c
nvidia/Gemma-4-31B-IT-NVFP4,Gemma4ForConditionalGeneration,gb200,sglang,0.5.14,PASS,,"python python/aisimulate/tools/support_matrix/generate_fpe_support_matrix.py --model ""nvidia/Gemma-4-31B-IT-NVFP4"" --system ""gb200"" --backend ""sglang"" --backend-version ""0.5.14"" --forward-model op_level --max-workers 8",silicon,540,135,"BUILD_FAILED=160, PASS=40, PERF_DATA_MISSING=20, SDK_UNREPRESENTABLE=320","decode_end=1208.670775, decode_start=4.704640, mixed=8.080021, prefill=5.987254",26dae1f99b2b50fb17118f38d8a8e95dfac3357c
nvidia/Gemma-4-31B-IT-NVFP4,Gemma4ForConditionalGeneration,gb200,sglang,0.5.16,PASS,,"python python/aisimulate/tools/support_matrix/generate_fpe_support_matrix.py --model ""nvidia/Gemma-4-31B-IT-NVFP4"" --system ""gb200"" --backend ""sglang"" --backend-version ""0.5.16"" --forward-model op_level --max-workers 8",silicon,540,135,"BUILD_FAILED=160, PASS=40, PERF_DATA_MISSING=20, SDK_UNREPRESENTABLE=320","decode_end=1208.670775, decode_start=4.704640, mixed=8.080021, prefill=5.987254",26dae1f99b2b50fb17118f38d8a8e95dfac3357c
nvidia/Gemma-4-31B-IT-NVFP4,Gemma4ForConditionalGeneration,gb200,sglang,0.5.9,FAIL,"Strict-native op-level FPE probes: BUILD_FAILED=160, PERF_DATA_MISSING=60, SDK_UNREPRESENTABLE=320; raw probes=540; topologies=135; source_sha=26dae1f99b2b50fb17118f38d8a8e95dfac3357c. Representative failure: dense Gemma 4 variants require moe_ep_size=1, got 16","python python/aisimulate/tools/support_matrix/generate_fpe_support_matrix.py --model ""nvidia/Gemma-4-31B-IT-NVFP4"" --system ""gb200"" --backend ""sglang"" --backend-version ""0.5.9"" --forward-model op_level --max-workers 8",,540,135,"BUILD_FAILED=160, PERF_DATA_MISSING=60, SDK_UNREPRESENTABLE=320",,26dae1f99b2b50fb17118f38d8a8e95dfac3357c
nvidia/Gemma-4-31B-IT-NVFP4,Gemma4ForConditionalGeneration,gb200,trtllm,1.3.0rc10,FAIL,"Strict-native op-level FPE probes: BUILD_FAILED=80, PERF_DATA_MISSING=36; raw probes=116; topologies=29; source_sha=26dae1f99b2b50fb17118f38d8a8e95dfac3357c. Representative failure: dense Gemma 4 variants require moe_ep_size=1, got 16","python python/aisimulate/tools/support_matrix/generate_fpe_support_matrix.py --model ""nvidia/Gemma-4-31B-IT-NVFP4"" --system ""gb200"" --backend ""trtllm"" --backend-version ""1.3.0rc10"" --forward-model op_level --max-workers 8",,116,29,"BUILD_FAILED=80, PERF_DATA_MISSING=36",,26dae1f99b2b50fb17118f38d8a8e95dfac3357c
nvidia/Gemma-4-31B-IT-NVFP4,Gemma4ForConditionalGeneration,gb200,trtllm,1.3.0rc15,FAIL,"Strict-native op-level FPE probes: BUILD_FAILED=80, PERF_DATA_MISSING=36; raw probes=116; topologies=29; source_sha=26dae1f99b2b50fb17118f38d8a8e95dfac3357c. Representative failure: dense Gemma 4 variants require moe_ep_size=1, got 16","python python/aisimulate/tools/support_matrix/generate_fpe_support_matrix.py --model ""nvidia/Gemma-4-31B-IT-NVFP4"" --system ""gb200"" --backend ""trtllm"" --backend-version ""1.3.0rc15"" --forward-model op_level --max-workers 8",,116,29,"BUILD_FAILED=80, PERF_DATA_MISSING=36",,26dae1f99b2b50fb17118f38d8a8e95dfac3357c
nvidia/Gemma-4-31B-IT-NVFP4,Gemma4ForConditionalGeneration,gb200,trtllm,1.3.0rc17,FAIL,"Strict-native op-level FPE probes: BUILD_FAILED=80, PERF_DATA_MISSING=36; raw probes=116; topologies=29; source_sha=26dae1f99b2b50fb17118f38d8a8e95dfac3357c. Representative failure: dense Gemma 4 variants require moe_ep_size=1, got 16","python python/aisimulate/tools/support_matrix/generate_fpe_support_matrix.py --model ""nvidia/Gemma-4-31B-IT-NVFP4"" --system ""gb200"" --backend ""trtllm"" --backend-version ""1.3.0rc17"" --forward-model op_level --max-workers 8",,116,29,"BUILD_FAILED=80, PERF_DATA_MISSING=36",,26dae1f99b2b50fb17118f38d8a8e95dfac3357c
nvidia/Gemma-4-31B-IT-NVFP4,Gemma4ForConditionalGeneration,gb200,trtllm,1.3.0rc20,FAIL,"Strict-native op-level FPE probes: BUILD_FAILED=80, PASS=8, PERF_DATA_MISSING=28; raw probes=116; topologies=29; source_sha=26dae1f99b2b50fb17118f38d8a8e95dfac3357c. Representative failure: dense Gemma 4 variants require moe_ep_size=1, got 16","python python/aisimulate/tools/support_matrix/generate_fpe_support_matrix.py --model ""nvidia/Gemma-4-31B-IT-NVFP4"" --system ""gb200"" --backend ""trtllm"" --backend-version ""1.3.0rc20"" --forward-model op_level --max-workers 8",,116,29,"BUILD_FAILED=80, PASS=8, PERF_DATA_MISSING=28",,26dae1f99b2b50fb17118f38d8a8e95dfac3357c
nvidia/Gemma-4-31B-IT-NVFP4,Gemma4ForConditionalGeneration,gb200,trtllm,1.3.0rc23,FAIL,"Strict-native op-level FPE probes: BUILD_FAILED=80, PASS=8, PERF_DATA_MISSING=28; raw probes=116; topologies=29; source_sha=26dae1f99b2b50fb17118f38d8a8e95dfac3357c. Representative failure: dense Gemma 4 variants require moe_ep_size=1, got 16","python python/aisimulate/tools/support_matrix/generate_fpe_support_matrix.py --model ""nvidia/Gemma-4-31B-IT-NVFP4"" --system ""gb200"" --backend ""trtllm"" --backend-version ""1.3.0rc23"" --forward-model op_level --max-workers 8",,116,29,"BUILD_FAILED=80, PASS=8, PERF_DATA_MISSING=28",,26dae1f99b2b50fb17118f38d8a8e95dfac3357c
nvidia/Gemma-4-31B-IT-NVFP4,Gemma4ForConditionalGeneration,gb200,vllm,0.1.dev19262,FAIL,"Strict-native op-level FPE probes: BUILD_FAILED=56, PERF_DATA_MISSING=60; raw probes=116; topologies=29; source_sha=26dae1f99b2b50fb17118f38d8a8e95dfac3357c. Representative failure: dense Gemma 4 variants require moe_ep_size=1, got 16","python python/aisimulate/tools/support_matrix/generate_fpe_support_matrix.py --model ""nvidia/Gemma-4-31B-IT-NVFP4"" --system ""gb200"" --backend ""vllm"" --backend-version ""0.1.dev19262"" --forward-model op_level --max-workers 8",,116,29,"BUILD_FAILED=56, PERF_DATA_MISSING=60",,26dae1f99b2b50fb17118f38d8a8e95dfac3357c
nvidia/Gemma-4-31B-IT-NVFP4,Gemma4ForConditionalGeneration,gb200,vllm,0.14.0,FAIL,"Strict-native op-level FPE probes: BUILD_FAILED=56, PERF_DATA_MISSING=60; raw probes=116; topologies=29; source_sha=26dae1f99b2b50fb17118f38d8a8e95dfac3357c. Representative failure: dense Gemma 4 variants require moe_ep_size=1, got 16","python python/aisimulate/tools/support_matrix/generate_fpe_support_matrix.py --model ""nvidia/Gemma-4-31B-IT-NVFP4"" --system ""gb200"" --backend ""vllm"" --backend-version ""0.14.0"" --forward-model op_level --max-workers 8",,116,29,"BUILD_FAILED=56, PERF_DATA_MISSING=60",,26dae1f99b2b50fb17118f38d8a8e95dfac3357c
nvidia/Gemma-4-31B-IT-NVFP4,Gemma4ForConditionalGeneration,gb200,vllm,0.19.0,FAIL,"Strict-native op-level FPE probes: BUILD_FAILED=56, PERF_DATA_MISSING=60; raw probes=116; topologies=29; source_sha=26dae1f99b2b50fb17118f38d8a8e95dfac3357c. Representative failure: dense Gemma 4 variants require moe_ep_size=1, got 16","python python/aisimulate/tools/support_matrix/generate_fpe_support_matrix.py --model ""nvidia/Gemma-4-31B-IT-NVFP4"" --system ""gb200"" --backend ""vllm"" --backend-version ""0.19.0"" --forward-model op_level --max-workers 8",,116,29,"BUILD_FAILED=56, PERF_DATA_MISSING=60",,26dae1f99b2b50fb17118f38d8a8e95dfac3357c
nvidia/Gemma-4-31B-IT-NVFP4,Gemma4ForConditionalGeneration,gb200,vllm,0.22.0,PASS,,"python python/aisimulate/tools/support_matrix/generate_fpe_support_matrix.py --model ""nvidia/Gemma-4-31B-IT-NVFP4"" --system ""gb200"" --backend ""vllm"" --backend-version ""0.22.0"" --forward-model op_level --max-workers 8",silicon,116,29,"BUILD_FAILED=56, PASS=40, PERF_DATA_MISSING=20","decode_end=1381.462546, decode_start=5.372506, mixed=6.946651, prefill=6.026532",26dae1f99b2b50fb17118f38d8a8e95dfac3357c
nvidia/Gemma-4-31B-IT-NVFP4,Gemma4ForConditionalGeneration,gb200,vllm,0.24.0,PASS,,"python python/aisimulate/tools/support_matrix/generate_fpe_support_matrix.py --model ""nvidia/Gemma-4-31B-IT-NVFP4"" --system ""gb200"" --backend ""vllm"" --backend-version ""0.24.0"" --forward-model op_level --max-workers 8",silicon,116,29,"BUILD_FAILED=56, PASS=40, PERF_DATA_MISSING=20","decode_end=1232.958790, decode_start=4.790139, mixed=7.473594, prefill=5.570931",26dae1f99b2b50fb17118f38d8a8e95dfac3357c
nvidia/Kimi-K2.5-NVFP4,KimiK25ForConditionalGeneration,gb200,sglang,0.5.10,PASS,,"python python/aisimulate/tools/support_matrix/generate_fpe_support_matrix.py --model ""nvidia/Kimi-K2.5-NVFP4"" --system ""gb200"" --backend ""sglang"" --backend-version ""0.5.10"" --forward-model op_level --max-workers 8",silicon,540,135,"PASS=220, SDK_UNREPRESENTABLE=320","decode_end=2929.507475, decode_start=11.434886, mixed=21.965450, prefill=20.342370",26dae1f99b2b50fb17118f38d8a8e95dfac3357c
nvidia/Kimi-K2.5-NVFP4,KimiK25ForConditionalGeneration,gb200,sglang,0.5.12,PASS,,"python python/aisimulate/tools/support_matrix/generate_fpe_support_matrix.py --model ""nvidia/Kimi-K2.5-NVFP4"" --system ""gb200"" --backend ""sglang"" --backend-version ""0.5.12"" --forward-model op_level --max-workers 8",silicon,540,135,"PASS=220, SDK_UNREPRESENTABLE=320","decode_end=4771.429127, decode_start=18.661298, mixed=65.513354, prefill=64.042039",26dae1f99b2b50fb17118f38d8a8e95dfac3357c
nvidia/Kimi-K2.5-NVFP4,KimiK25ForConditionalGeneration,gb200,sglang,0.5.14,PASS,,"python python/aisimulate/tools/support_matrix/generate_fpe_support_matrix.py --model ""nvidia/Kimi-K2.5-NVFP4"" --system ""gb200"" --backend ""sglang"" --backend-version ""0.5.14"" --forward-model op_level --max-workers 8",silicon,540,135,"PASS=220, SDK_UNREPRESENTABLE=320","decode_end=4771.429127, decode_start=18.661298, mixed=65.513354, prefill=64.042039",26dae1f99b2b50fb17118f38d8a8e95dfac3357c
nvidia/Kimi-K2.5-NVFP4,KimiK25ForConditionalGeneration,gb200,sglang,0.5.16,PASS,,"python python/aisimulate/tools/support_matrix/generate_fpe_support_matrix.py --model ""nvidia/Kimi-K2.5-NVFP4"" --system ""gb200"" --backend ""sglang"" --backend-version ""0.5.16"" --forward-model op_level --max-workers 8",silicon,540,135,"PASS=220, SDK_UNREPRESENTABLE=320","decode_end=4771.429127, decode_start=18.661298, mixed=65.513354, prefill=64.042039",26dae1f99b2b50fb17118f38d8a8e95dfac3357c
nvidia/Kimi-K2.5-NVFP4,KimiK25ForConditionalGeneration,gb200,sglang,0.5.9,PASS,,"python python/aisimulate/tools/support_matrix/generate_fpe_support_matrix.py --model ""nvidia/Kimi-K2.5-NVFP4"" --system ""gb200"" --backend ""sglang"" --backend-version ""0.5.9"" --forward-model op_level --max-workers 8",silicon,540,135,"PASS=220, SDK_UNREPRESENTABLE=320","decode_end=2920.069603, decode_start=11.403319, mixed=22.411321, prefill=20.752367",26dae1f99b2b50fb17118f38d8a8e95dfac3357c
nvidia/Kimi-K2.5-NVFP4,KimiK25ForConditionalGeneration,gb200,trtllm,1.3.0rc10,PASS,,"python python/aisimulate/tools/support_matrix/generate_fpe_support_matrix.py --model ""nvidia/Kimi-K2.5-NVFP4"" --system ""gb200"" --backend ""trtllm"" --backend-version ""1.3.0rc10"" --forward-model op_level --max-workers 8",silicon,116,29,PASS=116,"decode_end=6789.356857, decode_start=26.603663, mixed=80.270231, prefill=79.563692",26dae1f99b2b50fb17118f38d8a8e95dfac3357c
nvidia/Kimi-K2.5-NVFP4,KimiK25ForConditionalGeneration,gb200,trtllm,1.3.0rc15,PASS,,"python python/aisimulate/tools/support_matrix/generate_fpe_support_matrix.py --model ""nvidia/Kimi-K2.5-NVFP4"" --system ""gb200"" --backend ""trtllm"" --backend-version ""1.3.0rc15"" --forward-model op_level --max-workers 8",silicon,116,29,PASS=116,"decode_end=6789.356857, decode_start=26.603663, mixed=80.270231, prefill=79.563692",26dae1f99b2b50fb17118f38d8a8e95dfac3357c
nvidia/Kimi-K2.5-NVFP4,KimiK25ForConditionalGeneration,gb200,trtllm,1.3.0rc17,PASS,,"python python/aisimulate/tools/support_matrix/generate_fpe_support_matrix.py --model ""nvidia/Kimi-K2.5-NVFP4"" --system ""gb200"" --backend ""trtllm"" --backend-version ""1.3.0rc17"" --forward-model op_level --max-workers 8",silicon,116,29,PASS=116,"decode_end=6787.761520, decode_start=26.597406, mixed=80.255347, prefill=79.531510",26dae1f99b2b50fb17118f38d8a8e95dfac3357c
nvidia/Kimi-K2.5-NVFP4,KimiK25ForConditionalGeneration,gb200,trtllm,1.3.0rc20,PASS,,"python python/aisimulate/tools/support_matrix/generate_fpe_support_matrix.py --model ""nvidia/Kimi-K2.5-NVFP4"" --system ""gb200"" --backend ""trtllm"" --backend-version ""1.3.0rc20"" --forward-model op_level --max-workers 8",silicon,116,29,PASS=116,"decode_end=5836.734713, decode_start=22.817382, mixed=80.079488, prefill=79.354118",26dae1f99b2b50fb17118f38d8a8e95dfac3357c
nvidia/Kimi-K2.5-NVFP4,KimiK25ForConditionalGeneration,gb200,trtllm,1.3.0rc23,PASS,,"python python/aisimulate/tools/support_matrix/generate_fpe_support_matrix.py --model ""nvidia/Kimi-K2.5-NVFP4"" --system ""gb200"" --backend ""trtllm"" --backend-version ""1.3.0rc23"" --forward-model op_level --max-workers 8",silicon,116,29,PASS=116,"decode_end=5836.734713, decode_start=22.817382, mixed=80.079488, prefill=79.354118",26dae1f99b2b50fb17118f38d8a8e95dfac3357c
nvidia/Kimi-K2.5-NVFP4,KimiK25ForConditionalGeneration,gb200,vllm,0.1.dev19262,FAIL,Strict-native op-level FPE probes: PERF_DATA_MISSING=116; raw probes=116; topologies=29; source_sha=26dae1f99b2b50fb17118f38d8a8e95dfac3357c. Representative failure: perf database error: perf database error: no GEMM rows loaded from 1 source(s) (first: <repo>/python/aisimulate/src/aiconfigurator_core/systems/data/gb200/vllm/0.1.dev19262/gemm_perf.parquet),"python python/aisimulate/tools/support_matrix/generate_fpe_support_matrix.py --model ""nvidia/Kimi-K2.5-NVFP4"" --system ""gb200"" --backend ""vllm"" --backend-version ""0.1.dev19262"" --forward-model op_level --max-workers 8",,116,29,PERF_DATA_MISSING=116,,26dae1f99b2b50fb17118f38d8a8e95dfac3357c
nvidia/Kimi-K2.5-NVFP4,KimiK25ForConditionalGeneration,gb200,vllm,0.14.0,PASS,,"python python/aisimulate/tools/support_matrix/generate_fpe_support_matrix.py --model ""nvidia/Kimi-K2.5-NVFP4"" --system ""gb200"" --backend ""vllm"" --backend-version ""0.14.0"" --forward-model op_level --max-workers 8",silicon,116,29,PASS=116,"decode_end=5035.786943, decode_start=19.676410, mixed=67.789523, prefill=66.998982",26dae1f99b2b50fb17118f38d8a8e95dfac3357c
nvidia/Kimi-K2.5-NVFP4,KimiK25ForConditionalGeneration,gb200,vllm,0.19.0,PASS,,"python python/aisimulate/tools/support_matrix/generate_fpe_support_matrix.py --model ""nvidia/Kimi-K2.5-NVFP4"" --system ""gb200"" --backend ""vllm"" --backend-version ""0.19.0"" --forward-model op_level --max-workers 8",silicon,116,29,PASS=116,"decode_end=5656.186595, decode_start=22.167832, mixed=70.588567, prefill=70.148897",26dae1f99b2b50fb17118f38d8a8e95dfac3357c
nvidia/Kimi-K2.5-NVFP4,KimiK25ForConditionalGeneration,gb200,vllm,0.22.0,PASS,,"python python/aisimulate/tools/support_matrix/generate_fpe_support_matrix.py --model ""nvidia/Kimi-K2.5-NVFP4"" --system ""gb200"" --backend ""vllm"" --backend-version ""0.22.0"" --forward-model op_level --max-workers 8",silicon,116,29,PASS=116,"decode_end=5593.528256, decode_start=21.914139, mixed=69.826176, prefill=68.836238",26dae1f99b2b50fb17118f38d8a8e95dfac3357c
nvidia/Kimi-K2.5-NVFP4,KimiK25ForConditionalGeneration,gb200,vllm,0.24.0,PASS,,"python python/aisimulate/tools/support_matrix/generate_fpe_support_matrix.py --model ""nvidia/Kimi-K2.5-NVFP4"" --system ""gb200"" --backend ""vllm"" --backend-version ""0.24.0"" --forward-model op_level --max-workers 8",silicon,116,29,PASS=116,"decode_end=5697.184310, decode_start=22.294050, mixed=70.061220, prefill=68.978478",26dae1f99b2b50fb17118f38d8a8e95dfac3357c
nvidia/Kimi-K2.6-NVFP4,KimiK25ForConditionalGeneration,gb200,sglang,0.5.10,PASS,,"python python/aisimulate/tools/support_matrix/generate_fpe_support_matrix.py --model ""nvidia/Kimi-K2.6-NVFP4"" --system ""gb200"" --backend ""sglang"" --backend-version ""0.5.10"" --forward-model op_level --max-workers 8",silicon,540,135,"PASS=220, SDK_UNREPRESENTABLE=320","decode_end=2929.507475, decode_start=11.434886, mixed=21.965450, prefill=20.342370",26dae1f99b2b50fb17118f38d8a8e95dfac3357c
nvidia/Kimi-K2.6-NVFP4,KimiK25ForConditionalGeneration,gb200,sglang,0.5.12,PASS,,"python python/aisimulate/tools/support_matrix/generate_fpe_support_matrix.py --model ""nvidia/Kimi-K2.6-NVFP4"" --system ""gb200"" --backend ""sglang"" --backend-version ""0.5.12"" --forward-model op_level --max-workers 8",silicon,540,135,"PASS=220, SDK_UNREPRESENTABLE=320","decode_end=4771.429127, decode_start=18.661298, mixed=65.513354, prefill=64.042039",26dae1f99b2b50fb17118f38d8a8e95dfac3357c
nvidia/Kimi-K2.6-NVFP4,KimiK25ForConditionalGeneration,gb200,sglang,0.5.14,PASS,,"python python/aisimulate/tools/support_matrix/generate_fpe_support_matrix.py --model ""nvidia/Kimi-K2.6-NVFP4"" --system ""gb200"" --backend ""sglang"" --backend-version ""0.5.14"" --forward-model op_level --max-workers 8",silicon,540,135,"PASS=220, SDK_UNREPRESENTABLE=320","decode_end=4771.429127, decode_start=18.661298, mixed=65.513354, prefill=64.042039",26dae1f99b2b50fb17118f38d8a8e95dfac3357c
nvidia/Kimi-K2.6-NVFP4,KimiK25ForConditionalGeneration,gb200,sglang,0.5.16,PASS,,"python python/aisimulate/tools/support_matrix/generate_fpe_support_matrix.py --model ""nvidia/Kimi-K2.6-NVFP4"" --system ""gb200"" --backend ""sglang"" --backend-version ""0.5.16"" --forward-model op_level --max-workers 8",silicon,540,135,"PASS=220, SDK_UNREPRESENTABLE=320","decode_end=4771.429127, decode_start=18.661298, mixed=65.513354, prefill=64.042039",26dae1f99b2b50fb17118f38d8a8e95dfac3357c
nvidia/Kimi-K2.6-NVFP4,KimiK25ForConditionalGeneration,gb200,sglang,0.5.9,PASS,,"python python/aisimulate/tools/support_matrix/generate_fpe_support_matrix.py --model ""nvidia/Kimi-K2.6-NVFP4"" --system ""gb200"" --backend ""sglang"" --backend-version ""0.5.9"" --forward-model op_level --max-workers 8",silicon,540,135,"PASS=220, SDK_UNREPRESENTABLE=320","decode_end=2920.069603, decode_start=11.403319, mixed=22.411321, prefill=20.752367",26dae1f99b2b50fb17118f38d8a8e95dfac3357c
nvidia/Kimi-K2.6-NVFP4,KimiK25ForConditionalGeneration,gb200,trtllm,1.3.0rc10,PASS,,"python python/aisimulate/tools/support_matrix/generate_fpe_support_matrix.py --model ""nvidia/Kimi-K2.6-NVFP4"" --system ""gb200"" --backend ""trtllm"" --backend-version ""1.3.0rc10"" --forward-model op_level --max-workers 8",silicon,116,29,PASS=116,"decode_end=6789.356857, decode_start=26.603663, mixed=80.270231, prefill=79.563692",26dae1f99b2b50fb17118f38d8a8e95dfac3357c
nvidia/Kimi-K2.6-NVFP4,KimiK25ForConditionalGeneration,gb200,trtllm,1.3.0rc15,PASS,,"python python/aisimulate/tools/support_matrix/generate_fpe_support_matrix.py --model ""nvidia/Kimi-K2.6-NVFP4"" --system ""gb200"" --backend ""trtllm"" --backend-version ""1.3.0rc15"" --forward-model op_level --max-workers 8",silicon,116,29,PASS=116,"decode_end=6789.356857, decode_start=26.603663, mixed=80.270231, prefill=79.563692",26dae1f99b2b50fb17118f38d8a8e95dfac3357c
nvidia/Kimi-K2.6-NVFP4,KimiK25ForConditionalGeneration,gb200,trtllm,1.3.0rc17,PASS,,"python python/aisimulate/tools/support_matrix/generate_fpe_support_matrix.py --model ""nvidia/Kimi-K2.6-NVFP4"" --system ""gb200"" --backend ""trtllm"" --backend-version ""1.3.0rc17"" --forward-model op_level --max-workers 8",silicon,116,29,PASS=116,"decode_end=6787.761520, decode_start=26.597406, mixed=80.255347, prefill=79.531510",26dae1f99b2b50fb17118f38d8a8e95dfac3357c
nvidia/Kimi-K2.6-NVFP4,KimiK25ForConditionalGeneration,gb200,trtllm,1.3.0rc20,PASS,,"python python/aisimulate/tools/support_matrix/generate_fpe_support_matrix.py --model ""nvidia/Kimi-K2.6-NVFP4"" --system ""gb200"" --backend ""trtllm"" --backend-version ""1.3.0rc20"" --forward-model op_level --max-workers 8",silicon,116,29,PASS=116,"decode_end=5836.734713, decode_start=22.817382, mixed=80.079488, prefill=79.354118",26dae1f99b2b50fb17118f38d8a8e95dfac3357c
nvidia/Kimi-K2.6-NVFP4,KimiK25ForConditionalGeneration,gb200,trtllm,1.3.0rc23,PASS,,"python python/aisimulate/tools/support_matrix/generate_fpe_support_matrix.py --model ""nvidia/Kimi-K2.6-NVFP4"" --system ""gb200"" --backend ""trtllm"" --backend-version ""1.3.0rc23"" --forward-model op_level --max-workers 8",silicon,116,29,PASS=116,"decode_end=5836.734713, decode_start=22.817382, mixed=80.079488, prefill=79.354118",26dae1f99b2b50fb17118f38d8a8e95dfac3357c
nvidia/Kimi-K2.6-NVFP4,KimiK25ForConditionalGeneration,gb200,vllm,0.1.dev19262,FAIL,Strict-native op-level FPE probes: PERF_DATA_MISSING=116; raw probes=116; topologies=29; source_sha=26dae1f99b2b50fb17118f38d8a8e95dfac3357c. Representative failure: perf database error: perf database error: no GEMM rows loaded from 1 source(s) (first: <repo>/python/aisimulate/src/aiconfigurator_core/systems/data/gb200/vllm/0.1.dev19262/gemm_perf.parquet),"python python/aisimulate/tools/support_matrix/generate_fpe_support_matrix.py --model ""nvidia/Kimi-K2.6-NVFP4"" --system ""gb200"" --backend ""vllm"" --backend-version ""0.1.dev19262"" --forward-model op_level --max-workers 8",,116,29,PERF_DATA_MISSING=116,,26dae1f99b2b50fb17118f38d8a8e95dfac3357c
nvidia/Kimi-K2.6-NVFP4,KimiK25ForConditionalGeneration,gb200,vllm,0.14.0,PASS,,"python python/aisimulate/tools/support_matrix/generate_fpe_support_matrix.py --model ""nvidia/Kimi-K2.6-NVFP4"" --system ""gb200"" --backend ""vllm"" --backend-version ""0.14.0"" --forward-model op_level --max-workers 8",silicon,116,29,PASS=116,"decode_end=5035.786943, decode_start=19.676410, mixed=67.789523, prefill=66.998982",26dae1f99b2b50fb17118f38d8a8e95dfac3357c
nvidia/Kimi-K2.6-NVFP4,KimiK25ForConditionalGeneration,gb200,vllm,0.19.0,PASS,,"python python/aisimulate/tools/support_matrix/generate_fpe_support_matrix.py --model ""nvidia/Kimi-K2.6-NVFP4"" --system ""gb200"" --backend ""vllm"" --backend-version ""0.19.0"" --forward-model op_level --max-workers 8",silicon,116,29,PASS=116,"decode_end=5656.186595, decode_start=22.167832, mixed=70.588567, prefill=70.148897",26dae1f99b2b50fb17118f38d8a8e95dfac3357c
nvidia/Kimi-K2.6-NVFP4,KimiK25ForConditionalGeneration,gb200,vllm,0.22.0,PASS,,"python python/aisimulate/tools/support_matrix/generate_fpe_support_matrix.py --model ""nvidia/Kimi-K2.6-NVFP4"" --system ""gb200"" --backend ""vllm"" --backend-version ""0.22.0"" --forward-model op_level --max-workers 8",silicon,116,29,PASS=116,"decode_end=5593.528256, decode_start=21.914139, mixed=69.826176, prefill=68.836238",26dae1f99b2b50fb17118f38d8a8e95dfac3357c
nvidia/Kimi-K2.6-NVFP4,KimiK25ForConditionalGeneration,gb200,vllm,0.24.0,PASS,,"python python/aisimulate/tools/support_matrix/generate_fpe_support_matrix.py --model ""nvidia/Kimi-K2.6-NVFP4"" --system ""gb200"" --backend ""vllm"" --backend-version ""0.24.0"" --forward-model op_level --max-workers 8",silicon,116,29,PASS=116,"decode_end=5697.184310, decode_start=22.294050, mixed=70.061220, prefill=68.978478",26dae1f99b2b50fb17118f38d8a8e95dfac3357c
nvidia/Kimi-K2.7-Code-NVFP4,KimiK25ForConditionalGeneration,gb200,sglang,0.5.10,PASS,,"python python/aisimulate/tools/support_matrix/generate_fpe_support_matrix.py --model ""nvidia/Kimi-K2.7-Code-NVFP4"" --system ""gb200"" --backend ""sglang"" --backend-version ""0.5.10"" --forward-model op_level --max-workers 8",silicon,540,135,"PASS=220, SDK_UNREPRESENTABLE=320","decode_end=2929.507475, decode_start=11.434886, mixed=21.965450, prefill=20.342370",26dae1f99b2b50fb17118f38d8a8e95dfac3357c
nvidia/Kimi-K2.7-Code-NVFP4,KimiK25ForConditionalGeneration,gb200,sglang,0.5.12,PASS,,"python python/aisimulate/tools/support_matrix/generate_fpe_support_matrix.py --model ""nvidia/Kimi-K2.7-Code-NVFP4"" --system ""gb200"" --backend ""sglang"" --backend-version ""0.5.12"" --forward-model op_level --max-workers 8",silicon,540,135,"PASS=220, SDK_UNREPRESENTABLE=320","decode_end=4771.429127, decode_start=18.661298, mixed=65.513354, prefill=64.042039",26dae1f99b2b50fb17118f38d8a8e95dfac3357c
nvidia/Kimi-K2.7-Code-NVFP4,KimiK25ForConditionalGeneration,gb200,sglang,0.5.14,PASS,,"python python/aisimulate/tools/support_matrix/generate_fpe_support_matrix.py --model ""nvidia/Kimi-K2.7-Code-NVFP4"" --system ""gb200"" --backend ""sglang"" --backend-version ""0.5.14"" --forward-model op_level --max-workers 8",silicon,540,135,"PASS=220, SDK_UNREPRESENTABLE=320","decode_end=4771.429127, decode_start=18.661298, mixed=65.513354, prefill=64.042039",26dae1f99b2b50fb17118f38d8a8e95dfac3357c
nvidia/Kimi-K2.7-Code-NVFP4,KimiK25ForConditionalGeneration,gb200,sglang,0.5.16,PASS,,"python python/aisimulate/tools/support_matrix/generate_fpe_support_matrix.py --model ""nvidia/Kimi-K2.7-Code-NVFP4"" --system ""gb200"" --backend ""sglang"" --backend-version ""0.5.16"" --forward-model op_level --max-workers 8",silicon,540,135,"PASS=220, SDK_UNREPRESENTABLE=320","decode_end=4771.429127, decode_start=18.661298, mixed=65.513354, prefill=64.042039",26dae1f99b2b50fb17118f38d8a8e95dfac3357c
nvidia/Kimi-K2.7-Code-NVFP4,KimiK25ForConditionalGeneration,gb200,sglang,0.5.9,PASS,,"python python/aisimulate/tools/support_matrix/generate_fpe_support_matrix.py --model ""nvidia/Kimi-K2.7-Code-NVFP4"" --system ""gb200"" --backend ""sglang"" --backend-version ""0.5.9"" --forward-model op_level --max-workers 8",silicon,540,135,"PASS=220, SDK_UNREPRESENTABLE=320","decode_end=2920.069603, decode_start=11.403319, mixed=22.411321, prefill=20.752367",26dae1f99b2b50fb17118f38d8a8e95dfac3357c
nvidia/Kimi-K2.7-Code-NVFP4,KimiK25ForConditionalGeneration,gb200,trtllm,1.3.0rc10,PASS,,"python python/aisimulate/tools/support_matrix/generate_fpe_support_matrix.py --model ""nvidia/Kimi-K2.7-Code-NVFP4"" --system ""gb200"" --backend ""trtllm"" --backend-version ""1.3.0rc10"" --forward-model op_level --max-workers 8",silicon,116,29,PASS=116,"decode_end=6789.356857, decode_start=26.603663, mixed=80.270231, prefill=79.563692",26dae1f99b2b50fb17118f38d8a8e95dfac3357c
nvidia/Kimi-K2.7-Code-NVFP4,KimiK25ForConditionalGeneration,gb200,trtllm,1.3.0rc15,PASS,,"python python/aisimulate/tools/support_matrix/generate_fpe_support_matrix.py --model ""nvidia/Kimi-K2.7-Code-NVFP4"" --system ""gb200"" --backend ""trtllm"" --backend-version ""1.3.0rc15"" --forward-model op_level --max-workers 8",silicon,116,29,PASS=116,"decode_end=6789.356857, decode_start=26.603663, mixed=80.270231, prefill=79.563692",26dae1f99b2b50fb17118f38d8a8e95dfac3357c
nvidia/Kimi-K2.7-Code-NVFP4,KimiK25ForConditionalGeneration,gb200,trtllm,1.3.0rc17,PASS,,"python python/aisimulate/tools/support_matrix/generate_fpe_support_matrix.py --model ""nvidia/Kimi-K2.7-Code-NVFP4"" --system ""gb200"" --backend ""trtllm"" --backend-version ""1.3.0rc17"" --forward-model op_level --max-workers 8",silicon,116,29,PASS=116,"decode_end=6787.761520, decode_start=26.597406, mixed=80.255347, prefill=79.531510",26dae1f99b2b50fb17118f38d8a8e95dfac3357c
nvidia/Kimi-K2.7-Code-NVFP4,KimiK25ForConditionalGeneration,gb200,trtllm,1.3.0rc20,PASS,,"python python/aisimulate/tools/support_matrix/generate_fpe_support_matrix.py --model ""nvidia/Kimi-K2.7-Code-NVFP4"" --system ""gb200"" --backend ""trtllm"" --backend-version ""1.3.0rc20"" --forward-model op_level --max-workers 8",silicon,116,29,PASS=116,"decode_end=5836.734713, decode_start=22.817382, mixed=80.079488, prefill=79.354118",26dae1f99b2b50fb17118f38d8a8e95dfac3357c
nvidia/Kimi-K2.7-Code-NVFP4,KimiK25ForConditionalGeneration,gb200,trtllm,1.3.0rc23,PASS,,"python python/aisimulate/tools/support_matrix/generate_fpe_support_matrix.py --model ""nvidia/Kimi-K2.7-Code-NVFP4"" --system ""gb200"" --backend ""trtllm"" --backend-version ""1.3.0rc23"" --forward-model op_level --max-workers 8",silicon,116,29,PASS=116,"decode_end=5836.734713, decode_start=22.817382, mixed=80.079488, prefill=79.354118",26dae1f99b2b50fb17118f38d8a8e95dfac3357c
nvidia/Kimi-K2.7-Code-NVFP4,KimiK25ForConditionalGeneration,gb200,vllm,0.1.dev19262,FAIL,Strict-native op-level FPE probes: PERF_DATA_MISSING=116; raw probes=116; topologies=29; source_sha=26dae1f99b2b50fb17118f38d8a8e95dfac3357c. Representative failure: perf database error: perf database error: no GEMM rows loaded from 1 source(s) (first: <repo>/python/aisimulate/src/aiconfigurator_core/systems/data/gb200/vllm/0.1.dev19262/gemm_perf.parquet),"python python/aisimulate/tools/support_matrix/generate_fpe_support_matrix.py --model ""nvidia/Kimi-K2.7-Code-NVFP4"" --system ""gb200"" --backend ""vllm"" --backend-version ""0.1.dev19262"" --forward-model op_level --max-workers 8",,116,29,PERF_DATA_MISSING=116,,26dae1f99b2b50fb17118f38d8a8e95dfac3357c
nvidia/Kimi-K2.7-Code-NVFP4,KimiK25ForConditionalGeneration,gb200,vllm,0.14.0,PASS,,"python python/aisimulate/tools/support_matrix/generate_fpe_support_matrix.py --model ""nvidia/Kimi-K2.7-Code-NVFP4"" --system ""gb200"" --backend ""vllm"" --backend-version ""0.14.0"" --forward-model op_level --max-workers 8",silicon,116,29,PASS=116,"decode_end=5035.786943, decode_start=19.676410, mixed=67.789523, prefill=66.998982",26dae1f99b2b50fb17118f38d8a8e95dfac3357c
nvidia/Kimi-K2.7-Code-NVFP4,KimiK25ForConditionalGeneration,gb200,vllm,0.19.0,PASS,,"python python/aisimulate/tools/support_matrix/generate_fpe_support_matrix.py --model ""nvidia/Kimi-K2.7-Code-NVFP4"" --system ""gb200"" --backend ""vllm"" --backend-version ""0.19.0"" --forward-model op_level --max-workers 8",silicon,116,29,PASS=116,"decode_end=5656.186595, decode_start=22.167832, mixed=70.588567, prefill=70.148897",26dae1f99b2b50fb17118f38d8a8e95dfac3357c
nvidia/Kimi-K2.7-Code-NVFP4,KimiK25ForConditionalGeneration,gb200,vllm,0.22.0,PASS,,"python python/aisimulate/tools/support_matrix/generate_fpe_support_matrix.py --model ""nvidia/Kimi-K2.7-Code-NVFP4"" --system ""gb200"" --backend ""vllm"" --backend-version ""0.22.0"" --forward-model op_level --max-workers 8",silicon,116,29,PASS=116,"decode_end=5593.528256, decode_start=21.914139, mixed=69.826176, prefill=68.836238",26dae1f99b2b50fb17118f38d8a8e95dfac3357c
nvidia/Kimi-K2.7-Code-NVFP4,KimiK25ForConditionalGeneration,gb200,vllm,0.24.0,PASS,,"python python/aisimulate/tools/support_matrix/generate_fpe_support_matrix.py --model ""nvidia/Kimi-K2.7-Code-NVFP4"" --system ""gb200"" --backend ""vllm"" --backend-version ""0.24.0"" --forward-model op_level --max-workers 8",silicon,116,29,PASS=116,"decode_end=5697.184310, decode_start=22.294050, mixed=70.061220, prefill=68.978478",26dae1f99b2b50fb17118f38d8a8e95dfac3357c
nvidia/Llama-3.1-70B-Instruct-FP8,LlamaForCausalLM,gb200,sglang,0.5.10,FAIL,"Strict-native op-level FPE probes: PERF_DATA_MISSING=20, SDK_UNREPRESENTABLE=36; raw probes=56; topologies=14; source_sha=26dae1f99b2b50fb17118f38d8a8e95dfac3357c. Representative failure: perf database error: perf database error: no rows loaded from 1 source(s) (first: <repo>/python/aisimulate/src/aiconfigurator_core/systems/data/gb200/sglang/0.5.10/computescale_perf.parquet)","python python/aisimulate/tools/support_matrix/generate_fpe_support_matrix.py --model ""nvidia/Llama-3.1-70B-Instruct-FP8"" --system ""gb200"" --backend ""sglang"" --backend-version ""0.5.10"" --forward-model op_level --max-workers 8",,56,14,"PERF_DATA_MISSING=20, SDK_UNREPRESENTABLE=36",,26dae1f99b2b50fb17118f38d8a8e95dfac3357c
nvidia/Llama-3.1-70B-Instruct-FP8,LlamaForCausalLM,gb200,sglang,0.5.12,PASS,,"python python/aisimulate/tools/support_matrix/generate_fpe_support_matrix.py --model ""nvidia/Llama-3.1-70B-Instruct-FP8"" --system ""gb200"" --backend ""sglang"" --backend-version ""0.5.12"" --forward-model op_level --max-workers 8",silicon,56,14,"PASS=20, SDK_UNREPRESENTABLE=36","decode_end=3743.241396, decode_start=14.630346, mixed=20.573684, prefill=15.285906",26dae1f99b2b50fb17118f38d8a8e95dfac3357c
nvidia/Llama-3.1-70B-Instruct-FP8,LlamaForCausalLM,gb200,sglang,0.5.14,PASS,,"python python/aisimulate/tools/support_matrix/generate_fpe_support_matrix.py --model ""nvidia/Llama-3.1-70B-Instruct-FP8"" --system ""gb200"" --backend ""sglang"" --backend-version ""0.5.14"" --forward-model op_level --max-workers 8",silicon,56,14,"PASS=20, SDK_UNREPRESENTABLE=36","decode_end=3743.241396, decode_start=14.630346, mixed=20.573684, prefill=15.285906",26dae1f99b2b50fb17118f38d8a8e95dfac3357c
nvidia/Llama-3.1-70B-Instruct-FP8,LlamaForCausalLM,gb200,sglang,0.5.16,PASS,,"python python/aisimulate/tools/support_matrix/generate_fpe_support_matrix.py --model ""nvidia/Llama-3.1-70B-Instruct-FP8"" --system ""gb200"" --backend ""sglang"" --backend-version ""0.5.16"" --forward-model op_level --max-workers 8",silicon,56,14,"PASS=20, SDK_UNREPRESENTABLE=36","decode_end=3743.241396, decode_start=14.630346, mixed=20.573684, prefill=15.285906",26dae1f99b2b50fb17118f38d8a8e95dfac3357c
nvidia/Llama-3.1-70B-Instruct-FP8,LlamaForCausalLM,gb200,sglang,0.5.9,FAIL,"Strict-native op-level FPE probes: PERF_DATA_MISSING=20, SDK_UNREPRESENTABLE=36; raw probes=56; topologies=14; source_sha=26dae1f99b2b50fb17118f38d8a8e95dfac3357c. Representative failure: perf database error: perf database error: no rows loaded from 1 source(s) (first: <repo>/python/aisimulate/src/aiconfigurator_core/systems/data/gb200/sglang/0.5.9/computescale_perf.parquet)","python python/aisimulate/tools/support_matrix/generate_fpe_support_matrix.py --model ""nvidia/Llama-3.1-70B-Instruct-FP8"" --system ""gb200"" --backend ""sglang"" --backend-version ""0.5.9"" --forward-model op_level --max-workers 8",,56,14,"PERF_DATA_MISSING=20, SDK_UNREPRESENTABLE=36",,26dae1f99b2b50fb17118f38d8a8e95dfac3357c
nvidia/Llama-3.1-70B-Instruct-FP8,LlamaForCausalLM,gb200,trtllm,1.3.0rc10,PASS,,"python python/aisimulate/tools/support_matrix/generate_fpe_support_matrix.py --model ""nvidia/Llama-3.1-70B-Instruct-FP8"" --system ""gb200"" --backend ""trtllm"" --backend-version ""1.3.0rc10"" --forward-model op_level --max-workers 8",silicon,20,5,PASS=20,"decode_end=3965.504877, decode_start=15.258138, mixed=21.606142, prefill=18.386849",26dae1f99b2b50fb17118f38d8a8e95dfac3357c
nvidia/Llama-3.1-70B-Instruct-FP8,LlamaForCausalLM,gb200,trtllm,1.3.0rc15,PASS,,"python python/aisimulate/tools/support_matrix/generate_fpe_support_matrix.py --model ""nvidia/Llama-3.1-70B-Instruct-FP8"" --system ""gb200"" --backend ""trtllm"" --backend-version ""1.3.0rc15"" --forward-model op_level --max-workers 8",silicon,20,5,PASS=20,"decode_end=3965.504877, decode_start=15.258138, mixed=21.606142, prefill=18.386849",26dae1f99b2b50fb17118f38d8a8e95dfac3357c
nvidia/Llama-3.1-70B-Instruct-FP8,LlamaForCausalLM,gb200,trtllm,1.3.0rc17,PASS,,"python python/aisimulate/tools/support_matrix/generate_fpe_support_matrix.py --model ""nvidia/Llama-3.1-70B-Instruct-FP8"" --system ""gb200"" --backend ""trtllm"" --backend-version ""1.3.0rc17"" --forward-model op_level --max-workers 8",silicon,20,5,PASS=20,"decode_end=3643.174841, decode_start=14.286664, mixed=20.129736, prefill=18.552031",26dae1f99b2b50fb17118f38d8a8e95dfac3357c
nvidia/Llama-3.1-70B-Instruct-FP8,LlamaForCausalLM,gb200,trtllm,1.3.0rc20,PASS,,"python python/aisimulate/tools/support_matrix/generate_fpe_support_matrix.py --model ""nvidia/Llama-3.1-70B-Instruct-FP8"" --system ""gb200"" --backend ""trtllm"" --backend-version ""1.3.0rc20"" --forward-model op_level --max-workers 8",silicon,20,5,PASS=20,"decode_end=3675.912716, decode_start=14.385224, mixed=20.832462, prefill=18.791023",26dae1f99b2b50fb17118f38d8a8e95dfac3357c
nvidia/Llama-3.1-70B-Instruct-FP8,LlamaForCausalLM,gb200,trtllm,1.3.0rc23,PASS,,"python python/aisimulate/tools/support_matrix/generate_fpe_support_matrix.py --model ""nvidia/Llama-3.1-70B-Instruct-FP8"" --system ""gb200"" --backend ""trtllm"" --backend-version ""1.3.0rc23"" --forward-model op_level --max-workers 8",silicon,20,5,PASS=20,"decode_end=3675.912716, decode_start=14.385224, mixed=20.832462, prefill=18.791023",26dae1f99b2b50fb17118f38d8a8e95dfac3357c
nvidia/Llama-3.1-70B-Instruct-FP8,LlamaForCausalLM,gb200,vllm,0.1.dev19262,FAIL,Strict-native op-level FPE probes: PERF_DATA_MISSING=20; raw probes=20; topologies=5; source_sha=26dae1f99b2b50fb17118f38d8a8e95dfac3357c. Representative failure: perf database error: perf database error: no GEMM rows loaded from 1 source(s) (first: <repo>/python/aisimulate/src/aiconfigurator_core/systems/data/gb200/vllm/0.1.dev19262/gemm_perf.parquet),"python python/aisimulate/tools/support_matrix/generate_fpe_support_matrix.py --model ""nvidia/Llama-3.1-70B-Instruct-FP8"" --system ""gb200"" --backend ""vllm"" --backend-version ""0.1.dev19262"" --forward-model op_level --max-workers 8",,20,5,PERF_DATA_MISSING=20,,26dae1f99b2b50fb17118f38d8a8e95dfac3357c
nvidia/Llama-3.1-70B-Instruct-FP8,LlamaForCausalLM,gb200,vllm,0.14.0,FAIL,Strict-native op-level FPE probes: PERF_DATA_MISSING=20; raw probes=20; topologies=5; source_sha=26dae1f99b2b50fb17118f38d8a8e95dfac3357c. Representative failure: perf database error: perf database error: no rows loaded from 1 source(s) (first: <repo>/python/aisimulate/src/aiconfigurator_core/systems/data/gb200/vllm/0.14.0/computescale_perf.parquet),"python python/aisimulate/tools/support_matrix/generate_fpe_support_matrix.py --model ""nvidia/Llama-3.1-70B-Instruct-FP8"" --system ""gb200"" --backend ""vllm"" --backend-version ""0.14.0"" --forward-model op_level --max-workers 8",,20,5,PERF_DATA_MISSING=20,,26dae1f99b2b50fb17118f38d8a8e95dfac3357c
nvidia/Llama-3.1-70B-Instruct-FP8,LlamaForCausalLM,gb200,vllm,0.19.0,FAIL,Strict-native op-level FPE probes: PERF_DATA_MISSING=20; raw probes=20; topologies=5; source_sha=26dae1f99b2b50fb17118f38d8a8e95dfac3357c. Representative failure: perf database error: perf database error: no rows loaded from 1 source(s) (first: <repo>/python/aisimulate/src/aiconfigurator_core/systems/data/gb200/vllm/0.19.0/computescale_perf.parquet),"python python/aisimulate/tools/support_matrix/generate_fpe_support_matrix.py --model ""nvidia/Llama-3.1-70B-Instruct-FP8"" --system ""gb200"" --backend ""vllm"" --backend-version ""0.19.0"" --forward-model op_level --max-workers 8",,20,5,PERF_DATA_MISSING=20,,26dae1f99b2b50fb17118f38d8a8e95dfac3357c
nvidia/Llama-3.1-70B-Instruct-FP8,LlamaForCausalLM,gb200,vllm,0.22.0,PASS,,"python python/aisimulate/tools/support_matrix/generate_fpe_support_matrix.py --model ""nvidia/Llama-3.1-70B-Instruct-FP8"" --system ""gb200"" --backend ""vllm"" --backend-version ""0.22.0"" --forward-model op_level --max-workers 8",silicon,20,5,PASS=20,"decode_end=3496.487259, decode_start=13.651173, mixed=24.145334, prefill=17.247730",26dae1f99b2b50fb17118f38d8a8e95dfac3357c
nvidia/Llama-3.1-70B-Instruct-FP8,LlamaForCausalLM,gb200,vllm,0.24.0,PASS,,"python python/aisimulate/tools/support_matrix/generate_fpe_support_matrix.py --model ""nvidia/Llama-3.1-70B-Instruct-FP8"" --system ""gb200"" --backend ""vllm"" --backend-version ""0.24.0"" --forward-model op_level --max-workers 8",silicon,20,5,PASS=20,"decode_end=3698.465954, decode_start=14.506015, mixed=21.691417, prefill=17.210508",26dae1f99b2b50fb17118f38d8a8e95dfac3357c
nvidia/MiniMax-M2.7-NVFP4,MiniMaxM2ForCausalLM,gb200,sglang,0.5.10,PASS,,"python python/aisimulate/tools/support_matrix/generate_fpe_support_matrix.py --model ""nvidia/MiniMax-M2.7-NVFP4"" --system ""gb200"" --backend ""sglang"" --backend-version ""0.5.10"" --forward-model op_level --max-workers 8",silicon,540,135,"PASS=220, SDK_UNREPRESENTABLE=320","decode_end=2558.939123, decode_start=10.034686, mixed=25.807902, prefill=24.961039",26dae1f99b2b50fb17118f38d8a8e95dfac3357c
nvidia/MiniMax-M2.7-NVFP4,MiniMaxM2ForCausalLM,gb200,sglang,0.5.12,PASS,,"python python/aisimulate/tools/support_matrix/generate_fpe_support_matrix.py --model ""nvidia/MiniMax-M2.7-NVFP4"" --system ""gb200"" --backend ""sglang"" --backend-version ""0.5.12"" --forward-model op_level --max-workers 8",silicon,540,135,"PASS=220, SDK_UNREPRESENTABLE=320","decode_end=1986.779517, decode_start=7.791620, mixed=21.967316, prefill=20.744144",26dae1f99b2b50fb17118f38d8a8e95dfac3357c
nvidia/MiniMax-M2.7-NVFP4,MiniMaxM2ForCausalLM,gb200,sglang,0.5.14,PASS,,"python python/aisimulate/tools/support_matrix/generate_fpe_support_matrix.py --model ""nvidia/MiniMax-M2.7-NVFP4"" --system ""gb200"" --backend ""sglang"" --backend-version ""0.5.14"" --forward-model op_level --max-workers 8",silicon,540,135,"PASS=220, SDK_UNREPRESENTABLE=320","decode_end=1986.779517, decode_start=7.791620, mixed=21.967316, prefill=20.744144",26dae1f99b2b50fb17118f38d8a8e95dfac3357c
nvidia/MiniMax-M2.7-NVFP4,MiniMaxM2ForCausalLM,gb200,sglang,0.5.16,PASS,,"python python/aisimulate/tools/support_matrix/generate_fpe_support_matrix.py --model ""nvidia/MiniMax-M2.7-NVFP4"" --system ""gb200"" --backend ""sglang"" --backend-version ""0.5.16"" --forward-model op_level --max-workers 8",silicon,540,135,"PASS=220, SDK_UNREPRESENTABLE=320","decode_end=1986.779517, decode_start=7.791620, mixed=21.967316, prefill=20.744144",26dae1f99b2b50fb17118f38d8a8e95dfac3357c
nvidia/MiniMax-M2.7-NVFP4,MiniMaxM2ForCausalLM,gb200,sglang,0.5.9,PASS,,"python python/aisimulate/tools/support_matrix/generate_fpe_support_matrix.py --model ""nvidia/MiniMax-M2.7-NVFP4"" --system ""gb200"" --backend ""sglang"" --backend-version ""0.5.9"" --forward-model op_level --max-workers 8",silicon,540,135,"PASS=220, SDK_UNREPRESENTABLE=320","decode_end=2572.001914, decode_start=10.087606, mixed=25.670446, prefill=24.889129",26dae1f99b2b50fb17118f38d8a8e95dfac3357c
nvidia/MiniMax-M2.7-NVFP4,MiniMaxM2ForCausalLM,gb200,trtllm,1.3.0rc10,PASS,,"python python/aisimulate/tools/support_matrix/generate_fpe_support_matrix.py --model ""nvidia/MiniMax-M2.7-NVFP4"" --system ""gb200"" --backend ""trtllm"" --backend-version ""1.3.0rc10"" --forward-model op_level --max-workers 8",silicon,116,29,"PASS=108, PERF_DATA_MISSING=8","decode_end=2133.768389, decode_start=8.179784, mixed=42.780825, prefill=19.923032",26dae1f99b2b50fb17118f38d8a8e95dfac3357c
nvidia/MiniMax-M2.7-NVFP4,MiniMaxM2ForCausalLM,gb200,trtllm,1.3.0rc15,PASS,,"python python/aisimulate/tools/support_matrix/generate_fpe_support_matrix.py --model ""nvidia/MiniMax-M2.7-NVFP4"" --system ""gb200"" --backend ""trtllm"" --backend-version ""1.3.0rc15"" --forward-model op_level --max-workers 8",silicon,116,29,"PASS=108, PERF_DATA_MISSING=8","decode_end=2133.768389, decode_start=8.179784, mixed=42.780825, prefill=19.923032",26dae1f99b2b50fb17118f38d8a8e95dfac3357c
nvidia/MiniMax-M2.7-NVFP4,MiniMaxM2ForCausalLM,gb200,trtllm,1.3.0rc17,PASS,,"python python/aisimulate/tools/support_matrix/generate_fpe_support_matrix.py --model ""nvidia/MiniMax-M2.7-NVFP4"" --system ""gb200"" --backend ""trtllm"" --backend-version ""1.3.0rc17"" --forward-model op_level --max-workers 8",silicon,116,29,"PASS=108, PERF_DATA_MISSING=8","decode_end=1945.418056, decode_start=7.615448, mixed=41.992149, prefill=19.841726",26dae1f99b2b50fb17118f38d8a8e95dfac3357c
nvidia/MiniMax-M2.7-NVFP4,MiniMaxM2ForCausalLM,gb200,trtllm,1.3.0rc20,PASS,,"python python/aisimulate/tools/support_matrix/generate_fpe_support_matrix.py --model ""nvidia/MiniMax-M2.7-NVFP4"" --system ""gb200"" --backend ""trtllm"" --backend-version ""1.3.0rc20"" --forward-model op_level --max-workers 8",silicon,116,29,"PASS=108, PERF_DATA_MISSING=8","decode_end=2027.185383, decode_start=7.940139, mixed=27.571476, prefill=19.742950",26dae1f99b2b50fb17118f38d8a8e95dfac3357c
nvidia/MiniMax-M2.7-NVFP4,MiniMaxM2ForCausalLM,gb200,trtllm,1.3.0rc23,PASS,,"python python/aisimulate/tools/support_matrix/generate_fpe_support_matrix.py --model ""nvidia/MiniMax-M2.7-NVFP4"" --system ""gb200"" --backend ""trtllm"" --backend-version ""1.3.0rc23"" --forward-model op_level --max-workers 8",silicon,116,29,"PASS=108, PERF_DATA_MISSING=8","decode_end=2027.185383, decode_start=7.940139, mixed=27.571476, prefill=19.742950",26dae1f99b2b50fb17118f38d8a8e95dfac3357c
nvidia/MiniMax-M2.7-NVFP4,MiniMaxM2ForCausalLM,gb200,vllm,0.1.dev19262,FAIL,Strict-native op-level FPE probes: PERF_DATA_MISSING=116; raw probes=116; topologies=29; source_sha=26dae1f99b2b50fb17118f38d8a8e95dfac3357c. Representative failure: perf database error: perf database error: no GEMM rows loaded from 1 source(s) (first: <repo>/python/aisimulate/src/aiconfigurator_core/systems/data/gb200/vllm/0.1.dev19262/gemm_perf.parquet),"python python/aisimulate/tools/support_matrix/generate_fpe_support_matrix.py --model ""nvidia/MiniMax-M2.7-NVFP4"" --system ""gb200"" --backend ""vllm"" --backend-version ""0.1.dev19262"" --forward-model op_level --max-workers 8",,116,29,PERF_DATA_MISSING=116,,26dae1f99b2b50fb17118f38d8a8e95dfac3357c
nvidia/MiniMax-M2.7-NVFP4,MiniMaxM2ForCausalLM,gb200,vllm,0.14.0,PASS,,"python python/aisimulate/tools/support_matrix/generate_fpe_support_matrix.py --model ""nvidia/MiniMax-M2.7-NVFP4"" --system ""gb200"" --backend ""vllm"" --backend-version ""0.14.0"" --forward-model op_level --max-workers 8",silicon,116,29,"PASS=96, PERF_DATA_MISSING=20","decode_end=2220.372706, decode_start=8.702168, mixed=22.628155, prefill=21.791276",26dae1f99b2b50fb17118f38d8a8e95dfac3357c
nvidia/MiniMax-M2.7-NVFP4,MiniMaxM2ForCausalLM,gb200,vllm,0.19.0,PASS,,"python python/aisimulate/tools/support_matrix/generate_fpe_support_matrix.py --model ""nvidia/MiniMax-M2.7-NVFP4"" --system ""gb200"" --backend ""vllm"" --backend-version ""0.19.0"" --forward-model op_level --max-workers 8",silicon,116,29,"PASS=96, PERF_DATA_MISSING=20","decode_end=2006.702718, decode_start=7.854761, mixed=21.362759, prefill=20.605025",26dae1f99b2b50fb17118f38d8a8e95dfac3357c
nvidia/MiniMax-M2.7-NVFP4,MiniMaxM2ForCausalLM,gb200,vllm,0.22.0,PASS,,"python python/aisimulate/tools/support_matrix/generate_fpe_support_matrix.py --model ""nvidia/MiniMax-M2.7-NVFP4"" --system ""gb200"" --backend ""vllm"" --backend-version ""0.22.0"" --forward-model op_level --max-workers 8",silicon,116,29,"PASS=96, PERF_DATA_MISSING=20","decode_end=2010.160382, decode_start=7.885157, mixed=21.459879, prefill=20.579701",26dae1f99b2b50fb17118f38d8a8e95dfac3357c
nvidia/MiniMax-M2.7-NVFP4,MiniMaxM2ForCausalLM,gb200,vllm,0.24.0,PASS,,"python python/aisimulate/tools/support_matrix/generate_fpe_support_matrix.py --model ""nvidia/MiniMax-M2.7-NVFP4"" --system ""gb200"" --backend ""vllm"" --backend-version ""0.24.0"" --forward-model op_level --max-workers 8",silicon,116,29,"PASS=96, PERF_DATA_MISSING=20","decode_end=1996.705471, decode_start=7.832393, mixed=21.490174, prefill=20.512229",26dae1f99b2b50fb17118f38d8a8e95dfac3357c
nvidia/MiniMax-M3-NVFP4,MiniMaxM3SparseForConditionalGeneration,gb200,sglang,0.5.10,FAIL,"Strict-native op-level FPE probes: PERF_DATA_MISSING=220; raw probes=220; topologies=55; source_sha=26dae1f99b2b50fb17118f38d8a8e95dfac3357c. Representative failure: perf database error: MoE data missing for MoeKey { quant: ""nvfp4"", distribution: ""power_law_1.01"", topk: 4, num_experts: 128, hidden_size: 6144, inter_size: 3072, moe_tp_size: 1, moe_ep_size: 1 } at <repo>/python/aisimulate/src/aiconfigurator_core/systems/data/gb200/sglang/0.5.10","python python/aisimulate/tools/support_matrix/generate_fpe_support_matrix.py --model ""nvidia/MiniMax-M3-NVFP4"" --system ""gb200"" --backend ""sglang"" --backend-version ""0.5.10"" --forward-model op_level --max-workers 8",,220,55,PERF_DATA_MISSING=220,,26dae1f99b2b50fb17118f38d8a8e95dfac3357c
nvidia/MiniMax-M3-NVFP4,MiniMaxM3SparseForConditionalGeneration,gb200,sglang,0.5.12,FAIL,Strict-native op-level FPE probes: PERF_DATA_MISSING=220; raw probes=220; topologies=55; source_sha=26dae1f99b2b50fb17118f38d8a8e95dfac3357c. Representative failure: perf database error: perf database error: perf database error: no DSA module rows loaded from 1 source(s) (first: <repo>/python/aisimulate/src/aiconfigurator_core/systems/data/gb200/sglang/0.5.12/msa_context_module_perf.parquet),"python python/aisimulate/tools/support_matrix/generate_fpe_support_matrix.py --model ""nvidia/MiniMax-M3-NVFP4"" --system ""gb200"" --backend ""sglang"" --backend-version ""0.5.12"" --forward-model op_level --max-workers 8",,220,55,PERF_DATA_MISSING=220,,26dae1f99b2b50fb17118f38d8a8e95dfac3357c
nvidia/MiniMax-M3-NVFP4,MiniMaxM3SparseForConditionalGeneration,gb200,sglang,0.5.14,FAIL,Strict-native op-level FPE probes: PERF_DATA_MISSING=220; raw probes=220; topologies=55; source_sha=26dae1f99b2b50fb17118f38d8a8e95dfac3357c. Representative failure: perf database error: perf database error: perf database error: no DSA module rows loaded from 1 source(s) (first: <repo>/python/aisimulate/src/aiconfigurator_core/systems/data/gb200/sglang/0.5.14/msa_context_module_perf.parquet),"python python/aisimulate/tools/support_matrix/generate_fpe_support_matrix.py --model ""nvidia/MiniMax-M3-NVFP4"" --system ""gb200"" --backend ""sglang"" --backend-version ""0.5.14"" --forward-model op_level --max-workers 8",,220,55,PERF_DATA_MISSING=220,,26dae1f99b2b50fb17118f38d8a8e95dfac3357c
nvidia/MiniMax-M3-NVFP4,MiniMaxM3SparseForConditionalGeneration,gb200,sglang,0.5.16,FAIL,"Strict-native op-level FPE probes: PERF_DATA_MISSING=220; raw probes=220; topologies=55; source_sha=26dae1f99b2b50fb17118f38d8a8e95dfac3357c. Representative failure: perf database error: context MSA module data missing for DsaKey { architecture: ""MiniMaxM3ForCausalLM"", fmha_quant: ""bfloat16"", kv_quant: ""bfloat16"", gemm_quant: ""fp8_block"" } at <repo>/python/aisimulate/src/aiconfigurator_core/systems/data/gb200/sglang/0.5.16","python python/aisimulate/tools/support_matrix/generate_fpe_support_matrix.py --model ""nvidia/MiniMax-M3-NVFP4"" --system ""gb200"" --backend ""sglang"" --backend-version ""0.5.16"" --forward-model op_level --max-workers 8",,220,55,PERF_DATA_MISSING=220,,26dae1f99b2b50fb17118f38d8a8e95dfac3357c
nvidia/MiniMax-M3-NVFP4,MiniMaxM3SparseForConditionalGeneration,gb200,sglang,0.5.9,FAIL,"Strict-native op-level FPE probes: PERF_DATA_MISSING=220; raw probes=220; topologies=55; source_sha=26dae1f99b2b50fb17118f38d8a8e95dfac3357c. Representative failure: perf database error: MoE data missing for MoeKey { quant: ""nvfp4"", distribution: ""power_law_1.01"", topk: 4, num_experts: 128, hidden_size: 6144, inter_size: 3072, moe_tp_size: 1, moe_ep_size: 1 } at <repo>/python/aisimulate/src/aiconfigurator_core/systems/data/gb200/sglang/0.5.9","python python/aisimulate/tools/support_matrix/generate_fpe_support_matrix.py --model ""nvidia/MiniMax-M3-NVFP4"" --system ""gb200"" --backend ""sglang"" --backend-version ""0.5.9"" --forward-model op_level --max-workers 8",,220,55,PERF_DATA_MISSING=220,,26dae1f99b2b50fb17118f38d8a8e95dfac3357c
nvidia/MiniMax-M3-NVFP4,MiniMaxM3SparseForConditionalGeneration,gb200,trtllm,1.3.0rc10,FAIL,"Strict-native op-level FPE probes: PERF_DATA_MISSING=116; raw probes=116; topologies=29; source_sha=26dae1f99b2b50fb17118f38d8a8e95dfac3357c. Representative failure: perf database error: MoE data missing for MoeKey { quant: ""nvfp4"", distribution: ""power_law_1.01"", topk: 4, num_experts: 128, hidden_size: 6144, inter_size: 3072, moe_tp_size: 1, moe_ep_size: 1 } at <repo>/python/aisimulate/src/aiconfigurator_core/systems/data/gb200/trtllm/1.3.0rc10","python python/aisimulate/tools/support_matrix/generate_fpe_support_matrix.py --model ""nvidia/MiniMax-M3-NVFP4"" --system ""gb200"" --backend ""trtllm"" --backend-version ""1.3.0rc10"" --forward-model op_level --max-workers 8",,116,29,PERF_DATA_MISSING=116,,26dae1f99b2b50fb17118f38d8a8e95dfac3357c
nvidia/MiniMax-M3-NVFP4,MiniMaxM3SparseForConditionalGeneration,gb200,trtllm,1.3.0rc15,FAIL,"Strict-native op-level FPE probes: PERF_DATA_MISSING=116; raw probes=116; topologies=29; source_sha=26dae1f99b2b50fb17118f38d8a8e95dfac3357c. Representative failure: perf database error: MoE data missing for MoeKey { quant: ""nvfp4"", distribution: ""power_law_1.01"", topk: 4, num_experts: 128, hidden_size: 6144, inter_size: 3072, moe_tp_size: 1, moe_ep_size: 1 } at <repo>/python/aisimulate/src/aiconfigurator_core/systems/data/gb200/trtllm/1.3.0rc15","python python/aisimulate/tools/support_matrix/generate_fpe_support_matrix.py --model ""nvidia/MiniMax-M3-NVFP4"" --system ""gb200"" --backend ""trtllm"" --backend-version ""1.3.0rc15"" --forward-model op_level --max-workers 8",,116,29,PERF_DATA_MISSING=116,,26dae1f99b2b50fb17118f38d8a8e95dfac3357c
nvidia/MiniMax-M3-NVFP4,MiniMaxM3SparseForConditionalGeneration,gb200,trtllm,1.3.0rc17,FAIL,"Strict-native op-level FPE probes: PERF_DATA_MISSING=116; raw probes=116; topologies=29; source_sha=26dae1f99b2b50fb17118f38d8a8e95dfac3357c. Representative failure: perf database error: MoE data missing for MoeKey { quant: ""nvfp4"", distribution: ""power_law_1.01"", topk: 4, num_experts: 128, hidden_size: 6144, inter_size: 3072, moe_tp_size: 1, moe_ep_size: 1 } at <repo>/python/aisimulate/src/aiconfigurator_core/systems/data/gb200/trtllm/1.3.0rc17","python python/aisimulate/tools/support_matrix/generate_fpe_support_matrix.py --model ""nvidia/MiniMax-M3-NVFP4"" --system ""gb200"" --backend ""trtllm"" --backend-version ""1.3.0rc17"" --forward-model op_level --max-workers 8",,116,29,PERF_DATA_MISSING=116,,26dae1f99b2b50fb17118f38d8a8e95dfac3357c
nvidia/MiniMax-M3-NVFP4,MiniMaxM3SparseForConditionalGeneration,gb200,trtllm,1.3.0rc20,FAIL,Strict-native op-level FPE probes: PERF_DATA_MISSING=116; raw probes=116; topologies=29; source_sha=26dae1f99b2b50fb17118f38d8a8e95dfac3357c. Representative failure: perf database error: perf database error: perf database error: no DSA module rows loaded from 1 source(s) (first: <repo>/python/aisimulate/src/aiconfigurator_core/systems/data/gb200/trtllm/1.3.0rc20/msa_context_module_perf.parquet),"python python/aisimulate/tools/support_matrix/generate_fpe_support_matrix.py --model ""nvidia/MiniMax-M3-NVFP4"" --system ""gb200"" --backend ""trtllm"" --backend-version ""1.3.0rc20"" --forward-model op_level --max-workers 8",,116,29,PERF_DATA_MISSING=116,,26dae1f99b2b50fb17118f38d8a8e95dfac3357c
nvidia/MiniMax-M3-NVFP4,MiniMaxM3SparseForConditionalGeneration,gb200,trtllm,1.3.0rc23,PASS,,"python python/aisimulate/tools/support_matrix/generate_fpe_support_matrix.py --model ""nvidia/MiniMax-M3-NVFP4"" --system ""gb200"" --backend ""trtllm"" --backend-version ""1.3.0rc23"" --forward-model op_level --max-workers 8",silicon,116,29,PASS=116,"decode_end=5401.640673, decode_start=21.052169, mixed=251.512169, prefill=236.843486",26dae1f99b2b50fb17118f38d8a8e95dfac3357c
nvidia/MiniMax-M3-NVFP4,MiniMaxM3SparseForConditionalGeneration,gb200,vllm,0.1.dev19262,FAIL,Strict-native op-level FPE probes: PERF_DATA_MISSING=116; raw probes=116; topologies=29; source_sha=26dae1f99b2b50fb17118f38d8a8e95dfac3357c. Representative failure: perf database error: perf database error: no GEMM rows loaded from 1 source(s) (first: <repo>/python/aisimulate/src/aiconfigurator_core/systems/data/gb200/vllm/0.1.dev19262/gemm_perf.parquet),"python python/aisimulate/tools/support_matrix/generate_fpe_support_matrix.py --model ""nvidia/MiniMax-M3-NVFP4"" --system ""gb200"" --backend ""vllm"" --backend-version ""0.1.dev19262"" --forward-model op_level --max-workers 8",,116,29,PERF_DATA_MISSING=116,,26dae1f99b2b50fb17118f38d8a8e95dfac3357c
nvidia/MiniMax-M3-NVFP4,MiniMaxM3SparseForConditionalGeneration,gb200,vllm,0.14.0,FAIL,"Strict-native op-level FPE probes: PERF_DATA_MISSING=116; raw probes=116; topologies=29; source_sha=26dae1f99b2b50fb17118f38d8a8e95dfac3357c. Representative failure: perf database error: MoE data missing for MoeKey { quant: ""nvfp4"", distribution: ""power_law_1.01"", topk: 4, num_experts: 128, hidden_size: 6144, inter_size: 3072, moe_tp_size: 1, moe_ep_size: 1 } at <repo>/python/aisimulate/src/aiconfigurator_core/systems/data/gb200/vllm/0.14.0","python python/aisimulate/tools/support_matrix/generate_fpe_support_matrix.py --model ""nvidia/MiniMax-M3-NVFP4"" --system ""gb200"" --backend ""vllm"" --backend-version ""0.14.0"" --forward-model op_level --max-workers 8",,116,29,PERF_DATA_MISSING=116,,26dae1f99b2b50fb17118f38d8a8e95dfac3357c
nvidia/MiniMax-M3-NVFP4,MiniMaxM3SparseForConditionalGeneration,gb200,vllm,0.19.0,FAIL,"Strict-native op-level FPE probes: PERF_DATA_MISSING=116; raw probes=116; topologies=29; source_sha=26dae1f99b2b50fb17118f38d8a8e95dfac3357c. Representative failure: perf database error: MoE data missing for MoeKey { quant: ""nvfp4"", distribution: ""power_law_1.01"", topk: 4, num_experts: 128, hidden_size: 6144, inter_size: 3072, moe_tp_size: 1, moe_ep_size: 1 } at <repo>/python/aisimulate/src/aiconfigurator_core/systems/data/gb200/vllm/0.19.0","python python/aisimulate/tools/support_matrix/generate_fpe_support_matrix.py --model ""nvidia/MiniMax-M3-NVFP4"" --system ""gb200"" --backend ""vllm"" --backend-version ""0.19.0"" --forward-model op_level --max-workers 8",,116,29,PERF_DATA_MISSING=116,,26dae1f99b2b50fb17118f38d8a8e95dfac3357c
nvidia/MiniMax-M3-NVFP4,MiniMaxM3SparseForConditionalGeneration,gb200,vllm,0.22.0,FAIL,Strict-native op-level FPE probes: PERF_DATA_MISSING=116; raw probes=116; topologies=29; source_sha=26dae1f99b2b50fb17118f38d8a8e95dfac3357c. Representative failure: perf database error: perf database error: perf database error: no DSA module rows loaded from 1 source(s) (first: <repo>/python/aisimulate/src/aiconfigurator_core/systems/data/gb200/vllm/0.22.0/msa_context_module_perf.parquet),"python python/aisimulate/tools/support_matrix/generate_fpe_support_matrix.py --model ""nvidia/MiniMax-M3-NVFP4"" --system ""gb200"" --backend ""vllm"" --backend-version ""0.22.0"" --forward-model op_level --max-workers 8",,116,29,PERF_DATA_MISSING=116,,26dae1f99b2b50fb17118f38d8a8e95dfac3357c
nvidia/MiniMax-M3-NVFP4,MiniMaxM3SparseForConditionalGeneration,gb200,vllm,0.24.0,PASS,,"python python/aisimulate/tools/support_matrix/generate_fpe_support_matrix.py --model ""nvidia/MiniMax-M3-NVFP4"" --system ""gb200"" --backend ""vllm"" --backend-version ""0.24.0"" --forward-model op_level --max-workers 8",silicon,116,29,PASS=116,"decode_end=10215.392427, decode_start=40.057748, mixed=119.470037, prefill=104.934978",26dae1f99b2b50fb17118f38d8a8e95dfac3357c
nvidia/NVIDIA-Nemotron-3-Nano-30B-A3B-BF16,NemotronHForCausalLM,gb200,sglang,0.5.10,PASS,,"python python/aisimulate/tools/support_matrix/generate_fpe_support_matrix.py --model ""nvidia/NVIDIA-Nemotron-3-Nano-30B-A3B-BF16"" --system ""gb200"" --backend ""sglang"" --backend-version ""0.5.10"" --forward-model op_level --max-workers 8",silicon,220,55,PASS=220,"decode_end=1760.024841, decode_start=6.901945, mixed=15.448458, prefill=14.859401",26dae1f99b2b50fb17118f38d8a8e95dfac3357c
nvidia/NVIDIA-Nemotron-3-Nano-30B-A3B-BF16,NemotronHForCausalLM,gb200,sglang,0.5.12,PASS,,"python python/aisimulate/tools/support_matrix/generate_fpe_support_matrix.py --model ""nvidia/NVIDIA-Nemotron-3-Nano-30B-A3B-BF16"" --system ""gb200"" --backend ""sglang"" --backend-version ""0.5.12"" --forward-model op_level --max-workers 8",silicon,220,55,PASS=220,"decode_end=1133.364745, decode_start=4.444316, mixed=9.345973, prefill=9.081871",26dae1f99b2b50fb17118f38d8a8e95dfac3357c
nvidia/NVIDIA-Nemotron-3-Nano-30B-A3B-BF16,NemotronHForCausalLM,gb200,sglang,0.5.14,PASS,,"python python/aisimulate/tools/support_matrix/generate_fpe_support_matrix.py --model ""nvidia/NVIDIA-Nemotron-3-Nano-30B-A3B-BF16"" --system ""gb200"" --backend ""sglang"" --backend-version ""0.5.14"" --forward-model op_level --max-workers 8",silicon,220,55,PASS=220,"decode_end=1133.364745, decode_start=4.444316, mixed=9.345973, prefill=9.081871",26dae1f99b2b50fb17118f38d8a8e95dfac3357c
nvidia/NVIDIA-Nemotron-3-Nano-30B-A3B-BF16,NemotronHForCausalLM,gb200,sglang,0.5.16,PASS,,"python python/aisimulate/tools/support_matrix/generate_fpe_support_matrix.py --model ""nvidia/NVIDIA-Nemotron-3-Nano-30B-A3B-BF16"" --system ""gb200"" --backend ""sglang"" --backend-version ""0.5.16"" --forward-model op_level --max-workers 8",silicon,220,55,PASS=220,"decode_end=1133.364745, decode_start=4.444316, mixed=9.345973, prefill=9.081871",26dae1f99b2b50fb17118f38d8a8e95dfac3357c
nvidia/NVIDIA-Nemotron-3-Nano-30B-A3B-BF16,NemotronHForCausalLM,gb200,sglang,0.5.9,PASS,,"python python/aisimulate/tools/support_matrix/generate_fpe_support_matrix.py --model ""nvidia/NVIDIA-Nemotron-3-Nano-30B-A3B-BF16"" --system ""gb200"" --backend ""sglang"" --backend-version ""0.5.9"" --forward-model op_level --max-workers 8",silicon,220,55,PASS=220,"decode_end=1764.940283, decode_start=6.920556, mixed=15.500464, prefill=14.956722",26dae1f99b2b50fb17118f38d8a8e95dfac3357c
nvidia/NVIDIA-Nemotron-3-Nano-30B-A3B-BF16,NemotronHForCausalLM,gb200,trtllm,1.3.0rc10,PASS,,"python python/aisimulate/tools/support_matrix/generate_fpe_support_matrix.py --model ""nvidia/NVIDIA-Nemotron-3-Nano-30B-A3B-BF16"" --system ""gb200"" --backend ""trtllm"" --backend-version ""1.3.0rc10"" --forward-model op_level --max-workers 8",silicon,116,29,"PASS=92, PERF_DATA_MISSING=24","decode_end=1202.616590, decode_start=4.700668, mixed=9.913398, prefill=9.622200",26dae1f99b2b50fb17118f38d8a8e95dfac3357c
nvidia/NVIDIA-Nemotron-3-Nano-30B-A3B-BF16,NemotronHForCausalLM,gb200,trtllm,1.3.0rc15,PASS,,"python python/aisimulate/tools/support_matrix/generate_fpe_support_matrix.py --model ""nvidia/NVIDIA-Nemotron-3-Nano-30B-A3B-BF16"" --system ""gb200"" --backend ""trtllm"" --backend-version ""1.3.0rc15"" --forward-model op_level --max-workers 8",silicon,116,29,"PASS=92, PERF_DATA_MISSING=24","decode_end=1202.616590, decode_start=4.700668, mixed=9.913398, prefill=9.622200",26dae1f99b2b50fb17118f38d8a8e95dfac3357c
nvidia/NVIDIA-Nemotron-3-Nano-30B-A3B-BF16,NemotronHForCausalLM,gb200,trtllm,1.3.0rc17,PASS,,"python python/aisimulate/tools/support_matrix/generate_fpe_support_matrix.py --model ""nvidia/NVIDIA-Nemotron-3-Nano-30B-A3B-BF16"" --system ""gb200"" --backend ""trtllm"" --backend-version ""1.3.0rc17"" --forward-model op_level --max-workers 8",silicon,116,29,"PASS=92, PERF_DATA_MISSING=24","decode_end=1181.903435, decode_start=4.634877, mixed=9.738543, prefill=9.485194",26dae1f99b2b50fb17118f38d8a8e95dfac3357c
nvidia/NVIDIA-Nemotron-3-Nano-30B-A3B-BF16,NemotronHForCausalLM,gb200,trtllm,1.3.0rc20,PASS,,"python python/aisimulate/tools/support_matrix/generate_fpe_support_matrix.py --model ""nvidia/NVIDIA-Nemotron-3-Nano-30B-A3B-BF16"" --system ""gb200"" --backend ""trtllm"" --backend-version ""1.3.0rc20"" --forward-model op_level --max-workers 8",silicon,116,29,"PASS=92, PERF_DATA_MISSING=24","decode_end=1200.981284, decode_start=4.706179, mixed=10.138225, prefill=9.999454",26dae1f99b2b50fb17118f38d8a8e95dfac3357c
nvidia/NVIDIA-Nemotron-3-Nano-30B-A3B-BF16,NemotronHForCausalLM,gb200,trtllm,1.3.0rc23,PASS,,"python python/aisimulate/tools/support_matrix/generate_fpe_support_matrix.py --model ""nvidia/NVIDIA-Nemotron-3-Nano-30B-A3B-BF16"" --system ""gb200"" --backend ""trtllm"" --backend-version ""1.3.0rc23"" --forward-model op_level --max-workers 8",silicon,116,29,"PASS=92, PERF_DATA_MISSING=24","decode_end=1200.981284, decode_start=4.706179, mixed=10.138225, prefill=9.999454",26dae1f99b2b50fb17118f38d8a8e95dfac3357c
nvidia/NVIDIA-Nemotron-3-Nano-30B-A3B-BF16,NemotronHForCausalLM,gb200,vllm,0.1.dev19262,FAIL,Strict-native op-level FPE probes: PERF_DATA_MISSING=116; raw probes=116; topologies=29; source_sha=26dae1f99b2b50fb17118f38d8a8e95dfac3357c. Representative failure: perf database error: perf database error: no GEMM rows loaded from 1 source(s) (first: <repo>/python/aisimulate/src/aiconfigurator_core/systems/data/gb200/vllm/0.1.dev19262/gemm_perf.parquet),"python python/aisimulate/tools/support_matrix/generate_fpe_support_matrix.py --model ""nvidia/NVIDIA-Nemotron-3-Nano-30B-A3B-BF16"" --system ""gb200"" --backend ""vllm"" --backend-version ""0.1.dev19262"" --forward-model op_level --max-workers 8",,116,29,PERF_DATA_MISSING=116,,26dae1f99b2b50fb17118f38d8a8e95dfac3357c
nvidia/NVIDIA-Nemotron-3-Nano-30B-A3B-BF16,NemotronHForCausalLM,gb200,vllm,0.14.0,PASS,,"python python/aisimulate/tools/support_matrix/generate_fpe_support_matrix.py --model ""nvidia/NVIDIA-Nemotron-3-Nano-30B-A3B-BF16"" --system ""gb200"" --backend ""vllm"" --backend-version ""0.14.0"" --forward-model op_level --max-workers 8",silicon,116,29,PASS=116,"decode_end=1757.235870, decode_start=6.889667, mixed=15.717960, prefill=15.237188",26dae1f99b2b50fb17118f38d8a8e95dfac3357c
nvidia/NVIDIA-Nemotron-3-Nano-30B-A3B-BF16,NemotronHForCausalLM,gb200,vllm,0.19.0,PASS,,"python python/aisimulate/tools/support_matrix/generate_fpe_support_matrix.py --model ""nvidia/NVIDIA-Nemotron-3-Nano-30B-A3B-BF16"" --system ""gb200"" --backend ""vllm"" --backend-version ""0.19.0"" --forward-model op_level --max-workers 8",silicon,116,29,PASS=116,"decode_end=1553.060259, decode_start=6.089271, mixed=14.550742, prefill=14.425221",26dae1f99b2b50fb17118f38d8a8e95dfac3357c
nvidia/NVIDIA-Nemotron-3-Nano-30B-A3B-BF16,NemotronHForCausalLM,gb200,vllm,0.22.0,PASS,,"python python/aisimulate/tools/support_matrix/generate_fpe_support_matrix.py --model ""nvidia/NVIDIA-Nemotron-3-Nano-30B-A3B-BF16"" --system ""gb200"" --backend ""vllm"" --backend-version ""0.22.0"" --forward-model op_level --max-workers 8",silicon,116,29,PASS=116,"decode_end=1143.344046, decode_start=4.483682, mixed=9.646698, prefill=9.450664",26dae1f99b2b50fb17118f38d8a8e95dfac3357c
nvidia/NVIDIA-Nemotron-3-Nano-30B-A3B-BF16,NemotronHForCausalLM,gb200,vllm,0.24.0,PASS,,"python python/aisimulate/tools/support_matrix/generate_fpe_support_matrix.py --model ""nvidia/NVIDIA-Nemotron-3-Nano-30B-A3B-BF16"" --system ""gb200"" --backend ""vllm"" --backend-version ""0.24.0"" --forward-model op_level --max-workers 8",silicon,116,29,PASS=116,"decode_end=1170.627307, decode_start=4.585365, mixed=9.709438, prefill=9.503322",26dae1f99b2b50fb17118f38d8a8e95dfac3357c
nvidia/NVIDIA-Nemotron-3-Nano-30B-A3B-NVFP4,NemotronHForCausalLM,gb200,sglang,0.5.10,PASS,,"python python/aisimulate/tools/support_matrix/generate_fpe_support_matrix.py --model ""nvidia/NVIDIA-Nemotron-3-Nano-30B-A3B-NVFP4"" --system ""gb200"" --backend ""sglang"" --backend-version ""0.5.10"" --forward-model op_level --max-workers 8",silicon,220,55,"PASS=116, PERF_DATA_MISSING=104","decode_end=888.141624, decode_start=3.482996, mixed=6.189086, prefill=6.079811",26dae1f99b2b50fb17118f38d8a8e95dfac3357c
nvidia/NVIDIA-Nemotron-3-Nano-30B-A3B-NVFP4,NemotronHForCausalLM,gb200,sglang,0.5.12,PASS,,"python python/aisimulate/tools/support_matrix/generate_fpe_support_matrix.py --model ""nvidia/NVIDIA-Nemotron-3-Nano-30B-A3B-NVFP4"" --system ""gb200"" --backend ""sglang"" --backend-version ""0.5.12"" --forward-model op_level --max-workers 8",silicon,220,55,"PASS=116, PERF_DATA_MISSING=104","decode_end=857.404941, decode_start=3.362214, mixed=6.150505, prefill=5.922648",26dae1f99b2b50fb17118f38d8a8e95dfac3357c
nvidia/NVIDIA-Nemotron-3-Nano-30B-A3B-NVFP4,NemotronHForCausalLM,gb200,sglang,0.5.14,PASS,,"python python/aisimulate/tools/support_matrix/generate_fpe_support_matrix.py --model ""nvidia/NVIDIA-Nemotron-3-Nano-30B-A3B-NVFP4"" --system ""gb200"" --backend ""sglang"" --backend-version ""0.5.14"" --forward-model op_level --max-workers 8",silicon,220,55,"PASS=116, PERF_DATA_MISSING=104","decode_end=857.404941, decode_start=3.362214, mixed=6.150505, prefill=5.922648",26dae1f99b2b50fb17118f38d8a8e95dfac3357c
nvidia/NVIDIA-Nemotron-3-Nano-30B-A3B-NVFP4,NemotronHForCausalLM,gb200,sglang,0.5.16,PASS,,"python python/aisimulate/tools/support_matrix/generate_fpe_support_matrix.py --model ""nvidia/NVIDIA-Nemotron-3-Nano-30B-A3B-NVFP4"" --system ""gb200"" --backend ""sglang"" --backend-version ""0.5.16"" --forward-model op_level --max-workers 8",silicon,220,55,"PASS=116, PERF_DATA_MISSING=104","decode_end=857.404941, decode_start=3.362214, mixed=6.150505, prefill=5.922648",26dae1f99b2b50fb17118f38d8a8e95dfac3357c
nvidia/NVIDIA-Nemotron-3-Nano-30B-A3B-NVFP4,NemotronHForCausalLM,gb200,sglang,0.5.9,PASS,,"python python/aisimulate/tools/support_matrix/generate_fpe_support_matrix.py --model ""nvidia/NVIDIA-Nemotron-3-Nano-30B-A3B-NVFP4"" --system ""gb200"" --backend ""sglang"" --backend-version ""0.5.9"" --forward-model op_level --max-workers 8",silicon,220,55,"PASS=116, PERF_DATA_MISSING=104","decode_end=908.324255, decode_start=3.562148, mixed=6.197753, prefill=6.091111",26dae1f99b2b50fb17118f38d8a8e95dfac3357c
nvidia/NVIDIA-Nemotron-3-Nano-30B-A3B-NVFP4,NemotronHForCausalLM,gb200,trtllm,1.3.0rc10,PASS,,"python python/aisimulate/tools/support_matrix/generate_fpe_support_matrix.py --model ""nvidia/NVIDIA-Nemotron-3-Nano-30B-A3B-NVFP4"" --system ""gb200"" --backend ""trtllm"" --backend-version ""1.3.0rc10"" --forward-model op_level --max-workers 8",silicon,116,29,"PASS=36, PERF_DATA_MISSING=80","decode_end=924.266280, decode_start=3.609352, mixed=6.094158, prefill=5.964672",26dae1f99b2b50fb17118f38d8a8e95dfac3357c
nvidia/NVIDIA-Nemotron-3-Nano-30B-A3B-NVFP4,NemotronHForCausalLM,gb200,trtllm,1.3.0rc15,PASS,,"python python/aisimulate/tools/support_matrix/generate_fpe_support_matrix.py --model ""nvidia/NVIDIA-Nemotron-3-Nano-30B-A3B-NVFP4"" --system ""gb200"" --backend ""trtllm"" --backend-version ""1.3.0rc15"" --forward-model op_level --max-workers 8",silicon,116,29,"PASS=36, PERF_DATA_MISSING=80","decode_end=924.266280, decode_start=3.609352, mixed=6.094158, prefill=5.964672",26dae1f99b2b50fb17118f38d8a8e95dfac3357c
nvidia/NVIDIA-Nemotron-3-Nano-30B-A3B-NVFP4,NemotronHForCausalLM,gb200,trtllm,1.3.0rc17,PASS,,"python python/aisimulate/tools/support_matrix/generate_fpe_support_matrix.py --model ""nvidia/NVIDIA-Nemotron-3-Nano-30B-A3B-NVFP4"" --system ""gb200"" --backend ""trtllm"" --backend-version ""1.3.0rc17"" --forward-model op_level --max-workers 8",silicon,116,29,"PASS=36, PERF_DATA_MISSING=80","decode_end=910.875855, decode_start=3.572040, mixed=5.934751, prefill=5.832755",26dae1f99b2b50fb17118f38d8a8e95dfac3357c
nvidia/NVIDIA-Nemotron-3-Nano-30B-A3B-NVFP4,NemotronHForCausalLM,gb200,trtllm,1.3.0rc20,PASS,,"python python/aisimulate/tools/support_matrix/generate_fpe_support_matrix.py --model ""nvidia/NVIDIA-Nemotron-3-Nano-30B-A3B-NVFP4"" --system ""gb200"" --backend ""trtllm"" --backend-version ""1.3.0rc20"" --forward-model op_level --max-workers 8",silicon,116,29,"PASS=36, PERF_DATA_MISSING=80","decode_end=929.876717, decode_start=3.642138, mixed=6.008838, prefill=5.899780",26dae1f99b2b50fb17118f38d8a8e95dfac3357c
nvidia/NVIDIA-Nemotron-3-Nano-30B-A3B-NVFP4,NemotronHForCausalLM,gb200,trtllm,1.3.0rc23,PASS,,"python python/aisimulate/tools/support_matrix/generate_fpe_support_matrix.py --model ""nvidia/NVIDIA-Nemotron-3-Nano-30B-A3B-NVFP4"" --system ""gb200"" --backend ""trtllm"" --backend-version ""1.3.0rc23"" --forward-model op_level --max-workers 8",silicon,116,29,"PASS=36, PERF_DATA_MISSING=80","decode_end=929.876717, decode_start=3.642138, mixed=6.008838, prefill=5.899780",26dae1f99b2b50fb17118f38d8a8e95dfac3357c
nvidia/NVIDIA-Nemotron-3-Nano-30B-A3B-NVFP4,NemotronHForCausalLM,gb200,vllm,0.1.dev19262,FAIL,Strict-native op-level FPE probes: PERF_DATA_MISSING=116; raw probes=116; topologies=29; source_sha=26dae1f99b2b50fb17118f38d8a8e95dfac3357c. Representative failure: perf database error: perf database error: no GEMM rows loaded from 1 source(s) (first: <repo>/python/aisimulate/src/aiconfigurator_core/systems/data/gb200/vllm/0.1.dev19262/gemm_perf.parquet),"python python/aisimulate/tools/support_matrix/generate_fpe_support_matrix.py --model ""nvidia/NVIDIA-Nemotron-3-Nano-30B-A3B-NVFP4"" --system ""gb200"" --backend ""vllm"" --backend-version ""0.1.dev19262"" --forward-model op_level --max-workers 8",,116,29,PERF_DATA_MISSING=116,,26dae1f99b2b50fb17118f38d8a8e95dfac3357c
nvidia/NVIDIA-Nemotron-3-Nano-30B-A3B-NVFP4,NemotronHForCausalLM,gb200,vllm,0.14.0,FAIL,"Strict-native op-level FPE probes: PERF_DATA_MISSING=116; raw probes=116; topologies=29; source_sha=26dae1f99b2b50fb17118f38d8a8e95dfac3357c. Representative failure: perf database error: MoE data missing for MoeKey { quant: ""nvfp4"", distribution: ""power_law_1.01"", topk: 6, num_experts: 128, hidden_size: 2688, inter_size: 1856, moe_tp_size: 1, moe_ep_size: 1 } at <repo>/python/aisimulate/src/aiconfigurator_core/systems/data/gb200/vllm/0.14.0","python python/aisimulate/tools/support_matrix/generate_fpe_support_matrix.py --model ""nvidia/NVIDIA-Nemotron-3-Nano-30B-A3B-NVFP4"" --system ""gb200"" --backend ""vllm"" --backend-version ""0.14.0"" --forward-model op_level --max-workers 8",,116,29,PERF_DATA_MISSING=116,,26dae1f99b2b50fb17118f38d8a8e95dfac3357c
nvidia/NVIDIA-Nemotron-3-Nano-30B-A3B-NVFP4,NemotronHForCausalLM,gb200,vllm,0.19.0,FAIL,"Strict-native op-level FPE probes: PERF_DATA_MISSING=116; raw probes=116; topologies=29; source_sha=26dae1f99b2b50fb17118f38d8a8e95dfac3357c. Representative failure: perf database error: MoE data missing for MoeKey { quant: ""nvfp4"", distribution: ""power_law_1.01"", topk: 6, num_experts: 128, hidden_size: 2688, inter_size: 1856, moe_tp_size: 1, moe_ep_size: 1 } at <repo>/python/aisimulate/src/aiconfigurator_core/systems/data/gb200/vllm/0.19.0","python python/aisimulate/tools/support_matrix/generate_fpe_support_matrix.py --model ""nvidia/NVIDIA-Nemotron-3-Nano-30B-A3B-NVFP4"" --system ""gb200"" --backend ""vllm"" --backend-version ""0.19.0"" --forward-model op_level --max-workers 8",,116,29,PERF_DATA_MISSING=116,,26dae1f99b2b50fb17118f38d8a8e95dfac3357c
nvidia/NVIDIA-Nemotron-3-Nano-30B-A3B-NVFP4,NemotronHForCausalLM,gb200,vllm,0.22.0,FAIL,"Strict-native op-level FPE probes: PERF_DATA_MISSING=116; raw probes=116; topologies=29; source_sha=26dae1f99b2b50fb17118f38d8a8e95dfac3357c. Representative failure: perf database error: MoE data missing for MoeKey { quant: ""nvfp4"", distribution: ""power_law_1.01"", topk: 6, num_experts: 128, hidden_size: 2688, inter_size: 1856, moe_tp_size: 1, moe_ep_size: 1 } at <repo>/python/aisimulate/src/aiconfigurator_core/systems/data/gb200/vllm/0.22.0","python python/aisimulate/tools/support_matrix/generate_fpe_support_matrix.py --model ""nvidia/NVIDIA-Nemotron-3-Nano-30B-A3B-NVFP4"" --system ""gb200"" --backend ""vllm"" --backend-version ""0.22.0"" --forward-model op_level --max-workers 8",,116,29,PERF_DATA_MISSING=116,,26dae1f99b2b50fb17118f38d8a8e95dfac3357c
nvidia/NVIDIA-Nemotron-3-Nano-30B-A3B-NVFP4,NemotronHForCausalLM,gb200,vllm,0.24.0,FAIL,"Strict-native op-level FPE probes: PERF_DATA_MISSING=116; raw probes=116; topologies=29; source_sha=26dae1f99b2b50fb17118f38d8a8e95dfac3357c. Representative failure: perf database error: MoE data missing for MoeKey { quant: ""nvfp4"", distribution: ""power_law_1.01"", topk: 6, num_experts: 128, hidden_size: 2688, inter_size: 1856, moe_tp_size: 1, moe_ep_size: 1 } at <repo>/python/aisimulate/src/aiconfigurator_core/systems/data/gb200/vllm/0.24.0","python python/aisimulate/tools/support_matrix/generate_fpe_support_matrix.py --model ""nvidia/NVIDIA-Nemotron-3-Nano-30B-A3B-NVFP4"" --system ""gb200"" --backend ""vllm"" --backend-version ""0.24.0"" --forward-model op_level --max-workers 8",,116,29,PERF_DATA_MISSING=116,,26dae1f99b2b50fb17118f38d8a8e95dfac3357c
nvidia/NVIDIA-Nemotron-3-Super-120B-A12B-FP8,NemotronHForCausalLM,gb200,sglang,0.5.10,FAIL,Strict-native op-level FPE probes: PERF_DATA_MISSING=220; raw probes=220; topologies=55; source_sha=26dae1f99b2b50fb17118f38d8a8e95dfac3357c. Representative failure: perf database error: perf database error: no rows loaded from 1 source(s) (first: <repo>/python/aisimulate/src/aiconfigurator_core/systems/data/gb200/sglang/0.5.10/computescale_perf.parquet),"python python/aisimulate/tools/support_matrix/generate_fpe_support_matrix.py --model ""nvidia/NVIDIA-Nemotron-3-Super-120B-A12B-FP8"" --system ""gb200"" --backend ""sglang"" --backend-version ""0.5.10"" --forward-model op_level --max-workers 8",,220,55,PERF_DATA_MISSING=220,,26dae1f99b2b50fb17118f38d8a8e95dfac3357c
nvidia/NVIDIA-Nemotron-3-Super-120B-A12B-FP8,NemotronHForCausalLM,gb200,sglang,0.5.12,FAIL,"Strict-native op-level FPE probes: PERF_DATA_MISSING=220; raw probes=220; topologies=55; source_sha=26dae1f99b2b50fb17118f38d8a8e95dfac3357c. Representative failure: perf database error: MoE data missing for MoeKey { quant: ""fp8"", distribution: ""uniform"", topk: 22, num_experts: 512, hidden_size: 1024, inter_size: 2688, moe_tp_size: 1, moe_ep_size: 1 } at <repo>/python/aisimulate/src/aiconfigurator_core/systems/data/gb200/sglang/0.5.12","python python/aisimulate/tools/support_matrix/generate_fpe_support_matrix.py --model ""nvidia/NVIDIA-Nemotron-3-Super-120B-A12B-FP8"" --system ""gb200"" --backend ""sglang"" --backend-version ""0.5.12"" --forward-model op_level --max-workers 8",,220,55,PERF_DATA_MISSING=220,,26dae1f99b2b50fb17118f38d8a8e95dfac3357c
nvidia/NVIDIA-Nemotron-3-Super-120B-A12B-FP8,NemotronHForCausalLM,gb200,sglang,0.5.14,FAIL,"Strict-native op-level FPE probes: PERF_DATA_MISSING=220; raw probes=220; topologies=55; source_sha=26dae1f99b2b50fb17118f38d8a8e95dfac3357c. Representative failure: perf database error: MoE data missing for MoeKey { quant: ""fp8"", distribution: ""uniform"", topk: 22, num_experts: 512, hidden_size: 1024, inter_size: 2688, moe_tp_size: 1, moe_ep_size: 1 } at <repo>/python/aisimulate/src/aiconfigurator_core/systems/data/gb200/sglang/0.5.14","python python/aisimulate/tools/support_matrix/generate_fpe_support_matrix.py --model ""nvidia/NVIDIA-Nemotron-3-Super-120B-A12B-FP8"" --system ""gb200"" --backend ""sglang"" --backend-version ""0.5.14"" --forward-model op_level --max-workers 8",,220,55,PERF_DATA_MISSING=220,,26dae1f99b2b50fb17118f38d8a8e95dfac3357c
nvidia/NVIDIA-Nemotron-3-Super-120B-A12B-FP8,NemotronHForCausalLM,gb200,sglang,0.5.16,FAIL,"Strict-native op-level FPE probes: PERF_DATA_MISSING=220; raw probes=220; topologies=55; source_sha=26dae1f99b2b50fb17118f38d8a8e95dfac3357c. Representative failure: perf database error: MoE data missing for MoeKey { quant: ""fp8"", distribution: ""uniform"", topk: 22, num_experts: 512, hidden_size: 1024, inter_size: 2688, moe_tp_size: 1, moe_ep_size: 1 } at <repo>/python/aisimulate/src/aiconfigurator_core/systems/data/gb200/sglang/0.5.16","python python/aisimulate/tools/support_matrix/generate_fpe_support_matrix.py --model ""nvidia/NVIDIA-Nemotron-3-Super-120B-A12B-FP8"" --system ""gb200"" --backend ""sglang"" --backend-version ""0.5.16"" --forward-model op_level --max-workers 8",,220,55,PERF_DATA_MISSING=220,,26dae1f99b2b50fb17118f38d8a8e95dfac3357c
nvidia/NVIDIA-Nemotron-3-Super-120B-A12B-FP8,NemotronHForCausalLM,gb200,sglang,0.5.9,FAIL,Strict-native op-level FPE probes: PERF_DATA_MISSING=220; raw probes=220; topologies=55; source_sha=26dae1f99b2b50fb17118f38d8a8e95dfac3357c. Representative failure: perf database error: perf database error: no rows loaded from 1 source(s) (first: <repo>/python/aisimulate/src/aiconfigurator_core/systems/data/gb200/sglang/0.5.9/computescale_perf.parquet),"python python/aisimulate/tools/support_matrix/generate_fpe_support_matrix.py --model ""nvidia/NVIDIA-Nemotron-3-Super-120B-A12B-FP8"" --system ""gb200"" --backend ""sglang"" --backend-version ""0.5.9"" --forward-model op_level --max-workers 8",,220,55,PERF_DATA_MISSING=220,,26dae1f99b2b50fb17118f38d8a8e95dfac3357c
nvidia/NVIDIA-Nemotron-3-Super-120B-A12B-FP8,NemotronHForCausalLM,gb200,trtllm,1.3.0rc10,FAIL,"Strict-native op-level FPE probes: PERF_DATA_MISSING=116; raw probes=116; topologies=29; source_sha=26dae1f99b2b50fb17118f38d8a8e95dfac3357c. Representative failure: perf database error: MoE data missing for MoeKey { quant: ""fp8"", distribution: ""power_law_1.01"", topk: 22, num_experts: 512, hidden_size: 1024, inter_size: 2688, moe_tp_size: 1, moe_ep_size: 1 } at <repo>/python/aisimulate/src/aiconfigurator_core/systems/data/gb200/trtllm/1.3.0rc10","python python/aisimulate/tools/support_matrix/generate_fpe_support_matrix.py --model ""nvidia/NVIDIA-Nemotron-3-Super-120B-A12B-FP8"" --system ""gb200"" --backend ""trtllm"" --backend-version ""1.3.0rc10"" --forward-model op_level --max-workers 8",,116,29,PERF_DATA_MISSING=116,,26dae1f99b2b50fb17118f38d8a8e95dfac3357c
nvidia/NVIDIA-Nemotron-3-Super-120B-A12B-FP8,NemotronHForCausalLM,gb200,trtllm,1.3.0rc15,FAIL,"Strict-native op-level FPE probes: PERF_DATA_MISSING=116; raw probes=116; topologies=29; source_sha=26dae1f99b2b50fb17118f38d8a8e95dfac3357c. Representative failure: perf database error: MoE data missing for MoeKey { quant: ""fp8"", distribution: ""power_law_1.01"", topk: 22, num_experts: 512, hidden_size: 1024, inter_size: 2688, moe_tp_size: 1, moe_ep_size: 1 } at <repo>/python/aisimulate/src/aiconfigurator_core/systems/data/gb200/trtllm/1.3.0rc15","python python/aisimulate/tools/support_matrix/generate_fpe_support_matrix.py --model ""nvidia/NVIDIA-Nemotron-3-Super-120B-A12B-FP8"" --system ""gb200"" --backend ""trtllm"" --backend-version ""1.3.0rc15"" --forward-model op_level --max-workers 8",,116,29,PERF_DATA_MISSING=116,,26dae1f99b2b50fb17118f38d8a8e95dfac3357c
nvidia/NVIDIA-Nemotron-3-Super-120B-A12B-FP8,NemotronHForCausalLM,gb200,trtllm,1.3.0rc17,FAIL,"Strict-native op-level FPE probes: PERF_DATA_MISSING=116; raw probes=116; topologies=29; source_sha=26dae1f99b2b50fb17118f38d8a8e95dfac3357c. Representative failure: perf database error: MoE data missing for MoeKey { quant: ""fp8"", distribution: ""power_law_1.01"", topk: 22, num_experts: 512, hidden_size: 1024, inter_size: 2688, moe_tp_size: 1, moe_ep_size: 1 } at <repo>/python/aisimulate/src/aiconfigurator_core/systems/data/gb200/trtllm/1.3.0rc17","python python/aisimulate/tools/support_matrix/generate_fpe_support_matrix.py --model ""nvidia/NVIDIA-Nemotron-3-Super-120B-A12B-FP8"" --system ""gb200"" --backend ""trtllm"" --backend-version ""1.3.0rc17"" --forward-model op_level --max-workers 8",,116,29,PERF_DATA_MISSING=116,,26dae1f99b2b50fb17118f38d8a8e95dfac3357c
nvidia/NVIDIA-Nemotron-3-Super-120B-A12B-FP8,NemotronHForCausalLM,gb200,trtllm,1.3.0rc20,FAIL,"Strict-native op-level FPE probes: PERF_DATA_MISSING=116; raw probes=116; topologies=29; source_sha=26dae1f99b2b50fb17118f38d8a8e95dfac3357c. Representative failure: perf database error: MoE data missing for MoeKey { quant: ""fp8"", distribution: ""power_law_1.01"", topk: 22, num_experts: 512, hidden_size: 1024, inter_size: 2688, moe_tp_size: 1, moe_ep_size: 1 } at <repo>/python/aisimulate/src/aiconfigurator_core/systems/data/gb200/trtllm/1.3.0rc20","python python/aisimulate/tools/support_matrix/generate_fpe_support_matrix.py --model ""nvidia/NVIDIA-Nemotron-3-Super-120B-A12B-FP8"" --system ""gb200"" --backend ""trtllm"" --backend-version ""1.3.0rc20"" --forward-model op_level --max-workers 8",,116,29,PERF_DATA_MISSING=116,,26dae1f99b2b50fb17118f38d8a8e95dfac3357c
nvidia/NVIDIA-Nemotron-3-Super-120B-A12B-FP8,NemotronHForCausalLM,gb200,trtllm,1.3.0rc23,FAIL,"Strict-native op-level FPE probes: PERF_DATA_MISSING=116; raw probes=116; topologies=29; source_sha=26dae1f99b2b50fb17118f38d8a8e95dfac3357c. Representative failure: perf database error: MoE data missing for MoeKey { quant: ""fp8"", distribution: ""power_law_1.01"", topk: 22, num_experts: 512, hidden_size: 1024, inter_size: 2688, moe_tp_size: 1, moe_ep_size: 1 } at <repo>/python/aisimulate/src/aiconfigurator_core/systems/data/gb200/trtllm/1.3.0rc23","python python/aisimulate/tools/support_matrix/generate_fpe_support_matrix.py --model ""nvidia/NVIDIA-Nemotron-3-Super-120B-A12B-FP8"" --system ""gb200"" --backend ""trtllm"" --backend-version ""1.3.0rc23"" --forward-model op_level --max-workers 8",,116,29,PERF_DATA_MISSING=116,,26dae1f99b2b50fb17118f38d8a8e95dfac3357c
nvidia/NVIDIA-Nemotron-3-Super-120B-A12B-FP8,NemotronHForCausalLM,gb200,vllm,0.1.dev19262,FAIL,Strict-native op-level FPE probes: PERF_DATA_MISSING=116; raw probes=116; topologies=29; source_sha=26dae1f99b2b50fb17118f38d8a8e95dfac3357c. Representative failure: perf database error: perf database error: no GEMM rows loaded from 1 source(s) (first: <repo>/python/aisimulate/src/aiconfigurator_core/systems/data/gb200/vllm/0.1.dev19262/gemm_perf.parquet),"python python/aisimulate/tools/support_matrix/generate_fpe_support_matrix.py --model ""nvidia/NVIDIA-Nemotron-3-Super-120B-A12B-FP8"" --system ""gb200"" --backend ""vllm"" --backend-version ""0.1.dev19262"" --forward-model op_level --max-workers 8",,116,29,PERF_DATA_MISSING=116,,26dae1f99b2b50fb17118f38d8a8e95dfac3357c
nvidia/NVIDIA-Nemotron-3-Super-120B-A12B-FP8,NemotronHForCausalLM,gb200,vllm,0.14.0,FAIL,Strict-native op-level FPE probes: PERF_DATA_MISSING=116; raw probes=116; topologies=29; source_sha=26dae1f99b2b50fb17118f38d8a8e95dfac3357c. Representative failure: perf database error: perf database error: no rows loaded from 1 source(s) (first: <repo>/python/aisimulate/src/aiconfigurator_core/systems/data/gb200/vllm/0.14.0/computescale_perf.parquet),"python python/aisimulate/tools/support_matrix/generate_fpe_support_matrix.py --model ""nvidia/NVIDIA-Nemotron-3-Super-120B-A12B-FP8"" --system ""gb200"" --backend ""vllm"" --backend-version ""0.14.0"" --forward-model op_level --max-workers 8",,116,29,PERF_DATA_MISSING=116,,26dae1f99b2b50fb17118f38d8a8e95dfac3357c
nvidia/NVIDIA-Nemotron-3-Super-120B-A12B-FP8,NemotronHForCausalLM,gb200,vllm,0.19.0,FAIL,Strict-native op-level FPE probes: PERF_DATA_MISSING=116; raw probes=116; topologies=29; source_sha=26dae1f99b2b50fb17118f38d8a8e95dfac3357c. Representative failure: perf database error: perf database error: no rows loaded from 1 source(s) (first: <repo>/python/aisimulate/src/aiconfigurator_core/systems/data/gb200/vllm/0.19.0/computescale_perf.parquet),"python python/aisimulate/tools/support_matrix/generate_fpe_support_matrix.py --model ""nvidia/NVIDIA-Nemotron-3-Super-120B-A12B-FP8"" --system ""gb200"" --backend ""vllm"" --backend-version ""0.19.0"" --forward-model op_level --max-workers 8",,116,29,PERF_DATA_MISSING=116,,26dae1f99b2b50fb17118f38d8a8e95dfac3357c
nvidia/NVIDIA-Nemotron-3-Super-120B-A12B-FP8,NemotronHForCausalLM,gb200,vllm,0.22.0,FAIL,"Strict-native op-level FPE probes: PERF_DATA_MISSING=116; raw probes=116; topologies=29; source_sha=26dae1f99b2b50fb17118f38d8a8e95dfac3357c. Representative failure: perf database error: MoE data missing for MoeKey { quant: ""fp8"", distribution: ""power_law_1.01"", topk: 22, num_experts: 512, hidden_size: 1024, inter_size: 2688, moe_tp_size: 1, moe_ep_size: 1 } at <repo>/python/aisimulate/src/aiconfigurator_core/systems/data/gb200/vllm/0.22.0","python python/aisimulate/tools/support_matrix/generate_fpe_support_matrix.py --model ""nvidia/NVIDIA-Nemotron-3-Super-120B-A12B-FP8"" --system ""gb200"" --backend ""vllm"" --backend-version ""0.22.0"" --forward-model op_level --max-workers 8",,116,29,PERF_DATA_MISSING=116,,26dae1f99b2b50fb17118f38d8a8e95dfac3357c
nvidia/NVIDIA-Nemotron-3-Super-120B-A12B-FP8,NemotronHForCausalLM,gb200,vllm,0.24.0,FAIL,"Strict-native op-level FPE probes: PERF_DATA_MISSING=116; raw probes=116; topologies=29; source_sha=26dae1f99b2b50fb17118f38d8a8e95dfac3357c. Representative failure: perf database error: MoE data missing for MoeKey { quant: ""fp8"", distribution: ""power_law_1.01"", topk: 22, num_experts: 512, hidden_size: 1024, inter_size: 2688, moe_tp_size: 1, moe_ep_size: 1 } at <repo>/python/aisimulate/src/aiconfigurator_core/systems/data/gb200/vllm/0.24.0","python python/aisimulate/tools/support_matrix/generate_fpe_support_matrix.py --model ""nvidia/NVIDIA-Nemotron-3-Super-120B-A12B-FP8"" --system ""gb200"" --backend ""vllm"" --backend-version ""0.24.0"" --forward-model op_level --max-workers 8",,116,29,PERF_DATA_MISSING=116,,26dae1f99b2b50fb17118f38d8a8e95dfac3357c
nvidia/NVIDIA-Nemotron-3-Super-120B-A12B-NVFP4,NemotronHForCausalLM,gb200,sglang,0.5.10,FAIL,"Strict-native op-level FPE probes: PERF_DATA_MISSING=220; raw probes=220; topologies=55; source_sha=26dae1f99b2b50fb17118f38d8a8e95dfac3357c. Representative failure: perf database error: MoE data missing for MoeKey { quant: ""nvfp4"", distribution: ""power_law_1.01"", topk: 22, num_experts: 512, hidden_size: 1024, inter_size: 2688, moe_tp_size: 1, moe_ep_size: 1 } at <repo>/python/aisimulate/src/aiconfigurator_core/systems/data/gb200/sglang/0.5.10","python python/aisimulate/tools/support_matrix/generate_fpe_support_matrix.py --model ""nvidia/NVIDIA-Nemotron-3-Super-120B-A12B-NVFP4"" --system ""gb200"" --backend ""sglang"" --backend-version ""0.5.10"" --forward-model op_level --max-workers 8",,220,55,PERF_DATA_MISSING=220,,26dae1f99b2b50fb17118f38d8a8e95dfac3357c
nvidia/NVIDIA-Nemotron-3-Super-120B-A12B-NVFP4,NemotronHForCausalLM,gb200,sglang,0.5.12,PASS,,"python python/aisimulate/tools/support_matrix/generate_fpe_support_matrix.py --model ""nvidia/NVIDIA-Nemotron-3-Super-120B-A12B-NVFP4"" --system ""gb200"" --backend ""sglang"" --backend-version ""0.5.12"" --forward-model op_level --max-workers 8",silicon,220,55,PASS=220,"decode_end=1666.657911, decode_start=6.535702, mixed=13.071401, prefill=12.453331",26dae1f99b2b50fb17118f38d8a8e95dfac3357c
nvidia/NVIDIA-Nemotron-3-Super-120B-A12B-NVFP4,NemotronHForCausalLM,gb200,sglang,0.5.14,PASS,,"python python/aisimulate/tools/support_matrix/generate_fpe_support_matrix.py --model ""nvidia/NVIDIA-Nemotron-3-Super-120B-A12B-NVFP4"" --system ""gb200"" --backend ""sglang"" --backend-version ""0.5.14"" --forward-model op_level --max-workers 8",silicon,220,55,PASS=220,"decode_end=1666.657911, decode_start=6.535702, mixed=13.071401, prefill=12.453331",26dae1f99b2b50fb17118f38d8a8e95dfac3357c
nvidia/NVIDIA-Nemotron-3-Super-120B-A12B-NVFP4,NemotronHForCausalLM,gb200,sglang,0.5.16,PASS,,"python python/aisimulate/tools/support_matrix/generate_fpe_support_matrix.py --model ""nvidia/NVIDIA-Nemotron-3-Super-120B-A12B-NVFP4"" --system ""gb200"" --backend ""sglang"" --backend-version ""0.5.16"" --forward-model op_level --max-workers 8",silicon,220,55,PASS=220,"decode_end=1666.657911, decode_start=6.535702, mixed=13.071401, prefill=12.453331",26dae1f99b2b50fb17118f38d8a8e95dfac3357c
nvidia/NVIDIA-Nemotron-3-Super-120B-A12B-NVFP4,NemotronHForCausalLM,gb200,sglang,0.5.9,FAIL,"Strict-native op-level FPE probes: PERF_DATA_MISSING=220; raw probes=220; topologies=55; source_sha=26dae1f99b2b50fb17118f38d8a8e95dfac3357c. Representative failure: perf database error: MoE data missing for MoeKey { quant: ""nvfp4"", distribution: ""power_law_1.01"", topk: 22, num_experts: 512, hidden_size: 1024, inter_size: 2688, moe_tp_size: 1, moe_ep_size: 1 } at <repo>/python/aisimulate/src/aiconfigurator_core/systems/data/gb200/sglang/0.5.9","python python/aisimulate/tools/support_matrix/generate_fpe_support_matrix.py --model ""nvidia/NVIDIA-Nemotron-3-Super-120B-A12B-NVFP4"" --system ""gb200"" --backend ""sglang"" --backend-version ""0.5.9"" --forward-model op_level --max-workers 8",,220,55,PERF_DATA_MISSING=220,,26dae1f99b2b50fb17118f38d8a8e95dfac3357c
nvidia/NVIDIA-Nemotron-3-Super-120B-A12B-NVFP4,NemotronHForCausalLM,gb200,trtllm,1.3.0rc10,FAIL,"Strict-native op-level FPE probes: PERF_DATA_MISSING=116; raw probes=116; topologies=29; source_sha=26dae1f99b2b50fb17118f38d8a8e95dfac3357c. Representative failure: perf database error: MoE data missing for MoeKey { quant: ""nvfp4"", distribution: ""power_law_1.01"", topk: 22, num_experts: 512, hidden_size: 1024, inter_size: 2688, moe_tp_size: 1, moe_ep_size: 1 } at <repo>/python/aisimulate/src/aiconfigurator_core/systems/data/gb200/trtllm/1.3.0rc10","python python/aisimulate/tools/support_matrix/generate_fpe_support_matrix.py --model ""nvidia/NVIDIA-Nemotron-3-Super-120B-A12B-NVFP4"" --system ""gb200"" --backend ""trtllm"" --backend-version ""1.3.0rc10"" --forward-model op_level --max-workers 8",,116,29,PERF_DATA_MISSING=116,,26dae1f99b2b50fb17118f38d8a8e95dfac3357c
nvidia/NVIDIA-Nemotron-3-Super-120B-A12B-NVFP4,NemotronHForCausalLM,gb200,trtllm,1.3.0rc15,FAIL,"Strict-native op-level FPE probes: PERF_DATA_MISSING=116; raw probes=116; topologies=29; source_sha=26dae1f99b2b50fb17118f38d8a8e95dfac3357c. Representative failure: perf database error: MoE data missing for MoeKey { quant: ""nvfp4"", distribution: ""power_law_1.01"", topk: 22, num_experts: 512, hidden_size: 1024, inter_size: 2688, moe_tp_size: 1, moe_ep_size: 1 } at <repo>/python/aisimulate/src/aiconfigurator_core/systems/data/gb200/trtllm/1.3.0rc15","python python/aisimulate/tools/support_matrix/generate_fpe_support_matrix.py --model ""nvidia/NVIDIA-Nemotron-3-Super-120B-A12B-NVFP4"" --system ""gb200"" --backend ""trtllm"" --backend-version ""1.3.0rc15"" --forward-model op_level --max-workers 8",,116,29,PERF_DATA_MISSING=116,,26dae1f99b2b50fb17118f38d8a8e95dfac3357c
nvidia/NVIDIA-Nemotron-3-Super-120B-A12B-NVFP4,NemotronHForCausalLM,gb200,trtllm,1.3.0rc17,FAIL,"Strict-native op-level FPE probes: PERF_DATA_MISSING=116; raw probes=116; topologies=29; source_sha=26dae1f99b2b50fb17118f38d8a8e95dfac3357c. Representative failure: perf database error: MoE data missing for MoeKey { quant: ""nvfp4"", distribution: ""power_law_1.01"", topk: 22, num_experts: 512, hidden_size: 1024, inter_size: 2688, moe_tp_size: 1, moe_ep_size: 1 } at <repo>/python/aisimulate/src/aiconfigurator_core/systems/data/gb200/trtllm/1.3.0rc17","python python/aisimulate/tools/support_matrix/generate_fpe_support_matrix.py --model ""nvidia/NVIDIA-Nemotron-3-Super-120B-A12B-NVFP4"" --system ""gb200"" --backend ""trtllm"" --backend-version ""1.3.0rc17"" --forward-model op_level --max-workers 8",,116,29,PERF_DATA_MISSING=116,,26dae1f99b2b50fb17118f38d8a8e95dfac3357c
nvidia/NVIDIA-Nemotron-3-Super-120B-A12B-NVFP4,NemotronHForCausalLM,gb200,trtllm,1.3.0rc20,PASS,,"python python/aisimulate/tools/support_matrix/generate_fpe_support_matrix.py --model ""nvidia/NVIDIA-Nemotron-3-Super-120B-A12B-NVFP4"" --system ""gb200"" --backend ""trtllm"" --backend-version ""1.3.0rc20"" --forward-model op_level --max-workers 8",silicon,116,29,"PASS=68, PERF_DATA_MISSING=48","decode_end=3028.853352, decode_start=11.871940, mixed=20.539191, prefill=20.162517",26dae1f99b2b50fb17118f38d8a8e95dfac3357c
nvidia/NVIDIA-Nemotron-3-Super-120B-A12B-NVFP4,NemotronHForCausalLM,gb200,trtllm,1.3.0rc23,PASS,,"python python/aisimulate/tools/support_matrix/generate_fpe_support_matrix.py --model ""nvidia/NVIDIA-Nemotron-3-Super-120B-A12B-NVFP4"" --system ""gb200"" --backend ""trtllm"" --backend-version ""1.3.0rc23"" --forward-model op_level --max-workers 8",silicon,116,29,"PASS=68, PERF_DATA_MISSING=48","decode_end=3028.853352, decode_start=11.871940, mixed=20.539191, prefill=20.162517",26dae1f99b2b50fb17118f38d8a8e95dfac3357c
nvidia/NVIDIA-Nemotron-3-Super-120B-A12B-NVFP4,NemotronHForCausalLM,gb200,vllm,0.1.dev19262,FAIL,Strict-native op-level FPE probes: PERF_DATA_MISSING=116; raw probes=116; topologies=29; source_sha=26dae1f99b2b50fb17118f38d8a8e95dfac3357c. Representative failure: perf database error: perf database error: no GEMM rows loaded from 1 source(s) (first: <repo>/python/aisimulate/src/aiconfigurator_core/systems/data/gb200/vllm/0.1.dev19262/gemm_perf.parquet),"python python/aisimulate/tools/support_matrix/generate_fpe_support_matrix.py --model ""nvidia/NVIDIA-Nemotron-3-Super-120B-A12B-NVFP4"" --system ""gb200"" --backend ""vllm"" --backend-version ""0.1.dev19262"" --forward-model op_level --max-workers 8",,116,29,PERF_DATA_MISSING=116,,26dae1f99b2b50fb17118f38d8a8e95dfac3357c
nvidia/NVIDIA-Nemotron-3-Super-120B-A12B-NVFP4,NemotronHForCausalLM,gb200,vllm,0.14.0,FAIL,"Strict-native op-level FPE probes: PERF_DATA_MISSING=116; raw probes=116; topologies=29; source_sha=26dae1f99b2b50fb17118f38d8a8e95dfac3357c. Representative failure: perf database error: MoE data missing for MoeKey { quant: ""nvfp4"", distribution: ""power_law_1.01"", topk: 22, num_experts: 512, hidden_size: 1024, inter_size: 2688, moe_tp_size: 1, moe_ep_size: 1 } at <repo>/python/aisimulate/src/aiconfigurator_core/systems/data/gb200/vllm/0.14.0","python python/aisimulate/tools/support_matrix/generate_fpe_support_matrix.py --model ""nvidia/NVIDIA-Nemotron-3-Super-120B-A12B-NVFP4"" --system ""gb200"" --backend ""vllm"" --backend-version ""0.14.0"" --forward-model op_level --max-workers 8",,116,29,PERF_DATA_MISSING=116,,26dae1f99b2b50fb17118f38d8a8e95dfac3357c
nvidia/NVIDIA-Nemotron-3-Super-120B-A12B-NVFP4,NemotronHForCausalLM,gb200,vllm,0.19.0,FAIL,"Strict-native op-level FPE probes: PERF_DATA_MISSING=116; raw probes=116; topologies=29; source_sha=26dae1f99b2b50fb17118f38d8a8e95dfac3357c. Representative failure: perf database error: MoE data missing for MoeKey { quant: ""nvfp4"", distribution: ""power_law_1.01"", topk: 22, num_experts: 512, hidden_size: 1024, inter_size: 2688, moe_tp_size: 1, moe_ep_size: 1 } at <repo>/python/aisimulate/src/aiconfigurator_core/systems/data/gb200/vllm/0.19.0","python python/aisimulate/tools/support_matrix/generate_fpe_support_matrix.py --model ""nvidia/NVIDIA-Nemotron-3-Super-120B-A12B-NVFP4"" --system ""gb200"" --backend ""vllm"" --backend-version ""0.19.0"" --forward-model op_level --max-workers 8",,116,29,PERF_DATA_MISSING=116,,26dae1f99b2b50fb17118f38d8a8e95dfac3357c
nvidia/NVIDIA-Nemotron-3-Super-120B-A12B-NVFP4,NemotronHForCausalLM,gb200,vllm,0.22.0,FAIL,"Strict-native op-level FPE probes: PERF_DATA_MISSING=116; raw probes=116; topologies=29; source_sha=26dae1f99b2b50fb17118f38d8a8e95dfac3357c. Representative failure: perf database error: MoE data missing for MoeKey { quant: ""nvfp4"", distribution: ""power_law_1.01"", topk: 22, num_experts: 512, hidden_size: 1024, inter_size: 2688, moe_tp_size: 1, moe_ep_size: 1 } at <repo>/python/aisimulate/src/aiconfigurator_core/systems/data/gb200/vllm/0.22.0","python python/aisimulate/tools/support_matrix/generate_fpe_support_matrix.py --model ""nvidia/NVIDIA-Nemotron-3-Super-120B-A12B-NVFP4"" --system ""gb200"" --backend ""vllm"" --backend-version ""0.22.0"" --forward-model op_level --max-workers 8",,116,29,PERF_DATA_MISSING=116,,26dae1f99b2b50fb17118f38d8a8e95dfac3357c
nvidia/NVIDIA-Nemotron-3-Super-120B-A12B-NVFP4,NemotronHForCausalLM,gb200,vllm,0.24.0,FAIL,"Strict-native op-level FPE probes: PERF_DATA_MISSING=116; raw probes=116; topologies=29; source_sha=26dae1f99b2b50fb17118f38d8a8e95dfac3357c. Representative failure: perf database error: MoE data missing for MoeKey { quant: ""nvfp4"", distribution: ""power_law_1.01"", topk: 22, num_experts: 512, hidden_size: 1024, inter_size: 2688, moe_tp_size: 1, moe_ep_size: 1 } at <repo>/python/aisimulate/src/aiconfigurator_core/systems/data/gb200/vllm/0.24.0","python python/aisimulate/tools/support_matrix/generate_fpe_support_matrix.py --model ""nvidia/NVIDIA-Nemotron-3-Super-120B-A12B-NVFP4"" --system ""gb200"" --backend ""vllm"" --backend-version ""0.24.0"" --forward-model op_level --max-workers 8",,116,29,PERF_DATA_MISSING=116,,26dae1f99b2b50fb17118f38d8a8e95dfac3357c
nvidia/NVIDIA-Nemotron-3-Ultra-550B-A55B-BF16,NemotronHForCausalLM,gb200,sglang,0.5.10,FAIL,"Strict-native op-level FPE probes: PERF_DATA_MISSING=220; raw probes=220; topologies=55; source_sha=26dae1f99b2b50fb17118f38d8a8e95dfac3357c. Representative failure: perf database error: MoE data missing for MoeKey { quant: ""bfloat16"", distribution: ""power_law_1.01"", topk: 22, num_experts: 512, hidden_size: 2048, inter_size: 5120, moe_tp_size: 1, moe_ep_size: 1 } at <repo>/python/aisimulate/src/aiconfigurator_core/systems/data/gb200/sglang/0.5.10","python python/aisimulate/tools/support_matrix/generate_fpe_support_matrix.py --model ""nvidia/NVIDIA-Nemotron-3-Ultra-550B-A55B-BF16"" --system ""gb200"" --backend ""sglang"" --backend-version ""0.5.10"" --forward-model op_level --max-workers 8",,220,55,PERF_DATA_MISSING=220,,26dae1f99b2b50fb17118f38d8a8e95dfac3357c
nvidia/NVIDIA-Nemotron-3-Ultra-550B-A55B-BF16,NemotronHForCausalLM,gb200,sglang,0.5.12,PASS,,"python python/aisimulate/tools/support_matrix/generate_fpe_support_matrix.py --model ""nvidia/NVIDIA-Nemotron-3-Ultra-550B-A55B-BF16"" --system ""gb200"" --backend ""sglang"" --backend-version ""0.5.12"" --forward-model op_level --max-workers 8",silicon,220,55,PASS=220,"decode_end=13675.893328, decode_start=53.628933, mixed=137.124607, prefill=134.349612",26dae1f99b2b50fb17118f38d8a8e95dfac3357c
nvidia/NVIDIA-Nemotron-3-Ultra-550B-A55B-BF16,NemotronHForCausalLM,gb200,sglang,0.5.14,PASS,,"python python/aisimulate/tools/support_matrix/generate_fpe_support_matrix.py --model ""nvidia/NVIDIA-Nemotron-3-Ultra-550B-A55B-BF16"" --system ""gb200"" --backend ""sglang"" --backend-version ""0.5.14"" --forward-model op_level --max-workers 8",silicon,220,55,PASS=220,"decode_end=13675.893328, decode_start=53.628933, mixed=137.124607, prefill=134.349612",26dae1f99b2b50fb17118f38d8a8e95dfac3357c
nvidia/NVIDIA-Nemotron-3-Ultra-550B-A55B-BF16,NemotronHForCausalLM,gb200,sglang,0.5.16,PASS,,"python python/aisimulate/tools/support_matrix/generate_fpe_support_matrix.py --model ""nvidia/NVIDIA-Nemotron-3-Ultra-550B-A55B-BF16"" --system ""gb200"" --backend ""sglang"" --backend-version ""0.5.16"" --forward-model op_level --max-workers 8",silicon,220,55,PASS=220,"decode_end=13675.893328, decode_start=53.628933, mixed=137.124607, prefill=134.349612",26dae1f99b2b50fb17118f38d8a8e95dfac3357c
nvidia/NVIDIA-Nemotron-3-Ultra-550B-A55B-BF16,NemotronHForCausalLM,gb200,sglang,0.5.9,FAIL,"Strict-native op-level FPE probes: PERF_DATA_MISSING=220; raw probes=220; topologies=55; source_sha=26dae1f99b2b50fb17118f38d8a8e95dfac3357c. Representative failure: perf database error: MoE data missing for MoeKey { quant: ""bfloat16"", distribution: ""power_law_1.01"", topk: 22, num_experts: 512, hidden_size: 2048, inter_size: 5120, moe_tp_size: 1, moe_ep_size: 1 } at <repo>/python/aisimulate/src/aiconfigurator_core/systems/data/gb200/sglang/0.5.9","python python/aisimulate/tools/support_matrix/generate_fpe_support_matrix.py --model ""nvidia/NVIDIA-Nemotron-3-Ultra-550B-A55B-BF16"" --system ""gb200"" --backend ""sglang"" --backend-version ""0.5.9"" --forward-model op_level --max-workers 8",,220,55,PERF_DATA_MISSING=220,,26dae1f99b2b50fb17118f38d8a8e95dfac3357c
nvidia/NVIDIA-Nemotron-3-Ultra-550B-A55B-BF16,NemotronHForCausalLM,gb200,trtllm,1.3.0rc10,FAIL,"Strict-native op-level FPE probes: PERF_DATA_MISSING=116; raw probes=116; topologies=29; source_sha=26dae1f99b2b50fb17118f38d8a8e95dfac3357c. Representative failure: perf database error: MoE data missing for MoeKey { quant: ""bfloat16"", distribution: ""power_law_1.01"", topk: 22, num_experts: 512, hidden_size: 2048, inter_size: 5120, moe_tp_size: 1, moe_ep_size: 1 } at <repo>/python/aisimulate/src/aiconfigurator_core/systems/data/gb200/trtllm/1.3.0rc10","python python/aisimulate/tools/support_matrix/generate_fpe_support_matrix.py --model ""nvidia/NVIDIA-Nemotron-3-Ultra-550B-A55B-BF16"" --system ""gb200"" --backend ""trtllm"" --backend-version ""1.3.0rc10"" --forward-model op_level --max-workers 8",,116,29,PERF_DATA_MISSING=116,,26dae1f99b2b50fb17118f38d8a8e95dfac3357c
nvidia/NVIDIA-Nemotron-3-Ultra-550B-A55B-BF16,NemotronHForCausalLM,gb200,trtllm,1.3.0rc15,FAIL,"Strict-native op-level FPE probes: PERF_DATA_MISSING=116; raw probes=116; topologies=29; source_sha=26dae1f99b2b50fb17118f38d8a8e95dfac3357c. Representative failure: perf database error: MoE data missing for MoeKey { quant: ""bfloat16"", distribution: ""power_law_1.01"", topk: 22, num_experts: 512, hidden_size: 2048, inter_size: 5120, moe_tp_size: 1, moe_ep_size: 1 } at <repo>/python/aisimulate/src/aiconfigurator_core/systems/data/gb200/trtllm/1.3.0rc15","python python/aisimulate/tools/support_matrix/generate_fpe_support_matrix.py --model ""nvidia/NVIDIA-Nemotron-3-Ultra-550B-A55B-BF16"" --system ""gb200"" --backend ""trtllm"" --backend-version ""1.3.0rc15"" --forward-model op_level --max-workers 8",,116,29,PERF_DATA_MISSING=116,,26dae1f99b2b50fb17118f38d8a8e95dfac3357c
nvidia/NVIDIA-Nemotron-3-Ultra-550B-A55B-BF16,NemotronHForCausalLM,gb200,trtllm,1.3.0rc17,FAIL,"Strict-native op-level FPE probes: PERF_DATA_MISSING=116; raw probes=116; topologies=29; source_sha=26dae1f99b2b50fb17118f38d8a8e95dfac3357c. Representative failure: perf database error: MoE data missing for MoeKey { quant: ""bfloat16"", distribution: ""power_law_1.01"", topk: 22, num_experts: 512, hidden_size: 2048, inter_size: 5120, moe_tp_size: 1, moe_ep_size: 1 } at <repo>/python/aisimulate/src/aiconfigurator_core/systems/data/gb200/trtllm/1.3.0rc17","python python/aisimulate/tools/support_matrix/generate_fpe_support_matrix.py --model ""nvidia/NVIDIA-Nemotron-3-Ultra-550B-A55B-BF16"" --system ""gb200"" --backend ""trtllm"" --backend-version ""1.3.0rc17"" --forward-model op_level --max-workers 8",,116,29,PERF_DATA_MISSING=116,,26dae1f99b2b50fb17118f38d8a8e95dfac3357c
nvidia/NVIDIA-Nemotron-3-Ultra-550B-A55B-BF16,NemotronHForCausalLM,gb200,trtllm,1.3.0rc20,PASS,,"python python/aisimulate/tools/support_matrix/generate_fpe_support_matrix.py --model ""nvidia/NVIDIA-Nemotron-3-Ultra-550B-A55B-BF16"" --system ""gb200"" --backend ""trtllm"" --backend-version ""1.3.0rc20"" --forward-model op_level --max-workers 8",silicon,116,29,PASS=116,"decode_end=14281.812509, decode_start=56.005940, mixed=140.497811, prefill=138.329321",26dae1f99b2b50fb17118f38d8a8e95dfac3357c
nvidia/NVIDIA-Nemotron-3-Ultra-550B-A55B-BF16,NemotronHForCausalLM,gb200,trtllm,1.3.0rc23,PASS,,"python python/aisimulate/tools/support_matrix/generate_fpe_support_matrix.py --model ""nvidia/NVIDIA-Nemotron-3-Ultra-550B-A55B-BF16"" --system ""gb200"" --backend ""trtllm"" --backend-version ""1.3.0rc23"" --forward-model op_level --max-workers 8",silicon,116,29,PASS=116,"decode_end=14281.812509, decode_start=56.005940, mixed=140.497811, prefill=138.329321",26dae1f99b2b50fb17118f38d8a8e95dfac3357c
nvidia/NVIDIA-Nemotron-3-Ultra-550B-A55B-BF16,NemotronHForCausalLM,gb200,vllm,0.1.dev19262,FAIL,Strict-native op-level FPE probes: PERF_DATA_MISSING=116; raw probes=116; topologies=29; source_sha=26dae1f99b2b50fb17118f38d8a8e95dfac3357c. Representative failure: perf database error: perf database error: no GEMM rows loaded from 1 source(s) (first: <repo>/python/aisimulate/src/aiconfigurator_core/systems/data/gb200/vllm/0.1.dev19262/gemm_perf.parquet),"python python/aisimulate/tools/support_matrix/generate_fpe_support_matrix.py --model ""nvidia/NVIDIA-Nemotron-3-Ultra-550B-A55B-BF16"" --system ""gb200"" --backend ""vllm"" --backend-version ""0.1.dev19262"" --forward-model op_level --max-workers 8",,116,29,PERF_DATA_MISSING=116,,26dae1f99b2b50fb17118f38d8a8e95dfac3357c
nvidia/NVIDIA-Nemotron-3-Ultra-550B-A55B-BF16,NemotronHForCausalLM,gb200,vllm,0.14.0,FAIL,"Strict-native op-level FPE probes: PERF_DATA_MISSING=116; raw probes=116; topologies=29; source_sha=26dae1f99b2b50fb17118f38d8a8e95dfac3357c. Representative failure: perf database error: MoE data missing for MoeKey { quant: ""bfloat16"", distribution: ""power_law_1.01"", topk: 22, num_experts: 512, hidden_size: 2048, inter_size: 5120, moe_tp_size: 1, moe_ep_size: 1 } at <repo>/python/aisimulate/src/aiconfigurator_core/systems/data/gb200/vllm/0.14.0","python python/aisimulate/tools/support_matrix/generate_fpe_support_matrix.py --model ""nvidia/NVIDIA-Nemotron-3-Ultra-550B-A55B-BF16"" --system ""gb200"" --backend ""vllm"" --backend-version ""0.14.0"" --forward-model op_level --max-workers 8",,116,29,PERF_DATA_MISSING=116,,26dae1f99b2b50fb17118f38d8a8e95dfac3357c
nvidia/NVIDIA-Nemotron-3-Ultra-550B-A55B-BF16,NemotronHForCausalLM,gb200,vllm,0.19.0,FAIL,"Strict-native op-level FPE probes: PERF_DATA_MISSING=116; raw probes=116; topologies=29; source_sha=26dae1f99b2b50fb17118f38d8a8e95dfac3357c. Representative failure: perf database error: MoE data missing for MoeKey { quant: ""bfloat16"", distribution: ""power_law_1.01"", topk: 22, num_experts: 512, hidden_size: 2048, inter_size: 5120, moe_tp_size: 1, moe_ep_size: 1 } at <repo>/python/aisimulate/src/aiconfigurator_core/systems/data/gb200/vllm/0.19.0","python python/aisimulate/tools/support_matrix/generate_fpe_support_matrix.py --model ""nvidia/NVIDIA-Nemotron-3-Ultra-550B-A55B-BF16"" --system ""gb200"" --backend ""vllm"" --backend-version ""0.19.0"" --forward-model op_level --max-workers 8",,116,29,PERF_DATA_MISSING=116,,26dae1f99b2b50fb17118f38d8a8e95dfac3357c
nvidia/NVIDIA-Nemotron-3-Ultra-550B-A55B-BF16,NemotronHForCausalLM,gb200,vllm,0.22.0,PASS,,"python python/aisimulate/tools/support_matrix/generate_fpe_support_matrix.py --model ""nvidia/NVIDIA-Nemotron-3-Ultra-550B-A55B-BF16"" --system ""gb200"" --backend ""vllm"" --backend-version ""0.22.0"" --forward-model op_level --max-workers 8",silicon,116,29,PASS=116,"decode_end=13917.341298, decode_start=54.577906, mixed=138.126782, prefill=136.139943",26dae1f99b2b50fb17118f38d8a8e95dfac3357c
nvidia/NVIDIA-Nemotron-3-Ultra-550B-A55B-BF16,NemotronHForCausalLM,gb200,vllm,0.24.0,PASS,,"python python/aisimulate/tools/support_matrix/generate_fpe_support_matrix.py --model ""nvidia/NVIDIA-Nemotron-3-Ultra-550B-A55B-BF16"" --system ""gb200"" --backend ""vllm"" --backend-version ""0.24.0"" --forward-model op_level --max-workers 8",silicon,116,29,PASS=116,"decode_end=13893.005008, decode_start=54.482469, mixed=138.087732, prefill=135.959790",26dae1f99b2b50fb17118f38d8a8e95dfac3357c
nvidia/NVIDIA-Nemotron-3-Ultra-550B-A55B-FP8,NemotronHForCausalLM,gb200,sglang,0.5.10,FAIL,Strict-native op-level FPE probes: PERF_DATA_MISSING=220; raw probes=220; topologies=55; source_sha=26dae1f99b2b50fb17118f38d8a8e95dfac3357c. Representative failure: perf database error: perf database error: no rows loaded from 1 source(s) (first: <repo>/python/aisimulate/src/aiconfigurator_core/systems/data/gb200/sglang/0.5.10/computescale_perf.parquet),"python python/aisimulate/tools/support_matrix/generate_fpe_support_matrix.py --model ""nvidia/NVIDIA-Nemotron-3-Ultra-550B-A55B-FP8"" --system ""gb200"" --backend ""sglang"" --backend-version ""0.5.10"" --forward-model op_level --max-workers 8",,220,55,PERF_DATA_MISSING=220,,26dae1f99b2b50fb17118f38d8a8e95dfac3357c
nvidia/NVIDIA-Nemotron-3-Ultra-550B-A55B-FP8,NemotronHForCausalLM,gb200,sglang,0.5.12,FAIL,"Strict-native op-level FPE probes: PERF_DATA_MISSING=220; raw probes=220; topologies=55; source_sha=26dae1f99b2b50fb17118f38d8a8e95dfac3357c. Representative failure: perf database error: MoE data missing for MoeKey { quant: ""fp8"", distribution: ""uniform"", topk: 22, num_experts: 512, hidden_size: 2048, inter_size: 5120, moe_tp_size: 1, moe_ep_size: 1 } at <repo>/python/aisimulate/src/aiconfigurator_core/systems/data/gb200/sglang/0.5.12","python python/aisimulate/tools/support_matrix/generate_fpe_support_matrix.py --model ""nvidia/NVIDIA-Nemotron-3-Ultra-550B-A55B-FP8"" --system ""gb200"" --backend ""sglang"" --backend-version ""0.5.12"" --forward-model op_level --max-workers 8",,220,55,PERF_DATA_MISSING=220,,26dae1f99b2b50fb17118f38d8a8e95dfac3357c
nvidia/NVIDIA-Nemotron-3-Ultra-550B-A55B-FP8,NemotronHForCausalLM,gb200,sglang,0.5.14,FAIL,"Strict-native op-level FPE probes: PERF_DATA_MISSING=220; raw probes=220; topologies=55; source_sha=26dae1f99b2b50fb17118f38d8a8e95dfac3357c. Representative failure: perf database error: MoE data missing for MoeKey { quant: ""fp8"", distribution: ""uniform"", topk: 22, num_experts: 512, hidden_size: 2048, inter_size: 5120, moe_tp_size: 1, moe_ep_size: 1 } at <repo>/python/aisimulate/src/aiconfigurator_core/systems/data/gb200/sglang/0.5.14","python python/aisimulate/tools/support_matrix/generate_fpe_support_matrix.py --model ""nvidia/NVIDIA-Nemotron-3-Ultra-550B-A55B-FP8"" --system ""gb200"" --backend ""sglang"" --backend-version ""0.5.14"" --forward-model op_level --max-workers 8",,220,55,PERF_DATA_MISSING=220,,26dae1f99b2b50fb17118f38d8a8e95dfac3357c
nvidia/NVIDIA-Nemotron-3-Ultra-550B-A55B-FP8,NemotronHForCausalLM,gb200,sglang,0.5.16,FAIL,"Strict-native op-level FPE probes: PERF_DATA_MISSING=220; raw probes=220; topologies=55; source_sha=26dae1f99b2b50fb17118f38d8a8e95dfac3357c. Representative failure: perf database error: MoE data missing for MoeKey { quant: ""fp8"", distribution: ""uniform"", topk: 22, num_experts: 512, hidden_size: 2048, inter_size: 5120, moe_tp_size: 1, moe_ep_size: 1 } at <repo>/python/aisimulate/src/aiconfigurator_core/systems/data/gb200/sglang/0.5.16","python python/aisimulate/tools/support_matrix/generate_fpe_support_matrix.py --model ""nvidia/NVIDIA-Nemotron-3-Ultra-550B-A55B-FP8"" --system ""gb200"" --backend ""sglang"" --backend-version ""0.5.16"" --forward-model op_level --max-workers 8",,220,55,PERF_DATA_MISSING=220,,26dae1f99b2b50fb17118f38d8a8e95dfac3357c
nvidia/NVIDIA-Nemotron-3-Ultra-550B-A55B-FP8,NemotronHForCausalLM,gb200,sglang,0.5.9,FAIL,Strict-native op-level FPE probes: PERF_DATA_MISSING=220; raw probes=220; topologies=55; source_sha=26dae1f99b2b50fb17118f38d8a8e95dfac3357c. Representative failure: perf database error: perf database error: no rows loaded from 1 source(s) (first: <repo>/python/aisimulate/src/aiconfigurator_core/systems/data/gb200/sglang/0.5.9/computescale_perf.parquet),"python python/aisimulate/tools/support_matrix/generate_fpe_support_matrix.py --model ""nvidia/NVIDIA-Nemotron-3-Ultra-550B-A55B-FP8"" --system ""gb200"" --backend ""sglang"" --backend-version ""0.5.9"" --forward-model op_level --max-workers 8",,220,55,PERF_DATA_MISSING=220,,26dae1f99b2b50fb17118f38d8a8e95dfac3357c
nvidia/NVIDIA-Nemotron-3-Ultra-550B-A55B-FP8,NemotronHForCausalLM,gb200,trtllm,1.3.0rc10,FAIL,"Strict-native op-level FPE probes: PERF_DATA_MISSING=116; raw probes=116; topologies=29; source_sha=26dae1f99b2b50fb17118f38d8a8e95dfac3357c. Representative failure: perf database error: MoE data missing for MoeKey { quant: ""fp8"", distribution: ""power_law_1.01"", topk: 22, num_experts: 512, hidden_size: 2048, inter_size: 5120, moe_tp_size: 1, moe_ep_size: 1 } at <repo>/python/aisimulate/src/aiconfigurator_core/systems/data/gb200/trtllm/1.3.0rc10","python python/aisimulate/tools/support_matrix/generate_fpe_support_matrix.py --model ""nvidia/NVIDIA-Nemotron-3-Ultra-550B-A55B-FP8"" --system ""gb200"" --backend ""trtllm"" --backend-version ""1.3.0rc10"" --forward-model op_level --max-workers 8",,116,29,PERF_DATA_MISSING=116,,26dae1f99b2b50fb17118f38d8a8e95dfac3357c
nvidia/NVIDIA-Nemotron-3-Ultra-550B-A55B-FP8,NemotronHForCausalLM,gb200,trtllm,1.3.0rc15,FAIL,"Strict-native op-level FPE probes: PERF_DATA_MISSING=116; raw probes=116; topologies=29; source_sha=26dae1f99b2b50fb17118f38d8a8e95dfac3357c. Representative failure: perf database error: MoE data missing for MoeKey { quant: ""fp8"", distribution: ""power_law_1.01"", topk: 22, num_experts: 512, hidden_size: 2048, inter_size: 5120, moe_tp_size: 1, moe_ep_size: 1 } at <repo>/python/aisimulate/src/aiconfigurator_core/systems/data/gb200/trtllm/1.3.0rc15","python python/aisimulate/tools/support_matrix/generate_fpe_support_matrix.py --model ""nvidia/NVIDIA-Nemotron-3-Ultra-550B-A55B-FP8"" --system ""gb200"" --backend ""trtllm"" --backend-version ""1.3.0rc15"" --forward-model op_level --max-workers 8",,116,29,PERF_DATA_MISSING=116,,26dae1f99b2b50fb17118f38d8a8e95dfac3357c
nvidia/NVIDIA-Nemotron-3-Ultra-550B-A55B-FP8,NemotronHForCausalLM,gb200,trtllm,1.3.0rc17,FAIL,"Strict-native op-level FPE probes: PERF_DATA_MISSING=116; raw probes=116; topologies=29; source_sha=26dae1f99b2b50fb17118f38d8a8e95dfac3357c. Representative failure: perf database error: MoE data missing for MoeKey { quant: ""fp8"", distribution: ""power_law_1.01"", topk: 22, num_experts: 512, hidden_size: 2048, inter_size: 5120, moe_tp_size: 1, moe_ep_size: 1 } at <repo>/python/aisimulate/src/aiconfigurator_core/systems/data/gb200/trtllm/1.3.0rc17","python python/aisimulate/tools/support_matrix/generate_fpe_support_matrix.py --model ""nvidia/NVIDIA-Nemotron-3-Ultra-550B-A55B-FP8"" --system ""gb200"" --backend ""trtllm"" --backend-version ""1.3.0rc17"" --forward-model op_level --max-workers 8",,116,29,PERF_DATA_MISSING=116,,26dae1f99b2b50fb17118f38d8a8e95dfac3357c
nvidia/NVIDIA-Nemotron-3-Ultra-550B-A55B-FP8,NemotronHForCausalLM,gb200,trtllm,1.3.0rc20,PASS,,"python python/aisimulate/tools/support_matrix/generate_fpe_support_matrix.py --model ""nvidia/NVIDIA-Nemotron-3-Ultra-550B-A55B-FP8"" --system ""gb200"" --backend ""trtllm"" --backend-version ""1.3.0rc20"" --forward-model op_level --max-workers 8",silicon,116,29,PASS=116,"decode_end=7922.241524, decode_start=31.067141, mixed=75.080613, prefill=73.742948",26dae1f99b2b50fb17118f38d8a8e95dfac3357c
nvidia/NVIDIA-Nemotron-3-Ultra-550B-A55B-FP8,NemotronHForCausalLM,gb200,trtllm,1.3.0rc23,PASS,,"python python/aisimulate/tools/support_matrix/generate_fpe_support_matrix.py --model ""nvidia/NVIDIA-Nemotron-3-Ultra-550B-A55B-FP8"" --system ""gb200"" --backend ""trtllm"" --backend-version ""1.3.0rc23"" --forward-model op_level --max-workers 8",silicon,116,29,PASS=116,"decode_end=7922.241524, decode_start=31.067141, mixed=75.080613, prefill=73.742948",26dae1f99b2b50fb17118f38d8a8e95dfac3357c
nvidia/NVIDIA-Nemotron-3-Ultra-550B-A55B-FP8,NemotronHForCausalLM,gb200,vllm,0.1.dev19262,FAIL,Strict-native op-level FPE probes: PERF_DATA_MISSING=116; raw probes=116; topologies=29; source_sha=26dae1f99b2b50fb17118f38d8a8e95dfac3357c. Representative failure: perf database error: perf database error: no GEMM rows loaded from 1 source(s) (first: <repo>/python/aisimulate/src/aiconfigurator_core/systems/data/gb200/vllm/0.1.dev19262/gemm_perf.parquet),"python python/aisimulate/tools/support_matrix/generate_fpe_support_matrix.py --model ""nvidia/NVIDIA-Nemotron-3-Ultra-550B-A55B-FP8"" --system ""gb200"" --backend ""vllm"" --backend-version ""0.1.dev19262"" --forward-model op_level --max-workers 8",,116,29,PERF_DATA_MISSING=116,,26dae1f99b2b50fb17118f38d8a8e95dfac3357c
nvidia/NVIDIA-Nemotron-3-Ultra-550B-A55B-FP8,NemotronHForCausalLM,gb200,vllm,0.14.0,FAIL,Strict-native op-level FPE probes: PERF_DATA_MISSING=116; raw probes=116; topologies=29; source_sha=26dae1f99b2b50fb17118f38d8a8e95dfac3357c. Representative failure: perf database error: perf database error: no rows loaded from 1 source(s) (first: <repo>/python/aisimulate/src/aiconfigurator_core/systems/data/gb200/vllm/0.14.0/computescale_perf.parquet),"python python/aisimulate/tools/support_matrix/generate_fpe_support_matrix.py --model ""nvidia/NVIDIA-Nemotron-3-Ultra-550B-A55B-FP8"" --system ""gb200"" --backend ""vllm"" --backend-version ""0.14.0"" --forward-model op_level --max-workers 8",,116,29,PERF_DATA_MISSING=116,,26dae1f99b2b50fb17118f38d8a8e95dfac3357c
nvidia/NVIDIA-Nemotron-3-Ultra-550B-A55B-FP8,NemotronHForCausalLM,gb200,vllm,0.19.0,FAIL,Strict-native op-level FPE probes: PERF_DATA_MISSING=116; raw probes=116; topologies=29; source_sha=26dae1f99b2b50fb17118f38d8a8e95dfac3357c. Representative failure: perf database error: perf database error: no rows loaded from 1 source(s) (first: <repo>/python/aisimulate/src/aiconfigurator_core/systems/data/gb200/vllm/0.19.0/computescale_perf.parquet),"python python/aisimulate/tools/support_matrix/generate_fpe_support_matrix.py --model ""nvidia/NVIDIA-Nemotron-3-Ultra-550B-A55B-FP8"" --system ""gb200"" --backend ""vllm"" --backend-version ""0.19.0"" --forward-model op_level --max-workers 8",,116,29,PERF_DATA_MISSING=116,,26dae1f99b2b50fb17118f38d8a8e95dfac3357c
nvidia/NVIDIA-Nemotron-3-Ultra-550B-A55B-FP8,NemotronHForCausalLM,gb200,vllm,0.22.0,PASS,,"python python/aisimulate/tools/support_matrix/generate_fpe_support_matrix.py --model ""nvidia/NVIDIA-Nemotron-3-Ultra-550B-A55B-FP8"" --system ""gb200"" --backend ""vllm"" --backend-version ""0.22.0"" --forward-model op_level --max-workers 8",silicon,116,29,PASS=116,"decode_end=7485.450005, decode_start=29.351338, mixed=74.570939, prefill=70.915243",26dae1f99b2b50fb17118f38d8a8e95dfac3357c
nvidia/NVIDIA-Nemotron-3-Ultra-550B-A55B-FP8,NemotronHForCausalLM,gb200,vllm,0.24.0,PASS,,"python python/aisimulate/tools/support_matrix/generate_fpe_support_matrix.py --model ""nvidia/NVIDIA-Nemotron-3-Ultra-550B-A55B-FP8"" --system ""gb200"" --backend ""vllm"" --backend-version ""0.24.0"" --forward-model op_level --max-workers 8",silicon,116,29,PASS=116,"decode_end=7550.693363, decode_start=29.607194, mixed=73.539876, prefill=70.917724",26dae1f99b2b50fb17118f38d8a8e95dfac3357c
nvidia/NVIDIA-Nemotron-3-Ultra-550B-A55B-NVFP4,NemotronHForCausalLM,gb200,sglang,0.5.10,FAIL,"Strict-native op-level FPE probes: PERF_DATA_MISSING=220; raw probes=220; topologies=55; source_sha=26dae1f99b2b50fb17118f38d8a8e95dfac3357c. Representative failure: perf database error: MoE data missing for MoeKey { quant: ""nvfp4"", distribution: ""power_law_1.01"", topk: 22, num_experts: 512, hidden_size: 2048, inter_size: 5120, moe_tp_size: 1, moe_ep_size: 1 } at <repo>/python/aisimulate/src/aiconfigurator_core/systems/data/gb200/sglang/0.5.10","python python/aisimulate/tools/support_matrix/generate_fpe_support_matrix.py --model ""nvidia/NVIDIA-Nemotron-3-Ultra-550B-A55B-NVFP4"" --system ""gb200"" --backend ""sglang"" --backend-version ""0.5.10"" --forward-model op_level --max-workers 8",,220,55,PERF_DATA_MISSING=220,,26dae1f99b2b50fb17118f38d8a8e95dfac3357c
nvidia/NVIDIA-Nemotron-3-Ultra-550B-A55B-NVFP4,NemotronHForCausalLM,gb200,sglang,0.5.12,PASS,,"python python/aisimulate/tools/support_matrix/generate_fpe_support_matrix.py --model ""nvidia/NVIDIA-Nemotron-3-Ultra-550B-A55B-NVFP4"" --system ""gb200"" --backend ""sglang"" --backend-version ""0.5.12"" --forward-model op_level --max-workers 8",silicon,220,55,PASS=220,"decode_end=4828.664501, decode_start=18.933651, mixed=44.495747, prefill=41.668374",26dae1f99b2b50fb17118f38d8a8e95dfac3357c
nvidia/NVIDIA-Nemotron-3-Ultra-550B-A55B-NVFP4,NemotronHForCausalLM,gb200,sglang,0.5.14,PASS,,"python python/aisimulate/tools/support_matrix/generate_fpe_support_matrix.py --model ""nvidia/NVIDIA-Nemotron-3-Ultra-550B-A55B-NVFP4"" --system ""gb200"" --backend ""sglang"" --backend-version ""0.5.14"" --forward-model op_level --max-workers 8",silicon,220,55,PASS=220,"decode_end=4828.664501, decode_start=18.933651, mixed=44.495747, prefill=41.668374",26dae1f99b2b50fb17118f38d8a8e95dfac3357c
nvidia/NVIDIA-Nemotron-3-Ultra-550B-A55B-NVFP4,NemotronHForCausalLM,gb200,sglang,0.5.16,PASS,,"python python/aisimulate/tools/support_matrix/generate_fpe_support_matrix.py --model ""nvidia/NVIDIA-Nemotron-3-Ultra-550B-A55B-NVFP4"" --system ""gb200"" --backend ""sglang"" --backend-version ""0.5.16"" --forward-model op_level --max-workers 8",silicon,220,55,PASS=220,"decode_end=4828.664501, decode_start=18.933651, mixed=44.495747, prefill=41.668374",26dae1f99b2b50fb17118f38d8a8e95dfac3357c
nvidia/NVIDIA-Nemotron-3-Ultra-550B-A55B-NVFP4,NemotronHForCausalLM,gb200,sglang,0.5.9,FAIL,"Strict-native op-level FPE probes: PERF_DATA_MISSING=220; raw probes=220; topologies=55; source_sha=26dae1f99b2b50fb17118f38d8a8e95dfac3357c. Representative failure: perf database error: MoE data missing for MoeKey { quant: ""nvfp4"", distribution: ""power_law_1.01"", topk: 22, num_experts: 512, hidden_size: 2048, inter_size: 5120, moe_tp_size: 1, moe_ep_size: 1 } at <repo>/python/aisimulate/src/aiconfigurator_core/systems/data/gb200/sglang/0.5.9","python python/aisimulate/tools/support_matrix/generate_fpe_support_matrix.py --model ""nvidia/NVIDIA-Nemotron-3-Ultra-550B-A55B-NVFP4"" --system ""gb200"" --backend ""sglang"" --backend-version ""0.5.9"" --forward-model op_level --max-workers 8",,220,55,PERF_DATA_MISSING=220,,26dae1f99b2b50fb17118f38d8a8e95dfac3357c
nvidia/NVIDIA-Nemotron-3-Ultra-550B-A55B-NVFP4,NemotronHForCausalLM,gb200,trtllm,1.3.0rc10,FAIL,"Strict-native op-level FPE probes: PERF_DATA_MISSING=116; raw probes=116; topologies=29; source_sha=26dae1f99b2b50fb17118f38d8a8e95dfac3357c. Representative failure: perf database error: MoE data missing for MoeKey { quant: ""nvfp4"", distribution: ""power_law_1.01"", topk: 22, num_experts: 512, hidden_size: 2048, inter_size: 5120, moe_tp_size: 1, moe_ep_size: 1 } at <repo>/python/aisimulate/src/aiconfigurator_core/systems/data/gb200/trtllm/1.3.0rc10","python python/aisimulate/tools/support_matrix/generate_fpe_support_matrix.py --model ""nvidia/NVIDIA-Nemotron-3-Ultra-550B-A55B-NVFP4"" --system ""gb200"" --backend ""trtllm"" --backend-version ""1.3.0rc10"" --forward-model op_level --max-workers 8",,116,29,PERF_DATA_MISSING=116,,26dae1f99b2b50fb17118f38d8a8e95dfac3357c
nvidia/NVIDIA-Nemotron-3-Ultra-550B-A55B-NVFP4,NemotronHForCausalLM,gb200,trtllm,1.3.0rc15,FAIL,"Strict-native op-level FPE probes: PERF_DATA_MISSING=116; raw probes=116; topologies=29; source_sha=26dae1f99b2b50fb17118f38d8a8e95dfac3357c. Representative failure: perf database error: MoE data missing for MoeKey { quant: ""nvfp4"", distribution: ""power_law_1.01"", topk: 22, num_experts: 512, hidden_size: 2048, inter_size: 5120, moe_tp_size: 1, moe_ep_size: 1 } at <repo>/python/aisimulate/src/aiconfigurator_core/systems/data/gb200/trtllm/1.3.0rc15","python python/aisimulate/tools/support_matrix/generate_fpe_support_matrix.py --model ""nvidia/NVIDIA-Nemotron-3-Ultra-550B-A55B-NVFP4"" --system ""gb200"" --backend ""trtllm"" --backend-version ""1.3.0rc15"" --forward-model op_level --max-workers 8",,116,29,PERF_DATA_MISSING=116,,26dae1f99b2b50fb17118f38d8a8e95dfac3357c
nvidia/NVIDIA-Nemotron-3-Ultra-550B-A55B-NVFP4,NemotronHForCausalLM,gb200,trtllm,1.3.0rc17,FAIL,"Strict-native op-level FPE probes: PERF_DATA_MISSING=116; raw probes=116; topologies=29; source_sha=26dae1f99b2b50fb17118f38d8a8e95dfac3357c. Representative failure: perf database error: MoE data missing for MoeKey { quant: ""nvfp4"", distribution: ""power_law_1.01"", topk: 22, num_experts: 512, hidden_size: 2048, inter_size: 5120, moe_tp_size: 1, moe_ep_size: 1 } at <repo>/python/aisimulate/src/aiconfigurator_core/systems/data/gb200/trtllm/1.3.0rc17","python python/aisimulate/tools/support_matrix/generate_fpe_support_matrix.py --model ""nvidia/NVIDIA-Nemotron-3-Ultra-550B-A55B-NVFP4"" --system ""gb200"" --backend ""trtllm"" --backend-version ""1.3.0rc17"" --forward-model op_level --max-workers 8",,116,29,PERF_DATA_MISSING=116,,26dae1f99b2b50fb17118f38d8a8e95dfac3357c
nvidia/NVIDIA-Nemotron-3-Ultra-550B-A55B-NVFP4,NemotronHForCausalLM,gb200,trtllm,1.3.0rc20,PASS,,"python python/aisimulate/tools/support_matrix/generate_fpe_support_matrix.py --model ""nvidia/NVIDIA-Nemotron-3-Ultra-550B-A55B-NVFP4"" --system ""gb200"" --backend ""trtllm"" --backend-version ""1.3.0rc20"" --forward-model op_level --max-workers 8",silicon,116,29,PASS=116,"decode_end=6936.743419, decode_start=27.202443, mixed=56.902960, prefill=56.125304",26dae1f99b2b50fb17118f38d8a8e95dfac3357c
nvidia/NVIDIA-Nemotron-3-Ultra-550B-A55B-NVFP4,NemotronHForCausalLM,gb200,trtllm,1.3.0rc23,PASS,,"python python/aisimulate/tools/support_matrix/generate_fpe_support_matrix.py --model ""nvidia/NVIDIA-Nemotron-3-Ultra-550B-A55B-NVFP4"" --system ""gb200"" --backend ""trtllm"" --backend-version ""1.3.0rc23"" --forward-model op_level --max-workers 8",silicon,116,29,PASS=116,"decode_end=6936.743419, decode_start=27.202443, mixed=56.902960, prefill=56.125304",26dae1f99b2b50fb17118f38d8a8e95dfac3357c
nvidia/NVIDIA-Nemotron-3-Ultra-550B-A55B-NVFP4,NemotronHForCausalLM,gb200,vllm,0.1.dev19262,FAIL,Strict-native op-level FPE probes: PERF_DATA_MISSING=116; raw probes=116; topologies=29; source_sha=26dae1f99b2b50fb17118f38d8a8e95dfac3357c. Representative failure: perf database error: perf database error: no GEMM rows loaded from 1 source(s) (first: <repo>/python/aisimulate/src/aiconfigurator_core/systems/data/gb200/vllm/0.1.dev19262/gemm_perf.parquet),"python python/aisimulate/tools/support_matrix/generate_fpe_support_matrix.py --model ""nvidia/NVIDIA-Nemotron-3-Ultra-550B-A55B-NVFP4"" --system ""gb200"" --backend ""vllm"" --backend-version ""0.1.dev19262"" --forward-model op_level --max-workers 8",,116,29,PERF_DATA_MISSING=116,,26dae1f99b2b50fb17118f38d8a8e95dfac3357c
nvidia/NVIDIA-Nemotron-3-Ultra-550B-A55B-NVFP4,NemotronHForCausalLM,gb200,vllm,0.14.0,FAIL,"Strict-native op-level FPE probes: PERF_DATA_MISSING=116; raw probes=116; topologies=29; source_sha=26dae1f99b2b50fb17118f38d8a8e95dfac3357c. Representative failure: perf database error: MoE data missing for MoeKey { quant: ""nvfp4"", distribution: ""power_law_1.01"", topk: 22, num_experts: 512, hidden_size: 2048, inter_size: 5120, moe_tp_size: 1, moe_ep_size: 1 } at <repo>/python/aisimulate/src/aiconfigurator_core/systems/data/gb200/vllm/0.14.0","python python/aisimulate/tools/support_matrix/generate_fpe_support_matrix.py --model ""nvidia/NVIDIA-Nemotron-3-Ultra-550B-A55B-NVFP4"" --system ""gb200"" --backend ""vllm"" --backend-version ""0.14.0"" --forward-model op_level --max-workers 8",,116,29,PERF_DATA_MISSING=116,,26dae1f99b2b50fb17118f38d8a8e95dfac3357c
nvidia/NVIDIA-Nemotron-3-Ultra-550B-A55B-NVFP4,NemotronHForCausalLM,gb200,vllm,0.19.0,FAIL,"Strict-native op-level FPE probes: PERF_DATA_MISSING=116; raw probes=116; topologies=29; source_sha=26dae1f99b2b50fb17118f38d8a8e95dfac3357c. Representative failure: perf database error: MoE data missing for MoeKey { quant: ""nvfp4"", distribution: ""power_law_1.01"", topk: 22, num_experts: 512, hidden_size: 2048, inter_size: 5120, moe_tp_size: 1, moe_ep_size: 1 } at <repo>/python/aisimulate/src/aiconfigurator_core/systems/data/gb200/vllm/0.19.0","python python/aisimulate/tools/support_matrix/generate_fpe_support_matrix.py --model ""nvidia/NVIDIA-Nemotron-3-Ultra-550B-A55B-NVFP4"" --system ""gb200"" --backend ""vllm"" --backend-version ""0.19.0"" --forward-model op_level --max-workers 8",,116,29,PERF_DATA_MISSING=116,,26dae1f99b2b50fb17118f38d8a8e95dfac3357c
nvidia/NVIDIA-Nemotron-3-Ultra-550B-A55B-NVFP4,NemotronHForCausalLM,gb200,vllm,0.22.0,FAIL,"Strict-native op-level FPE probes: PERF_DATA_MISSING=116; raw probes=116; topologies=29; source_sha=26dae1f99b2b50fb17118f38d8a8e95dfac3357c. Representative failure: perf database error: MoE data missing for MoeKey { quant: ""nvfp4"", distribution: ""power_law_1.01"", topk: 22, num_experts: 512, hidden_size: 2048, inter_size: 5120, moe_tp_size: 1, moe_ep_size: 1 } at <repo>/python/aisimulate/src/aiconfigurator_core/systems/data/gb200/vllm/0.22.0","python python/aisimulate/tools/support_matrix/generate_fpe_support_matrix.py --model ""nvidia/NVIDIA-Nemotron-3-Ultra-550B-A55B-NVFP4"" --system ""gb200"" --backend ""vllm"" --backend-version ""0.22.0"" --forward-model op_level --max-workers 8",,116,29,PERF_DATA_MISSING=116,,26dae1f99b2b50fb17118f38d8a8e95dfac3357c
nvidia/NVIDIA-Nemotron-3-Ultra-550B-A55B-NVFP4,NemotronHForCausalLM,gb200,vllm,0.24.0,FAIL,"Strict-native op-level FPE probes: PERF_DATA_MISSING=116; raw probes=116; topologies=29; source_sha=26dae1f99b2b50fb17118f38d8a8e95dfac3357c. Representative failure: perf database error: MoE data missing for MoeKey { quant: ""nvfp4"", distribution: ""power_law_1.01"", topk: 22, num_experts: 512, hidden_size: 2048, inter_size: 5120, moe_tp_size: 1, moe_ep_size: 1 } at <repo>/python/aisimulate/src/aiconfigurator_core/systems/data/gb200/vllm/0.24.0","python python/aisimulate/tools/support_matrix/generate_fpe_support_matrix.py --model ""nvidia/NVIDIA-Nemotron-3-Ultra-550B-A55B-NVFP4"" --system ""gb200"" --backend ""vllm"" --backend-version ""0.24.0"" --forward-model op_level --max-workers 8",,116,29,PERF_DATA_MISSING=116,,26dae1f99b2b50fb17118f38d8a8e95dfac3357c
nvidia/Qwen3-235B-A22B-NVFP4,Qwen3MoeForCausalLM,gb200,sglang,0.5.10,PASS,,"python python/aisimulate/tools/support_matrix/generate_fpe_support_matrix.py --model ""nvidia/Qwen3-235B-A22B-NVFP4"" --system ""gb200"" --backend ""sglang"" --backend-version ""0.5.10"" --forward-model op_level --max-workers 8",silicon,540,135,"PASS=220, SDK_UNREPRESENTABLE=320","decode_end=3683.266999, decode_start=14.474282, mixed=34.061188, prefill=32.953457",26dae1f99b2b50fb17118f38d8a8e95dfac3357c
nvidia/Qwen3-235B-A22B-NVFP4,Qwen3MoeForCausalLM,gb200,sglang,0.5.12,PASS,,"python python/aisimulate/tools/support_matrix/generate_fpe_support_matrix.py --model ""nvidia/Qwen3-235B-A22B-NVFP4"" --system ""gb200"" --backend ""sglang"" --backend-version ""0.5.12"" --forward-model op_level --max-workers 8",silicon,540,135,"PASS=220, SDK_UNREPRESENTABLE=320","decode_end=2966.201520, decode_start=11.633081, mixed=30.854520, prefill=28.561234",26dae1f99b2b50fb17118f38d8a8e95dfac3357c
nvidia/Qwen3-235B-A22B-NVFP4,Qwen3MoeForCausalLM,gb200,sglang,0.5.14,PASS,,"python python/aisimulate/tools/support_matrix/generate_fpe_support_matrix.py --model ""nvidia/Qwen3-235B-A22B-NVFP4"" --system ""gb200"" --backend ""sglang"" --backend-version ""0.5.14"" --forward-model op_level --max-workers 8",silicon,540,135,"PASS=220, SDK_UNREPRESENTABLE=320","decode_end=2966.201520, decode_start=11.633081, mixed=30.854520, prefill=28.561234",26dae1f99b2b50fb17118f38d8a8e95dfac3357c
nvidia/Qwen3-235B-A22B-NVFP4,Qwen3MoeForCausalLM,gb200,sglang,0.5.16,PASS,,"python python/aisimulate/tools/support_matrix/generate_fpe_support_matrix.py --model ""nvidia/Qwen3-235B-A22B-NVFP4"" --system ""gb200"" --backend ""sglang"" --backend-version ""0.5.16"" --forward-model op_level --max-workers 8",silicon,540,135,"PASS=220, SDK_UNREPRESENTABLE=320","decode_end=2966.201520, decode_start=11.633081, mixed=30.854520, prefill=28.561234",26dae1f99b2b50fb17118f38d8a8e95dfac3357c
nvidia/Qwen3-235B-A22B-NVFP4,Qwen3MoeForCausalLM,gb200,sglang,0.5.9,PASS,,"python python/aisimulate/tools/support_matrix/generate_fpe_support_matrix.py --model ""nvidia/Qwen3-235B-A22B-NVFP4"" --system ""gb200"" --backend ""sglang"" --backend-version ""0.5.9"" --forward-model op_level --max-workers 8",silicon,540,135,"PASS=220, SDK_UNREPRESENTABLE=320","decode_end=3732.691614, decode_start=14.682181, mixed=33.394108, prefill=32.063983",26dae1f99b2b50fb17118f38d8a8e95dfac3357c
nvidia/Qwen3-235B-A22B-NVFP4,Qwen3MoeForCausalLM,gb200,trtllm,1.3.0rc10,PASS,,"python python/aisimulate/tools/support_matrix/generate_fpe_support_matrix.py --model ""nvidia/Qwen3-235B-A22B-NVFP4"" --system ""gb200"" --backend ""trtllm"" --backend-version ""1.3.0rc10"" --forward-model op_level --max-workers 8",silicon,116,29,"PASS=108, PERF_DATA_MISSING=8","decode_end=3541.949319, decode_start=13.491187, mixed=36.751125, prefill=27.130050",26dae1f99b2b50fb17118f38d8a8e95dfac3357c
nvidia/Qwen3-235B-A22B-NVFP4,Qwen3MoeForCausalLM,gb200,trtllm,1.3.0rc15,PASS,,"python python/aisimulate/tools/support_matrix/generate_fpe_support_matrix.py --model ""nvidia/Qwen3-235B-A22B-NVFP4"" --system ""gb200"" --backend ""trtllm"" --backend-version ""1.3.0rc15"" --forward-model op_level --max-workers 8",silicon,116,29,"PASS=108, PERF_DATA_MISSING=8","decode_end=3541.949319, decode_start=13.491187, mixed=36.751125, prefill=27.130050",26dae1f99b2b50fb17118f38d8a8e95dfac3357c
nvidia/Qwen3-235B-A22B-NVFP4,Qwen3MoeForCausalLM,gb200,trtllm,1.3.0rc17,PASS,,"python python/aisimulate/tools/support_matrix/generate_fpe_support_matrix.py --model ""nvidia/Qwen3-235B-A22B-NVFP4"" --system ""gb200"" --backend ""trtllm"" --backend-version ""1.3.0rc17"" --forward-model op_level --max-workers 8",silicon,116,29,"PASS=108, PERF_DATA_MISSING=8","decode_end=3153.403232, decode_start=12.365966, mixed=35.159958, prefill=26.999276",26dae1f99b2b50fb17118f38d8a8e95dfac3357c
nvidia/Qwen3-235B-A22B-NVFP4,Qwen3MoeForCausalLM,gb200,trtllm,1.3.0rc20,PASS,,"python python/aisimulate/tools/support_matrix/generate_fpe_support_matrix.py --model ""nvidia/Qwen3-235B-A22B-NVFP4"" --system ""gb200"" --backend ""trtllm"" --backend-version ""1.3.0rc20"" --forward-model op_level --max-workers 8",silicon,116,29,"PASS=108, PERF_DATA_MISSING=8","decode_end=3128.149447, decode_start=12.193801, mixed=36.296764, prefill=29.094561",26dae1f99b2b50fb17118f38d8a8e95dfac3357c
nvidia/Qwen3-235B-A22B-NVFP4,Qwen3MoeForCausalLM,gb200,trtllm,1.3.0rc23,PASS,,"python python/aisimulate/tools/support_matrix/generate_fpe_support_matrix.py --model ""nvidia/Qwen3-235B-A22B-NVFP4"" --system ""gb200"" --backend ""trtllm"" --backend-version ""1.3.0rc23"" --forward-model op_level --max-workers 8",silicon,116,29,"PASS=108, PERF_DATA_MISSING=8","decode_end=3128.149447, decode_start=12.193801, mixed=36.296764, prefill=29.094561",26dae1f99b2b50fb17118f38d8a8e95dfac3357c
nvidia/Qwen3-235B-A22B-NVFP4,Qwen3MoeForCausalLM,gb200,vllm,0.1.dev19262,FAIL,Strict-native op-level FPE probes: PERF_DATA_MISSING=116; raw probes=116; topologies=29; source_sha=26dae1f99b2b50fb17118f38d8a8e95dfac3357c. Representative failure: perf database error: perf database error: no GEMM rows loaded from 1 source(s) (first: <repo>/python/aisimulate/src/aiconfigurator_core/systems/data/gb200/vllm/0.1.dev19262/gemm_perf.parquet),"python python/aisimulate/tools/support_matrix/generate_fpe_support_matrix.py --model ""nvidia/Qwen3-235B-A22B-NVFP4"" --system ""gb200"" --backend ""vllm"" --backend-version ""0.1.dev19262"" --forward-model op_level --max-workers 8",,116,29,PERF_DATA_MISSING=116,,26dae1f99b2b50fb17118f38d8a8e95dfac3357c
nvidia/Qwen3-235B-A22B-NVFP4,Qwen3MoeForCausalLM,gb200,vllm,0.14.0,PASS,,"python python/aisimulate/tools/support_matrix/generate_fpe_support_matrix.py --model ""nvidia/Qwen3-235B-A22B-NVFP4"" --system ""gb200"" --backend ""vllm"" --backend-version ""0.14.0"" --forward-model op_level --max-workers 8",silicon,116,29,"PASS=96, PERF_DATA_MISSING=20","decode_end=3571.844809, decode_start=14.005368, mixed=31.910630, prefill=30.487690",26dae1f99b2b50fb17118f38d8a8e95dfac3357c
nvidia/Qwen3-235B-A22B-NVFP4,Qwen3MoeForCausalLM,gb200,vllm,0.19.0,PASS,,"python python/aisimulate/tools/support_matrix/generate_fpe_support_matrix.py --model ""nvidia/Qwen3-235B-A22B-NVFP4"" --system ""gb200"" --backend ""vllm"" --backend-version ""0.19.0"" --forward-model op_level --max-workers 8",silicon,116,29,"PASS=96, PERF_DATA_MISSING=20","decode_end=3056.401438, decode_start=11.982235, mixed=30.142401, prefill=28.880059",26dae1f99b2b50fb17118f38d8a8e95dfac3357c
nvidia/Qwen3-235B-A22B-NVFP4,Qwen3MoeForCausalLM,gb200,vllm,0.22.0,PASS,,"python python/aisimulate/tools/support_matrix/generate_fpe_support_matrix.py --model ""nvidia/Qwen3-235B-A22B-NVFP4"" --system ""gb200"" --backend ""vllm"" --backend-version ""0.22.0"" --forward-model op_level --max-workers 8",silicon,116,29,"PASS=96, PERF_DATA_MISSING=20","decode_end=3066.114894, decode_start=12.041606, mixed=30.062856, prefill=28.383238",26dae1f99b2b50fb17118f38d8a8e95dfac3357c
nvidia/Qwen3-235B-A22B-NVFP4,Qwen3MoeForCausalLM,gb200,vllm,0.24.0,PASS,,"python python/aisimulate/tools/support_matrix/generate_fpe_support_matrix.py --model ""nvidia/Qwen3-235B-A22B-NVFP4"" --system ""gb200"" --backend ""vllm"" --backend-version ""0.24.0"" --forward-model op_level --max-workers 8",silicon,116,29,"PASS=96, PERF_DATA_MISSING=20","decode_end=3054.025832, decode_start=11.994198, mixed=30.118849, prefill=28.377267",26dae1f99b2b50fb17118f38d8a8e95dfac3357c
nvidia/Qwen3.5-122B-A10B-NVFP4,Qwen3_5MoeForConditionalGeneration,gb200,sglang,0.5.10,FAIL,"Strict-native op-level FPE probes: PERF_DATA_MISSING=220; raw probes=220; topologies=55; source_sha=26dae1f99b2b50fb17118f38d8a8e95dfac3357c. Representative failure: perf database error: MoE data missing for MoeKey { quant: ""nvfp4"", distribution: ""power_law_1.2"", topk: 8, num_experts: 256, hidden_size: 3072, inter_size: 1024, moe_tp_size: 1, moe_ep_size: 1 } at <repo>/python/aisimulate/src/aiconfigurator_core/systems/data/gb200/sglang/0.5.10","python python/aisimulate/tools/support_matrix/generate_fpe_support_matrix.py --model ""nvidia/Qwen3.5-122B-A10B-NVFP4"" --system ""gb200"" --backend ""sglang"" --backend-version ""0.5.10"" --forward-model op_level --max-workers 8",,220,55,PERF_DATA_MISSING=220,,26dae1f99b2b50fb17118f38d8a8e95dfac3357c
nvidia/Qwen3.5-122B-A10B-NVFP4,Qwen3_5MoeForConditionalGeneration,gb200,sglang,0.5.12,FAIL,"Strict-native op-level FPE probes: PERF_DATA_MISSING=220; raw probes=220; topologies=55; source_sha=26dae1f99b2b50fb17118f38d8a8e95dfac3357c. Representative failure: perf database error: MoE data missing for MoeKey { quant: ""nvfp4"", distribution: ""power_law_1.2"", topk: 8, num_experts: 256, hidden_size: 3072, inter_size: 1024, moe_tp_size: 1, moe_ep_size: 1 } at <repo>/python/aisimulate/src/aiconfigurator_core/systems/data/gb200/sglang/0.5.12","python python/aisimulate/tools/support_matrix/generate_fpe_support_matrix.py --model ""nvidia/Qwen3.5-122B-A10B-NVFP4"" --system ""gb200"" --backend ""sglang"" --backend-version ""0.5.12"" --forward-model op_level --max-workers 8",,220,55,PERF_DATA_MISSING=220,,26dae1f99b2b50fb17118f38d8a8e95dfac3357c
nvidia/Qwen3.5-122B-A10B-NVFP4,Qwen3_5MoeForConditionalGeneration,gb200,sglang,0.5.14,FAIL,"Strict-native op-level FPE probes: PERF_DATA_MISSING=220; raw probes=220; topologies=55; source_sha=26dae1f99b2b50fb17118f38d8a8e95dfac3357c. Representative failure: perf database error: MoE data missing for MoeKey { quant: ""nvfp4"", distribution: ""power_law_1.2"", topk: 8, num_experts: 256, hidden_size: 3072, inter_size: 1024, moe_tp_size: 1, moe_ep_size: 1 } at <repo>/python/aisimulate/src/aiconfigurator_core/systems/data/gb200/sglang/0.5.14","python python/aisimulate/tools/support_matrix/generate_fpe_support_matrix.py --model ""nvidia/Qwen3.5-122B-A10B-NVFP4"" --system ""gb200"" --backend ""sglang"" --backend-version ""0.5.14"" --forward-model op_level --max-workers 8",,220,55,PERF_DATA_MISSING=220,,26dae1f99b2b50fb17118f38d8a8e95dfac3357c
nvidia/Qwen3.5-122B-A10B-NVFP4,Qwen3_5MoeForConditionalGeneration,gb200,sglang,0.5.16,FAIL,"Strict-native op-level FPE probes: PERF_DATA_MISSING=220; raw probes=220; topologies=55; source_sha=26dae1f99b2b50fb17118f38d8a8e95dfac3357c. Representative failure: perf database error: MoE data missing for MoeKey { quant: ""nvfp4"", distribution: ""power_law_1.2"", topk: 8, num_experts: 256, hidden_size: 3072, inter_size: 1024, moe_tp_size: 1, moe_ep_size: 1 } at <repo>/python/aisimulate/src/aiconfigurator_core/systems/data/gb200/sglang/0.5.16","python python/aisimulate/tools/support_matrix/generate_fpe_support_matrix.py --model ""nvidia/Qwen3.5-122B-A10B-NVFP4"" --system ""gb200"" --backend ""sglang"" --backend-version ""0.5.16"" --forward-model op_level --max-workers 8",,220,55,PERF_DATA_MISSING=220,,26dae1f99b2b50fb17118f38d8a8e95dfac3357c
nvidia/Qwen3.5-122B-A10B-NVFP4,Qwen3_5MoeForConditionalGeneration,gb200,sglang,0.5.9,FAIL,"Strict-native op-level FPE probes: PERF_DATA_MISSING=220; raw probes=220; topologies=55; source_sha=26dae1f99b2b50fb17118f38d8a8e95dfac3357c. Representative failure: perf database error: MoE data missing for MoeKey { quant: ""nvfp4"", distribution: ""power_law_1.2"", topk: 8, num_experts: 256, hidden_size: 3072, inter_size: 1024, moe_tp_size: 1, moe_ep_size: 1 } at <repo>/python/aisimulate/src/aiconfigurator_core/systems/data/gb200/sglang/0.5.9","python python/aisimulate/tools/support_matrix/generate_fpe_support_matrix.py --model ""nvidia/Qwen3.5-122B-A10B-NVFP4"" --system ""gb200"" --backend ""sglang"" --backend-version ""0.5.9"" --forward-model op_level --max-workers 8",,220,55,PERF_DATA_MISSING=220,,26dae1f99b2b50fb17118f38d8a8e95dfac3357c
nvidia/Qwen3.5-122B-A10B-NVFP4,Qwen3_5MoeForConditionalGeneration,gb200,trtllm,1.3.0rc10,FAIL,"Strict-native op-level FPE probes: PERF_DATA_MISSING=116; raw probes=116; topologies=29; source_sha=26dae1f99b2b50fb17118f38d8a8e95dfac3357c. Representative failure: perf database error: MoE data missing for MoeKey { quant: ""nvfp4"", distribution: ""power_law_1.2"", topk: 8, num_experts: 256, hidden_size: 3072, inter_size: 1024, moe_tp_size: 1, moe_ep_size: 1 } at <repo>/python/aisimulate/src/aiconfigurator_core/systems/data/gb200/trtllm/1.3.0rc10","python python/aisimulate/tools/support_matrix/generate_fpe_support_matrix.py --model ""nvidia/Qwen3.5-122B-A10B-NVFP4"" --system ""gb200"" --backend ""trtllm"" --backend-version ""1.3.0rc10"" --forward-model op_level --max-workers 8",,116,29,PERF_DATA_MISSING=116,,26dae1f99b2b50fb17118f38d8a8e95dfac3357c
nvidia/Qwen3.5-122B-A10B-NVFP4,Qwen3_5MoeForConditionalGeneration,gb200,trtllm,1.3.0rc15,FAIL,"Strict-native op-level FPE probes: PERF_DATA_MISSING=116; raw probes=116; topologies=29; source_sha=26dae1f99b2b50fb17118f38d8a8e95dfac3357c. Representative failure: perf database error: MoE data missing for MoeKey { quant: ""nvfp4"", distribution: ""power_law_1.2"", topk: 8, num_experts: 256, hidden_size: 3072, inter_size: 1024, moe_tp_size: 1, moe_ep_size: 1 } at <repo>/python/aisimulate/src/aiconfigurator_core/systems/data/gb200/trtllm/1.3.0rc15","python python/aisimulate/tools/support_matrix/generate_fpe_support_matrix.py --model ""nvidia/Qwen3.5-122B-A10B-NVFP4"" --system ""gb200"" --backend ""trtllm"" --backend-version ""1.3.0rc15"" --forward-model op_level --max-workers 8",,116,29,PERF_DATA_MISSING=116,,26dae1f99b2b50fb17118f38d8a8e95dfac3357c
nvidia/Qwen3.5-122B-A10B-NVFP4,Qwen3_5MoeForConditionalGeneration,gb200,trtllm,1.3.0rc17,FAIL,"Strict-native op-level FPE probes: PERF_DATA_MISSING=116; raw probes=116; topologies=29; source_sha=26dae1f99b2b50fb17118f38d8a8e95dfac3357c. Representative failure: perf database error: MoE data missing for MoeKey { quant: ""nvfp4"", distribution: ""power_law_1.2"", topk: 8, num_experts: 256, hidden_size: 3072, inter_size: 1024, moe_tp_size: 1, moe_ep_size: 1 } at <repo>/python/aisimulate/src/aiconfigurator_core/systems/data/gb200/trtllm/1.3.0rc17","python python/aisimulate/tools/support_matrix/generate_fpe_support_matrix.py --model ""nvidia/Qwen3.5-122B-A10B-NVFP4"" --system ""gb200"" --backend ""trtllm"" --backend-version ""1.3.0rc17"" --forward-model op_level --max-workers 8",,116,29,PERF_DATA_MISSING=116,,26dae1f99b2b50fb17118f38d8a8e95dfac3357c
nvidia/Qwen3.5-122B-A10B-NVFP4,Qwen3_5MoeForConditionalGeneration,gb200,trtllm,1.3.0rc20,PASS,,"python python/aisimulate/tools/support_matrix/generate_fpe_support_matrix.py --model ""nvidia/Qwen3.5-122B-A10B-NVFP4"" --system ""gb200"" --backend ""trtllm"" --backend-version ""1.3.0rc20"" --forward-model op_level --max-workers 8",silicon,116,29,PASS=116,"decode_end=1954.891062, decode_start=7.661077, mixed=19.427678, prefill=14.052574",26dae1f99b2b50fb17118f38d8a8e95dfac3357c
nvidia/Qwen3.5-122B-A10B-NVFP4,Qwen3_5MoeForConditionalGeneration,gb200,trtllm,1.3.0rc23,PASS,,"python python/aisimulate/tools/support_matrix/generate_fpe_support_matrix.py --model ""nvidia/Qwen3.5-122B-A10B-NVFP4"" --system ""gb200"" --backend ""trtllm"" --backend-version ""1.3.0rc23"" --forward-model op_level --max-workers 8",silicon,116,29,PASS=116,"decode_end=1954.891062, decode_start=7.661077, mixed=19.427678, prefill=14.052574",26dae1f99b2b50fb17118f38d8a8e95dfac3357c
nvidia/Qwen3.5-122B-A10B-NVFP4,Qwen3_5MoeForConditionalGeneration,gb200,vllm,0.1.dev19262,FAIL,Strict-native op-level FPE probes: PERF_DATA_MISSING=116; raw probes=116; topologies=29; source_sha=26dae1f99b2b50fb17118f38d8a8e95dfac3357c. Representative failure: perf database error: perf database error: no GEMM rows loaded from 1 source(s) (first: <repo>/python/aisimulate/src/aiconfigurator_core/systems/data/gb200/vllm/0.1.dev19262/gemm_perf.parquet),"python python/aisimulate/tools/support_matrix/generate_fpe_support_matrix.py --model ""nvidia/Qwen3.5-122B-A10B-NVFP4"" --system ""gb200"" --backend ""vllm"" --backend-version ""0.1.dev19262"" --forward-model op_level --max-workers 8",,116,29,PERF_DATA_MISSING=116,,26dae1f99b2b50fb17118f38d8a8e95dfac3357c
nvidia/Qwen3.5-122B-A10B-NVFP4,Qwen3_5MoeForConditionalGeneration,gb200,vllm,0.14.0,FAIL,"Strict-native op-level FPE probes: PERF_DATA_MISSING=116; raw probes=116; topologies=29; source_sha=26dae1f99b2b50fb17118f38d8a8e95dfac3357c. Representative failure: perf database error: MoE data missing for MoeKey { quant: ""nvfp4"", distribution: ""power_law_1.2"", topk: 8, num_experts: 256, hidden_size: 3072, inter_size: 1024, moe_tp_size: 1, moe_ep_size: 1 } at <repo>/python/aisimulate/src/aiconfigurator_core/systems/data/gb200/vllm/0.14.0","python python/aisimulate/tools/support_matrix/generate_fpe_support_matrix.py --model ""nvidia/Qwen3.5-122B-A10B-NVFP4"" --system ""gb200"" --backend ""vllm"" --backend-version ""0.14.0"" --forward-model op_level --max-workers 8",,116,29,PERF_DATA_MISSING=116,,26dae1f99b2b50fb17118f38d8a8e95dfac3357c
nvidia/Qwen3.5-122B-A10B-NVFP4,Qwen3_5MoeForConditionalGeneration,gb200,vllm,0.19.0,FAIL,"Strict-native op-level FPE probes: PERF_DATA_MISSING=116; raw probes=116; topologies=29; source_sha=26dae1f99b2b50fb17118f38d8a8e95dfac3357c. Representative failure: perf database error: MoE data missing for MoeKey { quant: ""nvfp4"", distribution: ""power_law_1.2"", topk: 8, num_experts: 256, hidden_size: 3072, inter_size: 1024, moe_tp_size: 1, moe_ep_size: 1 } at <repo>/python/aisimulate/src/aiconfigurator_core/systems/data/gb200/vllm/0.19.0","python python/aisimulate/tools/support_matrix/generate_fpe_support_matrix.py --model ""nvidia/Qwen3.5-122B-A10B-NVFP4"" --system ""gb200"" --backend ""vllm"" --backend-version ""0.19.0"" --forward-model op_level --max-workers 8",,116,29,PERF_DATA_MISSING=116,,26dae1f99b2b50fb17118f38d8a8e95dfac3357c
nvidia/Qwen3.5-122B-A10B-NVFP4,Qwen3_5MoeForConditionalGeneration,gb200,vllm,0.22.0,PASS,,"python python/aisimulate/tools/support_matrix/generate_fpe_support_matrix.py --model ""nvidia/Qwen3.5-122B-A10B-NVFP4"" --system ""gb200"" --backend ""vllm"" --backend-version ""0.22.0"" --forward-model op_level --max-workers 8",silicon,116,29,PASS=116,"decode_end=1566.622699, decode_start=6.141589, mixed=39.490432, prefill=39.198481",26dae1f99b2b50fb17118f38d8a8e95dfac3357c
nvidia/Qwen3.5-122B-A10B-NVFP4,Qwen3_5MoeForConditionalGeneration,gb200,vllm,0.24.0,PASS,,"python python/aisimulate/tools/support_matrix/generate_fpe_support_matrix.py --model ""nvidia/Qwen3.5-122B-A10B-NVFP4"" --system ""gb200"" --backend ""vllm"" --backend-version ""0.24.0"" --forward-model op_level --max-workers 8",silicon,116,29,PASS=116,"decode_end=1498.962156, decode_start=5.876254, mixed=13.854355, prefill=13.361331",26dae1f99b2b50fb17118f38d8a8e95dfac3357c
nvidia/Qwen3.5-397B-A17B-NVFP4,Qwen3_5MoeForConditionalGeneration,gb200,sglang,0.5.10,PASS,,"python python/aisimulate/tools/support_matrix/generate_fpe_support_matrix.py --model ""nvidia/Qwen3.5-397B-A17B-NVFP4"" --system ""gb200"" --backend ""sglang"" --backend-version ""0.5.10"" --forward-model op_level --max-workers 8",silicon,220,55,PASS=220,"decode_end=2654.694251, decode_start=10.410115, mixed=18.115528, prefill=17.446347",26dae1f99b2b50fb17118f38d8a8e95dfac3357c
nvidia/Qwen3.5-397B-A17B-NVFP4,Qwen3_5MoeForConditionalGeneration,gb200,sglang,0.5.12,PASS,,"python python/aisimulate/tools/support_matrix/generate_fpe_support_matrix.py --model ""nvidia/Qwen3.5-397B-A17B-NVFP4"" --system ""gb200"" --backend ""sglang"" --backend-version ""0.5.12"" --forward-model op_level --max-workers 8",silicon,220,55,PASS=220,"decode_end=2497.743239, decode_start=9.792579, mixed=18.603952, prefill=17.472519",26dae1f99b2b50fb17118f38d8a8e95dfac3357c
nvidia/Qwen3.5-397B-A17B-NVFP4,Qwen3_5MoeForConditionalGeneration,gb200,sglang,0.5.14,PASS,,"python python/aisimulate/tools/support_matrix/generate_fpe_support_matrix.py --model ""nvidia/Qwen3.5-397B-A17B-NVFP4"" --system ""gb200"" --backend ""sglang"" --backend-version ""0.5.14"" --forward-model op_level --max-workers 8",silicon,220,55,PASS=220,"decode_end=2497.743239, decode_start=9.792579, mixed=18.603952, prefill=17.472519",26dae1f99b2b50fb17118f38d8a8e95dfac3357c
nvidia/Qwen3.5-397B-A17B-NVFP4,Qwen3_5MoeForConditionalGeneration,gb200,sglang,0.5.16,PASS,,"python python/aisimulate/tools/support_matrix/generate_fpe_support_matrix.py --model ""nvidia/Qwen3.5-397B-A17B-NVFP4"" --system ""gb200"" --backend ""sglang"" --backend-version ""0.5.16"" --forward-model op_level --max-workers 8",silicon,220,55,PASS=220,"decode_end=2497.743239, decode_start=9.792579, mixed=18.603952, prefill=17.472519",26dae1f99b2b50fb17118f38d8a8e95dfac3357c
nvidia/Qwen3.5-397B-A17B-NVFP4,Qwen3_5MoeForConditionalGeneration,gb200,sglang,0.5.9,FAIL,"Strict-native op-level FPE probes: PERF_DATA_MISSING=220; raw probes=220; topologies=55; source_sha=26dae1f99b2b50fb17118f38d8a8e95dfac3357c. Representative failure: perf database error: MoE data missing for MoeKey { quant: ""nvfp4"", distribution: ""power_law_1.2"", topk: 10, num_experts: 512, hidden_size: 4096, inter_size: 1024, moe_tp_size: 1, moe_ep_size: 1 } at <repo>/python/aisimulate/src/aiconfigurator_core/systems/data/gb200/sglang/0.5.9","python python/aisimulate/tools/support_matrix/generate_fpe_support_matrix.py --model ""nvidia/Qwen3.5-397B-A17B-NVFP4"" --system ""gb200"" --backend ""sglang"" --backend-version ""0.5.9"" --forward-model op_level --max-workers 8",,220,55,PERF_DATA_MISSING=220,,26dae1f99b2b50fb17118f38d8a8e95dfac3357c
nvidia/Qwen3.5-397B-A17B-NVFP4,Qwen3_5MoeForConditionalGeneration,gb200,trtllm,1.3.0rc10,PASS,,"python python/aisimulate/tools/support_matrix/generate_fpe_support_matrix.py --model ""nvidia/Qwen3.5-397B-A17B-NVFP4"" --system ""gb200"" --backend ""trtllm"" --backend-version ""1.3.0rc10"" --forward-model op_level --max-workers 8",silicon,116,29,PASS=116,"decode_end=4642.809167, decode_start=18.150350, mixed=41.023001, prefill=40.187391",26dae1f99b2b50fb17118f38d8a8e95dfac3357c
nvidia/Qwen3.5-397B-A17B-NVFP4,Qwen3_5MoeForConditionalGeneration,gb200,trtllm,1.3.0rc15,PASS,,"python python/aisimulate/tools/support_matrix/generate_fpe_support_matrix.py --model ""nvidia/Qwen3.5-397B-A17B-NVFP4"" --system ""gb200"" --backend ""trtllm"" --backend-version ""1.3.0rc15"" --forward-model op_level --max-workers 8",silicon,116,29,PASS=116,"decode_end=4642.809167, decode_start=18.150350, mixed=41.023001, prefill=40.187391",26dae1f99b2b50fb17118f38d8a8e95dfac3357c
nvidia/Qwen3.5-397B-A17B-NVFP4,Qwen3_5MoeForConditionalGeneration,gb200,trtllm,1.3.0rc17,PASS,,"python python/aisimulate/tools/support_matrix/generate_fpe_support_matrix.py --model ""nvidia/Qwen3.5-397B-A17B-NVFP4"" --system ""gb200"" --backend ""trtllm"" --backend-version ""1.3.0rc17"" --forward-model op_level --max-workers 8",silicon,116,29,PASS=116,"decode_end=4510.691074, decode_start=17.688948, mixed=40.661926, prefill=39.998638",26dae1f99b2b50fb17118f38d8a8e95dfac3357c
nvidia/Qwen3.5-397B-A17B-NVFP4,Qwen3_5MoeForConditionalGeneration,gb200,trtllm,1.3.0rc20,PASS,,"python python/aisimulate/tools/support_matrix/generate_fpe_support_matrix.py --model ""nvidia/Qwen3.5-397B-A17B-NVFP4"" --system ""gb200"" --backend ""trtllm"" --backend-version ""1.3.0rc20"" --forward-model op_level --max-workers 8",silicon,116,29,PASS=116,"decode_end=4339.831524, decode_start=17.012494, mixed=39.918265, prefill=39.272990",26dae1f99b2b50fb17118f38d8a8e95dfac3357c
nvidia/Qwen3.5-397B-A17B-NVFP4,Qwen3_5MoeForConditionalGeneration,gb200,trtllm,1.3.0rc23,PASS,,"python python/aisimulate/tools/support_matrix/generate_fpe_support_matrix.py --model ""nvidia/Qwen3.5-397B-A17B-NVFP4"" --system ""gb200"" --backend ""trtllm"" --backend-version ""1.3.0rc23"" --forward-model op_level --max-workers 8",silicon,116,29,PASS=116,"decode_end=4339.831524, decode_start=17.012494, mixed=39.918265, prefill=39.272990",26dae1f99b2b50fb17118f38d8a8e95dfac3357c
nvidia/Qwen3.5-397B-A17B-NVFP4,Qwen3_5MoeForConditionalGeneration,gb200,vllm,0.1.dev19262,FAIL,Strict-native op-level FPE probes: PERF_DATA_MISSING=116; raw probes=116; topologies=29; source_sha=26dae1f99b2b50fb17118f38d8a8e95dfac3357c. Representative failure: perf database error: perf database error: no GEMM rows loaded from 1 source(s) (first: <repo>/python/aisimulate/src/aiconfigurator_core/systems/data/gb200/vllm/0.1.dev19262/gemm_perf.parquet),"python python/aisimulate/tools/support_matrix/generate_fpe_support_matrix.py --model ""nvidia/Qwen3.5-397B-A17B-NVFP4"" --system ""gb200"" --backend ""vllm"" --backend-version ""0.1.dev19262"" --forward-model op_level --max-workers 8",,116,29,PERF_DATA_MISSING=116,,26dae1f99b2b50fb17118f38d8a8e95dfac3357c
nvidia/Qwen3.5-397B-A17B-NVFP4,Qwen3_5MoeForConditionalGeneration,gb200,vllm,0.14.0,FAIL,"Strict-native op-level FPE probes: PERF_DATA_MISSING=116; raw probes=116; topologies=29; source_sha=26dae1f99b2b50fb17118f38d8a8e95dfac3357c. Representative failure: perf database error: MoE data missing for MoeKey { quant: ""nvfp4"", distribution: ""power_law_1.2"", topk: 10, num_experts: 512, hidden_size: 4096, inter_size: 1024, moe_tp_size: 1, moe_ep_size: 1 } at <repo>/python/aisimulate/src/aiconfigurator_core/systems/data/gb200/vllm/0.14.0","python python/aisimulate/tools/support_matrix/generate_fpe_support_matrix.py --model ""nvidia/Qwen3.5-397B-A17B-NVFP4"" --system ""gb200"" --backend ""vllm"" --backend-version ""0.14.0"" --forward-model op_level --max-workers 8",,116,29,PERF_DATA_MISSING=116,,26dae1f99b2b50fb17118f38d8a8e95dfac3357c
nvidia/Qwen3.5-397B-A17B-NVFP4,Qwen3_5MoeForConditionalGeneration,gb200,vllm,0.19.0,PASS,,"python python/aisimulate/tools/support_matrix/generate_fpe_support_matrix.py --model ""nvidia/Qwen3.5-397B-A17B-NVFP4"" --system ""gb200"" --backend ""vllm"" --backend-version ""0.19.0"" --forward-model op_level --max-workers 8",silicon,116,29,PASS=116,"decode_end=2666.540183, decode_start=10.457031, mixed=30.789143, prefill=30.320022",26dae1f99b2b50fb17118f38d8a8e95dfac3357c
nvidia/Qwen3.5-397B-A17B-NVFP4,Qwen3_5MoeForConditionalGeneration,gb200,vllm,0.22.0,PASS,,"python python/aisimulate/tools/support_matrix/generate_fpe_support_matrix.py --model ""nvidia/Qwen3.5-397B-A17B-NVFP4"" --system ""gb200"" --backend ""vllm"" --backend-version ""0.22.0"" --forward-model op_level --max-workers 8",silicon,116,29,PASS=116,"decode_end=2629.175444, decode_start=10.307955, mixed=52.175219, prefill=51.774288",26dae1f99b2b50fb17118f38d8a8e95dfac3357c
nvidia/Qwen3.5-397B-A17B-NVFP4,Qwen3_5MoeForConditionalGeneration,gb200,vllm,0.24.0,PASS,,"python python/aisimulate/tools/support_matrix/generate_fpe_support_matrix.py --model ""nvidia/Qwen3.5-397B-A17B-NVFP4"" --system ""gb200"" --backend ""vllm"" --backend-version ""0.24.0"" --forward-model op_level --max-workers 8",silicon,116,29,PASS=116,"decode_end=2504.720884, decode_start=9.819898, mixed=30.180293, prefill=29.576044",26dae1f99b2b50fb17118f38d8a8e95dfac3357c
nvidia/Qwen3.6-27B-NVFP4,Qwen3_5ForConditionalGeneration,gb200,sglang,0.5.10,FAIL,"Strict-native op-level FPE probes: BUILD_FAILED=4, PERF_DATA_MISSING=16; raw probes=20; topologies=5; source_sha=26dae1f99b2b50fb17118f38d8a8e95dfac3357c. Representative failure: num_heads 24 should be divisible by tp_size 16","python python/aisimulate/tools/support_matrix/generate_fpe_support_matrix.py --model ""nvidia/Qwen3.6-27B-NVFP4"" --system ""gb200"" --backend ""sglang"" --backend-version ""0.5.10"" --forward-model op_level --max-workers 8",,20,5,"BUILD_FAILED=4, PERF_DATA_MISSING=16",,26dae1f99b2b50fb17118f38d8a8e95dfac3357c
nvidia/Qwen3.6-27B-NVFP4,Qwen3_5ForConditionalGeneration,gb200,sglang,0.5.12,PASS,,"python python/aisimulate/tools/support_matrix/generate_fpe_support_matrix.py --model ""nvidia/Qwen3.6-27B-NVFP4"" --system ""gb200"" --backend ""sglang"" --backend-version ""0.5.12"" --forward-model op_level --max-workers 8",silicon,20,5,"BUILD_FAILED=4, PASS=16","decode_end=1816.673969, decode_start=7.109109, mixed=11.717706, prefill=9.332561",26dae1f99b2b50fb17118f38d8a8e95dfac3357c
nvidia/Qwen3.6-27B-NVFP4,Qwen3_5ForConditionalGeneration,gb200,sglang,0.5.14,PASS,,"python python/aisimulate/tools/support_matrix/generate_fpe_support_matrix.py --model ""nvidia/Qwen3.6-27B-NVFP4"" --system ""gb200"" --backend ""sglang"" --backend-version ""0.5.14"" --forward-model op_level --max-workers 8",silicon,20,5,"BUILD_FAILED=4, PASS=16","decode_end=1816.673969, decode_start=7.109109, mixed=11.717706, prefill=9.332561",26dae1f99b2b50fb17118f38d8a8e95dfac3357c
nvidia/Qwen3.6-27B-NVFP4,Qwen3_5ForConditionalGeneration,gb200,sglang,0.5.16,PASS,,"python python/aisimulate/tools/support_matrix/generate_fpe_support_matrix.py --model ""nvidia/Qwen3.6-27B-NVFP4"" --system ""gb200"" --backend ""sglang"" --backend-version ""0.5.16"" --forward-model op_level --max-workers 8",silicon,20,5,"BUILD_FAILED=4, PASS=16","decode_end=1816.673969, decode_start=7.109109, mixed=11.717706, prefill=9.332561",26dae1f99b2b50fb17118f38d8a8e95dfac3357c
nvidia/Qwen3.6-27B-NVFP4,Qwen3_5ForConditionalGeneration,gb200,sglang,0.5.9,FAIL,"Strict-native op-level FPE probes: BUILD_FAILED=4, PERF_DATA_MISSING=16; raw probes=20; topologies=5; source_sha=26dae1f99b2b50fb17118f38d8a8e95dfac3357c. Representative failure: num_heads 24 should be divisible by tp_size 16","python python/aisimulate/tools/support_matrix/generate_fpe_support_matrix.py --model ""nvidia/Qwen3.6-27B-NVFP4"" --system ""gb200"" --backend ""sglang"" --backend-version ""0.5.9"" --forward-model op_level --max-workers 8",,20,5,"BUILD_FAILED=4, PERF_DATA_MISSING=16",,26dae1f99b2b50fb17118f38d8a8e95dfac3357c
nvidia/Qwen3.6-27B-NVFP4,Qwen3_5ForConditionalGeneration,gb200,trtllm,1.3.0rc10,PASS,,"python python/aisimulate/tools/support_matrix/generate_fpe_support_matrix.py --model ""nvidia/Qwen3.6-27B-NVFP4"" --system ""gb200"" --backend ""trtllm"" --backend-version ""1.3.0rc10"" --forward-model op_level --max-workers 8",silicon,20,5,"BUILD_FAILED=4, PASS=16","decode_end=1982.831572, decode_start=7.723218, mixed=11.311600, prefill=10.267194",26dae1f99b2b50fb17118f38d8a8e95dfac3357c
nvidia/Qwen3.6-27B-NVFP4,Qwen3_5ForConditionalGeneration,gb200,trtllm,1.3.0rc15,PASS,,"python python/aisimulate/tools/support_matrix/generate_fpe_support_matrix.py --model ""nvidia/Qwen3.6-27B-NVFP4"" --system ""gb200"" --backend ""trtllm"" --backend-version ""1.3.0rc15"" --forward-model op_level --max-workers 8",silicon,20,5,"BUILD_FAILED=4, PASS=16","decode_end=1982.831572, decode_start=7.723218, mixed=11.311600, prefill=10.267194",26dae1f99b2b50fb17118f38d8a8e95dfac3357c
nvidia/Qwen3.6-27B-NVFP4,Qwen3_5ForConditionalGeneration,gb200,trtllm,1.3.0rc17,PASS,,"python python/aisimulate/tools/support_matrix/generate_fpe_support_matrix.py --model ""nvidia/Qwen3.6-27B-NVFP4"" --system ""gb200"" --backend ""trtllm"" --backend-version ""1.3.0rc17"" --forward-model op_level --max-workers 8",silicon,20,5,"BUILD_FAILED=4, PASS=16","decode_end=1874.082823, decode_start=7.349163, mixed=10.834147, prefill=10.126125",26dae1f99b2b50fb17118f38d8a8e95dfac3357c
nvidia/Qwen3.6-27B-NVFP4,Qwen3_5ForConditionalGeneration,gb200,trtllm,1.3.0rc20,PASS,,"python python/aisimulate/tools/support_matrix/generate_fpe_support_matrix.py --model ""nvidia/Qwen3.6-27B-NVFP4"" --system ""gb200"" --backend ""trtllm"" --backend-version ""1.3.0rc20"" --forward-model op_level --max-workers 8",silicon,20,5,"BUILD_FAILED=4, PASS=16","decode_end=1828.165453, decode_start=7.161523, mixed=10.883732, prefill=10.240929",26dae1f99b2b50fb17118f38d8a8e95dfac3357c
nvidia/Qwen3.6-27B-NVFP4,Qwen3_5ForConditionalGeneration,gb200,trtllm,1.3.0rc23,PASS,,"python python/aisimulate/tools/support_matrix/generate_fpe_support_matrix.py --model ""nvidia/Qwen3.6-27B-NVFP4"" --system ""gb200"" --backend ""trtllm"" --backend-version ""1.3.0rc23"" --forward-model op_level --max-workers 8",silicon,20,5,"BUILD_FAILED=4, PASS=16","decode_end=1828.165453, decode_start=7.161523, mixed=10.883732, prefill=10.240929",26dae1f99b2b50fb17118f38d8a8e95dfac3357c
nvidia/Qwen3.6-27B-NVFP4,Qwen3_5ForConditionalGeneration,gb200,vllm,0.1.dev19262,FAIL,"Strict-native op-level FPE probes: BUILD_FAILED=4, PERF_DATA_MISSING=16; raw probes=20; topologies=5; source_sha=26dae1f99b2b50fb17118f38d8a8e95dfac3357c. Representative failure: num_heads 24 should be divisible by tp_size 16","python python/aisimulate/tools/support_matrix/generate_fpe_support_matrix.py --model ""nvidia/Qwen3.6-27B-NVFP4"" --system ""gb200"" --backend ""vllm"" --backend-version ""0.1.dev19262"" --forward-model op_level --max-workers 8",,20,5,"BUILD_FAILED=4, PERF_DATA_MISSING=16",,26dae1f99b2b50fb17118f38d8a8e95dfac3357c
nvidia/Qwen3.6-27B-NVFP4,Qwen3_5ForConditionalGeneration,gb200,vllm,0.14.0,FAIL,"Strict-native op-level FPE probes: BUILD_FAILED=4, PERF_DATA_MISSING=16; raw probes=20; topologies=5; source_sha=26dae1f99b2b50fb17118f38d8a8e95dfac3357c. Representative failure: num_heads 24 should be divisible by tp_size 16","python python/aisimulate/tools/support_matrix/generate_fpe_support_matrix.py --model ""nvidia/Qwen3.6-27B-NVFP4"" --system ""gb200"" --backend ""vllm"" --backend-version ""0.14.0"" --forward-model op_level --max-workers 8",,20,5,"BUILD_FAILED=4, PERF_DATA_MISSING=16",,26dae1f99b2b50fb17118f38d8a8e95dfac3357c
nvidia/Qwen3.6-27B-NVFP4,Qwen3_5ForConditionalGeneration,gb200,vllm,0.19.0,FAIL,"Strict-native op-level FPE probes: BUILD_FAILED=4, PERF_DATA_MISSING=16; raw probes=20; topologies=5; source_sha=26dae1f99b2b50fb17118f38d8a8e95dfac3357c. Representative failure: num_heads 24 should be divisible by tp_size 16","python python/aisimulate/tools/support_matrix/generate_fpe_support_matrix.py --model ""nvidia/Qwen3.6-27B-NVFP4"" --system ""gb200"" --backend ""vllm"" --backend-version ""0.19.0"" --forward-model op_level --max-workers 8",,20,5,"BUILD_FAILED=4, PERF_DATA_MISSING=16",,26dae1f99b2b50fb17118f38d8a8e95dfac3357c
nvidia/Qwen3.6-27B-NVFP4,Qwen3_5ForConditionalGeneration,gb200,vllm,0.22.0,PASS,,"python python/aisimulate/tools/support_matrix/generate_fpe_support_matrix.py --model ""nvidia/Qwen3.6-27B-NVFP4"" --system ""gb200"" --backend ""vllm"" --backend-version ""0.22.0"" --forward-model op_level --max-workers 8",silicon,20,5,"BUILD_FAILED=4, PASS=16","decode_end=1767.184220, decode_start=6.930033, mixed=35.669898, prefill=32.935654",26dae1f99b2b50fb17118f38d8a8e95dfac3357c
nvidia/Qwen3.6-27B-NVFP4,Qwen3_5ForConditionalGeneration,gb200,vllm,0.24.0,PASS,,"python python/aisimulate/tools/support_matrix/generate_fpe_support_matrix.py --model ""nvidia/Qwen3.6-27B-NVFP4"" --system ""gb200"" --backend ""vllm"" --backend-version ""0.24.0"" --forward-model op_level --max-workers 8",silicon,20,5,"BUILD_FAILED=4, PASS=16","decode_end=1802.773378, decode_start=7.069599, mixed=11.087091, prefill=9.199012",26dae1f99b2b50fb17118f38d8a8e95dfac3357c
nvidia/Qwen3.6-35B-A3B-NVFP4,Qwen3_5MoeForConditionalGeneration,gb200,sglang,0.5.10,FAIL,Strict-native op-level FPE probes: PERF_DATA_MISSING=220; raw probes=220; topologies=55; source_sha=26dae1f99b2b50fb17118f38d8a8e95dfac3357c. Representative failure: perf database error: perf database error: no rows loaded from 1 source(s) (first: <repo>/python/aisimulate/src/aiconfigurator_core/systems/data/gb200/sglang/0.5.10/computescale_perf.parquet),"python python/aisimulate/tools/support_matrix/generate_fpe_support_matrix.py --model ""nvidia/Qwen3.6-35B-A3B-NVFP4"" --system ""gb200"" --backend ""sglang"" --backend-version ""0.5.10"" --forward-model op_level --max-workers 8",,220,55,PERF_DATA_MISSING=220,,26dae1f99b2b50fb17118f38d8a8e95dfac3357c
nvidia/Qwen3.6-35B-A3B-NVFP4,Qwen3_5MoeForConditionalGeneration,gb200,sglang,0.5.12,FAIL,"Strict-native op-level FPE probes: PERF_DATA_MISSING=220; raw probes=220; topologies=55; source_sha=26dae1f99b2b50fb17118f38d8a8e95dfac3357c. Representative failure: perf database error: MoE data missing for MoeKey { quant: ""w4a16_nvfp4"", distribution: ""uniform"", topk: 8, num_experts: 256, hidden_size: 2048, inter_size: 512, moe_tp_size: 1, moe_ep_size: 1 } at <repo>/python/aisimulate/src/aiconfigurator_core/systems/data/gb200/sglang/0.5.12","python python/aisimulate/tools/support_matrix/generate_fpe_support_matrix.py --model ""nvidia/Qwen3.6-35B-A3B-NVFP4"" --system ""gb200"" --backend ""sglang"" --backend-version ""0.5.12"" --forward-model op_level --max-workers 8",,220,55,PERF_DATA_MISSING=220,,26dae1f99b2b50fb17118f38d8a8e95dfac3357c
nvidia/Qwen3.6-35B-A3B-NVFP4,Qwen3_5MoeForConditionalGeneration,gb200,sglang,0.5.14,FAIL,"Strict-native op-level FPE probes: PERF_DATA_MISSING=220; raw probes=220; topologies=55; source_sha=26dae1f99b2b50fb17118f38d8a8e95dfac3357c. Representative failure: perf database error: MoE data missing for MoeKey { quant: ""w4a16_nvfp4"", distribution: ""uniform"", topk: 8, num_experts: 256, hidden_size: 2048, inter_size: 512, moe_tp_size: 1, moe_ep_size: 1 } at <repo>/python/aisimulate/src/aiconfigurator_core/systems/data/gb200/sglang/0.5.14","python python/aisimulate/tools/support_matrix/generate_fpe_support_matrix.py --model ""nvidia/Qwen3.6-35B-A3B-NVFP4"" --system ""gb200"" --backend ""sglang"" --backend-version ""0.5.14"" --forward-model op_level --max-workers 8",,220,55,PERF_DATA_MISSING=220,,26dae1f99b2b50fb17118f38d8a8e95dfac3357c
nvidia/Qwen3.6-35B-A3B-NVFP4,Qwen3_5MoeForConditionalGeneration,gb200,sglang,0.5.16,FAIL,"Strict-native op-level FPE probes: PERF_DATA_MISSING=220; raw probes=220; topologies=55; source_sha=26dae1f99b2b50fb17118f38d8a8e95dfac3357c. Representative failure: perf database error: MoE data missing for MoeKey { quant: ""w4a16_nvfp4"", distribution: ""uniform"", topk: 8, num_experts: 256, hidden_size: 2048, inter_size: 512, moe_tp_size: 1, moe_ep_size: 1 } at <repo>/python/aisimulate/src/aiconfigurator_core/systems/data/gb200/sglang/0.5.16","python python/aisimulate/tools/support_matrix/generate_fpe_support_matrix.py --model ""nvidia/Qwen3.6-35B-A3B-NVFP4"" --system ""gb200"" --backend ""sglang"" --backend-version ""0.5.16"" --forward-model op_level --max-workers 8",,220,55,PERF_DATA_MISSING=220,,26dae1f99b2b50fb17118f38d8a8e95dfac3357c
nvidia/Qwen3.6-35B-A3B-NVFP4,Qwen3_5MoeForConditionalGeneration,gb200,sglang,0.5.9,FAIL,Strict-native op-level FPE probes: PERF_DATA_MISSING=220; raw probes=220; topologies=55; source_sha=26dae1f99b2b50fb17118f38d8a8e95dfac3357c. Representative failure: perf database error: perf database error: no rows loaded from 1 source(s) (first: <repo>/python/aisimulate/src/aiconfigurator_core/systems/data/gb200/sglang/0.5.9/computescale_perf.parquet),"python python/aisimulate/tools/support_matrix/generate_fpe_support_matrix.py --model ""nvidia/Qwen3.6-35B-A3B-NVFP4"" --system ""gb200"" --backend ""sglang"" --backend-version ""0.5.9"" --forward-model op_level --max-workers 8",,220,55,PERF_DATA_MISSING=220,,26dae1f99b2b50fb17118f38d8a8e95dfac3357c
nvidia/Qwen3.6-35B-A3B-NVFP4,Qwen3_5MoeForConditionalGeneration,gb200,trtllm,1.3.0rc10,FAIL,"Strict-native op-level FPE probes: PERF_DATA_MISSING=116; raw probes=116; topologies=29; source_sha=26dae1f99b2b50fb17118f38d8a8e95dfac3357c. Representative failure: perf database error: MoE data missing for MoeKey { quant: ""w4a16_nvfp4"", distribution: ""uniform"", topk: 8, num_experts: 256, hidden_size: 2048, inter_size: 512, moe_tp_size: 1, moe_ep_size: 1 } at <repo>/python/aisimulate/src/aiconfigurator_core/systems/data/gb200/trtllm/1.3.0rc10","python python/aisimulate/tools/support_matrix/generate_fpe_support_matrix.py --model ""nvidia/Qwen3.6-35B-A3B-NVFP4"" --system ""gb200"" --backend ""trtllm"" --backend-version ""1.3.0rc10"" --forward-model op_level --max-workers 8",,116,29,PERF_DATA_MISSING=116,,26dae1f99b2b50fb17118f38d8a8e95dfac3357c
nvidia/Qwen3.6-35B-A3B-NVFP4,Qwen3_5MoeForConditionalGeneration,gb200,trtllm,1.3.0rc15,FAIL,"Strict-native op-level FPE probes: PERF_DATA_MISSING=116; raw probes=116; topologies=29; source_sha=26dae1f99b2b50fb17118f38d8a8e95dfac3357c. Representative failure: perf database error: MoE data missing for MoeKey { quant: ""w4a16_nvfp4"", distribution: ""uniform"", topk: 8, num_experts: 256, hidden_size: 2048, inter_size: 512, moe_tp_size: 1, moe_ep_size: 1 } at <repo>/python/aisimulate/src/aiconfigurator_core/systems/data/gb200/trtllm/1.3.0rc15","python python/aisimulate/tools/support_matrix/generate_fpe_support_matrix.py --model ""nvidia/Qwen3.6-35B-A3B-NVFP4"" --system ""gb200"" --backend ""trtllm"" --backend-version ""1.3.0rc15"" --forward-model op_level --max-workers 8",,116,29,PERF_DATA_MISSING=116,,26dae1f99b2b50fb17118f38d8a8e95dfac3357c
nvidia/Qwen3.6-35B-A3B-NVFP4,Qwen3_5MoeForConditionalGeneration,gb200,trtllm,1.3.0rc17,FAIL,"Strict-native op-level FPE probes: PERF_DATA_MISSING=116; raw probes=116; topologies=29; source_sha=26dae1f99b2b50fb17118f38d8a8e95dfac3357c. Representative failure: perf database error: MoE data missing for MoeKey { quant: ""w4a16_nvfp4"", distribution: ""uniform"", topk: 8, num_experts: 256, hidden_size: 2048, inter_size: 512, moe_tp_size: 1, moe_ep_size: 1 } at <repo>/python/aisimulate/src/aiconfigurator_core/systems/data/gb200/trtllm/1.3.0rc17","python python/aisimulate/tools/support_matrix/generate_fpe_support_matrix.py --model ""nvidia/Qwen3.6-35B-A3B-NVFP4"" --system ""gb200"" --backend ""trtllm"" --backend-version ""1.3.0rc17"" --forward-model op_level --max-workers 8",,116,29,PERF_DATA_MISSING=116,,26dae1f99b2b50fb17118f38d8a8e95dfac3357c
nvidia/Qwen3.6-35B-A3B-NVFP4,Qwen3_5MoeForConditionalGeneration,gb200,trtllm,1.3.0rc20,FAIL,"Strict-native op-level FPE probes: PERF_DATA_MISSING=116; raw probes=116; topologies=29; source_sha=26dae1f99b2b50fb17118f38d8a8e95dfac3357c. Representative failure: perf database error: MoE data missing for MoeKey { quant: ""w4a16_nvfp4"", distribution: ""uniform"", topk: 8, num_experts: 256, hidden_size: 2048, inter_size: 512, moe_tp_size: 1, moe_ep_size: 1 } at <repo>/python/aisimulate/src/aiconfigurator_core/systems/data/gb200/trtllm/1.3.0rc20","python python/aisimulate/tools/support_matrix/generate_fpe_support_matrix.py --model ""nvidia/Qwen3.6-35B-A3B-NVFP4"" --system ""gb200"" --backend ""trtllm"" --backend-version ""1.3.0rc20"" --forward-model op_level --max-workers 8",,116,29,PERF_DATA_MISSING=116,,26dae1f99b2b50fb17118f38d8a8e95dfac3357c
nvidia/Qwen3.6-35B-A3B-NVFP4,Qwen3_5MoeForConditionalGeneration,gb200,trtllm,1.3.0rc23,FAIL,"Strict-native op-level FPE probes: PERF_DATA_MISSING=116; raw probes=116; topologies=29; source_sha=26dae1f99b2b50fb17118f38d8a8e95dfac3357c. Representative failure: perf database error: MoE data missing for MoeKey { quant: ""w4a16_nvfp4"", distribution: ""uniform"", topk: 8, num_experts: 256, hidden_size: 2048, inter_size: 512, moe_tp_size: 1, moe_ep_size: 1 } at <repo>/python/aisimulate/src/aiconfigurator_core/systems/data/gb200/trtllm/1.3.0rc23","python python/aisimulate/tools/support_matrix/generate_fpe_support_matrix.py --model ""nvidia/Qwen3.6-35B-A3B-NVFP4"" --system ""gb200"" --backend ""trtllm"" --backend-version ""1.3.0rc23"" --forward-model op_level --max-workers 8",,116,29,PERF_DATA_MISSING=116,,26dae1f99b2b50fb17118f38d8a8e95dfac3357c
nvidia/Qwen3.6-35B-A3B-NVFP4,Qwen3_5MoeForConditionalGeneration,gb200,vllm,0.1.dev19262,FAIL,Strict-native op-level FPE probes: PERF_DATA_MISSING=116; raw probes=116; topologies=29; source_sha=26dae1f99b2b50fb17118f38d8a8e95dfac3357c. Representative failure: perf database error: perf database error: no GEMM rows loaded from 1 source(s) (first: <repo>/python/aisimulate/src/aiconfigurator_core/systems/data/gb200/vllm/0.1.dev19262/gemm_perf.parquet),"python python/aisimulate/tools/support_matrix/generate_fpe_support_matrix.py --model ""nvidia/Qwen3.6-35B-A3B-NVFP4"" --system ""gb200"" --backend ""vllm"" --backend-version ""0.1.dev19262"" --forward-model op_level --max-workers 8",,116,29,PERF_DATA_MISSING=116,,26dae1f99b2b50fb17118f38d8a8e95dfac3357c
nvidia/Qwen3.6-35B-A3B-NVFP4,Qwen3_5MoeForConditionalGeneration,gb200,vllm,0.14.0,FAIL,Strict-native op-level FPE probes: PERF_DATA_MISSING=116; raw probes=116; topologies=29; source_sha=26dae1f99b2b50fb17118f38d8a8e95dfac3357c. Representative failure: perf database error: perf database error: no rows loaded from 1 source(s) (first: <repo>/python/aisimulate/src/aiconfigurator_core/systems/data/gb200/vllm/0.14.0/computescale_perf.parquet),"python python/aisimulate/tools/support_matrix/generate_fpe_support_matrix.py --model ""nvidia/Qwen3.6-35B-A3B-NVFP4"" --system ""gb200"" --backend ""vllm"" --backend-version ""0.14.0"" --forward-model op_level --max-workers 8",,116,29,PERF_DATA_MISSING=116,,26dae1f99b2b50fb17118f38d8a8e95dfac3357c
nvidia/Qwen3.6-35B-A3B-NVFP4,Qwen3_5MoeForConditionalGeneration,gb200,vllm,0.19.0,FAIL,Strict-native op-level FPE probes: PERF_DATA_MISSING=116; raw probes=116; topologies=29; source_sha=26dae1f99b2b50fb17118f38d8a8e95dfac3357c. Representative failure: perf database error: perf database error: no rows loaded from 1 source(s) (first: <repo>/python/aisimulate/src/aiconfigurator_core/systems/data/gb200/vllm/0.19.0/computescale_perf.parquet),"python python/aisimulate/tools/support_matrix/generate_fpe_support_matrix.py --model ""nvidia/Qwen3.6-35B-A3B-NVFP4"" --system ""gb200"" --backend ""vllm"" --backend-version ""0.19.0"" --forward-model op_level --max-workers 8",,116,29,PERF_DATA_MISSING=116,,26dae1f99b2b50fb17118f38d8a8e95dfac3357c
nvidia/Qwen3.6-35B-A3B-NVFP4,Qwen3_5MoeForConditionalGeneration,gb200,vllm,0.22.0,FAIL,"Strict-native op-level FPE probes: PERF_DATA_MISSING=116; raw probes=116; topologies=29; source_sha=26dae1f99b2b50fb17118f38d8a8e95dfac3357c. Representative failure: perf database error: MoE data missing for MoeKey { quant: ""w4a16_nvfp4"", distribution: ""uniform"", topk: 8, num_experts: 256, hidden_size: 2048, inter_size: 512, moe_tp_size: 1, moe_ep_size: 1 } at <repo>/python/aisimulate/src/aiconfigurator_core/systems/data/gb200/vllm/0.22.0","python python/aisimulate/tools/support_matrix/generate_fpe_support_matrix.py --model ""nvidia/Qwen3.6-35B-A3B-NVFP4"" --system ""gb200"" --backend ""vllm"" --backend-version ""0.22.0"" --forward-model op_level --max-workers 8",,116,29,PERF_DATA_MISSING=116,,26dae1f99b2b50fb17118f38d8a8e95dfac3357c
nvidia/Qwen3.6-35B-A3B-NVFP4,Qwen3_5MoeForConditionalGeneration,gb200,vllm,0.24.0,FAIL,"Strict-native op-level FPE probes: PERF_DATA_MISSING=116; raw probes=116; topologies=29; source_sha=26dae1f99b2b50fb17118f38d8a8e95dfac3357c. Representative failure: perf database error: MoE data missing for MoeKey { quant: ""w4a16_nvfp4"", distribution: ""uniform"", topk: 8, num_experts: 256, hidden_size: 2048, inter_size: 512, moe_tp_size: 1, moe_ep_size: 1 } at <repo>/python/aisimulate/src/aiconfigurator_core/systems/data/gb200/vllm/0.24.0","python python/aisimulate/tools/support_matrix/generate_fpe_support_matrix.py --model ""nvidia/Qwen3.6-35B-A3B-NVFP4"" --system ""gb200"" --backend ""vllm"" --backend-version ""0.24.0"" --forward-model op_level --max-workers 8",,116,29,PERF_DATA_MISSING=116,,26dae1f99b2b50fb17118f38d8a8e95dfac3357c
openai/gpt-oss-120b,GptOssForCausalLM,gb200,sglang,0.5.10,FAIL,"Strict-native op-level FPE probes: PERF_DATA_MISSING=220, SDK_UNREPRESENTABLE=320; raw probes=540; topologies=135; source_sha=26dae1f99b2b50fb17118f38d8a8e95dfac3357c. Representative failure: perf database error: MoE data missing for MoeKey { quant: ""w4a16_mxfp4"", distribution: ""uniform"", topk: 4, num_experts: 128, hidden_size: 2880, inter_size: 2880, moe_tp_size: 1, moe_ep_size: 1 } at <repo>/python/aisimulate/src/aiconfigurator_core/systems/data/gb200/sglang/0.5.10","python python/aisimulate/tools/support_matrix/generate_fpe_support_matrix.py --model ""openai/gpt-oss-120b"" --system ""gb200"" --backend ""sglang"" --backend-version ""0.5.10"" --forward-model op_level --max-workers 8",,540,135,"PERF_DATA_MISSING=220, SDK_UNREPRESENTABLE=320",,26dae1f99b2b50fb17118f38d8a8e95dfac3357c
openai/gpt-oss-120b,GptOssForCausalLM,gb200,sglang,0.5.12,PASS,,"python python/aisimulate/tools/support_matrix/generate_fpe_support_matrix.py --model ""openai/gpt-oss-120b"" --system ""gb200"" --backend ""sglang"" --backend-version ""0.5.12"" --forward-model op_level --max-workers 8",silicon,540,135,"PASS=220, SDK_UNREPRESENTABLE=320","decode_end=1292.735378, decode_start=5.069594, mixed=15.722749, prefill=14.904451",26dae1f99b2b50fb17118f38d8a8e95dfac3357c
openai/gpt-oss-120b,GptOssForCausalLM,gb200,sglang,0.5.14,PASS,,"python python/aisimulate/tools/support_matrix/generate_fpe_support_matrix.py --model ""openai/gpt-oss-120b"" --system ""gb200"" --backend ""sglang"" --backend-version ""0.5.14"" --forward-model op_level --max-workers 8",silicon,540,135,"PASS=220, SDK_UNREPRESENTABLE=320","decode_end=1292.735378, decode_start=5.069594, mixed=15.722749, prefill=14.904451",26dae1f99b2b50fb17118f38d8a8e95dfac3357c
openai/gpt-oss-120b,GptOssForCausalLM,gb200,sglang,0.5.16,PASS,,"python python/aisimulate/tools/support_matrix/generate_fpe_support_matrix.py --model ""openai/gpt-oss-120b"" --system ""gb200"" --backend ""sglang"" --backend-version ""0.5.16"" --forward-model op_level --max-workers 8",silicon,540,135,"PASS=220, SDK_UNREPRESENTABLE=320","decode_end=1292.735378, decode_start=5.069594, mixed=15.722749, prefill=14.904451",26dae1f99b2b50fb17118f38d8a8e95dfac3357c
openai/gpt-oss-120b,GptOssForCausalLM,gb200,sglang,0.5.9,FAIL,"Strict-native op-level FPE probes: PERF_DATA_MISSING=220, SDK_UNREPRESENTABLE=320; raw probes=540; topologies=135; source_sha=26dae1f99b2b50fb17118f38d8a8e95dfac3357c. Representative failure: perf database error: MoE data missing for MoeKey { quant: ""w4a16_mxfp4"", distribution: ""uniform"", topk: 4, num_experts: 128, hidden_size: 2880, inter_size: 2880, moe_tp_size: 1, moe_ep_size: 1 } at <repo>/python/aisimulate/src/aiconfigurator_core/systems/data/gb200/sglang/0.5.9","python python/aisimulate/tools/support_matrix/generate_fpe_support_matrix.py --model ""openai/gpt-oss-120b"" --system ""gb200"" --backend ""sglang"" --backend-version ""0.5.9"" --forward-model op_level --max-workers 8",,540,135,"PERF_DATA_MISSING=220, SDK_UNREPRESENTABLE=320",,26dae1f99b2b50fb17118f38d8a8e95dfac3357c
openai/gpt-oss-120b,GptOssForCausalLM,gb200,trtllm,1.3.0rc10,PASS,,"python python/aisimulate/tools/support_matrix/generate_fpe_support_matrix.py --model ""openai/gpt-oss-120b"" --system ""gb200"" --backend ""trtllm"" --backend-version ""1.3.0rc10"" --forward-model op_level --max-workers 8",silicon,116,29,"PASS=36, PERF_DATA_MISSING=80","decode_end=1128.272999, decode_start=4.383767, mixed=12.307981, prefill=11.395609",26dae1f99b2b50fb17118f38d8a8e95dfac3357c
openai/gpt-oss-120b,GptOssForCausalLM,gb200,trtllm,1.3.0rc15,PASS,,"python python/aisimulate/tools/support_matrix/generate_fpe_support_matrix.py --model ""openai/gpt-oss-120b"" --system ""gb200"" --backend ""trtllm"" --backend-version ""1.3.0rc15"" --forward-model op_level --max-workers 8",silicon,116,29,"PASS=36, PERF_DATA_MISSING=80","decode_end=1128.272999, decode_start=4.383767, mixed=12.307981, prefill=11.395609",26dae1f99b2b50fb17118f38d8a8e95dfac3357c
openai/gpt-oss-120b,GptOssForCausalLM,gb200,trtllm,1.3.0rc17,PASS,,"python python/aisimulate/tools/support_matrix/generate_fpe_support_matrix.py --model ""openai/gpt-oss-120b"" --system ""gb200"" --backend ""trtllm"" --backend-version ""1.3.0rc17"" --forward-model op_level --max-workers 8",silicon,116,29,"PASS=36, PERF_DATA_MISSING=80","decode_end=1055.940376, decode_start=4.123974, mixed=12.012092, prefill=11.339646",26dae1f99b2b50fb17118f38d8a8e95dfac3357c
openai/gpt-oss-120b,GptOssForCausalLM,gb200,trtllm,1.3.0rc20,PASS,,"python python/aisimulate/tools/support_matrix/generate_fpe_support_matrix.py --model ""openai/gpt-oss-120b"" --system ""gb200"" --backend ""trtllm"" --backend-version ""1.3.0rc20"" --forward-model op_level --max-workers 8",silicon,116,29,"PASS=36, PERF_DATA_MISSING=80","decode_end=1061.098879, decode_start=4.154213, mixed=10.789964, prefill=10.160867",26dae1f99b2b50fb17118f38d8a8e95dfac3357c
openai/gpt-oss-120b,GptOssForCausalLM,gb200,trtllm,1.3.0rc23,PASS,,"python python/aisimulate/tools/support_matrix/generate_fpe_support_matrix.py --model ""openai/gpt-oss-120b"" --system ""gb200"" --backend ""trtllm"" --backend-version ""1.3.0rc23"" --forward-model op_level --max-workers 8",silicon,116,29,"PASS=36, PERF_DATA_MISSING=80","decode_end=1061.098879, decode_start=4.154213, mixed=10.789964, prefill=10.160867",26dae1f99b2b50fb17118f38d8a8e95dfac3357c
openai/gpt-oss-120b,GptOssForCausalLM,gb200,vllm,0.1.dev19262,FAIL,Strict-native op-level FPE probes: PERF_DATA_MISSING=116; raw probes=116; topologies=29; source_sha=26dae1f99b2b50fb17118f38d8a8e95dfac3357c. Representative failure: perf database error: perf database error: no GEMM rows loaded from 1 source(s) (first: <repo>/python/aisimulate/src/aiconfigurator_core/systems/data/gb200/vllm/0.1.dev19262/gemm_perf.parquet),"python python/aisimulate/tools/support_matrix/generate_fpe_support_matrix.py --model ""openai/gpt-oss-120b"" --system ""gb200"" --backend ""vllm"" --backend-version ""0.1.dev19262"" --forward-model op_level --max-workers 8",,116,29,PERF_DATA_MISSING=116,,26dae1f99b2b50fb17118f38d8a8e95dfac3357c
openai/gpt-oss-120b,GptOssForCausalLM,gb200,vllm,0.14.0,FAIL,"Strict-native op-level FPE probes: PERF_DATA_MISSING=116; raw probes=116; topologies=29; source_sha=26dae1f99b2b50fb17118f38d8a8e95dfac3357c. Representative failure: perf database error: MoE data missing for MoeKey { quant: ""w4a16_mxfp4"", distribution: ""uniform"", topk: 4, num_experts: 128, hidden_size: 2880, inter_size: 2880, moe_tp_size: 1, moe_ep_size: 1 } at <repo>/python/aisimulate/src/aiconfigurator_core/systems/data/gb200/vllm/0.14.0","python python/aisimulate/tools/support_matrix/generate_fpe_support_matrix.py --model ""openai/gpt-oss-120b"" --system ""gb200"" --backend ""vllm"" --backend-version ""0.14.0"" --forward-model op_level --max-workers 8",,116,29,PERF_DATA_MISSING=116,,26dae1f99b2b50fb17118f38d8a8e95dfac3357c
openai/gpt-oss-120b,GptOssForCausalLM,gb200,vllm,0.19.0,FAIL,"Strict-native op-level FPE probes: PERF_DATA_MISSING=116; raw probes=116; topologies=29; source_sha=26dae1f99b2b50fb17118f38d8a8e95dfac3357c. Representative failure: perf database error: MoE data missing for MoeKey { quant: ""w4a16_mxfp4"", distribution: ""uniform"", topk: 4, num_experts: 128, hidden_size: 2880, inter_size: 2880, moe_tp_size: 1, moe_ep_size: 1 } at <repo>/python/aisimulate/src/aiconfigurator_core/systems/data/gb200/vllm/0.19.0","python python/aisimulate/tools/support_matrix/generate_fpe_support_matrix.py --model ""openai/gpt-oss-120b"" --system ""gb200"" --backend ""vllm"" --backend-version ""0.19.0"" --forward-model op_level --max-workers 8",,116,29,PERF_DATA_MISSING=116,,26dae1f99b2b50fb17118f38d8a8e95dfac3357c
openai/gpt-oss-120b,GptOssForCausalLM,gb200,vllm,0.22.0,PASS,,"python python/aisimulate/tools/support_matrix/generate_fpe_support_matrix.py --model ""openai/gpt-oss-120b"" --system ""gb200"" --backend ""vllm"" --backend-version ""0.22.0"" --forward-model op_level --max-workers 8",silicon,116,29,PASS=116,"decode_end=1237.662272, decode_start=4.830228, mixed=15.634113, prefill=15.015136",26dae1f99b2b50fb17118f38d8a8e95dfac3357c
openai/gpt-oss-120b,GptOssForCausalLM,gb200,vllm,0.24.0,PASS,,"python python/aisimulate/tools/support_matrix/generate_fpe_support_matrix.py --model ""openai/gpt-oss-120b"" --system ""gb200"" --backend ""vllm"" --backend-version ""0.24.0"" --forward-model op_level --max-workers 8",silicon,116,29,PASS=116,"decode_end=1281.729569, decode_start=5.009216, mixed=15.873362, prefill=15.146640",26dae1f99b2b50fb17118f38d8a8e95dfac3357c
openai/gpt-oss-20b,GptOssForCausalLM,gb200,sglang,0.5.10,FAIL,"Strict-native op-level FPE probes: PERF_DATA_MISSING=220, SDK_UNREPRESENTABLE=320; raw probes=540; topologies=135; source_sha=26dae1f99b2b50fb17118f38d8a8e95dfac3357c. Representative failure: perf database error: MoE data missing for MoeKey { quant: ""w4a16_mxfp4"", distribution: ""uniform"", topk: 4, num_experts: 32, hidden_size: 2880, inter_size: 2880, moe_tp_size: 1, moe_ep_size: 1 } at <repo>/python/aisimulate/src/aiconfigurator_core/systems/data/gb200/sglang/0.5.10","python python/aisimulate/tools/support_matrix/generate_fpe_support_matrix.py --model ""openai/gpt-oss-20b"" --system ""gb200"" --backend ""sglang"" --backend-version ""0.5.10"" --forward-model op_level --max-workers 8",,540,135,"PERF_DATA_MISSING=220, SDK_UNREPRESENTABLE=320",,26dae1f99b2b50fb17118f38d8a8e95dfac3357c
openai/gpt-oss-20b,GptOssForCausalLM,gb200,sglang,0.5.12,PASS,,"python python/aisimulate/tools/support_matrix/generate_fpe_support_matrix.py --model ""openai/gpt-oss-20b"" --system ""gb200"" --backend ""sglang"" --backend-version ""0.5.12"" --forward-model op_level --max-workers 8",silicon,540,135,"PASS=220, SDK_UNREPRESENTABLE=320","decode_end=619.582238, decode_start=2.429763, mixed=6.594376, prefill=6.645051",26dae1f99b2b50fb17118f38d8a8e95dfac3357c
openai/gpt-oss-20b,GptOssForCausalLM,gb200,sglang,0.5.14,PASS,,"python python/aisimulate/tools/support_matrix/generate_fpe_support_matrix.py --model ""openai/gpt-oss-20b"" --system ""gb200"" --backend ""sglang"" --backend-version ""0.5.14"" --forward-model op_level --max-workers 8",silicon,540,135,"PASS=220, SDK_UNREPRESENTABLE=320","decode_end=619.582238, decode_start=2.429763, mixed=6.594376, prefill=6.645051",26dae1f99b2b50fb17118f38d8a8e95dfac3357c
openai/gpt-oss-20b,GptOssForCausalLM,gb200,sglang,0.5.16,PASS,,"python python/aisimulate/tools/support_matrix/generate_fpe_support_matrix.py --model ""openai/gpt-oss-20b"" --system ""gb200"" --backend ""sglang"" --backend-version ""0.5.16"" --forward-model op_level --max-workers 8",silicon,540,135,"PASS=220, SDK_UNREPRESENTABLE=320","decode_end=619.582238, decode_start=2.429763, mixed=6.594376, prefill=6.645051",26dae1f99b2b50fb17118f38d8a8e95dfac3357c
openai/gpt-oss-20b,GptOssForCausalLM,gb200,sglang,0.5.9,FAIL,"Strict-native op-level FPE probes: PERF_DATA_MISSING=220, SDK_UNREPRESENTABLE=320; raw probes=540; topologies=135; source_sha=26dae1f99b2b50fb17118f38d8a8e95dfac3357c. Representative failure: perf database error: MoE data missing for MoeKey { quant: ""w4a16_mxfp4"", distribution: ""uniform"", topk: 4, num_experts: 32, hidden_size: 2880, inter_size: 2880, moe_tp_size: 1, moe_ep_size: 1 } at <repo>/python/aisimulate/src/aiconfigurator_core/systems/data/gb200/sglang/0.5.9","python python/aisimulate/tools/support_matrix/generate_fpe_support_matrix.py --model ""openai/gpt-oss-20b"" --system ""gb200"" --backend ""sglang"" --backend-version ""0.5.9"" --forward-model op_level --max-workers 8",,540,135,"PERF_DATA_MISSING=220, SDK_UNREPRESENTABLE=320",,26dae1f99b2b50fb17118f38d8a8e95dfac3357c
openai/gpt-oss-20b,GptOssForCausalLM,gb200,trtllm,1.3.0rc10,PASS,,"python python/aisimulate/tools/support_matrix/generate_fpe_support_matrix.py --model ""openai/gpt-oss-20b"" --system ""gb200"" --backend ""trtllm"" --backend-version ""1.3.0rc10"" --forward-model op_level --max-workers 8",silicon,116,29,"PASS=36, PERF_DATA_MISSING=80","decode_end=667.648612, decode_start=2.591008, mixed=4.586588, prefill=4.169896",26dae1f99b2b50fb17118f38d8a8e95dfac3357c
openai/gpt-oss-20b,GptOssForCausalLM,gb200,trtllm,1.3.0rc15,PASS,,"python python/aisimulate/tools/support_matrix/generate_fpe_support_matrix.py --model ""openai/gpt-oss-20b"" --system ""gb200"" --backend ""trtllm"" --backend-version ""1.3.0rc15"" --forward-model op_level --max-workers 8",silicon,116,29,"PASS=36, PERF_DATA_MISSING=80","decode_end=667.648612, decode_start=2.591008, mixed=4.586588, prefill=4.169896",26dae1f99b2b50fb17118f38d8a8e95dfac3357c
openai/gpt-oss-20b,GptOssForCausalLM,gb200,trtllm,1.3.0rc17,PASS,,"python python/aisimulate/tools/support_matrix/generate_fpe_support_matrix.py --model ""openai/gpt-oss-20b"" --system ""gb200"" --backend ""trtllm"" --backend-version ""1.3.0rc17"" --forward-model op_level --max-workers 8",silicon,116,29,"PASS=36, PERF_DATA_MISSING=80","decode_end=619.188307, decode_start=2.416877, mixed=4.382792, prefill=4.130217",26dae1f99b2b50fb17118f38d8a8e95dfac3357c
openai/gpt-oss-20b,GptOssForCausalLM,gb200,trtllm,1.3.0rc20,PASS,,"python python/aisimulate/tools/support_matrix/generate_fpe_support_matrix.py --model ""openai/gpt-oss-20b"" --system ""gb200"" --backend ""trtllm"" --backend-version ""1.3.0rc20"" --forward-model op_level --max-workers 8",silicon,116,29,"PASS=36, PERF_DATA_MISSING=80","decode_end=571.791092, decode_start=2.237679, mixed=3.986180, prefill=3.614852",26dae1f99b2b50fb17118f38d8a8e95dfac3357c
openai/gpt-oss-20b,GptOssForCausalLM,gb200,trtllm,1.3.0rc23,PASS,,"python python/aisimulate/tools/support_matrix/generate_fpe_support_matrix.py --model ""openai/gpt-oss-20b"" --system ""gb200"" --backend ""trtllm"" --backend-version ""1.3.0rc23"" --forward-model op_level --max-workers 8",silicon,116,29,"PASS=36, PERF_DATA_MISSING=80","decode_end=571.791092, decode_start=2.237679, mixed=3.986180, prefill=3.614852",26dae1f99b2b50fb17118f38d8a8e95dfac3357c
openai/gpt-oss-20b,GptOssForCausalLM,gb200,vllm,0.1.dev19262,FAIL,Strict-native op-level FPE probes: PERF_DATA_MISSING=116; raw probes=116; topologies=29; source_sha=26dae1f99b2b50fb17118f38d8a8e95dfac3357c. Representative failure: perf database error: perf database error: no GEMM rows loaded from 1 source(s) (first: <repo>/python/aisimulate/src/aiconfigurator_core/systems/data/gb200/vllm/0.1.dev19262/gemm_perf.parquet),"python python/aisimulate/tools/support_matrix/generate_fpe_support_matrix.py --model ""openai/gpt-oss-20b"" --system ""gb200"" --backend ""vllm"" --backend-version ""0.1.dev19262"" --forward-model op_level --max-workers 8",,116,29,PERF_DATA_MISSING=116,,26dae1f99b2b50fb17118f38d8a8e95dfac3357c
openai/gpt-oss-20b,GptOssForCausalLM,gb200,vllm,0.14.0,FAIL,"Strict-native op-level FPE probes: PERF_DATA_MISSING=116; raw probes=116; topologies=29; source_sha=26dae1f99b2b50fb17118f38d8a8e95dfac3357c. Representative failure: perf database error: MoE data missing for MoeKey { quant: ""w4a16_mxfp4"", distribution: ""uniform"", topk: 4, num_experts: 32, hidden_size: 2880, inter_size: 2880, moe_tp_size: 1, moe_ep_size: 1 } at <repo>/python/aisimulate/src/aiconfigurator_core/systems/data/gb200/vllm/0.14.0","python python/aisimulate/tools/support_matrix/generate_fpe_support_matrix.py --model ""openai/gpt-oss-20b"" --system ""gb200"" --backend ""vllm"" --backend-version ""0.14.0"" --forward-model op_level --max-workers 8",,116,29,PERF_DATA_MISSING=116,,26dae1f99b2b50fb17118f38d8a8e95dfac3357c
openai/gpt-oss-20b,GptOssForCausalLM,gb200,vllm,0.19.0,FAIL,"Strict-native op-level FPE probes: PERF_DATA_MISSING=116; raw probes=116; topologies=29; source_sha=26dae1f99b2b50fb17118f38d8a8e95dfac3357c. Representative failure: perf database error: MoE data missing for MoeKey { quant: ""w4a16_mxfp4"", distribution: ""uniform"", topk: 4, num_experts: 32, hidden_size: 2880, inter_size: 2880, moe_tp_size: 1, moe_ep_size: 1 } at <repo>/python/aisimulate/src/aiconfigurator_core/systems/data/gb200/vllm/0.19.0","python python/aisimulate/tools/support_matrix/generate_fpe_support_matrix.py --model ""openai/gpt-oss-20b"" --system ""gb200"" --backend ""vllm"" --backend-version ""0.19.0"" --forward-model op_level --max-workers 8",,116,29,PERF_DATA_MISSING=116,,26dae1f99b2b50fb17118f38d8a8e95dfac3357c
openai/gpt-oss-20b,GptOssForCausalLM,gb200,vllm,0.22.0,PASS,,"python python/aisimulate/tools/support_matrix/generate_fpe_support_matrix.py --model ""openai/gpt-oss-20b"" --system ""gb200"" --backend ""vllm"" --backend-version ""0.22.0"" --forward-model op_level --max-workers 8",silicon,116,29,PASS=116,"decode_end=615.879915, decode_start=2.399649, mixed=6.395283, prefill=6.450413",26dae1f99b2b50fb17118f38d8a8e95dfac3357c
openai/gpt-oss-20b,GptOssForCausalLM,gb200,vllm,0.24.0,PASS,,"python python/aisimulate/tools/support_matrix/generate_fpe_support_matrix.py --model ""openai/gpt-oss-20b"" --system ""gb200"" --backend ""vllm"" --backend-version ""0.24.0"" --forward-model op_level --max-workers 8",silicon,116,29,PASS=116,"decode_end=647.516776, decode_start=2.527832, mixed=6.555474, prefill=6.537322",26dae1f99b2b50fb17118f38d8a8e95dfac3357c
sgl-project/DeepSeek-V4-Flash-FP8,DeepseekV4ForCausalLM,gb200,sglang,0.5.10,FAIL,"Strict-native op-level FPE probes: PERF_DATA_MISSING=340, SDK_UNREPRESENTABLE=460; raw probes=800; topologies=200; source_sha=26dae1f99b2b50fb17118f38d8a8e95dfac3357c. Representative failure: perf database error: MoE data missing for MoeKey { quant: ""fp8_block"", distribution: ""power_law_1.01"", topk: 6, num_experts: 256, hidden_size: 4096, inter_size: 2048, moe_tp_size: 1, moe_ep_size: 1 } at <repo>/python/aisimulate/src/aiconfigurator_core/systems/data/gb200/sglang/0.5.10","python python/aisimulate/tools/support_matrix/generate_fpe_support_matrix.py --model ""sgl-project/DeepSeek-V4-Flash-FP8"" --system ""gb200"" --backend ""sglang"" --backend-version ""0.5.10"" --forward-model op_level --max-workers 8",,800,200,"PERF_DATA_MISSING=340, SDK_UNREPRESENTABLE=460",,26dae1f99b2b50fb17118f38d8a8e95dfac3357c
sgl-project/DeepSeek-V4-Flash-FP8,DeepseekV4ForCausalLM,gb200,sglang,0.5.12,PASS,,"python python/aisimulate/tools/support_matrix/generate_fpe_support_matrix.py --model ""sgl-project/DeepSeek-V4-Flash-FP8"" --system ""gb200"" --backend ""sglang"" --backend-version ""0.5.12"" --forward-model op_level --max-workers 8",silicon,800,200,"PASS=340, SDK_UNREPRESENTABLE=460","decode_end=4280.908759, decode_start=16.788357, mixed=52.393456, prefill=48.190702",26dae1f99b2b50fb17118f38d8a8e95dfac3357c
sgl-project/DeepSeek-V4-Flash-FP8,DeepseekV4ForCausalLM,gb200,sglang,0.5.14,PASS,,"python python/aisimulate/tools/support_matrix/generate_fpe_support_matrix.py --model ""sgl-project/DeepSeek-V4-Flash-FP8"" --system ""gb200"" --backend ""sglang"" --backend-version ""0.5.14"" --forward-model op_level --max-workers 8",silicon,800,200,"PASS=340, SDK_UNREPRESENTABLE=460","decode_end=4280.908759, decode_start=16.788357, mixed=52.393456, prefill=48.190702",26dae1f99b2b50fb17118f38d8a8e95dfac3357c
sgl-project/DeepSeek-V4-Flash-FP8,DeepseekV4ForCausalLM,gb200,sglang,0.5.16,PASS,,"python python/aisimulate/tools/support_matrix/generate_fpe_support_matrix.py --model ""sgl-project/DeepSeek-V4-Flash-FP8"" --system ""gb200"" --backend ""sglang"" --backend-version ""0.5.16"" --forward-model op_level --max-workers 8",silicon,800,200,"PASS=340, SDK_UNREPRESENTABLE=460","decode_end=4280.908759, decode_start=16.788357, mixed=52.393456, prefill=48.190702",26dae1f99b2b50fb17118f38d8a8e95dfac3357c
sgl-project/DeepSeek-V4-Flash-FP8,DeepseekV4ForCausalLM,gb200,sglang,0.5.9,FAIL,"Strict-native op-level FPE probes: PERF_DATA_MISSING=340, SDK_UNREPRESENTABLE=460; raw probes=800; topologies=200; source_sha=26dae1f99b2b50fb17118f38d8a8e95dfac3357c. Representative failure: perf database error: perf database error: no MHC module rows loaded from 1 source(s) (first: <repo>/python/aisimulate/src/aiconfigurator_core/systems/data/gb200/sglang/0.5.9/mhc_module_perf.parquet)","python python/aisimulate/tools/support_matrix/generate_fpe_support_matrix.py --model ""sgl-project/DeepSeek-V4-Flash-FP8"" --system ""gb200"" --backend ""sglang"" --backend-version ""0.5.9"" --forward-model op_level --max-workers 8",,800,200,"PERF_DATA_MISSING=340, SDK_UNREPRESENTABLE=460",,26dae1f99b2b50fb17118f38d8a8e95dfac3357c
sgl-project/DeepSeek-V4-Flash-FP8,DeepseekV4ForCausalLM,gb200,trtllm,1.3.0rc10,FAIL,Strict-native op-level FPE probes: PERF_DATA_MISSING=192; raw probes=192; topologies=48; source_sha=26dae1f99b2b50fb17118f38d8a8e95dfac3357c. Representative failure: perf database error: perf database error: no MHC module rows loaded from 1 source(s) (first: <repo>/python/aisimulate/src/aiconfigurator_core/systems/data/gb200/trtllm/1.3.0rc10/mhc_module_perf.parquet),"python python/aisimulate/tools/support_matrix/generate_fpe_support_matrix.py --model ""sgl-project/DeepSeek-V4-Flash-FP8"" --system ""gb200"" --backend ""trtllm"" --backend-version ""1.3.0rc10"" --forward-model op_level --max-workers 8",,192,48,PERF_DATA_MISSING=192,,26dae1f99b2b50fb17118f38d8a8e95dfac3357c
sgl-project/DeepSeek-V4-Flash-FP8,DeepseekV4ForCausalLM,gb200,trtllm,1.3.0rc15,FAIL,Strict-native op-level FPE probes: PERF_DATA_MISSING=192; raw probes=192; topologies=48; source_sha=26dae1f99b2b50fb17118f38d8a8e95dfac3357c. Representative failure: perf database error: perf database error: no MHC module rows loaded from 1 source(s) (first: <repo>/python/aisimulate/src/aiconfigurator_core/systems/data/gb200/trtllm/1.3.0rc15/mhc_module_perf.parquet),"python python/aisimulate/tools/support_matrix/generate_fpe_support_matrix.py --model ""sgl-project/DeepSeek-V4-Flash-FP8"" --system ""gb200"" --backend ""trtllm"" --backend-version ""1.3.0rc15"" --forward-model op_level --max-workers 8",,192,48,PERF_DATA_MISSING=192,,26dae1f99b2b50fb17118f38d8a8e95dfac3357c
sgl-project/DeepSeek-V4-Flash-FP8,DeepseekV4ForCausalLM,gb200,trtllm,1.3.0rc17,FAIL,Strict-native op-level FPE probes: PERF_DATA_MISSING=192; raw probes=192; topologies=48; source_sha=26dae1f99b2b50fb17118f38d8a8e95dfac3357c. Representative failure: perf database error: perf database error: no MHC module rows loaded from 1 source(s) (first: <repo>/python/aisimulate/src/aiconfigurator_core/systems/data/gb200/trtllm/1.3.0rc17/mhc_module_perf.parquet),"python python/aisimulate/tools/support_matrix/generate_fpe_support_matrix.py --model ""sgl-project/DeepSeek-V4-Flash-FP8"" --system ""gb200"" --backend ""trtllm"" --backend-version ""1.3.0rc17"" --forward-model op_level --max-workers 8",,192,48,PERF_DATA_MISSING=192,,26dae1f99b2b50fb17118f38d8a8e95dfac3357c
sgl-project/DeepSeek-V4-Flash-FP8,DeepseekV4ForCausalLM,gb200,trtllm,1.3.0rc20,FAIL,Strict-native op-level FPE probes: PERF_DATA_MISSING=192; raw probes=192; topologies=48; source_sha=26dae1f99b2b50fb17118f38d8a8e95dfac3357c. Representative failure: perf database error: perf database error: no DSV4 module rows loaded from 1 source(s) (first: <repo>/python/aisimulate/src/aiconfigurator_core/systems/data/gb200/trtllm/1.3.0rc20/dsv4_csa_context_module_perf.parquet),"python python/aisimulate/tools/support_matrix/generate_fpe_support_matrix.py --model ""sgl-project/DeepSeek-V4-Flash-FP8"" --system ""gb200"" --backend ""trtllm"" --backend-version ""1.3.0rc20"" --forward-model op_level --max-workers 8",,192,48,PERF_DATA_MISSING=192,,26dae1f99b2b50fb17118f38d8a8e95dfac3357c
sgl-project/DeepSeek-V4-Flash-FP8,DeepseekV4ForCausalLM,gb200,trtllm,1.3.0rc23,PASS,,"python python/aisimulate/tools/support_matrix/generate_fpe_support_matrix.py --model ""sgl-project/DeepSeek-V4-Flash-FP8"" --system ""gb200"" --backend ""trtllm"" --backend-version ""1.3.0rc23"" --forward-model op_level --max-workers 8",silicon,192,48,PASS=192,"decode_end=4902.543029, decode_start=19.239735, mixed=51.072854, prefill=46.250468",26dae1f99b2b50fb17118f38d8a8e95dfac3357c
sgl-project/DeepSeek-V4-Flash-FP8,DeepseekV4ForCausalLM,gb200,vllm,0.1.dev19262,FAIL,Strict-native op-level FPE probes: PERF_DATA_MISSING=192; raw probes=192; topologies=48; source_sha=26dae1f99b2b50fb17118f38d8a8e95dfac3357c. Representative failure: perf database error: perf database error: no MHC module rows loaded from 1 source(s) (first: <repo>/python/aisimulate/src/aiconfigurator_core/systems/data/gb200/vllm/0.1.dev19262/mhc_module_perf.parquet),"python python/aisimulate/tools/support_matrix/generate_fpe_support_matrix.py --model ""sgl-project/DeepSeek-V4-Flash-FP8"" --system ""gb200"" --backend ""vllm"" --backend-version ""0.1.dev19262"" --forward-model op_level --max-workers 8",,192,48,PERF_DATA_MISSING=192,,26dae1f99b2b50fb17118f38d8a8e95dfac3357c
sgl-project/DeepSeek-V4-Flash-FP8,DeepseekV4ForCausalLM,gb200,vllm,0.14.0,FAIL,Strict-native op-level FPE probes: PERF_DATA_MISSING=192; raw probes=192; topologies=48; source_sha=26dae1f99b2b50fb17118f38d8a8e95dfac3357c. Representative failure: perf database error: perf database error: no MHC module rows loaded from 1 source(s) (first: <repo>/python/aisimulate/src/aiconfigurator_core/systems/data/gb200/vllm/0.14.0/mhc_module_perf.parquet),"python python/aisimulate/tools/support_matrix/generate_fpe_support_matrix.py --model ""sgl-project/DeepSeek-V4-Flash-FP8"" --system ""gb200"" --backend ""vllm"" --backend-version ""0.14.0"" --forward-model op_level --max-workers 8",,192,48,PERF_DATA_MISSING=192,,26dae1f99b2b50fb17118f38d8a8e95dfac3357c
sgl-project/DeepSeek-V4-Flash-FP8,DeepseekV4ForCausalLM,gb200,vllm,0.19.0,FAIL,Strict-native op-level FPE probes: PERF_DATA_MISSING=192; raw probes=192; topologies=48; source_sha=26dae1f99b2b50fb17118f38d8a8e95dfac3357c. Representative failure: perf database error: perf database error: no MHC module rows loaded from 1 source(s) (first: <repo>/python/aisimulate/src/aiconfigurator_core/systems/data/gb200/vllm/0.19.0/mhc_module_perf.parquet),"python python/aisimulate/tools/support_matrix/generate_fpe_support_matrix.py --model ""sgl-project/DeepSeek-V4-Flash-FP8"" --system ""gb200"" --backend ""vllm"" --backend-version ""0.19.0"" --forward-model op_level --max-workers 8",,192,48,PERF_DATA_MISSING=192,,26dae1f99b2b50fb17118f38d8a8e95dfac3357c
sgl-project/DeepSeek-V4-Flash-FP8,DeepseekV4ForCausalLM,gb200,vllm,0.22.0,PASS,,"python python/aisimulate/tools/support_matrix/generate_fpe_support_matrix.py --model ""sgl-project/DeepSeek-V4-Flash-FP8"" --system ""gb200"" --backend ""vllm"" --backend-version ""0.22.0"" --forward-model op_level --max-workers 8",silicon,192,48,PASS=192,"decode_end=7174.825167, decode_start=28.118484, mixed=74.495329, prefill=58.311168",26dae1f99b2b50fb17118f38d8a8e95dfac3357c
sgl-project/DeepSeek-V4-Flash-FP8,DeepseekV4ForCausalLM,gb200,vllm,0.24.0,PASS,,"python python/aisimulate/tools/support_matrix/generate_fpe_support_matrix.py --model ""sgl-project/DeepSeek-V4-Flash-FP8"" --system ""gb200"" --backend ""vllm"" --backend-version ""0.24.0"" --forward-model op_level --max-workers 8",silicon,192,48,PASS=192,"decode_end=8004.759653, decode_start=31.373129, mixed=75.094776, prefill=61.486870",26dae1f99b2b50fb17118f38d8a8e95dfac3357c
sgl-project/DeepSeek-V4-Pro-FP8,DeepseekV4ForCausalLM,gb200,sglang,0.5.10,FAIL,"Strict-native op-level FPE probes: PERF_DATA_MISSING=340, SDK_UNREPRESENTABLE=460; raw probes=800; topologies=200; source_sha=26dae1f99b2b50fb17118f38d8a8e95dfac3357c. Representative failure: perf database error: MHC module data missing for MhcKey { op_name: ""pre"", hc_mult: 4, hidden_size: 7168 } at <repo>/python/aisimulate/src/aiconfigurator_core/systems/data/gb200/sglang/0.5.10","python python/aisimulate/tools/support_matrix/generate_fpe_support_matrix.py --model ""sgl-project/DeepSeek-V4-Pro-FP8"" --system ""gb200"" --backend ""sglang"" --backend-version ""0.5.10"" --forward-model op_level --max-workers 8",,800,200,"PERF_DATA_MISSING=340, SDK_UNREPRESENTABLE=460",,26dae1f99b2b50fb17118f38d8a8e95dfac3357c
sgl-project/DeepSeek-V4-Pro-FP8,DeepseekV4ForCausalLM,gb200,sglang,0.5.12,PASS,,"python python/aisimulate/tools/support_matrix/generate_fpe_support_matrix.py --model ""sgl-project/DeepSeek-V4-Pro-FP8"" --system ""gb200"" --backend ""sglang"" --backend-version ""0.5.12"" --forward-model op_level --max-workers 8",silicon,800,200,"PASS=320, PERF_DATA_MISSING=20, SDK_UNREPRESENTABLE=460","decode_end=11846.774872, decode_start=46.470448, mixed=214.126157, prefill=203.740144",26dae1f99b2b50fb17118f38d8a8e95dfac3357c
sgl-project/DeepSeek-V4-Pro-FP8,DeepseekV4ForCausalLM,gb200,sglang,0.5.14,PASS,,"python python/aisimulate/tools/support_matrix/generate_fpe_support_matrix.py --model ""sgl-project/DeepSeek-V4-Pro-FP8"" --system ""gb200"" --backend ""sglang"" --backend-version ""0.5.14"" --forward-model op_level --max-workers 8",silicon,800,200,"PASS=320, PERF_DATA_MISSING=20, SDK_UNREPRESENTABLE=460","decode_end=11846.774872, decode_start=46.470448, mixed=214.126157, prefill=203.740144",26dae1f99b2b50fb17118f38d8a8e95dfac3357c
sgl-project/DeepSeek-V4-Pro-FP8,DeepseekV4ForCausalLM,gb200,sglang,0.5.16,PASS,,"python python/aisimulate/tools/support_matrix/generate_fpe_support_matrix.py --model ""sgl-project/DeepSeek-V4-Pro-FP8"" --system ""gb200"" --backend ""sglang"" --backend-version ""0.5.16"" --forward-model op_level --max-workers 8",silicon,800,200,"PASS=320, PERF_DATA_MISSING=20, SDK_UNREPRESENTABLE=460","decode_end=11846.774872, decode_start=46.470448, mixed=214.126157, prefill=203.740144",26dae1f99b2b50fb17118f38d8a8e95dfac3357c
sgl-project/DeepSeek-V4-Pro-FP8,DeepseekV4ForCausalLM,gb200,sglang,0.5.9,FAIL,"Strict-native op-level FPE probes: PERF_DATA_MISSING=340, SDK_UNREPRESENTABLE=460; raw probes=800; topologies=200; source_sha=26dae1f99b2b50fb17118f38d8a8e95dfac3357c. Representative failure: perf database error: perf database error: no MHC module rows loaded from 1 source(s) (first: <repo>/python/aisimulate/src/aiconfigurator_core/systems/data/gb200/sglang/0.5.9/mhc_module_perf.parquet)","python python/aisimulate/tools/support_matrix/generate_fpe_support_matrix.py --model ""sgl-project/DeepSeek-V4-Pro-FP8"" --system ""gb200"" --backend ""sglang"" --backend-version ""0.5.9"" --forward-model op_level --max-workers 8",,800,200,"PERF_DATA_MISSING=340, SDK_UNREPRESENTABLE=460",,26dae1f99b2b50fb17118f38d8a8e95dfac3357c
sgl-project/DeepSeek-V4-Pro-FP8,DeepseekV4ForCausalLM,gb200,trtllm,1.3.0rc10,FAIL,Strict-native op-level FPE probes: PERF_DATA_MISSING=192; raw probes=192; topologies=48; source_sha=26dae1f99b2b50fb17118f38d8a8e95dfac3357c. Representative failure: perf database error: perf database error: no MHC module rows loaded from 1 source(s) (first: <repo>/python/aisimulate/src/aiconfigurator_core/systems/data/gb200/trtllm/1.3.0rc10/mhc_module_perf.parquet),"python python/aisimulate/tools/support_matrix/generate_fpe_support_matrix.py --model ""sgl-project/DeepSeek-V4-Pro-FP8"" --system ""gb200"" --backend ""trtllm"" --backend-version ""1.3.0rc10"" --forward-model op_level --max-workers 8",,192,48,PERF_DATA_MISSING=192,,26dae1f99b2b50fb17118f38d8a8e95dfac3357c
sgl-project/DeepSeek-V4-Pro-FP8,DeepseekV4ForCausalLM,gb200,trtllm,1.3.0rc15,FAIL,Strict-native op-level FPE probes: PERF_DATA_MISSING=192; raw probes=192; topologies=48; source_sha=26dae1f99b2b50fb17118f38d8a8e95dfac3357c. Representative failure: perf database error: perf database error: no MHC module rows loaded from 1 source(s) (first: <repo>/python/aisimulate/src/aiconfigurator_core/systems/data/gb200/trtllm/1.3.0rc15/mhc_module_perf.parquet),"python python/aisimulate/tools/support_matrix/generate_fpe_support_matrix.py --model ""sgl-project/DeepSeek-V4-Pro-FP8"" --system ""gb200"" --backend ""trtllm"" --backend-version ""1.3.0rc15"" --forward-model op_level --max-workers 8",,192,48,PERF_DATA_MISSING=192,,26dae1f99b2b50fb17118f38d8a8e95dfac3357c
sgl-project/DeepSeek-V4-Pro-FP8,DeepseekV4ForCausalLM,gb200,trtllm,1.3.0rc17,FAIL,Strict-native op-level FPE probes: PERF_DATA_MISSING=192; raw probes=192; topologies=48; source_sha=26dae1f99b2b50fb17118f38d8a8e95dfac3357c. Representative failure: perf database error: perf database error: no MHC module rows loaded from 1 source(s) (first: <repo>/python/aisimulate/src/aiconfigurator_core/systems/data/gb200/trtllm/1.3.0rc17/mhc_module_perf.parquet),"python python/aisimulate/tools/support_matrix/generate_fpe_support_matrix.py --model ""sgl-project/DeepSeek-V4-Pro-FP8"" --system ""gb200"" --backend ""trtllm"" --backend-version ""1.3.0rc17"" --forward-model op_level --max-workers 8",,192,48,PERF_DATA_MISSING=192,,26dae1f99b2b50fb17118f38d8a8e95dfac3357c
sgl-project/DeepSeek-V4-Pro-FP8,DeepseekV4ForCausalLM,gb200,trtllm,1.3.0rc20,FAIL,"Strict-native op-level FPE probes: PERF_DATA_MISSING=192; raw probes=192; topologies=48; source_sha=26dae1f99b2b50fb17118f38d8a8e95dfac3357c. Representative failure: perf database error: MoE data missing for MoeKey { quant: ""fp8_block"", distribution: ""power_law_1.01"", topk: 6, num_experts: 384, hidden_size: 7168, inter_size: 3072, moe_tp_size: 16, moe_ep_size: 1 } at <repo>/python/aisimulate/src/aiconfigurator_core/systems/data/gb200/trtllm/1.3.0rc20","python python/aisimulate/tools/support_matrix/generate_fpe_support_matrix.py --model ""sgl-project/DeepSeek-V4-Pro-FP8"" --system ""gb200"" --backend ""trtllm"" --backend-version ""1.3.0rc20"" --forward-model op_level --max-workers 8",,192,48,PERF_DATA_MISSING=192,,26dae1f99b2b50fb17118f38d8a8e95dfac3357c
sgl-project/DeepSeek-V4-Pro-FP8,DeepseekV4ForCausalLM,gb200,trtllm,1.3.0rc23,PASS,,"python python/aisimulate/tools/support_matrix/generate_fpe_support_matrix.py --model ""sgl-project/DeepSeek-V4-Pro-FP8"" --system ""gb200"" --backend ""trtllm"" --backend-version ""1.3.0rc23"" --forward-model op_level --max-workers 8",silicon,192,48,"PASS=184, PERF_DATA_MISSING=8","decode_end=13649.539478, decode_start=53.517931, mixed=197.359041, prefill=186.756925",26dae1f99b2b50fb17118f38d8a8e95dfac3357c
sgl-project/DeepSeek-V4-Pro-FP8,DeepseekV4ForCausalLM,gb200,vllm,0.1.dev19262,FAIL,Strict-native op-level FPE probes: PERF_DATA_MISSING=192; raw probes=192; topologies=48; source_sha=26dae1f99b2b50fb17118f38d8a8e95dfac3357c. Representative failure: perf database error: perf database error: no MHC module rows loaded from 1 source(s) (first: <repo>/python/aisimulate/src/aiconfigurator_core/systems/data/gb200/vllm/0.1.dev19262/mhc_module_perf.parquet),"python python/aisimulate/tools/support_matrix/generate_fpe_support_matrix.py --model ""sgl-project/DeepSeek-V4-Pro-FP8"" --system ""gb200"" --backend ""vllm"" --backend-version ""0.1.dev19262"" --forward-model op_level --max-workers 8",,192,48,PERF_DATA_MISSING=192,,26dae1f99b2b50fb17118f38d8a8e95dfac3357c
sgl-project/DeepSeek-V4-Pro-FP8,DeepseekV4ForCausalLM,gb200,vllm,0.14.0,FAIL,Strict-native op-level FPE probes: PERF_DATA_MISSING=192; raw probes=192; topologies=48; source_sha=26dae1f99b2b50fb17118f38d8a8e95dfac3357c. Representative failure: perf database error: perf database error: no MHC module rows loaded from 1 source(s) (first: <repo>/python/aisimulate/src/aiconfigurator_core/systems/data/gb200/vllm/0.14.0/mhc_module_perf.parquet),"python python/aisimulate/tools/support_matrix/generate_fpe_support_matrix.py --model ""sgl-project/DeepSeek-V4-Pro-FP8"" --system ""gb200"" --backend ""vllm"" --backend-version ""0.14.0"" --forward-model op_level --max-workers 8",,192,48,PERF_DATA_MISSING=192,,26dae1f99b2b50fb17118f38d8a8e95dfac3357c
sgl-project/DeepSeek-V4-Pro-FP8,DeepseekV4ForCausalLM,gb200,vllm,0.19.0,FAIL,Strict-native op-level FPE probes: PERF_DATA_MISSING=192; raw probes=192; topologies=48; source_sha=26dae1f99b2b50fb17118f38d8a8e95dfac3357c. Representative failure: perf database error: perf database error: no MHC module rows loaded from 1 source(s) (first: <repo>/python/aisimulate/src/aiconfigurator_core/systems/data/gb200/vllm/0.19.0/mhc_module_perf.parquet),"python python/aisimulate/tools/support_matrix/generate_fpe_support_matrix.py --model ""sgl-project/DeepSeek-V4-Pro-FP8"" --system ""gb200"" --backend ""vllm"" --backend-version ""0.19.0"" --forward-model op_level --max-workers 8",,192,48,PERF_DATA_MISSING=192,,26dae1f99b2b50fb17118f38d8a8e95dfac3357c
sgl-project/DeepSeek-V4-Pro-FP8,DeepseekV4ForCausalLM,gb200,vllm,0.22.0,PASS,,"python python/aisimulate/tools/support_matrix/generate_fpe_support_matrix.py --model ""sgl-project/DeepSeek-V4-Pro-FP8"" --system ""gb200"" --backend ""vllm"" --backend-version ""0.22.0"" --forward-model op_level --max-workers 8",silicon,192,48,"PASS=172, PERF_DATA_MISSING=20","decode_end=10676.075781, decode_start=41.905400, mixed=208.977997, prefill=198.767301",26dae1f99b2b50fb17118f38d8a8e95dfac3357c
sgl-project/DeepSeek-V4-Pro-FP8,DeepseekV4ForCausalLM,gb200,vllm,0.24.0,PASS,,"python python/aisimulate/tools/support_matrix/generate_fpe_support_matrix.py --model ""sgl-project/DeepSeek-V4-Pro-FP8"" --system ""gb200"" --backend ""vllm"" --backend-version ""0.24.0"" --forward-model op_level --max-workers 8",silicon,192,48,"PASS=172, PERF_DATA_MISSING=20","decode_end=12049.679598, decode_start=47.292082, mixed=210.979067, prefill=189.841319",26dae1f99b2b50fb17118f38d8a8e95dfac3357c
stepfun-ai/Step-3.7-Flash,Step3p7FlashForCausalLM,gb200,sglang,0.5.10,FAIL,"Strict-native op-level FPE probes: PERF_DATA_MISSING=220, SDK_UNREPRESENTABLE=320; raw probes=540; topologies=135; source_sha=26dae1f99b2b50fb17118f38d8a8e95dfac3357c. Representative failure: perf database error: MoE data missing for MoeKey { quant: ""bfloat16"", distribution: ""power_law_1.01"", topk: 8, num_experts: 288, hidden_size: 4096, inter_size: 1280, moe_tp_size: 1, moe_ep_size: 1 } at <repo>/python/aisimulate/src/aiconfigurator_core/systems/data/gb200/sglang/0.5.10","python python/aisimulate/tools/support_matrix/generate_fpe_support_matrix.py --model ""stepfun-ai/Step-3.7-Flash"" --system ""gb200"" --backend ""sglang"" --backend-version ""0.5.10"" --forward-model op_level --max-workers 8",,540,135,"PERF_DATA_MISSING=220, SDK_UNREPRESENTABLE=320",,26dae1f99b2b50fb17118f38d8a8e95dfac3357c
stepfun-ai/Step-3.7-Flash,Step3p7FlashForCausalLM,gb200,sglang,0.5.12,FAIL,"Strict-native op-level FPE probes: PERF_DATA_MISSING=220, SDK_UNREPRESENTABLE=320; raw probes=540; topologies=135; source_sha=26dae1f99b2b50fb17118f38d8a8e95dfac3357c. Representative failure: perf database error: MoE data missing for MoeKey { quant: ""bfloat16"", distribution: ""power_law_1.01"", topk: 8, num_experts: 288, hidden_size: 4096, inter_size: 1280, moe_tp_size: 1, moe_ep_size: 1 } at <repo>/python/aisimulate/src/aiconfigurator_core/systems/data/gb200/sglang/0.5.12","python python/aisimulate/tools/support_matrix/generate_fpe_support_matrix.py --model ""stepfun-ai/Step-3.7-Flash"" --system ""gb200"" --backend ""sglang"" --backend-version ""0.5.12"" --forward-model op_level --max-workers 8",,540,135,"PERF_DATA_MISSING=220, SDK_UNREPRESENTABLE=320",,26dae1f99b2b50fb17118f38d8a8e95dfac3357c
stepfun-ai/Step-3.7-Flash,Step3p7FlashForCausalLM,gb200,sglang,0.5.14,FAIL,"Strict-native op-level FPE probes: PERF_DATA_MISSING=220, SDK_UNREPRESENTABLE=320; raw probes=540; topologies=135; source_sha=26dae1f99b2b50fb17118f38d8a8e95dfac3357c. Representative failure: perf database error: MoE data missing for MoeKey { quant: ""bfloat16"", distribution: ""power_law_1.01"", topk: 8, num_experts: 288, hidden_size: 4096, inter_size: 1280, moe_tp_size: 1, moe_ep_size: 1 } at <repo>/python/aisimulate/src/aiconfigurator_core/systems/data/gb200/sglang/0.5.14","python python/aisimulate/tools/support_matrix/generate_fpe_support_matrix.py --model ""stepfun-ai/Step-3.7-Flash"" --system ""gb200"" --backend ""sglang"" --backend-version ""0.5.14"" --forward-model op_level --max-workers 8",,540,135,"PERF_DATA_MISSING=220, SDK_UNREPRESENTABLE=320",,26dae1f99b2b50fb17118f38d8a8e95dfac3357c
stepfun-ai/Step-3.7-Flash,Step3p7FlashForCausalLM,gb200,sglang,0.5.16,FAIL,"Strict-native op-level FPE probes: PERF_DATA_MISSING=220, SDK_UNREPRESENTABLE=320; raw probes=540; topologies=135; source_sha=26dae1f99b2b50fb17118f38d8a8e95dfac3357c. Representative failure: perf database error: MoE data missing for MoeKey { quant: ""bfloat16"", distribution: ""power_law_1.01"", topk: 8, num_experts: 288, hidden_size: 4096, inter_size: 1280, moe_tp_size: 1, moe_ep_size: 1 } at <repo>/python/aisimulate/src/aiconfigurator_core/systems/data/gb200/sglang/0.5.16","python python/aisimulate/tools/support_matrix/generate_fpe_support_matrix.py --model ""stepfun-ai/Step-3.7-Flash"" --system ""gb200"" --backend ""sglang"" --backend-version ""0.5.16"" --forward-model op_level --max-workers 8",,540,135,"PERF_DATA_MISSING=220, SDK_UNREPRESENTABLE=320",,26dae1f99b2b50fb17118f38d8a8e95dfac3357c
stepfun-ai/Step-3.7-Flash,Step3p7FlashForCausalLM,gb200,sglang,0.5.9,FAIL,"Strict-native op-level FPE probes: PERF_DATA_MISSING=220, SDK_UNREPRESENTABLE=320; raw probes=540; topologies=135; source_sha=26dae1f99b2b50fb17118f38d8a8e95dfac3357c. Representative failure: perf database error: MoE data missing for MoeKey { quant: ""bfloat16"", distribution: ""power_law_1.01"", topk: 8, num_experts: 288, hidden_size: 4096, inter_size: 1280, moe_tp_size: 1, moe_ep_size: 1 } at <repo>/python/aisimulate/src/aiconfigurator_core/systems/data/gb200/sglang/0.5.9","python python/aisimulate/tools/support_matrix/generate_fpe_support_matrix.py --model ""stepfun-ai/Step-3.7-Flash"" --system ""gb200"" --backend ""sglang"" --backend-version ""0.5.9"" --forward-model op_level --max-workers 8",,540,135,"PERF_DATA_MISSING=220, SDK_UNREPRESENTABLE=320",,26dae1f99b2b50fb17118f38d8a8e95dfac3357c
stepfun-ai/Step-3.7-Flash,Step3p7FlashForCausalLM,gb200,trtllm,1.3.0rc10,FAIL,"Strict-native op-level FPE probes: PERF_DATA_MISSING=116; raw probes=116; topologies=29; source_sha=26dae1f99b2b50fb17118f38d8a8e95dfac3357c. Representative failure: perf database error: MoE data missing for MoeKey { quant: ""bfloat16"", distribution: ""power_law_1.01"", topk: 8, num_experts: 288, hidden_size: 4096, inter_size: 1280, moe_tp_size: 1, moe_ep_size: 1 } at <repo>/python/aisimulate/src/aiconfigurator_core/systems/data/gb200/trtllm/1.3.0rc10","python python/aisimulate/tools/support_matrix/generate_fpe_support_matrix.py --model ""stepfun-ai/Step-3.7-Flash"" --system ""gb200"" --backend ""trtllm"" --backend-version ""1.3.0rc10"" --forward-model op_level --max-workers 8",,116,29,PERF_DATA_MISSING=116,,26dae1f99b2b50fb17118f38d8a8e95dfac3357c
stepfun-ai/Step-3.7-Flash,Step3p7FlashForCausalLM,gb200,trtllm,1.3.0rc15,FAIL,"Strict-native op-level FPE probes: PERF_DATA_MISSING=116; raw probes=116; topologies=29; source_sha=26dae1f99b2b50fb17118f38d8a8e95dfac3357c. Representative failure: perf database error: MoE data missing for MoeKey { quant: ""bfloat16"", distribution: ""power_law_1.01"", topk: 8, num_experts: 288, hidden_size: 4096, inter_size: 1280, moe_tp_size: 1, moe_ep_size: 1 } at <repo>/python/aisimulate/src/aiconfigurator_core/systems/data/gb200/trtllm/1.3.0rc15","python python/aisimulate/tools/support_matrix/generate_fpe_support_matrix.py --model ""stepfun-ai/Step-3.7-Flash"" --system ""gb200"" --backend ""trtllm"" --backend-version ""1.3.0rc15"" --forward-model op_level --max-workers 8",,116,29,PERF_DATA_MISSING=116,,26dae1f99b2b50fb17118f38d8a8e95dfac3357c
stepfun-ai/Step-3.7-Flash,Step3p7FlashForCausalLM,gb200,trtllm,1.3.0rc17,FAIL,"Strict-native op-level FPE probes: PERF_DATA_MISSING=116; raw probes=116; topologies=29; source_sha=26dae1f99b2b50fb17118f38d8a8e95dfac3357c. Representative failure: perf database error: MoE data missing for MoeKey { quant: ""bfloat16"", distribution: ""power_law_1.01"", topk: 8, num_experts: 288, hidden_size: 4096, inter_size: 1280, moe_tp_size: 1, moe_ep_size: 1 } at <repo>/python/aisimulate/src/aiconfigurator_core/systems/data/gb200/trtllm/1.3.0rc17","python python/aisimulate/tools/support_matrix/generate_fpe_support_matrix.py --model ""stepfun-ai/Step-3.7-Flash"" --system ""gb200"" --backend ""trtllm"" --backend-version ""1.3.0rc17"" --forward-model op_level --max-workers 8",,116,29,PERF_DATA_MISSING=116,,26dae1f99b2b50fb17118f38d8a8e95dfac3357c
stepfun-ai/Step-3.7-Flash,Step3p7FlashForCausalLM,gb200,trtllm,1.3.0rc20,FAIL,"Strict-native op-level FPE probes: PERF_DATA_MISSING=116; raw probes=116; topologies=29; source_sha=26dae1f99b2b50fb17118f38d8a8e95dfac3357c. Representative failure: perf database error: MoE data missing for MoeKey { quant: ""bfloat16"", distribution: ""power_law_1.01"", topk: 8, num_experts: 288, hidden_size: 4096, inter_size: 1280, moe_tp_size: 1, moe_ep_size: 1 } at <repo>/python/aisimulate/src/aiconfigurator_core/systems/data/gb200/trtllm/1.3.0rc20","python python/aisimulate/tools/support_matrix/generate_fpe_support_matrix.py --model ""stepfun-ai/Step-3.7-Flash"" --system ""gb200"" --backend ""trtllm"" --backend-version ""1.3.0rc20"" --forward-model op_level --max-workers 8",,116,29,PERF_DATA_MISSING=116,,26dae1f99b2b50fb17118f38d8a8e95dfac3357c
stepfun-ai/Step-3.7-Flash,Step3p7FlashForCausalLM,gb200,trtllm,1.3.0rc23,FAIL,"Strict-native op-level FPE probes: PERF_DATA_MISSING=116; raw probes=116; topologies=29; source_sha=26dae1f99b2b50fb17118f38d8a8e95dfac3357c. Representative failure: perf database error: MoE data missing for MoeKey { quant: ""bfloat16"", distribution: ""power_law_1.01"", topk: 8, num_experts: 288, hidden_size: 4096, inter_size: 1280, moe_tp_size: 1, moe_ep_size: 1 } at <repo>/python/aisimulate/src/aiconfigurator_core/systems/data/gb200/trtllm/1.3.0rc23","python python/aisimulate/tools/support_matrix/generate_fpe_support_matrix.py --model ""stepfun-ai/Step-3.7-Flash"" --system ""gb200"" --backend ""trtllm"" --backend-version ""1.3.0rc23"" --forward-model op_level --max-workers 8",,116,29,PERF_DATA_MISSING=116,,26dae1f99b2b50fb17118f38d8a8e95dfac3357c
stepfun-ai/Step-3.7-Flash,Step3p7FlashForCausalLM,gb200,vllm,0.1.dev19262,FAIL,Strict-native op-level FPE probes: PERF_DATA_MISSING=116; raw probes=116; topologies=29; source_sha=26dae1f99b2b50fb17118f38d8a8e95dfac3357c. Representative failure: perf database error: perf database error: no GEMM rows loaded from 1 source(s) (first: <repo>/python/aisimulate/src/aiconfigurator_core/systems/data/gb200/vllm/0.1.dev19262/gemm_perf.parquet),"python python/aisimulate/tools/support_matrix/generate_fpe_support_matrix.py --model ""stepfun-ai/Step-3.7-Flash"" --system ""gb200"" --backend ""vllm"" --backend-version ""0.1.dev19262"" --forward-model op_level --max-workers 8",,116,29,PERF_DATA_MISSING=116,,26dae1f99b2b50fb17118f38d8a8e95dfac3357c
stepfun-ai/Step-3.7-Flash,Step3p7FlashForCausalLM,gb200,vllm,0.14.0,FAIL,"Strict-native op-level FPE probes: PERF_DATA_MISSING=116; raw probes=116; topologies=29; source_sha=26dae1f99b2b50fb17118f38d8a8e95dfac3357c. Representative failure: perf database error: MoE data missing for MoeKey { quant: ""bfloat16"", distribution: ""power_law_1.01"", topk: 8, num_experts: 288, hidden_size: 4096, inter_size: 1280, moe_tp_size: 1, moe_ep_size: 1 } at <repo>/python/aisimulate/src/aiconfigurator_core/systems/data/gb200/vllm/0.14.0","python python/aisimulate/tools/support_matrix/generate_fpe_support_matrix.py --model ""stepfun-ai/Step-3.7-Flash"" --system ""gb200"" --backend ""vllm"" --backend-version ""0.14.0"" --forward-model op_level --max-workers 8",,116,29,PERF_DATA_MISSING=116,,26dae1f99b2b50fb17118f38d8a8e95dfac3357c
stepfun-ai/Step-3.7-Flash,Step3p7FlashForCausalLM,gb200,vllm,0.19.0,FAIL,"Strict-native op-level FPE probes: PERF_DATA_MISSING=116; raw probes=116; topologies=29; source_sha=26dae1f99b2b50fb17118f38d8a8e95dfac3357c. Representative failure: perf database error: MoE data missing for MoeKey { quant: ""bfloat16"", distribution: ""power_law_1.01"", topk: 8, num_experts: 288, hidden_size: 4096, inter_size: 1280, moe_tp_size: 1, moe_ep_size: 1 } at <repo>/python/aisimulate/src/aiconfigurator_core/systems/data/gb200/vllm/0.19.0","python python/aisimulate/tools/support_matrix/generate_fpe_support_matrix.py --model ""stepfun-ai/Step-3.7-Flash"" --system ""gb200"" --backend ""vllm"" --backend-version ""0.19.0"" --forward-model op_level --max-workers 8",,116,29,PERF_DATA_MISSING=116,,26dae1f99b2b50fb17118f38d8a8e95dfac3357c
stepfun-ai/Step-3.7-Flash,Step3p7FlashForCausalLM,gb200,vllm,0.22.0,FAIL,"Strict-native op-level FPE probes: PERF_DATA_MISSING=116; raw probes=116; topologies=29; source_sha=26dae1f99b2b50fb17118f38d8a8e95dfac3357c. Representative failure: perf database error: MoE data missing for MoeKey { quant: ""bfloat16"", distribution: ""power_law_1.01"", topk: 8, num_experts: 288, hidden_size: 4096, inter_size: 1280, moe_tp_size: 1, moe_ep_size: 1 } at <repo>/python/aisimulate/src/aiconfigurator_core/systems/data/gb200/vllm/0.22.0","python python/aisimulate/tools/support_matrix/generate_fpe_support_matrix.py --model ""stepfun-ai/Step-3.7-Flash"" --system ""gb200"" --backend ""vllm"" --backend-version ""0.22.0"" --forward-model op_level --max-workers 8",,116,29,PERF_DATA_MISSING=116,,26dae1f99b2b50fb17118f38d8a8e95dfac3357c
stepfun-ai/Step-3.7-Flash,Step3p7FlashForCausalLM,gb200,vllm,0.24.0,FAIL,"Strict-native op-level FPE probes: PERF_DATA_MISSING=116; raw probes=116; topologies=29; source_sha=26dae1f99b2b50fb17118f38d8a8e95dfac3357c. Representative failure: perf database error: MoE data missing for MoeKey { quant: ""bfloat16"", distribution: ""power_law_1.01"", topk: 8, num_experts: 288, hidden_size: 4096, inter_size: 1280, moe_tp_size: 1, moe_ep_size: 1 } at <repo>/python/aisimulate/src/aiconfigurator_core/systems/data/gb200/vllm/0.24.0","python python/aisimulate/tools/support_matrix/generate_fpe_support_matrix.py --model ""stepfun-ai/Step-3.7-Flash"" --system ""gb200"" --backend ""vllm"" --backend-version ""0.24.0"" --forward-model op_level --max-workers 8",,116,29,PERF_DATA_MISSING=116,,26dae1f99b2b50fb17118f38d8a8e95dfac3357c
stepfun-ai/Step-3.7-Flash-FP8,Step3p7FlashForCausalLM,gb200,sglang,0.5.10,FAIL,"Strict-native op-level FPE probes: BUILD_FAILED=104, PERF_DATA_MISSING=116, SDK_UNREPRESENTABLE=320; raw probes=540; topologies=135; source_sha=26dae1f99b2b50fb17118f38d8a8e95dfac3357c. Representative failure: Invalid quantized MoE configuration: (moe_intermediate_size=1280 / moe_tp_size=16) % weight_block_size=128 != 0.","python python/aisimulate/tools/support_matrix/generate_fpe_support_matrix.py --model ""stepfun-ai/Step-3.7-Flash-FP8"" --system ""gb200"" --backend ""sglang"" --backend-version ""0.5.10"" --forward-model op_level --max-workers 8",,540,135,"BUILD_FAILED=104, PERF_DATA_MISSING=116, SDK_UNREPRESENTABLE=320",,26dae1f99b2b50fb17118f38d8a8e95dfac3357c
stepfun-ai/Step-3.7-Flash-FP8,Step3p7FlashForCausalLM,gb200,sglang,0.5.12,FAIL,"Strict-native op-level FPE probes: BUILD_FAILED=104, PERF_DATA_MISSING=116, SDK_UNREPRESENTABLE=320; raw probes=540; topologies=135; source_sha=26dae1f99b2b50fb17118f38d8a8e95dfac3357c. Representative failure: Invalid quantized MoE configuration: (moe_intermediate_size=1280 / moe_tp_size=16) % weight_block_size=128 != 0.","python python/aisimulate/tools/support_matrix/generate_fpe_support_matrix.py --model ""stepfun-ai/Step-3.7-Flash-FP8"" --system ""gb200"" --backend ""sglang"" --backend-version ""0.5.12"" --forward-model op_level --max-workers 8",,540,135,"BUILD_FAILED=104, PERF_DATA_MISSING=116, SDK_UNREPRESENTABLE=320",,26dae1f99b2b50fb17118f38d8a8e95dfac3357c
stepfun-ai/Step-3.7-Flash-FP8,Step3p7FlashForCausalLM,gb200,sglang,0.5.14,FAIL,"Strict-native op-level FPE probes: BUILD_FAILED=104, PERF_DATA_MISSING=116, SDK_UNREPRESENTABLE=320; raw probes=540; topologies=135; source_sha=26dae1f99b2b50fb17118f38d8a8e95dfac3357c. Representative failure: Invalid quantized MoE configuration: (moe_intermediate_size=1280 / moe_tp_size=16) % weight_block_size=128 != 0.","python python/aisimulate/tools/support_matrix/generate_fpe_support_matrix.py --model ""stepfun-ai/Step-3.7-Flash-FP8"" --system ""gb200"" --backend ""sglang"" --backend-version ""0.5.14"" --forward-model op_level --max-workers 8",,540,135,"BUILD_FAILED=104, PERF_DATA_MISSING=116, SDK_UNREPRESENTABLE=320",,26dae1f99b2b50fb17118f38d8a8e95dfac3357c
stepfun-ai/Step-3.7-Flash-FP8,Step3p7FlashForCausalLM,gb200,sglang,0.5.16,FAIL,"Strict-native op-level FPE probes: BUILD_FAILED=104, PERF_DATA_MISSING=116, SDK_UNREPRESENTABLE=320; raw probes=540; topologies=135; source_sha=26dae1f99b2b50fb17118f38d8a8e95dfac3357c. Representative failure: Invalid quantized MoE configuration: (moe_intermediate_size=1280 / moe_tp_size=16) % weight_block_size=128 != 0.","python python/aisimulate/tools/support_matrix/generate_fpe_support_matrix.py --model ""stepfun-ai/Step-3.7-Flash-FP8"" --system ""gb200"" --backend ""sglang"" --backend-version ""0.5.16"" --forward-model op_level --max-workers 8",,540,135,"BUILD_FAILED=104, PERF_DATA_MISSING=116, SDK_UNREPRESENTABLE=320",,26dae1f99b2b50fb17118f38d8a8e95dfac3357c
stepfun-ai/Step-3.7-Flash-FP8,Step3p7FlashForCausalLM,gb200,sglang,0.5.9,FAIL,"Strict-native op-level FPE probes: BUILD_FAILED=104, PERF_DATA_MISSING=116, SDK_UNREPRESENTABLE=320; raw probes=540; topologies=135; source_sha=26dae1f99b2b50fb17118f38d8a8e95dfac3357c. Representative failure: Invalid quantized MoE configuration: (moe_intermediate_size=1280 / moe_tp_size=16) % weight_block_size=128 != 0.","python python/aisimulate/tools/support_matrix/generate_fpe_support_matrix.py --model ""stepfun-ai/Step-3.7-Flash-FP8"" --system ""gb200"" --backend ""sglang"" --backend-version ""0.5.9"" --forward-model op_level --max-workers 8",,540,135,"BUILD_FAILED=104, PERF_DATA_MISSING=116, SDK_UNREPRESENTABLE=320",,26dae1f99b2b50fb17118f38d8a8e95dfac3357c
stepfun-ai/Step-3.7-Flash-FP8,Step3p7FlashForCausalLM,gb200,trtllm,1.3.0rc10,FAIL,"Strict-native op-level FPE probes: BUILD_FAILED=48, PERF_DATA_MISSING=68; raw probes=116; topologies=29; source_sha=26dae1f99b2b50fb17118f38d8a8e95dfac3357c. Representative failure: Invalid quantized MoE configuration: (moe_intermediate_size=1280 / moe_tp_size=16) % weight_block_size=128 != 0.","python python/aisimulate/tools/support_matrix/generate_fpe_support_matrix.py --model ""stepfun-ai/Step-3.7-Flash-FP8"" --system ""gb200"" --backend ""trtllm"" --backend-version ""1.3.0rc10"" --forward-model op_level --max-workers 8",,116,29,"BUILD_FAILED=48, PERF_DATA_MISSING=68",,26dae1f99b2b50fb17118f38d8a8e95dfac3357c
stepfun-ai/Step-3.7-Flash-FP8,Step3p7FlashForCausalLM,gb200,trtllm,1.3.0rc15,FAIL,"Strict-native op-level FPE probes: BUILD_FAILED=48, PERF_DATA_MISSING=68; raw probes=116; topologies=29; source_sha=26dae1f99b2b50fb17118f38d8a8e95dfac3357c. Representative failure: Invalid quantized MoE configuration: (moe_intermediate_size=1280 / moe_tp_size=16) % weight_block_size=128 != 0.","python python/aisimulate/tools/support_matrix/generate_fpe_support_matrix.py --model ""stepfun-ai/Step-3.7-Flash-FP8"" --system ""gb200"" --backend ""trtllm"" --backend-version ""1.3.0rc15"" --forward-model op_level --max-workers 8",,116,29,"BUILD_FAILED=48, PERF_DATA_MISSING=68",,26dae1f99b2b50fb17118f38d8a8e95dfac3357c
stepfun-ai/Step-3.7-Flash-FP8,Step3p7FlashForCausalLM,gb200,trtllm,1.3.0rc17,FAIL,"Strict-native op-level FPE probes: BUILD_FAILED=48, PERF_DATA_MISSING=68; raw probes=116; topologies=29; source_sha=26dae1f99b2b50fb17118f38d8a8e95dfac3357c. Representative failure: Invalid quantized MoE configuration: (moe_intermediate_size=1280 / moe_tp_size=16) % weight_block_size=128 != 0.","python python/aisimulate/tools/support_matrix/generate_fpe_support_matrix.py --model ""stepfun-ai/Step-3.7-Flash-FP8"" --system ""gb200"" --backend ""trtllm"" --backend-version ""1.3.0rc17"" --forward-model op_level --max-workers 8",,116,29,"BUILD_FAILED=48, PERF_DATA_MISSING=68",,26dae1f99b2b50fb17118f38d8a8e95dfac3357c
stepfun-ai/Step-3.7-Flash-FP8,Step3p7FlashForCausalLM,gb200,trtllm,1.3.0rc20,FAIL,"Strict-native op-level FPE probes: BUILD_FAILED=48, PERF_DATA_MISSING=68; raw probes=116; topologies=29; source_sha=26dae1f99b2b50fb17118f38d8a8e95dfac3357c. Representative failure: Invalid quantized MoE configuration: (moe_intermediate_size=1280 / moe_tp_size=16) % weight_block_size=128 != 0.","python python/aisimulate/tools/support_matrix/generate_fpe_support_matrix.py --model ""stepfun-ai/Step-3.7-Flash-FP8"" --system ""gb200"" --backend ""trtllm"" --backend-version ""1.3.0rc20"" --forward-model op_level --max-workers 8",,116,29,"BUILD_FAILED=48, PERF_DATA_MISSING=68",,26dae1f99b2b50fb17118f38d8a8e95dfac3357c
stepfun-ai/Step-3.7-Flash-FP8,Step3p7FlashForCausalLM,gb200,trtllm,1.3.0rc23,FAIL,"Strict-native op-level FPE probes: BUILD_FAILED=48, PERF_DATA_MISSING=68; raw probes=116; topologies=29; source_sha=26dae1f99b2b50fb17118f38d8a8e95dfac3357c. Representative failure: Invalid quantized MoE configuration: (moe_intermediate_size=1280 / moe_tp_size=16) % weight_block_size=128 != 0.","python python/aisimulate/tools/support_matrix/generate_fpe_support_matrix.py --model ""stepfun-ai/Step-3.7-Flash-FP8"" --system ""gb200"" --backend ""trtllm"" --backend-version ""1.3.0rc23"" --forward-model op_level --max-workers 8",,116,29,"BUILD_FAILED=48, PERF_DATA_MISSING=68",,26dae1f99b2b50fb17118f38d8a8e95dfac3357c
stepfun-ai/Step-3.7-Flash-FP8,Step3p7FlashForCausalLM,gb200,vllm,0.1.dev19262,FAIL,"Strict-native op-level FPE probes: BUILD_FAILED=48, PERF_DATA_MISSING=68; raw probes=116; topologies=29; source_sha=26dae1f99b2b50fb17118f38d8a8e95dfac3357c. Representative failure: Invalid quantized MoE configuration: (moe_intermediate_size=1280 / moe_tp_size=16) % weight_block_size=128 != 0.","python python/aisimulate/tools/support_matrix/generate_fpe_support_matrix.py --model ""stepfun-ai/Step-3.7-Flash-FP8"" --system ""gb200"" --backend ""vllm"" --backend-version ""0.1.dev19262"" --forward-model op_level --max-workers 8",,116,29,"BUILD_FAILED=48, PERF_DATA_MISSING=68",,26dae1f99b2b50fb17118f38d8a8e95dfac3357c
stepfun-ai/Step-3.7-Flash-FP8,Step3p7FlashForCausalLM,gb200,vllm,0.14.0,FAIL,"Strict-native op-level FPE probes: BUILD_FAILED=48, PERF_DATA_MISSING=68; raw probes=116; topologies=29; source_sha=26dae1f99b2b50fb17118f38d8a8e95dfac3357c. Representative failure: Invalid quantized MoE configuration: (moe_intermediate_size=1280 / moe_tp_size=16) % weight_block_size=128 != 0.","python python/aisimulate/tools/support_matrix/generate_fpe_support_matrix.py --model ""stepfun-ai/Step-3.7-Flash-FP8"" --system ""gb200"" --backend ""vllm"" --backend-version ""0.14.0"" --forward-model op_level --max-workers 8",,116,29,"BUILD_FAILED=48, PERF_DATA_MISSING=68",,26dae1f99b2b50fb17118f38d8a8e95dfac3357c
stepfun-ai/Step-3.7-Flash-FP8,Step3p7FlashForCausalLM,gb200,vllm,0.19.0,FAIL,"Strict-native op-level FPE probes: BUILD_FAILED=48, PERF_DATA_MISSING=68; raw probes=116; topologies=29; source_sha=26dae1f99b2b50fb17118f38d8a8e95dfac3357c. Representative failure: Invalid quantized MoE configuration: (moe_intermediate_size=1280 / moe_tp_size=16) % weight_block_size=128 != 0.","python python/aisimulate/tools/support_matrix/generate_fpe_support_matrix.py --model ""stepfun-ai/Step-3.7-Flash-FP8"" --system ""gb200"" --backend ""vllm"" --backend-version ""0.19.0"" --forward-model op_level --max-workers 8",,116,29,"BUILD_FAILED=48, PERF_DATA_MISSING=68",,26dae1f99b2b50fb17118f38d8a8e95dfac3357c
stepfun-ai/Step-3.7-Flash-FP8,Step3p7FlashForCausalLM,gb200,vllm,0.22.0,FAIL,"Strict-native op-level FPE probes: BUILD_FAILED=48, PERF_DATA_MISSING=68; raw probes=116; topologies=29; source_sha=26dae1f99b2b50fb17118f38d8a8e95dfac3357c. Representative failure: Invalid quantized MoE configuration: (moe_intermediate_size=1280 / moe_tp_size=16) % weight_block_size=128 != 0.","python python/aisimulate/tools/support_matrix/generate_fpe_support_matrix.py --model ""stepfun-ai/Step-3.7-Flash-FP8"" --system ""gb200"" --backend ""vllm"" --backend-version ""0.22.0"" --forward-model op_level --max-workers 8",,116,29,"BUILD_FAILED=48, PERF_DATA_MISSING=68",,26dae1f99b2b50fb17118f38d8a8e95dfac3357c
stepfun-ai/Step-3.7-Flash-FP8,Step3p7FlashForCausalLM,gb200,vllm,0.24.0,FAIL,"Strict-native op-level FPE probes: BUILD_FAILED=48, PERF_DATA_MISSING=68; raw probes=116; topologies=29; source_sha=26dae1f99b2b50fb17118f38d8a8e95dfac3357c. Representative failure: Invalid quantized MoE configuration: (moe_intermediate_size=1280 / moe_tp_size=16) % weight_block_size=128 != 0.","python python/aisimulate/tools/support_matrix/generate_fpe_support_matrix.py --model ""stepfun-ai/Step-3.7-Flash-FP8"" --system ""gb200"" --backend ""vllm"" --backend-version ""0.24.0"" --forward-model op_level --max-workers 8",,116,29,"BUILD_FAILED=48, PERF_DATA_MISSING=68",,26dae1f99b2b50fb17118f38d8a8e95dfac3357c
zai-org/GLM-5.2,GlmMoeDsaForCausalLM,gb200,sglang,0.5.10,PASS,,"python python/aisimulate/tools/support_matrix/generate_fpe_support_matrix.py --model ""zai-org/GLM-5.2"" --system ""gb200"" --backend ""sglang"" --backend-version ""0.5.10"" --forward-model op_level --max-workers 8",silicon,800,200,"PASS=340, SDK_UNREPRESENTABLE=460","decode_end=19148.103100, decode_start=75.022618, mixed=299.249248, prefill=285.309139",26dae1f99b2b50fb17118f38d8a8e95dfac3357c
zai-org/GLM-5.2,GlmMoeDsaForCausalLM,gb200,sglang,0.5.12,PASS,,"python python/aisimulate/tools/support_matrix/generate_fpe_support_matrix.py --model ""zai-org/GLM-5.2"" --system ""gb200"" --backend ""sglang"" --backend-version ""0.5.12"" --forward-model op_level --max-workers 8",silicon,800,200,"PASS=340, SDK_UNREPRESENTABLE=460","decode_end=14925.174313, decode_start=58.470480, mixed=257.749309, prefill=247.696050",26dae1f99b2b50fb17118f38d8a8e95dfac3357c
zai-org/GLM-5.2,GlmMoeDsaForCausalLM,gb200,sglang,0.5.14,PASS,,"python python/aisimulate/tools/support_matrix/generate_fpe_support_matrix.py --model ""zai-org/GLM-5.2"" --system ""gb200"" --backend ""sglang"" --backend-version ""0.5.14"" --forward-model op_level --max-workers 8",silicon,800,200,"PASS=340, SDK_UNREPRESENTABLE=460","decode_end=14925.174313, decode_start=58.470480, mixed=257.749309, prefill=247.696050",26dae1f99b2b50fb17118f38d8a8e95dfac3357c
zai-org/GLM-5.2,GlmMoeDsaForCausalLM,gb200,sglang,0.5.16,PASS,,"python python/aisimulate/tools/support_matrix/generate_fpe_support_matrix.py --model ""zai-org/GLM-5.2"" --system ""gb200"" --backend ""sglang"" --backend-version ""0.5.16"" --forward-model op_level --max-workers 8",silicon,800,200,"PASS=340, SDK_UNREPRESENTABLE=460","decode_end=14925.174313, decode_start=58.470480, mixed=257.749309, prefill=247.696050",26dae1f99b2b50fb17118f38d8a8e95dfac3357c
zai-org/GLM-5.2,GlmMoeDsaForCausalLM,gb200,sglang,0.5.9,FAIL,"Strict-native op-level FPE probes: PERF_DATA_MISSING=340, SDK_UNREPRESENTABLE=460; raw probes=800; topologies=200; source_sha=26dae1f99b2b50fb17118f38d8a8e95dfac3357c. Representative failure: perf database error: perf database error: perf database error: no DSA module rows loaded from 1 source(s) (first: <repo>/python/aisimulate/src/aiconfigurator_core/systems/data/gb200/sglang/0.5.9/dsa_context_module_perf.parquet)","python python/aisimulate/tools/support_matrix/generate_fpe_support_matrix.py --model ""zai-org/GLM-5.2"" --system ""gb200"" --backend ""sglang"" --backend-version ""0.5.9"" --forward-model op_level --max-workers 8",,800,200,"PERF_DATA_MISSING=340, SDK_UNREPRESENTABLE=460",,26dae1f99b2b50fb17118f38d8a8e95dfac3357c
zai-org/GLM-5.2,GlmMoeDsaForCausalLM,gb200,trtllm,1.3.0rc10,PASS,,"python python/aisimulate/tools/support_matrix/generate_fpe_support_matrix.py --model ""zai-org/GLM-5.2"" --system ""gb200"" --backend ""trtllm"" --backend-version ""1.3.0rc10"" --forward-model op_level --max-workers 8",silicon,192,48,PASS=192,"decode_end=16828.232538, decode_start=65.969275, mixed=345.800472, prefill=334.295344",26dae1f99b2b50fb17118f38d8a8e95dfac3357c
zai-org/GLM-5.2,GlmMoeDsaForCausalLM,gb200,trtllm,1.3.0rc15,PASS,,"python python/aisimulate/tools/support_matrix/generate_fpe_support_matrix.py --model ""zai-org/GLM-5.2"" --system ""gb200"" --backend ""trtllm"" --backend-version ""1.3.0rc15"" --forward-model op_level --max-workers 8",silicon,192,48,PASS=192,"decode_end=16828.232538, decode_start=65.969275, mixed=345.800472, prefill=334.295344",26dae1f99b2b50fb17118f38d8a8e95dfac3357c
zai-org/GLM-5.2,GlmMoeDsaForCausalLM,gb200,trtllm,1.3.0rc17,PASS,,"python python/aisimulate/tools/support_matrix/generate_fpe_support_matrix.py --model ""zai-org/GLM-5.2"" --system ""gb200"" --backend ""trtllm"" --backend-version ""1.3.0rc17"" --forward-model op_level --max-workers 8",silicon,192,48,PASS=192,"decode_end=16564.639315, decode_start=64.969567, mixed=344.735528, prefill=334.282448",26dae1f99b2b50fb17118f38d8a8e95dfac3357c
zai-org/GLM-5.2,GlmMoeDsaForCausalLM,gb200,trtllm,1.3.0rc20,PASS,,"python python/aisimulate/tools/support_matrix/generate_fpe_support_matrix.py --model ""zai-org/GLM-5.2"" --system ""gb200"" --backend ""trtllm"" --backend-version ""1.3.0rc20"" --forward-model op_level --max-workers 8",silicon,192,48,PASS=192,"decode_end=16364.677891, decode_start=64.154813, mixed=195.309117, prefill=184.686414",26dae1f99b2b50fb17118f38d8a8e95dfac3357c
zai-org/GLM-5.2,GlmMoeDsaForCausalLM,gb200,trtllm,1.3.0rc23,PASS,,"python python/aisimulate/tools/support_matrix/generate_fpe_support_matrix.py --model ""zai-org/GLM-5.2"" --system ""gb200"" --backend ""trtllm"" --backend-version ""1.3.0rc23"" --forward-model op_level --max-workers 8",silicon,192,48,PASS=192,"decode_end=16364.677891, decode_start=64.154813, mixed=195.309117, prefill=184.686414",26dae1f99b2b50fb17118f38d8a8e95dfac3357c
zai-org/GLM-5.2,GlmMoeDsaForCausalLM,gb200,vllm,0.1.dev19262,FAIL,Strict-native op-level FPE probes: PERF_DATA_MISSING=192; raw probes=192; topologies=48; source_sha=26dae1f99b2b50fb17118f38d8a8e95dfac3357c. Representative failure: perf database error: perf database error: no GEMM rows loaded from 1 source(s) (first: <repo>/python/aisimulate/src/aiconfigurator_core/systems/data/gb200/vllm/0.1.dev19262/gemm_perf.parquet),"python python/aisimulate/tools/support_matrix/generate_fpe_support_matrix.py --model ""zai-org/GLM-5.2"" --system ""gb200"" --backend ""vllm"" --backend-version ""0.1.dev19262"" --forward-model op_level --max-workers 8",,192,48,PERF_DATA_MISSING=192,,26dae1f99b2b50fb17118f38d8a8e95dfac3357c
zai-org/GLM-5.2,GlmMoeDsaForCausalLM,gb200,vllm,0.14.0,PASS,,"python python/aisimulate/tools/support_matrix/generate_fpe_support_matrix.py --model ""zai-org/GLM-5.2"" --system ""gb200"" --backend ""vllm"" --backend-version ""0.14.0"" --forward-model op_level --max-workers 8",silicon,192,48,PASS=192,"decode_end=18408.765084, decode_start=72.170841, mixed=218.278627, prefill=207.075102",26dae1f99b2b50fb17118f38d8a8e95dfac3357c
zai-org/GLM-5.2,GlmMoeDsaForCausalLM,gb200,vllm,0.19.0,PASS,,"python python/aisimulate/tools/support_matrix/generate_fpe_support_matrix.py --model ""zai-org/GLM-5.2"" --system ""gb200"" --backend ""vllm"" --backend-version ""0.19.0"" --forward-model op_level --max-workers 8",silicon,192,48,PASS=192,"decode_end=18368.374576, decode_start=72.066833, mixed=217.271776, prefill=196.807732",26dae1f99b2b50fb17118f38d8a8e95dfac3357c
zai-org/GLM-5.2,GlmMoeDsaForCausalLM,gb200,vllm,0.22.0,PASS,,"python python/aisimulate/tools/support_matrix/generate_fpe_support_matrix.py --model ""zai-org/GLM-5.2"" --system ""gb200"" --backend ""vllm"" --backend-version ""0.22.0"" --forward-model op_level --max-workers 8",silicon,192,48,PASS=192,"decode_end=17657.823326, decode_start=69.140993, mixed=355.090469, prefill=335.176133",26dae1f99b2b50fb17118f38d8a8e95dfac3357c
zai-org/GLM-5.2,GlmMoeDsaForCausalLM,gb200,vllm,0.24.0,PASS,,"python python/aisimulate/tools/support_matrix/generate_fpe_support_matrix.py --model ""zai-org/GLM-5.2"" --system ""gb200"" --backend ""vllm"" --backend-version ""0.24.0"" --forward-model op_level --max-workers 8",silicon,192,48,PASS=192,"decode_end=17525.856311, decode_start=68.705054, mixed=426.826669, prefill=407.407284",26dae1f99b2b50fb17118f38d8a8e95dfac3357c
zai-org/GLM-5.2-FP8,GlmMoeDsaForCausalLM,gb200,sglang,0.5.10,FAIL,"Strict-native op-level FPE probes: PASS=170, PERF_DATA_MISSING=170, SDK_UNREPRESENTABLE=460; raw probes=800; topologies=200; source_sha=26dae1f99b2b50fb17118f38d8a8e95dfac3357c. Representative failure: perf database error: context DSA module data missing for DsaKey { architecture: ""GlmMoeDsaForCausalLM"", fmha_quant: ""fp8"", kv_quant: ""fp8"", gemm_quant: ""bfloat16"" }","python python/aisimulate/tools/support_matrix/generate_fpe_support_matrix.py --model ""zai-org/GLM-5.2-FP8"" --system ""gb200"" --backend ""sglang"" --backend-version ""0.5.10"" --forward-model op_level --max-workers 8",,800,200,"PASS=170, PERF_DATA_MISSING=170, SDK_UNREPRESENTABLE=460",,26dae1f99b2b50fb17118f38d8a8e95dfac3357c
zai-org/GLM-5.2-FP8,GlmMoeDsaForCausalLM,gb200,sglang,0.5.12,PASS,,"python python/aisimulate/tools/support_matrix/generate_fpe_support_matrix.py --model ""zai-org/GLM-5.2-FP8"" --system ""gb200"" --backend ""sglang"" --backend-version ""0.5.12"" --forward-model op_level --max-workers 8",silicon,800,200,"PASS=340, SDK_UNREPRESENTABLE=460","decode_end=9084.598107, decode_start=35.611102, mixed=241.473752, prefill=233.178440",26dae1f99b2b50fb17118f38d8a8e95dfac3357c
zai-org/GLM-5.2-FP8,GlmMoeDsaForCausalLM,gb200,sglang,0.5.14,PASS,,"python python/aisimulate/tools/support_matrix/generate_fpe_support_matrix.py --model ""zai-org/GLM-5.2-FP8"" --system ""gb200"" --backend ""sglang"" --backend-version ""0.5.14"" --forward-model op_level --max-workers 8",silicon,800,200,"PASS=340, SDK_UNREPRESENTABLE=460","decode_end=9084.598107, decode_start=35.611102, mixed=241.473752, prefill=233.178440",26dae1f99b2b50fb17118f38d8a8e95dfac3357c
zai-org/GLM-5.2-FP8,GlmMoeDsaForCausalLM,gb200,sglang,0.5.16,PASS,,"python python/aisimulate/tools/support_matrix/generate_fpe_support_matrix.py --model ""zai-org/GLM-5.2-FP8"" --system ""gb200"" --backend ""sglang"" --backend-version ""0.5.16"" --forward-model op_level --max-workers 8",silicon,800,200,"PASS=340, SDK_UNREPRESENTABLE=460","decode_end=9084.598107, decode_start=35.611102, mixed=241.473752, prefill=233.178440",26dae1f99b2b50fb17118f38d8a8e95dfac3357c
zai-org/GLM-5.2-FP8,GlmMoeDsaForCausalLM,gb200,sglang,0.5.9,FAIL,"Strict-native op-level FPE probes: PERF_DATA_MISSING=340, SDK_UNREPRESENTABLE=460; raw probes=800; topologies=200; source_sha=26dae1f99b2b50fb17118f38d8a8e95dfac3357c. Representative failure: perf database error: perf database error: perf database error: no DSA module rows loaded from 1 source(s) (first: <repo>/python/aisimulate/src/aiconfigurator_core/systems/data/gb200/sglang/0.5.9/dsa_context_module_perf.parquet)","python python/aisimulate/tools/support_matrix/generate_fpe_support_matrix.py --model ""zai-org/GLM-5.2-FP8"" --system ""gb200"" --backend ""sglang"" --backend-version ""0.5.9"" --forward-model op_level --max-workers 8",,800,200,"PERF_DATA_MISSING=340, SDK_UNREPRESENTABLE=460",,26dae1f99b2b50fb17118f38d8a8e95dfac3357c
zai-org/GLM-5.2-FP8,GlmMoeDsaForCausalLM,gb200,trtllm,1.3.0rc10,FAIL,"Strict-native op-level FPE probes: PERF_DATA_MISSING=192; raw probes=192; topologies=48; source_sha=26dae1f99b2b50fb17118f38d8a8e95dfac3357c. Representative failure: perf database error: MoE data missing for MoeKey { quant: ""fp8_block"", distribution: ""uniform"", topk: 8, num_experts: 256, hidden_size: 6144, inter_size: 2048, moe_tp_size: 1, moe_ep_size: 1 } at <repo>/python/aisimulate/src/aiconfigurator_core/systems/data/gb200/trtllm/1.3.0rc10","python python/aisimulate/tools/support_matrix/generate_fpe_support_matrix.py --model ""zai-org/GLM-5.2-FP8"" --system ""gb200"" --backend ""trtllm"" --backend-version ""1.3.0rc10"" --forward-model op_level --max-workers 8",,192,48,PERF_DATA_MISSING=192,,26dae1f99b2b50fb17118f38d8a8e95dfac3357c
zai-org/GLM-5.2-FP8,GlmMoeDsaForCausalLM,gb200,trtllm,1.3.0rc15,FAIL,"Strict-native op-level FPE probes: PERF_DATA_MISSING=192; raw probes=192; topologies=48; source_sha=26dae1f99b2b50fb17118f38d8a8e95dfac3357c. Representative failure: perf database error: MoE data missing for MoeKey { quant: ""fp8_block"", distribution: ""uniform"", topk: 8, num_experts: 256, hidden_size: 6144, inter_size: 2048, moe_tp_size: 1, moe_ep_size: 1 } at <repo>/python/aisimulate/src/aiconfigurator_core/systems/data/gb200/trtllm/1.3.0rc15","python python/aisimulate/tools/support_matrix/generate_fpe_support_matrix.py --model ""zai-org/GLM-5.2-FP8"" --system ""gb200"" --backend ""trtllm"" --backend-version ""1.3.0rc15"" --forward-model op_level --max-workers 8",,192,48,PERF_DATA_MISSING=192,,26dae1f99b2b50fb17118f38d8a8e95dfac3357c
zai-org/GLM-5.2-FP8,GlmMoeDsaForCausalLM,gb200,trtllm,1.3.0rc17,FAIL,"Strict-native op-level FPE probes: PERF_DATA_MISSING=192; raw probes=192; topologies=48; source_sha=26dae1f99b2b50fb17118f38d8a8e95dfac3357c. Representative failure: perf database error: MoE data missing for MoeKey { quant: ""fp8_block"", distribution: ""uniform"", topk: 8, num_experts: 256, hidden_size: 6144, inter_size: 2048, moe_tp_size: 1, moe_ep_size: 1 } at <repo>/python/aisimulate/src/aiconfigurator_core/systems/data/gb200/trtllm/1.3.0rc17","python python/aisimulate/tools/support_matrix/generate_fpe_support_matrix.py --model ""zai-org/GLM-5.2-FP8"" --system ""gb200"" --backend ""trtllm"" --backend-version ""1.3.0rc17"" --forward-model op_level --max-workers 8",,192,48,PERF_DATA_MISSING=192,,26dae1f99b2b50fb17118f38d8a8e95dfac3357c
zai-org/GLM-5.2-FP8,GlmMoeDsaForCausalLM,gb200,trtllm,1.3.0rc20,PASS,,"python python/aisimulate/tools/support_matrix/generate_fpe_support_matrix.py --model ""zai-org/GLM-5.2-FP8"" --system ""gb200"" --backend ""trtllm"" --backend-version ""1.3.0rc20"" --forward-model op_level --max-workers 8",silicon,192,48,PASS=192,"decode_end=12433.646668, decode_start=48.776394, mixed=309.143664, prefill=299.503366",26dae1f99b2b50fb17118f38d8a8e95dfac3357c
zai-org/GLM-5.2-FP8,GlmMoeDsaForCausalLM,gb200,trtllm,1.3.0rc23,PASS,,"python python/aisimulate/tools/support_matrix/generate_fpe_support_matrix.py --model ""zai-org/GLM-5.2-FP8"" --system ""gb200"" --backend ""trtllm"" --backend-version ""1.3.0rc23"" --forward-model op_level --max-workers 8",silicon,192,48,PASS=192,"decode_end=12433.646668, decode_start=48.776394, mixed=309.143664, prefill=299.503366",26dae1f99b2b50fb17118f38d8a8e95dfac3357c
zai-org/GLM-5.2-FP8,GlmMoeDsaForCausalLM,gb200,vllm,0.1.dev19262,FAIL,Strict-native op-level FPE probes: PERF_DATA_MISSING=192; raw probes=192; topologies=48; source_sha=26dae1f99b2b50fb17118f38d8a8e95dfac3357c. Representative failure: perf database error: perf database error: no GEMM rows loaded from 1 source(s) (first: <repo>/python/aisimulate/src/aiconfigurator_core/systems/data/gb200/vllm/0.1.dev19262/gemm_perf.parquet),"python python/aisimulate/tools/support_matrix/generate_fpe_support_matrix.py --model ""zai-org/GLM-5.2-FP8"" --system ""gb200"" --backend ""vllm"" --backend-version ""0.1.dev19262"" --forward-model op_level --max-workers 8",,192,48,PERF_DATA_MISSING=192,,26dae1f99b2b50fb17118f38d8a8e95dfac3357c
zai-org/GLM-5.2-FP8,GlmMoeDsaForCausalLM,gb200,vllm,0.14.0,PASS,,"python python/aisimulate/tools/support_matrix/generate_fpe_support_matrix.py --model ""zai-org/GLM-5.2-FP8"" --system ""gb200"" --backend ""vllm"" --backend-version ""0.14.0"" --forward-model op_level --max-workers 8",silicon,192,48,PASS=192,"decode_end=15618.791975, decode_start=61.267160, mixed=194.633044, prefill=182.287682",26dae1f99b2b50fb17118f38d8a8e95dfac3357c
zai-org/GLM-5.2-FP8,GlmMoeDsaForCausalLM,gb200,vllm,0.19.0,PASS,,"python python/aisimulate/tools/support_matrix/generate_fpe_support_matrix.py --model ""zai-org/GLM-5.2-FP8"" --system ""gb200"" --backend ""vllm"" --backend-version ""0.19.0"" --forward-model op_level --max-workers 8",silicon,192,48,PASS=192,"decode_end=13147.767118, decode_start=51.532678, mixed=405.484889, prefill=386.744022",26dae1f99b2b50fb17118f38d8a8e95dfac3357c
zai-org/GLM-5.2-FP8,GlmMoeDsaForCausalLM,gb200,vllm,0.22.0,PASS,,"python python/aisimulate/tools/support_matrix/generate_fpe_support_matrix.py --model ""zai-org/GLM-5.2-FP8"" --system ""gb200"" --backend ""vllm"" --backend-version ""0.22.0"" --forward-model op_level --max-workers 8",silicon,192,48,PASS=192,"decode_end=15517.446589, decode_start=60.818741, mixed=354.376140, prefill=327.679488",26dae1f99b2b50fb17118f38d8a8e95dfac3357c
zai-org/GLM-5.2-FP8,GlmMoeDsaForCausalLM,gb200,vllm,0.24.0,PASS,,"python python/aisimulate/tools/support_matrix/generate_fpe_support_matrix.py --model ""zai-org/GLM-5.2-FP8"" --system ""gb200"" --backend ""vllm"" --backend-version ""0.24.0"" --forward-model op_level --max-workers 8",silicon,192,48,PASS=192,"decode_end=18449.676310, decode_start=72.368667, mixed=355.417519, prefill=325.451783",26dae1f99b2b50fb17118f38d8a8e95dfac3357c
