HuggingFaceID,Architecture,System,Backend,Version,Status,ErrMsg,Command,Source,FPEProbeCount,FPETopologyCount,FPEStatusCounts,FPEPhaseLatencyMs,SourceSHA
MiniMaxAI/MiniMax-M2.7,MiniMaxM2ForCausalLM,h100_sxm,sglang,0.5.10,PASS,,"python python/aisimulate/tools/support_matrix/generate_fpe_support_matrix.py --model ""MiniMaxAI/MiniMax-M2.7"" --system ""h100_sxm"" --backend ""sglang"" --backend-version ""0.5.10"" --forward-model op_level --max-workers 8",silicon,540,135,"BUILD_FAILED=56, PASS=164, SDK_UNREPRESENTABLE=320","decode_end=6228.937278, decode_start=24.336963, mixed=73.709401, prefill=71.496276",26dae1f99b2b50fb17118f38d8a8e95dfac3357c
MiniMaxAI/MiniMax-M2.7,MiniMaxM2ForCausalLM,h100_sxm,sglang,0.5.12,PASS,,"python python/aisimulate/tools/support_matrix/generate_fpe_support_matrix.py --model ""MiniMaxAI/MiniMax-M2.7"" --system ""h100_sxm"" --backend ""sglang"" --backend-version ""0.5.12"" --forward-model op_level --max-workers 8",silicon,540,135,"BUILD_FAILED=56, PASS=164, SDK_UNREPRESENTABLE=320","decode_end=5894.330737, decode_start=23.055378, mixed=75.114062, prefill=73.407519",26dae1f99b2b50fb17118f38d8a8e95dfac3357c
MiniMaxAI/MiniMax-M2.7,MiniMaxM2ForCausalLM,h100_sxm,sglang,0.5.14,PASS,,"python python/aisimulate/tools/support_matrix/generate_fpe_support_matrix.py --model ""MiniMaxAI/MiniMax-M2.7"" --system ""h100_sxm"" --backend ""sglang"" --backend-version ""0.5.14"" --forward-model op_level --max-workers 8",silicon,540,135,"BUILD_FAILED=56, PASS=164, SDK_UNREPRESENTABLE=320","decode_end=5894.330737, decode_start=23.055378, mixed=75.114062, prefill=73.407519",26dae1f99b2b50fb17118f38d8a8e95dfac3357c
MiniMaxAI/MiniMax-M2.7,MiniMaxM2ForCausalLM,h100_sxm,sglang,0.5.16,PASS,,"python python/aisimulate/tools/support_matrix/generate_fpe_support_matrix.py --model ""MiniMaxAI/MiniMax-M2.7"" --system ""h100_sxm"" --backend ""sglang"" --backend-version ""0.5.16"" --forward-model op_level --max-workers 8",silicon,540,135,"BUILD_FAILED=56, PASS=164, SDK_UNREPRESENTABLE=320","decode_end=5894.330737, decode_start=23.055378, mixed=75.114062, prefill=73.407519",26dae1f99b2b50fb17118f38d8a8e95dfac3357c
MiniMaxAI/MiniMax-M2.7,MiniMaxM2ForCausalLM,h100_sxm,sglang,0.5.6.post2,FAIL,"Strict-native op-level FPE probes: BUILD_FAILED=56, PERF_DATA_MISSING=164, SDK_UNREPRESENTABLE=320; raw probes=540; topologies=135; source_sha=26dae1f99b2b50fb17118f38d8a8e95dfac3357c. Representative failure: Invalid quantized MoE configuration: (moe_intermediate_size=1536 / moe_tp_size=16) % weight_block_size=128 != 0.","python python/aisimulate/tools/support_matrix/generate_fpe_support_matrix.py --model ""MiniMaxAI/MiniMax-M2.7"" --system ""h100_sxm"" --backend ""sglang"" --backend-version ""0.5.6.post2"" --forward-model op_level --max-workers 8",,540,135,"BUILD_FAILED=56, PERF_DATA_MISSING=164, SDK_UNREPRESENTABLE=320",,26dae1f99b2b50fb17118f38d8a8e95dfac3357c
MiniMaxAI/MiniMax-M2.7,MiniMaxM2ForCausalLM,h100_sxm,sglang,0.5.9,PASS,,"python python/aisimulate/tools/support_matrix/generate_fpe_support_matrix.py --model ""MiniMaxAI/MiniMax-M2.7"" --system ""h100_sxm"" --backend ""sglang"" --backend-version ""0.5.9"" --forward-model op_level --max-workers 8",silicon,540,135,"BUILD_FAILED=56, PASS=164, SDK_UNREPRESENTABLE=320","decode_end=5967.595266, decode_start=23.306487, mixed=72.313335, prefill=69.768555",26dae1f99b2b50fb17118f38d8a8e95dfac3357c
MiniMaxAI/MiniMax-M2.7,MiniMaxM2ForCausalLM,h100_sxm,trtllm,1.2.0rc5,PASS,,"python python/aisimulate/tools/support_matrix/generate_fpe_support_matrix.py --model ""MiniMaxAI/MiniMax-M2.7"" --system ""h100_sxm"" --backend ""trtllm"" --backend-version ""1.2.0rc5"" --forward-model op_level --max-workers 8",silicon,116,29,"BUILD_FAILED=24, PASS=92","decode_end=6269.427056, decode_start=24.548424, mixed=77.489312, prefill=73.780862",26dae1f99b2b50fb17118f38d8a8e95dfac3357c
MiniMaxAI/MiniMax-M2.7,MiniMaxM2ForCausalLM,h100_sxm,trtllm,1.3.0rc10,PASS,,"python python/aisimulate/tools/support_matrix/generate_fpe_support_matrix.py --model ""MiniMaxAI/MiniMax-M2.7"" --system ""h100_sxm"" --backend ""trtllm"" --backend-version ""1.3.0rc10"" --forward-model op_level --max-workers 8",silicon,116,29,"BUILD_FAILED=24, PASS=92","decode_end=6286.650946, decode_start=24.613397, mixed=76.086482, prefill=72.528824",26dae1f99b2b50fb17118f38d8a8e95dfac3357c
MiniMaxAI/MiniMax-M2.7,MiniMaxM2ForCausalLM,h100_sxm,trtllm,1.3.0rc15,PASS,,"python python/aisimulate/tools/support_matrix/generate_fpe_support_matrix.py --model ""MiniMaxAI/MiniMax-M2.7"" --system ""h100_sxm"" --backend ""trtllm"" --backend-version ""1.3.0rc15"" --forward-model op_level --max-workers 8",silicon,116,29,"BUILD_FAILED=24, PASS=92","decode_end=6286.650946, decode_start=24.613397, mixed=76.086482, prefill=72.528824",26dae1f99b2b50fb17118f38d8a8e95dfac3357c
MiniMaxAI/MiniMax-M2.7,MiniMaxM2ForCausalLM,h100_sxm,trtllm,1.3.0rc20,PASS,,"python python/aisimulate/tools/support_matrix/generate_fpe_support_matrix.py --model ""MiniMaxAI/MiniMax-M2.7"" --system ""h100_sxm"" --backend ""trtllm"" --backend-version ""1.3.0rc20"" --forward-model op_level --max-workers 8",silicon,116,29,"BUILD_FAILED=24, PASS=92","decode_end=5991.984420, decode_start=23.460100, mixed=74.904749, prefill=71.794307",26dae1f99b2b50fb17118f38d8a8e95dfac3357c
MiniMaxAI/MiniMax-M2.7,MiniMaxM2ForCausalLM,h100_sxm,trtllm,1.3.0rc23,PASS,,"python python/aisimulate/tools/support_matrix/generate_fpe_support_matrix.py --model ""MiniMaxAI/MiniMax-M2.7"" --system ""h100_sxm"" --backend ""trtllm"" --backend-version ""1.3.0rc23"" --forward-model op_level --max-workers 8",silicon,116,29,"BUILD_FAILED=24, PASS=92","decode_end=5991.984420, decode_start=23.460100, mixed=74.904749, prefill=71.794307",26dae1f99b2b50fb17118f38d8a8e95dfac3357c
MiniMaxAI/MiniMax-M2.7,MiniMaxM2ForCausalLM,h100_sxm,vllm,0.1.dev19262,FAIL,"Strict-native op-level FPE probes: BUILD_FAILED=36, PERF_DATA_MISSING=80; raw probes=116; topologies=29; source_sha=26dae1f99b2b50fb17118f38d8a8e95dfac3357c. Representative failure: Invalid quantized MoE configuration: (moe_intermediate_size=1536 / moe_tp_size=16) % weight_block_size=128 != 0.","python python/aisimulate/tools/support_matrix/generate_fpe_support_matrix.py --model ""MiniMaxAI/MiniMax-M2.7"" --system ""h100_sxm"" --backend ""vllm"" --backend-version ""0.1.dev19262"" --forward-model op_level --max-workers 8",,116,29,"BUILD_FAILED=36, PERF_DATA_MISSING=80",,26dae1f99b2b50fb17118f38d8a8e95dfac3357c
MiniMaxAI/MiniMax-M2.7,MiniMaxM2ForCausalLM,h100_sxm,vllm,0.14.0,PASS,,"python python/aisimulate/tools/support_matrix/generate_fpe_support_matrix.py --model ""MiniMaxAI/MiniMax-M2.7"" --system ""h100_sxm"" --backend ""vllm"" --backend-version ""0.14.0"" --forward-model op_level --max-workers 8",silicon,116,29,"BUILD_FAILED=36, PASS=80","decode_end=6748.370963, decode_start=26.436158, mixed=78.749906, prefill=76.800073",26dae1f99b2b50fb17118f38d8a8e95dfac3357c
MiniMaxAI/MiniMax-M2.7,MiniMaxM2ForCausalLM,h100_sxm,vllm,0.19.0,PASS,,"python python/aisimulate/tools/support_matrix/generate_fpe_support_matrix.py --model ""MiniMaxAI/MiniMax-M2.7"" --system ""h100_sxm"" --backend ""vllm"" --backend-version ""0.19.0"" --forward-model op_level --max-workers 8",silicon,116,29,"BUILD_FAILED=36, PASS=80","decode_end=6271.274969, decode_start=24.543110, mixed=75.112997, prefill=72.183534",26dae1f99b2b50fb17118f38d8a8e95dfac3357c
MiniMaxAI/MiniMax-M2.7,MiniMaxM2ForCausalLM,h100_sxm,vllm,0.22.0,PASS,,"python python/aisimulate/tools/support_matrix/generate_fpe_support_matrix.py --model ""MiniMaxAI/MiniMax-M2.7"" --system ""h100_sxm"" --backend ""vllm"" --backend-version ""0.22.0"" --forward-model op_level --max-workers 8",silicon,116,29,"BUILD_FAILED=36, PASS=80","decode_end=7490.947294, decode_start=29.336119, mixed=84.917599, prefill=83.026742",26dae1f99b2b50fb17118f38d8a8e95dfac3357c
MiniMaxAI/MiniMax-M2.7,MiniMaxM2ForCausalLM,h100_sxm,vllm,0.24.0,PASS,,"python python/aisimulate/tools/support_matrix/generate_fpe_support_matrix.py --model ""MiniMaxAI/MiniMax-M2.7"" --system ""h100_sxm"" --backend ""vllm"" --backend-version ""0.24.0"" --forward-model op_level --max-workers 8",silicon,116,29,"BUILD_FAILED=36, PASS=80","decode_end=7490.947294, decode_start=29.336119, mixed=84.917599, prefill=83.026742",26dae1f99b2b50fb17118f38d8a8e95dfac3357c
MiniMaxAI/MiniMax-M3,MiniMaxM3ForCausalLM,h100_sxm,sglang,0.5.10,FAIL,"Strict-native op-level FPE probes: PERF_DATA_MISSING=220; raw probes=220; topologies=55; source_sha=26dae1f99b2b50fb17118f38d8a8e95dfac3357c. Representative failure: perf database error: MoE data missing for MoeKey { quant: ""bfloat16"", distribution: ""power_law_1.01"", topk: 4, num_experts: 128, hidden_size: 6144, inter_size: 3072, moe_tp_size: 1, moe_ep_size: 1 } at <repo>/python/aisimulate/src/aiconfigurator_core/systems/data/h100_sxm/sglang/0.5.10","python python/aisimulate/tools/support_matrix/generate_fpe_support_matrix.py --model ""MiniMaxAI/MiniMax-M3"" --system ""h100_sxm"" --backend ""sglang"" --backend-version ""0.5.10"" --forward-model op_level --max-workers 8",,220,55,PERF_DATA_MISSING=220,,26dae1f99b2b50fb17118f38d8a8e95dfac3357c
MiniMaxAI/MiniMax-M3,MiniMaxM3ForCausalLM,h100_sxm,sglang,0.5.12,FAIL,Strict-native op-level FPE probes: PERF_DATA_MISSING=220; raw probes=220; topologies=55; source_sha=26dae1f99b2b50fb17118f38d8a8e95dfac3357c. Representative failure: perf database error: perf database error: perf database error: no DSA module rows loaded from 1 source(s) (first: <repo>/python/aisimulate/src/aiconfigurator_core/systems/data/h100_sxm/sglang/0.5.12/msa_context_module_perf.parquet),"python python/aisimulate/tools/support_matrix/generate_fpe_support_matrix.py --model ""MiniMaxAI/MiniMax-M3"" --system ""h100_sxm"" --backend ""sglang"" --backend-version ""0.5.12"" --forward-model op_level --max-workers 8",,220,55,PERF_DATA_MISSING=220,,26dae1f99b2b50fb17118f38d8a8e95dfac3357c
MiniMaxAI/MiniMax-M3,MiniMaxM3ForCausalLM,h100_sxm,sglang,0.5.14,FAIL,Strict-native op-level FPE probes: PERF_DATA_MISSING=220; raw probes=220; topologies=55; source_sha=26dae1f99b2b50fb17118f38d8a8e95dfac3357c. Representative failure: perf database error: perf database error: perf database error: no DSA module rows loaded from 1 source(s) (first: <repo>/python/aisimulate/src/aiconfigurator_core/systems/data/h100_sxm/sglang/0.5.14/msa_context_module_perf.parquet),"python python/aisimulate/tools/support_matrix/generate_fpe_support_matrix.py --model ""MiniMaxAI/MiniMax-M3"" --system ""h100_sxm"" --backend ""sglang"" --backend-version ""0.5.14"" --forward-model op_level --max-workers 8",,220,55,PERF_DATA_MISSING=220,,26dae1f99b2b50fb17118f38d8a8e95dfac3357c
MiniMaxAI/MiniMax-M3,MiniMaxM3ForCausalLM,h100_sxm,sglang,0.5.16,PASS,,"python python/aisimulate/tools/support_matrix/generate_fpe_support_matrix.py --model ""MiniMaxAI/MiniMax-M3"" --system ""h100_sxm"" --backend ""sglang"" --backend-version ""0.5.16"" --forward-model op_level --max-workers 8",silicon,220,55,PASS=220,"decode_end=21221.503180, decode_start=83.174516, mixed=325.359483, prefill=297.320729",26dae1f99b2b50fb17118f38d8a8e95dfac3357c
MiniMaxAI/MiniMax-M3,MiniMaxM3ForCausalLM,h100_sxm,sglang,0.5.6.post2,FAIL,"Strict-native op-level FPE probes: PERF_DATA_MISSING=220; raw probes=220; topologies=55; source_sha=26dae1f99b2b50fb17118f38d8a8e95dfac3357c. Representative failure: perf database error: MoE data missing for MoeKey { quant: ""bfloat16"", distribution: ""power_law_1.01"", topk: 4, num_experts: 128, hidden_size: 6144, inter_size: 3072, moe_tp_size: 1, moe_ep_size: 1 } at <repo>/python/aisimulate/src/aiconfigurator_core/systems/data/h100_sxm/sglang/0.5.6.post2","python python/aisimulate/tools/support_matrix/generate_fpe_support_matrix.py --model ""MiniMaxAI/MiniMax-M3"" --system ""h100_sxm"" --backend ""sglang"" --backend-version ""0.5.6.post2"" --forward-model op_level --max-workers 8",,220,55,PERF_DATA_MISSING=220,,26dae1f99b2b50fb17118f38d8a8e95dfac3357c
MiniMaxAI/MiniMax-M3,MiniMaxM3ForCausalLM,h100_sxm,sglang,0.5.9,FAIL,"Strict-native op-level FPE probes: PERF_DATA_MISSING=220; raw probes=220; topologies=55; source_sha=26dae1f99b2b50fb17118f38d8a8e95dfac3357c. Representative failure: perf database error: MoE data missing for MoeKey { quant: ""bfloat16"", distribution: ""power_law_1.01"", topk: 4, num_experts: 128, hidden_size: 6144, inter_size: 3072, moe_tp_size: 1, moe_ep_size: 1 } at <repo>/python/aisimulate/src/aiconfigurator_core/systems/data/h100_sxm/sglang/0.5.9","python python/aisimulate/tools/support_matrix/generate_fpe_support_matrix.py --model ""MiniMaxAI/MiniMax-M3"" --system ""h100_sxm"" --backend ""sglang"" --backend-version ""0.5.9"" --forward-model op_level --max-workers 8",,220,55,PERF_DATA_MISSING=220,,26dae1f99b2b50fb17118f38d8a8e95dfac3357c
MiniMaxAI/MiniMax-M3,MiniMaxM3ForCausalLM,h100_sxm,trtllm,1.2.0rc5,FAIL,"Strict-native op-level FPE probes: PERF_DATA_MISSING=116; raw probes=116; topologies=29; source_sha=26dae1f99b2b50fb17118f38d8a8e95dfac3357c. Representative failure: perf database error: MoE data missing for MoeKey { quant: ""bfloat16"", distribution: ""power_law_1.01"", topk: 4, num_experts: 128, hidden_size: 6144, inter_size: 3072, moe_tp_size: 1, moe_ep_size: 1 } at <repo>/python/aisimulate/src/aiconfigurator_core/systems/data/h100_sxm/trtllm/1.2.0rc5","python python/aisimulate/tools/support_matrix/generate_fpe_support_matrix.py --model ""MiniMaxAI/MiniMax-M3"" --system ""h100_sxm"" --backend ""trtllm"" --backend-version ""1.2.0rc5"" --forward-model op_level --max-workers 8",,116,29,PERF_DATA_MISSING=116,,26dae1f99b2b50fb17118f38d8a8e95dfac3357c
MiniMaxAI/MiniMax-M3,MiniMaxM3ForCausalLM,h100_sxm,trtllm,1.3.0rc10,FAIL,"Strict-native op-level FPE probes: PERF_DATA_MISSING=116; raw probes=116; topologies=29; source_sha=26dae1f99b2b50fb17118f38d8a8e95dfac3357c. Representative failure: perf database error: MoE data missing for MoeKey { quant: ""bfloat16"", distribution: ""power_law_1.01"", topk: 4, num_experts: 128, hidden_size: 6144, inter_size: 3072, moe_tp_size: 1, moe_ep_size: 1 } at <repo>/python/aisimulate/src/aiconfigurator_core/systems/data/h100_sxm/trtllm/1.3.0rc10","python python/aisimulate/tools/support_matrix/generate_fpe_support_matrix.py --model ""MiniMaxAI/MiniMax-M3"" --system ""h100_sxm"" --backend ""trtllm"" --backend-version ""1.3.0rc10"" --forward-model op_level --max-workers 8",,116,29,PERF_DATA_MISSING=116,,26dae1f99b2b50fb17118f38d8a8e95dfac3357c
MiniMaxAI/MiniMax-M3,MiniMaxM3ForCausalLM,h100_sxm,trtllm,1.3.0rc15,FAIL,"Strict-native op-level FPE probes: PERF_DATA_MISSING=116; raw probes=116; topologies=29; source_sha=26dae1f99b2b50fb17118f38d8a8e95dfac3357c. Representative failure: perf database error: MoE data missing for MoeKey { quant: ""bfloat16"", distribution: ""power_law_1.01"", topk: 4, num_experts: 128, hidden_size: 6144, inter_size: 3072, moe_tp_size: 1, moe_ep_size: 1 } at <repo>/python/aisimulate/src/aiconfigurator_core/systems/data/h100_sxm/trtllm/1.3.0rc15","python python/aisimulate/tools/support_matrix/generate_fpe_support_matrix.py --model ""MiniMaxAI/MiniMax-M3"" --system ""h100_sxm"" --backend ""trtllm"" --backend-version ""1.3.0rc15"" --forward-model op_level --max-workers 8",,116,29,PERF_DATA_MISSING=116,,26dae1f99b2b50fb17118f38d8a8e95dfac3357c
MiniMaxAI/MiniMax-M3,MiniMaxM3ForCausalLM,h100_sxm,trtllm,1.3.0rc20,FAIL,Strict-native op-level FPE probes: PERF_DATA_MISSING=116; raw probes=116; topologies=29; source_sha=26dae1f99b2b50fb17118f38d8a8e95dfac3357c. Representative failure: perf database error: perf database error: perf database error: no DSA module rows loaded from 1 source(s) (first: <repo>/python/aisimulate/src/aiconfigurator_core/systems/data/h100_sxm/trtllm/1.3.0rc20/msa_context_module_perf.parquet),"python python/aisimulate/tools/support_matrix/generate_fpe_support_matrix.py --model ""MiniMaxAI/MiniMax-M3"" --system ""h100_sxm"" --backend ""trtllm"" --backend-version ""1.3.0rc20"" --forward-model op_level --max-workers 8",,116,29,PERF_DATA_MISSING=116,,26dae1f99b2b50fb17118f38d8a8e95dfac3357c
MiniMaxAI/MiniMax-M3,MiniMaxM3ForCausalLM,h100_sxm,trtllm,1.3.0rc23,PASS,,"python python/aisimulate/tools/support_matrix/generate_fpe_support_matrix.py --model ""MiniMaxAI/MiniMax-M3"" --system ""h100_sxm"" --backend ""trtllm"" --backend-version ""1.3.0rc23"" --forward-model op_level --max-workers 8",silicon,116,29,PASS=116,"decode_end=24891.763492, decode_start=96.461673, mixed=305.676210, prefill=279.310093",26dae1f99b2b50fb17118f38d8a8e95dfac3357c
MiniMaxAI/MiniMax-M3,MiniMaxM3ForCausalLM,h100_sxm,vllm,0.1.dev19262,FAIL,Strict-native op-level FPE probes: PERF_DATA_MISSING=116; raw probes=116; topologies=29; source_sha=26dae1f99b2b50fb17118f38d8a8e95dfac3357c. Representative failure: perf database error: perf database error: no GEMM rows loaded from 1 source(s) (first: <repo>/python/aisimulate/src/aiconfigurator_core/systems/data/h100_sxm/vllm/0.1.dev19262/gemm_perf.parquet),"python python/aisimulate/tools/support_matrix/generate_fpe_support_matrix.py --model ""MiniMaxAI/MiniMax-M3"" --system ""h100_sxm"" --backend ""vllm"" --backend-version ""0.1.dev19262"" --forward-model op_level --max-workers 8",,116,29,PERF_DATA_MISSING=116,,26dae1f99b2b50fb17118f38d8a8e95dfac3357c
MiniMaxAI/MiniMax-M3,MiniMaxM3ForCausalLM,h100_sxm,vllm,0.14.0,FAIL,"Strict-native op-level FPE probes: PERF_DATA_MISSING=116; raw probes=116; topologies=29; source_sha=26dae1f99b2b50fb17118f38d8a8e95dfac3357c. Representative failure: perf database error: MoE data missing for MoeKey { quant: ""bfloat16"", distribution: ""power_law_1.01"", topk: 4, num_experts: 128, hidden_size: 6144, inter_size: 3072, moe_tp_size: 1, moe_ep_size: 1 } at <repo>/python/aisimulate/src/aiconfigurator_core/systems/data/h100_sxm/vllm/0.14.0","python python/aisimulate/tools/support_matrix/generate_fpe_support_matrix.py --model ""MiniMaxAI/MiniMax-M3"" --system ""h100_sxm"" --backend ""vllm"" --backend-version ""0.14.0"" --forward-model op_level --max-workers 8",,116,29,PERF_DATA_MISSING=116,,26dae1f99b2b50fb17118f38d8a8e95dfac3357c
MiniMaxAI/MiniMax-M3,MiniMaxM3ForCausalLM,h100_sxm,vllm,0.19.0,FAIL,"Strict-native op-level FPE probes: PERF_DATA_MISSING=116; raw probes=116; topologies=29; source_sha=26dae1f99b2b50fb17118f38d8a8e95dfac3357c. Representative failure: perf database error: MoE data missing for MoeKey { quant: ""bfloat16"", distribution: ""power_law_1.01"", topk: 4, num_experts: 128, hidden_size: 6144, inter_size: 3072, moe_tp_size: 1, moe_ep_size: 1 } at <repo>/python/aisimulate/src/aiconfigurator_core/systems/data/h100_sxm/vllm/0.19.0","python python/aisimulate/tools/support_matrix/generate_fpe_support_matrix.py --model ""MiniMaxAI/MiniMax-M3"" --system ""h100_sxm"" --backend ""vllm"" --backend-version ""0.19.0"" --forward-model op_level --max-workers 8",,116,29,PERF_DATA_MISSING=116,,26dae1f99b2b50fb17118f38d8a8e95dfac3357c
MiniMaxAI/MiniMax-M3,MiniMaxM3ForCausalLM,h100_sxm,vllm,0.22.0,FAIL,Strict-native op-level FPE probes: PERF_DATA_MISSING=116; raw probes=116; topologies=29; source_sha=26dae1f99b2b50fb17118f38d8a8e95dfac3357c. Representative failure: perf database error: perf database error: perf database error: no DSA module rows loaded from 1 source(s) (first: <repo>/python/aisimulate/src/aiconfigurator_core/systems/data/h100_sxm/vllm/0.22.0/msa_context_module_perf.parquet),"python python/aisimulate/tools/support_matrix/generate_fpe_support_matrix.py --model ""MiniMaxAI/MiniMax-M3"" --system ""h100_sxm"" --backend ""vllm"" --backend-version ""0.22.0"" --forward-model op_level --max-workers 8",,116,29,PERF_DATA_MISSING=116,,26dae1f99b2b50fb17118f38d8a8e95dfac3357c
MiniMaxAI/MiniMax-M3,MiniMaxM3ForCausalLM,h100_sxm,vllm,0.24.0,PASS,,"python python/aisimulate/tools/support_matrix/generate_fpe_support_matrix.py --model ""MiniMaxAI/MiniMax-M3"" --system ""h100_sxm"" --backend ""vllm"" --backend-version ""0.24.0"" --forward-model op_level --max-workers 8",silicon,116,29,PASS=116,"decode_end=19850.110288, decode_start=77.657926, mixed=251.903435, prefill=243.180553",26dae1f99b2b50fb17118f38d8a8e95dfac3357c
Qwen/Qwen3-0.6B,Qwen3ForCausalLM,h100_sxm,sglang,0.5.10,PASS,,"python python/aisimulate/tools/support_matrix/generate_fpe_support_matrix.py --model ""Qwen/Qwen3-0.6B"" --system ""h100_sxm"" --backend ""sglang"" --backend-version ""0.5.10"" --forward-model op_level --max-workers 8",silicon,24,6,"PASS=12, SDK_UNREPRESENTABLE=12","decode_end=374.690988, decode_start=1.444016, mixed=3.088652, prefill=2.602392",26dae1f99b2b50fb17118f38d8a8e95dfac3357c
Qwen/Qwen3-0.6B,Qwen3ForCausalLM,h100_sxm,sglang,0.5.12,PASS,,"python python/aisimulate/tools/support_matrix/generate_fpe_support_matrix.py --model ""Qwen/Qwen3-0.6B"" --system ""h100_sxm"" --backend ""sglang"" --backend-version ""0.5.12"" --forward-model op_level --max-workers 8",silicon,24,6,"PASS=12, SDK_UNREPRESENTABLE=12","decode_end=381.517727, decode_start=1.467190, mixed=3.061194, prefill=2.675399",26dae1f99b2b50fb17118f38d8a8e95dfac3357c
Qwen/Qwen3-0.6B,Qwen3ForCausalLM,h100_sxm,sglang,0.5.14,PASS,,"python python/aisimulate/tools/support_matrix/generate_fpe_support_matrix.py --model ""Qwen/Qwen3-0.6B"" --system ""h100_sxm"" --backend ""sglang"" --backend-version ""0.5.14"" --forward-model op_level --max-workers 8",silicon,24,6,"PASS=12, SDK_UNREPRESENTABLE=12","decode_end=381.517727, decode_start=1.467190, mixed=3.061194, prefill=2.675399",26dae1f99b2b50fb17118f38d8a8e95dfac3357c
Qwen/Qwen3-0.6B,Qwen3ForCausalLM,h100_sxm,sglang,0.5.16,PASS,,"python python/aisimulate/tools/support_matrix/generate_fpe_support_matrix.py --model ""Qwen/Qwen3-0.6B"" --system ""h100_sxm"" --backend ""sglang"" --backend-version ""0.5.16"" --forward-model op_level --max-workers 8",silicon,24,6,"PASS=12, SDK_UNREPRESENTABLE=12","decode_end=381.517727, decode_start=1.467190, mixed=3.061194, prefill=2.675399",26dae1f99b2b50fb17118f38d8a8e95dfac3357c
Qwen/Qwen3-0.6B,Qwen3ForCausalLM,h100_sxm,sglang,0.5.6.post2,PASS,,"python python/aisimulate/tools/support_matrix/generate_fpe_support_matrix.py --model ""Qwen/Qwen3-0.6B"" --system ""h100_sxm"" --backend ""sglang"" --backend-version ""0.5.6.post2"" --forward-model op_level --max-workers 8",silicon,24,6,"PASS=12, SDK_UNREPRESENTABLE=12","decode_end=423.915612, decode_start=1.623932, mixed=3.421700, prefill=2.720985",26dae1f99b2b50fb17118f38d8a8e95dfac3357c
Qwen/Qwen3-0.6B,Qwen3ForCausalLM,h100_sxm,sglang,0.5.9,PASS,,"python python/aisimulate/tools/support_matrix/generate_fpe_support_matrix.py --model ""Qwen/Qwen3-0.6B"" --system ""h100_sxm"" --backend ""sglang"" --backend-version ""0.5.9"" --forward-model op_level --max-workers 8",silicon,24,6,"PASS=12, SDK_UNREPRESENTABLE=12","decode_end=404.051360, decode_start=1.547672, mixed=3.142785, prefill=2.629607",26dae1f99b2b50fb17118f38d8a8e95dfac3357c
Qwen/Qwen3-0.6B,Qwen3ForCausalLM,h100_sxm,trtllm,1.2.0rc5,PASS,,"python python/aisimulate/tools/support_matrix/generate_fpe_support_matrix.py --model ""Qwen/Qwen3-0.6B"" --system ""h100_sxm"" --backend ""trtllm"" --backend-version ""1.2.0rc5"" --forward-model op_level --max-workers 8",silicon,12,3,PASS=12,"decode_end=391.373459, decode_start=1.461419, mixed=3.215716, prefill=2.694204",26dae1f99b2b50fb17118f38d8a8e95dfac3357c
Qwen/Qwen3-0.6B,Qwen3ForCausalLM,h100_sxm,trtllm,1.3.0rc10,PASS,,"python python/aisimulate/tools/support_matrix/generate_fpe_support_matrix.py --model ""Qwen/Qwen3-0.6B"" --system ""h100_sxm"" --backend ""trtllm"" --backend-version ""1.3.0rc10"" --forward-model op_level --max-workers 8",silicon,12,3,PASS=12,"decode_end=386.913245, decode_start=1.446733, mixed=3.192576, prefill=2.673207",26dae1f99b2b50fb17118f38d8a8e95dfac3357c
Qwen/Qwen3-0.6B,Qwen3ForCausalLM,h100_sxm,trtllm,1.3.0rc15,PASS,,"python python/aisimulate/tools/support_matrix/generate_fpe_support_matrix.py --model ""Qwen/Qwen3-0.6B"" --system ""h100_sxm"" --backend ""trtllm"" --backend-version ""1.3.0rc15"" --forward-model op_level --max-workers 8",silicon,12,3,PASS=12,"decode_end=386.913245, decode_start=1.446733, mixed=3.192576, prefill=2.673207",26dae1f99b2b50fb17118f38d8a8e95dfac3357c
Qwen/Qwen3-0.6B,Qwen3ForCausalLM,h100_sxm,trtllm,1.3.0rc20,PASS,,"python python/aisimulate/tools/support_matrix/generate_fpe_support_matrix.py --model ""Qwen/Qwen3-0.6B"" --system ""h100_sxm"" --backend ""trtllm"" --backend-version ""1.3.0rc20"" --forward-model op_level --max-workers 8",silicon,12,3,PASS=12,"decode_end=385.892166, decode_start=1.438595, mixed=3.180997, prefill=2.674875",26dae1f99b2b50fb17118f38d8a8e95dfac3357c
Qwen/Qwen3-0.6B,Qwen3ForCausalLM,h100_sxm,trtllm,1.3.0rc23,PASS,,"python python/aisimulate/tools/support_matrix/generate_fpe_support_matrix.py --model ""Qwen/Qwen3-0.6B"" --system ""h100_sxm"" --backend ""trtllm"" --backend-version ""1.3.0rc23"" --forward-model op_level --max-workers 8",silicon,12,3,PASS=12,"decode_end=385.892166, decode_start=1.438595, mixed=3.180997, prefill=2.674875",26dae1f99b2b50fb17118f38d8a8e95dfac3357c
Qwen/Qwen3-0.6B,Qwen3ForCausalLM,h100_sxm,vllm,0.1.dev19262,FAIL,Strict-native op-level FPE probes: PERF_DATA_MISSING=12; raw probes=12; topologies=3; source_sha=26dae1f99b2b50fb17118f38d8a8e95dfac3357c. Representative failure: perf database error: perf database error: no GEMM rows loaded from 1 source(s) (first: <repo>/python/aisimulate/src/aiconfigurator_core/systems/data/h100_sxm/vllm/0.1.dev19262/gemm_perf.parquet),"python python/aisimulate/tools/support_matrix/generate_fpe_support_matrix.py --model ""Qwen/Qwen3-0.6B"" --system ""h100_sxm"" --backend ""vllm"" --backend-version ""0.1.dev19262"" --forward-model op_level --max-workers 8",,12,3,PERF_DATA_MISSING=12,,26dae1f99b2b50fb17118f38d8a8e95dfac3357c
Qwen/Qwen3-0.6B,Qwen3ForCausalLM,h100_sxm,vllm,0.14.0,PASS,,"python python/aisimulate/tools/support_matrix/generate_fpe_support_matrix.py --model ""Qwen/Qwen3-0.6B"" --system ""h100_sxm"" --backend ""vllm"" --backend-version ""0.14.0"" --forward-model op_level --max-workers 8",silicon,12,3,PASS=12,"decode_end=385.970259, decode_start=1.495199, mixed=3.052668, prefill=2.630991",26dae1f99b2b50fb17118f38d8a8e95dfac3357c
Qwen/Qwen3-0.6B,Qwen3ForCausalLM,h100_sxm,vllm,0.19.0,PASS,,"python python/aisimulate/tools/support_matrix/generate_fpe_support_matrix.py --model ""Qwen/Qwen3-0.6B"" --system ""h100_sxm"" --backend ""vllm"" --backend-version ""0.19.0"" --forward-model op_level --max-workers 8",silicon,12,3,PASS=12,"decode_end=372.877839, decode_start=1.449339, mixed=2.997039, prefill=2.602275",26dae1f99b2b50fb17118f38d8a8e95dfac3357c
Qwen/Qwen3-0.6B,Qwen3ForCausalLM,h100_sxm,vllm,0.22.0,PASS,,"python python/aisimulate/tools/support_matrix/generate_fpe_support_matrix.py --model ""Qwen/Qwen3-0.6B"" --system ""h100_sxm"" --backend ""vllm"" --backend-version ""0.22.0"" --forward-model op_level --max-workers 8",silicon,12,3,PASS=12,"decode_end=382.904181, decode_start=1.491046, mixed=3.116497, prefill=2.655117",26dae1f99b2b50fb17118f38d8a8e95dfac3357c
Qwen/Qwen3-0.6B,Qwen3ForCausalLM,h100_sxm,vllm,0.24.0,PASS,,"python python/aisimulate/tools/support_matrix/generate_fpe_support_matrix.py --model ""Qwen/Qwen3-0.6B"" --system ""h100_sxm"" --backend ""vllm"" --backend-version ""0.24.0"" --forward-model op_level --max-workers 8",silicon,12,3,PASS=12,"decode_end=382.904181, decode_start=1.491046, mixed=3.116497, prefill=2.655117",26dae1f99b2b50fb17118f38d8a8e95dfac3357c
Qwen/Qwen3-1.7B,Qwen3ForCausalLM,h100_sxm,sglang,0.5.10,PASS,,"python python/aisimulate/tools/support_matrix/generate_fpe_support_matrix.py --model ""Qwen/Qwen3-1.7B"" --system ""h100_sxm"" --backend ""sglang"" --backend-version ""0.5.10"" --forward-model op_level --max-workers 8",silicon,24,6,"PASS=12, SDK_UNREPRESENTABLE=12","decode_end=578.220468, decode_start=2.242171, mixed=3.998042, prefill=3.526565",26dae1f99b2b50fb17118f38d8a8e95dfac3357c
Qwen/Qwen3-1.7B,Qwen3ForCausalLM,h100_sxm,sglang,0.5.12,PASS,,"python python/aisimulate/tools/support_matrix/generate_fpe_support_matrix.py --model ""Qwen/Qwen3-1.7B"" --system ""h100_sxm"" --backend ""sglang"" --backend-version ""0.5.12"" --forward-model op_level --max-workers 8",silicon,24,6,"PASS=12, SDK_UNREPRESENTABLE=12","decode_end=590.187959, decode_start=2.285505, mixed=4.030460, prefill=3.560515",26dae1f99b2b50fb17118f38d8a8e95dfac3357c
Qwen/Qwen3-1.7B,Qwen3ForCausalLM,h100_sxm,sglang,0.5.14,PASS,,"python python/aisimulate/tools/support_matrix/generate_fpe_support_matrix.py --model ""Qwen/Qwen3-1.7B"" --system ""h100_sxm"" --backend ""sglang"" --backend-version ""0.5.14"" --forward-model op_level --max-workers 8",silicon,24,6,"PASS=12, SDK_UNREPRESENTABLE=12","decode_end=590.187959, decode_start=2.285505, mixed=4.030460, prefill=3.560515",26dae1f99b2b50fb17118f38d8a8e95dfac3357c
Qwen/Qwen3-1.7B,Qwen3ForCausalLM,h100_sxm,sglang,0.5.16,PASS,,"python python/aisimulate/tools/support_matrix/generate_fpe_support_matrix.py --model ""Qwen/Qwen3-1.7B"" --system ""h100_sxm"" --backend ""sglang"" --backend-version ""0.5.16"" --forward-model op_level --max-workers 8",silicon,24,6,"PASS=12, SDK_UNREPRESENTABLE=12","decode_end=590.187959, decode_start=2.285505, mixed=4.030460, prefill=3.560515",26dae1f99b2b50fb17118f38d8a8e95dfac3357c
Qwen/Qwen3-1.7B,Qwen3ForCausalLM,h100_sxm,sglang,0.5.6.post2,PASS,,"python python/aisimulate/tools/support_matrix/generate_fpe_support_matrix.py --model ""Qwen/Qwen3-1.7B"" --system ""h100_sxm"" --backend ""sglang"" --backend-version ""0.5.6.post2"" --forward-model op_level --max-workers 8",silicon,24,6,"PASS=12, SDK_UNREPRESENTABLE=12","decode_end=588.885552, decode_start=2.270873, mixed=4.374002, prefill=3.657185",26dae1f99b2b50fb17118f38d8a8e95dfac3357c
Qwen/Qwen3-1.7B,Qwen3ForCausalLM,h100_sxm,sglang,0.5.9,PASS,,"python python/aisimulate/tools/support_matrix/generate_fpe_support_matrix.py --model ""Qwen/Qwen3-1.7B"" --system ""h100_sxm"" --backend ""sglang"" --backend-version ""0.5.9"" --forward-model op_level --max-workers 8",silicon,24,6,"PASS=12, SDK_UNREPRESENTABLE=12","decode_end=595.003855, decode_start=2.296505, mixed=4.081049, prefill=3.539655",26dae1f99b2b50fb17118f38d8a8e95dfac3357c
Qwen/Qwen3-1.7B,Qwen3ForCausalLM,h100_sxm,trtllm,1.2.0rc5,PASS,,"python python/aisimulate/tools/support_matrix/generate_fpe_support_matrix.py --model ""Qwen/Qwen3-1.7B"" --system ""h100_sxm"" --backend ""trtllm"" --backend-version ""1.2.0rc5"" --forward-model op_level --max-workers 8",silicon,12,3,PASS=12,"decode_end=586.780398, decode_start=2.227721, mixed=4.195845, prefill=3.620007",26dae1f99b2b50fb17118f38d8a8e95dfac3357c
Qwen/Qwen3-1.7B,Qwen3ForCausalLM,h100_sxm,trtllm,1.3.0rc10,PASS,,"python python/aisimulate/tools/support_matrix/generate_fpe_support_matrix.py --model ""Qwen/Qwen3-1.7B"" --system ""h100_sxm"" --backend ""trtllm"" --backend-version ""1.3.0rc10"" --forward-model op_level --max-workers 8",silicon,12,3,PASS=12,"decode_end=590.224075, decode_start=2.244031, mixed=4.151268, prefill=3.623810",26dae1f99b2b50fb17118f38d8a8e95dfac3357c
Qwen/Qwen3-1.7B,Qwen3ForCausalLM,h100_sxm,trtllm,1.3.0rc15,PASS,,"python python/aisimulate/tools/support_matrix/generate_fpe_support_matrix.py --model ""Qwen/Qwen3-1.7B"" --system ""h100_sxm"" --backend ""trtllm"" --backend-version ""1.3.0rc15"" --forward-model op_level --max-workers 8",silicon,12,3,PASS=12,"decode_end=590.224075, decode_start=2.244031, mixed=4.151268, prefill=3.623810",26dae1f99b2b50fb17118f38d8a8e95dfac3357c
Qwen/Qwen3-1.7B,Qwen3ForCausalLM,h100_sxm,trtllm,1.3.0rc20,PASS,,"python python/aisimulate/tools/support_matrix/generate_fpe_support_matrix.py --model ""Qwen/Qwen3-1.7B"" --system ""h100_sxm"" --backend ""trtllm"" --backend-version ""1.3.0rc20"" --forward-model op_level --max-workers 8",silicon,12,3,PASS=12,"decode_end=591.153401, decode_start=2.243541, mixed=4.170325, prefill=3.592924",26dae1f99b2b50fb17118f38d8a8e95dfac3357c
Qwen/Qwen3-1.7B,Qwen3ForCausalLM,h100_sxm,trtllm,1.3.0rc23,PASS,,"python python/aisimulate/tools/support_matrix/generate_fpe_support_matrix.py --model ""Qwen/Qwen3-1.7B"" --system ""h100_sxm"" --backend ""trtllm"" --backend-version ""1.3.0rc23"" --forward-model op_level --max-workers 8",silicon,12,3,PASS=12,"decode_end=591.153401, decode_start=2.243541, mixed=4.170325, prefill=3.592924",26dae1f99b2b50fb17118f38d8a8e95dfac3357c
Qwen/Qwen3-1.7B,Qwen3ForCausalLM,h100_sxm,vllm,0.1.dev19262,FAIL,Strict-native op-level FPE probes: PERF_DATA_MISSING=12; raw probes=12; topologies=3; source_sha=26dae1f99b2b50fb17118f38d8a8e95dfac3357c. Representative failure: perf database error: perf database error: no GEMM rows loaded from 1 source(s) (first: <repo>/python/aisimulate/src/aiconfigurator_core/systems/data/h100_sxm/vllm/0.1.dev19262/gemm_perf.parquet),"python python/aisimulate/tools/support_matrix/generate_fpe_support_matrix.py --model ""Qwen/Qwen3-1.7B"" --system ""h100_sxm"" --backend ""vllm"" --backend-version ""0.1.dev19262"" --forward-model op_level --max-workers 8",,12,3,PERF_DATA_MISSING=12,,26dae1f99b2b50fb17118f38d8a8e95dfac3357c
Qwen/Qwen3-1.7B,Qwen3ForCausalLM,h100_sxm,vllm,0.14.0,PASS,,"python python/aisimulate/tools/support_matrix/generate_fpe_support_matrix.py --model ""Qwen/Qwen3-1.7B"" --system ""h100_sxm"" --backend ""vllm"" --backend-version ""0.14.0"" --forward-model op_level --max-workers 8",silicon,12,3,PASS=12,"decode_end=593.222226, decode_start=2.307952, mixed=3.941759, prefill=3.495364",26dae1f99b2b50fb17118f38d8a8e95dfac3357c
Qwen/Qwen3-1.7B,Qwen3ForCausalLM,h100_sxm,vllm,0.19.0,PASS,,"python python/aisimulate/tools/support_matrix/generate_fpe_support_matrix.py --model ""Qwen/Qwen3-1.7B"" --system ""h100_sxm"" --backend ""vllm"" --backend-version ""0.19.0"" --forward-model op_level --max-workers 8",silicon,12,3,PASS=12,"decode_end=562.266848, decode_start=2.192041, mixed=3.956031, prefill=3.485734",26dae1f99b2b50fb17118f38d8a8e95dfac3357c
Qwen/Qwen3-1.7B,Qwen3ForCausalLM,h100_sxm,vllm,0.22.0,PASS,,"python python/aisimulate/tools/support_matrix/generate_fpe_support_matrix.py --model ""Qwen/Qwen3-1.7B"" --system ""h100_sxm"" --backend ""vllm"" --backend-version ""0.22.0"" --forward-model op_level --max-workers 8",silicon,12,3,PASS=12,"decode_end=568.236234, decode_start=2.217838, mixed=3.989510, prefill=3.530060",26dae1f99b2b50fb17118f38d8a8e95dfac3357c
Qwen/Qwen3-1.7B,Qwen3ForCausalLM,h100_sxm,vllm,0.24.0,PASS,,"python python/aisimulate/tools/support_matrix/generate_fpe_support_matrix.py --model ""Qwen/Qwen3-1.7B"" --system ""h100_sxm"" --backend ""vllm"" --backend-version ""0.24.0"" --forward-model op_level --max-workers 8",silicon,12,3,PASS=12,"decode_end=568.236234, decode_start=2.217838, mixed=3.989510, prefill=3.530060",26dae1f99b2b50fb17118f38d8a8e95dfac3357c
Qwen/Qwen3-235B-A22B,Qwen3MoeForCausalLM,h100_sxm,sglang,0.5.10,PASS,,"python python/aisimulate/tools/support_matrix/generate_fpe_support_matrix.py --model ""Qwen/Qwen3-235B-A22B"" --system ""h100_sxm"" --backend ""sglang"" --backend-version ""0.5.10"" --forward-model op_level --max-workers 8",silicon,540,135,"PASS=220, SDK_UNREPRESENTABLE=320","decode_end=16333.773024, decode_start=63.965457, mixed=186.742771, prefill=172.131790",26dae1f99b2b50fb17118f38d8a8e95dfac3357c
Qwen/Qwen3-235B-A22B,Qwen3MoeForCausalLM,h100_sxm,sglang,0.5.12,PASS,,"python python/aisimulate/tools/support_matrix/generate_fpe_support_matrix.py --model ""Qwen/Qwen3-235B-A22B"" --system ""h100_sxm"" --backend ""sglang"" --backend-version ""0.5.12"" --forward-model op_level --max-workers 8",silicon,540,135,"PASS=220, SDK_UNREPRESENTABLE=320","decode_end=15697.028691, decode_start=61.477989, mixed=184.001715, prefill=169.375698",26dae1f99b2b50fb17118f38d8a8e95dfac3357c
Qwen/Qwen3-235B-A22B,Qwen3MoeForCausalLM,h100_sxm,sglang,0.5.14,PASS,,"python python/aisimulate/tools/support_matrix/generate_fpe_support_matrix.py --model ""Qwen/Qwen3-235B-A22B"" --system ""h100_sxm"" --backend ""sglang"" --backend-version ""0.5.14"" --forward-model op_level --max-workers 8",silicon,540,135,"PASS=220, SDK_UNREPRESENTABLE=320","decode_end=15697.028691, decode_start=61.477989, mixed=184.001715, prefill=169.375698",26dae1f99b2b50fb17118f38d8a8e95dfac3357c
Qwen/Qwen3-235B-A22B,Qwen3MoeForCausalLM,h100_sxm,sglang,0.5.16,PASS,,"python python/aisimulate/tools/support_matrix/generate_fpe_support_matrix.py --model ""Qwen/Qwen3-235B-A22B"" --system ""h100_sxm"" --backend ""sglang"" --backend-version ""0.5.16"" --forward-model op_level --max-workers 8",silicon,540,135,"PASS=220, SDK_UNREPRESENTABLE=320","decode_end=15697.028691, decode_start=61.477989, mixed=184.001715, prefill=169.375698",26dae1f99b2b50fb17118f38d8a8e95dfac3357c
Qwen/Qwen3-235B-A22B,Qwen3MoeForCausalLM,h100_sxm,sglang,0.5.6.post2,PASS,,"python python/aisimulate/tools/support_matrix/generate_fpe_support_matrix.py --model ""Qwen/Qwen3-235B-A22B"" --system ""h100_sxm"" --backend ""sglang"" --backend-version ""0.5.6.post2"" --forward-model op_level --max-workers 8",silicon,540,135,"PASS=60, PERF_DATA_MISSING=160, SDK_UNREPRESENTABLE=320","decode_end=178445.780556, decode_start=699.668029, mixed=1720.320560, prefill=1583.498862",26dae1f99b2b50fb17118f38d8a8e95dfac3357c
Qwen/Qwen3-235B-A22B,Qwen3MoeForCausalLM,h100_sxm,sglang,0.5.9,PASS,,"python python/aisimulate/tools/support_matrix/generate_fpe_support_matrix.py --model ""Qwen/Qwen3-235B-A22B"" --system ""h100_sxm"" --backend ""sglang"" --backend-version ""0.5.9"" --forward-model op_level --max-workers 8",silicon,540,135,"PASS=220, SDK_UNREPRESENTABLE=320","decode_end=16251.379792, decode_start=63.618284, mixed=181.746245, prefill=166.695972",26dae1f99b2b50fb17118f38d8a8e95dfac3357c
Qwen/Qwen3-235B-A22B,Qwen3MoeForCausalLM,h100_sxm,trtllm,1.2.0rc5,PASS,,"python python/aisimulate/tools/support_matrix/generate_fpe_support_matrix.py --model ""Qwen/Qwen3-235B-A22B"" --system ""h100_sxm"" --backend ""trtllm"" --backend-version ""1.2.0rc5"" --forward-model op_level --max-workers 8",silicon,116,29,PASS=116,"decode_end=16053.116521, decode_start=62.965847, mixed=166.516285, prefill=164.416657",26dae1f99b2b50fb17118f38d8a8e95dfac3357c
Qwen/Qwen3-235B-A22B,Qwen3MoeForCausalLM,h100_sxm,trtllm,1.3.0rc10,PASS,,"python python/aisimulate/tools/support_matrix/generate_fpe_support_matrix.py --model ""Qwen/Qwen3-235B-A22B"" --system ""h100_sxm"" --backend ""trtllm"" --backend-version ""1.3.0rc10"" --forward-model op_level --max-workers 8",silicon,116,29,PASS=116,"decode_end=15227.572503, decode_start=59.718933, mixed=166.101375, prefill=164.453811",26dae1f99b2b50fb17118f38d8a8e95dfac3357c
Qwen/Qwen3-235B-A22B,Qwen3MoeForCausalLM,h100_sxm,trtllm,1.3.0rc15,PASS,,"python python/aisimulate/tools/support_matrix/generate_fpe_support_matrix.py --model ""Qwen/Qwen3-235B-A22B"" --system ""h100_sxm"" --backend ""trtllm"" --backend-version ""1.3.0rc15"" --forward-model op_level --max-workers 8",silicon,116,29,PASS=116,"decode_end=15227.572503, decode_start=59.718933, mixed=166.101375, prefill=164.453811",26dae1f99b2b50fb17118f38d8a8e95dfac3357c
Qwen/Qwen3-235B-A22B,Qwen3MoeForCausalLM,h100_sxm,trtllm,1.3.0rc20,PASS,,"python python/aisimulate/tools/support_matrix/generate_fpe_support_matrix.py --model ""Qwen/Qwen3-235B-A22B"" --system ""h100_sxm"" --backend ""trtllm"" --backend-version ""1.3.0rc20"" --forward-model op_level --max-workers 8",silicon,116,29,PASS=116,"decode_end=15359.492093, decode_start=60.250415, mixed=163.514411, prefill=161.165006",26dae1f99b2b50fb17118f38d8a8e95dfac3357c
Qwen/Qwen3-235B-A22B,Qwen3MoeForCausalLM,h100_sxm,trtllm,1.3.0rc23,PASS,,"python python/aisimulate/tools/support_matrix/generate_fpe_support_matrix.py --model ""Qwen/Qwen3-235B-A22B"" --system ""h100_sxm"" --backend ""trtllm"" --backend-version ""1.3.0rc23"" --forward-model op_level --max-workers 8",silicon,116,29,PASS=116,"decode_end=15359.492093, decode_start=60.250415, mixed=163.514411, prefill=161.165006",26dae1f99b2b50fb17118f38d8a8e95dfac3357c
Qwen/Qwen3-235B-A22B,Qwen3MoeForCausalLM,h100_sxm,vllm,0.1.dev19262,FAIL,Strict-native op-level FPE probes: PERF_DATA_MISSING=116; raw probes=116; topologies=29; source_sha=26dae1f99b2b50fb17118f38d8a8e95dfac3357c. Representative failure: perf database error: perf database error: no GEMM rows loaded from 1 source(s) (first: <repo>/python/aisimulate/src/aiconfigurator_core/systems/data/h100_sxm/vllm/0.1.dev19262/gemm_perf.parquet),"python python/aisimulate/tools/support_matrix/generate_fpe_support_matrix.py --model ""Qwen/Qwen3-235B-A22B"" --system ""h100_sxm"" --backend ""vllm"" --backend-version ""0.1.dev19262"" --forward-model op_level --max-workers 8",,116,29,PERF_DATA_MISSING=116,,26dae1f99b2b50fb17118f38d8a8e95dfac3357c
Qwen/Qwen3-235B-A22B,Qwen3MoeForCausalLM,h100_sxm,vllm,0.14.0,PASS,,"python python/aisimulate/tools/support_matrix/generate_fpe_support_matrix.py --model ""Qwen/Qwen3-235B-A22B"" --system ""h100_sxm"" --backend ""vllm"" --backend-version ""0.14.0"" --forward-model op_level --max-workers 8",silicon,116,29,PASS=116,"decode_end=15814.020882, decode_start=61.968328, mixed=182.100432, prefill=168.047433",26dae1f99b2b50fb17118f38d8a8e95dfac3357c
Qwen/Qwen3-235B-A22B,Qwen3MoeForCausalLM,h100_sxm,vllm,0.19.0,PASS,,"python python/aisimulate/tools/support_matrix/generate_fpe_support_matrix.py --model ""Qwen/Qwen3-235B-A22B"" --system ""h100_sxm"" --backend ""vllm"" --backend-version ""0.19.0"" --forward-model op_level --max-workers 8",silicon,116,29,PASS=116,"decode_end=16175.585763, decode_start=63.371356, mixed=170.505119, prefill=168.762287",26dae1f99b2b50fb17118f38d8a8e95dfac3357c
Qwen/Qwen3-235B-A22B,Qwen3MoeForCausalLM,h100_sxm,vllm,0.22.0,PASS,,"python python/aisimulate/tools/support_matrix/generate_fpe_support_matrix.py --model ""Qwen/Qwen3-235B-A22B"" --system ""h100_sxm"" --backend ""vllm"" --backend-version ""0.22.0"" --forward-model op_level --max-workers 8",silicon,116,29,PASS=116,"decode_end=15462.210332, decode_start=60.555773, mixed=170.077265, prefill=167.855134",26dae1f99b2b50fb17118f38d8a8e95dfac3357c
Qwen/Qwen3-235B-A22B,Qwen3MoeForCausalLM,h100_sxm,vllm,0.24.0,PASS,,"python python/aisimulate/tools/support_matrix/generate_fpe_support_matrix.py --model ""Qwen/Qwen3-235B-A22B"" --system ""h100_sxm"" --backend ""vllm"" --backend-version ""0.24.0"" --forward-model op_level --max-workers 8",silicon,116,29,PASS=116,"decode_end=15462.210332, decode_start=60.555773, mixed=170.077265, prefill=167.855134",26dae1f99b2b50fb17118f38d8a8e95dfac3357c
Qwen/Qwen3-235B-A22B-FP8,Qwen3MoeForCausalLM,h100_sxm,sglang,0.5.10,PASS,,"python python/aisimulate/tools/support_matrix/generate_fpe_support_matrix.py --model ""Qwen/Qwen3-235B-A22B-FP8"" --system ""h100_sxm"" --backend ""sglang"" --backend-version ""0.5.10"" --forward-model op_level --max-workers 8",silicon,540,135,"BUILD_FAILED=56, PASS=164, SDK_UNREPRESENTABLE=320","decode_end=9577.431775, decode_start=37.461167, mixed=94.086830, prefill=91.415010",26dae1f99b2b50fb17118f38d8a8e95dfac3357c
Qwen/Qwen3-235B-A22B-FP8,Qwen3MoeForCausalLM,h100_sxm,sglang,0.5.12,PASS,,"python python/aisimulate/tools/support_matrix/generate_fpe_support_matrix.py --model ""Qwen/Qwen3-235B-A22B-FP8"" --system ""h100_sxm"" --backend ""sglang"" --backend-version ""0.5.12"" --forward-model op_level --max-workers 8",silicon,540,135,"BUILD_FAILED=56, PASS=164, SDK_UNREPRESENTABLE=320","decode_end=8564.351415, decode_start=33.536928, mixed=92.549085, prefill=88.932973",26dae1f99b2b50fb17118f38d8a8e95dfac3357c
Qwen/Qwen3-235B-A22B-FP8,Qwen3MoeForCausalLM,h100_sxm,sglang,0.5.14,PASS,,"python python/aisimulate/tools/support_matrix/generate_fpe_support_matrix.py --model ""Qwen/Qwen3-235B-A22B-FP8"" --system ""h100_sxm"" --backend ""sglang"" --backend-version ""0.5.14"" --forward-model op_level --max-workers 8",silicon,540,135,"BUILD_FAILED=56, PASS=164, SDK_UNREPRESENTABLE=320","decode_end=8564.351415, decode_start=33.536928, mixed=92.549085, prefill=88.932973",26dae1f99b2b50fb17118f38d8a8e95dfac3357c
Qwen/Qwen3-235B-A22B-FP8,Qwen3MoeForCausalLM,h100_sxm,sglang,0.5.16,PASS,,"python python/aisimulate/tools/support_matrix/generate_fpe_support_matrix.py --model ""Qwen/Qwen3-235B-A22B-FP8"" --system ""h100_sxm"" --backend ""sglang"" --backend-version ""0.5.16"" --forward-model op_level --max-workers 8",silicon,540,135,"BUILD_FAILED=56, PASS=164, SDK_UNREPRESENTABLE=320","decode_end=8564.351415, decode_start=33.536928, mixed=92.549085, prefill=88.932973",26dae1f99b2b50fb17118f38d8a8e95dfac3357c
Qwen/Qwen3-235B-A22B-FP8,Qwen3MoeForCausalLM,h100_sxm,sglang,0.5.6.post2,PASS,,"python python/aisimulate/tools/support_matrix/generate_fpe_support_matrix.py --model ""Qwen/Qwen3-235B-A22B-FP8"" --system ""h100_sxm"" --backend ""sglang"" --backend-version ""0.5.6.post2"" --forward-model op_level --max-workers 8",silicon,540,135,"BUILD_FAILED=56, PASS=24, PERF_DATA_MISSING=140, SDK_UNREPRESENTABLE=320","decode_end=89579.088470, decode_start=351.137222, mixed=831.638450, prefill=820.603707",26dae1f99b2b50fb17118f38d8a8e95dfac3357c
Qwen/Qwen3-235B-A22B-FP8,Qwen3MoeForCausalLM,h100_sxm,sglang,0.5.9,PASS,,"python python/aisimulate/tools/support_matrix/generate_fpe_support_matrix.py --model ""Qwen/Qwen3-235B-A22B-FP8"" --system ""h100_sxm"" --backend ""sglang"" --backend-version ""0.5.9"" --forward-model op_level --max-workers 8",silicon,540,135,"BUILD_FAILED=56, PASS=164, SDK_UNREPRESENTABLE=320","decode_end=9254.753873, decode_start=36.137254, mixed=91.605457, prefill=87.506868",26dae1f99b2b50fb17118f38d8a8e95dfac3357c
Qwen/Qwen3-235B-A22B-FP8,Qwen3MoeForCausalLM,h100_sxm,trtllm,1.2.0rc5,PASS,,"python python/aisimulate/tools/support_matrix/generate_fpe_support_matrix.py --model ""Qwen/Qwen3-235B-A22B-FP8"" --system ""h100_sxm"" --backend ""trtllm"" --backend-version ""1.2.0rc5"" --forward-model op_level --max-workers 8",silicon,116,29,"BUILD_FAILED=24, PASS=92","decode_end=8837.627193, decode_start=34.625080, mixed=100.529121, prefill=94.679901",26dae1f99b2b50fb17118f38d8a8e95dfac3357c
Qwen/Qwen3-235B-A22B-FP8,Qwen3MoeForCausalLM,h100_sxm,trtllm,1.3.0rc10,PASS,,"python python/aisimulate/tools/support_matrix/generate_fpe_support_matrix.py --model ""Qwen/Qwen3-235B-A22B-FP8"" --system ""h100_sxm"" --backend ""trtllm"" --backend-version ""1.3.0rc10"" --forward-model op_level --max-workers 8",silicon,116,29,"BUILD_FAILED=24, PASS=92","decode_end=8835.017340, decode_start=34.623730, mixed=101.025823, prefill=95.371839",26dae1f99b2b50fb17118f38d8a8e95dfac3357c
Qwen/Qwen3-235B-A22B-FP8,Qwen3MoeForCausalLM,h100_sxm,trtllm,1.3.0rc15,PASS,,"python python/aisimulate/tools/support_matrix/generate_fpe_support_matrix.py --model ""Qwen/Qwen3-235B-A22B-FP8"" --system ""h100_sxm"" --backend ""trtllm"" --backend-version ""1.3.0rc15"" --forward-model op_level --max-workers 8",silicon,116,29,"BUILD_FAILED=24, PASS=92","decode_end=8835.017340, decode_start=34.623730, mixed=101.025823, prefill=95.371839",26dae1f99b2b50fb17118f38d8a8e95dfac3357c
Qwen/Qwen3-235B-A22B-FP8,Qwen3MoeForCausalLM,h100_sxm,trtllm,1.3.0rc20,PASS,,"python python/aisimulate/tools/support_matrix/generate_fpe_support_matrix.py --model ""Qwen/Qwen3-235B-A22B-FP8"" --system ""h100_sxm"" --backend ""trtllm"" --backend-version ""1.3.0rc20"" --forward-model op_level --max-workers 8",silicon,116,29,"BUILD_FAILED=24, PASS=92","decode_end=8969.577147, decode_start=35.153076, mixed=102.706767, prefill=97.155631",26dae1f99b2b50fb17118f38d8a8e95dfac3357c
Qwen/Qwen3-235B-A22B-FP8,Qwen3MoeForCausalLM,h100_sxm,trtllm,1.3.0rc23,PASS,,"python python/aisimulate/tools/support_matrix/generate_fpe_support_matrix.py --model ""Qwen/Qwen3-235B-A22B-FP8"" --system ""h100_sxm"" --backend ""trtllm"" --backend-version ""1.3.0rc23"" --forward-model op_level --max-workers 8",silicon,116,29,"BUILD_FAILED=24, PASS=92","decode_end=8969.577147, decode_start=35.153076, mixed=102.706767, prefill=97.155631",26dae1f99b2b50fb17118f38d8a8e95dfac3357c
Qwen/Qwen3-235B-A22B-FP8,Qwen3MoeForCausalLM,h100_sxm,vllm,0.1.dev19262,FAIL,"Strict-native op-level FPE probes: BUILD_FAILED=36, PERF_DATA_MISSING=80; raw probes=116; topologies=29; source_sha=26dae1f99b2b50fb17118f38d8a8e95dfac3357c. Representative failure: Invalid quantized MoE configuration: (moe_intermediate_size=1536 / moe_tp_size=16) % weight_block_size=128 != 0.","python python/aisimulate/tools/support_matrix/generate_fpe_support_matrix.py --model ""Qwen/Qwen3-235B-A22B-FP8"" --system ""h100_sxm"" --backend ""vllm"" --backend-version ""0.1.dev19262"" --forward-model op_level --max-workers 8",,116,29,"BUILD_FAILED=36, PERF_DATA_MISSING=80",,26dae1f99b2b50fb17118f38d8a8e95dfac3357c
Qwen/Qwen3-235B-A22B-FP8,Qwen3MoeForCausalLM,h100_sxm,vllm,0.14.0,PASS,,"python python/aisimulate/tools/support_matrix/generate_fpe_support_matrix.py --model ""Qwen/Qwen3-235B-A22B-FP8"" --system ""h100_sxm"" --backend ""vllm"" --backend-version ""0.14.0"" --forward-model op_level --max-workers 8",silicon,116,29,"BUILD_FAILED=36, PASS=80","decode_end=10918.841912, decode_start=42.787027, mixed=98.701261, prefill=96.632854",26dae1f99b2b50fb17118f38d8a8e95dfac3357c
Qwen/Qwen3-235B-A22B-FP8,Qwen3MoeForCausalLM,h100_sxm,vllm,0.19.0,PASS,,"python python/aisimulate/tools/support_matrix/generate_fpe_support_matrix.py --model ""Qwen/Qwen3-235B-A22B-FP8"" --system ""h100_sxm"" --backend ""vllm"" --backend-version ""0.19.0"" --forward-model op_level --max-workers 8",silicon,116,29,"BUILD_FAILED=36, PASS=80","decode_end=9456.485502, decode_start=37.024944, mixed=99.513256, prefill=95.801383",26dae1f99b2b50fb17118f38d8a8e95dfac3357c
Qwen/Qwen3-235B-A22B-FP8,Qwen3MoeForCausalLM,h100_sxm,vllm,0.22.0,PASS,,"python python/aisimulate/tools/support_matrix/generate_fpe_support_matrix.py --model ""Qwen/Qwen3-235B-A22B-FP8"" --system ""h100_sxm"" --backend ""vllm"" --backend-version ""0.22.0"" --forward-model op_level --max-workers 8",silicon,116,29,"BUILD_FAILED=36, PASS=80","decode_end=11718.075312, decode_start=45.893193, mixed=109.453634, prefill=107.105302",26dae1f99b2b50fb17118f38d8a8e95dfac3357c
Qwen/Qwen3-235B-A22B-FP8,Qwen3MoeForCausalLM,h100_sxm,vllm,0.24.0,PASS,,"python python/aisimulate/tools/support_matrix/generate_fpe_support_matrix.py --model ""Qwen/Qwen3-235B-A22B-FP8"" --system ""h100_sxm"" --backend ""vllm"" --backend-version ""0.24.0"" --forward-model op_level --max-workers 8",silicon,116,29,"BUILD_FAILED=36, PASS=80","decode_end=11718.075312, decode_start=45.893193, mixed=109.453634, prefill=107.105302",26dae1f99b2b50fb17118f38d8a8e95dfac3357c
Qwen/Qwen3-30B-A3B,Qwen3MoeForCausalLM,h100_sxm,sglang,0.5.10,PASS,,"python python/aisimulate/tools/support_matrix/generate_fpe_support_matrix.py --model ""Qwen/Qwen3-30B-A3B"" --system ""h100_sxm"" --backend ""sglang"" --backend-version ""0.5.10"" --forward-model op_level --max-workers 8",silicon,540,135,"PASS=164, PERF_DATA_MISSING=56, SDK_UNREPRESENTABLE=320","decode_end=2769.905710, decode_start=10.820472, mixed=25.909336, prefill=25.104010",26dae1f99b2b50fb17118f38d8a8e95dfac3357c
Qwen/Qwen3-30B-A3B,Qwen3MoeForCausalLM,h100_sxm,sglang,0.5.12,PASS,,"python python/aisimulate/tools/support_matrix/generate_fpe_support_matrix.py --model ""Qwen/Qwen3-30B-A3B"" --system ""h100_sxm"" --backend ""sglang"" --backend-version ""0.5.12"" --forward-model op_level --max-workers 8",silicon,540,135,"PASS=220, SDK_UNREPRESENTABLE=320","decode_end=2501.788820, decode_start=9.766455, mixed=25.493645, prefill=24.695937",26dae1f99b2b50fb17118f38d8a8e95dfac3357c
Qwen/Qwen3-30B-A3B,Qwen3MoeForCausalLM,h100_sxm,sglang,0.5.14,PASS,,"python python/aisimulate/tools/support_matrix/generate_fpe_support_matrix.py --model ""Qwen/Qwen3-30B-A3B"" --system ""h100_sxm"" --backend ""sglang"" --backend-version ""0.5.14"" --forward-model op_level --max-workers 8",silicon,540,135,"PASS=220, SDK_UNREPRESENTABLE=320","decode_end=2501.788820, decode_start=9.766455, mixed=25.493645, prefill=24.695937",26dae1f99b2b50fb17118f38d8a8e95dfac3357c
Qwen/Qwen3-30B-A3B,Qwen3MoeForCausalLM,h100_sxm,sglang,0.5.16,PASS,,"python python/aisimulate/tools/support_matrix/generate_fpe_support_matrix.py --model ""Qwen/Qwen3-30B-A3B"" --system ""h100_sxm"" --backend ""sglang"" --backend-version ""0.5.16"" --forward-model op_level --max-workers 8",silicon,540,135,"PASS=220, SDK_UNREPRESENTABLE=320","decode_end=2501.788820, decode_start=9.766455, mixed=25.493645, prefill=24.695937",26dae1f99b2b50fb17118f38d8a8e95dfac3357c
Qwen/Qwen3-30B-A3B,Qwen3MoeForCausalLM,h100_sxm,sglang,0.5.6.post2,PASS,,"python python/aisimulate/tools/support_matrix/generate_fpe_support_matrix.py --model ""Qwen/Qwen3-30B-A3B"" --system ""h100_sxm"" --backend ""sglang"" --backend-version ""0.5.6.post2"" --forward-model op_level --max-workers 8",silicon,540,135,"PASS=24, PERF_DATA_MISSING=196, SDK_UNREPRESENTABLE=320","decode_end=22955.687952, decode_start=89.956554, mixed=209.309315, prefill=207.743044",26dae1f99b2b50fb17118f38d8a8e95dfac3357c
Qwen/Qwen3-30B-A3B,Qwen3MoeForCausalLM,h100_sxm,sglang,0.5.9,PASS,,"python python/aisimulate/tools/support_matrix/generate_fpe_support_matrix.py --model ""Qwen/Qwen3-30B-A3B"" --system ""h100_sxm"" --backend ""sglang"" --backend-version ""0.5.9"" --forward-model op_level --max-workers 8",silicon,540,135,"PASS=164, PERF_DATA_MISSING=56, SDK_UNREPRESENTABLE=320","decode_end=2719.775511, decode_start=10.603157, mixed=25.583754, prefill=24.669914",26dae1f99b2b50fb17118f38d8a8e95dfac3357c
Qwen/Qwen3-30B-A3B,Qwen3MoeForCausalLM,h100_sxm,trtllm,1.2.0rc5,PASS,,"python python/aisimulate/tools/support_matrix/generate_fpe_support_matrix.py --model ""Qwen/Qwen3-30B-A3B"" --system ""h100_sxm"" --backend ""trtllm"" --backend-version ""1.2.0rc5"" --forward-model op_level --max-workers 8",silicon,116,29,"PASS=92, PERF_DATA_MISSING=24","decode_end=2674.861478, decode_start=10.477007, mixed=25.591357, prefill=24.793879",26dae1f99b2b50fb17118f38d8a8e95dfac3357c
Qwen/Qwen3-30B-A3B,Qwen3MoeForCausalLM,h100_sxm,trtllm,1.3.0rc10,PASS,,"python python/aisimulate/tools/support_matrix/generate_fpe_support_matrix.py --model ""Qwen/Qwen3-30B-A3B"" --system ""h100_sxm"" --backend ""trtllm"" --backend-version ""1.3.0rc10"" --forward-model op_level --max-workers 8",silicon,116,29,"PASS=92, PERF_DATA_MISSING=24","decode_end=2581.038033, decode_start=10.117759, mixed=25.113849, prefill=24.198206",26dae1f99b2b50fb17118f38d8a8e95dfac3357c
Qwen/Qwen3-30B-A3B,Qwen3MoeForCausalLM,h100_sxm,trtllm,1.3.0rc15,PASS,,"python python/aisimulate/tools/support_matrix/generate_fpe_support_matrix.py --model ""Qwen/Qwen3-30B-A3B"" --system ""h100_sxm"" --backend ""trtllm"" --backend-version ""1.3.0rc15"" --forward-model op_level --max-workers 8",silicon,116,29,"PASS=92, PERF_DATA_MISSING=24","decode_end=2581.038033, decode_start=10.117759, mixed=25.113849, prefill=24.198206",26dae1f99b2b50fb17118f38d8a8e95dfac3357c
Qwen/Qwen3-30B-A3B,Qwen3MoeForCausalLM,h100_sxm,trtllm,1.3.0rc20,PASS,,"python python/aisimulate/tools/support_matrix/generate_fpe_support_matrix.py --model ""Qwen/Qwen3-30B-A3B"" --system ""h100_sxm"" --backend ""trtllm"" --backend-version ""1.3.0rc20"" --forward-model op_level --max-workers 8",silicon,116,29,PASS=116,"decode_end=2474.346643, decode_start=9.686451, mixed=25.307360, prefill=24.491864",26dae1f99b2b50fb17118f38d8a8e95dfac3357c
Qwen/Qwen3-30B-A3B,Qwen3MoeForCausalLM,h100_sxm,trtllm,1.3.0rc23,PASS,,"python python/aisimulate/tools/support_matrix/generate_fpe_support_matrix.py --model ""Qwen/Qwen3-30B-A3B"" --system ""h100_sxm"" --backend ""trtllm"" --backend-version ""1.3.0rc23"" --forward-model op_level --max-workers 8",silicon,116,29,PASS=116,"decode_end=2474.346643, decode_start=9.686451, mixed=25.307360, prefill=24.491864",26dae1f99b2b50fb17118f38d8a8e95dfac3357c
Qwen/Qwen3-30B-A3B,Qwen3MoeForCausalLM,h100_sxm,vllm,0.1.dev19262,FAIL,Strict-native op-level FPE probes: PERF_DATA_MISSING=116; raw probes=116; topologies=29; source_sha=26dae1f99b2b50fb17118f38d8a8e95dfac3357c. Representative failure: perf database error: perf database error: no GEMM rows loaded from 1 source(s) (first: <repo>/python/aisimulate/src/aiconfigurator_core/systems/data/h100_sxm/vllm/0.1.dev19262/gemm_perf.parquet),"python python/aisimulate/tools/support_matrix/generate_fpe_support_matrix.py --model ""Qwen/Qwen3-30B-A3B"" --system ""h100_sxm"" --backend ""vllm"" --backend-version ""0.1.dev19262"" --forward-model op_level --max-workers 8",,116,29,PERF_DATA_MISSING=116,,26dae1f99b2b50fb17118f38d8a8e95dfac3357c
Qwen/Qwen3-30B-A3B,Qwen3MoeForCausalLM,h100_sxm,vllm,0.14.0,PASS,,"python python/aisimulate/tools/support_matrix/generate_fpe_support_matrix.py --model ""Qwen/Qwen3-30B-A3B"" --system ""h100_sxm"" --backend ""vllm"" --backend-version ""0.14.0"" --forward-model op_level --max-workers 8",silicon,116,29,"PASS=80, PERF_DATA_MISSING=36","decode_end=2647.429978, decode_start=10.366813, mixed=26.574528, prefill=24.986549",26dae1f99b2b50fb17118f38d8a8e95dfac3357c
Qwen/Qwen3-30B-A3B,Qwen3MoeForCausalLM,h100_sxm,vllm,0.19.0,PASS,,"python python/aisimulate/tools/support_matrix/generate_fpe_support_matrix.py --model ""Qwen/Qwen3-30B-A3B"" --system ""h100_sxm"" --backend ""vllm"" --backend-version ""0.19.0"" --forward-model op_level --max-workers 8",silicon,116,29,"PASS=80, PERF_DATA_MISSING=36","decode_end=2633.218267, decode_start=10.298476, mixed=25.726790, prefill=24.982373",26dae1f99b2b50fb17118f38d8a8e95dfac3357c
Qwen/Qwen3-30B-A3B,Qwen3MoeForCausalLM,h100_sxm,vllm,0.22.0,PASS,,"python python/aisimulate/tools/support_matrix/generate_fpe_support_matrix.py --model ""Qwen/Qwen3-30B-A3B"" --system ""h100_sxm"" --backend ""vllm"" --backend-version ""0.22.0"" --forward-model op_level --max-workers 8",silicon,116,29,PASS=116,"decode_end=2653.967246, decode_start=10.364665, mixed=26.335961, prefill=25.538754",26dae1f99b2b50fb17118f38d8a8e95dfac3357c
Qwen/Qwen3-30B-A3B,Qwen3MoeForCausalLM,h100_sxm,vllm,0.24.0,PASS,,"python python/aisimulate/tools/support_matrix/generate_fpe_support_matrix.py --model ""Qwen/Qwen3-30B-A3B"" --system ""h100_sxm"" --backend ""vllm"" --backend-version ""0.24.0"" --forward-model op_level --max-workers 8",silicon,116,29,PASS=116,"decode_end=2653.967246, decode_start=10.364665, mixed=26.335961, prefill=25.538754",26dae1f99b2b50fb17118f38d8a8e95dfac3357c
Qwen/Qwen3-30B-A3B-FP8,Qwen3MoeForCausalLM,h100_sxm,sglang,0.5.10,PASS,,"python python/aisimulate/tools/support_matrix/generate_fpe_support_matrix.py --model ""Qwen/Qwen3-30B-A3B-FP8"" --system ""h100_sxm"" --backend ""sglang"" --backend-version ""0.5.10"" --forward-model op_level --max-workers 8",silicon,540,135,"BUILD_FAILED=104, PASS=116, SDK_UNREPRESENTABLE=320","decode_end=2064.294868, decode_start=8.059547, mixed=17.193194, prefill=16.220515",26dae1f99b2b50fb17118f38d8a8e95dfac3357c
Qwen/Qwen3-30B-A3B-FP8,Qwen3MoeForCausalLM,h100_sxm,sglang,0.5.12,PASS,,"python python/aisimulate/tools/support_matrix/generate_fpe_support_matrix.py --model ""Qwen/Qwen3-30B-A3B-FP8"" --system ""h100_sxm"" --backend ""sglang"" --backend-version ""0.5.12"" --forward-model op_level --max-workers 8",silicon,540,135,"BUILD_FAILED=104, PASS=116, SDK_UNREPRESENTABLE=320","decode_end=1826.480987, decode_start=7.141683, mixed=16.375478, prefill=15.552420",26dae1f99b2b50fb17118f38d8a8e95dfac3357c
Qwen/Qwen3-30B-A3B-FP8,Qwen3MoeForCausalLM,h100_sxm,sglang,0.5.14,PASS,,"python python/aisimulate/tools/support_matrix/generate_fpe_support_matrix.py --model ""Qwen/Qwen3-30B-A3B-FP8"" --system ""h100_sxm"" --backend ""sglang"" --backend-version ""0.5.14"" --forward-model op_level --max-workers 8",silicon,540,135,"BUILD_FAILED=104, PASS=116, SDK_UNREPRESENTABLE=320","decode_end=1826.480987, decode_start=7.141683, mixed=16.375478, prefill=15.552420",26dae1f99b2b50fb17118f38d8a8e95dfac3357c
Qwen/Qwen3-30B-A3B-FP8,Qwen3MoeForCausalLM,h100_sxm,sglang,0.5.16,PASS,,"python python/aisimulate/tools/support_matrix/generate_fpe_support_matrix.py --model ""Qwen/Qwen3-30B-A3B-FP8"" --system ""h100_sxm"" --backend ""sglang"" --backend-version ""0.5.16"" --forward-model op_level --max-workers 8",silicon,540,135,"BUILD_FAILED=104, PASS=116, SDK_UNREPRESENTABLE=320","decode_end=1826.480987, decode_start=7.141683, mixed=16.375478, prefill=15.552420",26dae1f99b2b50fb17118f38d8a8e95dfac3357c
Qwen/Qwen3-30B-A3B-FP8,Qwen3MoeForCausalLM,h100_sxm,sglang,0.5.6.post2,PASS,,"python python/aisimulate/tools/support_matrix/generate_fpe_support_matrix.py --model ""Qwen/Qwen3-30B-A3B-FP8"" --system ""h100_sxm"" --backend ""sglang"" --backend-version ""0.5.6.post2"" --forward-model op_level --max-workers 8",silicon,540,135,"BUILD_FAILED=104, PASS=12, PERF_DATA_MISSING=104, SDK_UNREPRESENTABLE=320","decode_end=13607.562882, decode_start=53.288502, mixed=123.359211, prefill=120.052175",26dae1f99b2b50fb17118f38d8a8e95dfac3357c
Qwen/Qwen3-30B-A3B-FP8,Qwen3MoeForCausalLM,h100_sxm,sglang,0.5.9,PASS,,"python python/aisimulate/tools/support_matrix/generate_fpe_support_matrix.py --model ""Qwen/Qwen3-30B-A3B-FP8"" --system ""h100_sxm"" --backend ""sglang"" --backend-version ""0.5.9"" --forward-model op_level --max-workers 8",silicon,540,135,"BUILD_FAILED=104, PASS=116, SDK_UNREPRESENTABLE=320","decode_end=1926.483290, decode_start=7.476195, mixed=16.818764, prefill=15.565282",26dae1f99b2b50fb17118f38d8a8e95dfac3357c
Qwen/Qwen3-30B-A3B-FP8,Qwen3MoeForCausalLM,h100_sxm,trtllm,1.2.0rc5,PASS,,"python python/aisimulate/tools/support_matrix/generate_fpe_support_matrix.py --model ""Qwen/Qwen3-30B-A3B-FP8"" --system ""h100_sxm"" --backend ""trtllm"" --backend-version ""1.2.0rc5"" --forward-model op_level --max-workers 8",silicon,116,29,"BUILD_FAILED=48, PASS=68","decode_end=1922.235397, decode_start=7.526966, mixed=18.229921, prefill=16.893917",26dae1f99b2b50fb17118f38d8a8e95dfac3357c
Qwen/Qwen3-30B-A3B-FP8,Qwen3MoeForCausalLM,h100_sxm,trtllm,1.3.0rc10,PASS,,"python python/aisimulate/tools/support_matrix/generate_fpe_support_matrix.py --model ""Qwen/Qwen3-30B-A3B-FP8"" --system ""h100_sxm"" --backend ""trtllm"" --backend-version ""1.3.0rc10"" --forward-model op_level --max-workers 8",silicon,116,29,"BUILD_FAILED=48, PASS=68","decode_end=1841.046062, decode_start=7.204165, mixed=17.670404, prefill=16.341404",26dae1f99b2b50fb17118f38d8a8e95dfac3357c
Qwen/Qwen3-30B-A3B-FP8,Qwen3MoeForCausalLM,h100_sxm,trtllm,1.3.0rc15,PASS,,"python python/aisimulate/tools/support_matrix/generate_fpe_support_matrix.py --model ""Qwen/Qwen3-30B-A3B-FP8"" --system ""h100_sxm"" --backend ""trtllm"" --backend-version ""1.3.0rc15"" --forward-model op_level --max-workers 8",silicon,116,29,"BUILD_FAILED=48, PASS=68","decode_end=1841.046062, decode_start=7.204165, mixed=17.670404, prefill=16.341404",26dae1f99b2b50fb17118f38d8a8e95dfac3357c
Qwen/Qwen3-30B-A3B-FP8,Qwen3MoeForCausalLM,h100_sxm,trtllm,1.3.0rc20,PASS,,"python python/aisimulate/tools/support_matrix/generate_fpe_support_matrix.py --model ""Qwen/Qwen3-30B-A3B-FP8"" --system ""h100_sxm"" --backend ""trtllm"" --backend-version ""1.3.0rc20"" --forward-model op_level --max-workers 8",silicon,116,29,"BUILD_FAILED=48, PASS=68","decode_end=1868.090014, decode_start=7.314316, mixed=18.051535, prefill=16.756188",26dae1f99b2b50fb17118f38d8a8e95dfac3357c
Qwen/Qwen3-30B-A3B-FP8,Qwen3MoeForCausalLM,h100_sxm,trtllm,1.3.0rc23,PASS,,"python python/aisimulate/tools/support_matrix/generate_fpe_support_matrix.py --model ""Qwen/Qwen3-30B-A3B-FP8"" --system ""h100_sxm"" --backend ""trtllm"" --backend-version ""1.3.0rc23"" --forward-model op_level --max-workers 8",silicon,116,29,"BUILD_FAILED=48, PASS=68","decode_end=1868.090014, decode_start=7.314316, mixed=18.051535, prefill=16.756188",26dae1f99b2b50fb17118f38d8a8e95dfac3357c
Qwen/Qwen3-30B-A3B-FP8,Qwen3MoeForCausalLM,h100_sxm,vllm,0.1.dev19262,FAIL,"Strict-native op-level FPE probes: BUILD_FAILED=48, PERF_DATA_MISSING=68; raw probes=116; topologies=29; source_sha=26dae1f99b2b50fb17118f38d8a8e95dfac3357c. Representative failure: Invalid quantized MoE configuration: (moe_intermediate_size=768 / moe_tp_size=16) % weight_block_size=128 != 0.","python python/aisimulate/tools/support_matrix/generate_fpe_support_matrix.py --model ""Qwen/Qwen3-30B-A3B-FP8"" --system ""h100_sxm"" --backend ""vllm"" --backend-version ""0.1.dev19262"" --forward-model op_level --max-workers 8",,116,29,"BUILD_FAILED=48, PERF_DATA_MISSING=68",,26dae1f99b2b50fb17118f38d8a8e95dfac3357c
Qwen/Qwen3-30B-A3B-FP8,Qwen3MoeForCausalLM,h100_sxm,vllm,0.14.0,PASS,,"python python/aisimulate/tools/support_matrix/generate_fpe_support_matrix.py --model ""Qwen/Qwen3-30B-A3B-FP8"" --system ""h100_sxm"" --backend ""vllm"" --backend-version ""0.14.0"" --forward-model op_level --max-workers 8",silicon,116,29,"BUILD_FAILED=48, PASS=68","decode_end=2484.633586, decode_start=9.730940, mixed=19.487793, prefill=18.500175",26dae1f99b2b50fb17118f38d8a8e95dfac3357c
Qwen/Qwen3-30B-A3B-FP8,Qwen3MoeForCausalLM,h100_sxm,vllm,0.19.0,PASS,,"python python/aisimulate/tools/support_matrix/generate_fpe_support_matrix.py --model ""Qwen/Qwen3-30B-A3B-FP8"" --system ""h100_sxm"" --backend ""vllm"" --backend-version ""0.19.0"" --forward-model op_level --max-workers 8",silicon,116,29,"BUILD_FAILED=48, PASS=68","decode_end=2041.169174, decode_start=7.980614, mixed=18.298439, prefill=17.213761",26dae1f99b2b50fb17118f38d8a8e95dfac3357c
Qwen/Qwen3-30B-A3B-FP8,Qwen3MoeForCausalLM,h100_sxm,vllm,0.22.0,PASS,,"python python/aisimulate/tools/support_matrix/generate_fpe_support_matrix.py --model ""Qwen/Qwen3-30B-A3B-FP8"" --system ""h100_sxm"" --backend ""vllm"" --backend-version ""0.22.0"" --forward-model op_level --max-workers 8",silicon,116,29,"BUILD_FAILED=48, PASS=68","decode_end=3204.056998, decode_start=12.538195, mixed=25.575135, prefill=24.170409",26dae1f99b2b50fb17118f38d8a8e95dfac3357c
Qwen/Qwen3-30B-A3B-FP8,Qwen3MoeForCausalLM,h100_sxm,vllm,0.24.0,PASS,,"python python/aisimulate/tools/support_matrix/generate_fpe_support_matrix.py --model ""Qwen/Qwen3-30B-A3B-FP8"" --system ""h100_sxm"" --backend ""vllm"" --backend-version ""0.24.0"" --forward-model op_level --max-workers 8",silicon,116,29,"BUILD_FAILED=48, PASS=68","decode_end=3204.056998, decode_start=12.538195, mixed=25.575135, prefill=24.170409",26dae1f99b2b50fb17118f38d8a8e95dfac3357c
Qwen/Qwen3-32B,Qwen3ForCausalLM,h100_sxm,sglang,0.5.10,PASS,,"python python/aisimulate/tools/support_matrix/generate_fpe_support_matrix.py --model ""Qwen/Qwen3-32B"" --system ""h100_sxm"" --backend ""sglang"" --backend-version ""0.5.10"" --forward-model op_level --max-workers 8",silicon,40,10,"PASS=16, SDK_UNREPRESENTABLE=24","decode_end=6314.846250, decode_start=24.704841, mixed=30.844985, prefill=31.762725",26dae1f99b2b50fb17118f38d8a8e95dfac3357c
Qwen/Qwen3-32B,Qwen3ForCausalLM,h100_sxm,sglang,0.5.12,PASS,,"python python/aisimulate/tools/support_matrix/generate_fpe_support_matrix.py --model ""Qwen/Qwen3-32B"" --system ""h100_sxm"" --backend ""sglang"" --backend-version ""0.5.12"" --forward-model op_level --max-workers 8",silicon,40,10,"PASS=16, SDK_UNREPRESENTABLE=24","decode_end=6476.784518, decode_start=25.336650, mixed=31.602091, prefill=30.014303",26dae1f99b2b50fb17118f38d8a8e95dfac3357c
Qwen/Qwen3-32B,Qwen3ForCausalLM,h100_sxm,sglang,0.5.14,PASS,,"python python/aisimulate/tools/support_matrix/generate_fpe_support_matrix.py --model ""Qwen/Qwen3-32B"" --system ""h100_sxm"" --backend ""sglang"" --backend-version ""0.5.14"" --forward-model op_level --max-workers 8",silicon,40,10,"PASS=16, SDK_UNREPRESENTABLE=24","decode_end=6476.784518, decode_start=25.336650, mixed=31.602091, prefill=30.014303",26dae1f99b2b50fb17118f38d8a8e95dfac3357c
Qwen/Qwen3-32B,Qwen3ForCausalLM,h100_sxm,sglang,0.5.16,PASS,,"python python/aisimulate/tools/support_matrix/generate_fpe_support_matrix.py --model ""Qwen/Qwen3-32B"" --system ""h100_sxm"" --backend ""sglang"" --backend-version ""0.5.16"" --forward-model op_level --max-workers 8",silicon,40,10,"PASS=16, SDK_UNREPRESENTABLE=24","decode_end=6476.784518, decode_start=25.336650, mixed=31.602091, prefill=30.014303",26dae1f99b2b50fb17118f38d8a8e95dfac3357c
Qwen/Qwen3-32B,Qwen3ForCausalLM,h100_sxm,sglang,0.5.6.post2,PASS,,"python python/aisimulate/tools/support_matrix/generate_fpe_support_matrix.py --model ""Qwen/Qwen3-32B"" --system ""h100_sxm"" --backend ""sglang"" --backend-version ""0.5.6.post2"" --forward-model op_level --max-workers 8",silicon,40,10,"PASS=16, SDK_UNREPRESENTABLE=24","decode_end=6495.583757, decode_start=25.397406, mixed=31.708820, prefill=30.007746",26dae1f99b2b50fb17118f38d8a8e95dfac3357c
Qwen/Qwen3-32B,Qwen3ForCausalLM,h100_sxm,sglang,0.5.9,PASS,,"python python/aisimulate/tools/support_matrix/generate_fpe_support_matrix.py --model ""Qwen/Qwen3-32B"" --system ""h100_sxm"" --backend ""sglang"" --backend-version ""0.5.9"" --forward-model op_level --max-workers 8",silicon,40,10,"PASS=16, SDK_UNREPRESENTABLE=24","decode_end=6850.375491, decode_start=26.775708, mixed=31.308352, prefill=29.713921",26dae1f99b2b50fb17118f38d8a8e95dfac3357c
Qwen/Qwen3-32B,Qwen3ForCausalLM,h100_sxm,trtllm,1.2.0rc5,PASS,,"python python/aisimulate/tools/support_matrix/generate_fpe_support_matrix.py --model ""Qwen/Qwen3-32B"" --system ""h100_sxm"" --backend ""trtllm"" --backend-version ""1.2.0rc5"" --forward-model op_level --max-workers 8",silicon,16,4,PASS=16,"decode_end=6450.751085, decode_start=25.139236, mixed=31.984304, prefill=30.176346",26dae1f99b2b50fb17118f38d8a8e95dfac3357c
Qwen/Qwen3-32B,Qwen3ForCausalLM,h100_sxm,trtllm,1.3.0rc10,PASS,,"python python/aisimulate/tools/support_matrix/generate_fpe_support_matrix.py --model ""Qwen/Qwen3-32B"" --system ""h100_sxm"" --backend ""trtllm"" --backend-version ""1.3.0rc10"" --forward-model op_level --max-workers 8",silicon,16,4,PASS=16,"decode_end=6531.839342, decode_start=25.451840, mixed=32.026789, prefill=30.587557",26dae1f99b2b50fb17118f38d8a8e95dfac3357c
Qwen/Qwen3-32B,Qwen3ForCausalLM,h100_sxm,trtllm,1.3.0rc15,PASS,,"python python/aisimulate/tools/support_matrix/generate_fpe_support_matrix.py --model ""Qwen/Qwen3-32B"" --system ""h100_sxm"" --backend ""trtllm"" --backend-version ""1.3.0rc15"" --forward-model op_level --max-workers 8",silicon,16,4,PASS=16,"decode_end=6531.839342, decode_start=25.451840, mixed=32.026789, prefill=30.587557",26dae1f99b2b50fb17118f38d8a8e95dfac3357c
Qwen/Qwen3-32B,Qwen3ForCausalLM,h100_sxm,trtllm,1.3.0rc20,PASS,,"python python/aisimulate/tools/support_matrix/generate_fpe_support_matrix.py --model ""Qwen/Qwen3-32B"" --system ""h100_sxm"" --backend ""trtllm"" --backend-version ""1.3.0rc20"" --forward-model op_level --max-workers 8",silicon,16,4,PASS=16,"decode_end=6540.766299, decode_start=25.481290, mixed=32.560988, prefill=30.505407",26dae1f99b2b50fb17118f38d8a8e95dfac3357c
Qwen/Qwen3-32B,Qwen3ForCausalLM,h100_sxm,trtllm,1.3.0rc23,PASS,,"python python/aisimulate/tools/support_matrix/generate_fpe_support_matrix.py --model ""Qwen/Qwen3-32B"" --system ""h100_sxm"" --backend ""trtllm"" --backend-version ""1.3.0rc23"" --forward-model op_level --max-workers 8",silicon,16,4,PASS=16,"decode_end=6540.766299, decode_start=25.481290, mixed=32.560988, prefill=30.505407",26dae1f99b2b50fb17118f38d8a8e95dfac3357c
Qwen/Qwen3-32B,Qwen3ForCausalLM,h100_sxm,vllm,0.1.dev19262,FAIL,Strict-native op-level FPE probes: PERF_DATA_MISSING=16; raw probes=16; topologies=4; source_sha=26dae1f99b2b50fb17118f38d8a8e95dfac3357c. Representative failure: perf database error: perf database error: no GEMM rows loaded from 1 source(s) (first: <repo>/python/aisimulate/src/aiconfigurator_core/systems/data/h100_sxm/vllm/0.1.dev19262/gemm_perf.parquet),"python python/aisimulate/tools/support_matrix/generate_fpe_support_matrix.py --model ""Qwen/Qwen3-32B"" --system ""h100_sxm"" --backend ""vllm"" --backend-version ""0.1.dev19262"" --forward-model op_level --max-workers 8",,16,4,PERF_DATA_MISSING=16,,26dae1f99b2b50fb17118f38d8a8e95dfac3357c
Qwen/Qwen3-32B,Qwen3ForCausalLM,h100_sxm,vllm,0.14.0,PASS,,"python python/aisimulate/tools/support_matrix/generate_fpe_support_matrix.py --model ""Qwen/Qwen3-32B"" --system ""h100_sxm"" --backend ""vllm"" --backend-version ""0.14.0"" --forward-model op_level --max-workers 8",silicon,16,4,PASS=16,"decode_end=6049.101978, decode_start=23.683069, mixed=29.794805, prefill=28.697976",26dae1f99b2b50fb17118f38d8a8e95dfac3357c
Qwen/Qwen3-32B,Qwen3ForCausalLM,h100_sxm,vllm,0.19.0,PASS,,"python python/aisimulate/tools/support_matrix/generate_fpe_support_matrix.py --model ""Qwen/Qwen3-32B"" --system ""h100_sxm"" --backend ""vllm"" --backend-version ""0.19.0"" --forward-model op_level --max-workers 8",silicon,16,4,PASS=16,"decode_end=6853.507801, decode_start=26.846353, mixed=30.765796, prefill=30.083480",26dae1f99b2b50fb17118f38d8a8e95dfac3357c
Qwen/Qwen3-32B,Qwen3ForCausalLM,h100_sxm,vllm,0.22.0,PASS,,"python python/aisimulate/tools/support_matrix/generate_fpe_support_matrix.py --model ""Qwen/Qwen3-32B"" --system ""h100_sxm"" --backend ""vllm"" --backend-version ""0.22.0"" --forward-model op_level --max-workers 8",silicon,16,4,PASS=16,"decode_end=6635.959943, decode_start=25.991447, mixed=32.582872, prefill=30.746690",26dae1f99b2b50fb17118f38d8a8e95dfac3357c
Qwen/Qwen3-32B,Qwen3ForCausalLM,h100_sxm,vllm,0.24.0,PASS,,"python python/aisimulate/tools/support_matrix/generate_fpe_support_matrix.py --model ""Qwen/Qwen3-32B"" --system ""h100_sxm"" --backend ""vllm"" --backend-version ""0.24.0"" --forward-model op_level --max-workers 8",silicon,16,4,PASS=16,"decode_end=6635.959943, decode_start=25.991447, mixed=32.582872, prefill=30.746690",26dae1f99b2b50fb17118f38d8a8e95dfac3357c
Qwen/Qwen3-32B-FP8,Qwen3ForCausalLM,h100_sxm,sglang,0.5.10,PASS,,"python python/aisimulate/tools/support_matrix/generate_fpe_support_matrix.py --model ""Qwen/Qwen3-32B-FP8"" --system ""h100_sxm"" --backend ""sglang"" --backend-version ""0.5.10"" --forward-model op_level --max-workers 8",silicon,40,10,"PASS=16, SDK_UNREPRESENTABLE=24","decode_end=4062.987777, decode_start=15.844547, mixed=30.535215, prefill=19.677451",26dae1f99b2b50fb17118f38d8a8e95dfac3357c
Qwen/Qwen3-32B-FP8,Qwen3ForCausalLM,h100_sxm,sglang,0.5.12,PASS,,"python python/aisimulate/tools/support_matrix/generate_fpe_support_matrix.py --model ""Qwen/Qwen3-32B-FP8"" --system ""h100_sxm"" --backend ""sglang"" --backend-version ""0.5.12"" --forward-model op_level --max-workers 8",silicon,40,10,"PASS=16, SDK_UNREPRESENTABLE=24","decode_end=3742.054606, decode_start=14.615504, mixed=25.553303, prefill=18.725002",26dae1f99b2b50fb17118f38d8a8e95dfac3357c
Qwen/Qwen3-32B-FP8,Qwen3ForCausalLM,h100_sxm,sglang,0.5.14,PASS,,"python python/aisimulate/tools/support_matrix/generate_fpe_support_matrix.py --model ""Qwen/Qwen3-32B-FP8"" --system ""h100_sxm"" --backend ""sglang"" --backend-version ""0.5.14"" --forward-model op_level --max-workers 8",silicon,40,10,"PASS=16, SDK_UNREPRESENTABLE=24","decode_end=3742.054606, decode_start=14.615504, mixed=25.553303, prefill=18.725002",26dae1f99b2b50fb17118f38d8a8e95dfac3357c
Qwen/Qwen3-32B-FP8,Qwen3ForCausalLM,h100_sxm,sglang,0.5.16,PASS,,"python python/aisimulate/tools/support_matrix/generate_fpe_support_matrix.py --model ""Qwen/Qwen3-32B-FP8"" --system ""h100_sxm"" --backend ""sglang"" --backend-version ""0.5.16"" --forward-model op_level --max-workers 8",silicon,40,10,"PASS=16, SDK_UNREPRESENTABLE=24","decode_end=3742.054606, decode_start=14.615504, mixed=25.553303, prefill=18.725002",26dae1f99b2b50fb17118f38d8a8e95dfac3357c
Qwen/Qwen3-32B-FP8,Qwen3ForCausalLM,h100_sxm,sglang,0.5.6.post2,PASS,,"python python/aisimulate/tools/support_matrix/generate_fpe_support_matrix.py --model ""Qwen/Qwen3-32B-FP8"" --system ""h100_sxm"" --backend ""sglang"" --backend-version ""0.5.6.post2"" --forward-model op_level --max-workers 8",silicon,40,10,"PASS=16, SDK_UNREPRESENTABLE=24","decode_end=4084.539848, decode_start=15.913612, mixed=22.597245, prefill=19.304588",26dae1f99b2b50fb17118f38d8a8e95dfac3357c
Qwen/Qwen3-32B-FP8,Qwen3ForCausalLM,h100_sxm,sglang,0.5.9,PASS,,"python python/aisimulate/tools/support_matrix/generate_fpe_support_matrix.py --model ""Qwen/Qwen3-32B-FP8"" --system ""h100_sxm"" --backend ""sglang"" --backend-version ""0.5.9"" --forward-model op_level --max-workers 8",silicon,40,10,"PASS=16, SDK_UNREPRESENTABLE=24","decode_end=3901.278631, decode_start=15.201704, mixed=29.981709, prefill=19.058833",26dae1f99b2b50fb17118f38d8a8e95dfac3357c
Qwen/Qwen3-32B-FP8,Qwen3ForCausalLM,h100_sxm,trtllm,1.2.0rc5,PASS,,"python python/aisimulate/tools/support_matrix/generate_fpe_support_matrix.py --model ""Qwen/Qwen3-32B-FP8"" --system ""h100_sxm"" --backend ""trtllm"" --backend-version ""1.2.0rc5"" --forward-model op_level --max-workers 8",silicon,16,4,PASS=16,"decode_end=3651.507167, decode_start=14.274260, mixed=35.504812, prefill=20.365920",26dae1f99b2b50fb17118f38d8a8e95dfac3357c
Qwen/Qwen3-32B-FP8,Qwen3ForCausalLM,h100_sxm,trtllm,1.3.0rc10,PASS,,"python python/aisimulate/tools/support_matrix/generate_fpe_support_matrix.py --model ""Qwen/Qwen3-32B-FP8"" --system ""h100_sxm"" --backend ""trtllm"" --backend-version ""1.3.0rc10"" --forward-model op_level --max-workers 8",silicon,16,4,PASS=16,"decode_end=3750.662431, decode_start=14.656868, mixed=35.931489, prefill=19.909289",26dae1f99b2b50fb17118f38d8a8e95dfac3357c
Qwen/Qwen3-32B-FP8,Qwen3ForCausalLM,h100_sxm,trtllm,1.3.0rc15,PASS,,"python python/aisimulate/tools/support_matrix/generate_fpe_support_matrix.py --model ""Qwen/Qwen3-32B-FP8"" --system ""h100_sxm"" --backend ""trtllm"" --backend-version ""1.3.0rc15"" --forward-model op_level --max-workers 8",silicon,16,4,PASS=16,"decode_end=3750.662431, decode_start=14.656868, mixed=35.931489, prefill=19.909289",26dae1f99b2b50fb17118f38d8a8e95dfac3357c
Qwen/Qwen3-32B-FP8,Qwen3ForCausalLM,h100_sxm,trtllm,1.3.0rc20,PASS,,"python python/aisimulate/tools/support_matrix/generate_fpe_support_matrix.py --model ""Qwen/Qwen3-32B-FP8"" --system ""h100_sxm"" --backend ""trtllm"" --backend-version ""1.3.0rc20"" --forward-model op_level --max-workers 8",silicon,16,4,PASS=16,"decode_end=3738.154877, decode_start=14.617221, mixed=36.368966, prefill=19.948825",26dae1f99b2b50fb17118f38d8a8e95dfac3357c
Qwen/Qwen3-32B-FP8,Qwen3ForCausalLM,h100_sxm,trtllm,1.3.0rc23,PASS,,"python python/aisimulate/tools/support_matrix/generate_fpe_support_matrix.py --model ""Qwen/Qwen3-32B-FP8"" --system ""h100_sxm"" --backend ""trtllm"" --backend-version ""1.3.0rc23"" --forward-model op_level --max-workers 8",silicon,16,4,PASS=16,"decode_end=3738.154877, decode_start=14.617221, mixed=36.368966, prefill=19.948825",26dae1f99b2b50fb17118f38d8a8e95dfac3357c
Qwen/Qwen3-32B-FP8,Qwen3ForCausalLM,h100_sxm,vllm,0.1.dev19262,FAIL,Strict-native op-level FPE probes: PERF_DATA_MISSING=16; raw probes=16; topologies=4; source_sha=26dae1f99b2b50fb17118f38d8a8e95dfac3357c. Representative failure: perf database error: perf database error: no GEMM rows loaded from 1 source(s) (first: <repo>/python/aisimulate/src/aiconfigurator_core/systems/data/h100_sxm/vllm/0.1.dev19262/gemm_perf.parquet),"python python/aisimulate/tools/support_matrix/generate_fpe_support_matrix.py --model ""Qwen/Qwen3-32B-FP8"" --system ""h100_sxm"" --backend ""vllm"" --backend-version ""0.1.dev19262"" --forward-model op_level --max-workers 8",,16,4,PERF_DATA_MISSING=16,,26dae1f99b2b50fb17118f38d8a8e95dfac3357c
Qwen/Qwen3-32B-FP8,Qwen3ForCausalLM,h100_sxm,vllm,0.14.0,PASS,,"python python/aisimulate/tools/support_matrix/generate_fpe_support_matrix.py --model ""Qwen/Qwen3-32B-FP8"" --system ""h100_sxm"" --backend ""vllm"" --backend-version ""0.14.0"" --forward-model op_level --max-workers 8",silicon,16,4,PASS=16,"decode_end=5831.406602, decode_start=22.828126, mixed=31.979606, prefill=29.159649",26dae1f99b2b50fb17118f38d8a8e95dfac3357c
Qwen/Qwen3-32B-FP8,Qwen3ForCausalLM,h100_sxm,vllm,0.19.0,PASS,,"python python/aisimulate/tools/support_matrix/generate_fpe_support_matrix.py --model ""Qwen/Qwen3-32B-FP8"" --system ""h100_sxm"" --backend ""vllm"" --backend-version ""0.19.0"" --forward-model op_level --max-workers 8",silicon,16,4,PASS=16,"decode_end=4829.745935, decode_start=18.892023, mixed=29.932884, prefill=23.527374",26dae1f99b2b50fb17118f38d8a8e95dfac3357c
Qwen/Qwen3-32B-FP8,Qwen3ForCausalLM,h100_sxm,vllm,0.22.0,PASS,,"python python/aisimulate/tools/support_matrix/generate_fpe_support_matrix.py --model ""Qwen/Qwen3-32B-FP8"" --system ""h100_sxm"" --backend ""vllm"" --backend-version ""0.22.0"" --forward-model op_level --max-workers 8",silicon,16,4,PASS=16,"decode_end=5735.643191, decode_start=22.450933, mixed=38.228573, prefill=33.798765",26dae1f99b2b50fb17118f38d8a8e95dfac3357c
Qwen/Qwen3-32B-FP8,Qwen3ForCausalLM,h100_sxm,vllm,0.24.0,PASS,,"python python/aisimulate/tools/support_matrix/generate_fpe_support_matrix.py --model ""Qwen/Qwen3-32B-FP8"" --system ""h100_sxm"" --backend ""vllm"" --backend-version ""0.24.0"" --forward-model op_level --max-workers 8",silicon,16,4,PASS=16,"decode_end=5735.643191, decode_start=22.450933, mixed=38.228573, prefill=33.798765",26dae1f99b2b50fb17118f38d8a8e95dfac3357c
Qwen/Qwen3-32B-FP8-Static-PerTensor,Qwen3ForCausalLM,h100_sxm,sglang,0.5.10,FAIL,"Strict-native op-level FPE probes: PERF_DATA_MISSING=16, SDK_UNREPRESENTABLE=24; raw probes=40; topologies=10; source_sha=26dae1f99b2b50fb17118f38d8a8e95dfac3357c. Representative failure: perf database error: perf database error: no rows loaded from 1 source(s) (first: <repo>/python/aisimulate/src/aiconfigurator_core/systems/data/h100_sxm/sglang/0.5.10/computescale_perf.parquet)","python python/aisimulate/tools/support_matrix/generate_fpe_support_matrix.py --model ""Qwen/Qwen3-32B-FP8-Static-PerTensor"" --system ""h100_sxm"" --backend ""sglang"" --backend-version ""0.5.10"" --forward-model op_level --max-workers 8",,40,10,"PERF_DATA_MISSING=16, SDK_UNREPRESENTABLE=24",,26dae1f99b2b50fb17118f38d8a8e95dfac3357c
Qwen/Qwen3-32B-FP8-Static-PerTensor,Qwen3ForCausalLM,h100_sxm,sglang,0.5.12,PASS,,"python python/aisimulate/tools/support_matrix/generate_fpe_support_matrix.py --model ""Qwen/Qwen3-32B-FP8-Static-PerTensor"" --system ""h100_sxm"" --backend ""sglang"" --backend-version ""0.5.12"" --forward-model op_level --max-workers 8",silicon,40,10,"PASS=16, SDK_UNREPRESENTABLE=24","decode_end=3578.106651, decode_start=13.972571, mixed=25.807946, prefill=17.499447",26dae1f99b2b50fb17118f38d8a8e95dfac3357c
Qwen/Qwen3-32B-FP8-Static-PerTensor,Qwen3ForCausalLM,h100_sxm,sglang,0.5.14,PASS,,"python python/aisimulate/tools/support_matrix/generate_fpe_support_matrix.py --model ""Qwen/Qwen3-32B-FP8-Static-PerTensor"" --system ""h100_sxm"" --backend ""sglang"" --backend-version ""0.5.14"" --forward-model op_level --max-workers 8",silicon,40,10,"PASS=16, SDK_UNREPRESENTABLE=24","decode_end=3578.106651, decode_start=13.972571, mixed=25.807946, prefill=17.499447",26dae1f99b2b50fb17118f38d8a8e95dfac3357c
Qwen/Qwen3-32B-FP8-Static-PerTensor,Qwen3ForCausalLM,h100_sxm,sglang,0.5.16,PASS,,"python python/aisimulate/tools/support_matrix/generate_fpe_support_matrix.py --model ""Qwen/Qwen3-32B-FP8-Static-PerTensor"" --system ""h100_sxm"" --backend ""sglang"" --backend-version ""0.5.16"" --forward-model op_level --max-workers 8",silicon,40,10,"PASS=16, SDK_UNREPRESENTABLE=24","decode_end=3578.106651, decode_start=13.972571, mixed=25.807946, prefill=17.499447",26dae1f99b2b50fb17118f38d8a8e95dfac3357c
Qwen/Qwen3-32B-FP8-Static-PerTensor,Qwen3ForCausalLM,h100_sxm,sglang,0.5.6.post2,FAIL,"Strict-native op-level FPE probes: PERF_DATA_MISSING=16, SDK_UNREPRESENTABLE=24; raw probes=40; topologies=10; source_sha=26dae1f99b2b50fb17118f38d8a8e95dfac3357c. Representative failure: perf database error: perf database error: no rows loaded from 1 source(s) (first: <repo>/python/aisimulate/src/aiconfigurator_core/systems/data/h100_sxm/sglang/0.5.6.post2/computescale_perf.parquet)","python python/aisimulate/tools/support_matrix/generate_fpe_support_matrix.py --model ""Qwen/Qwen3-32B-FP8-Static-PerTensor"" --system ""h100_sxm"" --backend ""sglang"" --backend-version ""0.5.6.post2"" --forward-model op_level --max-workers 8",,40,10,"PERF_DATA_MISSING=16, SDK_UNREPRESENTABLE=24",,26dae1f99b2b50fb17118f38d8a8e95dfac3357c
Qwen/Qwen3-32B-FP8-Static-PerTensor,Qwen3ForCausalLM,h100_sxm,sglang,0.5.9,FAIL,"Strict-native op-level FPE probes: PERF_DATA_MISSING=16, SDK_UNREPRESENTABLE=24; raw probes=40; topologies=10; source_sha=26dae1f99b2b50fb17118f38d8a8e95dfac3357c. Representative failure: perf database error: perf database error: no rows loaded from 1 source(s) (first: <repo>/python/aisimulate/src/aiconfigurator_core/systems/data/h100_sxm/sglang/0.5.9/computescale_perf.parquet)","python python/aisimulate/tools/support_matrix/generate_fpe_support_matrix.py --model ""Qwen/Qwen3-32B-FP8-Static-PerTensor"" --system ""h100_sxm"" --backend ""sglang"" --backend-version ""0.5.9"" --forward-model op_level --max-workers 8",,40,10,"PERF_DATA_MISSING=16, SDK_UNREPRESENTABLE=24",,26dae1f99b2b50fb17118f38d8a8e95dfac3357c
Qwen/Qwen3-32B-FP8-Static-PerTensor,Qwen3ForCausalLM,h100_sxm,trtllm,1.2.0rc5,PASS,,"python python/aisimulate/tools/support_matrix/generate_fpe_support_matrix.py --model ""Qwen/Qwen3-32B-FP8-Static-PerTensor"" --system ""h100_sxm"" --backend ""trtllm"" --backend-version ""1.2.0rc5"" --forward-model op_level --max-workers 8",silicon,16,4,PASS=16,"decode_end=4092.467696, decode_start=16.003517, mixed=21.337810, prefill=20.005658",26dae1f99b2b50fb17118f38d8a8e95dfac3357c
Qwen/Qwen3-32B-FP8-Static-PerTensor,Qwen3ForCausalLM,h100_sxm,trtllm,1.3.0rc10,PASS,,"python python/aisimulate/tools/support_matrix/generate_fpe_support_matrix.py --model ""Qwen/Qwen3-32B-FP8-Static-PerTensor"" --system ""h100_sxm"" --backend ""trtllm"" --backend-version ""1.3.0rc10"" --forward-model op_level --max-workers 8",silicon,16,4,PASS=16,"decode_end=3838.631927, decode_start=15.001846, mixed=21.109584, prefill=20.034368",26dae1f99b2b50fb17118f38d8a8e95dfac3357c
Qwen/Qwen3-32B-FP8-Static-PerTensor,Qwen3ForCausalLM,h100_sxm,trtllm,1.3.0rc15,PASS,,"python python/aisimulate/tools/support_matrix/generate_fpe_support_matrix.py --model ""Qwen/Qwen3-32B-FP8-Static-PerTensor"" --system ""h100_sxm"" --backend ""trtllm"" --backend-version ""1.3.0rc15"" --forward-model op_level --max-workers 8",silicon,16,4,PASS=16,"decode_end=3838.631927, decode_start=15.001846, mixed=21.109584, prefill=20.034368",26dae1f99b2b50fb17118f38d8a8e95dfac3357c
Qwen/Qwen3-32B-FP8-Static-PerTensor,Qwen3ForCausalLM,h100_sxm,trtllm,1.3.0rc20,PASS,,"python python/aisimulate/tools/support_matrix/generate_fpe_support_matrix.py --model ""Qwen/Qwen3-32B-FP8-Static-PerTensor"" --system ""h100_sxm"" --backend ""trtllm"" --backend-version ""1.3.0rc20"" --forward-model op_level --max-workers 8",silicon,16,4,PASS=16,"decode_end=3793.398066, decode_start=14.833861, mixed=20.897170, prefill=19.610549",26dae1f99b2b50fb17118f38d8a8e95dfac3357c
Qwen/Qwen3-32B-FP8-Static-PerTensor,Qwen3ForCausalLM,h100_sxm,trtllm,1.3.0rc23,PASS,,"python python/aisimulate/tools/support_matrix/generate_fpe_support_matrix.py --model ""Qwen/Qwen3-32B-FP8-Static-PerTensor"" --system ""h100_sxm"" --backend ""trtllm"" --backend-version ""1.3.0rc23"" --forward-model op_level --max-workers 8",silicon,16,4,PASS=16,"decode_end=3793.398066, decode_start=14.833861, mixed=20.897170, prefill=19.610549",26dae1f99b2b50fb17118f38d8a8e95dfac3357c
Qwen/Qwen3-32B-FP8-Static-PerTensor,Qwen3ForCausalLM,h100_sxm,vllm,0.1.dev19262,FAIL,Strict-native op-level FPE probes: PERF_DATA_MISSING=16; raw probes=16; topologies=4; source_sha=26dae1f99b2b50fb17118f38d8a8e95dfac3357c. Representative failure: perf database error: perf database error: no GEMM rows loaded from 1 source(s) (first: <repo>/python/aisimulate/src/aiconfigurator_core/systems/data/h100_sxm/vllm/0.1.dev19262/gemm_perf.parquet),"python python/aisimulate/tools/support_matrix/generate_fpe_support_matrix.py --model ""Qwen/Qwen3-32B-FP8-Static-PerTensor"" --system ""h100_sxm"" --backend ""vllm"" --backend-version ""0.1.dev19262"" --forward-model op_level --max-workers 8",,16,4,PERF_DATA_MISSING=16,,26dae1f99b2b50fb17118f38d8a8e95dfac3357c
Qwen/Qwen3-32B-FP8-Static-PerTensor,Qwen3ForCausalLM,h100_sxm,vllm,0.14.0,FAIL,Strict-native op-level FPE probes: PERF_DATA_MISSING=16; raw probes=16; topologies=4; source_sha=26dae1f99b2b50fb17118f38d8a8e95dfac3357c. Representative failure: perf database error: perf database error: no rows loaded from 1 source(s) (first: <repo>/python/aisimulate/src/aiconfigurator_core/systems/data/h100_sxm/vllm/0.14.0/computescale_perf.parquet),"python python/aisimulate/tools/support_matrix/generate_fpe_support_matrix.py --model ""Qwen/Qwen3-32B-FP8-Static-PerTensor"" --system ""h100_sxm"" --backend ""vllm"" --backend-version ""0.14.0"" --forward-model op_level --max-workers 8",,16,4,PERF_DATA_MISSING=16,,26dae1f99b2b50fb17118f38d8a8e95dfac3357c
Qwen/Qwen3-32B-FP8-Static-PerTensor,Qwen3ForCausalLM,h100_sxm,vllm,0.19.0,FAIL,Strict-native op-level FPE probes: PERF_DATA_MISSING=16; raw probes=16; topologies=4; source_sha=26dae1f99b2b50fb17118f38d8a8e95dfac3357c. Representative failure: perf database error: perf database error: no rows loaded from 1 source(s) (first: <repo>/python/aisimulate/src/aiconfigurator_core/systems/data/h100_sxm/vllm/0.19.0/computescale_perf.parquet),"python python/aisimulate/tools/support_matrix/generate_fpe_support_matrix.py --model ""Qwen/Qwen3-32B-FP8-Static-PerTensor"" --system ""h100_sxm"" --backend ""vllm"" --backend-version ""0.19.0"" --forward-model op_level --max-workers 8",,16,4,PERF_DATA_MISSING=16,,26dae1f99b2b50fb17118f38d8a8e95dfac3357c
Qwen/Qwen3-32B-FP8-Static-PerTensor,Qwen3ForCausalLM,h100_sxm,vllm,0.22.0,PASS,,"python python/aisimulate/tools/support_matrix/generate_fpe_support_matrix.py --model ""Qwen/Qwen3-32B-FP8-Static-PerTensor"" --system ""h100_sxm"" --backend ""vllm"" --backend-version ""0.22.0"" --forward-model op_level --max-workers 8",silicon,16,4,PASS=16,"decode_end=3841.393365, decode_start=15.022502, mixed=28.576499, prefill=19.751843",26dae1f99b2b50fb17118f38d8a8e95dfac3357c
Qwen/Qwen3-32B-FP8-Static-PerTensor,Qwen3ForCausalLM,h100_sxm,vllm,0.24.0,PASS,,"python python/aisimulate/tools/support_matrix/generate_fpe_support_matrix.py --model ""Qwen/Qwen3-32B-FP8-Static-PerTensor"" --system ""h100_sxm"" --backend ""vllm"" --backend-version ""0.24.0"" --forward-model op_level --max-workers 8",silicon,16,4,PASS=16,"decode_end=3841.393365, decode_start=15.022502, mixed=28.576499, prefill=19.751843",26dae1f99b2b50fb17118f38d8a8e95dfac3357c
Qwen/Qwen3-8B,Qwen3ForCausalLM,h100_sxm,sglang,0.5.10,PASS,,"python python/aisimulate/tools/support_matrix/generate_fpe_support_matrix.py --model ""Qwen/Qwen3-8B"" --system ""h100_sxm"" --backend ""sglang"" --backend-version ""0.5.10"" --forward-model op_level --max-workers 8",silicon,24,6,"PASS=12, SDK_UNREPRESENTABLE=12","decode_end=1709.705524, decode_start=6.670173, mixed=9.282922, prefill=8.611459",26dae1f99b2b50fb17118f38d8a8e95dfac3357c
Qwen/Qwen3-8B,Qwen3ForCausalLM,h100_sxm,sglang,0.5.12,PASS,,"python python/aisimulate/tools/support_matrix/generate_fpe_support_matrix.py --model ""Qwen/Qwen3-8B"" --system ""h100_sxm"" --backend ""sglang"" --backend-version ""0.5.12"" --forward-model op_level --max-workers 8",silicon,24,6,"PASS=12, SDK_UNREPRESENTABLE=12","decode_end=1738.058171, decode_start=6.785605, mixed=9.408804, prefill=8.553795",26dae1f99b2b50fb17118f38d8a8e95dfac3357c
Qwen/Qwen3-8B,Qwen3ForCausalLM,h100_sxm,sglang,0.5.14,PASS,,"python python/aisimulate/tools/support_matrix/generate_fpe_support_matrix.py --model ""Qwen/Qwen3-8B"" --system ""h100_sxm"" --backend ""sglang"" --backend-version ""0.5.14"" --forward-model op_level --max-workers 8",silicon,24,6,"PASS=12, SDK_UNREPRESENTABLE=12","decode_end=1738.058171, decode_start=6.785605, mixed=9.408804, prefill=8.553795",26dae1f99b2b50fb17118f38d8a8e95dfac3357c
Qwen/Qwen3-8B,Qwen3ForCausalLM,h100_sxm,sglang,0.5.16,PASS,,"python python/aisimulate/tools/support_matrix/generate_fpe_support_matrix.py --model ""Qwen/Qwen3-8B"" --system ""h100_sxm"" --backend ""sglang"" --backend-version ""0.5.16"" --forward-model op_level --max-workers 8",silicon,24,6,"PASS=12, SDK_UNREPRESENTABLE=12","decode_end=1738.058171, decode_start=6.785605, mixed=9.408804, prefill=8.553795",26dae1f99b2b50fb17118f38d8a8e95dfac3357c
Qwen/Qwen3-8B,Qwen3ForCausalLM,h100_sxm,sglang,0.5.6.post2,PASS,,"python python/aisimulate/tools/support_matrix/generate_fpe_support_matrix.py --model ""Qwen/Qwen3-8B"" --system ""h100_sxm"" --backend ""sglang"" --backend-version ""0.5.6.post2"" --forward-model op_level --max-workers 8",silicon,24,6,"PASS=12, SDK_UNREPRESENTABLE=12","decode_end=1760.725629, decode_start=6.853389, mixed=9.860976, prefill=8.909644",26dae1f99b2b50fb17118f38d8a8e95dfac3357c
Qwen/Qwen3-8B,Qwen3ForCausalLM,h100_sxm,sglang,0.5.9,PASS,,"python python/aisimulate/tools/support_matrix/generate_fpe_support_matrix.py --model ""Qwen/Qwen3-8B"" --system ""h100_sxm"" --backend ""sglang"" --backend-version ""0.5.9"" --forward-model op_level --max-workers 8",silicon,24,6,"PASS=12, SDK_UNREPRESENTABLE=12","decode_end=1738.574641, decode_start=6.765980, mixed=9.499324, prefill=8.914458",26dae1f99b2b50fb17118f38d8a8e95dfac3357c
Qwen/Qwen3-8B,Qwen3ForCausalLM,h100_sxm,trtllm,1.2.0rc5,PASS,,"python python/aisimulate/tools/support_matrix/generate_fpe_support_matrix.py --model ""Qwen/Qwen3-8B"" --system ""h100_sxm"" --backend ""trtllm"" --backend-version ""1.2.0rc5"" --forward-model op_level --max-workers 8",silicon,12,3,PASS=12,"decode_end=1737.390088, decode_start=6.721419, mixed=9.558451, prefill=8.713306",26dae1f99b2b50fb17118f38d8a8e95dfac3357c
Qwen/Qwen3-8B,Qwen3ForCausalLM,h100_sxm,trtllm,1.3.0rc10,PASS,,"python python/aisimulate/tools/support_matrix/generate_fpe_support_matrix.py --model ""Qwen/Qwen3-8B"" --system ""h100_sxm"" --backend ""trtllm"" --backend-version ""1.3.0rc10"" --forward-model op_level --max-workers 8",silicon,12,3,PASS=12,"decode_end=1766.965124, decode_start=6.839207, mixed=9.678900, prefill=8.767713",26dae1f99b2b50fb17118f38d8a8e95dfac3357c
Qwen/Qwen3-8B,Qwen3ForCausalLM,h100_sxm,trtllm,1.3.0rc15,PASS,,"python python/aisimulate/tools/support_matrix/generate_fpe_support_matrix.py --model ""Qwen/Qwen3-8B"" --system ""h100_sxm"" --backend ""trtllm"" --backend-version ""1.3.0rc15"" --forward-model op_level --max-workers 8",silicon,12,3,PASS=12,"decode_end=1766.965124, decode_start=6.839207, mixed=9.678900, prefill=8.767713",26dae1f99b2b50fb17118f38d8a8e95dfac3357c
Qwen/Qwen3-8B,Qwen3ForCausalLM,h100_sxm,trtllm,1.3.0rc20,PASS,,"python python/aisimulate/tools/support_matrix/generate_fpe_support_matrix.py --model ""Qwen/Qwen3-8B"" --system ""h100_sxm"" --backend ""trtllm"" --backend-version ""1.3.0rc20"" --forward-model op_level --max-workers 8",silicon,12,3,PASS=12,"decode_end=1766.963753, decode_start=6.835379, mixed=9.693568, prefill=8.753449",26dae1f99b2b50fb17118f38d8a8e95dfac3357c
Qwen/Qwen3-8B,Qwen3ForCausalLM,h100_sxm,trtllm,1.3.0rc23,PASS,,"python python/aisimulate/tools/support_matrix/generate_fpe_support_matrix.py --model ""Qwen/Qwen3-8B"" --system ""h100_sxm"" --backend ""trtllm"" --backend-version ""1.3.0rc23"" --forward-model op_level --max-workers 8",silicon,12,3,PASS=12,"decode_end=1766.963753, decode_start=6.835379, mixed=9.693568, prefill=8.753449",26dae1f99b2b50fb17118f38d8a8e95dfac3357c
Qwen/Qwen3-8B,Qwen3ForCausalLM,h100_sxm,vllm,0.1.dev19262,FAIL,Strict-native op-level FPE probes: PERF_DATA_MISSING=12; raw probes=12; topologies=3; source_sha=26dae1f99b2b50fb17118f38d8a8e95dfac3357c. Representative failure: perf database error: perf database error: no GEMM rows loaded from 1 source(s) (first: <repo>/python/aisimulate/src/aiconfigurator_core/systems/data/h100_sxm/vllm/0.1.dev19262/gemm_perf.parquet),"python python/aisimulate/tools/support_matrix/generate_fpe_support_matrix.py --model ""Qwen/Qwen3-8B"" --system ""h100_sxm"" --backend ""vllm"" --backend-version ""0.1.dev19262"" --forward-model op_level --max-workers 8",,12,3,PERF_DATA_MISSING=12,,26dae1f99b2b50fb17118f38d8a8e95dfac3357c
Qwen/Qwen3-8B,Qwen3ForCausalLM,h100_sxm,vllm,0.14.0,PASS,,"python python/aisimulate/tools/support_matrix/generate_fpe_support_matrix.py --model ""Qwen/Qwen3-8B"" --system ""h100_sxm"" --backend ""vllm"" --backend-version ""0.14.0"" --forward-model op_level --max-workers 8",silicon,12,3,PASS=12,"decode_end=1670.174748, decode_start=6.528370, mixed=8.941088, prefill=8.308179",26dae1f99b2b50fb17118f38d8a8e95dfac3357c
Qwen/Qwen3-8B,Qwen3ForCausalLM,h100_sxm,vllm,0.19.0,PASS,,"python python/aisimulate/tools/support_matrix/generate_fpe_support_matrix.py --model ""Qwen/Qwen3-8B"" --system ""h100_sxm"" --backend ""vllm"" --backend-version ""0.19.0"" --forward-model op_level --max-workers 8",silicon,12,3,PASS=12,"decode_end=1684.209153, decode_start=6.584414, mixed=9.301991, prefill=8.820519",26dae1f99b2b50fb17118f38d8a8e95dfac3357c
Qwen/Qwen3-8B,Qwen3ForCausalLM,h100_sxm,vllm,0.22.0,PASS,,"python python/aisimulate/tools/support_matrix/generate_fpe_support_matrix.py --model ""Qwen/Qwen3-8B"" --system ""h100_sxm"" --backend ""vllm"" --backend-version ""0.22.0"" --forward-model op_level --max-workers 8",silicon,12,3,PASS=12,"decode_end=1709.158045, decode_start=6.686302, mixed=9.423829, prefill=8.551489",26dae1f99b2b50fb17118f38d8a8e95dfac3357c
Qwen/Qwen3-8B,Qwen3ForCausalLM,h100_sxm,vllm,0.24.0,PASS,,"python python/aisimulate/tools/support_matrix/generate_fpe_support_matrix.py --model ""Qwen/Qwen3-8B"" --system ""h100_sxm"" --backend ""vllm"" --backend-version ""0.24.0"" --forward-model op_level --max-workers 8",silicon,12,3,PASS=12,"decode_end=1709.158045, decode_start=6.686302, mixed=9.423829, prefill=8.551489",26dae1f99b2b50fb17118f38d8a8e95dfac3357c
Qwen/Qwen3-Coder-480B-A35B-Instruct,Qwen3MoeForCausalLM,h100_sxm,sglang,0.5.10,PASS,,"python python/aisimulate/tools/support_matrix/generate_fpe_support_matrix.py --model ""Qwen/Qwen3-Coder-480B-A35B-Instruct"" --system ""h100_sxm"" --backend ""sglang"" --backend-version ""0.5.10"" --forward-model op_level --max-workers 8",silicon,540,135,"PASS=220, SDK_UNREPRESENTABLE=320","decode_end=27118.485532, decode_start=106.283748, mixed=343.644590, prefill=337.034735",26dae1f99b2b50fb17118f38d8a8e95dfac3357c
Qwen/Qwen3-Coder-480B-A35B-Instruct,Qwen3MoeForCausalLM,h100_sxm,sglang,0.5.12,PASS,,"python python/aisimulate/tools/support_matrix/generate_fpe_support_matrix.py --model ""Qwen/Qwen3-Coder-480B-A35B-Instruct"" --system ""h100_sxm"" --backend ""sglang"" --backend-version ""0.5.12"" --forward-model op_level --max-workers 8",silicon,540,135,"PASS=220, SDK_UNREPRESENTABLE=320","decode_end=26868.112608, decode_start=105.309035, mixed=335.858791, prefill=328.097985",26dae1f99b2b50fb17118f38d8a8e95dfac3357c
Qwen/Qwen3-Coder-480B-A35B-Instruct,Qwen3MoeForCausalLM,h100_sxm,sglang,0.5.14,PASS,,"python python/aisimulate/tools/support_matrix/generate_fpe_support_matrix.py --model ""Qwen/Qwen3-Coder-480B-A35B-Instruct"" --system ""h100_sxm"" --backend ""sglang"" --backend-version ""0.5.14"" --forward-model op_level --max-workers 8",silicon,540,135,"PASS=220, SDK_UNREPRESENTABLE=320","decode_end=26868.112608, decode_start=105.309035, mixed=335.858791, prefill=328.097985",26dae1f99b2b50fb17118f38d8a8e95dfac3357c
Qwen/Qwen3-Coder-480B-A35B-Instruct,Qwen3MoeForCausalLM,h100_sxm,sglang,0.5.16,PASS,,"python python/aisimulate/tools/support_matrix/generate_fpe_support_matrix.py --model ""Qwen/Qwen3-Coder-480B-A35B-Instruct"" --system ""h100_sxm"" --backend ""sglang"" --backend-version ""0.5.16"" --forward-model op_level --max-workers 8",silicon,540,135,"PASS=220, SDK_UNREPRESENTABLE=320","decode_end=26868.112608, decode_start=105.309035, mixed=335.858791, prefill=328.097985",26dae1f99b2b50fb17118f38d8a8e95dfac3357c
Qwen/Qwen3-Coder-480B-A35B-Instruct,Qwen3MoeForCausalLM,h100_sxm,sglang,0.5.6.post2,PASS,,"python python/aisimulate/tools/support_matrix/generate_fpe_support_matrix.py --model ""Qwen/Qwen3-Coder-480B-A35B-Instruct"" --system ""h100_sxm"" --backend ""sglang"" --backend-version ""0.5.6.post2"" --forward-model op_level --max-workers 8",silicon,540,135,"PASS=60, PERF_DATA_MISSING=160, SDK_UNREPRESENTABLE=320","decode_end=286547.520147, decode_start=1123.624175, mixed=3255.300384, prefill=3246.590008",26dae1f99b2b50fb17118f38d8a8e95dfac3357c
Qwen/Qwen3-Coder-480B-A35B-Instruct,Qwen3MoeForCausalLM,h100_sxm,sglang,0.5.9,PASS,,"python python/aisimulate/tools/support_matrix/generate_fpe_support_matrix.py --model ""Qwen/Qwen3-Coder-480B-A35B-Instruct"" --system ""h100_sxm"" --backend ""sglang"" --backend-version ""0.5.9"" --forward-model op_level --max-workers 8",silicon,540,135,"PASS=220, SDK_UNREPRESENTABLE=320","decode_end=27057.066073, decode_start=106.024488, mixed=340.134094, prefill=334.115665",26dae1f99b2b50fb17118f38d8a8e95dfac3357c
Qwen/Qwen3-Coder-480B-A35B-Instruct,Qwen3MoeForCausalLM,h100_sxm,trtllm,1.2.0rc5,PASS,,"python python/aisimulate/tools/support_matrix/generate_fpe_support_matrix.py --model ""Qwen/Qwen3-Coder-480B-A35B-Instruct"" --system ""h100_sxm"" --backend ""trtllm"" --backend-version ""1.2.0rc5"" --forward-model op_level --max-workers 8",silicon,116,29,PASS=116,"decode_end=27454.201629, decode_start=107.501811, mixed=317.490635, prefill=313.763657",26dae1f99b2b50fb17118f38d8a8e95dfac3357c
Qwen/Qwen3-Coder-480B-A35B-Instruct,Qwen3MoeForCausalLM,h100_sxm,trtllm,1.3.0rc10,PASS,,"python python/aisimulate/tools/support_matrix/generate_fpe_support_matrix.py --model ""Qwen/Qwen3-Coder-480B-A35B-Instruct"" --system ""h100_sxm"" --backend ""trtllm"" --backend-version ""1.3.0rc10"" --forward-model op_level --max-workers 8",silicon,116,29,PASS=116,"decode_end=27908.487919, decode_start=109.283681, mixed=306.761849, prefill=303.686649",26dae1f99b2b50fb17118f38d8a8e95dfac3357c
Qwen/Qwen3-Coder-480B-A35B-Instruct,Qwen3MoeForCausalLM,h100_sxm,trtllm,1.3.0rc15,PASS,,"python python/aisimulate/tools/support_matrix/generate_fpe_support_matrix.py --model ""Qwen/Qwen3-Coder-480B-A35B-Instruct"" --system ""h100_sxm"" --backend ""trtllm"" --backend-version ""1.3.0rc15"" --forward-model op_level --max-workers 8",silicon,116,29,PASS=116,"decode_end=27908.487919, decode_start=109.283681, mixed=306.761849, prefill=303.686649",26dae1f99b2b50fb17118f38d8a8e95dfac3357c
Qwen/Qwen3-Coder-480B-A35B-Instruct,Qwen3MoeForCausalLM,h100_sxm,trtllm,1.3.0rc20,PASS,,"python python/aisimulate/tools/support_matrix/generate_fpe_support_matrix.py --model ""Qwen/Qwen3-Coder-480B-A35B-Instruct"" --system ""h100_sxm"" --backend ""trtllm"" --backend-version ""1.3.0rc20"" --forward-model op_level --max-workers 8",silicon,116,29,PASS=116,"decode_end=25692.641897, decode_start=100.591081, mixed=299.169022, prefill=294.951365",26dae1f99b2b50fb17118f38d8a8e95dfac3357c
Qwen/Qwen3-Coder-480B-A35B-Instruct,Qwen3MoeForCausalLM,h100_sxm,trtllm,1.3.0rc23,PASS,,"python python/aisimulate/tools/support_matrix/generate_fpe_support_matrix.py --model ""Qwen/Qwen3-Coder-480B-A35B-Instruct"" --system ""h100_sxm"" --backend ""trtllm"" --backend-version ""1.3.0rc23"" --forward-model op_level --max-workers 8",silicon,116,29,PASS=116,"decode_end=25692.641897, decode_start=100.591081, mixed=299.169022, prefill=294.951365",26dae1f99b2b50fb17118f38d8a8e95dfac3357c
Qwen/Qwen3-Coder-480B-A35B-Instruct,Qwen3MoeForCausalLM,h100_sxm,vllm,0.1.dev19262,FAIL,Strict-native op-level FPE probes: PERF_DATA_MISSING=116; raw probes=116; topologies=29; source_sha=26dae1f99b2b50fb17118f38d8a8e95dfac3357c. Representative failure: perf database error: perf database error: no GEMM rows loaded from 1 source(s) (first: <repo>/python/aisimulate/src/aiconfigurator_core/systems/data/h100_sxm/vllm/0.1.dev19262/gemm_perf.parquet),"python python/aisimulate/tools/support_matrix/generate_fpe_support_matrix.py --model ""Qwen/Qwen3-Coder-480B-A35B-Instruct"" --system ""h100_sxm"" --backend ""vllm"" --backend-version ""0.1.dev19262"" --forward-model op_level --max-workers 8",,116,29,PERF_DATA_MISSING=116,,26dae1f99b2b50fb17118f38d8a8e95dfac3357c
Qwen/Qwen3-Coder-480B-A35B-Instruct,Qwen3MoeForCausalLM,h100_sxm,vllm,0.14.0,PASS,,"python python/aisimulate/tools/support_matrix/generate_fpe_support_matrix.py --model ""Qwen/Qwen3-Coder-480B-A35B-Instruct"" --system ""h100_sxm"" --backend ""vllm"" --backend-version ""0.14.0"" --forward-model op_level --max-workers 8",silicon,116,29,PASS=116,"decode_end=27220.129898, decode_start=106.734918, mixed=338.260851, prefill=333.587115",26dae1f99b2b50fb17118f38d8a8e95dfac3357c
Qwen/Qwen3-Coder-480B-A35B-Instruct,Qwen3MoeForCausalLM,h100_sxm,vllm,0.19.0,PASS,,"python python/aisimulate/tools/support_matrix/generate_fpe_support_matrix.py --model ""Qwen/Qwen3-Coder-480B-A35B-Instruct"" --system ""h100_sxm"" --backend ""vllm"" --backend-version ""0.19.0"" --forward-model op_level --max-workers 8",silicon,116,29,PASS=116,"decode_end=25681.538889, decode_start=100.705735, mixed=311.869745, prefill=309.736439",26dae1f99b2b50fb17118f38d8a8e95dfac3357c
Qwen/Qwen3-Coder-480B-A35B-Instruct,Qwen3MoeForCausalLM,h100_sxm,vllm,0.22.0,PASS,,"python python/aisimulate/tools/support_matrix/generate_fpe_support_matrix.py --model ""Qwen/Qwen3-Coder-480B-A35B-Instruct"" --system ""h100_sxm"" --backend ""vllm"" --backend-version ""0.22.0"" --forward-model op_level --max-workers 8",silicon,116,29,PASS=116,"decode_end=26173.239843, decode_start=102.603388, mixed=321.146858, prefill=320.787147",26dae1f99b2b50fb17118f38d8a8e95dfac3357c
Qwen/Qwen3-Coder-480B-A35B-Instruct,Qwen3MoeForCausalLM,h100_sxm,vllm,0.24.0,PASS,,"python python/aisimulate/tools/support_matrix/generate_fpe_support_matrix.py --model ""Qwen/Qwen3-Coder-480B-A35B-Instruct"" --system ""h100_sxm"" --backend ""vllm"" --backend-version ""0.24.0"" --forward-model op_level --max-workers 8",silicon,116,29,PASS=116,"decode_end=26173.239843, decode_start=102.603388, mixed=321.146858, prefill=320.787147",26dae1f99b2b50fb17118f38d8a8e95dfac3357c
Qwen/Qwen3-VL-235B-A22B-Instruct,Qwen3VLMoeForConditionalGeneration,h100_sxm,sglang,0.5.10,PASS,,"python python/aisimulate/tools/support_matrix/generate_fpe_support_matrix.py --model ""Qwen/Qwen3-VL-235B-A22B-Instruct"" --system ""h100_sxm"" --backend ""sglang"" --backend-version ""0.5.10"" --forward-model op_level --max-workers 8",silicon,540,135,"PASS=220, SDK_UNREPRESENTABLE=320","decode_end=16333.773024, decode_start=63.965457, mixed=184.258484, prefill=169.647503",26dae1f99b2b50fb17118f38d8a8e95dfac3357c
Qwen/Qwen3-VL-235B-A22B-Instruct,Qwen3VLMoeForConditionalGeneration,h100_sxm,sglang,0.5.12,PASS,,"python python/aisimulate/tools/support_matrix/generate_fpe_support_matrix.py --model ""Qwen/Qwen3-VL-235B-A22B-Instruct"" --system ""h100_sxm"" --backend ""sglang"" --backend-version ""0.5.12"" --forward-model op_level --max-workers 8",silicon,540,135,"PASS=220, SDK_UNREPRESENTABLE=320","decode_end=15697.028691, decode_start=61.477989, mixed=181.517428, prefill=166.891411",26dae1f99b2b50fb17118f38d8a8e95dfac3357c
Qwen/Qwen3-VL-235B-A22B-Instruct,Qwen3VLMoeForConditionalGeneration,h100_sxm,sglang,0.5.14,PASS,,"python python/aisimulate/tools/support_matrix/generate_fpe_support_matrix.py --model ""Qwen/Qwen3-VL-235B-A22B-Instruct"" --system ""h100_sxm"" --backend ""sglang"" --backend-version ""0.5.14"" --forward-model op_level --max-workers 8",silicon,540,135,"PASS=220, SDK_UNREPRESENTABLE=320","decode_end=15697.028691, decode_start=61.477989, mixed=181.517428, prefill=166.891411",26dae1f99b2b50fb17118f38d8a8e95dfac3357c
Qwen/Qwen3-VL-235B-A22B-Instruct,Qwen3VLMoeForConditionalGeneration,h100_sxm,sglang,0.5.16,PASS,,"python python/aisimulate/tools/support_matrix/generate_fpe_support_matrix.py --model ""Qwen/Qwen3-VL-235B-A22B-Instruct"" --system ""h100_sxm"" --backend ""sglang"" --backend-version ""0.5.16"" --forward-model op_level --max-workers 8",silicon,540,135,"PASS=220, SDK_UNREPRESENTABLE=320","decode_end=15697.028691, decode_start=61.477989, mixed=181.517428, prefill=166.891411",26dae1f99b2b50fb17118f38d8a8e95dfac3357c
Qwen/Qwen3-VL-235B-A22B-Instruct,Qwen3VLMoeForConditionalGeneration,h100_sxm,sglang,0.5.6.post2,PASS,,"python python/aisimulate/tools/support_matrix/generate_fpe_support_matrix.py --model ""Qwen/Qwen3-VL-235B-A22B-Instruct"" --system ""h100_sxm"" --backend ""sglang"" --backend-version ""0.5.6.post2"" --forward-model op_level --max-workers 8",silicon,540,135,"PASS=60, PERF_DATA_MISSING=160, SDK_UNREPRESENTABLE=320","decode_end=178445.780556, decode_start=699.668029, mixed=1717.836274, prefill=1581.014576",26dae1f99b2b50fb17118f38d8a8e95dfac3357c
Qwen/Qwen3-VL-235B-A22B-Instruct,Qwen3VLMoeForConditionalGeneration,h100_sxm,sglang,0.5.9,PASS,,"python python/aisimulate/tools/support_matrix/generate_fpe_support_matrix.py --model ""Qwen/Qwen3-VL-235B-A22B-Instruct"" --system ""h100_sxm"" --backend ""sglang"" --backend-version ""0.5.9"" --forward-model op_level --max-workers 8",silicon,540,135,"PASS=220, SDK_UNREPRESENTABLE=320","decode_end=16251.379792, decode_start=63.618284, mixed=179.261958, prefill=164.211685",26dae1f99b2b50fb17118f38d8a8e95dfac3357c
Qwen/Qwen3-VL-235B-A22B-Instruct,Qwen3VLMoeForConditionalGeneration,h100_sxm,trtllm,1.2.0rc5,PASS,,"python python/aisimulate/tools/support_matrix/generate_fpe_support_matrix.py --model ""Qwen/Qwen3-VL-235B-A22B-Instruct"" --system ""h100_sxm"" --backend ""trtllm"" --backend-version ""1.2.0rc5"" --forward-model op_level --max-workers 8",silicon,116,29,PASS=116,"decode_end=16053.116521, decode_start=62.965847, mixed=164.031999, prefill=161.932371",26dae1f99b2b50fb17118f38d8a8e95dfac3357c
Qwen/Qwen3-VL-235B-A22B-Instruct,Qwen3VLMoeForConditionalGeneration,h100_sxm,trtllm,1.3.0rc10,PASS,,"python python/aisimulate/tools/support_matrix/generate_fpe_support_matrix.py --model ""Qwen/Qwen3-VL-235B-A22B-Instruct"" --system ""h100_sxm"" --backend ""trtllm"" --backend-version ""1.3.0rc10"" --forward-model op_level --max-workers 8",silicon,116,29,PASS=116,"decode_end=15227.572503, decode_start=59.718933, mixed=163.617088, prefill=161.969524",26dae1f99b2b50fb17118f38d8a8e95dfac3357c
Qwen/Qwen3-VL-235B-A22B-Instruct,Qwen3VLMoeForConditionalGeneration,h100_sxm,trtllm,1.3.0rc15,PASS,,"python python/aisimulate/tools/support_matrix/generate_fpe_support_matrix.py --model ""Qwen/Qwen3-VL-235B-A22B-Instruct"" --system ""h100_sxm"" --backend ""trtllm"" --backend-version ""1.3.0rc15"" --forward-model op_level --max-workers 8",silicon,116,29,PASS=116,"decode_end=15227.572503, decode_start=59.718933, mixed=163.617088, prefill=161.969524",26dae1f99b2b50fb17118f38d8a8e95dfac3357c
Qwen/Qwen3-VL-235B-A22B-Instruct,Qwen3VLMoeForConditionalGeneration,h100_sxm,trtllm,1.3.0rc20,PASS,,"python python/aisimulate/tools/support_matrix/generate_fpe_support_matrix.py --model ""Qwen/Qwen3-VL-235B-A22B-Instruct"" --system ""h100_sxm"" --backend ""trtllm"" --backend-version ""1.3.0rc20"" --forward-model op_level --max-workers 8",silicon,116,29,PASS=116,"decode_end=15359.492093, decode_start=60.250415, mixed=161.030125, prefill=158.680719",26dae1f99b2b50fb17118f38d8a8e95dfac3357c
Qwen/Qwen3-VL-235B-A22B-Instruct,Qwen3VLMoeForConditionalGeneration,h100_sxm,trtllm,1.3.0rc23,PASS,,"python python/aisimulate/tools/support_matrix/generate_fpe_support_matrix.py --model ""Qwen/Qwen3-VL-235B-A22B-Instruct"" --system ""h100_sxm"" --backend ""trtllm"" --backend-version ""1.3.0rc23"" --forward-model op_level --max-workers 8",silicon,116,29,PASS=116,"decode_end=15359.492093, decode_start=60.250415, mixed=161.030125, prefill=158.680719",26dae1f99b2b50fb17118f38d8a8e95dfac3357c
Qwen/Qwen3-VL-235B-A22B-Instruct,Qwen3VLMoeForConditionalGeneration,h100_sxm,vllm,0.1.dev19262,FAIL,Strict-native op-level FPE probes: PERF_DATA_MISSING=116; raw probes=116; topologies=29; source_sha=26dae1f99b2b50fb17118f38d8a8e95dfac3357c. Representative failure: perf database error: perf database error: no GEMM rows loaded from 1 source(s) (first: <repo>/python/aisimulate/src/aiconfigurator_core/systems/data/h100_sxm/vllm/0.1.dev19262/gemm_perf.parquet),"python python/aisimulate/tools/support_matrix/generate_fpe_support_matrix.py --model ""Qwen/Qwen3-VL-235B-A22B-Instruct"" --system ""h100_sxm"" --backend ""vllm"" --backend-version ""0.1.dev19262"" --forward-model op_level --max-workers 8",,116,29,PERF_DATA_MISSING=116,,26dae1f99b2b50fb17118f38d8a8e95dfac3357c
Qwen/Qwen3-VL-235B-A22B-Instruct,Qwen3VLMoeForConditionalGeneration,h100_sxm,vllm,0.14.0,PASS,,"python python/aisimulate/tools/support_matrix/generate_fpe_support_matrix.py --model ""Qwen/Qwen3-VL-235B-A22B-Instruct"" --system ""h100_sxm"" --backend ""vllm"" --backend-version ""0.14.0"" --forward-model op_level --max-workers 8",silicon,116,29,PASS=116,"decode_end=15814.020882, decode_start=61.968328, mixed=179.616145, prefill=165.563146",26dae1f99b2b50fb17118f38d8a8e95dfac3357c
Qwen/Qwen3-VL-235B-A22B-Instruct,Qwen3VLMoeForConditionalGeneration,h100_sxm,vllm,0.19.0,PASS,,"python python/aisimulate/tools/support_matrix/generate_fpe_support_matrix.py --model ""Qwen/Qwen3-VL-235B-A22B-Instruct"" --system ""h100_sxm"" --backend ""vllm"" --backend-version ""0.19.0"" --forward-model op_level --max-workers 8",silicon,116,29,PASS=116,"decode_end=16175.585763, decode_start=63.371356, mixed=168.020833, prefill=166.278000",26dae1f99b2b50fb17118f38d8a8e95dfac3357c
Qwen/Qwen3-VL-235B-A22B-Instruct,Qwen3VLMoeForConditionalGeneration,h100_sxm,vllm,0.22.0,PASS,,"python python/aisimulate/tools/support_matrix/generate_fpe_support_matrix.py --model ""Qwen/Qwen3-VL-235B-A22B-Instruct"" --system ""h100_sxm"" --backend ""vllm"" --backend-version ""0.22.0"" --forward-model op_level --max-workers 8",silicon,116,29,PASS=116,"decode_end=15462.210332, decode_start=60.555773, mixed=167.592979, prefill=165.370848",26dae1f99b2b50fb17118f38d8a8e95dfac3357c
Qwen/Qwen3-VL-235B-A22B-Instruct,Qwen3VLMoeForConditionalGeneration,h100_sxm,vllm,0.24.0,PASS,,"python python/aisimulate/tools/support_matrix/generate_fpe_support_matrix.py --model ""Qwen/Qwen3-VL-235B-A22B-Instruct"" --system ""h100_sxm"" --backend ""vllm"" --backend-version ""0.24.0"" --forward-model op_level --max-workers 8",silicon,116,29,PASS=116,"decode_end=15462.210332, decode_start=60.555773, mixed=167.592979, prefill=165.370848",26dae1f99b2b50fb17118f38d8a8e95dfac3357c
Qwen/Qwen3-VL-2B-Instruct,Qwen3VLForConditionalGeneration,h100_sxm,sglang,0.5.10,PASS,,"python python/aisimulate/tools/support_matrix/generate_fpe_support_matrix.py --model ""Qwen/Qwen3-VL-2B-Instruct"" --system ""h100_sxm"" --backend ""sglang"" --backend-version ""0.5.10"" --forward-model op_level --max-workers 8",silicon,24,6,"PASS=12, SDK_UNREPRESENTABLE=12","decode_end=578.220468, decode_start=2.242171, mixed=3.258560, prefill=2.787082",26dae1f99b2b50fb17118f38d8a8e95dfac3357c
Qwen/Qwen3-VL-2B-Instruct,Qwen3VLForConditionalGeneration,h100_sxm,sglang,0.5.12,PASS,,"python python/aisimulate/tools/support_matrix/generate_fpe_support_matrix.py --model ""Qwen/Qwen3-VL-2B-Instruct"" --system ""h100_sxm"" --backend ""sglang"" --backend-version ""0.5.12"" --forward-model op_level --max-workers 8",silicon,24,6,"PASS=12, SDK_UNREPRESENTABLE=12","decode_end=590.187959, decode_start=2.285505, mixed=3.290978, prefill=2.821032",26dae1f99b2b50fb17118f38d8a8e95dfac3357c
Qwen/Qwen3-VL-2B-Instruct,Qwen3VLForConditionalGeneration,h100_sxm,sglang,0.5.14,PASS,,"python python/aisimulate/tools/support_matrix/generate_fpe_support_matrix.py --model ""Qwen/Qwen3-VL-2B-Instruct"" --system ""h100_sxm"" --backend ""sglang"" --backend-version ""0.5.14"" --forward-model op_level --max-workers 8",silicon,24,6,"PASS=12, SDK_UNREPRESENTABLE=12","decode_end=590.187959, decode_start=2.285505, mixed=3.290978, prefill=2.821032",26dae1f99b2b50fb17118f38d8a8e95dfac3357c
Qwen/Qwen3-VL-2B-Instruct,Qwen3VLForConditionalGeneration,h100_sxm,sglang,0.5.16,PASS,,"python python/aisimulate/tools/support_matrix/generate_fpe_support_matrix.py --model ""Qwen/Qwen3-VL-2B-Instruct"" --system ""h100_sxm"" --backend ""sglang"" --backend-version ""0.5.16"" --forward-model op_level --max-workers 8",silicon,24,6,"PASS=12, SDK_UNREPRESENTABLE=12","decode_end=590.187959, decode_start=2.285505, mixed=3.290978, prefill=2.821032",26dae1f99b2b50fb17118f38d8a8e95dfac3357c
Qwen/Qwen3-VL-2B-Instruct,Qwen3VLForConditionalGeneration,h100_sxm,sglang,0.5.6.post2,PASS,,"python python/aisimulate/tools/support_matrix/generate_fpe_support_matrix.py --model ""Qwen/Qwen3-VL-2B-Instruct"" --system ""h100_sxm"" --backend ""sglang"" --backend-version ""0.5.6.post2"" --forward-model op_level --max-workers 8",silicon,24,6,"PASS=12, SDK_UNREPRESENTABLE=12","decode_end=588.885552, decode_start=2.270873, mixed=3.634519, prefill=2.917702",26dae1f99b2b50fb17118f38d8a8e95dfac3357c
Qwen/Qwen3-VL-2B-Instruct,Qwen3VLForConditionalGeneration,h100_sxm,sglang,0.5.9,PASS,,"python python/aisimulate/tools/support_matrix/generate_fpe_support_matrix.py --model ""Qwen/Qwen3-VL-2B-Instruct"" --system ""h100_sxm"" --backend ""sglang"" --backend-version ""0.5.9"" --forward-model op_level --max-workers 8",silicon,24,6,"PASS=12, SDK_UNREPRESENTABLE=12","decode_end=595.003855, decode_start=2.296505, mixed=3.341567, prefill=2.800172",26dae1f99b2b50fb17118f38d8a8e95dfac3357c
Qwen/Qwen3-VL-2B-Instruct,Qwen3VLForConditionalGeneration,h100_sxm,trtllm,1.2.0rc5,PASS,,"python python/aisimulate/tools/support_matrix/generate_fpe_support_matrix.py --model ""Qwen/Qwen3-VL-2B-Instruct"" --system ""h100_sxm"" --backend ""trtllm"" --backend-version ""1.2.0rc5"" --forward-model op_level --max-workers 8",silicon,12,3,PASS=12,"decode_end=586.780398, decode_start=2.227721, mixed=3.456362, prefill=2.880525",26dae1f99b2b50fb17118f38d8a8e95dfac3357c
Qwen/Qwen3-VL-2B-Instruct,Qwen3VLForConditionalGeneration,h100_sxm,trtllm,1.3.0rc10,PASS,,"python python/aisimulate/tools/support_matrix/generate_fpe_support_matrix.py --model ""Qwen/Qwen3-VL-2B-Instruct"" --system ""h100_sxm"" --backend ""trtllm"" --backend-version ""1.3.0rc10"" --forward-model op_level --max-workers 8",silicon,12,3,PASS=12,"decode_end=590.224075, decode_start=2.244031, mixed=3.411785, prefill=2.884328",26dae1f99b2b50fb17118f38d8a8e95dfac3357c
Qwen/Qwen3-VL-2B-Instruct,Qwen3VLForConditionalGeneration,h100_sxm,trtllm,1.3.0rc15,PASS,,"python python/aisimulate/tools/support_matrix/generate_fpe_support_matrix.py --model ""Qwen/Qwen3-VL-2B-Instruct"" --system ""h100_sxm"" --backend ""trtllm"" --backend-version ""1.3.0rc15"" --forward-model op_level --max-workers 8",silicon,12,3,PASS=12,"decode_end=590.224075, decode_start=2.244031, mixed=3.411785, prefill=2.884328",26dae1f99b2b50fb17118f38d8a8e95dfac3357c
Qwen/Qwen3-VL-2B-Instruct,Qwen3VLForConditionalGeneration,h100_sxm,trtllm,1.3.0rc20,PASS,,"python python/aisimulate/tools/support_matrix/generate_fpe_support_matrix.py --model ""Qwen/Qwen3-VL-2B-Instruct"" --system ""h100_sxm"" --backend ""trtllm"" --backend-version ""1.3.0rc20"" --forward-model op_level --max-workers 8",silicon,12,3,PASS=12,"decode_end=591.153401, decode_start=2.243541, mixed=3.430843, prefill=2.853442",26dae1f99b2b50fb17118f38d8a8e95dfac3357c
Qwen/Qwen3-VL-2B-Instruct,Qwen3VLForConditionalGeneration,h100_sxm,trtllm,1.3.0rc23,PASS,,"python python/aisimulate/tools/support_matrix/generate_fpe_support_matrix.py --model ""Qwen/Qwen3-VL-2B-Instruct"" --system ""h100_sxm"" --backend ""trtllm"" --backend-version ""1.3.0rc23"" --forward-model op_level --max-workers 8",silicon,12,3,PASS=12,"decode_end=591.153401, decode_start=2.243541, mixed=3.430843, prefill=2.853442",26dae1f99b2b50fb17118f38d8a8e95dfac3357c
Qwen/Qwen3-VL-2B-Instruct,Qwen3VLForConditionalGeneration,h100_sxm,vllm,0.1.dev19262,FAIL,Strict-native op-level FPE probes: PERF_DATA_MISSING=12; raw probes=12; topologies=3; source_sha=26dae1f99b2b50fb17118f38d8a8e95dfac3357c. Representative failure: perf database error: perf database error: no GEMM rows loaded from 1 source(s) (first: <repo>/python/aisimulate/src/aiconfigurator_core/systems/data/h100_sxm/vllm/0.1.dev19262/gemm_perf.parquet),"python python/aisimulate/tools/support_matrix/generate_fpe_support_matrix.py --model ""Qwen/Qwen3-VL-2B-Instruct"" --system ""h100_sxm"" --backend ""vllm"" --backend-version ""0.1.dev19262"" --forward-model op_level --max-workers 8",,12,3,PERF_DATA_MISSING=12,,26dae1f99b2b50fb17118f38d8a8e95dfac3357c
Qwen/Qwen3-VL-2B-Instruct,Qwen3VLForConditionalGeneration,h100_sxm,vllm,0.14.0,PASS,,"python python/aisimulate/tools/support_matrix/generate_fpe_support_matrix.py --model ""Qwen/Qwen3-VL-2B-Instruct"" --system ""h100_sxm"" --backend ""vllm"" --backend-version ""0.14.0"" --forward-model op_level --max-workers 8",silicon,12,3,PASS=12,"decode_end=593.222226, decode_start=2.307952, mixed=3.202277, prefill=2.755881",26dae1f99b2b50fb17118f38d8a8e95dfac3357c
Qwen/Qwen3-VL-2B-Instruct,Qwen3VLForConditionalGeneration,h100_sxm,vllm,0.19.0,PASS,,"python python/aisimulate/tools/support_matrix/generate_fpe_support_matrix.py --model ""Qwen/Qwen3-VL-2B-Instruct"" --system ""h100_sxm"" --backend ""vllm"" --backend-version ""0.19.0"" --forward-model op_level --max-workers 8",silicon,12,3,PASS=12,"decode_end=562.266848, decode_start=2.192041, mixed=3.216548, prefill=2.746252",26dae1f99b2b50fb17118f38d8a8e95dfac3357c
Qwen/Qwen3-VL-2B-Instruct,Qwen3VLForConditionalGeneration,h100_sxm,vllm,0.22.0,PASS,,"python python/aisimulate/tools/support_matrix/generate_fpe_support_matrix.py --model ""Qwen/Qwen3-VL-2B-Instruct"" --system ""h100_sxm"" --backend ""vllm"" --backend-version ""0.22.0"" --forward-model op_level --max-workers 8",silicon,12,3,PASS=12,"decode_end=568.236234, decode_start=2.217838, mixed=3.250028, prefill=2.790578",26dae1f99b2b50fb17118f38d8a8e95dfac3357c
Qwen/Qwen3-VL-2B-Instruct,Qwen3VLForConditionalGeneration,h100_sxm,vllm,0.24.0,PASS,,"python python/aisimulate/tools/support_matrix/generate_fpe_support_matrix.py --model ""Qwen/Qwen3-VL-2B-Instruct"" --system ""h100_sxm"" --backend ""vllm"" --backend-version ""0.24.0"" --forward-model op_level --max-workers 8",silicon,12,3,PASS=12,"decode_end=568.236234, decode_start=2.217838, mixed=3.250028, prefill=2.790578",26dae1f99b2b50fb17118f38d8a8e95dfac3357c
Qwen/Qwen3-VL-30B-A3B-Instruct,Qwen3VLMoeForConditionalGeneration,h100_sxm,sglang,0.5.10,PASS,,"python python/aisimulate/tools/support_matrix/generate_fpe_support_matrix.py --model ""Qwen/Qwen3-VL-30B-A3B-Instruct"" --system ""h100_sxm"" --backend ""sglang"" --backend-version ""0.5.10"" --forward-model op_level --max-workers 8",silicon,540,135,"PASS=164, PERF_DATA_MISSING=56, SDK_UNREPRESENTABLE=320","decode_end=2769.905710, decode_start=10.820472, mixed=24.641409, prefill=23.836083",26dae1f99b2b50fb17118f38d8a8e95dfac3357c
Qwen/Qwen3-VL-30B-A3B-Instruct,Qwen3VLMoeForConditionalGeneration,h100_sxm,sglang,0.5.12,PASS,,"python python/aisimulate/tools/support_matrix/generate_fpe_support_matrix.py --model ""Qwen/Qwen3-VL-30B-A3B-Instruct"" --system ""h100_sxm"" --backend ""sglang"" --backend-version ""0.5.12"" --forward-model op_level --max-workers 8",silicon,540,135,"PASS=220, SDK_UNREPRESENTABLE=320","decode_end=2501.788820, decode_start=9.766455, mixed=24.225719, prefill=23.428010",26dae1f99b2b50fb17118f38d8a8e95dfac3357c
Qwen/Qwen3-VL-30B-A3B-Instruct,Qwen3VLMoeForConditionalGeneration,h100_sxm,sglang,0.5.14,PASS,,"python python/aisimulate/tools/support_matrix/generate_fpe_support_matrix.py --model ""Qwen/Qwen3-VL-30B-A3B-Instruct"" --system ""h100_sxm"" --backend ""sglang"" --backend-version ""0.5.14"" --forward-model op_level --max-workers 8",silicon,540,135,"PASS=220, SDK_UNREPRESENTABLE=320","decode_end=2501.788820, decode_start=9.766455, mixed=24.225719, prefill=23.428010",26dae1f99b2b50fb17118f38d8a8e95dfac3357c
Qwen/Qwen3-VL-30B-A3B-Instruct,Qwen3VLMoeForConditionalGeneration,h100_sxm,sglang,0.5.16,PASS,,"python python/aisimulate/tools/support_matrix/generate_fpe_support_matrix.py --model ""Qwen/Qwen3-VL-30B-A3B-Instruct"" --system ""h100_sxm"" --backend ""sglang"" --backend-version ""0.5.16"" --forward-model op_level --max-workers 8",silicon,540,135,"PASS=220, SDK_UNREPRESENTABLE=320","decode_end=2501.788820, decode_start=9.766455, mixed=24.225719, prefill=23.428010",26dae1f99b2b50fb17118f38d8a8e95dfac3357c
Qwen/Qwen3-VL-30B-A3B-Instruct,Qwen3VLMoeForConditionalGeneration,h100_sxm,sglang,0.5.6.post2,PASS,,"python python/aisimulate/tools/support_matrix/generate_fpe_support_matrix.py --model ""Qwen/Qwen3-VL-30B-A3B-Instruct"" --system ""h100_sxm"" --backend ""sglang"" --backend-version ""0.5.6.post2"" --forward-model op_level --max-workers 8",silicon,540,135,"PASS=24, PERF_DATA_MISSING=196, SDK_UNREPRESENTABLE=320","decode_end=22955.687952, decode_start=89.956554, mixed=208.041389, prefill=206.475117",26dae1f99b2b50fb17118f38d8a8e95dfac3357c
Qwen/Qwen3-VL-30B-A3B-Instruct,Qwen3VLMoeForConditionalGeneration,h100_sxm,sglang,0.5.9,PASS,,"python python/aisimulate/tools/support_matrix/generate_fpe_support_matrix.py --model ""Qwen/Qwen3-VL-30B-A3B-Instruct"" --system ""h100_sxm"" --backend ""sglang"" --backend-version ""0.5.9"" --forward-model op_level --max-workers 8",silicon,540,135,"PASS=164, PERF_DATA_MISSING=56, SDK_UNREPRESENTABLE=320","decode_end=2719.775511, decode_start=10.603157, mixed=24.315828, prefill=23.401988",26dae1f99b2b50fb17118f38d8a8e95dfac3357c
Qwen/Qwen3-VL-30B-A3B-Instruct,Qwen3VLMoeForConditionalGeneration,h100_sxm,trtllm,1.2.0rc5,PASS,,"python python/aisimulate/tools/support_matrix/generate_fpe_support_matrix.py --model ""Qwen/Qwen3-VL-30B-A3B-Instruct"" --system ""h100_sxm"" --backend ""trtllm"" --backend-version ""1.2.0rc5"" --forward-model op_level --max-workers 8",silicon,116,29,"PASS=92, PERF_DATA_MISSING=24","decode_end=2674.861478, decode_start=10.477007, mixed=24.323430, prefill=23.525953",26dae1f99b2b50fb17118f38d8a8e95dfac3357c
Qwen/Qwen3-VL-30B-A3B-Instruct,Qwen3VLMoeForConditionalGeneration,h100_sxm,trtllm,1.3.0rc10,PASS,,"python python/aisimulate/tools/support_matrix/generate_fpe_support_matrix.py --model ""Qwen/Qwen3-VL-30B-A3B-Instruct"" --system ""h100_sxm"" --backend ""trtllm"" --backend-version ""1.3.0rc10"" --forward-model op_level --max-workers 8",silicon,116,29,"PASS=92, PERF_DATA_MISSING=24","decode_end=2581.038033, decode_start=10.117759, mixed=23.845923, prefill=22.930280",26dae1f99b2b50fb17118f38d8a8e95dfac3357c
Qwen/Qwen3-VL-30B-A3B-Instruct,Qwen3VLMoeForConditionalGeneration,h100_sxm,trtllm,1.3.0rc15,PASS,,"python python/aisimulate/tools/support_matrix/generate_fpe_support_matrix.py --model ""Qwen/Qwen3-VL-30B-A3B-Instruct"" --system ""h100_sxm"" --backend ""trtllm"" --backend-version ""1.3.0rc15"" --forward-model op_level --max-workers 8",silicon,116,29,"PASS=92, PERF_DATA_MISSING=24","decode_end=2581.038033, decode_start=10.117759, mixed=23.845923, prefill=22.930280",26dae1f99b2b50fb17118f38d8a8e95dfac3357c
Qwen/Qwen3-VL-30B-A3B-Instruct,Qwen3VLMoeForConditionalGeneration,h100_sxm,trtllm,1.3.0rc20,PASS,,"python python/aisimulate/tools/support_matrix/generate_fpe_support_matrix.py --model ""Qwen/Qwen3-VL-30B-A3B-Instruct"" --system ""h100_sxm"" --backend ""trtllm"" --backend-version ""1.3.0rc20"" --forward-model op_level --max-workers 8",silicon,116,29,PASS=116,"decode_end=2474.346643, decode_start=9.686451, mixed=24.039433, prefill=23.223938",26dae1f99b2b50fb17118f38d8a8e95dfac3357c
Qwen/Qwen3-VL-30B-A3B-Instruct,Qwen3VLMoeForConditionalGeneration,h100_sxm,trtllm,1.3.0rc23,PASS,,"python python/aisimulate/tools/support_matrix/generate_fpe_support_matrix.py --model ""Qwen/Qwen3-VL-30B-A3B-Instruct"" --system ""h100_sxm"" --backend ""trtllm"" --backend-version ""1.3.0rc23"" --forward-model op_level --max-workers 8",silicon,116,29,PASS=116,"decode_end=2474.346643, decode_start=9.686451, mixed=24.039433, prefill=23.223938",26dae1f99b2b50fb17118f38d8a8e95dfac3357c
Qwen/Qwen3-VL-30B-A3B-Instruct,Qwen3VLMoeForConditionalGeneration,h100_sxm,vllm,0.1.dev19262,FAIL,Strict-native op-level FPE probes: PERF_DATA_MISSING=116; raw probes=116; topologies=29; source_sha=26dae1f99b2b50fb17118f38d8a8e95dfac3357c. Representative failure: perf database error: perf database error: no GEMM rows loaded from 1 source(s) (first: <repo>/python/aisimulate/src/aiconfigurator_core/systems/data/h100_sxm/vllm/0.1.dev19262/gemm_perf.parquet),"python python/aisimulate/tools/support_matrix/generate_fpe_support_matrix.py --model ""Qwen/Qwen3-VL-30B-A3B-Instruct"" --system ""h100_sxm"" --backend ""vllm"" --backend-version ""0.1.dev19262"" --forward-model op_level --max-workers 8",,116,29,PERF_DATA_MISSING=116,,26dae1f99b2b50fb17118f38d8a8e95dfac3357c
Qwen/Qwen3-VL-30B-A3B-Instruct,Qwen3VLMoeForConditionalGeneration,h100_sxm,vllm,0.14.0,PASS,,"python python/aisimulate/tools/support_matrix/generate_fpe_support_matrix.py --model ""Qwen/Qwen3-VL-30B-A3B-Instruct"" --system ""h100_sxm"" --backend ""vllm"" --backend-version ""0.14.0"" --forward-model op_level --max-workers 8",silicon,116,29,"PASS=80, PERF_DATA_MISSING=36","decode_end=2647.429978, decode_start=10.366813, mixed=25.306602, prefill=23.718623",26dae1f99b2b50fb17118f38d8a8e95dfac3357c
Qwen/Qwen3-VL-30B-A3B-Instruct,Qwen3VLMoeForConditionalGeneration,h100_sxm,vllm,0.19.0,PASS,,"python python/aisimulate/tools/support_matrix/generate_fpe_support_matrix.py --model ""Qwen/Qwen3-VL-30B-A3B-Instruct"" --system ""h100_sxm"" --backend ""vllm"" --backend-version ""0.19.0"" --forward-model op_level --max-workers 8",silicon,116,29,"PASS=80, PERF_DATA_MISSING=36","decode_end=2633.218267, decode_start=10.298476, mixed=24.458864, prefill=23.714447",26dae1f99b2b50fb17118f38d8a8e95dfac3357c
Qwen/Qwen3-VL-30B-A3B-Instruct,Qwen3VLMoeForConditionalGeneration,h100_sxm,vllm,0.22.0,PASS,,"python python/aisimulate/tools/support_matrix/generate_fpe_support_matrix.py --model ""Qwen/Qwen3-VL-30B-A3B-Instruct"" --system ""h100_sxm"" --backend ""vllm"" --backend-version ""0.22.0"" --forward-model op_level --max-workers 8",silicon,116,29,PASS=116,"decode_end=2653.967246, decode_start=10.364665, mixed=25.068035, prefill=24.270827",26dae1f99b2b50fb17118f38d8a8e95dfac3357c
Qwen/Qwen3-VL-30B-A3B-Instruct,Qwen3VLMoeForConditionalGeneration,h100_sxm,vllm,0.24.0,PASS,,"python python/aisimulate/tools/support_matrix/generate_fpe_support_matrix.py --model ""Qwen/Qwen3-VL-30B-A3B-Instruct"" --system ""h100_sxm"" --backend ""vllm"" --backend-version ""0.24.0"" --forward-model op_level --max-workers 8",silicon,116,29,PASS=116,"decode_end=2653.967246, decode_start=10.364665, mixed=25.068035, prefill=24.270827",26dae1f99b2b50fb17118f38d8a8e95dfac3357c
Qwen/Qwen3-VL-32B-Instruct,Qwen3VLForConditionalGeneration,h100_sxm,sglang,0.5.10,PASS,,"python python/aisimulate/tools/support_matrix/generate_fpe_support_matrix.py --model ""Qwen/Qwen3-VL-32B-Instruct"" --system ""h100_sxm"" --backend ""sglang"" --backend-version ""0.5.10"" --forward-model op_level --max-workers 8",silicon,40,10,"PASS=16, SDK_UNREPRESENTABLE=24","decode_end=6314.846250, decode_start=24.704841, mixed=29.153448, prefill=30.071188",26dae1f99b2b50fb17118f38d8a8e95dfac3357c
Qwen/Qwen3-VL-32B-Instruct,Qwen3VLForConditionalGeneration,h100_sxm,sglang,0.5.12,PASS,,"python python/aisimulate/tools/support_matrix/generate_fpe_support_matrix.py --model ""Qwen/Qwen3-VL-32B-Instruct"" --system ""h100_sxm"" --backend ""sglang"" --backend-version ""0.5.12"" --forward-model op_level --max-workers 8",silicon,40,10,"PASS=16, SDK_UNREPRESENTABLE=24","decode_end=6476.784518, decode_start=25.336650, mixed=29.910554, prefill=28.322766",26dae1f99b2b50fb17118f38d8a8e95dfac3357c
Qwen/Qwen3-VL-32B-Instruct,Qwen3VLForConditionalGeneration,h100_sxm,sglang,0.5.14,PASS,,"python python/aisimulate/tools/support_matrix/generate_fpe_support_matrix.py --model ""Qwen/Qwen3-VL-32B-Instruct"" --system ""h100_sxm"" --backend ""sglang"" --backend-version ""0.5.14"" --forward-model op_level --max-workers 8",silicon,40,10,"PASS=16, SDK_UNREPRESENTABLE=24","decode_end=6476.784518, decode_start=25.336650, mixed=29.910554, prefill=28.322766",26dae1f99b2b50fb17118f38d8a8e95dfac3357c
Qwen/Qwen3-VL-32B-Instruct,Qwen3VLForConditionalGeneration,h100_sxm,sglang,0.5.16,PASS,,"python python/aisimulate/tools/support_matrix/generate_fpe_support_matrix.py --model ""Qwen/Qwen3-VL-32B-Instruct"" --system ""h100_sxm"" --backend ""sglang"" --backend-version ""0.5.16"" --forward-model op_level --max-workers 8",silicon,40,10,"PASS=16, SDK_UNREPRESENTABLE=24","decode_end=6476.784518, decode_start=25.336650, mixed=29.910554, prefill=28.322766",26dae1f99b2b50fb17118f38d8a8e95dfac3357c
Qwen/Qwen3-VL-32B-Instruct,Qwen3VLForConditionalGeneration,h100_sxm,sglang,0.5.6.post2,PASS,,"python python/aisimulate/tools/support_matrix/generate_fpe_support_matrix.py --model ""Qwen/Qwen3-VL-32B-Instruct"" --system ""h100_sxm"" --backend ""sglang"" --backend-version ""0.5.6.post2"" --forward-model op_level --max-workers 8",silicon,40,10,"PASS=16, SDK_UNREPRESENTABLE=24","decode_end=6495.583757, decode_start=25.397406, mixed=30.017284, prefill=28.316210",26dae1f99b2b50fb17118f38d8a8e95dfac3357c
Qwen/Qwen3-VL-32B-Instruct,Qwen3VLForConditionalGeneration,h100_sxm,sglang,0.5.9,PASS,,"python python/aisimulate/tools/support_matrix/generate_fpe_support_matrix.py --model ""Qwen/Qwen3-VL-32B-Instruct"" --system ""h100_sxm"" --backend ""sglang"" --backend-version ""0.5.9"" --forward-model op_level --max-workers 8",silicon,40,10,"PASS=16, SDK_UNREPRESENTABLE=24","decode_end=6850.375491, decode_start=26.775708, mixed=29.616815, prefill=28.022384",26dae1f99b2b50fb17118f38d8a8e95dfac3357c
Qwen/Qwen3-VL-32B-Instruct,Qwen3VLForConditionalGeneration,h100_sxm,trtllm,1.2.0rc5,PASS,,"python python/aisimulate/tools/support_matrix/generate_fpe_support_matrix.py --model ""Qwen/Qwen3-VL-32B-Instruct"" --system ""h100_sxm"" --backend ""trtllm"" --backend-version ""1.2.0rc5"" --forward-model op_level --max-workers 8",silicon,16,4,PASS=16,"decode_end=6450.751085, decode_start=25.139236, mixed=30.292767, prefill=28.484809",26dae1f99b2b50fb17118f38d8a8e95dfac3357c
Qwen/Qwen3-VL-32B-Instruct,Qwen3VLForConditionalGeneration,h100_sxm,trtllm,1.3.0rc10,PASS,,"python python/aisimulate/tools/support_matrix/generate_fpe_support_matrix.py --model ""Qwen/Qwen3-VL-32B-Instruct"" --system ""h100_sxm"" --backend ""trtllm"" --backend-version ""1.3.0rc10"" --forward-model op_level --max-workers 8",silicon,16,4,PASS=16,"decode_end=6531.839342, decode_start=25.451840, mixed=30.335252, prefill=28.896020",26dae1f99b2b50fb17118f38d8a8e95dfac3357c
Qwen/Qwen3-VL-32B-Instruct,Qwen3VLForConditionalGeneration,h100_sxm,trtllm,1.3.0rc15,PASS,,"python python/aisimulate/tools/support_matrix/generate_fpe_support_matrix.py --model ""Qwen/Qwen3-VL-32B-Instruct"" --system ""h100_sxm"" --backend ""trtllm"" --backend-version ""1.3.0rc15"" --forward-model op_level --max-workers 8",silicon,16,4,PASS=16,"decode_end=6531.839342, decode_start=25.451840, mixed=30.335252, prefill=28.896020",26dae1f99b2b50fb17118f38d8a8e95dfac3357c
Qwen/Qwen3-VL-32B-Instruct,Qwen3VLForConditionalGeneration,h100_sxm,trtllm,1.3.0rc20,PASS,,"python python/aisimulate/tools/support_matrix/generate_fpe_support_matrix.py --model ""Qwen/Qwen3-VL-32B-Instruct"" --system ""h100_sxm"" --backend ""trtllm"" --backend-version ""1.3.0rc20"" --forward-model op_level --max-workers 8",silicon,16,4,PASS=16,"decode_end=6540.766299, decode_start=25.481290, mixed=30.869451, prefill=28.813871",26dae1f99b2b50fb17118f38d8a8e95dfac3357c
Qwen/Qwen3-VL-32B-Instruct,Qwen3VLForConditionalGeneration,h100_sxm,trtllm,1.3.0rc23,PASS,,"python python/aisimulate/tools/support_matrix/generate_fpe_support_matrix.py --model ""Qwen/Qwen3-VL-32B-Instruct"" --system ""h100_sxm"" --backend ""trtllm"" --backend-version ""1.3.0rc23"" --forward-model op_level --max-workers 8",silicon,16,4,PASS=16,"decode_end=6540.766299, decode_start=25.481290, mixed=30.869451, prefill=28.813871",26dae1f99b2b50fb17118f38d8a8e95dfac3357c
Qwen/Qwen3-VL-32B-Instruct,Qwen3VLForConditionalGeneration,h100_sxm,vllm,0.1.dev19262,FAIL,Strict-native op-level FPE probes: PERF_DATA_MISSING=16; raw probes=16; topologies=4; source_sha=26dae1f99b2b50fb17118f38d8a8e95dfac3357c. Representative failure: perf database error: perf database error: no GEMM rows loaded from 1 source(s) (first: <repo>/python/aisimulate/src/aiconfigurator_core/systems/data/h100_sxm/vllm/0.1.dev19262/gemm_perf.parquet),"python python/aisimulate/tools/support_matrix/generate_fpe_support_matrix.py --model ""Qwen/Qwen3-VL-32B-Instruct"" --system ""h100_sxm"" --backend ""vllm"" --backend-version ""0.1.dev19262"" --forward-model op_level --max-workers 8",,16,4,PERF_DATA_MISSING=16,,26dae1f99b2b50fb17118f38d8a8e95dfac3357c
Qwen/Qwen3-VL-32B-Instruct,Qwen3VLForConditionalGeneration,h100_sxm,vllm,0.14.0,PASS,,"python python/aisimulate/tools/support_matrix/generate_fpe_support_matrix.py --model ""Qwen/Qwen3-VL-32B-Instruct"" --system ""h100_sxm"" --backend ""vllm"" --backend-version ""0.14.0"" --forward-model op_level --max-workers 8",silicon,16,4,PASS=16,"decode_end=6049.101978, decode_start=23.683069, mixed=28.103269, prefill=27.006439",26dae1f99b2b50fb17118f38d8a8e95dfac3357c
Qwen/Qwen3-VL-32B-Instruct,Qwen3VLForConditionalGeneration,h100_sxm,vllm,0.19.0,PASS,,"python python/aisimulate/tools/support_matrix/generate_fpe_support_matrix.py --model ""Qwen/Qwen3-VL-32B-Instruct"" --system ""h100_sxm"" --backend ""vllm"" --backend-version ""0.19.0"" --forward-model op_level --max-workers 8",silicon,16,4,PASS=16,"decode_end=6853.507801, decode_start=26.846353, mixed=29.074259, prefill=28.391944",26dae1f99b2b50fb17118f38d8a8e95dfac3357c
Qwen/Qwen3-VL-32B-Instruct,Qwen3VLForConditionalGeneration,h100_sxm,vllm,0.22.0,PASS,,"python python/aisimulate/tools/support_matrix/generate_fpe_support_matrix.py --model ""Qwen/Qwen3-VL-32B-Instruct"" --system ""h100_sxm"" --backend ""vllm"" --backend-version ""0.22.0"" --forward-model op_level --max-workers 8",silicon,16,4,PASS=16,"decode_end=6635.959943, decode_start=25.991447, mixed=30.891336, prefill=29.055153",26dae1f99b2b50fb17118f38d8a8e95dfac3357c
Qwen/Qwen3-VL-32B-Instruct,Qwen3VLForConditionalGeneration,h100_sxm,vllm,0.24.0,PASS,,"python python/aisimulate/tools/support_matrix/generate_fpe_support_matrix.py --model ""Qwen/Qwen3-VL-32B-Instruct"" --system ""h100_sxm"" --backend ""vllm"" --backend-version ""0.24.0"" --forward-model op_level --max-workers 8",silicon,16,4,PASS=16,"decode_end=6635.959943, decode_start=25.991447, mixed=30.891336, prefill=29.055153",26dae1f99b2b50fb17118f38d8a8e95dfac3357c
Qwen/Qwen3-VL-32B-Thinking,Qwen3VLForConditionalGeneration,h100_sxm,sglang,0.5.10,PASS,,"python python/aisimulate/tools/support_matrix/generate_fpe_support_matrix.py --model ""Qwen/Qwen3-VL-32B-Thinking"" --system ""h100_sxm"" --backend ""sglang"" --backend-version ""0.5.10"" --forward-model op_level --max-workers 8",silicon,40,10,"PASS=16, SDK_UNREPRESENTABLE=24","decode_end=6314.846250, decode_start=24.704841, mixed=29.153448, prefill=30.071188",26dae1f99b2b50fb17118f38d8a8e95dfac3357c
Qwen/Qwen3-VL-32B-Thinking,Qwen3VLForConditionalGeneration,h100_sxm,sglang,0.5.12,PASS,,"python python/aisimulate/tools/support_matrix/generate_fpe_support_matrix.py --model ""Qwen/Qwen3-VL-32B-Thinking"" --system ""h100_sxm"" --backend ""sglang"" --backend-version ""0.5.12"" --forward-model op_level --max-workers 8",silicon,40,10,"PASS=16, SDK_UNREPRESENTABLE=24","decode_end=6476.784518, decode_start=25.336650, mixed=29.910554, prefill=28.322766",26dae1f99b2b50fb17118f38d8a8e95dfac3357c
Qwen/Qwen3-VL-32B-Thinking,Qwen3VLForConditionalGeneration,h100_sxm,sglang,0.5.14,PASS,,"python python/aisimulate/tools/support_matrix/generate_fpe_support_matrix.py --model ""Qwen/Qwen3-VL-32B-Thinking"" --system ""h100_sxm"" --backend ""sglang"" --backend-version ""0.5.14"" --forward-model op_level --max-workers 8",silicon,40,10,"PASS=16, SDK_UNREPRESENTABLE=24","decode_end=6476.784518, decode_start=25.336650, mixed=29.910554, prefill=28.322766",26dae1f99b2b50fb17118f38d8a8e95dfac3357c
Qwen/Qwen3-VL-32B-Thinking,Qwen3VLForConditionalGeneration,h100_sxm,sglang,0.5.16,PASS,,"python python/aisimulate/tools/support_matrix/generate_fpe_support_matrix.py --model ""Qwen/Qwen3-VL-32B-Thinking"" --system ""h100_sxm"" --backend ""sglang"" --backend-version ""0.5.16"" --forward-model op_level --max-workers 8",silicon,40,10,"PASS=16, SDK_UNREPRESENTABLE=24","decode_end=6476.784518, decode_start=25.336650, mixed=29.910554, prefill=28.322766",26dae1f99b2b50fb17118f38d8a8e95dfac3357c
Qwen/Qwen3-VL-32B-Thinking,Qwen3VLForConditionalGeneration,h100_sxm,sglang,0.5.6.post2,PASS,,"python python/aisimulate/tools/support_matrix/generate_fpe_support_matrix.py --model ""Qwen/Qwen3-VL-32B-Thinking"" --system ""h100_sxm"" --backend ""sglang"" --backend-version ""0.5.6.post2"" --forward-model op_level --max-workers 8",silicon,40,10,"PASS=16, SDK_UNREPRESENTABLE=24","decode_end=6495.583757, decode_start=25.397406, mixed=30.017284, prefill=28.316210",26dae1f99b2b50fb17118f38d8a8e95dfac3357c
Qwen/Qwen3-VL-32B-Thinking,Qwen3VLForConditionalGeneration,h100_sxm,sglang,0.5.9,PASS,,"python python/aisimulate/tools/support_matrix/generate_fpe_support_matrix.py --model ""Qwen/Qwen3-VL-32B-Thinking"" --system ""h100_sxm"" --backend ""sglang"" --backend-version ""0.5.9"" --forward-model op_level --max-workers 8",silicon,40,10,"PASS=16, SDK_UNREPRESENTABLE=24","decode_end=6850.375491, decode_start=26.775708, mixed=29.616815, prefill=28.022384",26dae1f99b2b50fb17118f38d8a8e95dfac3357c
Qwen/Qwen3-VL-32B-Thinking,Qwen3VLForConditionalGeneration,h100_sxm,trtllm,1.2.0rc5,PASS,,"python python/aisimulate/tools/support_matrix/generate_fpe_support_matrix.py --model ""Qwen/Qwen3-VL-32B-Thinking"" --system ""h100_sxm"" --backend ""trtllm"" --backend-version ""1.2.0rc5"" --forward-model op_level --max-workers 8",silicon,16,4,PASS=16,"decode_end=6450.751085, decode_start=25.139236, mixed=30.292767, prefill=28.484809",26dae1f99b2b50fb17118f38d8a8e95dfac3357c
Qwen/Qwen3-VL-32B-Thinking,Qwen3VLForConditionalGeneration,h100_sxm,trtllm,1.3.0rc10,PASS,,"python python/aisimulate/tools/support_matrix/generate_fpe_support_matrix.py --model ""Qwen/Qwen3-VL-32B-Thinking"" --system ""h100_sxm"" --backend ""trtllm"" --backend-version ""1.3.0rc10"" --forward-model op_level --max-workers 8",silicon,16,4,PASS=16,"decode_end=6531.839342, decode_start=25.451840, mixed=30.335252, prefill=28.896020",26dae1f99b2b50fb17118f38d8a8e95dfac3357c
Qwen/Qwen3-VL-32B-Thinking,Qwen3VLForConditionalGeneration,h100_sxm,trtllm,1.3.0rc15,PASS,,"python python/aisimulate/tools/support_matrix/generate_fpe_support_matrix.py --model ""Qwen/Qwen3-VL-32B-Thinking"" --system ""h100_sxm"" --backend ""trtllm"" --backend-version ""1.3.0rc15"" --forward-model op_level --max-workers 8",silicon,16,4,PASS=16,"decode_end=6531.839342, decode_start=25.451840, mixed=30.335252, prefill=28.896020",26dae1f99b2b50fb17118f38d8a8e95dfac3357c
Qwen/Qwen3-VL-32B-Thinking,Qwen3VLForConditionalGeneration,h100_sxm,trtllm,1.3.0rc20,PASS,,"python python/aisimulate/tools/support_matrix/generate_fpe_support_matrix.py --model ""Qwen/Qwen3-VL-32B-Thinking"" --system ""h100_sxm"" --backend ""trtllm"" --backend-version ""1.3.0rc20"" --forward-model op_level --max-workers 8",silicon,16,4,PASS=16,"decode_end=6540.766299, decode_start=25.481290, mixed=30.869451, prefill=28.813871",26dae1f99b2b50fb17118f38d8a8e95dfac3357c
Qwen/Qwen3-VL-32B-Thinking,Qwen3VLForConditionalGeneration,h100_sxm,trtllm,1.3.0rc23,PASS,,"python python/aisimulate/tools/support_matrix/generate_fpe_support_matrix.py --model ""Qwen/Qwen3-VL-32B-Thinking"" --system ""h100_sxm"" --backend ""trtllm"" --backend-version ""1.3.0rc23"" --forward-model op_level --max-workers 8",silicon,16,4,PASS=16,"decode_end=6540.766299, decode_start=25.481290, mixed=30.869451, prefill=28.813871",26dae1f99b2b50fb17118f38d8a8e95dfac3357c
Qwen/Qwen3-VL-32B-Thinking,Qwen3VLForConditionalGeneration,h100_sxm,vllm,0.1.dev19262,FAIL,Strict-native op-level FPE probes: PERF_DATA_MISSING=16; raw probes=16; topologies=4; source_sha=26dae1f99b2b50fb17118f38d8a8e95dfac3357c. Representative failure: perf database error: perf database error: no GEMM rows loaded from 1 source(s) (first: <repo>/python/aisimulate/src/aiconfigurator_core/systems/data/h100_sxm/vllm/0.1.dev19262/gemm_perf.parquet),"python python/aisimulate/tools/support_matrix/generate_fpe_support_matrix.py --model ""Qwen/Qwen3-VL-32B-Thinking"" --system ""h100_sxm"" --backend ""vllm"" --backend-version ""0.1.dev19262"" --forward-model op_level --max-workers 8",,16,4,PERF_DATA_MISSING=16,,26dae1f99b2b50fb17118f38d8a8e95dfac3357c
Qwen/Qwen3-VL-32B-Thinking,Qwen3VLForConditionalGeneration,h100_sxm,vllm,0.14.0,PASS,,"python python/aisimulate/tools/support_matrix/generate_fpe_support_matrix.py --model ""Qwen/Qwen3-VL-32B-Thinking"" --system ""h100_sxm"" --backend ""vllm"" --backend-version ""0.14.0"" --forward-model op_level --max-workers 8",silicon,16,4,PASS=16,"decode_end=6049.101978, decode_start=23.683069, mixed=28.103269, prefill=27.006439",26dae1f99b2b50fb17118f38d8a8e95dfac3357c
Qwen/Qwen3-VL-32B-Thinking,Qwen3VLForConditionalGeneration,h100_sxm,vllm,0.19.0,PASS,,"python python/aisimulate/tools/support_matrix/generate_fpe_support_matrix.py --model ""Qwen/Qwen3-VL-32B-Thinking"" --system ""h100_sxm"" --backend ""vllm"" --backend-version ""0.19.0"" --forward-model op_level --max-workers 8",silicon,16,4,PASS=16,"decode_end=6853.507801, decode_start=26.846353, mixed=29.074259, prefill=28.391944",26dae1f99b2b50fb17118f38d8a8e95dfac3357c
Qwen/Qwen3-VL-32B-Thinking,Qwen3VLForConditionalGeneration,h100_sxm,vllm,0.22.0,PASS,,"python python/aisimulate/tools/support_matrix/generate_fpe_support_matrix.py --model ""Qwen/Qwen3-VL-32B-Thinking"" --system ""h100_sxm"" --backend ""vllm"" --backend-version ""0.22.0"" --forward-model op_level --max-workers 8",silicon,16,4,PASS=16,"decode_end=6635.959943, decode_start=25.991447, mixed=30.891336, prefill=29.055153",26dae1f99b2b50fb17118f38d8a8e95dfac3357c
Qwen/Qwen3-VL-32B-Thinking,Qwen3VLForConditionalGeneration,h100_sxm,vllm,0.24.0,PASS,,"python python/aisimulate/tools/support_matrix/generate_fpe_support_matrix.py --model ""Qwen/Qwen3-VL-32B-Thinking"" --system ""h100_sxm"" --backend ""vllm"" --backend-version ""0.24.0"" --forward-model op_level --max-workers 8",silicon,16,4,PASS=16,"decode_end=6635.959943, decode_start=25.991447, mixed=30.891336, prefill=29.055153",26dae1f99b2b50fb17118f38d8a8e95dfac3357c
Qwen/Qwen3-VL-4B-Instruct,Qwen3VLForConditionalGeneration,h100_sxm,sglang,0.5.10,PASS,,"python python/aisimulate/tools/support_matrix/generate_fpe_support_matrix.py --model ""Qwen/Qwen3-VL-4B-Instruct"" --system ""h100_sxm"" --backend ""sglang"" --backend-version ""0.5.10"" --forward-model op_level --max-workers 8",silicon,24,6,"PASS=12, SDK_UNREPRESENTABLE=12","decode_end=1074.019589, decode_start=4.177287, mixed=5.699104, prefill=4.972331",26dae1f99b2b50fb17118f38d8a8e95dfac3357c
Qwen/Qwen3-VL-4B-Instruct,Qwen3VLForConditionalGeneration,h100_sxm,sglang,0.5.12,PASS,,"python python/aisimulate/tools/support_matrix/generate_fpe_support_matrix.py --model ""Qwen/Qwen3-VL-4B-Instruct"" --system ""h100_sxm"" --backend ""sglang"" --backend-version ""0.5.12"" --forward-model op_level --max-workers 8",silicon,24,6,"PASS=12, SDK_UNREPRESENTABLE=12","decode_end=1067.295782, decode_start=4.155164, mixed=5.755096, prefill=5.198911",26dae1f99b2b50fb17118f38d8a8e95dfac3357c
Qwen/Qwen3-VL-4B-Instruct,Qwen3VLForConditionalGeneration,h100_sxm,sglang,0.5.14,PASS,,"python python/aisimulate/tools/support_matrix/generate_fpe_support_matrix.py --model ""Qwen/Qwen3-VL-4B-Instruct"" --system ""h100_sxm"" --backend ""sglang"" --backend-version ""0.5.14"" --forward-model op_level --max-workers 8",silicon,24,6,"PASS=12, SDK_UNREPRESENTABLE=12","decode_end=1067.295782, decode_start=4.155164, mixed=5.755096, prefill=5.198911",26dae1f99b2b50fb17118f38d8a8e95dfac3357c
Qwen/Qwen3-VL-4B-Instruct,Qwen3VLForConditionalGeneration,h100_sxm,sglang,0.5.16,PASS,,"python python/aisimulate/tools/support_matrix/generate_fpe_support_matrix.py --model ""Qwen/Qwen3-VL-4B-Instruct"" --system ""h100_sxm"" --backend ""sglang"" --backend-version ""0.5.16"" --forward-model op_level --max-workers 8",silicon,24,6,"PASS=12, SDK_UNREPRESENTABLE=12","decode_end=1067.295782, decode_start=4.155164, mixed=5.755096, prefill=5.198911",26dae1f99b2b50fb17118f38d8a8e95dfac3357c
Qwen/Qwen3-VL-4B-Instruct,Qwen3VLForConditionalGeneration,h100_sxm,sglang,0.5.6.post2,PASS,,"python python/aisimulate/tools/support_matrix/generate_fpe_support_matrix.py --model ""Qwen/Qwen3-VL-4B-Instruct"" --system ""h100_sxm"" --backend ""sglang"" --backend-version ""0.5.6.post2"" --forward-model op_level --max-workers 8",silicon,24,6,"PASS=12, SDK_UNREPRESENTABLE=12","decode_end=1107.805501, decode_start=4.292918, mixed=6.043467, prefill=5.095702",26dae1f99b2b50fb17118f38d8a8e95dfac3357c
Qwen/Qwen3-VL-4B-Instruct,Qwen3VLForConditionalGeneration,h100_sxm,sglang,0.5.9,PASS,,"python python/aisimulate/tools/support_matrix/generate_fpe_support_matrix.py --model ""Qwen/Qwen3-VL-4B-Instruct"" --system ""h100_sxm"" --backend ""sglang"" --backend-version ""0.5.9"" --forward-model op_level --max-workers 8",silicon,24,6,"PASS=12, SDK_UNREPRESENTABLE=12","decode_end=1114.643358, decode_start=4.319190, mixed=5.735684, prefill=5.184166",26dae1f99b2b50fb17118f38d8a8e95dfac3357c
Qwen/Qwen3-VL-4B-Instruct,Qwen3VLForConditionalGeneration,h100_sxm,trtllm,1.2.0rc5,PASS,,"python python/aisimulate/tools/support_matrix/generate_fpe_support_matrix.py --model ""Qwen/Qwen3-VL-4B-Instruct"" --system ""h100_sxm"" --backend ""trtllm"" --backend-version ""1.2.0rc5"" --forward-model op_level --max-workers 8",silicon,12,3,PASS=12,"decode_end=1098.349270, decode_start=4.215376, mixed=5.886424, prefill=5.192408",26dae1f99b2b50fb17118f38d8a8e95dfac3357c
Qwen/Qwen3-VL-4B-Instruct,Qwen3VLForConditionalGeneration,h100_sxm,trtllm,1.3.0rc10,PASS,,"python python/aisimulate/tools/support_matrix/generate_fpe_support_matrix.py --model ""Qwen/Qwen3-VL-4B-Instruct"" --system ""h100_sxm"" --backend ""trtllm"" --backend-version ""1.3.0rc10"" --forward-model op_level --max-workers 8",silicon,12,3,PASS=12,"decode_end=1120.884541, decode_start=4.305558, mixed=5.929566, prefill=5.263989",26dae1f99b2b50fb17118f38d8a8e95dfac3357c
Qwen/Qwen3-VL-4B-Instruct,Qwen3VLForConditionalGeneration,h100_sxm,trtllm,1.3.0rc15,PASS,,"python python/aisimulate/tools/support_matrix/generate_fpe_support_matrix.py --model ""Qwen/Qwen3-VL-4B-Instruct"" --system ""h100_sxm"" --backend ""trtllm"" --backend-version ""1.3.0rc15"" --forward-model op_level --max-workers 8",silicon,12,3,PASS=12,"decode_end=1120.884541, decode_start=4.305558, mixed=5.929566, prefill=5.263989",26dae1f99b2b50fb17118f38d8a8e95dfac3357c
Qwen/Qwen3-VL-4B-Instruct,Qwen3VLForConditionalGeneration,h100_sxm,trtllm,1.3.0rc20,PASS,,"python python/aisimulate/tools/support_matrix/generate_fpe_support_matrix.py --model ""Qwen/Qwen3-VL-4B-Instruct"" --system ""h100_sxm"" --backend ""trtllm"" --backend-version ""1.3.0rc20"" --forward-model op_level --max-workers 8",silicon,12,3,PASS=12,"decode_end=1118.744124, decode_start=4.293341, mixed=5.957604, prefill=5.263451",26dae1f99b2b50fb17118f38d8a8e95dfac3357c
Qwen/Qwen3-VL-4B-Instruct,Qwen3VLForConditionalGeneration,h100_sxm,trtllm,1.3.0rc23,PASS,,"python python/aisimulate/tools/support_matrix/generate_fpe_support_matrix.py --model ""Qwen/Qwen3-VL-4B-Instruct"" --system ""h100_sxm"" --backend ""trtllm"" --backend-version ""1.3.0rc23"" --forward-model op_level --max-workers 8",silicon,12,3,PASS=12,"decode_end=1118.744124, decode_start=4.293341, mixed=5.957604, prefill=5.263451",26dae1f99b2b50fb17118f38d8a8e95dfac3357c
Qwen/Qwen3-VL-4B-Instruct,Qwen3VLForConditionalGeneration,h100_sxm,vllm,0.1.dev19262,FAIL,Strict-native op-level FPE probes: PERF_DATA_MISSING=12; raw probes=12; topologies=3; source_sha=26dae1f99b2b50fb17118f38d8a8e95dfac3357c. Representative failure: perf database error: perf database error: no GEMM rows loaded from 1 source(s) (first: <repo>/python/aisimulate/src/aiconfigurator_core/systems/data/h100_sxm/vllm/0.1.dev19262/gemm_perf.parquet),"python python/aisimulate/tools/support_matrix/generate_fpe_support_matrix.py --model ""Qwen/Qwen3-VL-4B-Instruct"" --system ""h100_sxm"" --backend ""vllm"" --backend-version ""0.1.dev19262"" --forward-model op_level --max-workers 8",,12,3,PERF_DATA_MISSING=12,,26dae1f99b2b50fb17118f38d8a8e95dfac3357c
Qwen/Qwen3-VL-4B-Instruct,Qwen3VLForConditionalGeneration,h100_sxm,vllm,0.14.0,PASS,,"python python/aisimulate/tools/support_matrix/generate_fpe_support_matrix.py --model ""Qwen/Qwen3-VL-4B-Instruct"" --system ""h100_sxm"" --backend ""vllm"" --backend-version ""0.14.0"" --forward-model op_level --max-workers 8",silicon,12,3,PASS=12,"decode_end=1068.453086, decode_start=4.168677, mixed=5.483540, prefill=4.868384",26dae1f99b2b50fb17118f38d8a8e95dfac3357c
Qwen/Qwen3-VL-4B-Instruct,Qwen3VLForConditionalGeneration,h100_sxm,vllm,0.19.0,PASS,,"python python/aisimulate/tools/support_matrix/generate_fpe_support_matrix.py --model ""Qwen/Qwen3-VL-4B-Instruct"" --system ""h100_sxm"" --backend ""vllm"" --backend-version ""0.19.0"" --forward-model op_level --max-workers 8",silicon,12,3,PASS=12,"decode_end=1077.592939, decode_start=4.205527, mixed=5.524590, prefill=4.970342",26dae1f99b2b50fb17118f38d8a8e95dfac3357c
Qwen/Qwen3-VL-4B-Instruct,Qwen3VLForConditionalGeneration,h100_sxm,vllm,0.22.0,PASS,,"python python/aisimulate/tools/support_matrix/generate_fpe_support_matrix.py --model ""Qwen/Qwen3-VL-4B-Instruct"" --system ""h100_sxm"" --backend ""vllm"" --backend-version ""0.22.0"" --forward-model op_level --max-workers 8",silicon,12,3,PASS=12,"decode_end=1076.639397, decode_start=4.205836, mixed=5.603685, prefill=5.034010",26dae1f99b2b50fb17118f38d8a8e95dfac3357c
Qwen/Qwen3-VL-4B-Instruct,Qwen3VLForConditionalGeneration,h100_sxm,vllm,0.24.0,PASS,,"python python/aisimulate/tools/support_matrix/generate_fpe_support_matrix.py --model ""Qwen/Qwen3-VL-4B-Instruct"" --system ""h100_sxm"" --backend ""vllm"" --backend-version ""0.24.0"" --forward-model op_level --max-workers 8",silicon,12,3,PASS=12,"decode_end=1076.639397, decode_start=4.205836, mixed=5.603685, prefill=5.034010",26dae1f99b2b50fb17118f38d8a8e95dfac3357c
Qwen/Qwen3-VL-8B-Instruct,Qwen3VLForConditionalGeneration,h100_sxm,sglang,0.5.10,PASS,,"python python/aisimulate/tools/support_matrix/generate_fpe_support_matrix.py --model ""Qwen/Qwen3-VL-8B-Instruct"" --system ""h100_sxm"" --backend ""sglang"" --backend-version ""0.5.10"" --forward-model op_level --max-workers 8",silicon,24,6,"PASS=12, SDK_UNREPRESENTABLE=12","decode_end=1709.705524, decode_start=6.670173, mixed=8.331916, prefill=7.660454",26dae1f99b2b50fb17118f38d8a8e95dfac3357c
Qwen/Qwen3-VL-8B-Instruct,Qwen3VLForConditionalGeneration,h100_sxm,sglang,0.5.12,PASS,,"python python/aisimulate/tools/support_matrix/generate_fpe_support_matrix.py --model ""Qwen/Qwen3-VL-8B-Instruct"" --system ""h100_sxm"" --backend ""sglang"" --backend-version ""0.5.12"" --forward-model op_level --max-workers 8",silicon,24,6,"PASS=12, SDK_UNREPRESENTABLE=12","decode_end=1738.058171, decode_start=6.785605, mixed=8.457799, prefill=7.602790",26dae1f99b2b50fb17118f38d8a8e95dfac3357c
Qwen/Qwen3-VL-8B-Instruct,Qwen3VLForConditionalGeneration,h100_sxm,sglang,0.5.14,PASS,,"python python/aisimulate/tools/support_matrix/generate_fpe_support_matrix.py --model ""Qwen/Qwen3-VL-8B-Instruct"" --system ""h100_sxm"" --backend ""sglang"" --backend-version ""0.5.14"" --forward-model op_level --max-workers 8",silicon,24,6,"PASS=12, SDK_UNREPRESENTABLE=12","decode_end=1738.058171, decode_start=6.785605, mixed=8.457799, prefill=7.602790",26dae1f99b2b50fb17118f38d8a8e95dfac3357c
Qwen/Qwen3-VL-8B-Instruct,Qwen3VLForConditionalGeneration,h100_sxm,sglang,0.5.16,PASS,,"python python/aisimulate/tools/support_matrix/generate_fpe_support_matrix.py --model ""Qwen/Qwen3-VL-8B-Instruct"" --system ""h100_sxm"" --backend ""sglang"" --backend-version ""0.5.16"" --forward-model op_level --max-workers 8",silicon,24,6,"PASS=12, SDK_UNREPRESENTABLE=12","decode_end=1738.058171, decode_start=6.785605, mixed=8.457799, prefill=7.602790",26dae1f99b2b50fb17118f38d8a8e95dfac3357c
Qwen/Qwen3-VL-8B-Instruct,Qwen3VLForConditionalGeneration,h100_sxm,sglang,0.5.6.post2,PASS,,"python python/aisimulate/tools/support_matrix/generate_fpe_support_matrix.py --model ""Qwen/Qwen3-VL-8B-Instruct"" --system ""h100_sxm"" --backend ""sglang"" --backend-version ""0.5.6.post2"" --forward-model op_level --max-workers 8",silicon,24,6,"PASS=12, SDK_UNREPRESENTABLE=12","decode_end=1760.725629, decode_start=6.853389, mixed=8.909971, prefill=7.958639",26dae1f99b2b50fb17118f38d8a8e95dfac3357c
Qwen/Qwen3-VL-8B-Instruct,Qwen3VLForConditionalGeneration,h100_sxm,sglang,0.5.9,PASS,,"python python/aisimulate/tools/support_matrix/generate_fpe_support_matrix.py --model ""Qwen/Qwen3-VL-8B-Instruct"" --system ""h100_sxm"" --backend ""sglang"" --backend-version ""0.5.9"" --forward-model op_level --max-workers 8",silicon,24,6,"PASS=12, SDK_UNREPRESENTABLE=12","decode_end=1738.574641, decode_start=6.765980, mixed=8.548318, prefill=7.963452",26dae1f99b2b50fb17118f38d8a8e95dfac3357c
Qwen/Qwen3-VL-8B-Instruct,Qwen3VLForConditionalGeneration,h100_sxm,trtllm,1.2.0rc5,PASS,,"python python/aisimulate/tools/support_matrix/generate_fpe_support_matrix.py --model ""Qwen/Qwen3-VL-8B-Instruct"" --system ""h100_sxm"" --backend ""trtllm"" --backend-version ""1.2.0rc5"" --forward-model op_level --max-workers 8",silicon,12,3,PASS=12,"decode_end=1737.390088, decode_start=6.721419, mixed=8.607446, prefill=7.762301",26dae1f99b2b50fb17118f38d8a8e95dfac3357c
Qwen/Qwen3-VL-8B-Instruct,Qwen3VLForConditionalGeneration,h100_sxm,trtllm,1.3.0rc10,PASS,,"python python/aisimulate/tools/support_matrix/generate_fpe_support_matrix.py --model ""Qwen/Qwen3-VL-8B-Instruct"" --system ""h100_sxm"" --backend ""trtllm"" --backend-version ""1.3.0rc10"" --forward-model op_level --max-workers 8",silicon,12,3,PASS=12,"decode_end=1766.965124, decode_start=6.839207, mixed=8.727895, prefill=7.816708",26dae1f99b2b50fb17118f38d8a8e95dfac3357c
Qwen/Qwen3-VL-8B-Instruct,Qwen3VLForConditionalGeneration,h100_sxm,trtllm,1.3.0rc15,PASS,,"python python/aisimulate/tools/support_matrix/generate_fpe_support_matrix.py --model ""Qwen/Qwen3-VL-8B-Instruct"" --system ""h100_sxm"" --backend ""trtllm"" --backend-version ""1.3.0rc15"" --forward-model op_level --max-workers 8",silicon,12,3,PASS=12,"decode_end=1766.965124, decode_start=6.839207, mixed=8.727895, prefill=7.816708",26dae1f99b2b50fb17118f38d8a8e95dfac3357c
Qwen/Qwen3-VL-8B-Instruct,Qwen3VLForConditionalGeneration,h100_sxm,trtllm,1.3.0rc20,PASS,,"python python/aisimulate/tools/support_matrix/generate_fpe_support_matrix.py --model ""Qwen/Qwen3-VL-8B-Instruct"" --system ""h100_sxm"" --backend ""trtllm"" --backend-version ""1.3.0rc20"" --forward-model op_level --max-workers 8",silicon,12,3,PASS=12,"decode_end=1766.963753, decode_start=6.835379, mixed=8.742562, prefill=7.802444",26dae1f99b2b50fb17118f38d8a8e95dfac3357c
Qwen/Qwen3-VL-8B-Instruct,Qwen3VLForConditionalGeneration,h100_sxm,trtllm,1.3.0rc23,PASS,,"python python/aisimulate/tools/support_matrix/generate_fpe_support_matrix.py --model ""Qwen/Qwen3-VL-8B-Instruct"" --system ""h100_sxm"" --backend ""trtllm"" --backend-version ""1.3.0rc23"" --forward-model op_level --max-workers 8",silicon,12,3,PASS=12,"decode_end=1766.963753, decode_start=6.835379, mixed=8.742562, prefill=7.802444",26dae1f99b2b50fb17118f38d8a8e95dfac3357c
Qwen/Qwen3-VL-8B-Instruct,Qwen3VLForConditionalGeneration,h100_sxm,vllm,0.1.dev19262,FAIL,Strict-native op-level FPE probes: PERF_DATA_MISSING=12; raw probes=12; topologies=3; source_sha=26dae1f99b2b50fb17118f38d8a8e95dfac3357c. Representative failure: perf database error: perf database error: no GEMM rows loaded from 1 source(s) (first: <repo>/python/aisimulate/src/aiconfigurator_core/systems/data/h100_sxm/vllm/0.1.dev19262/gemm_perf.parquet),"python python/aisimulate/tools/support_matrix/generate_fpe_support_matrix.py --model ""Qwen/Qwen3-VL-8B-Instruct"" --system ""h100_sxm"" --backend ""vllm"" --backend-version ""0.1.dev19262"" --forward-model op_level --max-workers 8",,12,3,PERF_DATA_MISSING=12,,26dae1f99b2b50fb17118f38d8a8e95dfac3357c
Qwen/Qwen3-VL-8B-Instruct,Qwen3VLForConditionalGeneration,h100_sxm,vllm,0.14.0,PASS,,"python python/aisimulate/tools/support_matrix/generate_fpe_support_matrix.py --model ""Qwen/Qwen3-VL-8B-Instruct"" --system ""h100_sxm"" --backend ""vllm"" --backend-version ""0.14.0"" --forward-model op_level --max-workers 8",silicon,12,3,PASS=12,"decode_end=1670.174748, decode_start=6.528370, mixed=7.990083, prefill=7.357174",26dae1f99b2b50fb17118f38d8a8e95dfac3357c
Qwen/Qwen3-VL-8B-Instruct,Qwen3VLForConditionalGeneration,h100_sxm,vllm,0.19.0,PASS,,"python python/aisimulate/tools/support_matrix/generate_fpe_support_matrix.py --model ""Qwen/Qwen3-VL-8B-Instruct"" --system ""h100_sxm"" --backend ""vllm"" --backend-version ""0.19.0"" --forward-model op_level --max-workers 8",silicon,12,3,PASS=12,"decode_end=1684.209153, decode_start=6.584414, mixed=8.350985, prefill=7.869514",26dae1f99b2b50fb17118f38d8a8e95dfac3357c
Qwen/Qwen3-VL-8B-Instruct,Qwen3VLForConditionalGeneration,h100_sxm,vllm,0.22.0,PASS,,"python python/aisimulate/tools/support_matrix/generate_fpe_support_matrix.py --model ""Qwen/Qwen3-VL-8B-Instruct"" --system ""h100_sxm"" --backend ""vllm"" --backend-version ""0.22.0"" --forward-model op_level --max-workers 8",silicon,12,3,PASS=12,"decode_end=1709.158045, decode_start=6.686302, mixed=8.472824, prefill=7.600484",26dae1f99b2b50fb17118f38d8a8e95dfac3357c
Qwen/Qwen3-VL-8B-Instruct,Qwen3VLForConditionalGeneration,h100_sxm,vllm,0.24.0,PASS,,"python python/aisimulate/tools/support_matrix/generate_fpe_support_matrix.py --model ""Qwen/Qwen3-VL-8B-Instruct"" --system ""h100_sxm"" --backend ""vllm"" --backend-version ""0.24.0"" --forward-model op_level --max-workers 8",silicon,12,3,PASS=12,"decode_end=1709.158045, decode_start=6.686302, mixed=8.472824, prefill=7.600484",26dae1f99b2b50fb17118f38d8a8e95dfac3357c
Qwen/Qwen3.5-27B,Qwen3_5ForConditionalGeneration,h100_sxm,sglang,0.5.10,FAIL,"Strict-native op-level FPE probes: PERF_DATA_MISSING=16; raw probes=16; topologies=4; source_sha=26dae1f99b2b50fb17118f38d8a8e95dfac3357c. Representative failure: perf database error: context attention data missing for ContextKey { fmha_quant: ""bfloat16"", kv_quant: ""bfloat16"", n_kv_lookup: 1, head_size: 256, window_size: 0 } at <repo>/python/aisimulate/src/aiconfigurator_core/systems/data/h100_sxm/sglang/0.5.10","python python/aisimulate/tools/support_matrix/generate_fpe_support_matrix.py --model ""Qwen/Qwen3.5-27B"" --system ""h100_sxm"" --backend ""sglang"" --backend-version ""0.5.10"" --forward-model op_level --max-workers 8",,16,4,PERF_DATA_MISSING=16,,26dae1f99b2b50fb17118f38d8a8e95dfac3357c
Qwen/Qwen3.5-27B,Qwen3_5ForConditionalGeneration,h100_sxm,sglang,0.5.12,PASS,,"python python/aisimulate/tools/support_matrix/generate_fpe_support_matrix.py --model ""Qwen/Qwen3.5-27B"" --system ""h100_sxm"" --backend ""sglang"" --backend-version ""0.5.12"" --forward-model op_level --max-workers 8",silicon,16,4,PASS=16,"decode_end=5295.737682, decode_start=20.776902, mixed=25.790080, prefill=25.061826",26dae1f99b2b50fb17118f38d8a8e95dfac3357c
Qwen/Qwen3.5-27B,Qwen3_5ForConditionalGeneration,h100_sxm,sglang,0.5.14,PASS,,"python python/aisimulate/tools/support_matrix/generate_fpe_support_matrix.py --model ""Qwen/Qwen3.5-27B"" --system ""h100_sxm"" --backend ""sglang"" --backend-version ""0.5.14"" --forward-model op_level --max-workers 8",silicon,16,4,PASS=16,"decode_end=5295.737682, decode_start=20.776902, mixed=25.790080, prefill=25.061826",26dae1f99b2b50fb17118f38d8a8e95dfac3357c
Qwen/Qwen3.5-27B,Qwen3_5ForConditionalGeneration,h100_sxm,sglang,0.5.16,PASS,,"python python/aisimulate/tools/support_matrix/generate_fpe_support_matrix.py --model ""Qwen/Qwen3.5-27B"" --system ""h100_sxm"" --backend ""sglang"" --backend-version ""0.5.16"" --forward-model op_level --max-workers 8",silicon,16,4,PASS=16,"decode_end=5295.737682, decode_start=20.776902, mixed=25.790080, prefill=25.061826",26dae1f99b2b50fb17118f38d8a8e95dfac3357c
Qwen/Qwen3.5-27B,Qwen3_5ForConditionalGeneration,h100_sxm,sglang,0.5.6.post2,FAIL,"Strict-native op-level FPE probes: PERF_DATA_MISSING=16; raw probes=16; topologies=4; source_sha=26dae1f99b2b50fb17118f38d8a8e95dfac3357c. Representative failure: perf database error: context attention data missing for ContextKey { fmha_quant: ""bfloat16"", kv_quant: ""bfloat16"", n_kv_lookup: 1, head_size: 256, window_size: 0 } at <repo>/python/aisimulate/src/aiconfigurator_core/systems/data/h100_sxm/sglang/0.5.6.post2","python python/aisimulate/tools/support_matrix/generate_fpe_support_matrix.py --model ""Qwen/Qwen3.5-27B"" --system ""h100_sxm"" --backend ""sglang"" --backend-version ""0.5.6.post2"" --forward-model op_level --max-workers 8",,16,4,PERF_DATA_MISSING=16,,26dae1f99b2b50fb17118f38d8a8e95dfac3357c
Qwen/Qwen3.5-27B,Qwen3_5ForConditionalGeneration,h100_sxm,sglang,0.5.9,FAIL,"Strict-native op-level FPE probes: PERF_DATA_MISSING=16; raw probes=16; topologies=4; source_sha=26dae1f99b2b50fb17118f38d8a8e95dfac3357c. Representative failure: perf database error: context attention data missing for ContextKey { fmha_quant: ""bfloat16"", kv_quant: ""bfloat16"", n_kv_lookup: 1, head_size: 256, window_size: 0 } at <repo>/python/aisimulate/src/aiconfigurator_core/systems/data/h100_sxm/sglang/0.5.9","python python/aisimulate/tools/support_matrix/generate_fpe_support_matrix.py --model ""Qwen/Qwen3.5-27B"" --system ""h100_sxm"" --backend ""sglang"" --backend-version ""0.5.9"" --forward-model op_level --max-workers 8",,16,4,PERF_DATA_MISSING=16,,26dae1f99b2b50fb17118f38d8a8e95dfac3357c
Qwen/Qwen3.5-27B,Qwen3_5ForConditionalGeneration,h100_sxm,trtllm,1.2.0rc5,FAIL,"Strict-native op-level FPE probes: PERF_DATA_MISSING=16; raw probes=16; topologies=4; source_sha=26dae1f99b2b50fb17118f38d8a8e95dfac3357c. Representative failure: perf database error: context attention data missing for ContextKey { fmha_quant: ""bfloat16"", kv_quant: ""bfloat16"", n_kv_lookup: 1, head_size: 256, window_size: 0 } at <repo>/python/aisimulate/src/aiconfigurator_core/systems/data/h100_sxm/trtllm/1.2.0rc5","python python/aisimulate/tools/support_matrix/generate_fpe_support_matrix.py --model ""Qwen/Qwen3.5-27B"" --system ""h100_sxm"" --backend ""trtllm"" --backend-version ""1.2.0rc5"" --forward-model op_level --max-workers 8",,16,4,PERF_DATA_MISSING=16,,26dae1f99b2b50fb17118f38d8a8e95dfac3357c
Qwen/Qwen3.5-27B,Qwen3_5ForConditionalGeneration,h100_sxm,trtllm,1.3.0rc10,FAIL,"Strict-native op-level FPE probes: PERF_DATA_MISSING=16; raw probes=16; topologies=4; source_sha=26dae1f99b2b50fb17118f38d8a8e95dfac3357c. Representative failure: perf database error: context attention data missing for ContextKey { fmha_quant: ""bfloat16"", kv_quant: ""bfloat16"", n_kv_lookup: 1, head_size: 256, window_size: 0 } at <repo>/python/aisimulate/src/aiconfigurator_core/systems/data/h100_sxm/trtllm/1.3.0rc10","python python/aisimulate/tools/support_matrix/generate_fpe_support_matrix.py --model ""Qwen/Qwen3.5-27B"" --system ""h100_sxm"" --backend ""trtllm"" --backend-version ""1.3.0rc10"" --forward-model op_level --max-workers 8",,16,4,PERF_DATA_MISSING=16,,26dae1f99b2b50fb17118f38d8a8e95dfac3357c
Qwen/Qwen3.5-27B,Qwen3_5ForConditionalGeneration,h100_sxm,trtllm,1.3.0rc15,FAIL,"Strict-native op-level FPE probes: PERF_DATA_MISSING=16; raw probes=16; topologies=4; source_sha=26dae1f99b2b50fb17118f38d8a8e95dfac3357c. Representative failure: perf database error: context attention data missing for ContextKey { fmha_quant: ""bfloat16"", kv_quant: ""bfloat16"", n_kv_lookup: 1, head_size: 256, window_size: 0 } at <repo>/python/aisimulate/src/aiconfigurator_core/systems/data/h100_sxm/trtllm/1.3.0rc15","python python/aisimulate/tools/support_matrix/generate_fpe_support_matrix.py --model ""Qwen/Qwen3.5-27B"" --system ""h100_sxm"" --backend ""trtllm"" --backend-version ""1.3.0rc15"" --forward-model op_level --max-workers 8",,16,4,PERF_DATA_MISSING=16,,26dae1f99b2b50fb17118f38d8a8e95dfac3357c
Qwen/Qwen3.5-27B,Qwen3_5ForConditionalGeneration,h100_sxm,trtllm,1.3.0rc20,PASS,,"python python/aisimulate/tools/support_matrix/generate_fpe_support_matrix.py --model ""Qwen/Qwen3.5-27B"" --system ""h100_sxm"" --backend ""trtllm"" --backend-version ""1.3.0rc20"" --forward-model op_level --max-workers 8",silicon,16,4,PASS=16,"decode_end=5361.915796, decode_start=21.017194, mixed=25.308261, prefill=24.406484",26dae1f99b2b50fb17118f38d8a8e95dfac3357c
Qwen/Qwen3.5-27B,Qwen3_5ForConditionalGeneration,h100_sxm,trtllm,1.3.0rc23,PASS,,"python python/aisimulate/tools/support_matrix/generate_fpe_support_matrix.py --model ""Qwen/Qwen3.5-27B"" --system ""h100_sxm"" --backend ""trtllm"" --backend-version ""1.3.0rc23"" --forward-model op_level --max-workers 8",silicon,16,4,PASS=16,"decode_end=5361.915796, decode_start=21.017194, mixed=25.308261, prefill=24.406484",26dae1f99b2b50fb17118f38d8a8e95dfac3357c
Qwen/Qwen3.5-27B,Qwen3_5ForConditionalGeneration,h100_sxm,vllm,0.1.dev19262,FAIL,Strict-native op-level FPE probes: PERF_DATA_MISSING=16; raw probes=16; topologies=4; source_sha=26dae1f99b2b50fb17118f38d8a8e95dfac3357c. Representative failure: perf database error: perf database error: no GEMM rows loaded from 1 source(s) (first: <repo>/python/aisimulate/src/aiconfigurator_core/systems/data/h100_sxm/vllm/0.1.dev19262/gemm_perf.parquet),"python python/aisimulate/tools/support_matrix/generate_fpe_support_matrix.py --model ""Qwen/Qwen3.5-27B"" --system ""h100_sxm"" --backend ""vllm"" --backend-version ""0.1.dev19262"" --forward-model op_level --max-workers 8",,16,4,PERF_DATA_MISSING=16,,26dae1f99b2b50fb17118f38d8a8e95dfac3357c
Qwen/Qwen3.5-27B,Qwen3_5ForConditionalGeneration,h100_sxm,vllm,0.14.0,FAIL,"Strict-native op-level FPE probes: PERF_DATA_MISSING=16; raw probes=16; topologies=4; source_sha=26dae1f99b2b50fb17118f38d8a8e95dfac3357c. Representative failure: perf database error: context attention data missing for ContextKey { fmha_quant: ""bfloat16"", kv_quant: ""bfloat16"", n_kv_lookup: 1, head_size: 256, window_size: 0 } at <repo>/python/aisimulate/src/aiconfigurator_core/systems/data/h100_sxm/vllm/0.14.0","python python/aisimulate/tools/support_matrix/generate_fpe_support_matrix.py --model ""Qwen/Qwen3.5-27B"" --system ""h100_sxm"" --backend ""vllm"" --backend-version ""0.14.0"" --forward-model op_level --max-workers 8",,16,4,PERF_DATA_MISSING=16,,26dae1f99b2b50fb17118f38d8a8e95dfac3357c
Qwen/Qwen3.5-27B,Qwen3_5ForConditionalGeneration,h100_sxm,vllm,0.19.0,FAIL,"Strict-native op-level FPE probes: PERF_DATA_MISSING=16; raw probes=16; topologies=4; source_sha=26dae1f99b2b50fb17118f38d8a8e95dfac3357c. Representative failure: perf database error: context attention data missing for ContextKey { fmha_quant: ""bfloat16"", kv_quant: ""bfloat16"", n_kv_lookup: 1, head_size: 256, window_size: 0 } at <repo>/python/aisimulate/src/aiconfigurator_core/systems/data/h100_sxm/vllm/0.19.0","python python/aisimulate/tools/support_matrix/generate_fpe_support_matrix.py --model ""Qwen/Qwen3.5-27B"" --system ""h100_sxm"" --backend ""vllm"" --backend-version ""0.19.0"" --forward-model op_level --max-workers 8",,16,4,PERF_DATA_MISSING=16,,26dae1f99b2b50fb17118f38d8a8e95dfac3357c
Qwen/Qwen3.5-27B,Qwen3_5ForConditionalGeneration,h100_sxm,vllm,0.22.0,PASS,,"python python/aisimulate/tools/support_matrix/generate_fpe_support_matrix.py --model ""Qwen/Qwen3.5-27B"" --system ""h100_sxm"" --backend ""vllm"" --backend-version ""0.22.0"" --forward-model op_level --max-workers 8",silicon,16,4,PASS=16,"decode_end=5210.481125, decode_start=20.427515, mixed=25.777418, prefill=25.228740",26dae1f99b2b50fb17118f38d8a8e95dfac3357c
Qwen/Qwen3.5-27B,Qwen3_5ForConditionalGeneration,h100_sxm,vllm,0.24.0,PASS,,"python python/aisimulate/tools/support_matrix/generate_fpe_support_matrix.py --model ""Qwen/Qwen3.5-27B"" --system ""h100_sxm"" --backend ""vllm"" --backend-version ""0.24.0"" --forward-model op_level --max-workers 8",silicon,16,4,PASS=16,"decode_end=5210.481125, decode_start=20.427515, mixed=24.100675, prefill=23.563194",26dae1f99b2b50fb17118f38d8a8e95dfac3357c
Qwen/Qwen3.5-35B-A3B,Qwen3_5MoeForConditionalGeneration,h100_sxm,sglang,0.5.10,FAIL,"Strict-native op-level FPE probes: PERF_DATA_MISSING=220; raw probes=220; topologies=55; source_sha=26dae1f99b2b50fb17118f38d8a8e95dfac3357c. Representative failure: perf database error: MoE data missing for MoeKey { quant: ""bfloat16"", distribution: ""power_law_1.2"", topk: 8, num_experts: 256, hidden_size: 2048, inter_size: 512, moe_tp_size: 1, moe_ep_size: 1 } at <repo>/python/aisimulate/src/aiconfigurator_core/systems/data/h100_sxm/sglang/0.5.10","python python/aisimulate/tools/support_matrix/generate_fpe_support_matrix.py --model ""Qwen/Qwen3.5-35B-A3B"" --system ""h100_sxm"" --backend ""sglang"" --backend-version ""0.5.10"" --forward-model op_level --max-workers 8",,220,55,PERF_DATA_MISSING=220,,26dae1f99b2b50fb17118f38d8a8e95dfac3357c
Qwen/Qwen3.5-35B-A3B,Qwen3_5MoeForConditionalGeneration,h100_sxm,sglang,0.5.12,PASS,,"python python/aisimulate/tools/support_matrix/generate_fpe_support_matrix.py --model ""Qwen/Qwen3.5-35B-A3B"" --system ""h100_sxm"" --backend ""sglang"" --backend-version ""0.5.12"" --forward-model op_level --max-workers 8",silicon,220,55,PASS=220,"decode_end=2333.518921, decode_start=9.159848, mixed=24.376747, prefill=23.984057",26dae1f99b2b50fb17118f38d8a8e95dfac3357c
Qwen/Qwen3.5-35B-A3B,Qwen3_5MoeForConditionalGeneration,h100_sxm,sglang,0.5.14,PASS,,"python python/aisimulate/tools/support_matrix/generate_fpe_support_matrix.py --model ""Qwen/Qwen3.5-35B-A3B"" --system ""h100_sxm"" --backend ""sglang"" --backend-version ""0.5.14"" --forward-model op_level --max-workers 8",silicon,220,55,PASS=220,"decode_end=2333.518921, decode_start=9.159848, mixed=24.376747, prefill=23.984057",26dae1f99b2b50fb17118f38d8a8e95dfac3357c
Qwen/Qwen3.5-35B-A3B,Qwen3_5MoeForConditionalGeneration,h100_sxm,sglang,0.5.16,PASS,,"python python/aisimulate/tools/support_matrix/generate_fpe_support_matrix.py --model ""Qwen/Qwen3.5-35B-A3B"" --system ""h100_sxm"" --backend ""sglang"" --backend-version ""0.5.16"" --forward-model op_level --max-workers 8",silicon,220,55,PASS=220,"decode_end=2333.518921, decode_start=9.159848, mixed=24.376747, prefill=23.984057",26dae1f99b2b50fb17118f38d8a8e95dfac3357c
Qwen/Qwen3.5-35B-A3B,Qwen3_5MoeForConditionalGeneration,h100_sxm,sglang,0.5.6.post2,FAIL,"Strict-native op-level FPE probes: PERF_DATA_MISSING=220; raw probes=220; topologies=55; source_sha=26dae1f99b2b50fb17118f38d8a8e95dfac3357c. Representative failure: perf database error: MoE data missing for MoeKey { quant: ""bfloat16"", distribution: ""power_law_1.2"", topk: 8, num_experts: 256, hidden_size: 2048, inter_size: 512, moe_tp_size: 1, moe_ep_size: 1 } at <repo>/python/aisimulate/src/aiconfigurator_core/systems/data/h100_sxm/sglang/0.5.6.post2","python python/aisimulate/tools/support_matrix/generate_fpe_support_matrix.py --model ""Qwen/Qwen3.5-35B-A3B"" --system ""h100_sxm"" --backend ""sglang"" --backend-version ""0.5.6.post2"" --forward-model op_level --max-workers 8",,220,55,PERF_DATA_MISSING=220,,26dae1f99b2b50fb17118f38d8a8e95dfac3357c
Qwen/Qwen3.5-35B-A3B,Qwen3_5MoeForConditionalGeneration,h100_sxm,sglang,0.5.9,FAIL,"Strict-native op-level FPE probes: PERF_DATA_MISSING=220; raw probes=220; topologies=55; source_sha=26dae1f99b2b50fb17118f38d8a8e95dfac3357c. Representative failure: perf database error: MoE data missing for MoeKey { quant: ""bfloat16"", distribution: ""power_law_1.2"", topk: 8, num_experts: 256, hidden_size: 2048, inter_size: 512, moe_tp_size: 1, moe_ep_size: 1 } at <repo>/python/aisimulate/src/aiconfigurator_core/systems/data/h100_sxm/sglang/0.5.9","python python/aisimulate/tools/support_matrix/generate_fpe_support_matrix.py --model ""Qwen/Qwen3.5-35B-A3B"" --system ""h100_sxm"" --backend ""sglang"" --backend-version ""0.5.9"" --forward-model op_level --max-workers 8",,220,55,PERF_DATA_MISSING=220,,26dae1f99b2b50fb17118f38d8a8e95dfac3357c
Qwen/Qwen3.5-35B-A3B,Qwen3_5MoeForConditionalGeneration,h100_sxm,trtllm,1.2.0rc5,FAIL,"Strict-native op-level FPE probes: PERF_DATA_MISSING=116; raw probes=116; topologies=29; source_sha=26dae1f99b2b50fb17118f38d8a8e95dfac3357c. Representative failure: perf database error: MoE data missing for MoeKey { quant: ""bfloat16"", distribution: ""power_law_1.2"", topk: 8, num_experts: 256, hidden_size: 2048, inter_size: 512, moe_tp_size: 1, moe_ep_size: 1 } at <repo>/python/aisimulate/src/aiconfigurator_core/systems/data/h100_sxm/trtllm/1.2.0rc5","python python/aisimulate/tools/support_matrix/generate_fpe_support_matrix.py --model ""Qwen/Qwen3.5-35B-A3B"" --system ""h100_sxm"" --backend ""trtllm"" --backend-version ""1.2.0rc5"" --forward-model op_level --max-workers 8",,116,29,PERF_DATA_MISSING=116,,26dae1f99b2b50fb17118f38d8a8e95dfac3357c
Qwen/Qwen3.5-35B-A3B,Qwen3_5MoeForConditionalGeneration,h100_sxm,trtllm,1.3.0rc10,FAIL,"Strict-native op-level FPE probes: PERF_DATA_MISSING=116; raw probes=116; topologies=29; source_sha=26dae1f99b2b50fb17118f38d8a8e95dfac3357c. Representative failure: perf database error: MoE data missing for MoeKey { quant: ""bfloat16"", distribution: ""power_law_1.2"", topk: 8, num_experts: 256, hidden_size: 2048, inter_size: 512, moe_tp_size: 1, moe_ep_size: 1 } at <repo>/python/aisimulate/src/aiconfigurator_core/systems/data/h100_sxm/trtllm/1.3.0rc10","python python/aisimulate/tools/support_matrix/generate_fpe_support_matrix.py --model ""Qwen/Qwen3.5-35B-A3B"" --system ""h100_sxm"" --backend ""trtllm"" --backend-version ""1.3.0rc10"" --forward-model op_level --max-workers 8",,116,29,PERF_DATA_MISSING=116,,26dae1f99b2b50fb17118f38d8a8e95dfac3357c
Qwen/Qwen3.5-35B-A3B,Qwen3_5MoeForConditionalGeneration,h100_sxm,trtllm,1.3.0rc15,FAIL,"Strict-native op-level FPE probes: PERF_DATA_MISSING=116; raw probes=116; topologies=29; source_sha=26dae1f99b2b50fb17118f38d8a8e95dfac3357c. Representative failure: perf database error: MoE data missing for MoeKey { quant: ""bfloat16"", distribution: ""power_law_1.2"", topk: 8, num_experts: 256, hidden_size: 2048, inter_size: 512, moe_tp_size: 1, moe_ep_size: 1 } at <repo>/python/aisimulate/src/aiconfigurator_core/systems/data/h100_sxm/trtllm/1.3.0rc15","python python/aisimulate/tools/support_matrix/generate_fpe_support_matrix.py --model ""Qwen/Qwen3.5-35B-A3B"" --system ""h100_sxm"" --backend ""trtllm"" --backend-version ""1.3.0rc15"" --forward-model op_level --max-workers 8",,116,29,PERF_DATA_MISSING=116,,26dae1f99b2b50fb17118f38d8a8e95dfac3357c
Qwen/Qwen3.5-35B-A3B,Qwen3_5MoeForConditionalGeneration,h100_sxm,trtllm,1.3.0rc20,PASS,,"python python/aisimulate/tools/support_matrix/generate_fpe_support_matrix.py --model ""Qwen/Qwen3.5-35B-A3B"" --system ""h100_sxm"" --backend ""trtllm"" --backend-version ""1.3.0rc20"" --forward-model op_level --max-workers 8",silicon,116,29,PASS=116,"decode_end=2376.723268, decode_start=9.352340, mixed=23.930234, prefill=23.346729",26dae1f99b2b50fb17118f38d8a8e95dfac3357c
Qwen/Qwen3.5-35B-A3B,Qwen3_5MoeForConditionalGeneration,h100_sxm,trtllm,1.3.0rc23,PASS,,"python python/aisimulate/tools/support_matrix/generate_fpe_support_matrix.py --model ""Qwen/Qwen3.5-35B-A3B"" --system ""h100_sxm"" --backend ""trtllm"" --backend-version ""1.3.0rc23"" --forward-model op_level --max-workers 8",silicon,116,29,PASS=116,"decode_end=2376.723268, decode_start=9.352340, mixed=23.930234, prefill=23.346729",26dae1f99b2b50fb17118f38d8a8e95dfac3357c
Qwen/Qwen3.5-35B-A3B,Qwen3_5MoeForConditionalGeneration,h100_sxm,vllm,0.1.dev19262,FAIL,Strict-native op-level FPE probes: PERF_DATA_MISSING=116; raw probes=116; topologies=29; source_sha=26dae1f99b2b50fb17118f38d8a8e95dfac3357c. Representative failure: perf database error: perf database error: no GEMM rows loaded from 1 source(s) (first: <repo>/python/aisimulate/src/aiconfigurator_core/systems/data/h100_sxm/vllm/0.1.dev19262/gemm_perf.parquet),"python python/aisimulate/tools/support_matrix/generate_fpe_support_matrix.py --model ""Qwen/Qwen3.5-35B-A3B"" --system ""h100_sxm"" --backend ""vllm"" --backend-version ""0.1.dev19262"" --forward-model op_level --max-workers 8",,116,29,PERF_DATA_MISSING=116,,26dae1f99b2b50fb17118f38d8a8e95dfac3357c
Qwen/Qwen3.5-35B-A3B,Qwen3_5MoeForConditionalGeneration,h100_sxm,vllm,0.14.0,FAIL,"Strict-native op-level FPE probes: PERF_DATA_MISSING=116; raw probes=116; topologies=29; source_sha=26dae1f99b2b50fb17118f38d8a8e95dfac3357c. Representative failure: perf database error: MoE data missing for MoeKey { quant: ""bfloat16"", distribution: ""power_law_1.2"", topk: 8, num_experts: 256, hidden_size: 2048, inter_size: 512, moe_tp_size: 1, moe_ep_size: 1 } at <repo>/python/aisimulate/src/aiconfigurator_core/systems/data/h100_sxm/vllm/0.14.0","python python/aisimulate/tools/support_matrix/generate_fpe_support_matrix.py --model ""Qwen/Qwen3.5-35B-A3B"" --system ""h100_sxm"" --backend ""vllm"" --backend-version ""0.14.0"" --forward-model op_level --max-workers 8",,116,29,PERF_DATA_MISSING=116,,26dae1f99b2b50fb17118f38d8a8e95dfac3357c
Qwen/Qwen3.5-35B-A3B,Qwen3_5MoeForConditionalGeneration,h100_sxm,vllm,0.19.0,FAIL,"Strict-native op-level FPE probes: PERF_DATA_MISSING=116; raw probes=116; topologies=29; source_sha=26dae1f99b2b50fb17118f38d8a8e95dfac3357c. Representative failure: perf database error: MoE data missing for MoeKey { quant: ""bfloat16"", distribution: ""power_law_1.2"", topk: 8, num_experts: 256, hidden_size: 2048, inter_size: 512, moe_tp_size: 1, moe_ep_size: 1 } at <repo>/python/aisimulate/src/aiconfigurator_core/systems/data/h100_sxm/vllm/0.19.0","python python/aisimulate/tools/support_matrix/generate_fpe_support_matrix.py --model ""Qwen/Qwen3.5-35B-A3B"" --system ""h100_sxm"" --backend ""vllm"" --backend-version ""0.19.0"" --forward-model op_level --max-workers 8",,116,29,PERF_DATA_MISSING=116,,26dae1f99b2b50fb17118f38d8a8e95dfac3357c
Qwen/Qwen3.5-35B-A3B,Qwen3_5MoeForConditionalGeneration,h100_sxm,vllm,0.22.0,PASS,,"python python/aisimulate/tools/support_matrix/generate_fpe_support_matrix.py --model ""Qwen/Qwen3.5-35B-A3B"" --system ""h100_sxm"" --backend ""vllm"" --backend-version ""0.22.0"" --forward-model op_level --max-workers 8",silicon,116,29,PASS=116,"decode_end=2232.968835, decode_start=8.753804, mixed=27.462308, prefill=27.139658",26dae1f99b2b50fb17118f38d8a8e95dfac3357c
Qwen/Qwen3.5-35B-A3B,Qwen3_5MoeForConditionalGeneration,h100_sxm,vllm,0.24.0,PASS,,"python python/aisimulate/tools/support_matrix/generate_fpe_support_matrix.py --model ""Qwen/Qwen3.5-35B-A3B"" --system ""h100_sxm"" --backend ""vllm"" --backend-version ""0.24.0"" --forward-model op_level --max-workers 8",silicon,116,29,PASS=116,"decode_end=2232.968835, decode_start=8.753804, mixed=26.539957, prefill=26.214554",26dae1f99b2b50fb17118f38d8a8e95dfac3357c
Qwen/Qwen3.5-397B-A17B,Qwen3_5MoeForConditionalGeneration,h100_sxm,sglang,0.5.10,FAIL,"Strict-native op-level FPE probes: PERF_DATA_MISSING=220; raw probes=220; topologies=55; source_sha=26dae1f99b2b50fb17118f38d8a8e95dfac3357c. Representative failure: perf database error: context attention data missing for ContextKey { fmha_quant: ""bfloat16"", kv_quant: ""bfloat16"", n_kv_lookup: 1, head_size: 256, window_size: 0 } at <repo>/python/aisimulate/src/aiconfigurator_core/systems/data/h100_sxm/sglang/0.5.10","python python/aisimulate/tools/support_matrix/generate_fpe_support_matrix.py --model ""Qwen/Qwen3.5-397B-A17B"" --system ""h100_sxm"" --backend ""sglang"" --backend-version ""0.5.10"" --forward-model op_level --max-workers 8",,220,55,PERF_DATA_MISSING=220,,26dae1f99b2b50fb17118f38d8a8e95dfac3357c
Qwen/Qwen3.5-397B-A17B,Qwen3_5MoeForConditionalGeneration,h100_sxm,sglang,0.5.12,PASS,,"python python/aisimulate/tools/support_matrix/generate_fpe_support_matrix.py --model ""Qwen/Qwen3.5-397B-A17B"" --system ""h100_sxm"" --backend ""sglang"" --backend-version ""0.5.12"" --forward-model op_level --max-workers 8",silicon,220,55,PASS=220,"decode_end=12906.571584, decode_start=50.625234, mixed=199.379697, prefill=196.648111",26dae1f99b2b50fb17118f38d8a8e95dfac3357c
Qwen/Qwen3.5-397B-A17B,Qwen3_5MoeForConditionalGeneration,h100_sxm,sglang,0.5.14,PASS,,"python python/aisimulate/tools/support_matrix/generate_fpe_support_matrix.py --model ""Qwen/Qwen3.5-397B-A17B"" --system ""h100_sxm"" --backend ""sglang"" --backend-version ""0.5.14"" --forward-model op_level --max-workers 8",silicon,220,55,PASS=220,"decode_end=12906.571584, decode_start=50.625234, mixed=199.379697, prefill=196.648111",26dae1f99b2b50fb17118f38d8a8e95dfac3357c
Qwen/Qwen3.5-397B-A17B,Qwen3_5MoeForConditionalGeneration,h100_sxm,sglang,0.5.16,PASS,,"python python/aisimulate/tools/support_matrix/generate_fpe_support_matrix.py --model ""Qwen/Qwen3.5-397B-A17B"" --system ""h100_sxm"" --backend ""sglang"" --backend-version ""0.5.16"" --forward-model op_level --max-workers 8",silicon,220,55,PASS=220,"decode_end=12906.571584, decode_start=50.625234, mixed=199.379697, prefill=196.648111",26dae1f99b2b50fb17118f38d8a8e95dfac3357c
Qwen/Qwen3.5-397B-A17B,Qwen3_5MoeForConditionalGeneration,h100_sxm,sglang,0.5.6.post2,FAIL,"Strict-native op-level FPE probes: PERF_DATA_MISSING=220; raw probes=220; topologies=55; source_sha=26dae1f99b2b50fb17118f38d8a8e95dfac3357c. Representative failure: perf database error: MoE data missing for MoeKey { quant: ""bfloat16"", distribution: ""power_law_1.2"", topk: 10, num_experts: 512, hidden_size: 4096, inter_size: 1024, moe_tp_size: 1, moe_ep_size: 1 } at <repo>/python/aisimulate/src/aiconfigurator_core/systems/data/h100_sxm/sglang/0.5.6.post2","python python/aisimulate/tools/support_matrix/generate_fpe_support_matrix.py --model ""Qwen/Qwen3.5-397B-A17B"" --system ""h100_sxm"" --backend ""sglang"" --backend-version ""0.5.6.post2"" --forward-model op_level --max-workers 8",,220,55,PERF_DATA_MISSING=220,,26dae1f99b2b50fb17118f38d8a8e95dfac3357c
Qwen/Qwen3.5-397B-A17B,Qwen3_5MoeForConditionalGeneration,h100_sxm,sglang,0.5.9,FAIL,"Strict-native op-level FPE probes: PERF_DATA_MISSING=220; raw probes=220; topologies=55; source_sha=26dae1f99b2b50fb17118f38d8a8e95dfac3357c. Representative failure: perf database error: MoE data missing for MoeKey { quant: ""bfloat16"", distribution: ""power_law_1.2"", topk: 10, num_experts: 512, hidden_size: 4096, inter_size: 1024, moe_tp_size: 1, moe_ep_size: 1 } at <repo>/python/aisimulate/src/aiconfigurator_core/systems/data/h100_sxm/sglang/0.5.9","python python/aisimulate/tools/support_matrix/generate_fpe_support_matrix.py --model ""Qwen/Qwen3.5-397B-A17B"" --system ""h100_sxm"" --backend ""sglang"" --backend-version ""0.5.9"" --forward-model op_level --max-workers 8",,220,55,PERF_DATA_MISSING=220,,26dae1f99b2b50fb17118f38d8a8e95dfac3357c
Qwen/Qwen3.5-397B-A17B,Qwen3_5MoeForConditionalGeneration,h100_sxm,trtllm,1.2.0rc5,FAIL,"Strict-native op-level FPE probes: PERF_DATA_MISSING=116; raw probes=116; topologies=29; source_sha=26dae1f99b2b50fb17118f38d8a8e95dfac3357c. Representative failure: perf database error: MoE data missing for MoeKey { quant: ""bfloat16"", distribution: ""power_law_1.2"", topk: 10, num_experts: 512, hidden_size: 4096, inter_size: 1024, moe_tp_size: 1, moe_ep_size: 1 } at <repo>/python/aisimulate/src/aiconfigurator_core/systems/data/h100_sxm/trtllm/1.2.0rc5","python python/aisimulate/tools/support_matrix/generate_fpe_support_matrix.py --model ""Qwen/Qwen3.5-397B-A17B"" --system ""h100_sxm"" --backend ""trtllm"" --backend-version ""1.2.0rc5"" --forward-model op_level --max-workers 8",,116,29,PERF_DATA_MISSING=116,,26dae1f99b2b50fb17118f38d8a8e95dfac3357c
Qwen/Qwen3.5-397B-A17B,Qwen3_5MoeForConditionalGeneration,h100_sxm,trtllm,1.3.0rc10,FAIL,"Strict-native op-level FPE probes: PERF_DATA_MISSING=116; raw probes=116; topologies=29; source_sha=26dae1f99b2b50fb17118f38d8a8e95dfac3357c. Representative failure: perf database error: context attention data missing for ContextKey { fmha_quant: ""bfloat16"", kv_quant: ""bfloat16"", n_kv_lookup: 1, head_size: 256, window_size: 0 } at <repo>/python/aisimulate/src/aiconfigurator_core/systems/data/h100_sxm/trtllm/1.3.0rc10","python python/aisimulate/tools/support_matrix/generate_fpe_support_matrix.py --model ""Qwen/Qwen3.5-397B-A17B"" --system ""h100_sxm"" --backend ""trtllm"" --backend-version ""1.3.0rc10"" --forward-model op_level --max-workers 8",,116,29,PERF_DATA_MISSING=116,,26dae1f99b2b50fb17118f38d8a8e95dfac3357c
Qwen/Qwen3.5-397B-A17B,Qwen3_5MoeForConditionalGeneration,h100_sxm,trtllm,1.3.0rc15,FAIL,"Strict-native op-level FPE probes: PERF_DATA_MISSING=116; raw probes=116; topologies=29; source_sha=26dae1f99b2b50fb17118f38d8a8e95dfac3357c. Representative failure: perf database error: context attention data missing for ContextKey { fmha_quant: ""bfloat16"", kv_quant: ""bfloat16"", n_kv_lookup: 1, head_size: 256, window_size: 0 } at <repo>/python/aisimulate/src/aiconfigurator_core/systems/data/h100_sxm/trtllm/1.3.0rc15","python python/aisimulate/tools/support_matrix/generate_fpe_support_matrix.py --model ""Qwen/Qwen3.5-397B-A17B"" --system ""h100_sxm"" --backend ""trtllm"" --backend-version ""1.3.0rc15"" --forward-model op_level --max-workers 8",,116,29,PERF_DATA_MISSING=116,,26dae1f99b2b50fb17118f38d8a8e95dfac3357c
Qwen/Qwen3.5-397B-A17B,Qwen3_5MoeForConditionalGeneration,h100_sxm,trtllm,1.3.0rc20,PASS,,"python python/aisimulate/tools/support_matrix/generate_fpe_support_matrix.py --model ""Qwen/Qwen3.5-397B-A17B"" --system ""h100_sxm"" --backend ""trtllm"" --backend-version ""1.3.0rc20"" --forward-model op_level --max-workers 8",silicon,116,29,PASS=116,"decode_end=12835.072352, decode_start=50.338464, mixed=192.275131, prefill=190.163062",26dae1f99b2b50fb17118f38d8a8e95dfac3357c
Qwen/Qwen3.5-397B-A17B,Qwen3_5MoeForConditionalGeneration,h100_sxm,trtllm,1.3.0rc23,PASS,,"python python/aisimulate/tools/support_matrix/generate_fpe_support_matrix.py --model ""Qwen/Qwen3.5-397B-A17B"" --system ""h100_sxm"" --backend ""trtllm"" --backend-version ""1.3.0rc23"" --forward-model op_level --max-workers 8",silicon,116,29,PASS=116,"decode_end=12835.072352, decode_start=50.338464, mixed=192.275131, prefill=190.163062",26dae1f99b2b50fb17118f38d8a8e95dfac3357c
Qwen/Qwen3.5-397B-A17B,Qwen3_5MoeForConditionalGeneration,h100_sxm,vllm,0.1.dev19262,FAIL,Strict-native op-level FPE probes: PERF_DATA_MISSING=116; raw probes=116; topologies=29; source_sha=26dae1f99b2b50fb17118f38d8a8e95dfac3357c. Representative failure: perf database error: perf database error: no GEMM rows loaded from 1 source(s) (first: <repo>/python/aisimulate/src/aiconfigurator_core/systems/data/h100_sxm/vllm/0.1.dev19262/gemm_perf.parquet),"python python/aisimulate/tools/support_matrix/generate_fpe_support_matrix.py --model ""Qwen/Qwen3.5-397B-A17B"" --system ""h100_sxm"" --backend ""vllm"" --backend-version ""0.1.dev19262"" --forward-model op_level --max-workers 8",,116,29,PERF_DATA_MISSING=116,,26dae1f99b2b50fb17118f38d8a8e95dfac3357c
Qwen/Qwen3.5-397B-A17B,Qwen3_5MoeForConditionalGeneration,h100_sxm,vllm,0.14.0,FAIL,"Strict-native op-level FPE probes: PERF_DATA_MISSING=116; raw probes=116; topologies=29; source_sha=26dae1f99b2b50fb17118f38d8a8e95dfac3357c. Representative failure: perf database error: MoE data missing for MoeKey { quant: ""bfloat16"", distribution: ""power_law_1.2"", topk: 10, num_experts: 512, hidden_size: 4096, inter_size: 1024, moe_tp_size: 1, moe_ep_size: 1 } at <repo>/python/aisimulate/src/aiconfigurator_core/systems/data/h100_sxm/vllm/0.14.0","python python/aisimulate/tools/support_matrix/generate_fpe_support_matrix.py --model ""Qwen/Qwen3.5-397B-A17B"" --system ""h100_sxm"" --backend ""vllm"" --backend-version ""0.14.0"" --forward-model op_level --max-workers 8",,116,29,PERF_DATA_MISSING=116,,26dae1f99b2b50fb17118f38d8a8e95dfac3357c
Qwen/Qwen3.5-397B-A17B,Qwen3_5MoeForConditionalGeneration,h100_sxm,vllm,0.19.0,FAIL,"Strict-native op-level FPE probes: PERF_DATA_MISSING=116; raw probes=116; topologies=29; source_sha=26dae1f99b2b50fb17118f38d8a8e95dfac3357c. Representative failure: perf database error: context attention data missing for ContextKey { fmha_quant: ""bfloat16"", kv_quant: ""bfloat16"", n_kv_lookup: 1, head_size: 256, window_size: 0 } at <repo>/python/aisimulate/src/aiconfigurator_core/systems/data/h100_sxm/vllm/0.19.0","python python/aisimulate/tools/support_matrix/generate_fpe_support_matrix.py --model ""Qwen/Qwen3.5-397B-A17B"" --system ""h100_sxm"" --backend ""vllm"" --backend-version ""0.19.0"" --forward-model op_level --max-workers 8",,116,29,PERF_DATA_MISSING=116,,26dae1f99b2b50fb17118f38d8a8e95dfac3357c
Qwen/Qwen3.5-397B-A17B,Qwen3_5MoeForConditionalGeneration,h100_sxm,vllm,0.22.0,PASS,,"python python/aisimulate/tools/support_matrix/generate_fpe_support_matrix.py --model ""Qwen/Qwen3.5-397B-A17B"" --system ""h100_sxm"" --backend ""vllm"" --backend-version ""0.22.0"" --forward-model op_level --max-workers 8",silicon,116,29,PASS=116,"decode_end=12459.741019, decode_start=48.850378, mixed=203.966082, prefill=202.529848",26dae1f99b2b50fb17118f38d8a8e95dfac3357c
Qwen/Qwen3.5-397B-A17B,Qwen3_5MoeForConditionalGeneration,h100_sxm,vllm,0.24.0,PASS,,"python python/aisimulate/tools/support_matrix/generate_fpe_support_matrix.py --model ""Qwen/Qwen3.5-397B-A17B"" --system ""h100_sxm"" --backend ""vllm"" --backend-version ""0.24.0"" --forward-model op_level --max-workers 8",silicon,116,29,PASS=116,"decode_end=12459.741019, decode_start=48.850378, mixed=202.312862, prefill=200.904102",26dae1f99b2b50fb17118f38d8a8e95dfac3357c
XiaomiMiMo/MiMo-7B-Base,MiMoForCausalLM,h100_sxm,sglang,0.5.10,PASS,,"python python/aisimulate/tools/support_matrix/generate_fpe_support_matrix.py --model ""XiaomiMiMo/MiMo-7B-Base"" --system ""h100_sxm"" --backend ""sglang"" --backend-version ""0.5.10"" --forward-model op_level --max-workers 8",silicon,24,6,"PASS=12, SDK_UNREPRESENTABLE=12","decode_end=1606.136659, decode_start=6.264020, mixed=7.836334, prefill=7.225084",26dae1f99b2b50fb17118f38d8a8e95dfac3357c
XiaomiMiMo/MiMo-7B-Base,MiMoForCausalLM,h100_sxm,sglang,0.5.12,PASS,,"python python/aisimulate/tools/support_matrix/generate_fpe_support_matrix.py --model ""XiaomiMiMo/MiMo-7B-Base"" --system ""h100_sxm"" --backend ""sglang"" --backend-version ""0.5.12"" --forward-model op_level --max-workers 8",silicon,24,6,"PASS=12, SDK_UNREPRESENTABLE=12","decode_end=1644.190831, decode_start=6.417498, mixed=8.097112, prefill=7.123589",26dae1f99b2b50fb17118f38d8a8e95dfac3357c
XiaomiMiMo/MiMo-7B-Base,MiMoForCausalLM,h100_sxm,sglang,0.5.14,PASS,,"python python/aisimulate/tools/support_matrix/generate_fpe_support_matrix.py --model ""XiaomiMiMo/MiMo-7B-Base"" --system ""h100_sxm"" --backend ""sglang"" --backend-version ""0.5.14"" --forward-model op_level --max-workers 8",silicon,24,6,"PASS=12, SDK_UNREPRESENTABLE=12","decode_end=1644.190831, decode_start=6.417498, mixed=8.097112, prefill=7.123589",26dae1f99b2b50fb17118f38d8a8e95dfac3357c
XiaomiMiMo/MiMo-7B-Base,MiMoForCausalLM,h100_sxm,sglang,0.5.16,PASS,,"python python/aisimulate/tools/support_matrix/generate_fpe_support_matrix.py --model ""XiaomiMiMo/MiMo-7B-Base"" --system ""h100_sxm"" --backend ""sglang"" --backend-version ""0.5.16"" --forward-model op_level --max-workers 8",silicon,24,6,"PASS=12, SDK_UNREPRESENTABLE=12","decode_end=1644.190831, decode_start=6.417498, mixed=8.097112, prefill=7.123589",26dae1f99b2b50fb17118f38d8a8e95dfac3357c
XiaomiMiMo/MiMo-7B-Base,MiMoForCausalLM,h100_sxm,sglang,0.5.6.post2,PASS,,"python python/aisimulate/tools/support_matrix/generate_fpe_support_matrix.py --model ""XiaomiMiMo/MiMo-7B-Base"" --system ""h100_sxm"" --backend ""sglang"" --backend-version ""0.5.6.post2"" --forward-model op_level --max-workers 8",silicon,24,6,"PASS=12, SDK_UNREPRESENTABLE=12","decode_end=1660.227214, decode_start=6.459277, mixed=8.349636, prefill=7.358122",26dae1f99b2b50fb17118f38d8a8e95dfac3357c
XiaomiMiMo/MiMo-7B-Base,MiMoForCausalLM,h100_sxm,sglang,0.5.9,PASS,,"python python/aisimulate/tools/support_matrix/generate_fpe_support_matrix.py --model ""XiaomiMiMo/MiMo-7B-Base"" --system ""h100_sxm"" --backend ""sglang"" --backend-version ""0.5.9"" --forward-model op_level --max-workers 8",silicon,24,6,"PASS=12, SDK_UNREPRESENTABLE=12","decode_end=1637.904934, decode_start=6.371197, mixed=7.989146, prefill=7.369307",26dae1f99b2b50fb17118f38d8a8e95dfac3357c
XiaomiMiMo/MiMo-7B-Base,MiMoForCausalLM,h100_sxm,trtllm,1.2.0rc5,PASS,,"python python/aisimulate/tools/support_matrix/generate_fpe_support_matrix.py --model ""XiaomiMiMo/MiMo-7B-Base"" --system ""h100_sxm"" --backend ""trtllm"" --backend-version ""1.2.0rc5"" --forward-model op_level --max-workers 8",silicon,12,3,PASS=12,"decode_end=1636.051659, decode_start=6.324013, mixed=8.111057, prefill=7.336273",26dae1f99b2b50fb17118f38d8a8e95dfac3357c
XiaomiMiMo/MiMo-7B-Base,MiMoForCausalLM,h100_sxm,trtllm,1.3.0rc10,PASS,,"python python/aisimulate/tools/support_matrix/generate_fpe_support_matrix.py --model ""XiaomiMiMo/MiMo-7B-Base"" --system ""h100_sxm"" --backend ""trtllm"" --backend-version ""1.3.0rc10"" --forward-model op_level --max-workers 8",silicon,12,3,PASS=12,"decode_end=1659.644878, decode_start=6.418343, mixed=8.282601, prefill=7.401206",26dae1f99b2b50fb17118f38d8a8e95dfac3357c
XiaomiMiMo/MiMo-7B-Base,MiMoForCausalLM,h100_sxm,trtllm,1.3.0rc15,PASS,,"python python/aisimulate/tools/support_matrix/generate_fpe_support_matrix.py --model ""XiaomiMiMo/MiMo-7B-Base"" --system ""h100_sxm"" --backend ""trtllm"" --backend-version ""1.3.0rc15"" --forward-model op_level --max-workers 8",silicon,12,3,PASS=12,"decode_end=1659.644878, decode_start=6.418343, mixed=8.282601, prefill=7.401206",26dae1f99b2b50fb17118f38d8a8e95dfac3357c
XiaomiMiMo/MiMo-7B-Base,MiMoForCausalLM,h100_sxm,trtllm,1.3.0rc20,PASS,,"python python/aisimulate/tools/support_matrix/generate_fpe_support_matrix.py --model ""XiaomiMiMo/MiMo-7B-Base"" --system ""h100_sxm"" --backend ""trtllm"" --backend-version ""1.3.0rc20"" --forward-model op_level --max-workers 8",silicon,12,3,PASS=12,"decode_end=1664.568382, decode_start=6.433829, mixed=8.251489, prefill=7.361852",26dae1f99b2b50fb17118f38d8a8e95dfac3357c
XiaomiMiMo/MiMo-7B-Base,MiMoForCausalLM,h100_sxm,trtllm,1.3.0rc23,PASS,,"python python/aisimulate/tools/support_matrix/generate_fpe_support_matrix.py --model ""XiaomiMiMo/MiMo-7B-Base"" --system ""h100_sxm"" --backend ""trtllm"" --backend-version ""1.3.0rc23"" --forward-model op_level --max-workers 8",silicon,12,3,PASS=12,"decode_end=1664.568382, decode_start=6.433829, mixed=8.251489, prefill=7.361852",26dae1f99b2b50fb17118f38d8a8e95dfac3357c
XiaomiMiMo/MiMo-7B-Base,MiMoForCausalLM,h100_sxm,vllm,0.1.dev19262,FAIL,Strict-native op-level FPE probes: PERF_DATA_MISSING=12; raw probes=12; topologies=3; source_sha=26dae1f99b2b50fb17118f38d8a8e95dfac3357c. Representative failure: perf database error: perf database error: no GEMM rows loaded from 1 source(s) (first: <repo>/python/aisimulate/src/aiconfigurator_core/systems/data/h100_sxm/vllm/0.1.dev19262/gemm_perf.parquet),"python python/aisimulate/tools/support_matrix/generate_fpe_support_matrix.py --model ""XiaomiMiMo/MiMo-7B-Base"" --system ""h100_sxm"" --backend ""vllm"" --backend-version ""0.1.dev19262"" --forward-model op_level --max-workers 8",,12,3,PERF_DATA_MISSING=12,,26dae1f99b2b50fb17118f38d8a8e95dfac3357c
XiaomiMiMo/MiMo-7B-Base,MiMoForCausalLM,h100_sxm,vllm,0.14.0,PASS,,"python python/aisimulate/tools/support_matrix/generate_fpe_support_matrix.py --model ""XiaomiMiMo/MiMo-7B-Base"" --system ""h100_sxm"" --backend ""vllm"" --backend-version ""0.14.0"" --forward-model op_level --max-workers 8",silicon,12,3,PASS=12,"decode_end=1571.637501, decode_start=6.141949, mixed=7.593565, prefill=6.967927",26dae1f99b2b50fb17118f38d8a8e95dfac3357c
XiaomiMiMo/MiMo-7B-Base,MiMoForCausalLM,h100_sxm,vllm,0.19.0,PASS,,"python python/aisimulate/tools/support_matrix/generate_fpe_support_matrix.py --model ""XiaomiMiMo/MiMo-7B-Base"" --system ""h100_sxm"" --backend ""vllm"" --backend-version ""0.19.0"" --forward-model op_level --max-workers 8",silicon,12,3,PASS=12,"decode_end=1585.013625, decode_start=6.195412, mixed=7.861808, prefill=7.276597",26dae1f99b2b50fb17118f38d8a8e95dfac3357c
XiaomiMiMo/MiMo-7B-Base,MiMoForCausalLM,h100_sxm,vllm,0.22.0,PASS,,"python python/aisimulate/tools/support_matrix/generate_fpe_support_matrix.py --model ""XiaomiMiMo/MiMo-7B-Base"" --system ""h100_sxm"" --backend ""vllm"" --backend-version ""0.22.0"" --forward-model op_level --max-workers 8",silicon,12,3,PASS=12,"decode_end=1567.109678, decode_start=6.129249, mixed=7.981759, prefill=7.204975",26dae1f99b2b50fb17118f38d8a8e95dfac3357c
XiaomiMiMo/MiMo-7B-Base,MiMoForCausalLM,h100_sxm,vllm,0.24.0,PASS,,"python python/aisimulate/tools/support_matrix/generate_fpe_support_matrix.py --model ""XiaomiMiMo/MiMo-7B-Base"" --system ""h100_sxm"" --backend ""vllm"" --backend-version ""0.24.0"" --forward-model op_level --max-workers 8",silicon,12,3,PASS=12,"decode_end=1567.109678, decode_start=6.129249, mixed=7.981759, prefill=7.204975",26dae1f99b2b50fb17118f38d8a8e95dfac3357c
XiaomiMiMo/MiMo-V2-Flash,MiMoV2FlashForCausalLM,h100_sxm,sglang,0.5.10,FAIL,"Strict-native op-level FPE probes: PERF_DATA_MISSING=220, SDK_UNREPRESENTABLE=320; raw probes=540; topologies=135; source_sha=26dae1f99b2b50fb17118f38d8a8e95dfac3357c. Representative failure: perf database error: MoE data missing for MoeKey { quant: ""fp8_block"", distribution: ""power_law_1.01"", topk: 8, num_experts: 256, hidden_size: 4096, inter_size: 2048, moe_tp_size: 1, moe_ep_size: 1 } at <repo>/python/aisimulate/src/aiconfigurator_core/systems/data/h100_sxm/sglang/0.5.10","python python/aisimulate/tools/support_matrix/generate_fpe_support_matrix.py --model ""XiaomiMiMo/MiMo-V2-Flash"" --system ""h100_sxm"" --backend ""sglang"" --backend-version ""0.5.10"" --forward-model op_level --max-workers 8",,540,135,"PERF_DATA_MISSING=220, SDK_UNREPRESENTABLE=320",,26dae1f99b2b50fb17118f38d8a8e95dfac3357c
XiaomiMiMo/MiMo-V2-Flash,MiMoV2FlashForCausalLM,h100_sxm,sglang,0.5.12,PASS,,"python python/aisimulate/tools/support_matrix/generate_fpe_support_matrix.py --model ""XiaomiMiMo/MiMo-V2-Flash"" --system ""h100_sxm"" --backend ""sglang"" --backend-version ""0.5.12"" --forward-model op_level --max-workers 8",silicon,540,135,"PASS=220, SDK_UNREPRESENTABLE=320","decode_end=7687.450406, decode_start=30.090276, mixed=91.760918, prefill=88.035735",26dae1f99b2b50fb17118f38d8a8e95dfac3357c
XiaomiMiMo/MiMo-V2-Flash,MiMoV2FlashForCausalLM,h100_sxm,sglang,0.5.14,PASS,,"python python/aisimulate/tools/support_matrix/generate_fpe_support_matrix.py --model ""XiaomiMiMo/MiMo-V2-Flash"" --system ""h100_sxm"" --backend ""sglang"" --backend-version ""0.5.14"" --forward-model op_level --max-workers 8",silicon,540,135,"PASS=220, SDK_UNREPRESENTABLE=320","decode_end=7687.450406, decode_start=30.090276, mixed=91.760918, prefill=88.035735",26dae1f99b2b50fb17118f38d8a8e95dfac3357c
XiaomiMiMo/MiMo-V2-Flash,MiMoV2FlashForCausalLM,h100_sxm,sglang,0.5.16,PASS,,"python python/aisimulate/tools/support_matrix/generate_fpe_support_matrix.py --model ""XiaomiMiMo/MiMo-V2-Flash"" --system ""h100_sxm"" --backend ""sglang"" --backend-version ""0.5.16"" --forward-model op_level --max-workers 8",silicon,540,135,"PASS=220, SDK_UNREPRESENTABLE=320","decode_end=7687.450406, decode_start=30.090276, mixed=91.760918, prefill=88.035735",26dae1f99b2b50fb17118f38d8a8e95dfac3357c
XiaomiMiMo/MiMo-V2-Flash,MiMoV2FlashForCausalLM,h100_sxm,sglang,0.5.6.post2,FAIL,"Strict-native op-level FPE probes: PERF_DATA_MISSING=220, SDK_UNREPRESENTABLE=320; raw probes=540; topologies=135; source_sha=26dae1f99b2b50fb17118f38d8a8e95dfac3357c. Representative failure: perf database error: MoE data missing for MoeKey { quant: ""fp8_block"", distribution: ""power_law_1.01"", topk: 8, num_experts: 256, hidden_size: 4096, inter_size: 2048, moe_tp_size: 1, moe_ep_size: 1 } at <repo>/python/aisimulate/src/aiconfigurator_core/systems/data/h100_sxm/sglang/0.5.6.post2","python python/aisimulate/tools/support_matrix/generate_fpe_support_matrix.py --model ""XiaomiMiMo/MiMo-V2-Flash"" --system ""h100_sxm"" --backend ""sglang"" --backend-version ""0.5.6.post2"" --forward-model op_level --max-workers 8",,540,135,"PERF_DATA_MISSING=220, SDK_UNREPRESENTABLE=320",,26dae1f99b2b50fb17118f38d8a8e95dfac3357c
XiaomiMiMo/MiMo-V2-Flash,MiMoV2FlashForCausalLM,h100_sxm,sglang,0.5.9,FAIL,"Strict-native op-level FPE probes: PERF_DATA_MISSING=220, SDK_UNREPRESENTABLE=320; raw probes=540; topologies=135; source_sha=26dae1f99b2b50fb17118f38d8a8e95dfac3357c. Representative failure: perf database error: MoE data missing for MoeKey { quant: ""fp8_block"", distribution: ""power_law_1.01"", topk: 8, num_experts: 256, hidden_size: 4096, inter_size: 2048, moe_tp_size: 1, moe_ep_size: 1 } at <repo>/python/aisimulate/src/aiconfigurator_core/systems/data/h100_sxm/sglang/0.5.9","python python/aisimulate/tools/support_matrix/generate_fpe_support_matrix.py --model ""XiaomiMiMo/MiMo-V2-Flash"" --system ""h100_sxm"" --backend ""sglang"" --backend-version ""0.5.9"" --forward-model op_level --max-workers 8",,540,135,"PERF_DATA_MISSING=220, SDK_UNREPRESENTABLE=320",,26dae1f99b2b50fb17118f38d8a8e95dfac3357c
XiaomiMiMo/MiMo-V2-Flash,MiMoV2FlashForCausalLM,h100_sxm,trtllm,1.2.0rc5,FAIL,"Strict-native op-level FPE probes: PERF_DATA_MISSING=116; raw probes=116; topologies=29; source_sha=26dae1f99b2b50fb17118f38d8a8e95dfac3357c. Representative failure: perf database error: MoE data missing for MoeKey { quant: ""fp8_block"", distribution: ""power_law_1.01"", topk: 8, num_experts: 256, hidden_size: 4096, inter_size: 2048, moe_tp_size: 1, moe_ep_size: 1 } at <repo>/python/aisimulate/src/aiconfigurator_core/systems/data/h100_sxm/trtllm/1.2.0rc5","python python/aisimulate/tools/support_matrix/generate_fpe_support_matrix.py --model ""XiaomiMiMo/MiMo-V2-Flash"" --system ""h100_sxm"" --backend ""trtllm"" --backend-version ""1.2.0rc5"" --forward-model op_level --max-workers 8",,116,29,PERF_DATA_MISSING=116,,26dae1f99b2b50fb17118f38d8a8e95dfac3357c
XiaomiMiMo/MiMo-V2-Flash,MiMoV2FlashForCausalLM,h100_sxm,trtllm,1.3.0rc10,FAIL,"Strict-native op-level FPE probes: PERF_DATA_MISSING=116; raw probes=116; topologies=29; source_sha=26dae1f99b2b50fb17118f38d8a8e95dfac3357c. Representative failure: perf database error: MoE data missing for MoeKey { quant: ""fp8_block"", distribution: ""power_law_1.01"", topk: 8, num_experts: 256, hidden_size: 4096, inter_size: 2048, moe_tp_size: 1, moe_ep_size: 1 } at <repo>/python/aisimulate/src/aiconfigurator_core/systems/data/h100_sxm/trtllm/1.3.0rc10","python python/aisimulate/tools/support_matrix/generate_fpe_support_matrix.py --model ""XiaomiMiMo/MiMo-V2-Flash"" --system ""h100_sxm"" --backend ""trtllm"" --backend-version ""1.3.0rc10"" --forward-model op_level --max-workers 8",,116,29,PERF_DATA_MISSING=116,,26dae1f99b2b50fb17118f38d8a8e95dfac3357c
XiaomiMiMo/MiMo-V2-Flash,MiMoV2FlashForCausalLM,h100_sxm,trtllm,1.3.0rc15,FAIL,"Strict-native op-level FPE probes: PERF_DATA_MISSING=116; raw probes=116; topologies=29; source_sha=26dae1f99b2b50fb17118f38d8a8e95dfac3357c. Representative failure: perf database error: MoE data missing for MoeKey { quant: ""fp8_block"", distribution: ""power_law_1.01"", topk: 8, num_experts: 256, hidden_size: 4096, inter_size: 2048, moe_tp_size: 1, moe_ep_size: 1 } at <repo>/python/aisimulate/src/aiconfigurator_core/systems/data/h100_sxm/trtllm/1.3.0rc15","python python/aisimulate/tools/support_matrix/generate_fpe_support_matrix.py --model ""XiaomiMiMo/MiMo-V2-Flash"" --system ""h100_sxm"" --backend ""trtllm"" --backend-version ""1.3.0rc15"" --forward-model op_level --max-workers 8",,116,29,PERF_DATA_MISSING=116,,26dae1f99b2b50fb17118f38d8a8e95dfac3357c
XiaomiMiMo/MiMo-V2-Flash,MiMoV2FlashForCausalLM,h100_sxm,trtllm,1.3.0rc20,PASS,,"python python/aisimulate/tools/support_matrix/generate_fpe_support_matrix.py --model ""XiaomiMiMo/MiMo-V2-Flash"" --system ""h100_sxm"" --backend ""trtllm"" --backend-version ""1.3.0rc20"" --forward-model op_level --max-workers 8",silicon,116,29,PASS=116,"decode_end=7659.971985, decode_start=30.025315, mixed=94.059430, prefill=90.077707",26dae1f99b2b50fb17118f38d8a8e95dfac3357c
XiaomiMiMo/MiMo-V2-Flash,MiMoV2FlashForCausalLM,h100_sxm,trtllm,1.3.0rc23,PASS,,"python python/aisimulate/tools/support_matrix/generate_fpe_support_matrix.py --model ""XiaomiMiMo/MiMo-V2-Flash"" --system ""h100_sxm"" --backend ""trtllm"" --backend-version ""1.3.0rc23"" --forward-model op_level --max-workers 8",silicon,116,29,PASS=116,"decode_end=7659.971985, decode_start=30.025315, mixed=94.059430, prefill=90.077707",26dae1f99b2b50fb17118f38d8a8e95dfac3357c
XiaomiMiMo/MiMo-V2-Flash,MiMoV2FlashForCausalLM,h100_sxm,vllm,0.1.dev19262,FAIL,Strict-native op-level FPE probes: PERF_DATA_MISSING=116; raw probes=116; topologies=29; source_sha=26dae1f99b2b50fb17118f38d8a8e95dfac3357c. Representative failure: perf database error: perf database error: no GEMM rows loaded from 1 source(s) (first: <repo>/python/aisimulate/src/aiconfigurator_core/systems/data/h100_sxm/vllm/0.1.dev19262/gemm_perf.parquet),"python python/aisimulate/tools/support_matrix/generate_fpe_support_matrix.py --model ""XiaomiMiMo/MiMo-V2-Flash"" --system ""h100_sxm"" --backend ""vllm"" --backend-version ""0.1.dev19262"" --forward-model op_level --max-workers 8",,116,29,PERF_DATA_MISSING=116,,26dae1f99b2b50fb17118f38d8a8e95dfac3357c
XiaomiMiMo/MiMo-V2-Flash,MiMoV2FlashForCausalLM,h100_sxm,vllm,0.14.0,FAIL,"Strict-native op-level FPE probes: PERF_DATA_MISSING=116; raw probes=116; topologies=29; source_sha=26dae1f99b2b50fb17118f38d8a8e95dfac3357c. Representative failure: perf database error: MoE data missing for MoeKey { quant: ""fp8_block"", distribution: ""power_law_1.01"", topk: 8, num_experts: 256, hidden_size: 4096, inter_size: 2048, moe_tp_size: 1, moe_ep_size: 1 } at <repo>/python/aisimulate/src/aiconfigurator_core/systems/data/h100_sxm/vllm/0.14.0","python python/aisimulate/tools/support_matrix/generate_fpe_support_matrix.py --model ""XiaomiMiMo/MiMo-V2-Flash"" --system ""h100_sxm"" --backend ""vllm"" --backend-version ""0.14.0"" --forward-model op_level --max-workers 8",,116,29,PERF_DATA_MISSING=116,,26dae1f99b2b50fb17118f38d8a8e95dfac3357c
XiaomiMiMo/MiMo-V2-Flash,MiMoV2FlashForCausalLM,h100_sxm,vllm,0.19.0,FAIL,"Strict-native op-level FPE probes: PERF_DATA_MISSING=116; raw probes=116; topologies=29; source_sha=26dae1f99b2b50fb17118f38d8a8e95dfac3357c. Representative failure: perf database error: MoE data missing for MoeKey { quant: ""fp8_block"", distribution: ""power_law_1.01"", topk: 8, num_experts: 256, hidden_size: 4096, inter_size: 2048, moe_tp_size: 1, moe_ep_size: 1 } at <repo>/python/aisimulate/src/aiconfigurator_core/systems/data/h100_sxm/vllm/0.19.0","python python/aisimulate/tools/support_matrix/generate_fpe_support_matrix.py --model ""XiaomiMiMo/MiMo-V2-Flash"" --system ""h100_sxm"" --backend ""vllm"" --backend-version ""0.19.0"" --forward-model op_level --max-workers 8",,116,29,PERF_DATA_MISSING=116,,26dae1f99b2b50fb17118f38d8a8e95dfac3357c
XiaomiMiMo/MiMo-V2-Flash,MiMoV2FlashForCausalLM,h100_sxm,vllm,0.22.0,PASS,,"python python/aisimulate/tools/support_matrix/generate_fpe_support_matrix.py --model ""XiaomiMiMo/MiMo-V2-Flash"" --system ""h100_sxm"" --backend ""vllm"" --backend-version ""0.22.0"" --forward-model op_level --max-workers 8",silicon,116,29,PASS=116,"decode_end=8920.199353, decode_start=34.928312, mixed=100.560333, prefill=98.917957",26dae1f99b2b50fb17118f38d8a8e95dfac3357c
XiaomiMiMo/MiMo-V2-Flash,MiMoV2FlashForCausalLM,h100_sxm,vllm,0.24.0,PASS,,"python python/aisimulate/tools/support_matrix/generate_fpe_support_matrix.py --model ""XiaomiMiMo/MiMo-V2-Flash"" --system ""h100_sxm"" --backend ""vllm"" --backend-version ""0.24.0"" --forward-model op_level --max-workers 8",silicon,116,29,PASS=116,"decode_end=8920.199353, decode_start=34.928312, mixed=100.560333, prefill=98.917957",26dae1f99b2b50fb17118f38d8a8e95dfac3357c
deepseek-ai/DeepSeek-R1,DeepseekV3ForCausalLM,h100_sxm,sglang,0.5.10,PASS,,"python python/aisimulate/tools/support_matrix/generate_fpe_support_matrix.py --model ""deepseek-ai/DeepSeek-R1"" --system ""h100_sxm"" --backend ""sglang"" --backend-version ""0.5.10"" --forward-model op_level --max-workers 8",silicon,1260,315,"PASS=344, SDK_UNREPRESENTABLE=916","decode_end=18073.503886, decode_start=70.691767, mixed=211.174719, prefill=205.566726",26dae1f99b2b50fb17118f38d8a8e95dfac3357c
deepseek-ai/DeepSeek-R1,DeepseekV3ForCausalLM,h100_sxm,sglang,0.5.12,PASS,,"python python/aisimulate/tools/support_matrix/generate_fpe_support_matrix.py --model ""deepseek-ai/DeepSeek-R1"" --system ""h100_sxm"" --backend ""sglang"" --backend-version ""0.5.12"" --forward-model op_level --max-workers 8",silicon,1260,315,"PASS=404, SDK_UNREPRESENTABLE=856","decode_end=13646.081125, decode_start=53.329155, mixed=193.968790, prefill=190.441064",26dae1f99b2b50fb17118f38d8a8e95dfac3357c
deepseek-ai/DeepSeek-R1,DeepseekV3ForCausalLM,h100_sxm,sglang,0.5.14,PASS,,"python python/aisimulate/tools/support_matrix/generate_fpe_support_matrix.py --model ""deepseek-ai/DeepSeek-R1"" --system ""h100_sxm"" --backend ""sglang"" --backend-version ""0.5.14"" --forward-model op_level --max-workers 8",silicon,1260,315,"PASS=344, SDK_UNREPRESENTABLE=916","decode_end=13646.081125, decode_start=53.329155, mixed=193.968790, prefill=190.441064",26dae1f99b2b50fb17118f38d8a8e95dfac3357c
deepseek-ai/DeepSeek-R1,DeepseekV3ForCausalLM,h100_sxm,sglang,0.5.16,PASS,,"python python/aisimulate/tools/support_matrix/generate_fpe_support_matrix.py --model ""deepseek-ai/DeepSeek-R1"" --system ""h100_sxm"" --backend ""sglang"" --backend-version ""0.5.16"" --forward-model op_level --max-workers 8",silicon,1260,315,"PASS=344, SDK_UNREPRESENTABLE=916","decode_end=13646.081125, decode_start=53.329155, mixed=193.968790, prefill=190.441064",26dae1f99b2b50fb17118f38d8a8e95dfac3357c
deepseek-ai/DeepSeek-R1,DeepseekV3ForCausalLM,h100_sxm,sglang,0.5.6.post2,PASS,,"python python/aisimulate/tools/support_matrix/generate_fpe_support_matrix.py --model ""deepseek-ai/DeepSeek-R1"" --system ""h100_sxm"" --backend ""sglang"" --backend-version ""0.5.6.post2"" --forward-model op_level --max-workers 8",silicon,1260,315,"PASS=60, PERF_DATA_MISSING=284, SDK_UNREPRESENTABLE=916","decode_end=143922.430584, decode_start=564.214545, mixed=2345.714206, prefill=2338.897236",26dae1f99b2b50fb17118f38d8a8e95dfac3357c
deepseek-ai/DeepSeek-R1,DeepseekV3ForCausalLM,h100_sxm,sglang,0.5.9,PASS,,"python python/aisimulate/tools/support_matrix/generate_fpe_support_matrix.py --model ""deepseek-ai/DeepSeek-R1"" --system ""h100_sxm"" --backend ""sglang"" --backend-version ""0.5.9"" --forward-model op_level --max-workers 8",silicon,1260,315,"PASS=344, SDK_UNREPRESENTABLE=916","decode_end=18408.743803, decode_start=71.990313, mixed=211.614710, prefill=206.121402",26dae1f99b2b50fb17118f38d8a8e95dfac3357c
deepseek-ai/DeepSeek-R1,DeepseekV3ForCausalLM,h100_sxm,trtllm,1.2.0rc5,PASS,,"python python/aisimulate/tools/support_matrix/generate_fpe_support_matrix.py --model ""deepseek-ai/DeepSeek-R1"" --system ""h100_sxm"" --backend ""trtllm"" --backend-version ""1.2.0rc5"" --forward-model op_level --max-workers 8",silicon,116,29,PASS=116,"decode_end=18600.014531, decode_start=72.922625, mixed=213.434121, prefill=208.771218",26dae1f99b2b50fb17118f38d8a8e95dfac3357c
deepseek-ai/DeepSeek-R1,DeepseekV3ForCausalLM,h100_sxm,trtllm,1.3.0rc10,PASS,,"python python/aisimulate/tools/support_matrix/generate_fpe_support_matrix.py --model ""deepseek-ai/DeepSeek-R1"" --system ""h100_sxm"" --backend ""trtllm"" --backend-version ""1.3.0rc10"" --forward-model op_level --max-workers 8",silicon,116,29,PASS=116,"decode_end=17808.728904, decode_start=69.774354, mixed=210.959425, prefill=205.504367",26dae1f99b2b50fb17118f38d8a8e95dfac3357c
deepseek-ai/DeepSeek-R1,DeepseekV3ForCausalLM,h100_sxm,trtllm,1.3.0rc15,PASS,,"python python/aisimulate/tools/support_matrix/generate_fpe_support_matrix.py --model ""deepseek-ai/DeepSeek-R1"" --system ""h100_sxm"" --backend ""trtllm"" --backend-version ""1.3.0rc15"" --forward-model op_level --max-workers 8",silicon,116,29,PASS=116,"decode_end=17808.728904, decode_start=69.774354, mixed=210.959425, prefill=205.504367",26dae1f99b2b50fb17118f38d8a8e95dfac3357c
deepseek-ai/DeepSeek-R1,DeepseekV3ForCausalLM,h100_sxm,trtllm,1.3.0rc20,PASS,,"python python/aisimulate/tools/support_matrix/generate_fpe_support_matrix.py --model ""deepseek-ai/DeepSeek-R1"" --system ""h100_sxm"" --backend ""trtllm"" --backend-version ""1.3.0rc20"" --forward-model op_level --max-workers 8",silicon,116,29,PASS=116,"decode_end=17452.543778, decode_start=68.436032, mixed=214.565438, prefill=210.764603",26dae1f99b2b50fb17118f38d8a8e95dfac3357c
deepseek-ai/DeepSeek-R1,DeepseekV3ForCausalLM,h100_sxm,trtllm,1.3.0rc23,PASS,,"python python/aisimulate/tools/support_matrix/generate_fpe_support_matrix.py --model ""deepseek-ai/DeepSeek-R1"" --system ""h100_sxm"" --backend ""trtllm"" --backend-version ""1.3.0rc23"" --forward-model op_level --max-workers 8",silicon,116,29,PASS=116,"decode_end=17452.543778, decode_start=68.436032, mixed=214.565438, prefill=210.764603",26dae1f99b2b50fb17118f38d8a8e95dfac3357c
deepseek-ai/DeepSeek-R1,DeepseekV3ForCausalLM,h100_sxm,vllm,0.1.dev19262,FAIL,Strict-native op-level FPE probes: PERF_DATA_MISSING=116; raw probes=116; topologies=29; source_sha=26dae1f99b2b50fb17118f38d8a8e95dfac3357c. Representative failure: perf database error: perf database error: no GEMM rows loaded from 1 source(s) (first: <repo>/python/aisimulate/src/aiconfigurator_core/systems/data/h100_sxm/vllm/0.1.dev19262/gemm_perf.parquet),"python python/aisimulate/tools/support_matrix/generate_fpe_support_matrix.py --model ""deepseek-ai/DeepSeek-R1"" --system ""h100_sxm"" --backend ""vllm"" --backend-version ""0.1.dev19262"" --forward-model op_level --max-workers 8",,116,29,PERF_DATA_MISSING=116,,26dae1f99b2b50fb17118f38d8a8e95dfac3357c
deepseek-ai/DeepSeek-R1,DeepseekV3ForCausalLM,h100_sxm,vllm,0.14.0,PASS,,"python python/aisimulate/tools/support_matrix/generate_fpe_support_matrix.py --model ""deepseek-ai/DeepSeek-R1"" --system ""h100_sxm"" --backend ""vllm"" --backend-version ""0.14.0"" --forward-model op_level --max-workers 8",silicon,116,29,PASS=116,"decode_end=17465.579447, decode_start=68.487152, mixed=214.428992, prefill=212.911981",26dae1f99b2b50fb17118f38d8a8e95dfac3357c
deepseek-ai/DeepSeek-R1,DeepseekV3ForCausalLM,h100_sxm,vllm,0.19.0,PASS,,"python python/aisimulate/tools/support_matrix/generate_fpe_support_matrix.py --model ""deepseek-ai/DeepSeek-R1"" --system ""h100_sxm"" --backend ""vllm"" --backend-version ""0.19.0"" --forward-model op_level --max-workers 8",silicon,116,29,PASS=116,"decode_end=18584.348957, decode_start=72.861192, mixed=214.605966, prefill=211.981729",26dae1f99b2b50fb17118f38d8a8e95dfac3357c
deepseek-ai/DeepSeek-R1,DeepseekV3ForCausalLM,h100_sxm,vllm,0.22.0,PASS,,"python python/aisimulate/tools/support_matrix/generate_fpe_support_matrix.py --model ""deepseek-ai/DeepSeek-R1"" --system ""h100_sxm"" --backend ""vllm"" --backend-version ""0.22.0"" --forward-model op_level --max-workers 8",silicon,116,29,PASS=116,"decode_end=17735.748850, decode_start=69.413725, mixed=206.039679, prefill=204.167225",26dae1f99b2b50fb17118f38d8a8e95dfac3357c
deepseek-ai/DeepSeek-R1,DeepseekV3ForCausalLM,h100_sxm,vllm,0.24.0,PASS,,"python python/aisimulate/tools/support_matrix/generate_fpe_support_matrix.py --model ""deepseek-ai/DeepSeek-R1"" --system ""h100_sxm"" --backend ""vllm"" --backend-version ""0.24.0"" --forward-model op_level --max-workers 8",silicon,116,29,PASS=116,"decode_end=17735.748850, decode_start=69.413725, mixed=206.039679, prefill=204.167225",26dae1f99b2b50fb17118f38d8a8e95dfac3357c
deepseek-ai/DeepSeek-V3,DeepseekV3ForCausalLM,h100_sxm,sglang,0.5.10,PASS,,"python python/aisimulate/tools/support_matrix/generate_fpe_support_matrix.py --model ""deepseek-ai/DeepSeek-V3"" --system ""h100_sxm"" --backend ""sglang"" --backend-version ""0.5.10"" --forward-model op_level --max-workers 8",silicon,1260,315,"PASS=344, SDK_UNREPRESENTABLE=916","decode_end=18073.503886, decode_start=70.691767, mixed=211.174719, prefill=205.566726",26dae1f99b2b50fb17118f38d8a8e95dfac3357c
deepseek-ai/DeepSeek-V3,DeepseekV3ForCausalLM,h100_sxm,sglang,0.5.12,PASS,,"python python/aisimulate/tools/support_matrix/generate_fpe_support_matrix.py --model ""deepseek-ai/DeepSeek-V3"" --system ""h100_sxm"" --backend ""sglang"" --backend-version ""0.5.12"" --forward-model op_level --max-workers 8",silicon,1260,315,"PASS=404, SDK_UNREPRESENTABLE=856","decode_end=13646.081125, decode_start=53.329155, mixed=193.968790, prefill=190.441064",26dae1f99b2b50fb17118f38d8a8e95dfac3357c
deepseek-ai/DeepSeek-V3,DeepseekV3ForCausalLM,h100_sxm,sglang,0.5.14,PASS,,"python python/aisimulate/tools/support_matrix/generate_fpe_support_matrix.py --model ""deepseek-ai/DeepSeek-V3"" --system ""h100_sxm"" --backend ""sglang"" --backend-version ""0.5.14"" --forward-model op_level --max-workers 8",silicon,1260,315,"PASS=344, SDK_UNREPRESENTABLE=916","decode_end=13646.081125, decode_start=53.329155, mixed=193.968790, prefill=190.441064",26dae1f99b2b50fb17118f38d8a8e95dfac3357c
deepseek-ai/DeepSeek-V3,DeepseekV3ForCausalLM,h100_sxm,sglang,0.5.16,PASS,,"python python/aisimulate/tools/support_matrix/generate_fpe_support_matrix.py --model ""deepseek-ai/DeepSeek-V3"" --system ""h100_sxm"" --backend ""sglang"" --backend-version ""0.5.16"" --forward-model op_level --max-workers 8",silicon,1260,315,"PASS=344, SDK_UNREPRESENTABLE=916","decode_end=13646.081125, decode_start=53.329155, mixed=193.968790, prefill=190.441064",26dae1f99b2b50fb17118f38d8a8e95dfac3357c
deepseek-ai/DeepSeek-V3,DeepseekV3ForCausalLM,h100_sxm,sglang,0.5.6.post2,PASS,,"python python/aisimulate/tools/support_matrix/generate_fpe_support_matrix.py --model ""deepseek-ai/DeepSeek-V3"" --system ""h100_sxm"" --backend ""sglang"" --backend-version ""0.5.6.post2"" --forward-model op_level --max-workers 8",silicon,1260,315,"PASS=60, PERF_DATA_MISSING=284, SDK_UNREPRESENTABLE=916","decode_end=143922.430584, decode_start=564.214545, mixed=2345.714206, prefill=2338.897236",26dae1f99b2b50fb17118f38d8a8e95dfac3357c
deepseek-ai/DeepSeek-V3,DeepseekV3ForCausalLM,h100_sxm,sglang,0.5.9,PASS,,"python python/aisimulate/tools/support_matrix/generate_fpe_support_matrix.py --model ""deepseek-ai/DeepSeek-V3"" --system ""h100_sxm"" --backend ""sglang"" --backend-version ""0.5.9"" --forward-model op_level --max-workers 8",silicon,1260,315,"PASS=344, SDK_UNREPRESENTABLE=916","decode_end=18408.743803, decode_start=71.990313, mixed=211.614710, prefill=206.121402",26dae1f99b2b50fb17118f38d8a8e95dfac3357c
deepseek-ai/DeepSeek-V3,DeepseekV3ForCausalLM,h100_sxm,trtllm,1.2.0rc5,PASS,,"python python/aisimulate/tools/support_matrix/generate_fpe_support_matrix.py --model ""deepseek-ai/DeepSeek-V3"" --system ""h100_sxm"" --backend ""trtllm"" --backend-version ""1.2.0rc5"" --forward-model op_level --max-workers 8",silicon,116,29,PASS=116,"decode_end=18600.014531, decode_start=72.922625, mixed=213.434121, prefill=208.771218",26dae1f99b2b50fb17118f38d8a8e95dfac3357c
deepseek-ai/DeepSeek-V3,DeepseekV3ForCausalLM,h100_sxm,trtllm,1.3.0rc10,PASS,,"python python/aisimulate/tools/support_matrix/generate_fpe_support_matrix.py --model ""deepseek-ai/DeepSeek-V3"" --system ""h100_sxm"" --backend ""trtllm"" --backend-version ""1.3.0rc10"" --forward-model op_level --max-workers 8",silicon,116,29,PASS=116,"decode_end=17808.728904, decode_start=69.774354, mixed=210.959425, prefill=205.504367",26dae1f99b2b50fb17118f38d8a8e95dfac3357c
deepseek-ai/DeepSeek-V3,DeepseekV3ForCausalLM,h100_sxm,trtllm,1.3.0rc15,PASS,,"python python/aisimulate/tools/support_matrix/generate_fpe_support_matrix.py --model ""deepseek-ai/DeepSeek-V3"" --system ""h100_sxm"" --backend ""trtllm"" --backend-version ""1.3.0rc15"" --forward-model op_level --max-workers 8",silicon,116,29,PASS=116,"decode_end=17808.728904, decode_start=69.774354, mixed=210.959425, prefill=205.504367",26dae1f99b2b50fb17118f38d8a8e95dfac3357c
deepseek-ai/DeepSeek-V3,DeepseekV3ForCausalLM,h100_sxm,trtllm,1.3.0rc20,PASS,,"python python/aisimulate/tools/support_matrix/generate_fpe_support_matrix.py --model ""deepseek-ai/DeepSeek-V3"" --system ""h100_sxm"" --backend ""trtllm"" --backend-version ""1.3.0rc20"" --forward-model op_level --max-workers 8",silicon,116,29,PASS=116,"decode_end=17452.543778, decode_start=68.436032, mixed=214.565438, prefill=210.764603",26dae1f99b2b50fb17118f38d8a8e95dfac3357c
deepseek-ai/DeepSeek-V3,DeepseekV3ForCausalLM,h100_sxm,trtllm,1.3.0rc23,PASS,,"python python/aisimulate/tools/support_matrix/generate_fpe_support_matrix.py --model ""deepseek-ai/DeepSeek-V3"" --system ""h100_sxm"" --backend ""trtllm"" --backend-version ""1.3.0rc23"" --forward-model op_level --max-workers 8",silicon,116,29,PASS=116,"decode_end=17452.543778, decode_start=68.436032, mixed=214.565438, prefill=210.764603",26dae1f99b2b50fb17118f38d8a8e95dfac3357c
deepseek-ai/DeepSeek-V3,DeepseekV3ForCausalLM,h100_sxm,vllm,0.1.dev19262,FAIL,Strict-native op-level FPE probes: PERF_DATA_MISSING=116; raw probes=116; topologies=29; source_sha=26dae1f99b2b50fb17118f38d8a8e95dfac3357c. Representative failure: perf database error: perf database error: no GEMM rows loaded from 1 source(s) (first: <repo>/python/aisimulate/src/aiconfigurator_core/systems/data/h100_sxm/vllm/0.1.dev19262/gemm_perf.parquet),"python python/aisimulate/tools/support_matrix/generate_fpe_support_matrix.py --model ""deepseek-ai/DeepSeek-V3"" --system ""h100_sxm"" --backend ""vllm"" --backend-version ""0.1.dev19262"" --forward-model op_level --max-workers 8",,116,29,PERF_DATA_MISSING=116,,26dae1f99b2b50fb17118f38d8a8e95dfac3357c
deepseek-ai/DeepSeek-V3,DeepseekV3ForCausalLM,h100_sxm,vllm,0.14.0,PASS,,"python python/aisimulate/tools/support_matrix/generate_fpe_support_matrix.py --model ""deepseek-ai/DeepSeek-V3"" --system ""h100_sxm"" --backend ""vllm"" --backend-version ""0.14.0"" --forward-model op_level --max-workers 8",silicon,116,29,PASS=116,"decode_end=17465.579447, decode_start=68.487152, mixed=214.428992, prefill=212.911981",26dae1f99b2b50fb17118f38d8a8e95dfac3357c
deepseek-ai/DeepSeek-V3,DeepseekV3ForCausalLM,h100_sxm,vllm,0.19.0,PASS,,"python python/aisimulate/tools/support_matrix/generate_fpe_support_matrix.py --model ""deepseek-ai/DeepSeek-V3"" --system ""h100_sxm"" --backend ""vllm"" --backend-version ""0.19.0"" --forward-model op_level --max-workers 8",silicon,116,29,PASS=116,"decode_end=18584.348957, decode_start=72.861192, mixed=214.605966, prefill=211.981729",26dae1f99b2b50fb17118f38d8a8e95dfac3357c
deepseek-ai/DeepSeek-V3,DeepseekV3ForCausalLM,h100_sxm,vllm,0.22.0,PASS,,"python python/aisimulate/tools/support_matrix/generate_fpe_support_matrix.py --model ""deepseek-ai/DeepSeek-V3"" --system ""h100_sxm"" --backend ""vllm"" --backend-version ""0.22.0"" --forward-model op_level --max-workers 8",silicon,116,29,PASS=116,"decode_end=17735.748850, decode_start=69.413725, mixed=206.039679, prefill=204.167225",26dae1f99b2b50fb17118f38d8a8e95dfac3357c
deepseek-ai/DeepSeek-V3,DeepseekV3ForCausalLM,h100_sxm,vllm,0.24.0,PASS,,"python python/aisimulate/tools/support_matrix/generate_fpe_support_matrix.py --model ""deepseek-ai/DeepSeek-V3"" --system ""h100_sxm"" --backend ""vllm"" --backend-version ""0.24.0"" --forward-model op_level --max-workers 8",silicon,116,29,PASS=116,"decode_end=17735.748850, decode_start=69.413725, mixed=206.039679, prefill=204.167225",26dae1f99b2b50fb17118f38d8a8e95dfac3357c
deepseek-ai/DeepSeek-V3.2,DeepseekV32ForCausalLM,h100_sxm,sglang,0.5.10,FAIL,"Strict-native op-level FPE probes: PERF_DATA_MISSING=344, SDK_UNREPRESENTABLE=916; raw probes=1260; topologies=315; source_sha=26dae1f99b2b50fb17118f38d8a8e95dfac3357c. Representative failure: perf database error: context DSA module data missing for DsaKey { architecture: ""DeepseekV32ForCausalLM"", fmha_quant: ""bfloat16"", kv_quant: ""fp8"", gemm_quant: ""fp8_block"" }","python python/aisimulate/tools/support_matrix/generate_fpe_support_matrix.py --model ""deepseek-ai/DeepSeek-V3.2"" --system ""h100_sxm"" --backend ""sglang"" --backend-version ""0.5.10"" --forward-model op_level --max-workers 8",,1260,315,"PERF_DATA_MISSING=344, SDK_UNREPRESENTABLE=916",,26dae1f99b2b50fb17118f38d8a8e95dfac3357c
deepseek-ai/DeepSeek-V3.2,DeepseekV32ForCausalLM,h100_sxm,sglang,0.5.12,PASS,,"python python/aisimulate/tools/support_matrix/generate_fpe_support_matrix.py --model ""deepseek-ai/DeepSeek-V3.2"" --system ""h100_sxm"" --backend ""sglang"" --backend-version ""0.5.12"" --forward-model op_level --max-workers 8",silicon,1260,315,"PASS=404, SDK_UNREPRESENTABLE=856","decode_end=14262.862274, decode_start=55.892919, mixed=248.222668, prefill=237.978209",26dae1f99b2b50fb17118f38d8a8e95dfac3357c
deepseek-ai/DeepSeek-V3.2,DeepseekV32ForCausalLM,h100_sxm,sglang,0.5.14,PASS,,"python python/aisimulate/tools/support_matrix/generate_fpe_support_matrix.py --model ""deepseek-ai/DeepSeek-V3.2"" --system ""h100_sxm"" --backend ""sglang"" --backend-version ""0.5.14"" --forward-model op_level --max-workers 8",silicon,1260,315,"PASS=344, SDK_UNREPRESENTABLE=916","decode_end=14262.862274, decode_start=55.892919, mixed=248.222668, prefill=237.978209",26dae1f99b2b50fb17118f38d8a8e95dfac3357c
deepseek-ai/DeepSeek-V3.2,DeepseekV32ForCausalLM,h100_sxm,sglang,0.5.16,PASS,,"python python/aisimulate/tools/support_matrix/generate_fpe_support_matrix.py --model ""deepseek-ai/DeepSeek-V3.2"" --system ""h100_sxm"" --backend ""sglang"" --backend-version ""0.5.16"" --forward-model op_level --max-workers 8",silicon,1260,315,"PASS=344, SDK_UNREPRESENTABLE=916","decode_end=14262.862274, decode_start=55.892919, mixed=248.222668, prefill=237.978209",26dae1f99b2b50fb17118f38d8a8e95dfac3357c
deepseek-ai/DeepSeek-V3.2,DeepseekV32ForCausalLM,h100_sxm,sglang,0.5.6.post2,FAIL,"Strict-native op-level FPE probes: PERF_DATA_MISSING=344, SDK_UNREPRESENTABLE=916; raw probes=1260; topologies=315; source_sha=26dae1f99b2b50fb17118f38d8a8e95dfac3357c. Representative failure: perf database error: MoE data missing for MoeKey { quant: ""fp8_block"", distribution: ""power_law_1.01"", topk: 8, num_experts: 256, hidden_size: 7168, inter_size: 2048, moe_tp_size: 1, moe_ep_size: 2 } at <repo>/python/aisimulate/src/aiconfigurator_core/systems/data/h100_sxm/sglang/0.5.6.post2","python python/aisimulate/tools/support_matrix/generate_fpe_support_matrix.py --model ""deepseek-ai/DeepSeek-V3.2"" --system ""h100_sxm"" --backend ""sglang"" --backend-version ""0.5.6.post2"" --forward-model op_level --max-workers 8",,1260,315,"PERF_DATA_MISSING=344, SDK_UNREPRESENTABLE=916",,26dae1f99b2b50fb17118f38d8a8e95dfac3357c
deepseek-ai/DeepSeek-V3.2,DeepseekV32ForCausalLM,h100_sxm,sglang,0.5.9,FAIL,"Strict-native op-level FPE probes: PERF_DATA_MISSING=344, SDK_UNREPRESENTABLE=916; raw probes=1260; topologies=315; source_sha=26dae1f99b2b50fb17118f38d8a8e95dfac3357c. Representative failure: perf database error: context DSA module data missing for DsaKey { architecture: ""DeepseekV32ForCausalLM"", fmha_quant: ""bfloat16"", kv_quant: ""fp8"", gemm_quant: ""fp8_block"" }","python python/aisimulate/tools/support_matrix/generate_fpe_support_matrix.py --model ""deepseek-ai/DeepSeek-V3.2"" --system ""h100_sxm"" --backend ""sglang"" --backend-version ""0.5.9"" --forward-model op_level --max-workers 8",,1260,315,"PERF_DATA_MISSING=344, SDK_UNREPRESENTABLE=916",,26dae1f99b2b50fb17118f38d8a8e95dfac3357c
deepseek-ai/DeepSeek-V3.2,DeepseekV32ForCausalLM,h100_sxm,trtllm,1.2.0rc5,PASS,,"python python/aisimulate/tools/support_matrix/generate_fpe_support_matrix.py --model ""deepseek-ai/DeepSeek-V3.2"" --system ""h100_sxm"" --backend ""trtllm"" --backend-version ""1.2.0rc5"" --forward-model op_level --max-workers 8",silicon,116,29,PASS=116,"decode_end=19855.617181, decode_start=77.772125, mixed=317.784832, prefill=297.434939",26dae1f99b2b50fb17118f38d8a8e95dfac3357c
deepseek-ai/DeepSeek-V3.2,DeepseekV32ForCausalLM,h100_sxm,trtllm,1.3.0rc10,PASS,,"python python/aisimulate/tools/support_matrix/generate_fpe_support_matrix.py --model ""deepseek-ai/DeepSeek-V3.2"" --system ""h100_sxm"" --backend ""trtllm"" --backend-version ""1.3.0rc10"" --forward-model op_level --max-workers 8",silicon,116,29,PASS=116,"decode_end=19827.446892, decode_start=77.661654, mixed=317.508198, prefill=296.336638",26dae1f99b2b50fb17118f38d8a8e95dfac3357c
deepseek-ai/DeepSeek-V3.2,DeepseekV32ForCausalLM,h100_sxm,trtllm,1.3.0rc15,PASS,,"python python/aisimulate/tools/support_matrix/generate_fpe_support_matrix.py --model ""deepseek-ai/DeepSeek-V3.2"" --system ""h100_sxm"" --backend ""trtllm"" --backend-version ""1.3.0rc15"" --forward-model op_level --max-workers 8",silicon,116,29,PASS=116,"decode_end=19827.446892, decode_start=77.661654, mixed=317.508198, prefill=296.336638",26dae1f99b2b50fb17118f38d8a8e95dfac3357c
deepseek-ai/DeepSeek-V3.2,DeepseekV32ForCausalLM,h100_sxm,trtllm,1.3.0rc20,PASS,,"python python/aisimulate/tools/support_matrix/generate_fpe_support_matrix.py --model ""deepseek-ai/DeepSeek-V3.2"" --system ""h100_sxm"" --backend ""trtllm"" --backend-version ""1.3.0rc20"" --forward-model op_level --max-workers 8",silicon,116,29,PASS=116,"decode_end=19666.612740, decode_start=77.030932, mixed=321.181249, prefill=301.660924",26dae1f99b2b50fb17118f38d8a8e95dfac3357c
deepseek-ai/DeepSeek-V3.2,DeepseekV32ForCausalLM,h100_sxm,trtllm,1.3.0rc23,PASS,,"python python/aisimulate/tools/support_matrix/generate_fpe_support_matrix.py --model ""deepseek-ai/DeepSeek-V3.2"" --system ""h100_sxm"" --backend ""trtllm"" --backend-version ""1.3.0rc23"" --forward-model op_level --max-workers 8",silicon,116,29,PASS=116,"decode_end=19666.612740, decode_start=77.030932, mixed=321.181249, prefill=301.660924",26dae1f99b2b50fb17118f38d8a8e95dfac3357c
deepseek-ai/DeepSeek-V3.2,DeepseekV32ForCausalLM,h100_sxm,vllm,0.1.dev19262,FAIL,"Strict-native op-level FPE probes: PERF_DATA_MISSING=116; raw probes=116; topologies=29; source_sha=26dae1f99b2b50fb17118f38d8a8e95dfac3357c. Representative failure: perf database error: context DSA module data missing for DsaKey { architecture: ""DeepseekV32ForCausalLM"", fmha_quant: ""fp8"", kv_quant: ""fp8"", gemm_quant: ""fp8_block"" }","python python/aisimulate/tools/support_matrix/generate_fpe_support_matrix.py --model ""deepseek-ai/DeepSeek-V3.2"" --system ""h100_sxm"" --backend ""vllm"" --backend-version ""0.1.dev19262"" --forward-model op_level --max-workers 8",,116,29,PERF_DATA_MISSING=116,,26dae1f99b2b50fb17118f38d8a8e95dfac3357c
deepseek-ai/DeepSeek-V3.2,DeepseekV32ForCausalLM,h100_sxm,vllm,0.14.0,FAIL,"Strict-native op-level FPE probes: PERF_DATA_MISSING=116; raw probes=116; topologies=29; source_sha=26dae1f99b2b50fb17118f38d8a8e95dfac3357c. Representative failure: perf database error: context DSA module data missing for DsaKey { architecture: ""DeepseekV32ForCausalLM"", fmha_quant: ""fp8"", kv_quant: ""fp8"", gemm_quant: ""fp8_block"" }","python python/aisimulate/tools/support_matrix/generate_fpe_support_matrix.py --model ""deepseek-ai/DeepSeek-V3.2"" --system ""h100_sxm"" --backend ""vllm"" --backend-version ""0.14.0"" --forward-model op_level --max-workers 8",,116,29,PERF_DATA_MISSING=116,,26dae1f99b2b50fb17118f38d8a8e95dfac3357c
deepseek-ai/DeepSeek-V3.2,DeepseekV32ForCausalLM,h100_sxm,vllm,0.19.0,PASS,,"python python/aisimulate/tools/support_matrix/generate_fpe_support_matrix.py --model ""deepseek-ai/DeepSeek-V3.2"" --system ""h100_sxm"" --backend ""vllm"" --backend-version ""0.19.0"" --forward-model op_level --max-workers 8",silicon,116,29,PASS=116,"decode_end=19839.951607, decode_start=77.710692, mixed=318.956677, prefill=300.645450",26dae1f99b2b50fb17118f38d8a8e95dfac3357c
deepseek-ai/DeepSeek-V3.2,DeepseekV32ForCausalLM,h100_sxm,vllm,0.22.0,PASS,,"python python/aisimulate/tools/support_matrix/generate_fpe_support_matrix.py --model ""deepseek-ai/DeepSeek-V3.2"" --system ""h100_sxm"" --backend ""vllm"" --backend-version ""0.22.0"" --forward-model op_level --max-workers 8",silicon,116,29,PASS=116,"decode_end=18879.925850, decode_start=74.007025, mixed=307.081294, prefill=289.917975",26dae1f99b2b50fb17118f38d8a8e95dfac3357c
deepseek-ai/DeepSeek-V3.2,DeepseekV32ForCausalLM,h100_sxm,vllm,0.24.0,PASS,,"python python/aisimulate/tools/support_matrix/generate_fpe_support_matrix.py --model ""deepseek-ai/DeepSeek-V3.2"" --system ""h100_sxm"" --backend ""vllm"" --backend-version ""0.24.0"" --forward-model op_level --max-workers 8",silicon,116,29,PASS=116,"decode_end=18879.925850, decode_start=74.007025, mixed=307.081294, prefill=289.917975",26dae1f99b2b50fb17118f38d8a8e95dfac3357c
deepseek-ai/DeepSeek-V4-Flash,DeepseekV4ForCausalLM,h100_sxm,sglang,0.5.10,HW_INCOMPATIBLE,Strict-native op-level FPE probes: HW_INCOMPATIBLE=4; raw probes=4; topologies=1; source_sha=26dae1f99b2b50fb17118f38d8a8e95dfac3357c. Representative failure: ValueError: deepseek-ai/DeepSeek-V4-Flash uses native FP4 routed-expert weights and is not supported on Hopper systems. Use sgl-project/DeepSeek-V4-Flash-FP8 instead.,"python python/aisimulate/tools/support_matrix/generate_fpe_support_matrix.py --model ""deepseek-ai/DeepSeek-V4-Flash"" --system ""h100_sxm"" --backend ""sglang"" --backend-version ""0.5.10"" --forward-model op_level --max-workers 8",,4,1,HW_INCOMPATIBLE=4,,26dae1f99b2b50fb17118f38d8a8e95dfac3357c
deepseek-ai/DeepSeek-V4-Flash,DeepseekV4ForCausalLM,h100_sxm,sglang,0.5.12,HW_INCOMPATIBLE,Strict-native op-level FPE probes: HW_INCOMPATIBLE=4; raw probes=4; topologies=1; source_sha=26dae1f99b2b50fb17118f38d8a8e95dfac3357c. Representative failure: ValueError: deepseek-ai/DeepSeek-V4-Flash uses native FP4 routed-expert weights and is not supported on Hopper systems. Use sgl-project/DeepSeek-V4-Flash-FP8 instead.,"python python/aisimulate/tools/support_matrix/generate_fpe_support_matrix.py --model ""deepseek-ai/DeepSeek-V4-Flash"" --system ""h100_sxm"" --backend ""sglang"" --backend-version ""0.5.12"" --forward-model op_level --max-workers 8",,4,1,HW_INCOMPATIBLE=4,,26dae1f99b2b50fb17118f38d8a8e95dfac3357c
deepseek-ai/DeepSeek-V4-Flash,DeepseekV4ForCausalLM,h100_sxm,sglang,0.5.14,HW_INCOMPATIBLE,Strict-native op-level FPE probes: HW_INCOMPATIBLE=4; raw probes=4; topologies=1; source_sha=26dae1f99b2b50fb17118f38d8a8e95dfac3357c. Representative failure: ValueError: deepseek-ai/DeepSeek-V4-Flash uses native FP4 routed-expert weights and is not supported on Hopper systems. Use sgl-project/DeepSeek-V4-Flash-FP8 instead.,"python python/aisimulate/tools/support_matrix/generate_fpe_support_matrix.py --model ""deepseek-ai/DeepSeek-V4-Flash"" --system ""h100_sxm"" --backend ""sglang"" --backend-version ""0.5.14"" --forward-model op_level --max-workers 8",,4,1,HW_INCOMPATIBLE=4,,26dae1f99b2b50fb17118f38d8a8e95dfac3357c
deepseek-ai/DeepSeek-V4-Flash,DeepseekV4ForCausalLM,h100_sxm,sglang,0.5.16,HW_INCOMPATIBLE,Strict-native op-level FPE probes: HW_INCOMPATIBLE=4; raw probes=4; topologies=1; source_sha=26dae1f99b2b50fb17118f38d8a8e95dfac3357c. Representative failure: ValueError: deepseek-ai/DeepSeek-V4-Flash uses native FP4 routed-expert weights and is not supported on Hopper systems. Use sgl-project/DeepSeek-V4-Flash-FP8 instead.,"python python/aisimulate/tools/support_matrix/generate_fpe_support_matrix.py --model ""deepseek-ai/DeepSeek-V4-Flash"" --system ""h100_sxm"" --backend ""sglang"" --backend-version ""0.5.16"" --forward-model op_level --max-workers 8",,4,1,HW_INCOMPATIBLE=4,,26dae1f99b2b50fb17118f38d8a8e95dfac3357c
deepseek-ai/DeepSeek-V4-Flash,DeepseekV4ForCausalLM,h100_sxm,sglang,0.5.6.post2,HW_INCOMPATIBLE,Strict-native op-level FPE probes: HW_INCOMPATIBLE=4; raw probes=4; topologies=1; source_sha=26dae1f99b2b50fb17118f38d8a8e95dfac3357c. Representative failure: ValueError: deepseek-ai/DeepSeek-V4-Flash uses native FP4 routed-expert weights and is not supported on Hopper systems. Use sgl-project/DeepSeek-V4-Flash-FP8 instead.,"python python/aisimulate/tools/support_matrix/generate_fpe_support_matrix.py --model ""deepseek-ai/DeepSeek-V4-Flash"" --system ""h100_sxm"" --backend ""sglang"" --backend-version ""0.5.6.post2"" --forward-model op_level --max-workers 8",,4,1,HW_INCOMPATIBLE=4,,26dae1f99b2b50fb17118f38d8a8e95dfac3357c
deepseek-ai/DeepSeek-V4-Flash,DeepseekV4ForCausalLM,h100_sxm,sglang,0.5.9,HW_INCOMPATIBLE,Strict-native op-level FPE probes: HW_INCOMPATIBLE=4; raw probes=4; topologies=1; source_sha=26dae1f99b2b50fb17118f38d8a8e95dfac3357c. Representative failure: ValueError: deepseek-ai/DeepSeek-V4-Flash uses native FP4 routed-expert weights and is not supported on Hopper systems. Use sgl-project/DeepSeek-V4-Flash-FP8 instead.,"python python/aisimulate/tools/support_matrix/generate_fpe_support_matrix.py --model ""deepseek-ai/DeepSeek-V4-Flash"" --system ""h100_sxm"" --backend ""sglang"" --backend-version ""0.5.9"" --forward-model op_level --max-workers 8",,4,1,HW_INCOMPATIBLE=4,,26dae1f99b2b50fb17118f38d8a8e95dfac3357c
deepseek-ai/DeepSeek-V4-Flash,DeepseekV4ForCausalLM,h100_sxm,trtllm,1.2.0rc5,HW_INCOMPATIBLE,Strict-native op-level FPE probes: HW_INCOMPATIBLE=4; raw probes=4; topologies=1; source_sha=26dae1f99b2b50fb17118f38d8a8e95dfac3357c. Representative failure: ValueError: deepseek-ai/DeepSeek-V4-Flash uses native FP4 routed-expert weights and is not supported on Hopper systems. Use sgl-project/DeepSeek-V4-Flash-FP8 instead.,"python python/aisimulate/tools/support_matrix/generate_fpe_support_matrix.py --model ""deepseek-ai/DeepSeek-V4-Flash"" --system ""h100_sxm"" --backend ""trtllm"" --backend-version ""1.2.0rc5"" --forward-model op_level --max-workers 8",,4,1,HW_INCOMPATIBLE=4,,26dae1f99b2b50fb17118f38d8a8e95dfac3357c
deepseek-ai/DeepSeek-V4-Flash,DeepseekV4ForCausalLM,h100_sxm,trtllm,1.3.0rc10,HW_INCOMPATIBLE,Strict-native op-level FPE probes: HW_INCOMPATIBLE=4; raw probes=4; topologies=1; source_sha=26dae1f99b2b50fb17118f38d8a8e95dfac3357c. Representative failure: ValueError: deepseek-ai/DeepSeek-V4-Flash uses native FP4 routed-expert weights and is not supported on Hopper systems. Use sgl-project/DeepSeek-V4-Flash-FP8 instead.,"python python/aisimulate/tools/support_matrix/generate_fpe_support_matrix.py --model ""deepseek-ai/DeepSeek-V4-Flash"" --system ""h100_sxm"" --backend ""trtllm"" --backend-version ""1.3.0rc10"" --forward-model op_level --max-workers 8",,4,1,HW_INCOMPATIBLE=4,,26dae1f99b2b50fb17118f38d8a8e95dfac3357c
deepseek-ai/DeepSeek-V4-Flash,DeepseekV4ForCausalLM,h100_sxm,trtllm,1.3.0rc15,HW_INCOMPATIBLE,Strict-native op-level FPE probes: HW_INCOMPATIBLE=4; raw probes=4; topologies=1; source_sha=26dae1f99b2b50fb17118f38d8a8e95dfac3357c. Representative failure: ValueError: deepseek-ai/DeepSeek-V4-Flash uses native FP4 routed-expert weights and is not supported on Hopper systems. Use sgl-project/DeepSeek-V4-Flash-FP8 instead.,"python python/aisimulate/tools/support_matrix/generate_fpe_support_matrix.py --model ""deepseek-ai/DeepSeek-V4-Flash"" --system ""h100_sxm"" --backend ""trtllm"" --backend-version ""1.3.0rc15"" --forward-model op_level --max-workers 8",,4,1,HW_INCOMPATIBLE=4,,26dae1f99b2b50fb17118f38d8a8e95dfac3357c
deepseek-ai/DeepSeek-V4-Flash,DeepseekV4ForCausalLM,h100_sxm,trtllm,1.3.0rc20,HW_INCOMPATIBLE,Strict-native op-level FPE probes: HW_INCOMPATIBLE=4; raw probes=4; topologies=1; source_sha=26dae1f99b2b50fb17118f38d8a8e95dfac3357c. Representative failure: ValueError: deepseek-ai/DeepSeek-V4-Flash uses native FP4 routed-expert weights and is not supported on Hopper systems. Use sgl-project/DeepSeek-V4-Flash-FP8 instead.,"python python/aisimulate/tools/support_matrix/generate_fpe_support_matrix.py --model ""deepseek-ai/DeepSeek-V4-Flash"" --system ""h100_sxm"" --backend ""trtllm"" --backend-version ""1.3.0rc20"" --forward-model op_level --max-workers 8",,4,1,HW_INCOMPATIBLE=4,,26dae1f99b2b50fb17118f38d8a8e95dfac3357c
deepseek-ai/DeepSeek-V4-Flash,DeepseekV4ForCausalLM,h100_sxm,trtllm,1.3.0rc23,HW_INCOMPATIBLE,Strict-native op-level FPE probes: HW_INCOMPATIBLE=4; raw probes=4; topologies=1; source_sha=26dae1f99b2b50fb17118f38d8a8e95dfac3357c. Representative failure: ValueError: deepseek-ai/DeepSeek-V4-Flash uses native FP4 routed-expert weights and is not supported on Hopper systems. Use sgl-project/DeepSeek-V4-Flash-FP8 instead.,"python python/aisimulate/tools/support_matrix/generate_fpe_support_matrix.py --model ""deepseek-ai/DeepSeek-V4-Flash"" --system ""h100_sxm"" --backend ""trtllm"" --backend-version ""1.3.0rc23"" --forward-model op_level --max-workers 8",,4,1,HW_INCOMPATIBLE=4,,26dae1f99b2b50fb17118f38d8a8e95dfac3357c
deepseek-ai/DeepSeek-V4-Flash,DeepseekV4ForCausalLM,h100_sxm,vllm,0.1.dev19262,HW_INCOMPATIBLE,Strict-native op-level FPE probes: HW_INCOMPATIBLE=4; raw probes=4; topologies=1; source_sha=26dae1f99b2b50fb17118f38d8a8e95dfac3357c. Representative failure: ValueError: deepseek-ai/DeepSeek-V4-Flash uses native FP4 routed-expert weights and is not supported on Hopper systems. Use sgl-project/DeepSeek-V4-Flash-FP8 instead.,"python python/aisimulate/tools/support_matrix/generate_fpe_support_matrix.py --model ""deepseek-ai/DeepSeek-V4-Flash"" --system ""h100_sxm"" --backend ""vllm"" --backend-version ""0.1.dev19262"" --forward-model op_level --max-workers 8",,4,1,HW_INCOMPATIBLE=4,,26dae1f99b2b50fb17118f38d8a8e95dfac3357c
deepseek-ai/DeepSeek-V4-Flash,DeepseekV4ForCausalLM,h100_sxm,vllm,0.14.0,HW_INCOMPATIBLE,Strict-native op-level FPE probes: HW_INCOMPATIBLE=4; raw probes=4; topologies=1; source_sha=26dae1f99b2b50fb17118f38d8a8e95dfac3357c. Representative failure: ValueError: deepseek-ai/DeepSeek-V4-Flash uses native FP4 routed-expert weights and is not supported on Hopper systems. Use sgl-project/DeepSeek-V4-Flash-FP8 instead.,"python python/aisimulate/tools/support_matrix/generate_fpe_support_matrix.py --model ""deepseek-ai/DeepSeek-V4-Flash"" --system ""h100_sxm"" --backend ""vllm"" --backend-version ""0.14.0"" --forward-model op_level --max-workers 8",,4,1,HW_INCOMPATIBLE=4,,26dae1f99b2b50fb17118f38d8a8e95dfac3357c
deepseek-ai/DeepSeek-V4-Flash,DeepseekV4ForCausalLM,h100_sxm,vllm,0.19.0,HW_INCOMPATIBLE,Strict-native op-level FPE probes: HW_INCOMPATIBLE=4; raw probes=4; topologies=1; source_sha=26dae1f99b2b50fb17118f38d8a8e95dfac3357c. Representative failure: ValueError: deepseek-ai/DeepSeek-V4-Flash uses native FP4 routed-expert weights and is not supported on Hopper systems. Use sgl-project/DeepSeek-V4-Flash-FP8 instead.,"python python/aisimulate/tools/support_matrix/generate_fpe_support_matrix.py --model ""deepseek-ai/DeepSeek-V4-Flash"" --system ""h100_sxm"" --backend ""vllm"" --backend-version ""0.19.0"" --forward-model op_level --max-workers 8",,4,1,HW_INCOMPATIBLE=4,,26dae1f99b2b50fb17118f38d8a8e95dfac3357c
deepseek-ai/DeepSeek-V4-Flash,DeepseekV4ForCausalLM,h100_sxm,vllm,0.22.0,HW_INCOMPATIBLE,Strict-native op-level FPE probes: HW_INCOMPATIBLE=4; raw probes=4; topologies=1; source_sha=26dae1f99b2b50fb17118f38d8a8e95dfac3357c. Representative failure: ValueError: deepseek-ai/DeepSeek-V4-Flash uses native FP4 routed-expert weights and is not supported on Hopper systems. Use sgl-project/DeepSeek-V4-Flash-FP8 instead.,"python python/aisimulate/tools/support_matrix/generate_fpe_support_matrix.py --model ""deepseek-ai/DeepSeek-V4-Flash"" --system ""h100_sxm"" --backend ""vllm"" --backend-version ""0.22.0"" --forward-model op_level --max-workers 8",,4,1,HW_INCOMPATIBLE=4,,26dae1f99b2b50fb17118f38d8a8e95dfac3357c
deepseek-ai/DeepSeek-V4-Flash,DeepseekV4ForCausalLM,h100_sxm,vllm,0.24.0,HW_INCOMPATIBLE,Strict-native op-level FPE probes: HW_INCOMPATIBLE=4; raw probes=4; topologies=1; source_sha=26dae1f99b2b50fb17118f38d8a8e95dfac3357c. Representative failure: ValueError: deepseek-ai/DeepSeek-V4-Flash uses native FP4 routed-expert weights and is not supported on Hopper systems. Use sgl-project/DeepSeek-V4-Flash-FP8 instead.,"python python/aisimulate/tools/support_matrix/generate_fpe_support_matrix.py --model ""deepseek-ai/DeepSeek-V4-Flash"" --system ""h100_sxm"" --backend ""vllm"" --backend-version ""0.24.0"" --forward-model op_level --max-workers 8",,4,1,HW_INCOMPATIBLE=4,,26dae1f99b2b50fb17118f38d8a8e95dfac3357c
deepseek-ai/DeepSeek-V4-Pro,DeepseekV4ForCausalLM,h100_sxm,sglang,0.5.10,HW_INCOMPATIBLE,Strict-native op-level FPE probes: HW_INCOMPATIBLE=4; raw probes=4; topologies=1; source_sha=26dae1f99b2b50fb17118f38d8a8e95dfac3357c. Representative failure: ValueError: deepseek-ai/DeepSeek-V4-Pro uses native FP4 routed-expert weights and is not supported on Hopper systems. Use sgl-project/DeepSeek-V4-Pro-FP8 instead.,"python python/aisimulate/tools/support_matrix/generate_fpe_support_matrix.py --model ""deepseek-ai/DeepSeek-V4-Pro"" --system ""h100_sxm"" --backend ""sglang"" --backend-version ""0.5.10"" --forward-model op_level --max-workers 8",,4,1,HW_INCOMPATIBLE=4,,26dae1f99b2b50fb17118f38d8a8e95dfac3357c
deepseek-ai/DeepSeek-V4-Pro,DeepseekV4ForCausalLM,h100_sxm,sglang,0.5.12,HW_INCOMPATIBLE,Strict-native op-level FPE probes: HW_INCOMPATIBLE=4; raw probes=4; topologies=1; source_sha=26dae1f99b2b50fb17118f38d8a8e95dfac3357c. Representative failure: ValueError: deepseek-ai/DeepSeek-V4-Pro uses native FP4 routed-expert weights and is not supported on Hopper systems. Use sgl-project/DeepSeek-V4-Pro-FP8 instead.,"python python/aisimulate/tools/support_matrix/generate_fpe_support_matrix.py --model ""deepseek-ai/DeepSeek-V4-Pro"" --system ""h100_sxm"" --backend ""sglang"" --backend-version ""0.5.12"" --forward-model op_level --max-workers 8",,4,1,HW_INCOMPATIBLE=4,,26dae1f99b2b50fb17118f38d8a8e95dfac3357c
deepseek-ai/DeepSeek-V4-Pro,DeepseekV4ForCausalLM,h100_sxm,sglang,0.5.14,HW_INCOMPATIBLE,Strict-native op-level FPE probes: HW_INCOMPATIBLE=4; raw probes=4; topologies=1; source_sha=26dae1f99b2b50fb17118f38d8a8e95dfac3357c. Representative failure: ValueError: deepseek-ai/DeepSeek-V4-Pro uses native FP4 routed-expert weights and is not supported on Hopper systems. Use sgl-project/DeepSeek-V4-Pro-FP8 instead.,"python python/aisimulate/tools/support_matrix/generate_fpe_support_matrix.py --model ""deepseek-ai/DeepSeek-V4-Pro"" --system ""h100_sxm"" --backend ""sglang"" --backend-version ""0.5.14"" --forward-model op_level --max-workers 8",,4,1,HW_INCOMPATIBLE=4,,26dae1f99b2b50fb17118f38d8a8e95dfac3357c
deepseek-ai/DeepSeek-V4-Pro,DeepseekV4ForCausalLM,h100_sxm,sglang,0.5.16,HW_INCOMPATIBLE,Strict-native op-level FPE probes: HW_INCOMPATIBLE=4; raw probes=4; topologies=1; source_sha=26dae1f99b2b50fb17118f38d8a8e95dfac3357c. Representative failure: ValueError: deepseek-ai/DeepSeek-V4-Pro uses native FP4 routed-expert weights and is not supported on Hopper systems. Use sgl-project/DeepSeek-V4-Pro-FP8 instead.,"python python/aisimulate/tools/support_matrix/generate_fpe_support_matrix.py --model ""deepseek-ai/DeepSeek-V4-Pro"" --system ""h100_sxm"" --backend ""sglang"" --backend-version ""0.5.16"" --forward-model op_level --max-workers 8",,4,1,HW_INCOMPATIBLE=4,,26dae1f99b2b50fb17118f38d8a8e95dfac3357c
deepseek-ai/DeepSeek-V4-Pro,DeepseekV4ForCausalLM,h100_sxm,sglang,0.5.6.post2,HW_INCOMPATIBLE,Strict-native op-level FPE probes: HW_INCOMPATIBLE=4; raw probes=4; topologies=1; source_sha=26dae1f99b2b50fb17118f38d8a8e95dfac3357c. Representative failure: ValueError: deepseek-ai/DeepSeek-V4-Pro uses native FP4 routed-expert weights and is not supported on Hopper systems. Use sgl-project/DeepSeek-V4-Pro-FP8 instead.,"python python/aisimulate/tools/support_matrix/generate_fpe_support_matrix.py --model ""deepseek-ai/DeepSeek-V4-Pro"" --system ""h100_sxm"" --backend ""sglang"" --backend-version ""0.5.6.post2"" --forward-model op_level --max-workers 8",,4,1,HW_INCOMPATIBLE=4,,26dae1f99b2b50fb17118f38d8a8e95dfac3357c
deepseek-ai/DeepSeek-V4-Pro,DeepseekV4ForCausalLM,h100_sxm,sglang,0.5.9,HW_INCOMPATIBLE,Strict-native op-level FPE probes: HW_INCOMPATIBLE=4; raw probes=4; topologies=1; source_sha=26dae1f99b2b50fb17118f38d8a8e95dfac3357c. Representative failure: ValueError: deepseek-ai/DeepSeek-V4-Pro uses native FP4 routed-expert weights and is not supported on Hopper systems. Use sgl-project/DeepSeek-V4-Pro-FP8 instead.,"python python/aisimulate/tools/support_matrix/generate_fpe_support_matrix.py --model ""deepseek-ai/DeepSeek-V4-Pro"" --system ""h100_sxm"" --backend ""sglang"" --backend-version ""0.5.9"" --forward-model op_level --max-workers 8",,4,1,HW_INCOMPATIBLE=4,,26dae1f99b2b50fb17118f38d8a8e95dfac3357c
deepseek-ai/DeepSeek-V4-Pro,DeepseekV4ForCausalLM,h100_sxm,trtllm,1.2.0rc5,HW_INCOMPATIBLE,Strict-native op-level FPE probes: HW_INCOMPATIBLE=4; raw probes=4; topologies=1; source_sha=26dae1f99b2b50fb17118f38d8a8e95dfac3357c. Representative failure: ValueError: deepseek-ai/DeepSeek-V4-Pro uses native FP4 routed-expert weights and is not supported on Hopper systems. Use sgl-project/DeepSeek-V4-Pro-FP8 instead.,"python python/aisimulate/tools/support_matrix/generate_fpe_support_matrix.py --model ""deepseek-ai/DeepSeek-V4-Pro"" --system ""h100_sxm"" --backend ""trtllm"" --backend-version ""1.2.0rc5"" --forward-model op_level --max-workers 8",,4,1,HW_INCOMPATIBLE=4,,26dae1f99b2b50fb17118f38d8a8e95dfac3357c
deepseek-ai/DeepSeek-V4-Pro,DeepseekV4ForCausalLM,h100_sxm,trtllm,1.3.0rc10,HW_INCOMPATIBLE,Strict-native op-level FPE probes: HW_INCOMPATIBLE=4; raw probes=4; topologies=1; source_sha=26dae1f99b2b50fb17118f38d8a8e95dfac3357c. Representative failure: ValueError: deepseek-ai/DeepSeek-V4-Pro uses native FP4 routed-expert weights and is not supported on Hopper systems. Use sgl-project/DeepSeek-V4-Pro-FP8 instead.,"python python/aisimulate/tools/support_matrix/generate_fpe_support_matrix.py --model ""deepseek-ai/DeepSeek-V4-Pro"" --system ""h100_sxm"" --backend ""trtllm"" --backend-version ""1.3.0rc10"" --forward-model op_level --max-workers 8",,4,1,HW_INCOMPATIBLE=4,,26dae1f99b2b50fb17118f38d8a8e95dfac3357c
deepseek-ai/DeepSeek-V4-Pro,DeepseekV4ForCausalLM,h100_sxm,trtllm,1.3.0rc15,HW_INCOMPATIBLE,Strict-native op-level FPE probes: HW_INCOMPATIBLE=4; raw probes=4; topologies=1; source_sha=26dae1f99b2b50fb17118f38d8a8e95dfac3357c. Representative failure: ValueError: deepseek-ai/DeepSeek-V4-Pro uses native FP4 routed-expert weights and is not supported on Hopper systems. Use sgl-project/DeepSeek-V4-Pro-FP8 instead.,"python python/aisimulate/tools/support_matrix/generate_fpe_support_matrix.py --model ""deepseek-ai/DeepSeek-V4-Pro"" --system ""h100_sxm"" --backend ""trtllm"" --backend-version ""1.3.0rc15"" --forward-model op_level --max-workers 8",,4,1,HW_INCOMPATIBLE=4,,26dae1f99b2b50fb17118f38d8a8e95dfac3357c
deepseek-ai/DeepSeek-V4-Pro,DeepseekV4ForCausalLM,h100_sxm,trtllm,1.3.0rc20,HW_INCOMPATIBLE,Strict-native op-level FPE probes: HW_INCOMPATIBLE=4; raw probes=4; topologies=1; source_sha=26dae1f99b2b50fb17118f38d8a8e95dfac3357c. Representative failure: ValueError: deepseek-ai/DeepSeek-V4-Pro uses native FP4 routed-expert weights and is not supported on Hopper systems. Use sgl-project/DeepSeek-V4-Pro-FP8 instead.,"python python/aisimulate/tools/support_matrix/generate_fpe_support_matrix.py --model ""deepseek-ai/DeepSeek-V4-Pro"" --system ""h100_sxm"" --backend ""trtllm"" --backend-version ""1.3.0rc20"" --forward-model op_level --max-workers 8",,4,1,HW_INCOMPATIBLE=4,,26dae1f99b2b50fb17118f38d8a8e95dfac3357c
deepseek-ai/DeepSeek-V4-Pro,DeepseekV4ForCausalLM,h100_sxm,trtllm,1.3.0rc23,HW_INCOMPATIBLE,Strict-native op-level FPE probes: HW_INCOMPATIBLE=4; raw probes=4; topologies=1; source_sha=26dae1f99b2b50fb17118f38d8a8e95dfac3357c. Representative failure: ValueError: deepseek-ai/DeepSeek-V4-Pro uses native FP4 routed-expert weights and is not supported on Hopper systems. Use sgl-project/DeepSeek-V4-Pro-FP8 instead.,"python python/aisimulate/tools/support_matrix/generate_fpe_support_matrix.py --model ""deepseek-ai/DeepSeek-V4-Pro"" --system ""h100_sxm"" --backend ""trtllm"" --backend-version ""1.3.0rc23"" --forward-model op_level --max-workers 8",,4,1,HW_INCOMPATIBLE=4,,26dae1f99b2b50fb17118f38d8a8e95dfac3357c
deepseek-ai/DeepSeek-V4-Pro,DeepseekV4ForCausalLM,h100_sxm,vllm,0.1.dev19262,HW_INCOMPATIBLE,Strict-native op-level FPE probes: HW_INCOMPATIBLE=4; raw probes=4; topologies=1; source_sha=26dae1f99b2b50fb17118f38d8a8e95dfac3357c. Representative failure: ValueError: deepseek-ai/DeepSeek-V4-Pro uses native FP4 routed-expert weights and is not supported on Hopper systems. Use sgl-project/DeepSeek-V4-Pro-FP8 instead.,"python python/aisimulate/tools/support_matrix/generate_fpe_support_matrix.py --model ""deepseek-ai/DeepSeek-V4-Pro"" --system ""h100_sxm"" --backend ""vllm"" --backend-version ""0.1.dev19262"" --forward-model op_level --max-workers 8",,4,1,HW_INCOMPATIBLE=4,,26dae1f99b2b50fb17118f38d8a8e95dfac3357c
deepseek-ai/DeepSeek-V4-Pro,DeepseekV4ForCausalLM,h100_sxm,vllm,0.14.0,HW_INCOMPATIBLE,Strict-native op-level FPE probes: HW_INCOMPATIBLE=4; raw probes=4; topologies=1; source_sha=26dae1f99b2b50fb17118f38d8a8e95dfac3357c. Representative failure: ValueError: deepseek-ai/DeepSeek-V4-Pro uses native FP4 routed-expert weights and is not supported on Hopper systems. Use sgl-project/DeepSeek-V4-Pro-FP8 instead.,"python python/aisimulate/tools/support_matrix/generate_fpe_support_matrix.py --model ""deepseek-ai/DeepSeek-V4-Pro"" --system ""h100_sxm"" --backend ""vllm"" --backend-version ""0.14.0"" --forward-model op_level --max-workers 8",,4,1,HW_INCOMPATIBLE=4,,26dae1f99b2b50fb17118f38d8a8e95dfac3357c
deepseek-ai/DeepSeek-V4-Pro,DeepseekV4ForCausalLM,h100_sxm,vllm,0.19.0,HW_INCOMPATIBLE,Strict-native op-level FPE probes: HW_INCOMPATIBLE=4; raw probes=4; topologies=1; source_sha=26dae1f99b2b50fb17118f38d8a8e95dfac3357c. Representative failure: ValueError: deepseek-ai/DeepSeek-V4-Pro uses native FP4 routed-expert weights and is not supported on Hopper systems. Use sgl-project/DeepSeek-V4-Pro-FP8 instead.,"python python/aisimulate/tools/support_matrix/generate_fpe_support_matrix.py --model ""deepseek-ai/DeepSeek-V4-Pro"" --system ""h100_sxm"" --backend ""vllm"" --backend-version ""0.19.0"" --forward-model op_level --max-workers 8",,4,1,HW_INCOMPATIBLE=4,,26dae1f99b2b50fb17118f38d8a8e95dfac3357c
deepseek-ai/DeepSeek-V4-Pro,DeepseekV4ForCausalLM,h100_sxm,vllm,0.22.0,HW_INCOMPATIBLE,Strict-native op-level FPE probes: HW_INCOMPATIBLE=4; raw probes=4; topologies=1; source_sha=26dae1f99b2b50fb17118f38d8a8e95dfac3357c. Representative failure: ValueError: deepseek-ai/DeepSeek-V4-Pro uses native FP4 routed-expert weights and is not supported on Hopper systems. Use sgl-project/DeepSeek-V4-Pro-FP8 instead.,"python python/aisimulate/tools/support_matrix/generate_fpe_support_matrix.py --model ""deepseek-ai/DeepSeek-V4-Pro"" --system ""h100_sxm"" --backend ""vllm"" --backend-version ""0.22.0"" --forward-model op_level --max-workers 8",,4,1,HW_INCOMPATIBLE=4,,26dae1f99b2b50fb17118f38d8a8e95dfac3357c
deepseek-ai/DeepSeek-V4-Pro,DeepseekV4ForCausalLM,h100_sxm,vllm,0.24.0,HW_INCOMPATIBLE,Strict-native op-level FPE probes: HW_INCOMPATIBLE=4; raw probes=4; topologies=1; source_sha=26dae1f99b2b50fb17118f38d8a8e95dfac3357c. Representative failure: ValueError: deepseek-ai/DeepSeek-V4-Pro uses native FP4 routed-expert weights and is not supported on Hopper systems. Use sgl-project/DeepSeek-V4-Pro-FP8 instead.,"python python/aisimulate/tools/support_matrix/generate_fpe_support_matrix.py --model ""deepseek-ai/DeepSeek-V4-Pro"" --system ""h100_sxm"" --backend ""vllm"" --backend-version ""0.24.0"" --forward-model op_level --max-workers 8",,4,1,HW_INCOMPATIBLE=4,,26dae1f99b2b50fb17118f38d8a8e95dfac3357c
google/gemma-4-26B-A4B,Gemma4ForConditionalGeneration,h100_sxm,sglang,0.5.10,FAIL,"Strict-native op-level FPE probes: PERF_DATA_MISSING=220, SDK_UNREPRESENTABLE=320; raw probes=540; topologies=135; source_sha=26dae1f99b2b50fb17118f38d8a8e95dfac3357c. Representative failure: perf database error: MoE data missing for MoeKey { quant: ""bfloat16"", distribution: ""power_law_1.01"", topk: 8, num_experts: 128, hidden_size: 2816, inter_size: 704, moe_tp_size: 1, moe_ep_size: 1 } at <repo>/python/aisimulate/src/aiconfigurator_core/systems/data/h100_sxm/sglang/0.5.10","python python/aisimulate/tools/support_matrix/generate_fpe_support_matrix.py --model ""google/gemma-4-26B-A4B"" --system ""h100_sxm"" --backend ""sglang"" --backend-version ""0.5.10"" --forward-model op_level --max-workers 8",,540,135,"PERF_DATA_MISSING=220, SDK_UNREPRESENTABLE=320",,26dae1f99b2b50fb17118f38d8a8e95dfac3357c
google/gemma-4-26B-A4B,Gemma4ForConditionalGeneration,h100_sxm,sglang,0.5.12,PASS,,"python python/aisimulate/tools/support_matrix/generate_fpe_support_matrix.py --model ""google/gemma-4-26B-A4B"" --system ""h100_sxm"" --backend ""sglang"" --backend-version ""0.5.12"" --forward-model op_level --max-workers 8",silicon,540,135,"PASS=200, PERF_DATA_MISSING=20, SDK_UNREPRESENTABLE=320","decode_end=2482.018493, decode_start=9.677416, mixed=20.265614, prefill=19.622951",26dae1f99b2b50fb17118f38d8a8e95dfac3357c
google/gemma-4-26B-A4B,Gemma4ForConditionalGeneration,h100_sxm,sglang,0.5.14,PASS,,"python python/aisimulate/tools/support_matrix/generate_fpe_support_matrix.py --model ""google/gemma-4-26B-A4B"" --system ""h100_sxm"" --backend ""sglang"" --backend-version ""0.5.14"" --forward-model op_level --max-workers 8",silicon,540,135,"PASS=200, PERF_DATA_MISSING=20, SDK_UNREPRESENTABLE=320","decode_end=2482.018493, decode_start=9.677416, mixed=20.265614, prefill=19.622951",26dae1f99b2b50fb17118f38d8a8e95dfac3357c
google/gemma-4-26B-A4B,Gemma4ForConditionalGeneration,h100_sxm,sglang,0.5.16,PASS,,"python python/aisimulate/tools/support_matrix/generate_fpe_support_matrix.py --model ""google/gemma-4-26B-A4B"" --system ""h100_sxm"" --backend ""sglang"" --backend-version ""0.5.16"" --forward-model op_level --max-workers 8",silicon,540,135,"PASS=200, PERF_DATA_MISSING=20, SDK_UNREPRESENTABLE=320","decode_end=2482.018493, decode_start=9.677416, mixed=20.265614, prefill=19.622951",26dae1f99b2b50fb17118f38d8a8e95dfac3357c
google/gemma-4-26B-A4B,Gemma4ForConditionalGeneration,h100_sxm,sglang,0.5.6.post2,FAIL,"Strict-native op-level FPE probes: PERF_DATA_MISSING=220, SDK_UNREPRESENTABLE=320; raw probes=540; topologies=135; source_sha=26dae1f99b2b50fb17118f38d8a8e95dfac3357c. Representative failure: perf database error: MoE data missing for MoeKey { quant: ""bfloat16"", distribution: ""power_law_1.01"", topk: 8, num_experts: 128, hidden_size: 2816, inter_size: 704, moe_tp_size: 1, moe_ep_size: 1 } at <repo>/python/aisimulate/src/aiconfigurator_core/systems/data/h100_sxm/sglang/0.5.6.post2","python python/aisimulate/tools/support_matrix/generate_fpe_support_matrix.py --model ""google/gemma-4-26B-A4B"" --system ""h100_sxm"" --backend ""sglang"" --backend-version ""0.5.6.post2"" --forward-model op_level --max-workers 8",,540,135,"PERF_DATA_MISSING=220, SDK_UNREPRESENTABLE=320",,26dae1f99b2b50fb17118f38d8a8e95dfac3357c
google/gemma-4-26B-A4B,Gemma4ForConditionalGeneration,h100_sxm,sglang,0.5.9,FAIL,"Strict-native op-level FPE probes: PERF_DATA_MISSING=220, SDK_UNREPRESENTABLE=320; raw probes=540; topologies=135; source_sha=26dae1f99b2b50fb17118f38d8a8e95dfac3357c. Representative failure: perf database error: MoE data missing for MoeKey { quant: ""bfloat16"", distribution: ""power_law_1.01"", topk: 8, num_experts: 128, hidden_size: 2816, inter_size: 704, moe_tp_size: 1, moe_ep_size: 1 } at <repo>/python/aisimulate/src/aiconfigurator_core/systems/data/h100_sxm/sglang/0.5.9","python python/aisimulate/tools/support_matrix/generate_fpe_support_matrix.py --model ""google/gemma-4-26B-A4B"" --system ""h100_sxm"" --backend ""sglang"" --backend-version ""0.5.9"" --forward-model op_level --max-workers 8",,540,135,"PERF_DATA_MISSING=220, SDK_UNREPRESENTABLE=320",,26dae1f99b2b50fb17118f38d8a8e95dfac3357c
google/gemma-4-26B-A4B,Gemma4ForConditionalGeneration,h100_sxm,trtllm,1.2.0rc5,FAIL,"Strict-native op-level FPE probes: PERF_DATA_MISSING=116; raw probes=116; topologies=29; source_sha=26dae1f99b2b50fb17118f38d8a8e95dfac3357c. Representative failure: perf database error: MoE data missing for MoeKey { quant: ""bfloat16"", distribution: ""power_law_1.01"", topk: 8, num_experts: 128, hidden_size: 2816, inter_size: 704, moe_tp_size: 1, moe_ep_size: 1 } at <repo>/python/aisimulate/src/aiconfigurator_core/systems/data/h100_sxm/trtllm/1.2.0rc5","python python/aisimulate/tools/support_matrix/generate_fpe_support_matrix.py --model ""google/gemma-4-26B-A4B"" --system ""h100_sxm"" --backend ""trtllm"" --backend-version ""1.2.0rc5"" --forward-model op_level --max-workers 8",,116,29,PERF_DATA_MISSING=116,,26dae1f99b2b50fb17118f38d8a8e95dfac3357c
google/gemma-4-26B-A4B,Gemma4ForConditionalGeneration,h100_sxm,trtllm,1.3.0rc10,FAIL,"Strict-native op-level FPE probes: PERF_DATA_MISSING=116; raw probes=116; topologies=29; source_sha=26dae1f99b2b50fb17118f38d8a8e95dfac3357c. Representative failure: perf database error: MoE data missing for MoeKey { quant: ""bfloat16"", distribution: ""power_law_1.01"", topk: 8, num_experts: 128, hidden_size: 2816, inter_size: 704, moe_tp_size: 1, moe_ep_size: 1 } at <repo>/python/aisimulate/src/aiconfigurator_core/systems/data/h100_sxm/trtllm/1.3.0rc10","python python/aisimulate/tools/support_matrix/generate_fpe_support_matrix.py --model ""google/gemma-4-26B-A4B"" --system ""h100_sxm"" --backend ""trtllm"" --backend-version ""1.3.0rc10"" --forward-model op_level --max-workers 8",,116,29,PERF_DATA_MISSING=116,,26dae1f99b2b50fb17118f38d8a8e95dfac3357c
google/gemma-4-26B-A4B,Gemma4ForConditionalGeneration,h100_sxm,trtllm,1.3.0rc15,FAIL,"Strict-native op-level FPE probes: PERF_DATA_MISSING=116; raw probes=116; topologies=29; source_sha=26dae1f99b2b50fb17118f38d8a8e95dfac3357c. Representative failure: perf database error: MoE data missing for MoeKey { quant: ""bfloat16"", distribution: ""power_law_1.01"", topk: 8, num_experts: 128, hidden_size: 2816, inter_size: 704, moe_tp_size: 1, moe_ep_size: 1 } at <repo>/python/aisimulate/src/aiconfigurator_core/systems/data/h100_sxm/trtllm/1.3.0rc15","python python/aisimulate/tools/support_matrix/generate_fpe_support_matrix.py --model ""google/gemma-4-26B-A4B"" --system ""h100_sxm"" --backend ""trtllm"" --backend-version ""1.3.0rc15"" --forward-model op_level --max-workers 8",,116,29,PERF_DATA_MISSING=116,,26dae1f99b2b50fb17118f38d8a8e95dfac3357c
google/gemma-4-26B-A4B,Gemma4ForConditionalGeneration,h100_sxm,trtllm,1.3.0rc20,FAIL,"Strict-native op-level FPE probes: PERF_DATA_MISSING=116; raw probes=116; topologies=29; source_sha=26dae1f99b2b50fb17118f38d8a8e95dfac3357c. Representative failure: perf database error: MoE data missing for MoeKey { quant: ""bfloat16"", distribution: ""power_law_1.01"", topk: 8, num_experts: 128, hidden_size: 2816, inter_size: 704, moe_tp_size: 16, moe_ep_size: 1 } at <repo>/python/aisimulate/src/aiconfigurator_core/systems/data/h100_sxm/trtllm/1.3.0rc20","python python/aisimulate/tools/support_matrix/generate_fpe_support_matrix.py --model ""google/gemma-4-26B-A4B"" --system ""h100_sxm"" --backend ""trtllm"" --backend-version ""1.3.0rc20"" --forward-model op_level --max-workers 8",,116,29,PERF_DATA_MISSING=116,,26dae1f99b2b50fb17118f38d8a8e95dfac3357c
google/gemma-4-26B-A4B,Gemma4ForConditionalGeneration,h100_sxm,trtllm,1.3.0rc23,FAIL,"Strict-native op-level FPE probes: PERF_DATA_MISSING=116; raw probes=116; topologies=29; source_sha=26dae1f99b2b50fb17118f38d8a8e95dfac3357c. Representative failure: perf database error: MoE data missing for MoeKey { quant: ""bfloat16"", distribution: ""power_law_1.01"", topk: 8, num_experts: 128, hidden_size: 2816, inter_size: 704, moe_tp_size: 16, moe_ep_size: 1 } at <repo>/python/aisimulate/src/aiconfigurator_core/systems/data/h100_sxm/trtllm/1.3.0rc23","python python/aisimulate/tools/support_matrix/generate_fpe_support_matrix.py --model ""google/gemma-4-26B-A4B"" --system ""h100_sxm"" --backend ""trtllm"" --backend-version ""1.3.0rc23"" --forward-model op_level --max-workers 8",,116,29,PERF_DATA_MISSING=116,,26dae1f99b2b50fb17118f38d8a8e95dfac3357c
google/gemma-4-26B-A4B,Gemma4ForConditionalGeneration,h100_sxm,vllm,0.1.dev19262,FAIL,Strict-native op-level FPE probes: PERF_DATA_MISSING=116; raw probes=116; topologies=29; source_sha=26dae1f99b2b50fb17118f38d8a8e95dfac3357c. Representative failure: perf database error: perf database error: no GEMM rows loaded from 1 source(s) (first: <repo>/python/aisimulate/src/aiconfigurator_core/systems/data/h100_sxm/vllm/0.1.dev19262/gemm_perf.parquet),"python python/aisimulate/tools/support_matrix/generate_fpe_support_matrix.py --model ""google/gemma-4-26B-A4B"" --system ""h100_sxm"" --backend ""vllm"" --backend-version ""0.1.dev19262"" --forward-model op_level --max-workers 8",,116,29,PERF_DATA_MISSING=116,,26dae1f99b2b50fb17118f38d8a8e95dfac3357c
google/gemma-4-26B-A4B,Gemma4ForConditionalGeneration,h100_sxm,vllm,0.14.0,FAIL,"Strict-native op-level FPE probes: PERF_DATA_MISSING=116; raw probes=116; topologies=29; source_sha=26dae1f99b2b50fb17118f38d8a8e95dfac3357c. Representative failure: perf database error: MoE data missing for MoeKey { quant: ""bfloat16"", distribution: ""power_law_1.01"", topk: 8, num_experts: 128, hidden_size: 2816, inter_size: 704, moe_tp_size: 1, moe_ep_size: 1 } at <repo>/python/aisimulate/src/aiconfigurator_core/systems/data/h100_sxm/vllm/0.14.0","python python/aisimulate/tools/support_matrix/generate_fpe_support_matrix.py --model ""google/gemma-4-26B-A4B"" --system ""h100_sxm"" --backend ""vllm"" --backend-version ""0.14.0"" --forward-model op_level --max-workers 8",,116,29,PERF_DATA_MISSING=116,,26dae1f99b2b50fb17118f38d8a8e95dfac3357c
google/gemma-4-26B-A4B,Gemma4ForConditionalGeneration,h100_sxm,vllm,0.19.0,FAIL,"Strict-native op-level FPE probes: PERF_DATA_MISSING=116; raw probes=116; topologies=29; source_sha=26dae1f99b2b50fb17118f38d8a8e95dfac3357c. Representative failure: perf database error: MoE data missing for MoeKey { quant: ""bfloat16"", distribution: ""power_law_1.01"", topk: 8, num_experts: 128, hidden_size: 2816, inter_size: 704, moe_tp_size: 1, moe_ep_size: 1 } at <repo>/python/aisimulate/src/aiconfigurator_core/systems/data/h100_sxm/vllm/0.19.0","python python/aisimulate/tools/support_matrix/generate_fpe_support_matrix.py --model ""google/gemma-4-26B-A4B"" --system ""h100_sxm"" --backend ""vllm"" --backend-version ""0.19.0"" --forward-model op_level --max-workers 8",,116,29,PERF_DATA_MISSING=116,,26dae1f99b2b50fb17118f38d8a8e95dfac3357c
google/gemma-4-26B-A4B,Gemma4ForConditionalGeneration,h100_sxm,vllm,0.22.0,PASS,,"python python/aisimulate/tools/support_matrix/generate_fpe_support_matrix.py --model ""google/gemma-4-26B-A4B"" --system ""h100_sxm"" --backend ""vllm"" --backend-version ""0.22.0"" --forward-model op_level --max-workers 8",silicon,116,29,PASS=116,"decode_end=2463.152820, decode_start=9.626686, mixed=20.478044, prefill=19.700720",26dae1f99b2b50fb17118f38d8a8e95dfac3357c
google/gemma-4-26B-A4B,Gemma4ForConditionalGeneration,h100_sxm,vllm,0.24.0,PASS,,"python python/aisimulate/tools/support_matrix/generate_fpe_support_matrix.py --model ""google/gemma-4-26B-A4B"" --system ""h100_sxm"" --backend ""vllm"" --backend-version ""0.24.0"" --forward-model op_level --max-workers 8",silicon,116,29,PASS=116,"decode_end=2463.152820, decode_start=9.626686, mixed=20.478044, prefill=19.700720",26dae1f99b2b50fb17118f38d8a8e95dfac3357c
meta-llama/Llama-4-Maverick-17B-128E-Instruct,Llama4ForConditionalGeneration,h100_sxm,sglang,0.5.10,FAIL,"Strict-native op-level FPE probes: BUILD_FAILED=20, PERF_DATA_MISSING=200, SDK_UNREPRESENTABLE=320; raw probes=540; topologies=135; source_sha=26dae1f99b2b50fb17118f38d8a8e95dfac3357c. Representative failure: num_heads 40 should be divisible by tp_size 16","python python/aisimulate/tools/support_matrix/generate_fpe_support_matrix.py --model ""meta-llama/Llama-4-Maverick-17B-128E-Instruct"" --system ""h100_sxm"" --backend ""sglang"" --backend-version ""0.5.10"" --forward-model op_level --max-workers 8",,540,135,"BUILD_FAILED=20, PERF_DATA_MISSING=200, SDK_UNREPRESENTABLE=320",,26dae1f99b2b50fb17118f38d8a8e95dfac3357c
meta-llama/Llama-4-Maverick-17B-128E-Instruct,Llama4ForConditionalGeneration,h100_sxm,sglang,0.5.12,PASS,,"python python/aisimulate/tools/support_matrix/generate_fpe_support_matrix.py --model ""meta-llama/Llama-4-Maverick-17B-128E-Instruct"" --system ""h100_sxm"" --backend ""sglang"" --backend-version ""0.5.12"" --forward-model op_level --max-workers 8",silicon,540,135,"BUILD_FAILED=20, PASS=200, SDK_UNREPRESENTABLE=320","decode_end=6507.397777, decode_start=25.476786, mixed=159.438827, prefill=140.032443",26dae1f99b2b50fb17118f38d8a8e95dfac3357c
meta-llama/Llama-4-Maverick-17B-128E-Instruct,Llama4ForConditionalGeneration,h100_sxm,sglang,0.5.14,PASS,,"python python/aisimulate/tools/support_matrix/generate_fpe_support_matrix.py --model ""meta-llama/Llama-4-Maverick-17B-128E-Instruct"" --system ""h100_sxm"" --backend ""sglang"" --backend-version ""0.5.14"" --forward-model op_level --max-workers 8",silicon,540,135,"BUILD_FAILED=20, PASS=200, SDK_UNREPRESENTABLE=320","decode_end=6507.397777, decode_start=25.476786, mixed=159.438827, prefill=140.032443",26dae1f99b2b50fb17118f38d8a8e95dfac3357c
meta-llama/Llama-4-Maverick-17B-128E-Instruct,Llama4ForConditionalGeneration,h100_sxm,sglang,0.5.16,PASS,,"python python/aisimulate/tools/support_matrix/generate_fpe_support_matrix.py --model ""meta-llama/Llama-4-Maverick-17B-128E-Instruct"" --system ""h100_sxm"" --backend ""sglang"" --backend-version ""0.5.16"" --forward-model op_level --max-workers 8",silicon,540,135,"BUILD_FAILED=20, PASS=200, SDK_UNREPRESENTABLE=320","decode_end=6507.397777, decode_start=25.476786, mixed=159.438827, prefill=140.032443",26dae1f99b2b50fb17118f38d8a8e95dfac3357c
meta-llama/Llama-4-Maverick-17B-128E-Instruct,Llama4ForConditionalGeneration,h100_sxm,sglang,0.5.6.post2,FAIL,"Strict-native op-level FPE probes: BUILD_FAILED=20, PERF_DATA_MISSING=200, SDK_UNREPRESENTABLE=320; raw probes=540; topologies=135; source_sha=26dae1f99b2b50fb17118f38d8a8e95dfac3357c. Representative failure: num_heads 40 should be divisible by tp_size 16","python python/aisimulate/tools/support_matrix/generate_fpe_support_matrix.py --model ""meta-llama/Llama-4-Maverick-17B-128E-Instruct"" --system ""h100_sxm"" --backend ""sglang"" --backend-version ""0.5.6.post2"" --forward-model op_level --max-workers 8",,540,135,"BUILD_FAILED=20, PERF_DATA_MISSING=200, SDK_UNREPRESENTABLE=320",,26dae1f99b2b50fb17118f38d8a8e95dfac3357c
meta-llama/Llama-4-Maverick-17B-128E-Instruct,Llama4ForConditionalGeneration,h100_sxm,sglang,0.5.9,FAIL,"Strict-native op-level FPE probes: BUILD_FAILED=20, PERF_DATA_MISSING=200, SDK_UNREPRESENTABLE=320; raw probes=540; topologies=135; source_sha=26dae1f99b2b50fb17118f38d8a8e95dfac3357c. Representative failure: num_heads 40 should be divisible by tp_size 16","python python/aisimulate/tools/support_matrix/generate_fpe_support_matrix.py --model ""meta-llama/Llama-4-Maverick-17B-128E-Instruct"" --system ""h100_sxm"" --backend ""sglang"" --backend-version ""0.5.9"" --forward-model op_level --max-workers 8",,540,135,"BUILD_FAILED=20, PERF_DATA_MISSING=200, SDK_UNREPRESENTABLE=320",,26dae1f99b2b50fb17118f38d8a8e95dfac3357c
meta-llama/Llama-4-Maverick-17B-128E-Instruct,Llama4ForConditionalGeneration,h100_sxm,trtllm,1.2.0rc5,FAIL,"Strict-native op-level FPE probes: BUILD_FAILED=20, PERF_DATA_MISSING=96; raw probes=116; topologies=29; source_sha=26dae1f99b2b50fb17118f38d8a8e95dfac3357c. Representative failure: num_heads 40 should be divisible by tp_size 16","python python/aisimulate/tools/support_matrix/generate_fpe_support_matrix.py --model ""meta-llama/Llama-4-Maverick-17B-128E-Instruct"" --system ""h100_sxm"" --backend ""trtllm"" --backend-version ""1.2.0rc5"" --forward-model op_level --max-workers 8",,116,29,"BUILD_FAILED=20, PERF_DATA_MISSING=96",,26dae1f99b2b50fb17118f38d8a8e95dfac3357c
meta-llama/Llama-4-Maverick-17B-128E-Instruct,Llama4ForConditionalGeneration,h100_sxm,trtllm,1.3.0rc10,FAIL,"Strict-native op-level FPE probes: BUILD_FAILED=20, PERF_DATA_MISSING=96; raw probes=116; topologies=29; source_sha=26dae1f99b2b50fb17118f38d8a8e95dfac3357c. Representative failure: num_heads 40 should be divisible by tp_size 16","python python/aisimulate/tools/support_matrix/generate_fpe_support_matrix.py --model ""meta-llama/Llama-4-Maverick-17B-128E-Instruct"" --system ""h100_sxm"" --backend ""trtllm"" --backend-version ""1.3.0rc10"" --forward-model op_level --max-workers 8",,116,29,"BUILD_FAILED=20, PERF_DATA_MISSING=96",,26dae1f99b2b50fb17118f38d8a8e95dfac3357c
meta-llama/Llama-4-Maverick-17B-128E-Instruct,Llama4ForConditionalGeneration,h100_sxm,trtllm,1.3.0rc15,FAIL,"Strict-native op-level FPE probes: BUILD_FAILED=20, PERF_DATA_MISSING=96; raw probes=116; topologies=29; source_sha=26dae1f99b2b50fb17118f38d8a8e95dfac3357c. Representative failure: num_heads 40 should be divisible by tp_size 16","python python/aisimulate/tools/support_matrix/generate_fpe_support_matrix.py --model ""meta-llama/Llama-4-Maverick-17B-128E-Instruct"" --system ""h100_sxm"" --backend ""trtllm"" --backend-version ""1.3.0rc15"" --forward-model op_level --max-workers 8",,116,29,"BUILD_FAILED=20, PERF_DATA_MISSING=96",,26dae1f99b2b50fb17118f38d8a8e95dfac3357c
meta-llama/Llama-4-Maverick-17B-128E-Instruct,Llama4ForConditionalGeneration,h100_sxm,trtllm,1.3.0rc20,PASS,,"python python/aisimulate/tools/support_matrix/generate_fpe_support_matrix.py --model ""meta-llama/Llama-4-Maverick-17B-128E-Instruct"" --system ""h100_sxm"" --backend ""trtllm"" --backend-version ""1.3.0rc20"" --forward-model op_level --max-workers 8",silicon,116,29,"BUILD_FAILED=20, PASS=96","decode_end=6436.245328, decode_start=25.113885, mixed=138.952782, prefill=132.781175",26dae1f99b2b50fb17118f38d8a8e95dfac3357c
meta-llama/Llama-4-Maverick-17B-128E-Instruct,Llama4ForConditionalGeneration,h100_sxm,trtllm,1.3.0rc23,PASS,,"python python/aisimulate/tools/support_matrix/generate_fpe_support_matrix.py --model ""meta-llama/Llama-4-Maverick-17B-128E-Instruct"" --system ""h100_sxm"" --backend ""trtllm"" --backend-version ""1.3.0rc23"" --forward-model op_level --max-workers 8",silicon,116,29,"BUILD_FAILED=20, PASS=96","decode_end=6436.245328, decode_start=25.113885, mixed=138.952782, prefill=132.781175",26dae1f99b2b50fb17118f38d8a8e95dfac3357c
meta-llama/Llama-4-Maverick-17B-128E-Instruct,Llama4ForConditionalGeneration,h100_sxm,vllm,0.1.dev19262,FAIL,"Strict-native op-level FPE probes: BUILD_FAILED=8, PERF_DATA_MISSING=108; raw probes=116; topologies=29; source_sha=26dae1f99b2b50fb17118f38d8a8e95dfac3357c. Representative failure: num_heads 40 should be divisible by tp_size 16","python python/aisimulate/tools/support_matrix/generate_fpe_support_matrix.py --model ""meta-llama/Llama-4-Maverick-17B-128E-Instruct"" --system ""h100_sxm"" --backend ""vllm"" --backend-version ""0.1.dev19262"" --forward-model op_level --max-workers 8",,116,29,"BUILD_FAILED=8, PERF_DATA_MISSING=108",,26dae1f99b2b50fb17118f38d8a8e95dfac3357c
meta-llama/Llama-4-Maverick-17B-128E-Instruct,Llama4ForConditionalGeneration,h100_sxm,vllm,0.14.0,FAIL,"Strict-native op-level FPE probes: BUILD_FAILED=8, PERF_DATA_MISSING=108; raw probes=116; topologies=29; source_sha=26dae1f99b2b50fb17118f38d8a8e95dfac3357c. Representative failure: num_heads 40 should be divisible by tp_size 16","python python/aisimulate/tools/support_matrix/generate_fpe_support_matrix.py --model ""meta-llama/Llama-4-Maverick-17B-128E-Instruct"" --system ""h100_sxm"" --backend ""vllm"" --backend-version ""0.14.0"" --forward-model op_level --max-workers 8",,116,29,"BUILD_FAILED=8, PERF_DATA_MISSING=108",,26dae1f99b2b50fb17118f38d8a8e95dfac3357c
meta-llama/Llama-4-Maverick-17B-128E-Instruct,Llama4ForConditionalGeneration,h100_sxm,vllm,0.19.0,FAIL,"Strict-native op-level FPE probes: BUILD_FAILED=8, PERF_DATA_MISSING=108; raw probes=116; topologies=29; source_sha=26dae1f99b2b50fb17118f38d8a8e95dfac3357c. Representative failure: num_heads 40 should be divisible by tp_size 16","python python/aisimulate/tools/support_matrix/generate_fpe_support_matrix.py --model ""meta-llama/Llama-4-Maverick-17B-128E-Instruct"" --system ""h100_sxm"" --backend ""vllm"" --backend-version ""0.19.0"" --forward-model op_level --max-workers 8",,116,29,"BUILD_FAILED=8, PERF_DATA_MISSING=108",,26dae1f99b2b50fb17118f38d8a8e95dfac3357c
meta-llama/Llama-4-Maverick-17B-128E-Instruct,Llama4ForConditionalGeneration,h100_sxm,vllm,0.22.0,PASS,,"python python/aisimulate/tools/support_matrix/generate_fpe_support_matrix.py --model ""meta-llama/Llama-4-Maverick-17B-128E-Instruct"" --system ""h100_sxm"" --backend ""vllm"" --backend-version ""0.22.0"" --forward-model op_level --max-workers 8",silicon,116,29,"BUILD_FAILED=8, PASS=108","decode_end=6460.146743, decode_start=25.307311, mixed=151.817956, prefill=146.065013",26dae1f99b2b50fb17118f38d8a8e95dfac3357c
meta-llama/Llama-4-Maverick-17B-128E-Instruct,Llama4ForConditionalGeneration,h100_sxm,vllm,0.24.0,PASS,,"python python/aisimulate/tools/support_matrix/generate_fpe_support_matrix.py --model ""meta-llama/Llama-4-Maverick-17B-128E-Instruct"" --system ""h100_sxm"" --backend ""vllm"" --backend-version ""0.24.0"" --forward-model op_level --max-workers 8",silicon,116,29,"BUILD_FAILED=8, PASS=108","decode_end=6460.146743, decode_start=25.307311, mixed=151.817956, prefill=146.065013",26dae1f99b2b50fb17118f38d8a8e95dfac3357c
meta-llama/Llama-4-Scout-17B-16E-Instruct,Llama4ForConditionalGeneration,h100_sxm,sglang,0.5.10,FAIL,"Strict-native op-level FPE probes: BUILD_FAILED=20, PERF_DATA_MISSING=200, SDK_UNREPRESENTABLE=320; raw probes=540; topologies=135; source_sha=26dae1f99b2b50fb17118f38d8a8e95dfac3357c. Representative failure: num_heads 40 should be divisible by tp_size 16","python python/aisimulate/tools/support_matrix/generate_fpe_support_matrix.py --model ""meta-llama/Llama-4-Scout-17B-16E-Instruct"" --system ""h100_sxm"" --backend ""sglang"" --backend-version ""0.5.10"" --forward-model op_level --max-workers 8",,540,135,"BUILD_FAILED=20, PERF_DATA_MISSING=200, SDK_UNREPRESENTABLE=320",,26dae1f99b2b50fb17118f38d8a8e95dfac3357c
meta-llama/Llama-4-Scout-17B-16E-Instruct,Llama4ForConditionalGeneration,h100_sxm,sglang,0.5.12,PASS,,"python python/aisimulate/tools/support_matrix/generate_fpe_support_matrix.py --model ""meta-llama/Llama-4-Scout-17B-16E-Instruct"" --system ""h100_sxm"" --backend ""sglang"" --backend-version ""0.5.12"" --forward-model op_level --max-workers 8",silicon,540,135,"BUILD_FAILED=20, PASS=200, SDK_UNREPRESENTABLE=320","decode_end=8635.527130, decode_start=33.822392, mixed=94.044117, prefill=91.952514",26dae1f99b2b50fb17118f38d8a8e95dfac3357c
meta-llama/Llama-4-Scout-17B-16E-Instruct,Llama4ForConditionalGeneration,h100_sxm,sglang,0.5.14,PASS,,"python python/aisimulate/tools/support_matrix/generate_fpe_support_matrix.py --model ""meta-llama/Llama-4-Scout-17B-16E-Instruct"" --system ""h100_sxm"" --backend ""sglang"" --backend-version ""0.5.14"" --forward-model op_level --max-workers 8",silicon,540,135,"BUILD_FAILED=20, PASS=200, SDK_UNREPRESENTABLE=320","decode_end=8635.527130, decode_start=33.822392, mixed=94.044117, prefill=91.952514",26dae1f99b2b50fb17118f38d8a8e95dfac3357c
meta-llama/Llama-4-Scout-17B-16E-Instruct,Llama4ForConditionalGeneration,h100_sxm,sglang,0.5.16,PASS,,"python python/aisimulate/tools/support_matrix/generate_fpe_support_matrix.py --model ""meta-llama/Llama-4-Scout-17B-16E-Instruct"" --system ""h100_sxm"" --backend ""sglang"" --backend-version ""0.5.16"" --forward-model op_level --max-workers 8",silicon,540,135,"BUILD_FAILED=20, PASS=200, SDK_UNREPRESENTABLE=320","decode_end=8635.527130, decode_start=33.822392, mixed=94.044117, prefill=91.952514",26dae1f99b2b50fb17118f38d8a8e95dfac3357c
meta-llama/Llama-4-Scout-17B-16E-Instruct,Llama4ForConditionalGeneration,h100_sxm,sglang,0.5.6.post2,FAIL,"Strict-native op-level FPE probes: BUILD_FAILED=20, PERF_DATA_MISSING=200, SDK_UNREPRESENTABLE=320; raw probes=540; topologies=135; source_sha=26dae1f99b2b50fb17118f38d8a8e95dfac3357c. Representative failure: num_heads 40 should be divisible by tp_size 16","python python/aisimulate/tools/support_matrix/generate_fpe_support_matrix.py --model ""meta-llama/Llama-4-Scout-17B-16E-Instruct"" --system ""h100_sxm"" --backend ""sglang"" --backend-version ""0.5.6.post2"" --forward-model op_level --max-workers 8",,540,135,"BUILD_FAILED=20, PERF_DATA_MISSING=200, SDK_UNREPRESENTABLE=320",,26dae1f99b2b50fb17118f38d8a8e95dfac3357c
meta-llama/Llama-4-Scout-17B-16E-Instruct,Llama4ForConditionalGeneration,h100_sxm,sglang,0.5.9,FAIL,"Strict-native op-level FPE probes: BUILD_FAILED=20, PERF_DATA_MISSING=200, SDK_UNREPRESENTABLE=320; raw probes=540; topologies=135; source_sha=26dae1f99b2b50fb17118f38d8a8e95dfac3357c. Representative failure: num_heads 40 should be divisible by tp_size 16","python python/aisimulate/tools/support_matrix/generate_fpe_support_matrix.py --model ""meta-llama/Llama-4-Scout-17B-16E-Instruct"" --system ""h100_sxm"" --backend ""sglang"" --backend-version ""0.5.9"" --forward-model op_level --max-workers 8",,540,135,"BUILD_FAILED=20, PERF_DATA_MISSING=200, SDK_UNREPRESENTABLE=320",,26dae1f99b2b50fb17118f38d8a8e95dfac3357c
meta-llama/Llama-4-Scout-17B-16E-Instruct,Llama4ForConditionalGeneration,h100_sxm,trtllm,1.2.0rc5,FAIL,"Strict-native op-level FPE probes: BUILD_FAILED=20, PERF_DATA_MISSING=96; raw probes=116; topologies=29; source_sha=26dae1f99b2b50fb17118f38d8a8e95dfac3357c. Representative failure: num_heads 40 should be divisible by tp_size 16","python python/aisimulate/tools/support_matrix/generate_fpe_support_matrix.py --model ""meta-llama/Llama-4-Scout-17B-16E-Instruct"" --system ""h100_sxm"" --backend ""trtllm"" --backend-version ""1.2.0rc5"" --forward-model op_level --max-workers 8",,116,29,"BUILD_FAILED=20, PERF_DATA_MISSING=96",,26dae1f99b2b50fb17118f38d8a8e95dfac3357c
meta-llama/Llama-4-Scout-17B-16E-Instruct,Llama4ForConditionalGeneration,h100_sxm,trtllm,1.3.0rc10,FAIL,"Strict-native op-level FPE probes: BUILD_FAILED=20, PERF_DATA_MISSING=96; raw probes=116; topologies=29; source_sha=26dae1f99b2b50fb17118f38d8a8e95dfac3357c. Representative failure: num_heads 40 should be divisible by tp_size 16","python python/aisimulate/tools/support_matrix/generate_fpe_support_matrix.py --model ""meta-llama/Llama-4-Scout-17B-16E-Instruct"" --system ""h100_sxm"" --backend ""trtllm"" --backend-version ""1.3.0rc10"" --forward-model op_level --max-workers 8",,116,29,"BUILD_FAILED=20, PERF_DATA_MISSING=96",,26dae1f99b2b50fb17118f38d8a8e95dfac3357c
meta-llama/Llama-4-Scout-17B-16E-Instruct,Llama4ForConditionalGeneration,h100_sxm,trtllm,1.3.0rc15,FAIL,"Strict-native op-level FPE probes: BUILD_FAILED=20, PERF_DATA_MISSING=96; raw probes=116; topologies=29; source_sha=26dae1f99b2b50fb17118f38d8a8e95dfac3357c. Representative failure: num_heads 40 should be divisible by tp_size 16","python python/aisimulate/tools/support_matrix/generate_fpe_support_matrix.py --model ""meta-llama/Llama-4-Scout-17B-16E-Instruct"" --system ""h100_sxm"" --backend ""trtllm"" --backend-version ""1.3.0rc15"" --forward-model op_level --max-workers 8",,116,29,"BUILD_FAILED=20, PERF_DATA_MISSING=96",,26dae1f99b2b50fb17118f38d8a8e95dfac3357c
meta-llama/Llama-4-Scout-17B-16E-Instruct,Llama4ForConditionalGeneration,h100_sxm,trtllm,1.3.0rc20,PASS,,"python python/aisimulate/tools/support_matrix/generate_fpe_support_matrix.py --model ""meta-llama/Llama-4-Scout-17B-16E-Instruct"" --system ""h100_sxm"" --backend ""trtllm"" --backend-version ""1.3.0rc20"" --forward-model op_level --max-workers 8",silicon,116,29,"BUILD_FAILED=20, PASS=96","decode_end=37873.946254, decode_start=148.398986, mixed=319.236172, prefill=316.913903",26dae1f99b2b50fb17118f38d8a8e95dfac3357c
meta-llama/Llama-4-Scout-17B-16E-Instruct,Llama4ForConditionalGeneration,h100_sxm,trtllm,1.3.0rc23,PASS,,"python python/aisimulate/tools/support_matrix/generate_fpe_support_matrix.py --model ""meta-llama/Llama-4-Scout-17B-16E-Instruct"" --system ""h100_sxm"" --backend ""trtllm"" --backend-version ""1.3.0rc23"" --forward-model op_level --max-workers 8",silicon,116,29,"BUILD_FAILED=20, PASS=96","decode_end=37873.946254, decode_start=148.398986, mixed=319.236172, prefill=316.913903",26dae1f99b2b50fb17118f38d8a8e95dfac3357c
meta-llama/Llama-4-Scout-17B-16E-Instruct,Llama4ForConditionalGeneration,h100_sxm,vllm,0.1.dev19262,FAIL,"Strict-native op-level FPE probes: BUILD_FAILED=8, PERF_DATA_MISSING=108; raw probes=116; topologies=29; source_sha=26dae1f99b2b50fb17118f38d8a8e95dfac3357c. Representative failure: num_heads 40 should be divisible by tp_size 16","python python/aisimulate/tools/support_matrix/generate_fpe_support_matrix.py --model ""meta-llama/Llama-4-Scout-17B-16E-Instruct"" --system ""h100_sxm"" --backend ""vllm"" --backend-version ""0.1.dev19262"" --forward-model op_level --max-workers 8",,116,29,"BUILD_FAILED=8, PERF_DATA_MISSING=108",,26dae1f99b2b50fb17118f38d8a8e95dfac3357c
meta-llama/Llama-4-Scout-17B-16E-Instruct,Llama4ForConditionalGeneration,h100_sxm,vllm,0.14.0,FAIL,"Strict-native op-level FPE probes: BUILD_FAILED=8, PERF_DATA_MISSING=108; raw probes=116; topologies=29; source_sha=26dae1f99b2b50fb17118f38d8a8e95dfac3357c. Representative failure: num_heads 40 should be divisible by tp_size 16","python python/aisimulate/tools/support_matrix/generate_fpe_support_matrix.py --model ""meta-llama/Llama-4-Scout-17B-16E-Instruct"" --system ""h100_sxm"" --backend ""vllm"" --backend-version ""0.14.0"" --forward-model op_level --max-workers 8",,116,29,"BUILD_FAILED=8, PERF_DATA_MISSING=108",,26dae1f99b2b50fb17118f38d8a8e95dfac3357c
meta-llama/Llama-4-Scout-17B-16E-Instruct,Llama4ForConditionalGeneration,h100_sxm,vllm,0.19.0,FAIL,"Strict-native op-level FPE probes: BUILD_FAILED=8, PERF_DATA_MISSING=108; raw probes=116; topologies=29; source_sha=26dae1f99b2b50fb17118f38d8a8e95dfac3357c. Representative failure: num_heads 40 should be divisible by tp_size 16","python python/aisimulate/tools/support_matrix/generate_fpe_support_matrix.py --model ""meta-llama/Llama-4-Scout-17B-16E-Instruct"" --system ""h100_sxm"" --backend ""vllm"" --backend-version ""0.19.0"" --forward-model op_level --max-workers 8",,116,29,"BUILD_FAILED=8, PERF_DATA_MISSING=108",,26dae1f99b2b50fb17118f38d8a8e95dfac3357c
meta-llama/Llama-4-Scout-17B-16E-Instruct,Llama4ForConditionalGeneration,h100_sxm,vllm,0.22.0,PASS,,"python python/aisimulate/tools/support_matrix/generate_fpe_support_matrix.py --model ""meta-llama/Llama-4-Scout-17B-16E-Instruct"" --system ""h100_sxm"" --backend ""vllm"" --backend-version ""0.22.0"" --forward-model op_level --max-workers 8",silicon,116,29,"BUILD_FAILED=8, PASS=108","decode_end=7713.902701, decode_start=30.224001, mixed=73.374439, prefill=72.852193",26dae1f99b2b50fb17118f38d8a8e95dfac3357c
meta-llama/Llama-4-Scout-17B-16E-Instruct,Llama4ForConditionalGeneration,h100_sxm,vllm,0.24.0,PASS,,"python python/aisimulate/tools/support_matrix/generate_fpe_support_matrix.py --model ""meta-llama/Llama-4-Scout-17B-16E-Instruct"" --system ""h100_sxm"" --backend ""vllm"" --backend-version ""0.24.0"" --forward-model op_level --max-workers 8",silicon,116,29,"BUILD_FAILED=8, PASS=108","decode_end=7713.902701, decode_start=30.224001, mixed=73.374439, prefill=72.852193",26dae1f99b2b50fb17118f38d8a8e95dfac3357c
meta-llama/Meta-Llama-3.1-405B,LlamaForCausalLM,h100_sxm,sglang,0.5.10,PASS,,"python python/aisimulate/tools/support_matrix/generate_fpe_support_matrix.py --model ""meta-llama/Meta-Llama-3.1-405B"" --system ""h100_sxm"" --backend ""sglang"" --backend-version ""0.5.10"" --forward-model op_level --max-workers 8",silicon,40,10,"PASS=16, SDK_UNREPRESENTABLE=24","decode_end=72348.029305, decode_start=283.594196, mixed=300.817559, prefill=296.430449",26dae1f99b2b50fb17118f38d8a8e95dfac3357c
meta-llama/Meta-Llama-3.1-405B,LlamaForCausalLM,h100_sxm,sglang,0.5.12,PASS,,"python python/aisimulate/tools/support_matrix/generate_fpe_support_matrix.py --model ""meta-llama/Meta-Llama-3.1-405B"" --system ""h100_sxm"" --backend ""sglang"" --backend-version ""0.5.12"" --forward-model op_level --max-workers 8",silicon,40,10,"PASS=16, SDK_UNREPRESENTABLE=24","decode_end=72746.481052, decode_start=285.193792, mixed=301.319034, prefill=296.930426",26dae1f99b2b50fb17118f38d8a8e95dfac3357c
meta-llama/Meta-Llama-3.1-405B,LlamaForCausalLM,h100_sxm,sglang,0.5.14,PASS,,"python python/aisimulate/tools/support_matrix/generate_fpe_support_matrix.py --model ""meta-llama/Meta-Llama-3.1-405B"" --system ""h100_sxm"" --backend ""sglang"" --backend-version ""0.5.14"" --forward-model op_level --max-workers 8",silicon,40,10,"PASS=16, SDK_UNREPRESENTABLE=24","decode_end=72746.481052, decode_start=285.193792, mixed=301.319034, prefill=296.930426",26dae1f99b2b50fb17118f38d8a8e95dfac3357c
meta-llama/Meta-Llama-3.1-405B,LlamaForCausalLM,h100_sxm,sglang,0.5.16,PASS,,"python python/aisimulate/tools/support_matrix/generate_fpe_support_matrix.py --model ""meta-llama/Meta-Llama-3.1-405B"" --system ""h100_sxm"" --backend ""sglang"" --backend-version ""0.5.16"" --forward-model op_level --max-workers 8",silicon,40,10,"PASS=16, SDK_UNREPRESENTABLE=24","decode_end=72746.481052, decode_start=285.193792, mixed=301.319034, prefill=296.930426",26dae1f99b2b50fb17118f38d8a8e95dfac3357c
meta-llama/Meta-Llama-3.1-405B,LlamaForCausalLM,h100_sxm,sglang,0.5.6.post2,PASS,,"python python/aisimulate/tools/support_matrix/generate_fpe_support_matrix.py --model ""meta-llama/Meta-Llama-3.1-405B"" --system ""h100_sxm"" --backend ""sglang"" --backend-version ""0.5.6.post2"" --forward-model op_level --max-workers 8",silicon,40,10,"PASS=16, SDK_UNREPRESENTABLE=24","decode_end=74712.421844, decode_start=292.815793, mixed=314.751985, prefill=310.157924",26dae1f99b2b50fb17118f38d8a8e95dfac3357c
meta-llama/Meta-Llama-3.1-405B,LlamaForCausalLM,h100_sxm,sglang,0.5.9,PASS,,"python python/aisimulate/tools/support_matrix/generate_fpe_support_matrix.py --model ""meta-llama/Meta-Llama-3.1-405B"" --system ""h100_sxm"" --backend ""sglang"" --backend-version ""0.5.9"" --forward-model op_level --max-workers 8",silicon,40,10,"PASS=16, SDK_UNREPRESENTABLE=24","decode_end=72906.762578, decode_start=285.736607, mixed=301.121515, prefill=300.259663",26dae1f99b2b50fb17118f38d8a8e95dfac3357c
meta-llama/Meta-Llama-3.1-405B,LlamaForCausalLM,h100_sxm,trtllm,1.2.0rc5,PASS,,"python python/aisimulate/tools/support_matrix/generate_fpe_support_matrix.py --model ""meta-llama/Meta-Llama-3.1-405B"" --system ""h100_sxm"" --backend ""trtllm"" --backend-version ""1.2.0rc5"" --forward-model op_level --max-workers 8",silicon,16,4,PASS=16,"decode_end=73095.079023, decode_start=286.318727, mixed=304.019729, prefill=299.215505",26dae1f99b2b50fb17118f38d8a8e95dfac3357c
meta-llama/Meta-Llama-3.1-405B,LlamaForCausalLM,h100_sxm,trtllm,1.3.0rc10,PASS,,"python python/aisimulate/tools/support_matrix/generate_fpe_support_matrix.py --model ""meta-llama/Meta-Llama-3.1-405B"" --system ""h100_sxm"" --backend ""trtllm"" --backend-version ""1.3.0rc10"" --forward-model op_level --max-workers 8",silicon,16,4,PASS=16,"decode_end=72969.617629, decode_start=285.833108, mixed=306.045069, prefill=300.853641",26dae1f99b2b50fb17118f38d8a8e95dfac3357c
meta-llama/Meta-Llama-3.1-405B,LlamaForCausalLM,h100_sxm,trtllm,1.3.0rc15,PASS,,"python python/aisimulate/tools/support_matrix/generate_fpe_support_matrix.py --model ""meta-llama/Meta-Llama-3.1-405B"" --system ""h100_sxm"" --backend ""trtllm"" --backend-version ""1.3.0rc15"" --forward-model op_level --max-workers 8",silicon,16,4,PASS=16,"decode_end=72969.617629, decode_start=285.833108, mixed=306.045069, prefill=300.853641",26dae1f99b2b50fb17118f38d8a8e95dfac3357c
meta-llama/Meta-Llama-3.1-405B,LlamaForCausalLM,h100_sxm,trtllm,1.3.0rc20,PASS,,"python python/aisimulate/tools/support_matrix/generate_fpe_support_matrix.py --model ""meta-llama/Meta-Llama-3.1-405B"" --system ""h100_sxm"" --backend ""trtllm"" --backend-version ""1.3.0rc20"" --forward-model op_level --max-workers 8",silicon,16,4,PASS=16,"decode_end=72911.661101, decode_start=285.582725, mixed=305.625877, prefill=300.500031",26dae1f99b2b50fb17118f38d8a8e95dfac3357c
meta-llama/Meta-Llama-3.1-405B,LlamaForCausalLM,h100_sxm,trtllm,1.3.0rc23,PASS,,"python python/aisimulate/tools/support_matrix/generate_fpe_support_matrix.py --model ""meta-llama/Meta-Llama-3.1-405B"" --system ""h100_sxm"" --backend ""trtllm"" --backend-version ""1.3.0rc23"" --forward-model op_level --max-workers 8",silicon,16,4,PASS=16,"decode_end=72911.661101, decode_start=285.582725, mixed=305.625877, prefill=300.500031",26dae1f99b2b50fb17118f38d8a8e95dfac3357c
meta-llama/Meta-Llama-3.1-405B,LlamaForCausalLM,h100_sxm,vllm,0.1.dev19262,FAIL,Strict-native op-level FPE probes: PERF_DATA_MISSING=16; raw probes=16; topologies=4; source_sha=26dae1f99b2b50fb17118f38d8a8e95dfac3357c. Representative failure: perf database error: perf database error: no GEMM rows loaded from 1 source(s) (first: <repo>/python/aisimulate/src/aiconfigurator_core/systems/data/h100_sxm/vllm/0.1.dev19262/gemm_perf.parquet),"python python/aisimulate/tools/support_matrix/generate_fpe_support_matrix.py --model ""meta-llama/Meta-Llama-3.1-405B"" --system ""h100_sxm"" --backend ""vllm"" --backend-version ""0.1.dev19262"" --forward-model op_level --max-workers 8",,16,4,PERF_DATA_MISSING=16,,26dae1f99b2b50fb17118f38d8a8e95dfac3357c
meta-llama/Meta-Llama-3.1-405B,LlamaForCausalLM,h100_sxm,vllm,0.14.0,PASS,,"python python/aisimulate/tools/support_matrix/generate_fpe_support_matrix.py --model ""meta-llama/Meta-Llama-3.1-405B"" --system ""h100_sxm"" --backend ""vllm"" --backend-version ""0.14.0"" --forward-model op_level --max-workers 8",silicon,16,4,PASS=16,"decode_end=69123.473944, decode_start=271.057622, mixed=290.693313, prefill=287.966842",26dae1f99b2b50fb17118f38d8a8e95dfac3357c
meta-llama/Meta-Llama-3.1-405B,LlamaForCausalLM,h100_sxm,vllm,0.19.0,PASS,,"python python/aisimulate/tools/support_matrix/generate_fpe_support_matrix.py --model ""meta-llama/Meta-Llama-3.1-405B"" --system ""h100_sxm"" --backend ""vllm"" --backend-version ""0.19.0"" --forward-model op_level --max-workers 8",silicon,16,4,PASS=16,"decode_end=72593.772546, decode_start=284.675839, mixed=300.667164, prefill=301.371556",26dae1f99b2b50fb17118f38d8a8e95dfac3357c
meta-llama/Meta-Llama-3.1-405B,LlamaForCausalLM,h100_sxm,vllm,0.22.0,PASS,,"python python/aisimulate/tools/support_matrix/generate_fpe_support_matrix.py --model ""meta-llama/Meta-Llama-3.1-405B"" --system ""h100_sxm"" --backend ""vllm"" --backend-version ""0.22.0"" --forward-model op_level --max-workers 8",silicon,16,4,PASS=16,"decode_end=69503.331016, decode_start=272.538931, mixed=290.869868, prefill=285.877588",26dae1f99b2b50fb17118f38d8a8e95dfac3357c
meta-llama/Meta-Llama-3.1-405B,LlamaForCausalLM,h100_sxm,vllm,0.24.0,PASS,,"python python/aisimulate/tools/support_matrix/generate_fpe_support_matrix.py --model ""meta-llama/Meta-Llama-3.1-405B"" --system ""h100_sxm"" --backend ""vllm"" --backend-version ""0.24.0"" --forward-model op_level --max-workers 8",silicon,16,4,PASS=16,"decode_end=69503.331016, decode_start=272.538931, mixed=290.869868, prefill=285.877588",26dae1f99b2b50fb17118f38d8a8e95dfac3357c
meta-llama/Meta-Llama-3.1-70B,LlamaForCausalLM,h100_sxm,sglang,0.5.10,PASS,,"python python/aisimulate/tools/support_matrix/generate_fpe_support_matrix.py --model ""meta-llama/Meta-Llama-3.1-70B"" --system ""h100_sxm"" --backend ""sglang"" --backend-version ""0.5.10"" --forward-model op_level --max-workers 8",silicon,40,10,"PASS=16, SDK_UNREPRESENTABLE=24","decode_end=12968.367723, decode_start=50.782266, mixed=57.383010, prefill=56.854544",26dae1f99b2b50fb17118f38d8a8e95dfac3357c
meta-llama/Meta-Llama-3.1-70B,LlamaForCausalLM,h100_sxm,sglang,0.5.12,PASS,,"python python/aisimulate/tools/support_matrix/generate_fpe_support_matrix.py --model ""meta-llama/Meta-Llama-3.1-70B"" --system ""h100_sxm"" --backend ""sglang"" --backend-version ""0.5.12"" --forward-model op_level --max-workers 8",silicon,40,10,"PASS=16, SDK_UNREPRESENTABLE=24","decode_end=13410.980639, decode_start=52.513950, mixed=57.584271, prefill=57.384652",26dae1f99b2b50fb17118f38d8a8e95dfac3357c
meta-llama/Meta-Llama-3.1-70B,LlamaForCausalLM,h100_sxm,sglang,0.5.14,PASS,,"python python/aisimulate/tools/support_matrix/generate_fpe_support_matrix.py --model ""meta-llama/Meta-Llama-3.1-70B"" --system ""h100_sxm"" --backend ""sglang"" --backend-version ""0.5.14"" --forward-model op_level --max-workers 8",silicon,40,10,"PASS=16, SDK_UNREPRESENTABLE=24","decode_end=13410.980639, decode_start=52.513950, mixed=57.584271, prefill=57.384652",26dae1f99b2b50fb17118f38d8a8e95dfac3357c
meta-llama/Meta-Llama-3.1-70B,LlamaForCausalLM,h100_sxm,sglang,0.5.16,PASS,,"python python/aisimulate/tools/support_matrix/generate_fpe_support_matrix.py --model ""meta-llama/Meta-Llama-3.1-70B"" --system ""h100_sxm"" --backend ""sglang"" --backend-version ""0.5.16"" --forward-model op_level --max-workers 8",silicon,40,10,"PASS=16, SDK_UNREPRESENTABLE=24","decode_end=13410.980639, decode_start=52.513950, mixed=57.584271, prefill=57.384652",26dae1f99b2b50fb17118f38d8a8e95dfac3357c
meta-llama/Meta-Llama-3.1-70B,LlamaForCausalLM,h100_sxm,sglang,0.5.6.post2,PASS,,"python python/aisimulate/tools/support_matrix/generate_fpe_support_matrix.py --model ""meta-llama/Meta-Llama-3.1-70B"" --system ""h100_sxm"" --backend ""sglang"" --backend-version ""0.5.6.post2"" --forward-model op_level --max-workers 8",silicon,40,10,"PASS=16, SDK_UNREPRESENTABLE=24","decode_end=13366.125629, decode_start=52.321840, mixed=59.118839, prefill=57.130434",26dae1f99b2b50fb17118f38d8a8e95dfac3357c
meta-llama/Meta-Llama-3.1-70B,LlamaForCausalLM,h100_sxm,sglang,0.5.9,PASS,,"python python/aisimulate/tools/support_matrix/generate_fpe_support_matrix.py --model ""meta-llama/Meta-Llama-3.1-70B"" --system ""h100_sxm"" --backend ""sglang"" --backend-version ""0.5.9"" --forward-model op_level --max-workers 8",silicon,40,10,"PASS=16, SDK_UNREPRESENTABLE=24","decode_end=13121.601342, decode_start=51.346623, mixed=57.865140, prefill=57.576877",26dae1f99b2b50fb17118f38d8a8e95dfac3357c
meta-llama/Meta-Llama-3.1-70B,LlamaForCausalLM,h100_sxm,trtllm,1.2.0rc5,PASS,,"python python/aisimulate/tools/support_matrix/generate_fpe_support_matrix.py --model ""meta-llama/Meta-Llama-3.1-70B"" --system ""h100_sxm"" --backend ""trtllm"" --backend-version ""1.2.0rc5"" --forward-model op_level --max-workers 8",silicon,16,4,PASS=16,"decode_end=13364.890674, decode_start=52.214052, mixed=59.816267, prefill=58.488910",26dae1f99b2b50fb17118f38d8a8e95dfac3357c
meta-llama/Meta-Llama-3.1-70B,LlamaForCausalLM,h100_sxm,trtllm,1.3.0rc10,PASS,,"python python/aisimulate/tools/support_matrix/generate_fpe_support_matrix.py --model ""meta-llama/Meta-Llama-3.1-70B"" --system ""h100_sxm"" --backend ""trtllm"" --backend-version ""1.3.0rc10"" --forward-model op_level --max-workers 8",silicon,16,4,PASS=16,"decode_end=13486.909448, decode_start=52.685821, mixed=59.057934, prefill=57.299792",26dae1f99b2b50fb17118f38d8a8e95dfac3357c
meta-llama/Meta-Llama-3.1-70B,LlamaForCausalLM,h100_sxm,trtllm,1.3.0rc15,PASS,,"python python/aisimulate/tools/support_matrix/generate_fpe_support_matrix.py --model ""meta-llama/Meta-Llama-3.1-70B"" --system ""h100_sxm"" --backend ""trtllm"" --backend-version ""1.3.0rc15"" --forward-model op_level --max-workers 8",silicon,16,4,PASS=16,"decode_end=13486.909448, decode_start=52.685821, mixed=59.057934, prefill=57.299792",26dae1f99b2b50fb17118f38d8a8e95dfac3357c
meta-llama/Meta-Llama-3.1-70B,LlamaForCausalLM,h100_sxm,trtllm,1.3.0rc20,PASS,,"python python/aisimulate/tools/support_matrix/generate_fpe_support_matrix.py --model ""meta-llama/Meta-Llama-3.1-70B"" --system ""h100_sxm"" --backend ""trtllm"" --backend-version ""1.3.0rc20"" --forward-model op_level --max-workers 8",silicon,16,4,PASS=16,"decode_end=13397.454300, decode_start=52.328070, mixed=59.122128, prefill=57.541672",26dae1f99b2b50fb17118f38d8a8e95dfac3357c
meta-llama/Meta-Llama-3.1-70B,LlamaForCausalLM,h100_sxm,trtllm,1.3.0rc23,PASS,,"python python/aisimulate/tools/support_matrix/generate_fpe_support_matrix.py --model ""meta-llama/Meta-Llama-3.1-70B"" --system ""h100_sxm"" --backend ""trtllm"" --backend-version ""1.3.0rc23"" --forward-model op_level --max-workers 8",silicon,16,4,PASS=16,"decode_end=13397.454300, decode_start=52.328070, mixed=59.122128, prefill=57.541672",26dae1f99b2b50fb17118f38d8a8e95dfac3357c
meta-llama/Meta-Llama-3.1-70B,LlamaForCausalLM,h100_sxm,vllm,0.1.dev19262,FAIL,Strict-native op-level FPE probes: PERF_DATA_MISSING=16; raw probes=16; topologies=4; source_sha=26dae1f99b2b50fb17118f38d8a8e95dfac3357c. Representative failure: perf database error: perf database error: no GEMM rows loaded from 1 source(s) (first: <repo>/python/aisimulate/src/aiconfigurator_core/systems/data/h100_sxm/vllm/0.1.dev19262/gemm_perf.parquet),"python python/aisimulate/tools/support_matrix/generate_fpe_support_matrix.py --model ""meta-llama/Meta-Llama-3.1-70B"" --system ""h100_sxm"" --backend ""vllm"" --backend-version ""0.1.dev19262"" --forward-model op_level --max-workers 8",,16,4,PERF_DATA_MISSING=16,,26dae1f99b2b50fb17118f38d8a8e95dfac3357c
meta-llama/Meta-Llama-3.1-70B,LlamaForCausalLM,h100_sxm,vllm,0.14.0,PASS,,"python python/aisimulate/tools/support_matrix/generate_fpe_support_matrix.py --model ""meta-llama/Meta-Llama-3.1-70B"" --system ""h100_sxm"" --backend ""vllm"" --backend-version ""0.14.0"" --forward-model op_level --max-workers 8",silicon,16,4,PASS=16,"decode_end=12587.821754, decode_start=49.315382, mixed=55.255751, prefill=53.649633",26dae1f99b2b50fb17118f38d8a8e95dfac3357c
meta-llama/Meta-Llama-3.1-70B,LlamaForCausalLM,h100_sxm,vllm,0.19.0,PASS,,"python python/aisimulate/tools/support_matrix/generate_fpe_support_matrix.py --model ""meta-llama/Meta-Llama-3.1-70B"" --system ""h100_sxm"" --backend ""vllm"" --backend-version ""0.19.0"" --forward-model op_level --max-workers 8",silicon,16,4,PASS=16,"decode_end=13455.142168, decode_start=52.727578, mixed=60.340388, prefill=57.804019",26dae1f99b2b50fb17118f38d8a8e95dfac3357c
meta-llama/Meta-Llama-3.1-70B,LlamaForCausalLM,h100_sxm,vllm,0.22.0,PASS,,"python python/aisimulate/tools/support_matrix/generate_fpe_support_matrix.py --model ""meta-llama/Meta-Llama-3.1-70B"" --system ""h100_sxm"" --backend ""vllm"" --backend-version ""0.22.0"" --forward-model op_level --max-workers 8",silicon,16,4,PASS=16,"decode_end=13294.677681, decode_start=52.096085, mixed=58.782427, prefill=54.272240",26dae1f99b2b50fb17118f38d8a8e95dfac3357c
meta-llama/Meta-Llama-3.1-70B,LlamaForCausalLM,h100_sxm,vllm,0.24.0,PASS,,"python python/aisimulate/tools/support_matrix/generate_fpe_support_matrix.py --model ""meta-llama/Meta-Llama-3.1-70B"" --system ""h100_sxm"" --backend ""vllm"" --backend-version ""0.24.0"" --forward-model op_level --max-workers 8",silicon,16,4,PASS=16,"decode_end=13294.677681, decode_start=52.096085, mixed=58.782427, prefill=54.272240",26dae1f99b2b50fb17118f38d8a8e95dfac3357c
meta-llama/Meta-Llama-3.1-8B,LlamaForCausalLM,h100_sxm,sglang,0.5.10,PASS,,"python python/aisimulate/tools/support_matrix/generate_fpe_support_matrix.py --model ""meta-llama/Meta-Llama-3.1-8B"" --system ""h100_sxm"" --backend ""sglang"" --backend-version ""0.5.10"" --forward-model op_level --max-workers 8",silicon,24,6,"PASS=12, SDK_UNREPRESENTABLE=12","decode_end=1670.727035, decode_start=6.521155, mixed=8.055047, prefill=7.545253",26dae1f99b2b50fb17118f38d8a8e95dfac3357c
meta-llama/Meta-Llama-3.1-8B,LlamaForCausalLM,h100_sxm,sglang,0.5.12,PASS,,"python python/aisimulate/tools/support_matrix/generate_fpe_support_matrix.py --model ""meta-llama/Meta-Llama-3.1-8B"" --system ""h100_sxm"" --backend ""sglang"" --backend-version ""0.5.12"" --forward-model op_level --max-workers 8",silicon,24,6,"PASS=12, SDK_UNREPRESENTABLE=12","decode_end=1709.453556, decode_start=6.676798, mixed=8.122575, prefill=7.466169",26dae1f99b2b50fb17118f38d8a8e95dfac3357c
meta-llama/Meta-Llama-3.1-8B,LlamaForCausalLM,h100_sxm,sglang,0.5.14,PASS,,"python python/aisimulate/tools/support_matrix/generate_fpe_support_matrix.py --model ""meta-llama/Meta-Llama-3.1-8B"" --system ""h100_sxm"" --backend ""sglang"" --backend-version ""0.5.14"" --forward-model op_level --max-workers 8",silicon,24,6,"PASS=12, SDK_UNREPRESENTABLE=12","decode_end=1709.453556, decode_start=6.676798, mixed=8.122575, prefill=7.466169",26dae1f99b2b50fb17118f38d8a8e95dfac3357c
meta-llama/Meta-Llama-3.1-8B,LlamaForCausalLM,h100_sxm,sglang,0.5.16,PASS,,"python python/aisimulate/tools/support_matrix/generate_fpe_support_matrix.py --model ""meta-llama/Meta-Llama-3.1-8B"" --system ""h100_sxm"" --backend ""sglang"" --backend-version ""0.5.16"" --forward-model op_level --max-workers 8",silicon,24,6,"PASS=12, SDK_UNREPRESENTABLE=12","decode_end=1709.453556, decode_start=6.676798, mixed=8.122575, prefill=7.466169",26dae1f99b2b50fb17118f38d8a8e95dfac3357c
meta-llama/Meta-Llama-3.1-8B,LlamaForCausalLM,h100_sxm,sglang,0.5.6.post2,PASS,,"python python/aisimulate/tools/support_matrix/generate_fpe_support_matrix.py --model ""meta-llama/Meta-Llama-3.1-8B"" --system ""h100_sxm"" --backend ""sglang"" --backend-version ""0.5.6.post2"" --forward-model op_level --max-workers 8",silicon,24,6,"PASS=12, SDK_UNREPRESENTABLE=12","decode_end=1709.622009, decode_start=6.658696, mixed=8.569696, prefill=7.729037",26dae1f99b2b50fb17118f38d8a8e95dfac3357c
meta-llama/Meta-Llama-3.1-8B,LlamaForCausalLM,h100_sxm,sglang,0.5.9,PASS,,"python python/aisimulate/tools/support_matrix/generate_fpe_support_matrix.py --model ""meta-llama/Meta-Llama-3.1-8B"" --system ""h100_sxm"" --backend ""sglang"" --backend-version ""0.5.9"" --forward-model op_level --max-workers 8",silicon,24,6,"PASS=12, SDK_UNREPRESENTABLE=12","decode_end=1681.252425, decode_start=6.546960, mixed=8.170232, prefill=7.692382",26dae1f99b2b50fb17118f38d8a8e95dfac3357c
meta-llama/Meta-Llama-3.1-8B,LlamaForCausalLM,h100_sxm,trtllm,1.2.0rc5,PASS,,"python python/aisimulate/tools/support_matrix/generate_fpe_support_matrix.py --model ""meta-llama/Meta-Llama-3.1-8B"" --system ""h100_sxm"" --backend ""trtllm"" --backend-version ""1.2.0rc5"" --forward-model op_level --max-workers 8",silicon,12,3,PASS=12,"decode_end=1736.976237, decode_start=6.730004, mixed=8.311429, prefill=7.697173",26dae1f99b2b50fb17118f38d8a8e95dfac3357c
meta-llama/Meta-Llama-3.1-8B,LlamaForCausalLM,h100_sxm,trtllm,1.3.0rc10,PASS,,"python python/aisimulate/tools/support_matrix/generate_fpe_support_matrix.py --model ""meta-llama/Meta-Llama-3.1-8B"" --system ""h100_sxm"" --backend ""trtllm"" --backend-version ""1.3.0rc10"" --forward-model op_level --max-workers 8",silicon,12,3,PASS=12,"decode_end=1714.007810, decode_start=6.641539, mixed=8.343602, prefill=7.653515",26dae1f99b2b50fb17118f38d8a8e95dfac3357c
meta-llama/Meta-Llama-3.1-8B,LlamaForCausalLM,h100_sxm,trtllm,1.3.0rc15,PASS,,"python python/aisimulate/tools/support_matrix/generate_fpe_support_matrix.py --model ""meta-llama/Meta-Llama-3.1-8B"" --system ""h100_sxm"" --backend ""trtllm"" --backend-version ""1.3.0rc15"" --forward-model op_level --max-workers 8",silicon,12,3,PASS=12,"decode_end=1714.007810, decode_start=6.641539, mixed=8.343602, prefill=7.653515",26dae1f99b2b50fb17118f38d8a8e95dfac3357c
meta-llama/Meta-Llama-3.1-8B,LlamaForCausalLM,h100_sxm,trtllm,1.3.0rc20,PASS,,"python python/aisimulate/tools/support_matrix/generate_fpe_support_matrix.py --model ""meta-llama/Meta-Llama-3.1-8B"" --system ""h100_sxm"" --backend ""trtllm"" --backend-version ""1.3.0rc20"" --forward-model op_level --max-workers 8",silicon,12,3,PASS=12,"decode_end=1712.189033, decode_start=6.631009, mixed=8.354236, prefill=7.643555",26dae1f99b2b50fb17118f38d8a8e95dfac3357c
meta-llama/Meta-Llama-3.1-8B,LlamaForCausalLM,h100_sxm,trtllm,1.3.0rc23,PASS,,"python python/aisimulate/tools/support_matrix/generate_fpe_support_matrix.py --model ""meta-llama/Meta-Llama-3.1-8B"" --system ""h100_sxm"" --backend ""trtllm"" --backend-version ""1.3.0rc23"" --forward-model op_level --max-workers 8",silicon,12,3,PASS=12,"decode_end=1712.189033, decode_start=6.631009, mixed=8.354236, prefill=7.643555",26dae1f99b2b50fb17118f38d8a8e95dfac3357c
meta-llama/Meta-Llama-3.1-8B,LlamaForCausalLM,h100_sxm,vllm,0.1.dev19262,FAIL,Strict-native op-level FPE probes: PERF_DATA_MISSING=12; raw probes=12; topologies=3; source_sha=26dae1f99b2b50fb17118f38d8a8e95dfac3357c. Representative failure: perf database error: perf database error: no GEMM rows loaded from 1 source(s) (first: <repo>/python/aisimulate/src/aiconfigurator_core/systems/data/h100_sxm/vllm/0.1.dev19262/gemm_perf.parquet),"python python/aisimulate/tools/support_matrix/generate_fpe_support_matrix.py --model ""meta-llama/Meta-Llama-3.1-8B"" --system ""h100_sxm"" --backend ""vllm"" --backend-version ""0.1.dev19262"" --forward-model op_level --max-workers 8",,12,3,PERF_DATA_MISSING=12,,26dae1f99b2b50fb17118f38d8a8e95dfac3357c
meta-llama/Meta-Llama-3.1-8B,LlamaForCausalLM,h100_sxm,vllm,0.14.0,PASS,,"python python/aisimulate/tools/support_matrix/generate_fpe_support_matrix.py --model ""meta-llama/Meta-Llama-3.1-8B"" --system ""h100_sxm"" --backend ""vllm"" --backend-version ""0.14.0"" --forward-model op_level --max-workers 8",silicon,12,3,PASS=12,"decode_end=1618.882934, decode_start=6.329596, mixed=7.780852, prefill=7.244142",26dae1f99b2b50fb17118f38d8a8e95dfac3357c
meta-llama/Meta-Llama-3.1-8B,LlamaForCausalLM,h100_sxm,vllm,0.19.0,PASS,,"python python/aisimulate/tools/support_matrix/generate_fpe_support_matrix.py --model ""meta-llama/Meta-Llama-3.1-8B"" --system ""h100_sxm"" --backend ""vllm"" --backend-version ""0.19.0"" --forward-model op_level --max-workers 8",silicon,12,3,PASS=12,"decode_end=1668.956022, decode_start=6.526856, mixed=8.023878, prefill=7.546635",26dae1f99b2b50fb17118f38d8a8e95dfac3357c
meta-llama/Meta-Llama-3.1-8B,LlamaForCausalLM,h100_sxm,vllm,0.22.0,PASS,,"python python/aisimulate/tools/support_matrix/generate_fpe_support_matrix.py --model ""meta-llama/Meta-Llama-3.1-8B"" --system ""h100_sxm"" --backend ""vllm"" --backend-version ""0.22.0"" --forward-model op_level --max-workers 8",silicon,12,3,PASS=12,"decode_end=1648.592368, decode_start=6.450598, mixed=8.085755, prefill=7.547610",26dae1f99b2b50fb17118f38d8a8e95dfac3357c
meta-llama/Meta-Llama-3.1-8B,LlamaForCausalLM,h100_sxm,vllm,0.24.0,PASS,,"python python/aisimulate/tools/support_matrix/generate_fpe_support_matrix.py --model ""meta-llama/Meta-Llama-3.1-8B"" --system ""h100_sxm"" --backend ""vllm"" --backend-version ""0.24.0"" --forward-model op_level --max-workers 8",silicon,12,3,PASS=12,"decode_end=1648.592368, decode_start=6.450598, mixed=8.085755, prefill=7.547610",26dae1f99b2b50fb17118f38d8a8e95dfac3357c
moonshotai/Kimi-K2.5,KimiK25ForConditionalGeneration,h100_sxm,sglang,0.5.10,PASS,,"python python/aisimulate/tools/support_matrix/generate_fpe_support_matrix.py --model ""moonshotai/Kimi-K2.5"" --system ""h100_sxm"" --backend ""sglang"" --backend-version ""0.5.10"" --forward-model op_level --max-workers 8",silicon,540,135,"PASS=200, PERF_DATA_MISSING=20, SDK_UNREPRESENTABLE=320","decode_end=10450.574360, decode_start=40.887414, mixed=177.216793, prefill=172.550644",26dae1f99b2b50fb17118f38d8a8e95dfac3357c
moonshotai/Kimi-K2.5,KimiK25ForConditionalGeneration,h100_sxm,sglang,0.5.12,PASS,,"python python/aisimulate/tools/support_matrix/generate_fpe_support_matrix.py --model ""moonshotai/Kimi-K2.5"" --system ""h100_sxm"" --backend ""sglang"" --backend-version ""0.5.12"" --forward-model op_level --max-workers 8",silicon,540,135,"PASS=220, SDK_UNREPRESENTABLE=320","decode_end=10955.396817, decode_start=42.873958, mixed=187.820530, prefill=181.898777",26dae1f99b2b50fb17118f38d8a8e95dfac3357c
moonshotai/Kimi-K2.5,KimiK25ForConditionalGeneration,h100_sxm,sglang,0.5.14,PASS,,"python python/aisimulate/tools/support_matrix/generate_fpe_support_matrix.py --model ""moonshotai/Kimi-K2.5"" --system ""h100_sxm"" --backend ""sglang"" --backend-version ""0.5.14"" --forward-model op_level --max-workers 8",silicon,540,135,"PASS=220, SDK_UNREPRESENTABLE=320","decode_end=10955.396817, decode_start=42.873958, mixed=187.820530, prefill=181.898777",26dae1f99b2b50fb17118f38d8a8e95dfac3357c
moonshotai/Kimi-K2.5,KimiK25ForConditionalGeneration,h100_sxm,sglang,0.5.16,PASS,,"python python/aisimulate/tools/support_matrix/generate_fpe_support_matrix.py --model ""moonshotai/Kimi-K2.5"" --system ""h100_sxm"" --backend ""sglang"" --backend-version ""0.5.16"" --forward-model op_level --max-workers 8",silicon,540,135,"PASS=220, SDK_UNREPRESENTABLE=320","decode_end=10955.396817, decode_start=42.873958, mixed=187.820530, prefill=181.898777",26dae1f99b2b50fb17118f38d8a8e95dfac3357c
moonshotai/Kimi-K2.5,KimiK25ForConditionalGeneration,h100_sxm,sglang,0.5.6.post2,FAIL,"Strict-native op-level FPE probes: PERF_DATA_MISSING=220, SDK_UNREPRESENTABLE=320; raw probes=540; topologies=135; source_sha=26dae1f99b2b50fb17118f38d8a8e95dfac3357c. Representative failure: perf database error: MoE data missing for MoeKey { quant: ""int4_wo"", distribution: ""uniform"", topk: 8, num_experts: 384, hidden_size: 7168, inter_size: 2048, moe_tp_size: 1, moe_ep_size: 1 } at <repo>/python/aisimulate/src/aiconfigurator_core/systems/data/h100_sxm/sglang/0.5.6.post2","python python/aisimulate/tools/support_matrix/generate_fpe_support_matrix.py --model ""moonshotai/Kimi-K2.5"" --system ""h100_sxm"" --backend ""sglang"" --backend-version ""0.5.6.post2"" --forward-model op_level --max-workers 8",,540,135,"PERF_DATA_MISSING=220, SDK_UNREPRESENTABLE=320",,26dae1f99b2b50fb17118f38d8a8e95dfac3357c
moonshotai/Kimi-K2.5,KimiK25ForConditionalGeneration,h100_sxm,sglang,0.5.9,PASS,,"python python/aisimulate/tools/support_matrix/generate_fpe_support_matrix.py --model ""moonshotai/Kimi-K2.5"" --system ""h100_sxm"" --backend ""sglang"" --backend-version ""0.5.9"" --forward-model op_level --max-workers 8",silicon,540,135,"PASS=200, PERF_DATA_MISSING=20, SDK_UNREPRESENTABLE=320","decode_end=10398.455111, decode_start=40.677453, mixed=177.598176, prefill=173.150484",26dae1f99b2b50fb17118f38d8a8e95dfac3357c
moonshotai/Kimi-K2.5,KimiK25ForConditionalGeneration,h100_sxm,trtllm,1.2.0rc5,FAIL,"Strict-native op-level FPE probes: PERF_DATA_MISSING=116; raw probes=116; topologies=29; source_sha=26dae1f99b2b50fb17118f38d8a8e95dfac3357c. Representative failure: perf database error: MoE data missing for MoeKey { quant: ""int4_wo"", distribution: ""uniform"", topk: 8, num_experts: 384, hidden_size: 7168, inter_size: 2048, moe_tp_size: 1, moe_ep_size: 1 } at <repo>/python/aisimulate/src/aiconfigurator_core/systems/data/h100_sxm/trtllm/1.2.0rc5","python python/aisimulate/tools/support_matrix/generate_fpe_support_matrix.py --model ""moonshotai/Kimi-K2.5"" --system ""h100_sxm"" --backend ""trtllm"" --backend-version ""1.2.0rc5"" --forward-model op_level --max-workers 8",,116,29,PERF_DATA_MISSING=116,,26dae1f99b2b50fb17118f38d8a8e95dfac3357c
moonshotai/Kimi-K2.5,KimiK25ForConditionalGeneration,h100_sxm,trtllm,1.3.0rc10,FAIL,"Strict-native op-level FPE probes: PERF_DATA_MISSING=116; raw probes=116; topologies=29; source_sha=26dae1f99b2b50fb17118f38d8a8e95dfac3357c. Representative failure: perf database error: MoE data missing for MoeKey { quant: ""int4_wo"", distribution: ""uniform"", topk: 8, num_experts: 384, hidden_size: 7168, inter_size: 2048, moe_tp_size: 1, moe_ep_size: 1 } at <repo>/python/aisimulate/src/aiconfigurator_core/systems/data/h100_sxm/trtllm/1.3.0rc10","python python/aisimulate/tools/support_matrix/generate_fpe_support_matrix.py --model ""moonshotai/Kimi-K2.5"" --system ""h100_sxm"" --backend ""trtllm"" --backend-version ""1.3.0rc10"" --forward-model op_level --max-workers 8",,116,29,PERF_DATA_MISSING=116,,26dae1f99b2b50fb17118f38d8a8e95dfac3357c
moonshotai/Kimi-K2.5,KimiK25ForConditionalGeneration,h100_sxm,trtllm,1.3.0rc15,FAIL,"Strict-native op-level FPE probes: PERF_DATA_MISSING=116; raw probes=116; topologies=29; source_sha=26dae1f99b2b50fb17118f38d8a8e95dfac3357c. Representative failure: perf database error: MoE data missing for MoeKey { quant: ""int4_wo"", distribution: ""uniform"", topk: 8, num_experts: 384, hidden_size: 7168, inter_size: 2048, moe_tp_size: 1, moe_ep_size: 1 } at <repo>/python/aisimulate/src/aiconfigurator_core/systems/data/h100_sxm/trtllm/1.3.0rc15","python python/aisimulate/tools/support_matrix/generate_fpe_support_matrix.py --model ""moonshotai/Kimi-K2.5"" --system ""h100_sxm"" --backend ""trtllm"" --backend-version ""1.3.0rc15"" --forward-model op_level --max-workers 8",,116,29,PERF_DATA_MISSING=116,,26dae1f99b2b50fb17118f38d8a8e95dfac3357c
moonshotai/Kimi-K2.5,KimiK25ForConditionalGeneration,h100_sxm,trtllm,1.3.0rc20,FAIL,"Strict-native op-level FPE probes: PERF_DATA_MISSING=116; raw probes=116; topologies=29; source_sha=26dae1f99b2b50fb17118f38d8a8e95dfac3357c. Representative failure: perf database error: MoE data missing for MoeKey { quant: ""int4_wo"", distribution: ""uniform"", topk: 8, num_experts: 384, hidden_size: 7168, inter_size: 2048, moe_tp_size: 1, moe_ep_size: 1 } at <repo>/python/aisimulate/src/aiconfigurator_core/systems/data/h100_sxm/trtllm/1.3.0rc20","python python/aisimulate/tools/support_matrix/generate_fpe_support_matrix.py --model ""moonshotai/Kimi-K2.5"" --system ""h100_sxm"" --backend ""trtllm"" --backend-version ""1.3.0rc20"" --forward-model op_level --max-workers 8",,116,29,PERF_DATA_MISSING=116,,26dae1f99b2b50fb17118f38d8a8e95dfac3357c
moonshotai/Kimi-K2.5,KimiK25ForConditionalGeneration,h100_sxm,trtllm,1.3.0rc23,FAIL,"Strict-native op-level FPE probes: PERF_DATA_MISSING=116; raw probes=116; topologies=29; source_sha=26dae1f99b2b50fb17118f38d8a8e95dfac3357c. Representative failure: perf database error: MoE data missing for MoeKey { quant: ""int4_wo"", distribution: ""uniform"", topk: 8, num_experts: 384, hidden_size: 7168, inter_size: 2048, moe_tp_size: 1, moe_ep_size: 1 } at <repo>/python/aisimulate/src/aiconfigurator_core/systems/data/h100_sxm/trtllm/1.3.0rc23","python python/aisimulate/tools/support_matrix/generate_fpe_support_matrix.py --model ""moonshotai/Kimi-K2.5"" --system ""h100_sxm"" --backend ""trtllm"" --backend-version ""1.3.0rc23"" --forward-model op_level --max-workers 8",,116,29,PERF_DATA_MISSING=116,,26dae1f99b2b50fb17118f38d8a8e95dfac3357c
moonshotai/Kimi-K2.5,KimiK25ForConditionalGeneration,h100_sxm,vllm,0.1.dev19262,FAIL,Strict-native op-level FPE probes: PERF_DATA_MISSING=116; raw probes=116; topologies=29; source_sha=26dae1f99b2b50fb17118f38d8a8e95dfac3357c. Representative failure: perf database error: perf database error: no GEMM rows loaded from 1 source(s) (first: <repo>/python/aisimulate/src/aiconfigurator_core/systems/data/h100_sxm/vllm/0.1.dev19262/gemm_perf.parquet),"python python/aisimulate/tools/support_matrix/generate_fpe_support_matrix.py --model ""moonshotai/Kimi-K2.5"" --system ""h100_sxm"" --backend ""vllm"" --backend-version ""0.1.dev19262"" --forward-model op_level --max-workers 8",,116,29,PERF_DATA_MISSING=116,,26dae1f99b2b50fb17118f38d8a8e95dfac3357c
moonshotai/Kimi-K2.5,KimiK25ForConditionalGeneration,h100_sxm,vllm,0.14.0,PASS,,"python python/aisimulate/tools/support_matrix/generate_fpe_support_matrix.py --model ""moonshotai/Kimi-K2.5"" --system ""h100_sxm"" --backend ""vllm"" --backend-version ""0.14.0"" --forward-model op_level --max-workers 8",silicon,116,29,PASS=116,"decode_end=11341.908265, decode_start=44.414273, mixed=154.254700, prefill=151.139451",26dae1f99b2b50fb17118f38d8a8e95dfac3357c
moonshotai/Kimi-K2.5,KimiK25ForConditionalGeneration,h100_sxm,vllm,0.19.0,PASS,,"python python/aisimulate/tools/support_matrix/generate_fpe_support_matrix.py --model ""moonshotai/Kimi-K2.5"" --system ""h100_sxm"" --backend ""vllm"" --backend-version ""0.19.0"" --forward-model op_level --max-workers 8",silicon,116,29,PASS=116,"decode_end=31115.187989, decode_start=121.839582, mixed=730.696471, prefill=699.970241",26dae1f99b2b50fb17118f38d8a8e95dfac3357c
moonshotai/Kimi-K2.5,KimiK25ForConditionalGeneration,h100_sxm,vllm,0.22.0,PASS,,"python python/aisimulate/tools/support_matrix/generate_fpe_support_matrix.py --model ""moonshotai/Kimi-K2.5"" --system ""h100_sxm"" --backend ""vllm"" --backend-version ""0.22.0"" --forward-model op_level --max-workers 8",silicon,116,29,PASS=116,"decode_end=11865.723120, decode_start=46.415283, mixed=175.711020, prefill=172.640877",26dae1f99b2b50fb17118f38d8a8e95dfac3357c
moonshotai/Kimi-K2.5,KimiK25ForConditionalGeneration,h100_sxm,vllm,0.24.0,PASS,,"python python/aisimulate/tools/support_matrix/generate_fpe_support_matrix.py --model ""moonshotai/Kimi-K2.5"" --system ""h100_sxm"" --backend ""vllm"" --backend-version ""0.24.0"" --forward-model op_level --max-workers 8",silicon,116,29,PASS=116,"decode_end=11865.723120, decode_start=46.415283, mixed=175.711020, prefill=172.640877",26dae1f99b2b50fb17118f38d8a8e95dfac3357c
moonshotai/Kimi-K3,KimiK3ForConditionalGeneration,h100_sxm,sglang,0.5.10,FAIL,"Strict-native op-level FPE probes: PERF_DATA_MISSING=220; raw probes=220; topologies=55; source_sha=26dae1f99b2b50fb17118f38d8a8e95dfac3357c. Representative failure: perf database error: MoE data missing for MoeKey { quant: ""w4a16_mxfp4"", distribution: ""uniform"", topk: 16, num_experts: 896, hidden_size: 3584, inter_size: 3072, moe_tp_size: 1, moe_ep_size: 1 } at <repo>/python/aisimulate/src/aiconfigurator_core/systems/data/h100_sxm/sglang/0.5.10","python python/aisimulate/tools/support_matrix/generate_fpe_support_matrix.py --model ""moonshotai/Kimi-K3"" --system ""h100_sxm"" --backend ""sglang"" --backend-version ""0.5.10"" --forward-model op_level --max-workers 8",,220,55,PERF_DATA_MISSING=220,,26dae1f99b2b50fb17118f38d8a8e95dfac3357c
moonshotai/Kimi-K3,KimiK3ForConditionalGeneration,h100_sxm,sglang,0.5.12,PASS,,"python python/aisimulate/tools/support_matrix/generate_fpe_support_matrix.py --model ""moonshotai/Kimi-K3"" --system ""h100_sxm"" --backend ""sglang"" --backend-version ""0.5.12"" --forward-model op_level --max-workers 8",silicon,220,55,"PASS=60, PERF_DATA_MISSING=160","decode_end=34169.798628, decode_start=133.972101, mixed=529.353894, prefill=517.596443",26dae1f99b2b50fb17118f38d8a8e95dfac3357c
moonshotai/Kimi-K3,KimiK3ForConditionalGeneration,h100_sxm,sglang,0.5.14,PASS,,"python python/aisimulate/tools/support_matrix/generate_fpe_support_matrix.py --model ""moonshotai/Kimi-K3"" --system ""h100_sxm"" --backend ""sglang"" --backend-version ""0.5.14"" --forward-model op_level --max-workers 8",silicon,220,55,"PASS=60, PERF_DATA_MISSING=160","decode_end=34169.798628, decode_start=133.972101, mixed=529.353894, prefill=517.596443",26dae1f99b2b50fb17118f38d8a8e95dfac3357c
moonshotai/Kimi-K3,KimiK3ForConditionalGeneration,h100_sxm,sglang,0.5.16,PASS,,"python python/aisimulate/tools/support_matrix/generate_fpe_support_matrix.py --model ""moonshotai/Kimi-K3"" --system ""h100_sxm"" --backend ""sglang"" --backend-version ""0.5.16"" --forward-model op_level --max-workers 8",silicon,220,55,"PASS=60, PERF_DATA_MISSING=160","decode_end=34570.510856, decode_start=135.543522, mixed=506.503313, prefill=494.507043",26dae1f99b2b50fb17118f38d8a8e95dfac3357c
moonshotai/Kimi-K3,KimiK3ForConditionalGeneration,h100_sxm,sglang,0.5.6.post2,FAIL,"Strict-native op-level FPE probes: PERF_DATA_MISSING=220; raw probes=220; topologies=55; source_sha=26dae1f99b2b50fb17118f38d8a8e95dfac3357c. Representative failure: perf database error: MoE data missing for MoeKey { quant: ""w4a16_mxfp4"", distribution: ""uniform"", topk: 16, num_experts: 896, hidden_size: 3584, inter_size: 3072, moe_tp_size: 1, moe_ep_size: 1 } at <repo>/python/aisimulate/src/aiconfigurator_core/systems/data/h100_sxm/sglang/0.5.6.post2","python python/aisimulate/tools/support_matrix/generate_fpe_support_matrix.py --model ""moonshotai/Kimi-K3"" --system ""h100_sxm"" --backend ""sglang"" --backend-version ""0.5.6.post2"" --forward-model op_level --max-workers 8",,220,55,PERF_DATA_MISSING=220,,26dae1f99b2b50fb17118f38d8a8e95dfac3357c
moonshotai/Kimi-K3,KimiK3ForConditionalGeneration,h100_sxm,sglang,0.5.9,FAIL,"Strict-native op-level FPE probes: PERF_DATA_MISSING=220; raw probes=220; topologies=55; source_sha=26dae1f99b2b50fb17118f38d8a8e95dfac3357c. Representative failure: perf database error: MoE data missing for MoeKey { quant: ""w4a16_mxfp4"", distribution: ""uniform"", topk: 16, num_experts: 896, hidden_size: 3584, inter_size: 3072, moe_tp_size: 1, moe_ep_size: 1 } at <repo>/python/aisimulate/src/aiconfigurator_core/systems/data/h100_sxm/sglang/0.5.9","python python/aisimulate/tools/support_matrix/generate_fpe_support_matrix.py --model ""moonshotai/Kimi-K3"" --system ""h100_sxm"" --backend ""sglang"" --backend-version ""0.5.9"" --forward-model op_level --max-workers 8",,220,55,PERF_DATA_MISSING=220,,26dae1f99b2b50fb17118f38d8a8e95dfac3357c
moonshotai/Kimi-K3,KimiK3ForConditionalGeneration,h100_sxm,trtllm,1.2.0rc5,FAIL,"Strict-native op-level FPE probes: PERF_DATA_MISSING=116; raw probes=116; topologies=29; source_sha=26dae1f99b2b50fb17118f38d8a8e95dfac3357c. Representative failure: perf database error: MoE data missing for MoeKey { quant: ""w4a16_mxfp4"", distribution: ""power_law_1.01"", topk: 16, num_experts: 896, hidden_size: 3584, inter_size: 3072, moe_tp_size: 1, moe_ep_size: 1 } at <repo>/python/aisimulate/src/aiconfigurator_core/systems/data/h100_sxm/trtllm/1.2.0rc5","python python/aisimulate/tools/support_matrix/generate_fpe_support_matrix.py --model ""moonshotai/Kimi-K3"" --system ""h100_sxm"" --backend ""trtllm"" --backend-version ""1.2.0rc5"" --forward-model op_level --max-workers 8",,116,29,PERF_DATA_MISSING=116,,26dae1f99b2b50fb17118f38d8a8e95dfac3357c
moonshotai/Kimi-K3,KimiK3ForConditionalGeneration,h100_sxm,trtllm,1.3.0rc10,FAIL,"Strict-native op-level FPE probes: PERF_DATA_MISSING=116; raw probes=116; topologies=29; source_sha=26dae1f99b2b50fb17118f38d8a8e95dfac3357c. Representative failure: perf database error: MoE data missing for MoeKey { quant: ""w4a16_mxfp4"", distribution: ""power_law_1.01"", topk: 16, num_experts: 896, hidden_size: 3584, inter_size: 3072, moe_tp_size: 1, moe_ep_size: 1 } at <repo>/python/aisimulate/src/aiconfigurator_core/systems/data/h100_sxm/trtllm/1.3.0rc10","python python/aisimulate/tools/support_matrix/generate_fpe_support_matrix.py --model ""moonshotai/Kimi-K3"" --system ""h100_sxm"" --backend ""trtllm"" --backend-version ""1.3.0rc10"" --forward-model op_level --max-workers 8",,116,29,PERF_DATA_MISSING=116,,26dae1f99b2b50fb17118f38d8a8e95dfac3357c
moonshotai/Kimi-K3,KimiK3ForConditionalGeneration,h100_sxm,trtllm,1.3.0rc15,FAIL,"Strict-native op-level FPE probes: PERF_DATA_MISSING=116; raw probes=116; topologies=29; source_sha=26dae1f99b2b50fb17118f38d8a8e95dfac3357c. Representative failure: perf database error: MoE data missing for MoeKey { quant: ""w4a16_mxfp4"", distribution: ""power_law_1.01"", topk: 16, num_experts: 896, hidden_size: 3584, inter_size: 3072, moe_tp_size: 1, moe_ep_size: 1 } at <repo>/python/aisimulate/src/aiconfigurator_core/systems/data/h100_sxm/trtllm/1.3.0rc15","python python/aisimulate/tools/support_matrix/generate_fpe_support_matrix.py --model ""moonshotai/Kimi-K3"" --system ""h100_sxm"" --backend ""trtllm"" --backend-version ""1.3.0rc15"" --forward-model op_level --max-workers 8",,116,29,PERF_DATA_MISSING=116,,26dae1f99b2b50fb17118f38d8a8e95dfac3357c
moonshotai/Kimi-K3,KimiK3ForConditionalGeneration,h100_sxm,trtllm,1.3.0rc20,FAIL,"Strict-native op-level FPE probes: PERF_DATA_MISSING=116; raw probes=116; topologies=29; source_sha=26dae1f99b2b50fb17118f38d8a8e95dfac3357c. Representative failure: perf database error: MoE data missing for MoeKey { quant: ""w4a16_mxfp4"", distribution: ""power_law_1.01"", topk: 16, num_experts: 896, hidden_size: 3584, inter_size: 3072, moe_tp_size: 1, moe_ep_size: 1 } at <repo>/python/aisimulate/src/aiconfigurator_core/systems/data/h100_sxm/trtllm/1.3.0rc20","python python/aisimulate/tools/support_matrix/generate_fpe_support_matrix.py --model ""moonshotai/Kimi-K3"" --system ""h100_sxm"" --backend ""trtllm"" --backend-version ""1.3.0rc20"" --forward-model op_level --max-workers 8",,116,29,PERF_DATA_MISSING=116,,26dae1f99b2b50fb17118f38d8a8e95dfac3357c
moonshotai/Kimi-K3,KimiK3ForConditionalGeneration,h100_sxm,trtllm,1.3.0rc23,FAIL,"Strict-native op-level FPE probes: PERF_DATA_MISSING=116; raw probes=116; topologies=29; source_sha=26dae1f99b2b50fb17118f38d8a8e95dfac3357c. Representative failure: perf database error: MoE data missing for MoeKey { quant: ""w4a16_mxfp4"", distribution: ""power_law_1.01"", topk: 16, num_experts: 896, hidden_size: 3584, inter_size: 3072, moe_tp_size: 1, moe_ep_size: 1 } at <repo>/python/aisimulate/src/aiconfigurator_core/systems/data/h100_sxm/trtllm/1.3.0rc23","python python/aisimulate/tools/support_matrix/generate_fpe_support_matrix.py --model ""moonshotai/Kimi-K3"" --system ""h100_sxm"" --backend ""trtllm"" --backend-version ""1.3.0rc23"" --forward-model op_level --max-workers 8",,116,29,PERF_DATA_MISSING=116,,26dae1f99b2b50fb17118f38d8a8e95dfac3357c
moonshotai/Kimi-K3,KimiK3ForConditionalGeneration,h100_sxm,vllm,0.1.dev19262,FAIL,Strict-native op-level FPE probes: PERF_DATA_MISSING=116; raw probes=116; topologies=29; source_sha=26dae1f99b2b50fb17118f38d8a8e95dfac3357c. Representative failure: perf database error: perf database error: no GEMM rows loaded from 1 source(s) (first: <repo>/python/aisimulate/src/aiconfigurator_core/systems/data/h100_sxm/vllm/0.1.dev19262/gemm_perf.parquet),"python python/aisimulate/tools/support_matrix/generate_fpe_support_matrix.py --model ""moonshotai/Kimi-K3"" --system ""h100_sxm"" --backend ""vllm"" --backend-version ""0.1.dev19262"" --forward-model op_level --max-workers 8",,116,29,PERF_DATA_MISSING=116,,26dae1f99b2b50fb17118f38d8a8e95dfac3357c
moonshotai/Kimi-K3,KimiK3ForConditionalGeneration,h100_sxm,vllm,0.14.0,FAIL,"Strict-native op-level FPE probes: PERF_DATA_MISSING=116; raw probes=116; topologies=29; source_sha=26dae1f99b2b50fb17118f38d8a8e95dfac3357c. Representative failure: perf database error: MoE data missing for MoeKey { quant: ""w4a16_mxfp4"", distribution: ""uniform"", topk: 16, num_experts: 896, hidden_size: 3584, inter_size: 3072, moe_tp_size: 1, moe_ep_size: 1 } at <repo>/python/aisimulate/src/aiconfigurator_core/systems/data/h100_sxm/vllm/0.14.0","python python/aisimulate/tools/support_matrix/generate_fpe_support_matrix.py --model ""moonshotai/Kimi-K3"" --system ""h100_sxm"" --backend ""vllm"" --backend-version ""0.14.0"" --forward-model op_level --max-workers 8",,116,29,PERF_DATA_MISSING=116,,26dae1f99b2b50fb17118f38d8a8e95dfac3357c
moonshotai/Kimi-K3,KimiK3ForConditionalGeneration,h100_sxm,vllm,0.19.0,FAIL,"Strict-native op-level FPE probes: PERF_DATA_MISSING=116; raw probes=116; topologies=29; source_sha=26dae1f99b2b50fb17118f38d8a8e95dfac3357c. Representative failure: perf database error: MoE data missing for MoeKey { quant: ""w4a16_mxfp4"", distribution: ""uniform"", topk: 16, num_experts: 896, hidden_size: 3584, inter_size: 3072, moe_tp_size: 1, moe_ep_size: 1 } at <repo>/python/aisimulate/src/aiconfigurator_core/systems/data/h100_sxm/vllm/0.19.0","python python/aisimulate/tools/support_matrix/generate_fpe_support_matrix.py --model ""moonshotai/Kimi-K3"" --system ""h100_sxm"" --backend ""vllm"" --backend-version ""0.19.0"" --forward-model op_level --max-workers 8",,116,29,PERF_DATA_MISSING=116,,26dae1f99b2b50fb17118f38d8a8e95dfac3357c
moonshotai/Kimi-K3,KimiK3ForConditionalGeneration,h100_sxm,vllm,0.22.0,PASS,,"python python/aisimulate/tools/support_matrix/generate_fpe_support_matrix.py --model ""moonshotai/Kimi-K3"" --system ""h100_sxm"" --backend ""vllm"" --backend-version ""0.22.0"" --forward-model op_level --max-workers 8",silicon,116,29,PASS=116,"decode_end=33388.675643, decode_start=130.788109, mixed=505.544084, prefill=491.117971",26dae1f99b2b50fb17118f38d8a8e95dfac3357c
moonshotai/Kimi-K3,KimiK3ForConditionalGeneration,h100_sxm,vllm,0.24.0,PASS,,"python python/aisimulate/tools/support_matrix/generate_fpe_support_matrix.py --model ""moonshotai/Kimi-K3"" --system ""h100_sxm"" --backend ""vllm"" --backend-version ""0.24.0"" --forward-model op_level --max-workers 8",silicon,116,29,PASS=116,"decode_end=33388.675643, decode_start=130.788109, mixed=505.544084, prefill=491.117971",26dae1f99b2b50fb17118f38d8a8e95dfac3357c
nvidia/DeepSeek-V3.1-NVFP4,DeepseekV3ForCausalLM,h100_sxm,sglang,0.5.10,FAIL,"Strict-native op-level FPE probes: PERF_DATA_MISSING=220, SDK_UNREPRESENTABLE=320; raw probes=540; topologies=135; source_sha=26dae1f99b2b50fb17118f38d8a8e95dfac3357c. Representative failure: perf database error: GEMM perf data missing for quant 'nvfp4_wo' at <repo>/python/aisimulate/src/aiconfigurator_core/systems/data/h100_sxm/sglang/0.5.10; available: [""bfloat16"", ""fp8"", ""fp8_block"", ""int8_wo""]","python python/aisimulate/tools/support_matrix/generate_fpe_support_matrix.py --model ""nvidia/DeepSeek-V3.1-NVFP4"" --system ""h100_sxm"" --backend ""sglang"" --backend-version ""0.5.10"" --forward-model op_level --max-workers 8",,540,135,"PERF_DATA_MISSING=220, SDK_UNREPRESENTABLE=320",,26dae1f99b2b50fb17118f38d8a8e95dfac3357c
nvidia/DeepSeek-V3.1-NVFP4,DeepseekV3ForCausalLM,h100_sxm,sglang,0.5.12,FAIL,"Strict-native op-level FPE probes: PERF_DATA_MISSING=220, SDK_UNREPRESENTABLE=320; raw probes=540; topologies=135; source_sha=26dae1f99b2b50fb17118f38d8a8e95dfac3357c. Representative failure: perf database error: GEMM perf data missing for quant 'nvfp4_wo' at <repo>/python/aisimulate/src/aiconfigurator_core/systems/data/h100_sxm/sglang/0.5.12; available: [""bfloat16"", ""fp8"", ""fp8_block"", ""int8_wo""]","python python/aisimulate/tools/support_matrix/generate_fpe_support_matrix.py --model ""nvidia/DeepSeek-V3.1-NVFP4"" --system ""h100_sxm"" --backend ""sglang"" --backend-version ""0.5.12"" --forward-model op_level --max-workers 8",,540,135,"PERF_DATA_MISSING=220, SDK_UNREPRESENTABLE=320",,26dae1f99b2b50fb17118f38d8a8e95dfac3357c
nvidia/DeepSeek-V3.1-NVFP4,DeepseekV3ForCausalLM,h100_sxm,sglang,0.5.14,FAIL,"Strict-native op-level FPE probes: PERF_DATA_MISSING=220, SDK_UNREPRESENTABLE=320; raw probes=540; topologies=135; source_sha=26dae1f99b2b50fb17118f38d8a8e95dfac3357c. Representative failure: perf database error: GEMM perf data missing for quant 'nvfp4_wo' at <repo>/python/aisimulate/src/aiconfigurator_core/systems/data/h100_sxm/sglang/0.5.14; available: [""bfloat16"", ""fp8"", ""fp8_block"", ""int8_wo""]","python python/aisimulate/tools/support_matrix/generate_fpe_support_matrix.py --model ""nvidia/DeepSeek-V3.1-NVFP4"" --system ""h100_sxm"" --backend ""sglang"" --backend-version ""0.5.14"" --forward-model op_level --max-workers 8",,540,135,"PERF_DATA_MISSING=220, SDK_UNREPRESENTABLE=320",,26dae1f99b2b50fb17118f38d8a8e95dfac3357c
nvidia/DeepSeek-V3.1-NVFP4,DeepseekV3ForCausalLM,h100_sxm,sglang,0.5.16,FAIL,"Strict-native op-level FPE probes: PERF_DATA_MISSING=220, SDK_UNREPRESENTABLE=320; raw probes=540; topologies=135; source_sha=26dae1f99b2b50fb17118f38d8a8e95dfac3357c. Representative failure: perf database error: GEMM perf data missing for quant 'nvfp4_wo' at <repo>/python/aisimulate/src/aiconfigurator_core/systems/data/h100_sxm/sglang/0.5.16; available: [""bfloat16"", ""fp8"", ""fp8_block"", ""int8_wo""]","python python/aisimulate/tools/support_matrix/generate_fpe_support_matrix.py --model ""nvidia/DeepSeek-V3.1-NVFP4"" --system ""h100_sxm"" --backend ""sglang"" --backend-version ""0.5.16"" --forward-model op_level --max-workers 8",,540,135,"PERF_DATA_MISSING=220, SDK_UNREPRESENTABLE=320",,26dae1f99b2b50fb17118f38d8a8e95dfac3357c
nvidia/DeepSeek-V3.1-NVFP4,DeepseekV3ForCausalLM,h100_sxm,sglang,0.5.6.post2,FAIL,"Strict-native op-level FPE probes: PERF_DATA_MISSING=220, SDK_UNREPRESENTABLE=320; raw probes=540; topologies=135; source_sha=26dae1f99b2b50fb17118f38d8a8e95dfac3357c. Representative failure: perf database error: GEMM perf data missing for quant 'nvfp4_wo' at <repo>/python/aisimulate/src/aiconfigurator_core/systems/data/h100_sxm/sglang/0.5.6.post2; available: [""bfloat16"", ""fp8"", ""fp8_block"", ""int8_wo""]","python python/aisimulate/tools/support_matrix/generate_fpe_support_matrix.py --model ""nvidia/DeepSeek-V3.1-NVFP4"" --system ""h100_sxm"" --backend ""sglang"" --backend-version ""0.5.6.post2"" --forward-model op_level --max-workers 8",,540,135,"PERF_DATA_MISSING=220, SDK_UNREPRESENTABLE=320",,26dae1f99b2b50fb17118f38d8a8e95dfac3357c
nvidia/DeepSeek-V3.1-NVFP4,DeepseekV3ForCausalLM,h100_sxm,sglang,0.5.9,FAIL,"Strict-native op-level FPE probes: PERF_DATA_MISSING=220, SDK_UNREPRESENTABLE=320; raw probes=540; topologies=135; source_sha=26dae1f99b2b50fb17118f38d8a8e95dfac3357c. Representative failure: perf database error: GEMM perf data missing for quant 'nvfp4_wo' at <repo>/python/aisimulate/src/aiconfigurator_core/systems/data/h100_sxm/sglang/0.5.9; available: [""bfloat16"", ""fp8"", ""fp8_block"", ""int8_wo""]","python python/aisimulate/tools/support_matrix/generate_fpe_support_matrix.py --model ""nvidia/DeepSeek-V3.1-NVFP4"" --system ""h100_sxm"" --backend ""sglang"" --backend-version ""0.5.9"" --forward-model op_level --max-workers 8",,540,135,"PERF_DATA_MISSING=220, SDK_UNREPRESENTABLE=320",,26dae1f99b2b50fb17118f38d8a8e95dfac3357c
nvidia/DeepSeek-V3.1-NVFP4,DeepseekV3ForCausalLM,h100_sxm,trtllm,1.2.0rc5,FAIL,"Strict-native op-level FPE probes: PERF_DATA_MISSING=116; raw probes=116; topologies=29; source_sha=26dae1f99b2b50fb17118f38d8a8e95dfac3357c. Representative failure: perf database error: GEMM perf data missing for quant 'nvfp4_wo' at <repo>/python/aisimulate/src/aiconfigurator_core/systems/data/h100_sxm/trtllm/1.2.0rc5; available: [""bfloat16"", ""fp8"", ""fp8_block""]","python python/aisimulate/tools/support_matrix/generate_fpe_support_matrix.py --model ""nvidia/DeepSeek-V3.1-NVFP4"" --system ""h100_sxm"" --backend ""trtllm"" --backend-version ""1.2.0rc5"" --forward-model op_level --max-workers 8",,116,29,PERF_DATA_MISSING=116,,26dae1f99b2b50fb17118f38d8a8e95dfac3357c
nvidia/DeepSeek-V3.1-NVFP4,DeepseekV3ForCausalLM,h100_sxm,trtllm,1.3.0rc10,FAIL,"Strict-native op-level FPE probes: PERF_DATA_MISSING=116; raw probes=116; topologies=29; source_sha=26dae1f99b2b50fb17118f38d8a8e95dfac3357c. Representative failure: perf database error: GEMM perf data missing for quant 'nvfp4_wo' at <repo>/python/aisimulate/src/aiconfigurator_core/systems/data/h100_sxm/trtllm/1.3.0rc10; available: [""bfloat16"", ""fp8"", ""fp8_block""]","python python/aisimulate/tools/support_matrix/generate_fpe_support_matrix.py --model ""nvidia/DeepSeek-V3.1-NVFP4"" --system ""h100_sxm"" --backend ""trtllm"" --backend-version ""1.3.0rc10"" --forward-model op_level --max-workers 8",,116,29,PERF_DATA_MISSING=116,,26dae1f99b2b50fb17118f38d8a8e95dfac3357c
nvidia/DeepSeek-V3.1-NVFP4,DeepseekV3ForCausalLM,h100_sxm,trtllm,1.3.0rc15,FAIL,"Strict-native op-level FPE probes: PERF_DATA_MISSING=116; raw probes=116; topologies=29; source_sha=26dae1f99b2b50fb17118f38d8a8e95dfac3357c. Representative failure: perf database error: GEMM perf data missing for quant 'nvfp4_wo' at <repo>/python/aisimulate/src/aiconfigurator_core/systems/data/h100_sxm/trtllm/1.3.0rc15; available: [""bfloat16"", ""fp8"", ""fp8_block""]","python python/aisimulate/tools/support_matrix/generate_fpe_support_matrix.py --model ""nvidia/DeepSeek-V3.1-NVFP4"" --system ""h100_sxm"" --backend ""trtllm"" --backend-version ""1.3.0rc15"" --forward-model op_level --max-workers 8",,116,29,PERF_DATA_MISSING=116,,26dae1f99b2b50fb17118f38d8a8e95dfac3357c
nvidia/DeepSeek-V3.1-NVFP4,DeepseekV3ForCausalLM,h100_sxm,trtllm,1.3.0rc20,FAIL,"Strict-native op-level FPE probes: PERF_DATA_MISSING=116; raw probes=116; topologies=29; source_sha=26dae1f99b2b50fb17118f38d8a8e95dfac3357c. Representative failure: perf database error: GEMM perf data missing for quant 'nvfp4_wo' at <repo>/python/aisimulate/src/aiconfigurator_core/systems/data/h100_sxm/trtllm/1.3.0rc20; available: [""bfloat16"", ""fp8"", ""fp8_block""]","python python/aisimulate/tools/support_matrix/generate_fpe_support_matrix.py --model ""nvidia/DeepSeek-V3.1-NVFP4"" --system ""h100_sxm"" --backend ""trtllm"" --backend-version ""1.3.0rc20"" --forward-model op_level --max-workers 8",,116,29,PERF_DATA_MISSING=116,,26dae1f99b2b50fb17118f38d8a8e95dfac3357c
nvidia/DeepSeek-V3.1-NVFP4,DeepseekV3ForCausalLM,h100_sxm,trtllm,1.3.0rc23,FAIL,"Strict-native op-level FPE probes: PERF_DATA_MISSING=116; raw probes=116; topologies=29; source_sha=26dae1f99b2b50fb17118f38d8a8e95dfac3357c. Representative failure: perf database error: GEMM perf data missing for quant 'nvfp4_wo' at <repo>/python/aisimulate/src/aiconfigurator_core/systems/data/h100_sxm/trtllm/1.3.0rc23; available: [""bfloat16"", ""fp8"", ""fp8_block""]","python python/aisimulate/tools/support_matrix/generate_fpe_support_matrix.py --model ""nvidia/DeepSeek-V3.1-NVFP4"" --system ""h100_sxm"" --backend ""trtllm"" --backend-version ""1.3.0rc23"" --forward-model op_level --max-workers 8",,116,29,PERF_DATA_MISSING=116,,26dae1f99b2b50fb17118f38d8a8e95dfac3357c
nvidia/DeepSeek-V3.1-NVFP4,DeepseekV3ForCausalLM,h100_sxm,vllm,0.1.dev19262,FAIL,Strict-native op-level FPE probes: PERF_DATA_MISSING=116; raw probes=116; topologies=29; source_sha=26dae1f99b2b50fb17118f38d8a8e95dfac3357c. Representative failure: perf database error: perf database error: no GEMM rows loaded from 1 source(s) (first: <repo>/python/aisimulate/src/aiconfigurator_core/systems/data/h100_sxm/vllm/0.1.dev19262/gemm_perf.parquet),"python python/aisimulate/tools/support_matrix/generate_fpe_support_matrix.py --model ""nvidia/DeepSeek-V3.1-NVFP4"" --system ""h100_sxm"" --backend ""vllm"" --backend-version ""0.1.dev19262"" --forward-model op_level --max-workers 8",,116,29,PERF_DATA_MISSING=116,,26dae1f99b2b50fb17118f38d8a8e95dfac3357c
nvidia/DeepSeek-V3.1-NVFP4,DeepseekV3ForCausalLM,h100_sxm,vllm,0.14.0,FAIL,"Strict-native op-level FPE probes: PERF_DATA_MISSING=116; raw probes=116; topologies=29; source_sha=26dae1f99b2b50fb17118f38d8a8e95dfac3357c. Representative failure: perf database error: GEMM perf data missing for quant 'nvfp4_wo' at <repo>/python/aisimulate/src/aiconfigurator_core/systems/data/h100_sxm/vllm/0.14.0; available: [""bfloat16"", ""fp8"", ""fp8_block""]","python python/aisimulate/tools/support_matrix/generate_fpe_support_matrix.py --model ""nvidia/DeepSeek-V3.1-NVFP4"" --system ""h100_sxm"" --backend ""vllm"" --backend-version ""0.14.0"" --forward-model op_level --max-workers 8",,116,29,PERF_DATA_MISSING=116,,26dae1f99b2b50fb17118f38d8a8e95dfac3357c
nvidia/DeepSeek-V3.1-NVFP4,DeepseekV3ForCausalLM,h100_sxm,vllm,0.19.0,FAIL,"Strict-native op-level FPE probes: PERF_DATA_MISSING=116; raw probes=116; topologies=29; source_sha=26dae1f99b2b50fb17118f38d8a8e95dfac3357c. Representative failure: perf database error: GEMM perf data missing for quant 'nvfp4_wo' at <repo>/python/aisimulate/src/aiconfigurator_core/systems/data/h100_sxm/vllm/0.19.0; available: [""bfloat16"", ""fp8"", ""fp8_block""]","python python/aisimulate/tools/support_matrix/generate_fpe_support_matrix.py --model ""nvidia/DeepSeek-V3.1-NVFP4"" --system ""h100_sxm"" --backend ""vllm"" --backend-version ""0.19.0"" --forward-model op_level --max-workers 8",,116,29,PERF_DATA_MISSING=116,,26dae1f99b2b50fb17118f38d8a8e95dfac3357c
nvidia/DeepSeek-V3.1-NVFP4,DeepseekV3ForCausalLM,h100_sxm,vllm,0.22.0,FAIL,"Strict-native op-level FPE probes: PERF_DATA_MISSING=116; raw probes=116; topologies=29; source_sha=26dae1f99b2b50fb17118f38d8a8e95dfac3357c. Representative failure: perf database error: GEMM perf data missing for quant 'nvfp4_wo' at <repo>/python/aisimulate/src/aiconfigurator_core/systems/data/h100_sxm/vllm/0.22.0; available: [""bfloat16"", ""fp8"", ""fp8_block""]","python python/aisimulate/tools/support_matrix/generate_fpe_support_matrix.py --model ""nvidia/DeepSeek-V3.1-NVFP4"" --system ""h100_sxm"" --backend ""vllm"" --backend-version ""0.22.0"" --forward-model op_level --max-workers 8",,116,29,PERF_DATA_MISSING=116,,26dae1f99b2b50fb17118f38d8a8e95dfac3357c
nvidia/DeepSeek-V3.1-NVFP4,DeepseekV3ForCausalLM,h100_sxm,vllm,0.24.0,FAIL,"Strict-native op-level FPE probes: PERF_DATA_MISSING=116; raw probes=116; topologies=29; source_sha=26dae1f99b2b50fb17118f38d8a8e95dfac3357c. Representative failure: perf database error: GEMM perf data missing for quant 'nvfp4_wo' at <repo>/python/aisimulate/src/aiconfigurator_core/systems/data/h100_sxm/vllm/0.24.0; available: [""bfloat16"", ""fp8"", ""fp8_block""]","python python/aisimulate/tools/support_matrix/generate_fpe_support_matrix.py --model ""nvidia/DeepSeek-V3.1-NVFP4"" --system ""h100_sxm"" --backend ""vllm"" --backend-version ""0.24.0"" --forward-model op_level --max-workers 8",,116,29,PERF_DATA_MISSING=116,,26dae1f99b2b50fb17118f38d8a8e95dfac3357c
nvidia/DeepSeek-V3.2-NVFP4,DeepseekV32ForCausalLM,h100_sxm,sglang,0.5.10,FAIL,"Strict-native op-level FPE probes: PERF_DATA_MISSING=220, SDK_UNREPRESENTABLE=320; raw probes=540; topologies=135; source_sha=26dae1f99b2b50fb17118f38d8a8e95dfac3357c. Representative failure: perf database error: GEMM perf data missing for quant 'nvfp4_wo' at <repo>/python/aisimulate/src/aiconfigurator_core/systems/data/h100_sxm/sglang/0.5.10; available: [""bfloat16"", ""fp8"", ""fp8_block"", ""int8_wo""]","python python/aisimulate/tools/support_matrix/generate_fpe_support_matrix.py --model ""nvidia/DeepSeek-V3.2-NVFP4"" --system ""h100_sxm"" --backend ""sglang"" --backend-version ""0.5.10"" --forward-model op_level --max-workers 8",,540,135,"PERF_DATA_MISSING=220, SDK_UNREPRESENTABLE=320",,26dae1f99b2b50fb17118f38d8a8e95dfac3357c
nvidia/DeepSeek-V3.2-NVFP4,DeepseekV32ForCausalLM,h100_sxm,sglang,0.5.12,FAIL,"Strict-native op-level FPE probes: PERF_DATA_MISSING=220, SDK_UNREPRESENTABLE=320; raw probes=540; topologies=135; source_sha=26dae1f99b2b50fb17118f38d8a8e95dfac3357c. Representative failure: perf database error: GEMM perf data missing for quant 'nvfp4_wo' at <repo>/python/aisimulate/src/aiconfigurator_core/systems/data/h100_sxm/sglang/0.5.12; available: [""bfloat16"", ""fp8"", ""fp8_block"", ""int8_wo""]","python python/aisimulate/tools/support_matrix/generate_fpe_support_matrix.py --model ""nvidia/DeepSeek-V3.2-NVFP4"" --system ""h100_sxm"" --backend ""sglang"" --backend-version ""0.5.12"" --forward-model op_level --max-workers 8",,540,135,"PERF_DATA_MISSING=220, SDK_UNREPRESENTABLE=320",,26dae1f99b2b50fb17118f38d8a8e95dfac3357c
nvidia/DeepSeek-V3.2-NVFP4,DeepseekV32ForCausalLM,h100_sxm,sglang,0.5.14,FAIL,"Strict-native op-level FPE probes: PERF_DATA_MISSING=220, SDK_UNREPRESENTABLE=320; raw probes=540; topologies=135; source_sha=26dae1f99b2b50fb17118f38d8a8e95dfac3357c. Representative failure: perf database error: GEMM perf data missing for quant 'nvfp4_wo' at <repo>/python/aisimulate/src/aiconfigurator_core/systems/data/h100_sxm/sglang/0.5.14; available: [""bfloat16"", ""fp8"", ""fp8_block"", ""int8_wo""]","python python/aisimulate/tools/support_matrix/generate_fpe_support_matrix.py --model ""nvidia/DeepSeek-V3.2-NVFP4"" --system ""h100_sxm"" --backend ""sglang"" --backend-version ""0.5.14"" --forward-model op_level --max-workers 8",,540,135,"PERF_DATA_MISSING=220, SDK_UNREPRESENTABLE=320",,26dae1f99b2b50fb17118f38d8a8e95dfac3357c
nvidia/DeepSeek-V3.2-NVFP4,DeepseekV32ForCausalLM,h100_sxm,sglang,0.5.16,FAIL,"Strict-native op-level FPE probes: PERF_DATA_MISSING=220, SDK_UNREPRESENTABLE=320; raw probes=540; topologies=135; source_sha=26dae1f99b2b50fb17118f38d8a8e95dfac3357c. Representative failure: perf database error: GEMM perf data missing for quant 'nvfp4_wo' at <repo>/python/aisimulate/src/aiconfigurator_core/systems/data/h100_sxm/sglang/0.5.16; available: [""bfloat16"", ""fp8"", ""fp8_block"", ""int8_wo""]","python python/aisimulate/tools/support_matrix/generate_fpe_support_matrix.py --model ""nvidia/DeepSeek-V3.2-NVFP4"" --system ""h100_sxm"" --backend ""sglang"" --backend-version ""0.5.16"" --forward-model op_level --max-workers 8",,540,135,"PERF_DATA_MISSING=220, SDK_UNREPRESENTABLE=320",,26dae1f99b2b50fb17118f38d8a8e95dfac3357c
nvidia/DeepSeek-V3.2-NVFP4,DeepseekV32ForCausalLM,h100_sxm,sglang,0.5.6.post2,FAIL,"Strict-native op-level FPE probes: PERF_DATA_MISSING=220, SDK_UNREPRESENTABLE=320; raw probes=540; topologies=135; source_sha=26dae1f99b2b50fb17118f38d8a8e95dfac3357c. Representative failure: perf database error: GEMM perf data missing for quant 'nvfp4_wo' at <repo>/python/aisimulate/src/aiconfigurator_core/systems/data/h100_sxm/sglang/0.5.6.post2; available: [""bfloat16"", ""fp8"", ""fp8_block"", ""int8_wo""]","python python/aisimulate/tools/support_matrix/generate_fpe_support_matrix.py --model ""nvidia/DeepSeek-V3.2-NVFP4"" --system ""h100_sxm"" --backend ""sglang"" --backend-version ""0.5.6.post2"" --forward-model op_level --max-workers 8",,540,135,"PERF_DATA_MISSING=220, SDK_UNREPRESENTABLE=320",,26dae1f99b2b50fb17118f38d8a8e95dfac3357c
nvidia/DeepSeek-V3.2-NVFP4,DeepseekV32ForCausalLM,h100_sxm,sglang,0.5.9,FAIL,"Strict-native op-level FPE probes: PERF_DATA_MISSING=220, SDK_UNREPRESENTABLE=320; raw probes=540; topologies=135; source_sha=26dae1f99b2b50fb17118f38d8a8e95dfac3357c. Representative failure: perf database error: GEMM perf data missing for quant 'nvfp4_wo' at <repo>/python/aisimulate/src/aiconfigurator_core/systems/data/h100_sxm/sglang/0.5.9; available: [""bfloat16"", ""fp8"", ""fp8_block"", ""int8_wo""]","python python/aisimulate/tools/support_matrix/generate_fpe_support_matrix.py --model ""nvidia/DeepSeek-V3.2-NVFP4"" --system ""h100_sxm"" --backend ""sglang"" --backend-version ""0.5.9"" --forward-model op_level --max-workers 8",,540,135,"PERF_DATA_MISSING=220, SDK_UNREPRESENTABLE=320",,26dae1f99b2b50fb17118f38d8a8e95dfac3357c
nvidia/DeepSeek-V3.2-NVFP4,DeepseekV32ForCausalLM,h100_sxm,trtllm,1.2.0rc5,FAIL,"Strict-native op-level FPE probes: PERF_DATA_MISSING=116; raw probes=116; topologies=29; source_sha=26dae1f99b2b50fb17118f38d8a8e95dfac3357c. Representative failure: perf database error: GEMM perf data missing for quant 'nvfp4_wo' at <repo>/python/aisimulate/src/aiconfigurator_core/systems/data/h100_sxm/trtllm/1.2.0rc5; available: [""bfloat16"", ""fp8"", ""fp8_block""]","python python/aisimulate/tools/support_matrix/generate_fpe_support_matrix.py --model ""nvidia/DeepSeek-V3.2-NVFP4"" --system ""h100_sxm"" --backend ""trtllm"" --backend-version ""1.2.0rc5"" --forward-model op_level --max-workers 8",,116,29,PERF_DATA_MISSING=116,,26dae1f99b2b50fb17118f38d8a8e95dfac3357c
nvidia/DeepSeek-V3.2-NVFP4,DeepseekV32ForCausalLM,h100_sxm,trtllm,1.3.0rc10,FAIL,"Strict-native op-level FPE probes: PERF_DATA_MISSING=116; raw probes=116; topologies=29; source_sha=26dae1f99b2b50fb17118f38d8a8e95dfac3357c. Representative failure: perf database error: GEMM perf data missing for quant 'nvfp4_wo' at <repo>/python/aisimulate/src/aiconfigurator_core/systems/data/h100_sxm/trtllm/1.3.0rc10; available: [""bfloat16"", ""fp8"", ""fp8_block""]","python python/aisimulate/tools/support_matrix/generate_fpe_support_matrix.py --model ""nvidia/DeepSeek-V3.2-NVFP4"" --system ""h100_sxm"" --backend ""trtllm"" --backend-version ""1.3.0rc10"" --forward-model op_level --max-workers 8",,116,29,PERF_DATA_MISSING=116,,26dae1f99b2b50fb17118f38d8a8e95dfac3357c
nvidia/DeepSeek-V3.2-NVFP4,DeepseekV32ForCausalLM,h100_sxm,trtllm,1.3.0rc15,FAIL,"Strict-native op-level FPE probes: PERF_DATA_MISSING=116; raw probes=116; topologies=29; source_sha=26dae1f99b2b50fb17118f38d8a8e95dfac3357c. Representative failure: perf database error: GEMM perf data missing for quant 'nvfp4_wo' at <repo>/python/aisimulate/src/aiconfigurator_core/systems/data/h100_sxm/trtllm/1.3.0rc15; available: [""bfloat16"", ""fp8"", ""fp8_block""]","python python/aisimulate/tools/support_matrix/generate_fpe_support_matrix.py --model ""nvidia/DeepSeek-V3.2-NVFP4"" --system ""h100_sxm"" --backend ""trtllm"" --backend-version ""1.3.0rc15"" --forward-model op_level --max-workers 8",,116,29,PERF_DATA_MISSING=116,,26dae1f99b2b50fb17118f38d8a8e95dfac3357c
nvidia/DeepSeek-V3.2-NVFP4,DeepseekV32ForCausalLM,h100_sxm,trtllm,1.3.0rc20,FAIL,"Strict-native op-level FPE probes: PERF_DATA_MISSING=116; raw probes=116; topologies=29; source_sha=26dae1f99b2b50fb17118f38d8a8e95dfac3357c. Representative failure: perf database error: GEMM perf data missing for quant 'nvfp4_wo' at <repo>/python/aisimulate/src/aiconfigurator_core/systems/data/h100_sxm/trtllm/1.3.0rc20; available: [""bfloat16"", ""fp8"", ""fp8_block""]","python python/aisimulate/tools/support_matrix/generate_fpe_support_matrix.py --model ""nvidia/DeepSeek-V3.2-NVFP4"" --system ""h100_sxm"" --backend ""trtllm"" --backend-version ""1.3.0rc20"" --forward-model op_level --max-workers 8",,116,29,PERF_DATA_MISSING=116,,26dae1f99b2b50fb17118f38d8a8e95dfac3357c
nvidia/DeepSeek-V3.2-NVFP4,DeepseekV32ForCausalLM,h100_sxm,trtllm,1.3.0rc23,FAIL,"Strict-native op-level FPE probes: PERF_DATA_MISSING=116; raw probes=116; topologies=29; source_sha=26dae1f99b2b50fb17118f38d8a8e95dfac3357c. Representative failure: perf database error: GEMM perf data missing for quant 'nvfp4_wo' at <repo>/python/aisimulate/src/aiconfigurator_core/systems/data/h100_sxm/trtllm/1.3.0rc23; available: [""bfloat16"", ""fp8"", ""fp8_block""]","python python/aisimulate/tools/support_matrix/generate_fpe_support_matrix.py --model ""nvidia/DeepSeek-V3.2-NVFP4"" --system ""h100_sxm"" --backend ""trtllm"" --backend-version ""1.3.0rc23"" --forward-model op_level --max-workers 8",,116,29,PERF_DATA_MISSING=116,,26dae1f99b2b50fb17118f38d8a8e95dfac3357c
nvidia/DeepSeek-V3.2-NVFP4,DeepseekV32ForCausalLM,h100_sxm,vllm,0.1.dev19262,FAIL,"Strict-native op-level FPE probes: PERF_DATA_MISSING=116; raw probes=116; topologies=29; source_sha=26dae1f99b2b50fb17118f38d8a8e95dfac3357c. Representative failure: perf database error: context DSA module data missing for DsaKey { architecture: ""DeepseekV32ForCausalLM"", fmha_quant: ""fp8"", kv_quant: ""fp8"", gemm_quant: ""nvfp4_wo"" }","python python/aisimulate/tools/support_matrix/generate_fpe_support_matrix.py --model ""nvidia/DeepSeek-V3.2-NVFP4"" --system ""h100_sxm"" --backend ""vllm"" --backend-version ""0.1.dev19262"" --forward-model op_level --max-workers 8",,116,29,PERF_DATA_MISSING=116,,26dae1f99b2b50fb17118f38d8a8e95dfac3357c
nvidia/DeepSeek-V3.2-NVFP4,DeepseekV32ForCausalLM,h100_sxm,vllm,0.14.0,FAIL,"Strict-native op-level FPE probes: PERF_DATA_MISSING=116; raw probes=116; topologies=29; source_sha=26dae1f99b2b50fb17118f38d8a8e95dfac3357c. Representative failure: perf database error: GEMM perf data missing for quant 'nvfp4_wo' at <repo>/python/aisimulate/src/aiconfigurator_core/systems/data/h100_sxm/vllm/0.14.0; available: [""bfloat16"", ""fp8"", ""fp8_block""]","python python/aisimulate/tools/support_matrix/generate_fpe_support_matrix.py --model ""nvidia/DeepSeek-V3.2-NVFP4"" --system ""h100_sxm"" --backend ""vllm"" --backend-version ""0.14.0"" --forward-model op_level --max-workers 8",,116,29,PERF_DATA_MISSING=116,,26dae1f99b2b50fb17118f38d8a8e95dfac3357c
nvidia/DeepSeek-V3.2-NVFP4,DeepseekV32ForCausalLM,h100_sxm,vllm,0.19.0,FAIL,"Strict-native op-level FPE probes: PERF_DATA_MISSING=116; raw probes=116; topologies=29; source_sha=26dae1f99b2b50fb17118f38d8a8e95dfac3357c. Representative failure: perf database error: GEMM perf data missing for quant 'nvfp4_wo' at <repo>/python/aisimulate/src/aiconfigurator_core/systems/data/h100_sxm/vllm/0.19.0; available: [""bfloat16"", ""fp8"", ""fp8_block""]","python python/aisimulate/tools/support_matrix/generate_fpe_support_matrix.py --model ""nvidia/DeepSeek-V3.2-NVFP4"" --system ""h100_sxm"" --backend ""vllm"" --backend-version ""0.19.0"" --forward-model op_level --max-workers 8",,116,29,PERF_DATA_MISSING=116,,26dae1f99b2b50fb17118f38d8a8e95dfac3357c
nvidia/DeepSeek-V3.2-NVFP4,DeepseekV32ForCausalLM,h100_sxm,vllm,0.22.0,FAIL,"Strict-native op-level FPE probes: PERF_DATA_MISSING=116; raw probes=116; topologies=29; source_sha=26dae1f99b2b50fb17118f38d8a8e95dfac3357c. Representative failure: perf database error: GEMM perf data missing for quant 'nvfp4_wo' at <repo>/python/aisimulate/src/aiconfigurator_core/systems/data/h100_sxm/vllm/0.22.0; available: [""bfloat16"", ""fp8"", ""fp8_block""]","python python/aisimulate/tools/support_matrix/generate_fpe_support_matrix.py --model ""nvidia/DeepSeek-V3.2-NVFP4"" --system ""h100_sxm"" --backend ""vllm"" --backend-version ""0.22.0"" --forward-model op_level --max-workers 8",,116,29,PERF_DATA_MISSING=116,,26dae1f99b2b50fb17118f38d8a8e95dfac3357c
nvidia/DeepSeek-V3.2-NVFP4,DeepseekV32ForCausalLM,h100_sxm,vllm,0.24.0,FAIL,"Strict-native op-level FPE probes: PERF_DATA_MISSING=116; raw probes=116; topologies=29; source_sha=26dae1f99b2b50fb17118f38d8a8e95dfac3357c. Representative failure: perf database error: GEMM perf data missing for quant 'nvfp4_wo' at <repo>/python/aisimulate/src/aiconfigurator_core/systems/data/h100_sxm/vllm/0.24.0; available: [""bfloat16"", ""fp8"", ""fp8_block""]","python python/aisimulate/tools/support_matrix/generate_fpe_support_matrix.py --model ""nvidia/DeepSeek-V3.2-NVFP4"" --system ""h100_sxm"" --backend ""vllm"" --backend-version ""0.24.0"" --forward-model op_level --max-workers 8",,116,29,PERF_DATA_MISSING=116,,26dae1f99b2b50fb17118f38d8a8e95dfac3357c
nvidia/DeepSeek-V4-Flash-NVFP4,DeepseekV4ForCausalLM,h100_sxm,sglang,0.5.10,HW_INCOMPATIBLE,Strict-native op-level FPE probes: HW_INCOMPATIBLE=4; raw probes=4; topologies=1; source_sha=26dae1f99b2b50fb17118f38d8a8e95dfac3357c. Representative failure: ValueError: nvidia/DeepSeek-V4-Flash-NVFP4 uses native FP4 routed-expert weights and is not supported on Hopper systems. Use sgl-project/DeepSeek-V4-Flash-FP8 instead.,"python python/aisimulate/tools/support_matrix/generate_fpe_support_matrix.py --model ""nvidia/DeepSeek-V4-Flash-NVFP4"" --system ""h100_sxm"" --backend ""sglang"" --backend-version ""0.5.10"" --forward-model op_level --max-workers 8",,4,1,HW_INCOMPATIBLE=4,,26dae1f99b2b50fb17118f38d8a8e95dfac3357c
nvidia/DeepSeek-V4-Flash-NVFP4,DeepseekV4ForCausalLM,h100_sxm,sglang,0.5.12,HW_INCOMPATIBLE,Strict-native op-level FPE probes: HW_INCOMPATIBLE=4; raw probes=4; topologies=1; source_sha=26dae1f99b2b50fb17118f38d8a8e95dfac3357c. Representative failure: ValueError: nvidia/DeepSeek-V4-Flash-NVFP4 uses native FP4 routed-expert weights and is not supported on Hopper systems. Use sgl-project/DeepSeek-V4-Flash-FP8 instead.,"python python/aisimulate/tools/support_matrix/generate_fpe_support_matrix.py --model ""nvidia/DeepSeek-V4-Flash-NVFP4"" --system ""h100_sxm"" --backend ""sglang"" --backend-version ""0.5.12"" --forward-model op_level --max-workers 8",,4,1,HW_INCOMPATIBLE=4,,26dae1f99b2b50fb17118f38d8a8e95dfac3357c
nvidia/DeepSeek-V4-Flash-NVFP4,DeepseekV4ForCausalLM,h100_sxm,sglang,0.5.14,HW_INCOMPATIBLE,Strict-native op-level FPE probes: HW_INCOMPATIBLE=4; raw probes=4; topologies=1; source_sha=26dae1f99b2b50fb17118f38d8a8e95dfac3357c. Representative failure: ValueError: nvidia/DeepSeek-V4-Flash-NVFP4 uses native FP4 routed-expert weights and is not supported on Hopper systems. Use sgl-project/DeepSeek-V4-Flash-FP8 instead.,"python python/aisimulate/tools/support_matrix/generate_fpe_support_matrix.py --model ""nvidia/DeepSeek-V4-Flash-NVFP4"" --system ""h100_sxm"" --backend ""sglang"" --backend-version ""0.5.14"" --forward-model op_level --max-workers 8",,4,1,HW_INCOMPATIBLE=4,,26dae1f99b2b50fb17118f38d8a8e95dfac3357c
nvidia/DeepSeek-V4-Flash-NVFP4,DeepseekV4ForCausalLM,h100_sxm,sglang,0.5.16,HW_INCOMPATIBLE,Strict-native op-level FPE probes: HW_INCOMPATIBLE=4; raw probes=4; topologies=1; source_sha=26dae1f99b2b50fb17118f38d8a8e95dfac3357c. Representative failure: ValueError: nvidia/DeepSeek-V4-Flash-NVFP4 uses native FP4 routed-expert weights and is not supported on Hopper systems. Use sgl-project/DeepSeek-V4-Flash-FP8 instead.,"python python/aisimulate/tools/support_matrix/generate_fpe_support_matrix.py --model ""nvidia/DeepSeek-V4-Flash-NVFP4"" --system ""h100_sxm"" --backend ""sglang"" --backend-version ""0.5.16"" --forward-model op_level --max-workers 8",,4,1,HW_INCOMPATIBLE=4,,26dae1f99b2b50fb17118f38d8a8e95dfac3357c
nvidia/DeepSeek-V4-Flash-NVFP4,DeepseekV4ForCausalLM,h100_sxm,sglang,0.5.6.post2,HW_INCOMPATIBLE,Strict-native op-level FPE probes: HW_INCOMPATIBLE=4; raw probes=4; topologies=1; source_sha=26dae1f99b2b50fb17118f38d8a8e95dfac3357c. Representative failure: ValueError: nvidia/DeepSeek-V4-Flash-NVFP4 uses native FP4 routed-expert weights and is not supported on Hopper systems. Use sgl-project/DeepSeek-V4-Flash-FP8 instead.,"python python/aisimulate/tools/support_matrix/generate_fpe_support_matrix.py --model ""nvidia/DeepSeek-V4-Flash-NVFP4"" --system ""h100_sxm"" --backend ""sglang"" --backend-version ""0.5.6.post2"" --forward-model op_level --max-workers 8",,4,1,HW_INCOMPATIBLE=4,,26dae1f99b2b50fb17118f38d8a8e95dfac3357c
nvidia/DeepSeek-V4-Flash-NVFP4,DeepseekV4ForCausalLM,h100_sxm,sglang,0.5.9,HW_INCOMPATIBLE,Strict-native op-level FPE probes: HW_INCOMPATIBLE=4; raw probes=4; topologies=1; source_sha=26dae1f99b2b50fb17118f38d8a8e95dfac3357c. Representative failure: ValueError: nvidia/DeepSeek-V4-Flash-NVFP4 uses native FP4 routed-expert weights and is not supported on Hopper systems. Use sgl-project/DeepSeek-V4-Flash-FP8 instead.,"python python/aisimulate/tools/support_matrix/generate_fpe_support_matrix.py --model ""nvidia/DeepSeek-V4-Flash-NVFP4"" --system ""h100_sxm"" --backend ""sglang"" --backend-version ""0.5.9"" --forward-model op_level --max-workers 8",,4,1,HW_INCOMPATIBLE=4,,26dae1f99b2b50fb17118f38d8a8e95dfac3357c
nvidia/DeepSeek-V4-Flash-NVFP4,DeepseekV4ForCausalLM,h100_sxm,trtllm,1.2.0rc5,HW_INCOMPATIBLE,Strict-native op-level FPE probes: HW_INCOMPATIBLE=4; raw probes=4; topologies=1; source_sha=26dae1f99b2b50fb17118f38d8a8e95dfac3357c. Representative failure: ValueError: nvidia/DeepSeek-V4-Flash-NVFP4 uses native FP4 routed-expert weights and is not supported on Hopper systems. Use sgl-project/DeepSeek-V4-Flash-FP8 instead.,"python python/aisimulate/tools/support_matrix/generate_fpe_support_matrix.py --model ""nvidia/DeepSeek-V4-Flash-NVFP4"" --system ""h100_sxm"" --backend ""trtllm"" --backend-version ""1.2.0rc5"" --forward-model op_level --max-workers 8",,4,1,HW_INCOMPATIBLE=4,,26dae1f99b2b50fb17118f38d8a8e95dfac3357c
nvidia/DeepSeek-V4-Flash-NVFP4,DeepseekV4ForCausalLM,h100_sxm,trtllm,1.3.0rc10,HW_INCOMPATIBLE,Strict-native op-level FPE probes: HW_INCOMPATIBLE=4; raw probes=4; topologies=1; source_sha=26dae1f99b2b50fb17118f38d8a8e95dfac3357c. Representative failure: ValueError: nvidia/DeepSeek-V4-Flash-NVFP4 uses native FP4 routed-expert weights and is not supported on Hopper systems. Use sgl-project/DeepSeek-V4-Flash-FP8 instead.,"python python/aisimulate/tools/support_matrix/generate_fpe_support_matrix.py --model ""nvidia/DeepSeek-V4-Flash-NVFP4"" --system ""h100_sxm"" --backend ""trtllm"" --backend-version ""1.3.0rc10"" --forward-model op_level --max-workers 8",,4,1,HW_INCOMPATIBLE=4,,26dae1f99b2b50fb17118f38d8a8e95dfac3357c
nvidia/DeepSeek-V4-Flash-NVFP4,DeepseekV4ForCausalLM,h100_sxm,trtllm,1.3.0rc15,HW_INCOMPATIBLE,Strict-native op-level FPE probes: HW_INCOMPATIBLE=4; raw probes=4; topologies=1; source_sha=26dae1f99b2b50fb17118f38d8a8e95dfac3357c. Representative failure: ValueError: nvidia/DeepSeek-V4-Flash-NVFP4 uses native FP4 routed-expert weights and is not supported on Hopper systems. Use sgl-project/DeepSeek-V4-Flash-FP8 instead.,"python python/aisimulate/tools/support_matrix/generate_fpe_support_matrix.py --model ""nvidia/DeepSeek-V4-Flash-NVFP4"" --system ""h100_sxm"" --backend ""trtllm"" --backend-version ""1.3.0rc15"" --forward-model op_level --max-workers 8",,4,1,HW_INCOMPATIBLE=4,,26dae1f99b2b50fb17118f38d8a8e95dfac3357c
nvidia/DeepSeek-V4-Flash-NVFP4,DeepseekV4ForCausalLM,h100_sxm,trtllm,1.3.0rc20,HW_INCOMPATIBLE,Strict-native op-level FPE probes: HW_INCOMPATIBLE=4; raw probes=4; topologies=1; source_sha=26dae1f99b2b50fb17118f38d8a8e95dfac3357c. Representative failure: ValueError: nvidia/DeepSeek-V4-Flash-NVFP4 uses native FP4 routed-expert weights and is not supported on Hopper systems. Use sgl-project/DeepSeek-V4-Flash-FP8 instead.,"python python/aisimulate/tools/support_matrix/generate_fpe_support_matrix.py --model ""nvidia/DeepSeek-V4-Flash-NVFP4"" --system ""h100_sxm"" --backend ""trtllm"" --backend-version ""1.3.0rc20"" --forward-model op_level --max-workers 8",,4,1,HW_INCOMPATIBLE=4,,26dae1f99b2b50fb17118f38d8a8e95dfac3357c
nvidia/DeepSeek-V4-Flash-NVFP4,DeepseekV4ForCausalLM,h100_sxm,trtllm,1.3.0rc23,HW_INCOMPATIBLE,Strict-native op-level FPE probes: HW_INCOMPATIBLE=4; raw probes=4; topologies=1; source_sha=26dae1f99b2b50fb17118f38d8a8e95dfac3357c. Representative failure: ValueError: nvidia/DeepSeek-V4-Flash-NVFP4 uses native FP4 routed-expert weights and is not supported on Hopper systems. Use sgl-project/DeepSeek-V4-Flash-FP8 instead.,"python python/aisimulate/tools/support_matrix/generate_fpe_support_matrix.py --model ""nvidia/DeepSeek-V4-Flash-NVFP4"" --system ""h100_sxm"" --backend ""trtllm"" --backend-version ""1.3.0rc23"" --forward-model op_level --max-workers 8",,4,1,HW_INCOMPATIBLE=4,,26dae1f99b2b50fb17118f38d8a8e95dfac3357c
nvidia/DeepSeek-V4-Flash-NVFP4,DeepseekV4ForCausalLM,h100_sxm,vllm,0.1.dev19262,HW_INCOMPATIBLE,Strict-native op-level FPE probes: HW_INCOMPATIBLE=4; raw probes=4; topologies=1; source_sha=26dae1f99b2b50fb17118f38d8a8e95dfac3357c. Representative failure: ValueError: nvidia/DeepSeek-V4-Flash-NVFP4 uses native FP4 routed-expert weights and is not supported on Hopper systems. Use sgl-project/DeepSeek-V4-Flash-FP8 instead.,"python python/aisimulate/tools/support_matrix/generate_fpe_support_matrix.py --model ""nvidia/DeepSeek-V4-Flash-NVFP4"" --system ""h100_sxm"" --backend ""vllm"" --backend-version ""0.1.dev19262"" --forward-model op_level --max-workers 8",,4,1,HW_INCOMPATIBLE=4,,26dae1f99b2b50fb17118f38d8a8e95dfac3357c
nvidia/DeepSeek-V4-Flash-NVFP4,DeepseekV4ForCausalLM,h100_sxm,vllm,0.14.0,HW_INCOMPATIBLE,Strict-native op-level FPE probes: HW_INCOMPATIBLE=4; raw probes=4; topologies=1; source_sha=26dae1f99b2b50fb17118f38d8a8e95dfac3357c. Representative failure: ValueError: nvidia/DeepSeek-V4-Flash-NVFP4 uses native FP4 routed-expert weights and is not supported on Hopper systems. Use sgl-project/DeepSeek-V4-Flash-FP8 instead.,"python python/aisimulate/tools/support_matrix/generate_fpe_support_matrix.py --model ""nvidia/DeepSeek-V4-Flash-NVFP4"" --system ""h100_sxm"" --backend ""vllm"" --backend-version ""0.14.0"" --forward-model op_level --max-workers 8",,4,1,HW_INCOMPATIBLE=4,,26dae1f99b2b50fb17118f38d8a8e95dfac3357c
nvidia/DeepSeek-V4-Flash-NVFP4,DeepseekV4ForCausalLM,h100_sxm,vllm,0.19.0,HW_INCOMPATIBLE,Strict-native op-level FPE probes: HW_INCOMPATIBLE=4; raw probes=4; topologies=1; source_sha=26dae1f99b2b50fb17118f38d8a8e95dfac3357c. Representative failure: ValueError: nvidia/DeepSeek-V4-Flash-NVFP4 uses native FP4 routed-expert weights and is not supported on Hopper systems. Use sgl-project/DeepSeek-V4-Flash-FP8 instead.,"python python/aisimulate/tools/support_matrix/generate_fpe_support_matrix.py --model ""nvidia/DeepSeek-V4-Flash-NVFP4"" --system ""h100_sxm"" --backend ""vllm"" --backend-version ""0.19.0"" --forward-model op_level --max-workers 8",,4,1,HW_INCOMPATIBLE=4,,26dae1f99b2b50fb17118f38d8a8e95dfac3357c
nvidia/DeepSeek-V4-Flash-NVFP4,DeepseekV4ForCausalLM,h100_sxm,vllm,0.22.0,HW_INCOMPATIBLE,Strict-native op-level FPE probes: HW_INCOMPATIBLE=4; raw probes=4; topologies=1; source_sha=26dae1f99b2b50fb17118f38d8a8e95dfac3357c. Representative failure: ValueError: nvidia/DeepSeek-V4-Flash-NVFP4 uses native FP4 routed-expert weights and is not supported on Hopper systems. Use sgl-project/DeepSeek-V4-Flash-FP8 instead.,"python python/aisimulate/tools/support_matrix/generate_fpe_support_matrix.py --model ""nvidia/DeepSeek-V4-Flash-NVFP4"" --system ""h100_sxm"" --backend ""vllm"" --backend-version ""0.22.0"" --forward-model op_level --max-workers 8",,4,1,HW_INCOMPATIBLE=4,,26dae1f99b2b50fb17118f38d8a8e95dfac3357c
nvidia/DeepSeek-V4-Flash-NVFP4,DeepseekV4ForCausalLM,h100_sxm,vllm,0.24.0,HW_INCOMPATIBLE,Strict-native op-level FPE probes: HW_INCOMPATIBLE=4; raw probes=4; topologies=1; source_sha=26dae1f99b2b50fb17118f38d8a8e95dfac3357c. Representative failure: ValueError: nvidia/DeepSeek-V4-Flash-NVFP4 uses native FP4 routed-expert weights and is not supported on Hopper systems. Use sgl-project/DeepSeek-V4-Flash-FP8 instead.,"python python/aisimulate/tools/support_matrix/generate_fpe_support_matrix.py --model ""nvidia/DeepSeek-V4-Flash-NVFP4"" --system ""h100_sxm"" --backend ""vllm"" --backend-version ""0.24.0"" --forward-model op_level --max-workers 8",,4,1,HW_INCOMPATIBLE=4,,26dae1f99b2b50fb17118f38d8a8e95dfac3357c
nvidia/DeepSeek-V4-Pro-NVFP4,DeepseekV4ForCausalLM,h100_sxm,sglang,0.5.10,HW_INCOMPATIBLE,Strict-native op-level FPE probes: HW_INCOMPATIBLE=4; raw probes=4; topologies=1; source_sha=26dae1f99b2b50fb17118f38d8a8e95dfac3357c. Representative failure: ValueError: nvidia/DeepSeek-V4-Pro-NVFP4 uses native FP4 routed-expert weights and is not supported on Hopper systems. Use sgl-project/DeepSeek-V4-Pro-FP8 instead.,"python python/aisimulate/tools/support_matrix/generate_fpe_support_matrix.py --model ""nvidia/DeepSeek-V4-Pro-NVFP4"" --system ""h100_sxm"" --backend ""sglang"" --backend-version ""0.5.10"" --forward-model op_level --max-workers 8",,4,1,HW_INCOMPATIBLE=4,,26dae1f99b2b50fb17118f38d8a8e95dfac3357c
nvidia/DeepSeek-V4-Pro-NVFP4,DeepseekV4ForCausalLM,h100_sxm,sglang,0.5.12,HW_INCOMPATIBLE,Strict-native op-level FPE probes: HW_INCOMPATIBLE=4; raw probes=4; topologies=1; source_sha=26dae1f99b2b50fb17118f38d8a8e95dfac3357c. Representative failure: ValueError: nvidia/DeepSeek-V4-Pro-NVFP4 uses native FP4 routed-expert weights and is not supported on Hopper systems. Use sgl-project/DeepSeek-V4-Pro-FP8 instead.,"python python/aisimulate/tools/support_matrix/generate_fpe_support_matrix.py --model ""nvidia/DeepSeek-V4-Pro-NVFP4"" --system ""h100_sxm"" --backend ""sglang"" --backend-version ""0.5.12"" --forward-model op_level --max-workers 8",,4,1,HW_INCOMPATIBLE=4,,26dae1f99b2b50fb17118f38d8a8e95dfac3357c
nvidia/DeepSeek-V4-Pro-NVFP4,DeepseekV4ForCausalLM,h100_sxm,sglang,0.5.14,HW_INCOMPATIBLE,Strict-native op-level FPE probes: HW_INCOMPATIBLE=4; raw probes=4; topologies=1; source_sha=26dae1f99b2b50fb17118f38d8a8e95dfac3357c. Representative failure: ValueError: nvidia/DeepSeek-V4-Pro-NVFP4 uses native FP4 routed-expert weights and is not supported on Hopper systems. Use sgl-project/DeepSeek-V4-Pro-FP8 instead.,"python python/aisimulate/tools/support_matrix/generate_fpe_support_matrix.py --model ""nvidia/DeepSeek-V4-Pro-NVFP4"" --system ""h100_sxm"" --backend ""sglang"" --backend-version ""0.5.14"" --forward-model op_level --max-workers 8",,4,1,HW_INCOMPATIBLE=4,,26dae1f99b2b50fb17118f38d8a8e95dfac3357c
nvidia/DeepSeek-V4-Pro-NVFP4,DeepseekV4ForCausalLM,h100_sxm,sglang,0.5.16,HW_INCOMPATIBLE,Strict-native op-level FPE probes: HW_INCOMPATIBLE=4; raw probes=4; topologies=1; source_sha=26dae1f99b2b50fb17118f38d8a8e95dfac3357c. Representative failure: ValueError: nvidia/DeepSeek-V4-Pro-NVFP4 uses native FP4 routed-expert weights and is not supported on Hopper systems. Use sgl-project/DeepSeek-V4-Pro-FP8 instead.,"python python/aisimulate/tools/support_matrix/generate_fpe_support_matrix.py --model ""nvidia/DeepSeek-V4-Pro-NVFP4"" --system ""h100_sxm"" --backend ""sglang"" --backend-version ""0.5.16"" --forward-model op_level --max-workers 8",,4,1,HW_INCOMPATIBLE=4,,26dae1f99b2b50fb17118f38d8a8e95dfac3357c
nvidia/DeepSeek-V4-Pro-NVFP4,DeepseekV4ForCausalLM,h100_sxm,sglang,0.5.6.post2,HW_INCOMPATIBLE,Strict-native op-level FPE probes: HW_INCOMPATIBLE=4; raw probes=4; topologies=1; source_sha=26dae1f99b2b50fb17118f38d8a8e95dfac3357c. Representative failure: ValueError: nvidia/DeepSeek-V4-Pro-NVFP4 uses native FP4 routed-expert weights and is not supported on Hopper systems. Use sgl-project/DeepSeek-V4-Pro-FP8 instead.,"python python/aisimulate/tools/support_matrix/generate_fpe_support_matrix.py --model ""nvidia/DeepSeek-V4-Pro-NVFP4"" --system ""h100_sxm"" --backend ""sglang"" --backend-version ""0.5.6.post2"" --forward-model op_level --max-workers 8",,4,1,HW_INCOMPATIBLE=4,,26dae1f99b2b50fb17118f38d8a8e95dfac3357c
nvidia/DeepSeek-V4-Pro-NVFP4,DeepseekV4ForCausalLM,h100_sxm,sglang,0.5.9,HW_INCOMPATIBLE,Strict-native op-level FPE probes: HW_INCOMPATIBLE=4; raw probes=4; topologies=1; source_sha=26dae1f99b2b50fb17118f38d8a8e95dfac3357c. Representative failure: ValueError: nvidia/DeepSeek-V4-Pro-NVFP4 uses native FP4 routed-expert weights and is not supported on Hopper systems. Use sgl-project/DeepSeek-V4-Pro-FP8 instead.,"python python/aisimulate/tools/support_matrix/generate_fpe_support_matrix.py --model ""nvidia/DeepSeek-V4-Pro-NVFP4"" --system ""h100_sxm"" --backend ""sglang"" --backend-version ""0.5.9"" --forward-model op_level --max-workers 8",,4,1,HW_INCOMPATIBLE=4,,26dae1f99b2b50fb17118f38d8a8e95dfac3357c
nvidia/DeepSeek-V4-Pro-NVFP4,DeepseekV4ForCausalLM,h100_sxm,trtllm,1.2.0rc5,HW_INCOMPATIBLE,Strict-native op-level FPE probes: HW_INCOMPATIBLE=4; raw probes=4; topologies=1; source_sha=26dae1f99b2b50fb17118f38d8a8e95dfac3357c. Representative failure: ValueError: nvidia/DeepSeek-V4-Pro-NVFP4 uses native FP4 routed-expert weights and is not supported on Hopper systems. Use sgl-project/DeepSeek-V4-Pro-FP8 instead.,"python python/aisimulate/tools/support_matrix/generate_fpe_support_matrix.py --model ""nvidia/DeepSeek-V4-Pro-NVFP4"" --system ""h100_sxm"" --backend ""trtllm"" --backend-version ""1.2.0rc5"" --forward-model op_level --max-workers 8",,4,1,HW_INCOMPATIBLE=4,,26dae1f99b2b50fb17118f38d8a8e95dfac3357c
nvidia/DeepSeek-V4-Pro-NVFP4,DeepseekV4ForCausalLM,h100_sxm,trtllm,1.3.0rc10,HW_INCOMPATIBLE,Strict-native op-level FPE probes: HW_INCOMPATIBLE=4; raw probes=4; topologies=1; source_sha=26dae1f99b2b50fb17118f38d8a8e95dfac3357c. Representative failure: ValueError: nvidia/DeepSeek-V4-Pro-NVFP4 uses native FP4 routed-expert weights and is not supported on Hopper systems. Use sgl-project/DeepSeek-V4-Pro-FP8 instead.,"python python/aisimulate/tools/support_matrix/generate_fpe_support_matrix.py --model ""nvidia/DeepSeek-V4-Pro-NVFP4"" --system ""h100_sxm"" --backend ""trtllm"" --backend-version ""1.3.0rc10"" --forward-model op_level --max-workers 8",,4,1,HW_INCOMPATIBLE=4,,26dae1f99b2b50fb17118f38d8a8e95dfac3357c
nvidia/DeepSeek-V4-Pro-NVFP4,DeepseekV4ForCausalLM,h100_sxm,trtllm,1.3.0rc15,HW_INCOMPATIBLE,Strict-native op-level FPE probes: HW_INCOMPATIBLE=4; raw probes=4; topologies=1; source_sha=26dae1f99b2b50fb17118f38d8a8e95dfac3357c. Representative failure: ValueError: nvidia/DeepSeek-V4-Pro-NVFP4 uses native FP4 routed-expert weights and is not supported on Hopper systems. Use sgl-project/DeepSeek-V4-Pro-FP8 instead.,"python python/aisimulate/tools/support_matrix/generate_fpe_support_matrix.py --model ""nvidia/DeepSeek-V4-Pro-NVFP4"" --system ""h100_sxm"" --backend ""trtllm"" --backend-version ""1.3.0rc15"" --forward-model op_level --max-workers 8",,4,1,HW_INCOMPATIBLE=4,,26dae1f99b2b50fb17118f38d8a8e95dfac3357c
nvidia/DeepSeek-V4-Pro-NVFP4,DeepseekV4ForCausalLM,h100_sxm,trtllm,1.3.0rc20,HW_INCOMPATIBLE,Strict-native op-level FPE probes: HW_INCOMPATIBLE=4; raw probes=4; topologies=1; source_sha=26dae1f99b2b50fb17118f38d8a8e95dfac3357c. Representative failure: ValueError: nvidia/DeepSeek-V4-Pro-NVFP4 uses native FP4 routed-expert weights and is not supported on Hopper systems. Use sgl-project/DeepSeek-V4-Pro-FP8 instead.,"python python/aisimulate/tools/support_matrix/generate_fpe_support_matrix.py --model ""nvidia/DeepSeek-V4-Pro-NVFP4"" --system ""h100_sxm"" --backend ""trtllm"" --backend-version ""1.3.0rc20"" --forward-model op_level --max-workers 8",,4,1,HW_INCOMPATIBLE=4,,26dae1f99b2b50fb17118f38d8a8e95dfac3357c
nvidia/DeepSeek-V4-Pro-NVFP4,DeepseekV4ForCausalLM,h100_sxm,trtllm,1.3.0rc23,HW_INCOMPATIBLE,Strict-native op-level FPE probes: HW_INCOMPATIBLE=4; raw probes=4; topologies=1; source_sha=26dae1f99b2b50fb17118f38d8a8e95dfac3357c. Representative failure: ValueError: nvidia/DeepSeek-V4-Pro-NVFP4 uses native FP4 routed-expert weights and is not supported on Hopper systems. Use sgl-project/DeepSeek-V4-Pro-FP8 instead.,"python python/aisimulate/tools/support_matrix/generate_fpe_support_matrix.py --model ""nvidia/DeepSeek-V4-Pro-NVFP4"" --system ""h100_sxm"" --backend ""trtllm"" --backend-version ""1.3.0rc23"" --forward-model op_level --max-workers 8",,4,1,HW_INCOMPATIBLE=4,,26dae1f99b2b50fb17118f38d8a8e95dfac3357c
nvidia/DeepSeek-V4-Pro-NVFP4,DeepseekV4ForCausalLM,h100_sxm,vllm,0.1.dev19262,HW_INCOMPATIBLE,Strict-native op-level FPE probes: HW_INCOMPATIBLE=4; raw probes=4; topologies=1; source_sha=26dae1f99b2b50fb17118f38d8a8e95dfac3357c. Representative failure: ValueError: nvidia/DeepSeek-V4-Pro-NVFP4 uses native FP4 routed-expert weights and is not supported on Hopper systems. Use sgl-project/DeepSeek-V4-Pro-FP8 instead.,"python python/aisimulate/tools/support_matrix/generate_fpe_support_matrix.py --model ""nvidia/DeepSeek-V4-Pro-NVFP4"" --system ""h100_sxm"" --backend ""vllm"" --backend-version ""0.1.dev19262"" --forward-model op_level --max-workers 8",,4,1,HW_INCOMPATIBLE=4,,26dae1f99b2b50fb17118f38d8a8e95dfac3357c
nvidia/DeepSeek-V4-Pro-NVFP4,DeepseekV4ForCausalLM,h100_sxm,vllm,0.14.0,HW_INCOMPATIBLE,Strict-native op-level FPE probes: HW_INCOMPATIBLE=4; raw probes=4; topologies=1; source_sha=26dae1f99b2b50fb17118f38d8a8e95dfac3357c. Representative failure: ValueError: nvidia/DeepSeek-V4-Pro-NVFP4 uses native FP4 routed-expert weights and is not supported on Hopper systems. Use sgl-project/DeepSeek-V4-Pro-FP8 instead.,"python python/aisimulate/tools/support_matrix/generate_fpe_support_matrix.py --model ""nvidia/DeepSeek-V4-Pro-NVFP4"" --system ""h100_sxm"" --backend ""vllm"" --backend-version ""0.14.0"" --forward-model op_level --max-workers 8",,4,1,HW_INCOMPATIBLE=4,,26dae1f99b2b50fb17118f38d8a8e95dfac3357c
nvidia/DeepSeek-V4-Pro-NVFP4,DeepseekV4ForCausalLM,h100_sxm,vllm,0.19.0,HW_INCOMPATIBLE,Strict-native op-level FPE probes: HW_INCOMPATIBLE=4; raw probes=4; topologies=1; source_sha=26dae1f99b2b50fb17118f38d8a8e95dfac3357c. Representative failure: ValueError: nvidia/DeepSeek-V4-Pro-NVFP4 uses native FP4 routed-expert weights and is not supported on Hopper systems. Use sgl-project/DeepSeek-V4-Pro-FP8 instead.,"python python/aisimulate/tools/support_matrix/generate_fpe_support_matrix.py --model ""nvidia/DeepSeek-V4-Pro-NVFP4"" --system ""h100_sxm"" --backend ""vllm"" --backend-version ""0.19.0"" --forward-model op_level --max-workers 8",,4,1,HW_INCOMPATIBLE=4,,26dae1f99b2b50fb17118f38d8a8e95dfac3357c
nvidia/DeepSeek-V4-Pro-NVFP4,DeepseekV4ForCausalLM,h100_sxm,vllm,0.22.0,HW_INCOMPATIBLE,Strict-native op-level FPE probes: HW_INCOMPATIBLE=4; raw probes=4; topologies=1; source_sha=26dae1f99b2b50fb17118f38d8a8e95dfac3357c. Representative failure: ValueError: nvidia/DeepSeek-V4-Pro-NVFP4 uses native FP4 routed-expert weights and is not supported on Hopper systems. Use sgl-project/DeepSeek-V4-Pro-FP8 instead.,"python python/aisimulate/tools/support_matrix/generate_fpe_support_matrix.py --model ""nvidia/DeepSeek-V4-Pro-NVFP4"" --system ""h100_sxm"" --backend ""vllm"" --backend-version ""0.22.0"" --forward-model op_level --max-workers 8",,4,1,HW_INCOMPATIBLE=4,,26dae1f99b2b50fb17118f38d8a8e95dfac3357c
nvidia/DeepSeek-V4-Pro-NVFP4,DeepseekV4ForCausalLM,h100_sxm,vllm,0.24.0,HW_INCOMPATIBLE,Strict-native op-level FPE probes: HW_INCOMPATIBLE=4; raw probes=4; topologies=1; source_sha=26dae1f99b2b50fb17118f38d8a8e95dfac3357c. Representative failure: ValueError: nvidia/DeepSeek-V4-Pro-NVFP4 uses native FP4 routed-expert weights and is not supported on Hopper systems. Use sgl-project/DeepSeek-V4-Pro-FP8 instead.,"python python/aisimulate/tools/support_matrix/generate_fpe_support_matrix.py --model ""nvidia/DeepSeek-V4-Pro-NVFP4"" --system ""h100_sxm"" --backend ""vllm"" --backend-version ""0.24.0"" --forward-model op_level --max-workers 8",,4,1,HW_INCOMPATIBLE=4,,26dae1f99b2b50fb17118f38d8a8e95dfac3357c
nvidia/GLM-5.2-NVFP4,GlmMoeDsaForCausalLM,h100_sxm,sglang,0.5.10,FAIL,"Strict-native op-level FPE probes: PERF_DATA_MISSING=220, SDK_UNREPRESENTABLE=320; raw probes=540; topologies=135; source_sha=26dae1f99b2b50fb17118f38d8a8e95dfac3357c. Representative failure: perf database error: MoE data missing for MoeKey { quant: ""nvfp4_wo"", distribution: ""uniform"", topk: 8, num_experts: 256, hidden_size: 6144, inter_size: 2048, moe_tp_size: 1, moe_ep_size: 1 } at <repo>/python/aisimulate/src/aiconfigurator_core/systems/data/h100_sxm/sglang/0.5.10","python python/aisimulate/tools/support_matrix/generate_fpe_support_matrix.py --model ""nvidia/GLM-5.2-NVFP4"" --system ""h100_sxm"" --backend ""sglang"" --backend-version ""0.5.10"" --forward-model op_level --max-workers 8",,540,135,"PERF_DATA_MISSING=220, SDK_UNREPRESENTABLE=320",,26dae1f99b2b50fb17118f38d8a8e95dfac3357c
nvidia/GLM-5.2-NVFP4,GlmMoeDsaForCausalLM,h100_sxm,sglang,0.5.12,FAIL,"Strict-native op-level FPE probes: PERF_DATA_MISSING=220, SDK_UNREPRESENTABLE=320; raw probes=540; topologies=135; source_sha=26dae1f99b2b50fb17118f38d8a8e95dfac3357c. Representative failure: perf database error: MoE data missing for MoeKey { quant: ""nvfp4_wo"", distribution: ""uniform"", topk: 8, num_experts: 256, hidden_size: 6144, inter_size: 2048, moe_tp_size: 1, moe_ep_size: 1 } at <repo>/python/aisimulate/src/aiconfigurator_core/systems/data/h100_sxm/sglang/0.5.12","python python/aisimulate/tools/support_matrix/generate_fpe_support_matrix.py --model ""nvidia/GLM-5.2-NVFP4"" --system ""h100_sxm"" --backend ""sglang"" --backend-version ""0.5.12"" --forward-model op_level --max-workers 8",,540,135,"PERF_DATA_MISSING=220, SDK_UNREPRESENTABLE=320",,26dae1f99b2b50fb17118f38d8a8e95dfac3357c
nvidia/GLM-5.2-NVFP4,GlmMoeDsaForCausalLM,h100_sxm,sglang,0.5.14,FAIL,"Strict-native op-level FPE probes: PERF_DATA_MISSING=220, SDK_UNREPRESENTABLE=320; raw probes=540; topologies=135; source_sha=26dae1f99b2b50fb17118f38d8a8e95dfac3357c. Representative failure: perf database error: MoE data missing for MoeKey { quant: ""nvfp4_wo"", distribution: ""uniform"", topk: 8, num_experts: 256, hidden_size: 6144, inter_size: 2048, moe_tp_size: 1, moe_ep_size: 1 } at <repo>/python/aisimulate/src/aiconfigurator_core/systems/data/h100_sxm/sglang/0.5.14","python python/aisimulate/tools/support_matrix/generate_fpe_support_matrix.py --model ""nvidia/GLM-5.2-NVFP4"" --system ""h100_sxm"" --backend ""sglang"" --backend-version ""0.5.14"" --forward-model op_level --max-workers 8",,540,135,"PERF_DATA_MISSING=220, SDK_UNREPRESENTABLE=320",,26dae1f99b2b50fb17118f38d8a8e95dfac3357c
nvidia/GLM-5.2-NVFP4,GlmMoeDsaForCausalLM,h100_sxm,sglang,0.5.16,FAIL,"Strict-native op-level FPE probes: PERF_DATA_MISSING=220, SDK_UNREPRESENTABLE=320; raw probes=540; topologies=135; source_sha=26dae1f99b2b50fb17118f38d8a8e95dfac3357c. Representative failure: perf database error: MoE data missing for MoeKey { quant: ""nvfp4_wo"", distribution: ""uniform"", topk: 8, num_experts: 256, hidden_size: 6144, inter_size: 2048, moe_tp_size: 1, moe_ep_size: 1 } at <repo>/python/aisimulate/src/aiconfigurator_core/systems/data/h100_sxm/sglang/0.5.16","python python/aisimulate/tools/support_matrix/generate_fpe_support_matrix.py --model ""nvidia/GLM-5.2-NVFP4"" --system ""h100_sxm"" --backend ""sglang"" --backend-version ""0.5.16"" --forward-model op_level --max-workers 8",,540,135,"PERF_DATA_MISSING=220, SDK_UNREPRESENTABLE=320",,26dae1f99b2b50fb17118f38d8a8e95dfac3357c
nvidia/GLM-5.2-NVFP4,GlmMoeDsaForCausalLM,h100_sxm,sglang,0.5.6.post2,FAIL,"Strict-native op-level FPE probes: PERF_DATA_MISSING=220, SDK_UNREPRESENTABLE=320; raw probes=540; topologies=135; source_sha=26dae1f99b2b50fb17118f38d8a8e95dfac3357c. Representative failure: perf database error: MoE data missing for MoeKey { quant: ""nvfp4_wo"", distribution: ""uniform"", topk: 8, num_experts: 256, hidden_size: 6144, inter_size: 2048, moe_tp_size: 1, moe_ep_size: 1 } at <repo>/python/aisimulate/src/aiconfigurator_core/systems/data/h100_sxm/sglang/0.5.6.post2","python python/aisimulate/tools/support_matrix/generate_fpe_support_matrix.py --model ""nvidia/GLM-5.2-NVFP4"" --system ""h100_sxm"" --backend ""sglang"" --backend-version ""0.5.6.post2"" --forward-model op_level --max-workers 8",,540,135,"PERF_DATA_MISSING=220, SDK_UNREPRESENTABLE=320",,26dae1f99b2b50fb17118f38d8a8e95dfac3357c
nvidia/GLM-5.2-NVFP4,GlmMoeDsaForCausalLM,h100_sxm,sglang,0.5.9,FAIL,"Strict-native op-level FPE probes: PERF_DATA_MISSING=220, SDK_UNREPRESENTABLE=320; raw probes=540; topologies=135; source_sha=26dae1f99b2b50fb17118f38d8a8e95dfac3357c. Representative failure: perf database error: MoE data missing for MoeKey { quant: ""nvfp4_wo"", distribution: ""uniform"", topk: 8, num_experts: 256, hidden_size: 6144, inter_size: 2048, moe_tp_size: 1, moe_ep_size: 1 } at <repo>/python/aisimulate/src/aiconfigurator_core/systems/data/h100_sxm/sglang/0.5.9","python python/aisimulate/tools/support_matrix/generate_fpe_support_matrix.py --model ""nvidia/GLM-5.2-NVFP4"" --system ""h100_sxm"" --backend ""sglang"" --backend-version ""0.5.9"" --forward-model op_level --max-workers 8",,540,135,"PERF_DATA_MISSING=220, SDK_UNREPRESENTABLE=320",,26dae1f99b2b50fb17118f38d8a8e95dfac3357c
nvidia/GLM-5.2-NVFP4,GlmMoeDsaForCausalLM,h100_sxm,trtllm,1.2.0rc5,FAIL,"Strict-native op-level FPE probes: PERF_DATA_MISSING=116; raw probes=116; topologies=29; source_sha=26dae1f99b2b50fb17118f38d8a8e95dfac3357c. Representative failure: perf database error: MoE data missing for MoeKey { quant: ""nvfp4_wo"", distribution: ""uniform"", topk: 8, num_experts: 256, hidden_size: 6144, inter_size: 2048, moe_tp_size: 1, moe_ep_size: 1 } at <repo>/python/aisimulate/src/aiconfigurator_core/systems/data/h100_sxm/trtllm/1.2.0rc5","python python/aisimulate/tools/support_matrix/generate_fpe_support_matrix.py --model ""nvidia/GLM-5.2-NVFP4"" --system ""h100_sxm"" --backend ""trtllm"" --backend-version ""1.2.0rc5"" --forward-model op_level --max-workers 8",,116,29,PERF_DATA_MISSING=116,,26dae1f99b2b50fb17118f38d8a8e95dfac3357c
nvidia/GLM-5.2-NVFP4,GlmMoeDsaForCausalLM,h100_sxm,trtllm,1.3.0rc10,FAIL,"Strict-native op-level FPE probes: PERF_DATA_MISSING=116; raw probes=116; topologies=29; source_sha=26dae1f99b2b50fb17118f38d8a8e95dfac3357c. Representative failure: perf database error: MoE data missing for MoeKey { quant: ""nvfp4_wo"", distribution: ""uniform"", topk: 8, num_experts: 256, hidden_size: 6144, inter_size: 2048, moe_tp_size: 1, moe_ep_size: 1 } at <repo>/python/aisimulate/src/aiconfigurator_core/systems/data/h100_sxm/trtllm/1.3.0rc10","python python/aisimulate/tools/support_matrix/generate_fpe_support_matrix.py --model ""nvidia/GLM-5.2-NVFP4"" --system ""h100_sxm"" --backend ""trtllm"" --backend-version ""1.3.0rc10"" --forward-model op_level --max-workers 8",,116,29,PERF_DATA_MISSING=116,,26dae1f99b2b50fb17118f38d8a8e95dfac3357c
nvidia/GLM-5.2-NVFP4,GlmMoeDsaForCausalLM,h100_sxm,trtllm,1.3.0rc15,FAIL,"Strict-native op-level FPE probes: PERF_DATA_MISSING=116; raw probes=116; topologies=29; source_sha=26dae1f99b2b50fb17118f38d8a8e95dfac3357c. Representative failure: perf database error: MoE data missing for MoeKey { quant: ""nvfp4_wo"", distribution: ""uniform"", topk: 8, num_experts: 256, hidden_size: 6144, inter_size: 2048, moe_tp_size: 1, moe_ep_size: 1 } at <repo>/python/aisimulate/src/aiconfigurator_core/systems/data/h100_sxm/trtllm/1.3.0rc15","python python/aisimulate/tools/support_matrix/generate_fpe_support_matrix.py --model ""nvidia/GLM-5.2-NVFP4"" --system ""h100_sxm"" --backend ""trtllm"" --backend-version ""1.3.0rc15"" --forward-model op_level --max-workers 8",,116,29,PERF_DATA_MISSING=116,,26dae1f99b2b50fb17118f38d8a8e95dfac3357c
nvidia/GLM-5.2-NVFP4,GlmMoeDsaForCausalLM,h100_sxm,trtllm,1.3.0rc20,FAIL,"Strict-native op-level FPE probes: PERF_DATA_MISSING=116; raw probes=116; topologies=29; source_sha=26dae1f99b2b50fb17118f38d8a8e95dfac3357c. Representative failure: perf database error: MoE data missing for MoeKey { quant: ""nvfp4_wo"", distribution: ""uniform"", topk: 8, num_experts: 256, hidden_size: 6144, inter_size: 2048, moe_tp_size: 1, moe_ep_size: 1 } at <repo>/python/aisimulate/src/aiconfigurator_core/systems/data/h100_sxm/trtllm/1.3.0rc20","python python/aisimulate/tools/support_matrix/generate_fpe_support_matrix.py --model ""nvidia/GLM-5.2-NVFP4"" --system ""h100_sxm"" --backend ""trtllm"" --backend-version ""1.3.0rc20"" --forward-model op_level --max-workers 8",,116,29,PERF_DATA_MISSING=116,,26dae1f99b2b50fb17118f38d8a8e95dfac3357c
nvidia/GLM-5.2-NVFP4,GlmMoeDsaForCausalLM,h100_sxm,trtllm,1.3.0rc23,FAIL,"Strict-native op-level FPE probes: PERF_DATA_MISSING=116; raw probes=116; topologies=29; source_sha=26dae1f99b2b50fb17118f38d8a8e95dfac3357c. Representative failure: perf database error: MoE data missing for MoeKey { quant: ""nvfp4_wo"", distribution: ""uniform"", topk: 8, num_experts: 256, hidden_size: 6144, inter_size: 2048, moe_tp_size: 1, moe_ep_size: 1 } at <repo>/python/aisimulate/src/aiconfigurator_core/systems/data/h100_sxm/trtllm/1.3.0rc23","python python/aisimulate/tools/support_matrix/generate_fpe_support_matrix.py --model ""nvidia/GLM-5.2-NVFP4"" --system ""h100_sxm"" --backend ""trtllm"" --backend-version ""1.3.0rc23"" --forward-model op_level --max-workers 8",,116,29,PERF_DATA_MISSING=116,,26dae1f99b2b50fb17118f38d8a8e95dfac3357c
nvidia/GLM-5.2-NVFP4,GlmMoeDsaForCausalLM,h100_sxm,vllm,0.1.dev19262,FAIL,"Strict-native op-level FPE probes: PERF_DATA_MISSING=116; raw probes=116; topologies=29; source_sha=26dae1f99b2b50fb17118f38d8a8e95dfac3357c. Representative failure: perf database error: context DSA module data missing for DsaKey { architecture: ""GlmMoeDsaForCausalLM"", fmha_quant: ""fp8"", kv_quant: ""fp8"", gemm_quant: ""bfloat16"" }","python python/aisimulate/tools/support_matrix/generate_fpe_support_matrix.py --model ""nvidia/GLM-5.2-NVFP4"" --system ""h100_sxm"" --backend ""vllm"" --backend-version ""0.1.dev19262"" --forward-model op_level --max-workers 8",,116,29,PERF_DATA_MISSING=116,,26dae1f99b2b50fb17118f38d8a8e95dfac3357c
nvidia/GLM-5.2-NVFP4,GlmMoeDsaForCausalLM,h100_sxm,vllm,0.14.0,FAIL,"Strict-native op-level FPE probes: PERF_DATA_MISSING=116; raw probes=116; topologies=29; source_sha=26dae1f99b2b50fb17118f38d8a8e95dfac3357c. Representative failure: perf database error: MoE data missing for MoeKey { quant: ""nvfp4_wo"", distribution: ""uniform"", topk: 8, num_experts: 256, hidden_size: 6144, inter_size: 2048, moe_tp_size: 1, moe_ep_size: 1 } at <repo>/python/aisimulate/src/aiconfigurator_core/systems/data/h100_sxm/vllm/0.14.0","python python/aisimulate/tools/support_matrix/generate_fpe_support_matrix.py --model ""nvidia/GLM-5.2-NVFP4"" --system ""h100_sxm"" --backend ""vllm"" --backend-version ""0.14.0"" --forward-model op_level --max-workers 8",,116,29,PERF_DATA_MISSING=116,,26dae1f99b2b50fb17118f38d8a8e95dfac3357c
nvidia/GLM-5.2-NVFP4,GlmMoeDsaForCausalLM,h100_sxm,vllm,0.19.0,FAIL,"Strict-native op-level FPE probes: PERF_DATA_MISSING=116; raw probes=116; topologies=29; source_sha=26dae1f99b2b50fb17118f38d8a8e95dfac3357c. Representative failure: perf database error: MoE data missing for MoeKey { quant: ""nvfp4_wo"", distribution: ""uniform"", topk: 8, num_experts: 256, hidden_size: 6144, inter_size: 2048, moe_tp_size: 1, moe_ep_size: 1 } at <repo>/python/aisimulate/src/aiconfigurator_core/systems/data/h100_sxm/vllm/0.19.0","python python/aisimulate/tools/support_matrix/generate_fpe_support_matrix.py --model ""nvidia/GLM-5.2-NVFP4"" --system ""h100_sxm"" --backend ""vllm"" --backend-version ""0.19.0"" --forward-model op_level --max-workers 8",,116,29,PERF_DATA_MISSING=116,,26dae1f99b2b50fb17118f38d8a8e95dfac3357c
nvidia/GLM-5.2-NVFP4,GlmMoeDsaForCausalLM,h100_sxm,vllm,0.22.0,FAIL,"Strict-native op-level FPE probes: PERF_DATA_MISSING=116; raw probes=116; topologies=29; source_sha=26dae1f99b2b50fb17118f38d8a8e95dfac3357c. Representative failure: perf database error: MoE data missing for MoeKey { quant: ""nvfp4_wo"", distribution: ""uniform"", topk: 8, num_experts: 256, hidden_size: 6144, inter_size: 2048, moe_tp_size: 1, moe_ep_size: 1 } at <repo>/python/aisimulate/src/aiconfigurator_core/systems/data/h100_sxm/vllm/0.22.0","python python/aisimulate/tools/support_matrix/generate_fpe_support_matrix.py --model ""nvidia/GLM-5.2-NVFP4"" --system ""h100_sxm"" --backend ""vllm"" --backend-version ""0.22.0"" --forward-model op_level --max-workers 8",,116,29,PERF_DATA_MISSING=116,,26dae1f99b2b50fb17118f38d8a8e95dfac3357c
nvidia/GLM-5.2-NVFP4,GlmMoeDsaForCausalLM,h100_sxm,vllm,0.24.0,FAIL,"Strict-native op-level FPE probes: PERF_DATA_MISSING=116; raw probes=116; topologies=29; source_sha=26dae1f99b2b50fb17118f38d8a8e95dfac3357c. Representative failure: perf database error: MoE data missing for MoeKey { quant: ""nvfp4_wo"", distribution: ""uniform"", topk: 8, num_experts: 256, hidden_size: 6144, inter_size: 2048, moe_tp_size: 1, moe_ep_size: 1 } at <repo>/python/aisimulate/src/aiconfigurator_core/systems/data/h100_sxm/vllm/0.24.0","python python/aisimulate/tools/support_matrix/generate_fpe_support_matrix.py --model ""nvidia/GLM-5.2-NVFP4"" --system ""h100_sxm"" --backend ""vllm"" --backend-version ""0.24.0"" --forward-model op_level --max-workers 8",,116,29,PERF_DATA_MISSING=116,,26dae1f99b2b50fb17118f38d8a8e95dfac3357c
nvidia/Gemma-4-26B-A4B-NVFP4,Gemma4ForConditionalGeneration,h100_sxm,sglang,0.5.10,FAIL,"Strict-native op-level FPE probes: PERF_DATA_MISSING=220, SDK_UNREPRESENTABLE=320; raw probes=540; topologies=135; source_sha=26dae1f99b2b50fb17118f38d8a8e95dfac3357c. Representative failure: perf database error: GEMM perf data missing for quant 'nvfp4_wo' at <repo>/python/aisimulate/src/aiconfigurator_core/systems/data/h100_sxm/sglang/0.5.10; available: [""bfloat16"", ""fp8"", ""fp8_block"", ""int8_wo""]","python python/aisimulate/tools/support_matrix/generate_fpe_support_matrix.py --model ""nvidia/Gemma-4-26B-A4B-NVFP4"" --system ""h100_sxm"" --backend ""sglang"" --backend-version ""0.5.10"" --forward-model op_level --max-workers 8",,540,135,"PERF_DATA_MISSING=220, SDK_UNREPRESENTABLE=320",,26dae1f99b2b50fb17118f38d8a8e95dfac3357c
nvidia/Gemma-4-26B-A4B-NVFP4,Gemma4ForConditionalGeneration,h100_sxm,sglang,0.5.12,FAIL,"Strict-native op-level FPE probes: PERF_DATA_MISSING=220, SDK_UNREPRESENTABLE=320; raw probes=540; topologies=135; source_sha=26dae1f99b2b50fb17118f38d8a8e95dfac3357c. Representative failure: perf database error: GEMM perf data missing for quant 'nvfp4_wo' at <repo>/python/aisimulate/src/aiconfigurator_core/systems/data/h100_sxm/sglang/0.5.12; available: [""bfloat16"", ""fp8"", ""fp8_block"", ""int8_wo""]","python python/aisimulate/tools/support_matrix/generate_fpe_support_matrix.py --model ""nvidia/Gemma-4-26B-A4B-NVFP4"" --system ""h100_sxm"" --backend ""sglang"" --backend-version ""0.5.12"" --forward-model op_level --max-workers 8",,540,135,"PERF_DATA_MISSING=220, SDK_UNREPRESENTABLE=320",,26dae1f99b2b50fb17118f38d8a8e95dfac3357c
nvidia/Gemma-4-26B-A4B-NVFP4,Gemma4ForConditionalGeneration,h100_sxm,sglang,0.5.14,FAIL,"Strict-native op-level FPE probes: PERF_DATA_MISSING=220, SDK_UNREPRESENTABLE=320; raw probes=540; topologies=135; source_sha=26dae1f99b2b50fb17118f38d8a8e95dfac3357c. Representative failure: perf database error: GEMM perf data missing for quant 'nvfp4_wo' at <repo>/python/aisimulate/src/aiconfigurator_core/systems/data/h100_sxm/sglang/0.5.14; available: [""bfloat16"", ""fp8"", ""fp8_block"", ""int8_wo""]","python python/aisimulate/tools/support_matrix/generate_fpe_support_matrix.py --model ""nvidia/Gemma-4-26B-A4B-NVFP4"" --system ""h100_sxm"" --backend ""sglang"" --backend-version ""0.5.14"" --forward-model op_level --max-workers 8",,540,135,"PERF_DATA_MISSING=220, SDK_UNREPRESENTABLE=320",,26dae1f99b2b50fb17118f38d8a8e95dfac3357c
nvidia/Gemma-4-26B-A4B-NVFP4,Gemma4ForConditionalGeneration,h100_sxm,sglang,0.5.16,FAIL,"Strict-native op-level FPE probes: PERF_DATA_MISSING=220, SDK_UNREPRESENTABLE=320; raw probes=540; topologies=135; source_sha=26dae1f99b2b50fb17118f38d8a8e95dfac3357c. Representative failure: perf database error: GEMM perf data missing for quant 'nvfp4_wo' at <repo>/python/aisimulate/src/aiconfigurator_core/systems/data/h100_sxm/sglang/0.5.16; available: [""bfloat16"", ""fp8"", ""fp8_block"", ""int8_wo""]","python python/aisimulate/tools/support_matrix/generate_fpe_support_matrix.py --model ""nvidia/Gemma-4-26B-A4B-NVFP4"" --system ""h100_sxm"" --backend ""sglang"" --backend-version ""0.5.16"" --forward-model op_level --max-workers 8",,540,135,"PERF_DATA_MISSING=220, SDK_UNREPRESENTABLE=320",,26dae1f99b2b50fb17118f38d8a8e95dfac3357c
nvidia/Gemma-4-26B-A4B-NVFP4,Gemma4ForConditionalGeneration,h100_sxm,sglang,0.5.6.post2,FAIL,"Strict-native op-level FPE probes: PERF_DATA_MISSING=220, SDK_UNREPRESENTABLE=320; raw probes=540; topologies=135; source_sha=26dae1f99b2b50fb17118f38d8a8e95dfac3357c. Representative failure: perf database error: GEMM perf data missing for quant 'nvfp4_wo' at <repo>/python/aisimulate/src/aiconfigurator_core/systems/data/h100_sxm/sglang/0.5.6.post2; available: [""bfloat16"", ""fp8"", ""fp8_block"", ""int8_wo""]","python python/aisimulate/tools/support_matrix/generate_fpe_support_matrix.py --model ""nvidia/Gemma-4-26B-A4B-NVFP4"" --system ""h100_sxm"" --backend ""sglang"" --backend-version ""0.5.6.post2"" --forward-model op_level --max-workers 8",,540,135,"PERF_DATA_MISSING=220, SDK_UNREPRESENTABLE=320",,26dae1f99b2b50fb17118f38d8a8e95dfac3357c
nvidia/Gemma-4-26B-A4B-NVFP4,Gemma4ForConditionalGeneration,h100_sxm,sglang,0.5.9,FAIL,"Strict-native op-level FPE probes: PERF_DATA_MISSING=220, SDK_UNREPRESENTABLE=320; raw probes=540; topologies=135; source_sha=26dae1f99b2b50fb17118f38d8a8e95dfac3357c. Representative failure: perf database error: GEMM perf data missing for quant 'nvfp4_wo' at <repo>/python/aisimulate/src/aiconfigurator_core/systems/data/h100_sxm/sglang/0.5.9; available: [""bfloat16"", ""fp8"", ""fp8_block"", ""int8_wo""]","python python/aisimulate/tools/support_matrix/generate_fpe_support_matrix.py --model ""nvidia/Gemma-4-26B-A4B-NVFP4"" --system ""h100_sxm"" --backend ""sglang"" --backend-version ""0.5.9"" --forward-model op_level --max-workers 8",,540,135,"PERF_DATA_MISSING=220, SDK_UNREPRESENTABLE=320",,26dae1f99b2b50fb17118f38d8a8e95dfac3357c
nvidia/Gemma-4-26B-A4B-NVFP4,Gemma4ForConditionalGeneration,h100_sxm,trtllm,1.2.0rc5,FAIL,"Strict-native op-level FPE probes: PERF_DATA_MISSING=116; raw probes=116; topologies=29; source_sha=26dae1f99b2b50fb17118f38d8a8e95dfac3357c. Representative failure: perf database error: GEMM perf data missing for quant 'nvfp4_wo' at <repo>/python/aisimulate/src/aiconfigurator_core/systems/data/h100_sxm/trtllm/1.2.0rc5; available: [""bfloat16"", ""fp8"", ""fp8_block""]","python python/aisimulate/tools/support_matrix/generate_fpe_support_matrix.py --model ""nvidia/Gemma-4-26B-A4B-NVFP4"" --system ""h100_sxm"" --backend ""trtllm"" --backend-version ""1.2.0rc5"" --forward-model op_level --max-workers 8",,116,29,PERF_DATA_MISSING=116,,26dae1f99b2b50fb17118f38d8a8e95dfac3357c
nvidia/Gemma-4-26B-A4B-NVFP4,Gemma4ForConditionalGeneration,h100_sxm,trtllm,1.3.0rc10,FAIL,"Strict-native op-level FPE probes: PERF_DATA_MISSING=116; raw probes=116; topologies=29; source_sha=26dae1f99b2b50fb17118f38d8a8e95dfac3357c. Representative failure: perf database error: GEMM perf data missing for quant 'nvfp4_wo' at <repo>/python/aisimulate/src/aiconfigurator_core/systems/data/h100_sxm/trtllm/1.3.0rc10; available: [""bfloat16"", ""fp8"", ""fp8_block""]","python python/aisimulate/tools/support_matrix/generate_fpe_support_matrix.py --model ""nvidia/Gemma-4-26B-A4B-NVFP4"" --system ""h100_sxm"" --backend ""trtllm"" --backend-version ""1.3.0rc10"" --forward-model op_level --max-workers 8",,116,29,PERF_DATA_MISSING=116,,26dae1f99b2b50fb17118f38d8a8e95dfac3357c
nvidia/Gemma-4-26B-A4B-NVFP4,Gemma4ForConditionalGeneration,h100_sxm,trtllm,1.3.0rc15,FAIL,"Strict-native op-level FPE probes: PERF_DATA_MISSING=116; raw probes=116; topologies=29; source_sha=26dae1f99b2b50fb17118f38d8a8e95dfac3357c. Representative failure: perf database error: GEMM perf data missing for quant 'nvfp4_wo' at <repo>/python/aisimulate/src/aiconfigurator_core/systems/data/h100_sxm/trtllm/1.3.0rc15; available: [""bfloat16"", ""fp8"", ""fp8_block""]","python python/aisimulate/tools/support_matrix/generate_fpe_support_matrix.py --model ""nvidia/Gemma-4-26B-A4B-NVFP4"" --system ""h100_sxm"" --backend ""trtllm"" --backend-version ""1.3.0rc15"" --forward-model op_level --max-workers 8",,116,29,PERF_DATA_MISSING=116,,26dae1f99b2b50fb17118f38d8a8e95dfac3357c
nvidia/Gemma-4-26B-A4B-NVFP4,Gemma4ForConditionalGeneration,h100_sxm,trtllm,1.3.0rc20,FAIL,"Strict-native op-level FPE probes: PERF_DATA_MISSING=116; raw probes=116; topologies=29; source_sha=26dae1f99b2b50fb17118f38d8a8e95dfac3357c. Representative failure: perf database error: GEMM perf data missing for quant 'nvfp4_wo' at <repo>/python/aisimulate/src/aiconfigurator_core/systems/data/h100_sxm/trtllm/1.3.0rc20; available: [""bfloat16"", ""fp8"", ""fp8_block""]","python python/aisimulate/tools/support_matrix/generate_fpe_support_matrix.py --model ""nvidia/Gemma-4-26B-A4B-NVFP4"" --system ""h100_sxm"" --backend ""trtllm"" --backend-version ""1.3.0rc20"" --forward-model op_level --max-workers 8",,116,29,PERF_DATA_MISSING=116,,26dae1f99b2b50fb17118f38d8a8e95dfac3357c
nvidia/Gemma-4-26B-A4B-NVFP4,Gemma4ForConditionalGeneration,h100_sxm,trtllm,1.3.0rc23,FAIL,"Strict-native op-level FPE probes: PERF_DATA_MISSING=116; raw probes=116; topologies=29; source_sha=26dae1f99b2b50fb17118f38d8a8e95dfac3357c. Representative failure: perf database error: GEMM perf data missing for quant 'nvfp4_wo' at <repo>/python/aisimulate/src/aiconfigurator_core/systems/data/h100_sxm/trtllm/1.3.0rc23; available: [""bfloat16"", ""fp8"", ""fp8_block""]","python python/aisimulate/tools/support_matrix/generate_fpe_support_matrix.py --model ""nvidia/Gemma-4-26B-A4B-NVFP4"" --system ""h100_sxm"" --backend ""trtllm"" --backend-version ""1.3.0rc23"" --forward-model op_level --max-workers 8",,116,29,PERF_DATA_MISSING=116,,26dae1f99b2b50fb17118f38d8a8e95dfac3357c
nvidia/Gemma-4-26B-A4B-NVFP4,Gemma4ForConditionalGeneration,h100_sxm,vllm,0.1.dev19262,FAIL,Strict-native op-level FPE probes: PERF_DATA_MISSING=116; raw probes=116; topologies=29; source_sha=26dae1f99b2b50fb17118f38d8a8e95dfac3357c. Representative failure: perf database error: perf database error: no GEMM rows loaded from 1 source(s) (first: <repo>/python/aisimulate/src/aiconfigurator_core/systems/data/h100_sxm/vllm/0.1.dev19262/gemm_perf.parquet),"python python/aisimulate/tools/support_matrix/generate_fpe_support_matrix.py --model ""nvidia/Gemma-4-26B-A4B-NVFP4"" --system ""h100_sxm"" --backend ""vllm"" --backend-version ""0.1.dev19262"" --forward-model op_level --max-workers 8",,116,29,PERF_DATA_MISSING=116,,26dae1f99b2b50fb17118f38d8a8e95dfac3357c
nvidia/Gemma-4-26B-A4B-NVFP4,Gemma4ForConditionalGeneration,h100_sxm,vllm,0.14.0,FAIL,"Strict-native op-level FPE probes: PERF_DATA_MISSING=116; raw probes=116; topologies=29; source_sha=26dae1f99b2b50fb17118f38d8a8e95dfac3357c. Representative failure: perf database error: GEMM perf data missing for quant 'nvfp4_wo' at <repo>/python/aisimulate/src/aiconfigurator_core/systems/data/h100_sxm/vllm/0.14.0; available: [""bfloat16"", ""fp8"", ""fp8_block""]","python python/aisimulate/tools/support_matrix/generate_fpe_support_matrix.py --model ""nvidia/Gemma-4-26B-A4B-NVFP4"" --system ""h100_sxm"" --backend ""vllm"" --backend-version ""0.14.0"" --forward-model op_level --max-workers 8",,116,29,PERF_DATA_MISSING=116,,26dae1f99b2b50fb17118f38d8a8e95dfac3357c
nvidia/Gemma-4-26B-A4B-NVFP4,Gemma4ForConditionalGeneration,h100_sxm,vllm,0.19.0,FAIL,"Strict-native op-level FPE probes: PERF_DATA_MISSING=116; raw probes=116; topologies=29; source_sha=26dae1f99b2b50fb17118f38d8a8e95dfac3357c. Representative failure: perf database error: GEMM perf data missing for quant 'nvfp4_wo' at <repo>/python/aisimulate/src/aiconfigurator_core/systems/data/h100_sxm/vllm/0.19.0; available: [""bfloat16"", ""fp8"", ""fp8_block""]","python python/aisimulate/tools/support_matrix/generate_fpe_support_matrix.py --model ""nvidia/Gemma-4-26B-A4B-NVFP4"" --system ""h100_sxm"" --backend ""vllm"" --backend-version ""0.19.0"" --forward-model op_level --max-workers 8",,116,29,PERF_DATA_MISSING=116,,26dae1f99b2b50fb17118f38d8a8e95dfac3357c
nvidia/Gemma-4-26B-A4B-NVFP4,Gemma4ForConditionalGeneration,h100_sxm,vllm,0.22.0,FAIL,"Strict-native op-level FPE probes: PERF_DATA_MISSING=116; raw probes=116; topologies=29; source_sha=26dae1f99b2b50fb17118f38d8a8e95dfac3357c. Representative failure: perf database error: GEMM perf data missing for quant 'nvfp4_wo' at <repo>/python/aisimulate/src/aiconfigurator_core/systems/data/h100_sxm/vllm/0.22.0; available: [""bfloat16"", ""fp8"", ""fp8_block""]","python python/aisimulate/tools/support_matrix/generate_fpe_support_matrix.py --model ""nvidia/Gemma-4-26B-A4B-NVFP4"" --system ""h100_sxm"" --backend ""vllm"" --backend-version ""0.22.0"" --forward-model op_level --max-workers 8",,116,29,PERF_DATA_MISSING=116,,26dae1f99b2b50fb17118f38d8a8e95dfac3357c
nvidia/Gemma-4-26B-A4B-NVFP4,Gemma4ForConditionalGeneration,h100_sxm,vllm,0.24.0,FAIL,"Strict-native op-level FPE probes: PERF_DATA_MISSING=116; raw probes=116; topologies=29; source_sha=26dae1f99b2b50fb17118f38d8a8e95dfac3357c. Representative failure: perf database error: GEMM perf data missing for quant 'nvfp4_wo' at <repo>/python/aisimulate/src/aiconfigurator_core/systems/data/h100_sxm/vllm/0.24.0; available: [""bfloat16"", ""fp8"", ""fp8_block""]","python python/aisimulate/tools/support_matrix/generate_fpe_support_matrix.py --model ""nvidia/Gemma-4-26B-A4B-NVFP4"" --system ""h100_sxm"" --backend ""vllm"" --backend-version ""0.24.0"" --forward-model op_level --max-workers 8",,116,29,PERF_DATA_MISSING=116,,26dae1f99b2b50fb17118f38d8a8e95dfac3357c
nvidia/Gemma-4-31B-IT-NVFP4,Gemma4ForConditionalGeneration,h100_sxm,sglang,0.5.10,FAIL,"Strict-native op-level FPE probes: BUILD_FAILED=160, PERF_DATA_MISSING=60, SDK_UNREPRESENTABLE=320; raw probes=540; topologies=135; source_sha=26dae1f99b2b50fb17118f38d8a8e95dfac3357c. Representative failure: dense Gemma 4 variants require moe_ep_size=1, got 16","python python/aisimulate/tools/support_matrix/generate_fpe_support_matrix.py --model ""nvidia/Gemma-4-31B-IT-NVFP4"" --system ""h100_sxm"" --backend ""sglang"" --backend-version ""0.5.10"" --forward-model op_level --max-workers 8",,540,135,"BUILD_FAILED=160, PERF_DATA_MISSING=60, SDK_UNREPRESENTABLE=320",,26dae1f99b2b50fb17118f38d8a8e95dfac3357c
nvidia/Gemma-4-31B-IT-NVFP4,Gemma4ForConditionalGeneration,h100_sxm,sglang,0.5.12,FAIL,"Strict-native op-level FPE probes: BUILD_FAILED=160, PERF_DATA_MISSING=60, SDK_UNREPRESENTABLE=320; raw probes=540; topologies=135; source_sha=26dae1f99b2b50fb17118f38d8a8e95dfac3357c. Representative failure: dense Gemma 4 variants require moe_ep_size=1, got 16","python python/aisimulate/tools/support_matrix/generate_fpe_support_matrix.py --model ""nvidia/Gemma-4-31B-IT-NVFP4"" --system ""h100_sxm"" --backend ""sglang"" --backend-version ""0.5.12"" --forward-model op_level --max-workers 8",,540,135,"BUILD_FAILED=160, PERF_DATA_MISSING=60, SDK_UNREPRESENTABLE=320",,26dae1f99b2b50fb17118f38d8a8e95dfac3357c
nvidia/Gemma-4-31B-IT-NVFP4,Gemma4ForConditionalGeneration,h100_sxm,sglang,0.5.14,FAIL,"Strict-native op-level FPE probes: BUILD_FAILED=160, PERF_DATA_MISSING=60, SDK_UNREPRESENTABLE=320; raw probes=540; topologies=135; source_sha=26dae1f99b2b50fb17118f38d8a8e95dfac3357c. Representative failure: dense Gemma 4 variants require moe_ep_size=1, got 16","python python/aisimulate/tools/support_matrix/generate_fpe_support_matrix.py --model ""nvidia/Gemma-4-31B-IT-NVFP4"" --system ""h100_sxm"" --backend ""sglang"" --backend-version ""0.5.14"" --forward-model op_level --max-workers 8",,540,135,"BUILD_FAILED=160, PERF_DATA_MISSING=60, SDK_UNREPRESENTABLE=320",,26dae1f99b2b50fb17118f38d8a8e95dfac3357c
nvidia/Gemma-4-31B-IT-NVFP4,Gemma4ForConditionalGeneration,h100_sxm,sglang,0.5.16,FAIL,"Strict-native op-level FPE probes: BUILD_FAILED=160, PERF_DATA_MISSING=60, SDK_UNREPRESENTABLE=320; raw probes=540; topologies=135; source_sha=26dae1f99b2b50fb17118f38d8a8e95dfac3357c. Representative failure: dense Gemma 4 variants require moe_ep_size=1, got 16","python python/aisimulate/tools/support_matrix/generate_fpe_support_matrix.py --model ""nvidia/Gemma-4-31B-IT-NVFP4"" --system ""h100_sxm"" --backend ""sglang"" --backend-version ""0.5.16"" --forward-model op_level --max-workers 8",,540,135,"BUILD_FAILED=160, PERF_DATA_MISSING=60, SDK_UNREPRESENTABLE=320",,26dae1f99b2b50fb17118f38d8a8e95dfac3357c
nvidia/Gemma-4-31B-IT-NVFP4,Gemma4ForConditionalGeneration,h100_sxm,sglang,0.5.6.post2,FAIL,"Strict-native op-level FPE probes: BUILD_FAILED=160, PERF_DATA_MISSING=60, SDK_UNREPRESENTABLE=320; raw probes=540; topologies=135; source_sha=26dae1f99b2b50fb17118f38d8a8e95dfac3357c. Representative failure: dense Gemma 4 variants require moe_ep_size=1, got 16","python python/aisimulate/tools/support_matrix/generate_fpe_support_matrix.py --model ""nvidia/Gemma-4-31B-IT-NVFP4"" --system ""h100_sxm"" --backend ""sglang"" --backend-version ""0.5.6.post2"" --forward-model op_level --max-workers 8",,540,135,"BUILD_FAILED=160, PERF_DATA_MISSING=60, SDK_UNREPRESENTABLE=320",,26dae1f99b2b50fb17118f38d8a8e95dfac3357c
nvidia/Gemma-4-31B-IT-NVFP4,Gemma4ForConditionalGeneration,h100_sxm,sglang,0.5.9,FAIL,"Strict-native op-level FPE probes: BUILD_FAILED=160, PERF_DATA_MISSING=60, SDK_UNREPRESENTABLE=320; raw probes=540; topologies=135; source_sha=26dae1f99b2b50fb17118f38d8a8e95dfac3357c. Representative failure: dense Gemma 4 variants require moe_ep_size=1, got 16","python python/aisimulate/tools/support_matrix/generate_fpe_support_matrix.py --model ""nvidia/Gemma-4-31B-IT-NVFP4"" --system ""h100_sxm"" --backend ""sglang"" --backend-version ""0.5.9"" --forward-model op_level --max-workers 8",,540,135,"BUILD_FAILED=160, PERF_DATA_MISSING=60, SDK_UNREPRESENTABLE=320",,26dae1f99b2b50fb17118f38d8a8e95dfac3357c
nvidia/Gemma-4-31B-IT-NVFP4,Gemma4ForConditionalGeneration,h100_sxm,trtllm,1.2.0rc5,FAIL,"Strict-native op-level FPE probes: BUILD_FAILED=80, PERF_DATA_MISSING=36; raw probes=116; topologies=29; source_sha=26dae1f99b2b50fb17118f38d8a8e95dfac3357c. Representative failure: dense Gemma 4 variants require moe_ep_size=1, got 16","python python/aisimulate/tools/support_matrix/generate_fpe_support_matrix.py --model ""nvidia/Gemma-4-31B-IT-NVFP4"" --system ""h100_sxm"" --backend ""trtllm"" --backend-version ""1.2.0rc5"" --forward-model op_level --max-workers 8",,116,29,"BUILD_FAILED=80, PERF_DATA_MISSING=36",,26dae1f99b2b50fb17118f38d8a8e95dfac3357c
nvidia/Gemma-4-31B-IT-NVFP4,Gemma4ForConditionalGeneration,h100_sxm,trtllm,1.3.0rc10,FAIL,"Strict-native op-level FPE probes: BUILD_FAILED=80, PERF_DATA_MISSING=36; raw probes=116; topologies=29; source_sha=26dae1f99b2b50fb17118f38d8a8e95dfac3357c. Representative failure: dense Gemma 4 variants require moe_ep_size=1, got 16","python python/aisimulate/tools/support_matrix/generate_fpe_support_matrix.py --model ""nvidia/Gemma-4-31B-IT-NVFP4"" --system ""h100_sxm"" --backend ""trtllm"" --backend-version ""1.3.0rc10"" --forward-model op_level --max-workers 8",,116,29,"BUILD_FAILED=80, PERF_DATA_MISSING=36",,26dae1f99b2b50fb17118f38d8a8e95dfac3357c
nvidia/Gemma-4-31B-IT-NVFP4,Gemma4ForConditionalGeneration,h100_sxm,trtllm,1.3.0rc15,FAIL,"Strict-native op-level FPE probes: BUILD_FAILED=80, PERF_DATA_MISSING=36; raw probes=116; topologies=29; source_sha=26dae1f99b2b50fb17118f38d8a8e95dfac3357c. Representative failure: dense Gemma 4 variants require moe_ep_size=1, got 16","python python/aisimulate/tools/support_matrix/generate_fpe_support_matrix.py --model ""nvidia/Gemma-4-31B-IT-NVFP4"" --system ""h100_sxm"" --backend ""trtllm"" --backend-version ""1.3.0rc15"" --forward-model op_level --max-workers 8",,116,29,"BUILD_FAILED=80, PERF_DATA_MISSING=36",,26dae1f99b2b50fb17118f38d8a8e95dfac3357c
nvidia/Gemma-4-31B-IT-NVFP4,Gemma4ForConditionalGeneration,h100_sxm,trtllm,1.3.0rc20,FAIL,"Strict-native op-level FPE probes: BUILD_FAILED=80, PERF_DATA_MISSING=36; raw probes=116; topologies=29; source_sha=26dae1f99b2b50fb17118f38d8a8e95dfac3357c. Representative failure: dense Gemma 4 variants require moe_ep_size=1, got 16","python python/aisimulate/tools/support_matrix/generate_fpe_support_matrix.py --model ""nvidia/Gemma-4-31B-IT-NVFP4"" --system ""h100_sxm"" --backend ""trtllm"" --backend-version ""1.3.0rc20"" --forward-model op_level --max-workers 8",,116,29,"BUILD_FAILED=80, PERF_DATA_MISSING=36",,26dae1f99b2b50fb17118f38d8a8e95dfac3357c
nvidia/Gemma-4-31B-IT-NVFP4,Gemma4ForConditionalGeneration,h100_sxm,trtllm,1.3.0rc23,FAIL,"Strict-native op-level FPE probes: BUILD_FAILED=80, PERF_DATA_MISSING=36; raw probes=116; topologies=29; source_sha=26dae1f99b2b50fb17118f38d8a8e95dfac3357c. Representative failure: dense Gemma 4 variants require moe_ep_size=1, got 16","python python/aisimulate/tools/support_matrix/generate_fpe_support_matrix.py --model ""nvidia/Gemma-4-31B-IT-NVFP4"" --system ""h100_sxm"" --backend ""trtllm"" --backend-version ""1.3.0rc23"" --forward-model op_level --max-workers 8",,116,29,"BUILD_FAILED=80, PERF_DATA_MISSING=36",,26dae1f99b2b50fb17118f38d8a8e95dfac3357c
nvidia/Gemma-4-31B-IT-NVFP4,Gemma4ForConditionalGeneration,h100_sxm,vllm,0.1.dev19262,FAIL,"Strict-native op-level FPE probes: BUILD_FAILED=56, PERF_DATA_MISSING=60; raw probes=116; topologies=29; source_sha=26dae1f99b2b50fb17118f38d8a8e95dfac3357c. Representative failure: dense Gemma 4 variants require moe_ep_size=1, got 16","python python/aisimulate/tools/support_matrix/generate_fpe_support_matrix.py --model ""nvidia/Gemma-4-31B-IT-NVFP4"" --system ""h100_sxm"" --backend ""vllm"" --backend-version ""0.1.dev19262"" --forward-model op_level --max-workers 8",,116,29,"BUILD_FAILED=56, PERF_DATA_MISSING=60",,26dae1f99b2b50fb17118f38d8a8e95dfac3357c
nvidia/Gemma-4-31B-IT-NVFP4,Gemma4ForConditionalGeneration,h100_sxm,vllm,0.14.0,FAIL,"Strict-native op-level FPE probes: BUILD_FAILED=56, PERF_DATA_MISSING=60; raw probes=116; topologies=29; source_sha=26dae1f99b2b50fb17118f38d8a8e95dfac3357c. Representative failure: dense Gemma 4 variants require moe_ep_size=1, got 16","python python/aisimulate/tools/support_matrix/generate_fpe_support_matrix.py --model ""nvidia/Gemma-4-31B-IT-NVFP4"" --system ""h100_sxm"" --backend ""vllm"" --backend-version ""0.14.0"" --forward-model op_level --max-workers 8",,116,29,"BUILD_FAILED=56, PERF_DATA_MISSING=60",,26dae1f99b2b50fb17118f38d8a8e95dfac3357c
nvidia/Gemma-4-31B-IT-NVFP4,Gemma4ForConditionalGeneration,h100_sxm,vllm,0.19.0,FAIL,"Strict-native op-level FPE probes: BUILD_FAILED=56, PERF_DATA_MISSING=60; raw probes=116; topologies=29; source_sha=26dae1f99b2b50fb17118f38d8a8e95dfac3357c. Representative failure: dense Gemma 4 variants require moe_ep_size=1, got 16","python python/aisimulate/tools/support_matrix/generate_fpe_support_matrix.py --model ""nvidia/Gemma-4-31B-IT-NVFP4"" --system ""h100_sxm"" --backend ""vllm"" --backend-version ""0.19.0"" --forward-model op_level --max-workers 8",,116,29,"BUILD_FAILED=56, PERF_DATA_MISSING=60",,26dae1f99b2b50fb17118f38d8a8e95dfac3357c
nvidia/Gemma-4-31B-IT-NVFP4,Gemma4ForConditionalGeneration,h100_sxm,vllm,0.22.0,FAIL,"Strict-native op-level FPE probes: BUILD_FAILED=56, PERF_DATA_MISSING=60; raw probes=116; topologies=29; source_sha=26dae1f99b2b50fb17118f38d8a8e95dfac3357c. Representative failure: dense Gemma 4 variants require moe_ep_size=1, got 16","python python/aisimulate/tools/support_matrix/generate_fpe_support_matrix.py --model ""nvidia/Gemma-4-31B-IT-NVFP4"" --system ""h100_sxm"" --backend ""vllm"" --backend-version ""0.22.0"" --forward-model op_level --max-workers 8",,116,29,"BUILD_FAILED=56, PERF_DATA_MISSING=60",,26dae1f99b2b50fb17118f38d8a8e95dfac3357c
nvidia/Gemma-4-31B-IT-NVFP4,Gemma4ForConditionalGeneration,h100_sxm,vllm,0.24.0,FAIL,"Strict-native op-level FPE probes: BUILD_FAILED=56, PERF_DATA_MISSING=60; raw probes=116; topologies=29; source_sha=26dae1f99b2b50fb17118f38d8a8e95dfac3357c. Representative failure: dense Gemma 4 variants require moe_ep_size=1, got 16","python python/aisimulate/tools/support_matrix/generate_fpe_support_matrix.py --model ""nvidia/Gemma-4-31B-IT-NVFP4"" --system ""h100_sxm"" --backend ""vllm"" --backend-version ""0.24.0"" --forward-model op_level --max-workers 8",,116,29,"BUILD_FAILED=56, PERF_DATA_MISSING=60",,26dae1f99b2b50fb17118f38d8a8e95dfac3357c
nvidia/Kimi-K2.5-NVFP4,KimiK25ForConditionalGeneration,h100_sxm,sglang,0.5.10,FAIL,"Strict-native op-level FPE probes: PERF_DATA_MISSING=220, SDK_UNREPRESENTABLE=320; raw probes=540; topologies=135; source_sha=26dae1f99b2b50fb17118f38d8a8e95dfac3357c. Representative failure: perf database error: GEMM perf data missing for quant 'nvfp4_wo' at <repo>/python/aisimulate/src/aiconfigurator_core/systems/data/h100_sxm/sglang/0.5.10; available: [""bfloat16"", ""fp8"", ""fp8_block"", ""int8_wo""]","python python/aisimulate/tools/support_matrix/generate_fpe_support_matrix.py --model ""nvidia/Kimi-K2.5-NVFP4"" --system ""h100_sxm"" --backend ""sglang"" --backend-version ""0.5.10"" --forward-model op_level --max-workers 8",,540,135,"PERF_DATA_MISSING=220, SDK_UNREPRESENTABLE=320",,26dae1f99b2b50fb17118f38d8a8e95dfac3357c
nvidia/Kimi-K2.5-NVFP4,KimiK25ForConditionalGeneration,h100_sxm,sglang,0.5.12,FAIL,"Strict-native op-level FPE probes: PERF_DATA_MISSING=220, SDK_UNREPRESENTABLE=320; raw probes=540; topologies=135; source_sha=26dae1f99b2b50fb17118f38d8a8e95dfac3357c. Representative failure: perf database error: GEMM perf data missing for quant 'nvfp4_wo' at <repo>/python/aisimulate/src/aiconfigurator_core/systems/data/h100_sxm/sglang/0.5.12; available: [""bfloat16"", ""fp8"", ""fp8_block"", ""int8_wo""]","python python/aisimulate/tools/support_matrix/generate_fpe_support_matrix.py --model ""nvidia/Kimi-K2.5-NVFP4"" --system ""h100_sxm"" --backend ""sglang"" --backend-version ""0.5.12"" --forward-model op_level --max-workers 8",,540,135,"PERF_DATA_MISSING=220, SDK_UNREPRESENTABLE=320",,26dae1f99b2b50fb17118f38d8a8e95dfac3357c
nvidia/Kimi-K2.5-NVFP4,KimiK25ForConditionalGeneration,h100_sxm,sglang,0.5.14,FAIL,"Strict-native op-level FPE probes: PERF_DATA_MISSING=220, SDK_UNREPRESENTABLE=320; raw probes=540; topologies=135; source_sha=26dae1f99b2b50fb17118f38d8a8e95dfac3357c. Representative failure: perf database error: GEMM perf data missing for quant 'nvfp4_wo' at <repo>/python/aisimulate/src/aiconfigurator_core/systems/data/h100_sxm/sglang/0.5.14; available: [""bfloat16"", ""fp8"", ""fp8_block"", ""int8_wo""]","python python/aisimulate/tools/support_matrix/generate_fpe_support_matrix.py --model ""nvidia/Kimi-K2.5-NVFP4"" --system ""h100_sxm"" --backend ""sglang"" --backend-version ""0.5.14"" --forward-model op_level --max-workers 8",,540,135,"PERF_DATA_MISSING=220, SDK_UNREPRESENTABLE=320",,26dae1f99b2b50fb17118f38d8a8e95dfac3357c
nvidia/Kimi-K2.5-NVFP4,KimiK25ForConditionalGeneration,h100_sxm,sglang,0.5.16,FAIL,"Strict-native op-level FPE probes: PERF_DATA_MISSING=220, SDK_UNREPRESENTABLE=320; raw probes=540; topologies=135; source_sha=26dae1f99b2b50fb17118f38d8a8e95dfac3357c. Representative failure: perf database error: GEMM perf data missing for quant 'nvfp4_wo' at <repo>/python/aisimulate/src/aiconfigurator_core/systems/data/h100_sxm/sglang/0.5.16; available: [""bfloat16"", ""fp8"", ""fp8_block"", ""int8_wo""]","python python/aisimulate/tools/support_matrix/generate_fpe_support_matrix.py --model ""nvidia/Kimi-K2.5-NVFP4"" --system ""h100_sxm"" --backend ""sglang"" --backend-version ""0.5.16"" --forward-model op_level --max-workers 8",,540,135,"PERF_DATA_MISSING=220, SDK_UNREPRESENTABLE=320",,26dae1f99b2b50fb17118f38d8a8e95dfac3357c
nvidia/Kimi-K2.5-NVFP4,KimiK25ForConditionalGeneration,h100_sxm,sglang,0.5.6.post2,FAIL,"Strict-native op-level FPE probes: PERF_DATA_MISSING=220, SDK_UNREPRESENTABLE=320; raw probes=540; topologies=135; source_sha=26dae1f99b2b50fb17118f38d8a8e95dfac3357c. Representative failure: perf database error: GEMM perf data missing for quant 'nvfp4_wo' at <repo>/python/aisimulate/src/aiconfigurator_core/systems/data/h100_sxm/sglang/0.5.6.post2; available: [""bfloat16"", ""fp8"", ""fp8_block"", ""int8_wo""]","python python/aisimulate/tools/support_matrix/generate_fpe_support_matrix.py --model ""nvidia/Kimi-K2.5-NVFP4"" --system ""h100_sxm"" --backend ""sglang"" --backend-version ""0.5.6.post2"" --forward-model op_level --max-workers 8",,540,135,"PERF_DATA_MISSING=220, SDK_UNREPRESENTABLE=320",,26dae1f99b2b50fb17118f38d8a8e95dfac3357c
nvidia/Kimi-K2.5-NVFP4,KimiK25ForConditionalGeneration,h100_sxm,sglang,0.5.9,FAIL,"Strict-native op-level FPE probes: PERF_DATA_MISSING=220, SDK_UNREPRESENTABLE=320; raw probes=540; topologies=135; source_sha=26dae1f99b2b50fb17118f38d8a8e95dfac3357c. Representative failure: perf database error: GEMM perf data missing for quant 'nvfp4_wo' at <repo>/python/aisimulate/src/aiconfigurator_core/systems/data/h100_sxm/sglang/0.5.9; available: [""bfloat16"", ""fp8"", ""fp8_block"", ""int8_wo""]","python python/aisimulate/tools/support_matrix/generate_fpe_support_matrix.py --model ""nvidia/Kimi-K2.5-NVFP4"" --system ""h100_sxm"" --backend ""sglang"" --backend-version ""0.5.9"" --forward-model op_level --max-workers 8",,540,135,"PERF_DATA_MISSING=220, SDK_UNREPRESENTABLE=320",,26dae1f99b2b50fb17118f38d8a8e95dfac3357c
nvidia/Kimi-K2.5-NVFP4,KimiK25ForConditionalGeneration,h100_sxm,trtllm,1.2.0rc5,FAIL,"Strict-native op-level FPE probes: PERF_DATA_MISSING=116; raw probes=116; topologies=29; source_sha=26dae1f99b2b50fb17118f38d8a8e95dfac3357c. Representative failure: perf database error: GEMM perf data missing for quant 'nvfp4_wo' at <repo>/python/aisimulate/src/aiconfigurator_core/systems/data/h100_sxm/trtllm/1.2.0rc5; available: [""bfloat16"", ""fp8"", ""fp8_block""]","python python/aisimulate/tools/support_matrix/generate_fpe_support_matrix.py --model ""nvidia/Kimi-K2.5-NVFP4"" --system ""h100_sxm"" --backend ""trtllm"" --backend-version ""1.2.0rc5"" --forward-model op_level --max-workers 8",,116,29,PERF_DATA_MISSING=116,,26dae1f99b2b50fb17118f38d8a8e95dfac3357c
nvidia/Kimi-K2.5-NVFP4,KimiK25ForConditionalGeneration,h100_sxm,trtllm,1.3.0rc10,FAIL,"Strict-native op-level FPE probes: PERF_DATA_MISSING=116; raw probes=116; topologies=29; source_sha=26dae1f99b2b50fb17118f38d8a8e95dfac3357c. Representative failure: perf database error: GEMM perf data missing for quant 'nvfp4_wo' at <repo>/python/aisimulate/src/aiconfigurator_core/systems/data/h100_sxm/trtllm/1.3.0rc10; available: [""bfloat16"", ""fp8"", ""fp8_block""]","python python/aisimulate/tools/support_matrix/generate_fpe_support_matrix.py --model ""nvidia/Kimi-K2.5-NVFP4"" --system ""h100_sxm"" --backend ""trtllm"" --backend-version ""1.3.0rc10"" --forward-model op_level --max-workers 8",,116,29,PERF_DATA_MISSING=116,,26dae1f99b2b50fb17118f38d8a8e95dfac3357c
nvidia/Kimi-K2.5-NVFP4,KimiK25ForConditionalGeneration,h100_sxm,trtllm,1.3.0rc15,FAIL,"Strict-native op-level FPE probes: PERF_DATA_MISSING=116; raw probes=116; topologies=29; source_sha=26dae1f99b2b50fb17118f38d8a8e95dfac3357c. Representative failure: perf database error: GEMM perf data missing for quant 'nvfp4_wo' at <repo>/python/aisimulate/src/aiconfigurator_core/systems/data/h100_sxm/trtllm/1.3.0rc15; available: [""bfloat16"", ""fp8"", ""fp8_block""]","python python/aisimulate/tools/support_matrix/generate_fpe_support_matrix.py --model ""nvidia/Kimi-K2.5-NVFP4"" --system ""h100_sxm"" --backend ""trtllm"" --backend-version ""1.3.0rc15"" --forward-model op_level --max-workers 8",,116,29,PERF_DATA_MISSING=116,,26dae1f99b2b50fb17118f38d8a8e95dfac3357c
nvidia/Kimi-K2.5-NVFP4,KimiK25ForConditionalGeneration,h100_sxm,trtllm,1.3.0rc20,FAIL,"Strict-native op-level FPE probes: PERF_DATA_MISSING=116; raw probes=116; topologies=29; source_sha=26dae1f99b2b50fb17118f38d8a8e95dfac3357c. Representative failure: perf database error: GEMM perf data missing for quant 'nvfp4_wo' at <repo>/python/aisimulate/src/aiconfigurator_core/systems/data/h100_sxm/trtllm/1.3.0rc20; available: [""bfloat16"", ""fp8"", ""fp8_block""]","python python/aisimulate/tools/support_matrix/generate_fpe_support_matrix.py --model ""nvidia/Kimi-K2.5-NVFP4"" --system ""h100_sxm"" --backend ""trtllm"" --backend-version ""1.3.0rc20"" --forward-model op_level --max-workers 8",,116,29,PERF_DATA_MISSING=116,,26dae1f99b2b50fb17118f38d8a8e95dfac3357c
nvidia/Kimi-K2.5-NVFP4,KimiK25ForConditionalGeneration,h100_sxm,trtllm,1.3.0rc23,FAIL,"Strict-native op-level FPE probes: PERF_DATA_MISSING=116; raw probes=116; topologies=29; source_sha=26dae1f99b2b50fb17118f38d8a8e95dfac3357c. Representative failure: perf database error: GEMM perf data missing for quant 'nvfp4_wo' at <repo>/python/aisimulate/src/aiconfigurator_core/systems/data/h100_sxm/trtllm/1.3.0rc23; available: [""bfloat16"", ""fp8"", ""fp8_block""]","python python/aisimulate/tools/support_matrix/generate_fpe_support_matrix.py --model ""nvidia/Kimi-K2.5-NVFP4"" --system ""h100_sxm"" --backend ""trtllm"" --backend-version ""1.3.0rc23"" --forward-model op_level --max-workers 8",,116,29,PERF_DATA_MISSING=116,,26dae1f99b2b50fb17118f38d8a8e95dfac3357c
nvidia/Kimi-K2.5-NVFP4,KimiK25ForConditionalGeneration,h100_sxm,vllm,0.1.dev19262,FAIL,Strict-native op-level FPE probes: PERF_DATA_MISSING=116; raw probes=116; topologies=29; source_sha=26dae1f99b2b50fb17118f38d8a8e95dfac3357c. Representative failure: perf database error: perf database error: no GEMM rows loaded from 1 source(s) (first: <repo>/python/aisimulate/src/aiconfigurator_core/systems/data/h100_sxm/vllm/0.1.dev19262/gemm_perf.parquet),"python python/aisimulate/tools/support_matrix/generate_fpe_support_matrix.py --model ""nvidia/Kimi-K2.5-NVFP4"" --system ""h100_sxm"" --backend ""vllm"" --backend-version ""0.1.dev19262"" --forward-model op_level --max-workers 8",,116,29,PERF_DATA_MISSING=116,,26dae1f99b2b50fb17118f38d8a8e95dfac3357c
nvidia/Kimi-K2.5-NVFP4,KimiK25ForConditionalGeneration,h100_sxm,vllm,0.14.0,FAIL,"Strict-native op-level FPE probes: PERF_DATA_MISSING=116; raw probes=116; topologies=29; source_sha=26dae1f99b2b50fb17118f38d8a8e95dfac3357c. Representative failure: perf database error: GEMM perf data missing for quant 'nvfp4_wo' at <repo>/python/aisimulate/src/aiconfigurator_core/systems/data/h100_sxm/vllm/0.14.0; available: [""bfloat16"", ""fp8"", ""fp8_block""]","python python/aisimulate/tools/support_matrix/generate_fpe_support_matrix.py --model ""nvidia/Kimi-K2.5-NVFP4"" --system ""h100_sxm"" --backend ""vllm"" --backend-version ""0.14.0"" --forward-model op_level --max-workers 8",,116,29,PERF_DATA_MISSING=116,,26dae1f99b2b50fb17118f38d8a8e95dfac3357c
nvidia/Kimi-K2.5-NVFP4,KimiK25ForConditionalGeneration,h100_sxm,vllm,0.19.0,FAIL,"Strict-native op-level FPE probes: PERF_DATA_MISSING=116; raw probes=116; topologies=29; source_sha=26dae1f99b2b50fb17118f38d8a8e95dfac3357c. Representative failure: perf database error: GEMM perf data missing for quant 'nvfp4_wo' at <repo>/python/aisimulate/src/aiconfigurator_core/systems/data/h100_sxm/vllm/0.19.0; available: [""bfloat16"", ""fp8"", ""fp8_block""]","python python/aisimulate/tools/support_matrix/generate_fpe_support_matrix.py --model ""nvidia/Kimi-K2.5-NVFP4"" --system ""h100_sxm"" --backend ""vllm"" --backend-version ""0.19.0"" --forward-model op_level --max-workers 8",,116,29,PERF_DATA_MISSING=116,,26dae1f99b2b50fb17118f38d8a8e95dfac3357c
nvidia/Kimi-K2.5-NVFP4,KimiK25ForConditionalGeneration,h100_sxm,vllm,0.22.0,FAIL,"Strict-native op-level FPE probes: PERF_DATA_MISSING=116; raw probes=116; topologies=29; source_sha=26dae1f99b2b50fb17118f38d8a8e95dfac3357c. Representative failure: perf database error: GEMM perf data missing for quant 'nvfp4_wo' at <repo>/python/aisimulate/src/aiconfigurator_core/systems/data/h100_sxm/vllm/0.22.0; available: [""bfloat16"", ""fp8"", ""fp8_block""]","python python/aisimulate/tools/support_matrix/generate_fpe_support_matrix.py --model ""nvidia/Kimi-K2.5-NVFP4"" --system ""h100_sxm"" --backend ""vllm"" --backend-version ""0.22.0"" --forward-model op_level --max-workers 8",,116,29,PERF_DATA_MISSING=116,,26dae1f99b2b50fb17118f38d8a8e95dfac3357c
nvidia/Kimi-K2.5-NVFP4,KimiK25ForConditionalGeneration,h100_sxm,vllm,0.24.0,FAIL,"Strict-native op-level FPE probes: PERF_DATA_MISSING=116; raw probes=116; topologies=29; source_sha=26dae1f99b2b50fb17118f38d8a8e95dfac3357c. Representative failure: perf database error: GEMM perf data missing for quant 'nvfp4_wo' at <repo>/python/aisimulate/src/aiconfigurator_core/systems/data/h100_sxm/vllm/0.24.0; available: [""bfloat16"", ""fp8"", ""fp8_block""]","python python/aisimulate/tools/support_matrix/generate_fpe_support_matrix.py --model ""nvidia/Kimi-K2.5-NVFP4"" --system ""h100_sxm"" --backend ""vllm"" --backend-version ""0.24.0"" --forward-model op_level --max-workers 8",,116,29,PERF_DATA_MISSING=116,,26dae1f99b2b50fb17118f38d8a8e95dfac3357c
nvidia/Kimi-K2.6-NVFP4,KimiK25ForConditionalGeneration,h100_sxm,sglang,0.5.10,FAIL,"Strict-native op-level FPE probes: PERF_DATA_MISSING=220, SDK_UNREPRESENTABLE=320; raw probes=540; topologies=135; source_sha=26dae1f99b2b50fb17118f38d8a8e95dfac3357c. Representative failure: perf database error: GEMM perf data missing for quant 'nvfp4_wo' at <repo>/python/aisimulate/src/aiconfigurator_core/systems/data/h100_sxm/sglang/0.5.10; available: [""bfloat16"", ""fp8"", ""fp8_block"", ""int8_wo""]","python python/aisimulate/tools/support_matrix/generate_fpe_support_matrix.py --model ""nvidia/Kimi-K2.6-NVFP4"" --system ""h100_sxm"" --backend ""sglang"" --backend-version ""0.5.10"" --forward-model op_level --max-workers 8",,540,135,"PERF_DATA_MISSING=220, SDK_UNREPRESENTABLE=320",,26dae1f99b2b50fb17118f38d8a8e95dfac3357c
nvidia/Kimi-K2.6-NVFP4,KimiK25ForConditionalGeneration,h100_sxm,sglang,0.5.12,FAIL,"Strict-native op-level FPE probes: PERF_DATA_MISSING=220, SDK_UNREPRESENTABLE=320; raw probes=540; topologies=135; source_sha=26dae1f99b2b50fb17118f38d8a8e95dfac3357c. Representative failure: perf database error: GEMM perf data missing for quant 'nvfp4_wo' at <repo>/python/aisimulate/src/aiconfigurator_core/systems/data/h100_sxm/sglang/0.5.12; available: [""bfloat16"", ""fp8"", ""fp8_block"", ""int8_wo""]","python python/aisimulate/tools/support_matrix/generate_fpe_support_matrix.py --model ""nvidia/Kimi-K2.6-NVFP4"" --system ""h100_sxm"" --backend ""sglang"" --backend-version ""0.5.12"" --forward-model op_level --max-workers 8",,540,135,"PERF_DATA_MISSING=220, SDK_UNREPRESENTABLE=320",,26dae1f99b2b50fb17118f38d8a8e95dfac3357c
nvidia/Kimi-K2.6-NVFP4,KimiK25ForConditionalGeneration,h100_sxm,sglang,0.5.14,FAIL,"Strict-native op-level FPE probes: PERF_DATA_MISSING=220, SDK_UNREPRESENTABLE=320; raw probes=540; topologies=135; source_sha=26dae1f99b2b50fb17118f38d8a8e95dfac3357c. Representative failure: perf database error: GEMM perf data missing for quant 'nvfp4_wo' at <repo>/python/aisimulate/src/aiconfigurator_core/systems/data/h100_sxm/sglang/0.5.14; available: [""bfloat16"", ""fp8"", ""fp8_block"", ""int8_wo""]","python python/aisimulate/tools/support_matrix/generate_fpe_support_matrix.py --model ""nvidia/Kimi-K2.6-NVFP4"" --system ""h100_sxm"" --backend ""sglang"" --backend-version ""0.5.14"" --forward-model op_level --max-workers 8",,540,135,"PERF_DATA_MISSING=220, SDK_UNREPRESENTABLE=320",,26dae1f99b2b50fb17118f38d8a8e95dfac3357c
nvidia/Kimi-K2.6-NVFP4,KimiK25ForConditionalGeneration,h100_sxm,sglang,0.5.16,FAIL,"Strict-native op-level FPE probes: PERF_DATA_MISSING=220, SDK_UNREPRESENTABLE=320; raw probes=540; topologies=135; source_sha=26dae1f99b2b50fb17118f38d8a8e95dfac3357c. Representative failure: perf database error: GEMM perf data missing for quant 'nvfp4_wo' at <repo>/python/aisimulate/src/aiconfigurator_core/systems/data/h100_sxm/sglang/0.5.16; available: [""bfloat16"", ""fp8"", ""fp8_block"", ""int8_wo""]","python python/aisimulate/tools/support_matrix/generate_fpe_support_matrix.py --model ""nvidia/Kimi-K2.6-NVFP4"" --system ""h100_sxm"" --backend ""sglang"" --backend-version ""0.5.16"" --forward-model op_level --max-workers 8",,540,135,"PERF_DATA_MISSING=220, SDK_UNREPRESENTABLE=320",,26dae1f99b2b50fb17118f38d8a8e95dfac3357c
nvidia/Kimi-K2.6-NVFP4,KimiK25ForConditionalGeneration,h100_sxm,sglang,0.5.6.post2,FAIL,"Strict-native op-level FPE probes: PERF_DATA_MISSING=220, SDK_UNREPRESENTABLE=320; raw probes=540; topologies=135; source_sha=26dae1f99b2b50fb17118f38d8a8e95dfac3357c. Representative failure: perf database error: GEMM perf data missing for quant 'nvfp4_wo' at <repo>/python/aisimulate/src/aiconfigurator_core/systems/data/h100_sxm/sglang/0.5.6.post2; available: [""bfloat16"", ""fp8"", ""fp8_block"", ""int8_wo""]","python python/aisimulate/tools/support_matrix/generate_fpe_support_matrix.py --model ""nvidia/Kimi-K2.6-NVFP4"" --system ""h100_sxm"" --backend ""sglang"" --backend-version ""0.5.6.post2"" --forward-model op_level --max-workers 8",,540,135,"PERF_DATA_MISSING=220, SDK_UNREPRESENTABLE=320",,26dae1f99b2b50fb17118f38d8a8e95dfac3357c
nvidia/Kimi-K2.6-NVFP4,KimiK25ForConditionalGeneration,h100_sxm,sglang,0.5.9,FAIL,"Strict-native op-level FPE probes: PERF_DATA_MISSING=220, SDK_UNREPRESENTABLE=320; raw probes=540; topologies=135; source_sha=26dae1f99b2b50fb17118f38d8a8e95dfac3357c. Representative failure: perf database error: GEMM perf data missing for quant 'nvfp4_wo' at <repo>/python/aisimulate/src/aiconfigurator_core/systems/data/h100_sxm/sglang/0.5.9; available: [""bfloat16"", ""fp8"", ""fp8_block"", ""int8_wo""]","python python/aisimulate/tools/support_matrix/generate_fpe_support_matrix.py --model ""nvidia/Kimi-K2.6-NVFP4"" --system ""h100_sxm"" --backend ""sglang"" --backend-version ""0.5.9"" --forward-model op_level --max-workers 8",,540,135,"PERF_DATA_MISSING=220, SDK_UNREPRESENTABLE=320",,26dae1f99b2b50fb17118f38d8a8e95dfac3357c
nvidia/Kimi-K2.6-NVFP4,KimiK25ForConditionalGeneration,h100_sxm,trtllm,1.2.0rc5,FAIL,"Strict-native op-level FPE probes: PERF_DATA_MISSING=116; raw probes=116; topologies=29; source_sha=26dae1f99b2b50fb17118f38d8a8e95dfac3357c. Representative failure: perf database error: GEMM perf data missing for quant 'nvfp4_wo' at <repo>/python/aisimulate/src/aiconfigurator_core/systems/data/h100_sxm/trtllm/1.2.0rc5; available: [""bfloat16"", ""fp8"", ""fp8_block""]","python python/aisimulate/tools/support_matrix/generate_fpe_support_matrix.py --model ""nvidia/Kimi-K2.6-NVFP4"" --system ""h100_sxm"" --backend ""trtllm"" --backend-version ""1.2.0rc5"" --forward-model op_level --max-workers 8",,116,29,PERF_DATA_MISSING=116,,26dae1f99b2b50fb17118f38d8a8e95dfac3357c
nvidia/Kimi-K2.6-NVFP4,KimiK25ForConditionalGeneration,h100_sxm,trtllm,1.3.0rc10,FAIL,"Strict-native op-level FPE probes: PERF_DATA_MISSING=116; raw probes=116; topologies=29; source_sha=26dae1f99b2b50fb17118f38d8a8e95dfac3357c. Representative failure: perf database error: GEMM perf data missing for quant 'nvfp4_wo' at <repo>/python/aisimulate/src/aiconfigurator_core/systems/data/h100_sxm/trtllm/1.3.0rc10; available: [""bfloat16"", ""fp8"", ""fp8_block""]","python python/aisimulate/tools/support_matrix/generate_fpe_support_matrix.py --model ""nvidia/Kimi-K2.6-NVFP4"" --system ""h100_sxm"" --backend ""trtllm"" --backend-version ""1.3.0rc10"" --forward-model op_level --max-workers 8",,116,29,PERF_DATA_MISSING=116,,26dae1f99b2b50fb17118f38d8a8e95dfac3357c
nvidia/Kimi-K2.6-NVFP4,KimiK25ForConditionalGeneration,h100_sxm,trtllm,1.3.0rc15,FAIL,"Strict-native op-level FPE probes: PERF_DATA_MISSING=116; raw probes=116; topologies=29; source_sha=26dae1f99b2b50fb17118f38d8a8e95dfac3357c. Representative failure: perf database error: GEMM perf data missing for quant 'nvfp4_wo' at <repo>/python/aisimulate/src/aiconfigurator_core/systems/data/h100_sxm/trtllm/1.3.0rc15; available: [""bfloat16"", ""fp8"", ""fp8_block""]","python python/aisimulate/tools/support_matrix/generate_fpe_support_matrix.py --model ""nvidia/Kimi-K2.6-NVFP4"" --system ""h100_sxm"" --backend ""trtllm"" --backend-version ""1.3.0rc15"" --forward-model op_level --max-workers 8",,116,29,PERF_DATA_MISSING=116,,26dae1f99b2b50fb17118f38d8a8e95dfac3357c
nvidia/Kimi-K2.6-NVFP4,KimiK25ForConditionalGeneration,h100_sxm,trtllm,1.3.0rc20,FAIL,"Strict-native op-level FPE probes: PERF_DATA_MISSING=116; raw probes=116; topologies=29; source_sha=26dae1f99b2b50fb17118f38d8a8e95dfac3357c. Representative failure: perf database error: GEMM perf data missing for quant 'nvfp4_wo' at <repo>/python/aisimulate/src/aiconfigurator_core/systems/data/h100_sxm/trtllm/1.3.0rc20; available: [""bfloat16"", ""fp8"", ""fp8_block""]","python python/aisimulate/tools/support_matrix/generate_fpe_support_matrix.py --model ""nvidia/Kimi-K2.6-NVFP4"" --system ""h100_sxm"" --backend ""trtllm"" --backend-version ""1.3.0rc20"" --forward-model op_level --max-workers 8",,116,29,PERF_DATA_MISSING=116,,26dae1f99b2b50fb17118f38d8a8e95dfac3357c
nvidia/Kimi-K2.6-NVFP4,KimiK25ForConditionalGeneration,h100_sxm,trtllm,1.3.0rc23,FAIL,"Strict-native op-level FPE probes: PERF_DATA_MISSING=116; raw probes=116; topologies=29; source_sha=26dae1f99b2b50fb17118f38d8a8e95dfac3357c. Representative failure: perf database error: GEMM perf data missing for quant 'nvfp4_wo' at <repo>/python/aisimulate/src/aiconfigurator_core/systems/data/h100_sxm/trtllm/1.3.0rc23; available: [""bfloat16"", ""fp8"", ""fp8_block""]","python python/aisimulate/tools/support_matrix/generate_fpe_support_matrix.py --model ""nvidia/Kimi-K2.6-NVFP4"" --system ""h100_sxm"" --backend ""trtllm"" --backend-version ""1.3.0rc23"" --forward-model op_level --max-workers 8",,116,29,PERF_DATA_MISSING=116,,26dae1f99b2b50fb17118f38d8a8e95dfac3357c
nvidia/Kimi-K2.6-NVFP4,KimiK25ForConditionalGeneration,h100_sxm,vllm,0.1.dev19262,FAIL,Strict-native op-level FPE probes: PERF_DATA_MISSING=116; raw probes=116; topologies=29; source_sha=26dae1f99b2b50fb17118f38d8a8e95dfac3357c. Representative failure: perf database error: perf database error: no GEMM rows loaded from 1 source(s) (first: <repo>/python/aisimulate/src/aiconfigurator_core/systems/data/h100_sxm/vllm/0.1.dev19262/gemm_perf.parquet),"python python/aisimulate/tools/support_matrix/generate_fpe_support_matrix.py --model ""nvidia/Kimi-K2.6-NVFP4"" --system ""h100_sxm"" --backend ""vllm"" --backend-version ""0.1.dev19262"" --forward-model op_level --max-workers 8",,116,29,PERF_DATA_MISSING=116,,26dae1f99b2b50fb17118f38d8a8e95dfac3357c
nvidia/Kimi-K2.6-NVFP4,KimiK25ForConditionalGeneration,h100_sxm,vllm,0.14.0,FAIL,"Strict-native op-level FPE probes: PERF_DATA_MISSING=116; raw probes=116; topologies=29; source_sha=26dae1f99b2b50fb17118f38d8a8e95dfac3357c. Representative failure: perf database error: GEMM perf data missing for quant 'nvfp4_wo' at <repo>/python/aisimulate/src/aiconfigurator_core/systems/data/h100_sxm/vllm/0.14.0; available: [""bfloat16"", ""fp8"", ""fp8_block""]","python python/aisimulate/tools/support_matrix/generate_fpe_support_matrix.py --model ""nvidia/Kimi-K2.6-NVFP4"" --system ""h100_sxm"" --backend ""vllm"" --backend-version ""0.14.0"" --forward-model op_level --max-workers 8",,116,29,PERF_DATA_MISSING=116,,26dae1f99b2b50fb17118f38d8a8e95dfac3357c
nvidia/Kimi-K2.6-NVFP4,KimiK25ForConditionalGeneration,h100_sxm,vllm,0.19.0,FAIL,"Strict-native op-level FPE probes: PERF_DATA_MISSING=116; raw probes=116; topologies=29; source_sha=26dae1f99b2b50fb17118f38d8a8e95dfac3357c. Representative failure: perf database error: GEMM perf data missing for quant 'nvfp4_wo' at <repo>/python/aisimulate/src/aiconfigurator_core/systems/data/h100_sxm/vllm/0.19.0; available: [""bfloat16"", ""fp8"", ""fp8_block""]","python python/aisimulate/tools/support_matrix/generate_fpe_support_matrix.py --model ""nvidia/Kimi-K2.6-NVFP4"" --system ""h100_sxm"" --backend ""vllm"" --backend-version ""0.19.0"" --forward-model op_level --max-workers 8",,116,29,PERF_DATA_MISSING=116,,26dae1f99b2b50fb17118f38d8a8e95dfac3357c
nvidia/Kimi-K2.6-NVFP4,KimiK25ForConditionalGeneration,h100_sxm,vllm,0.22.0,FAIL,"Strict-native op-level FPE probes: PERF_DATA_MISSING=116; raw probes=116; topologies=29; source_sha=26dae1f99b2b50fb17118f38d8a8e95dfac3357c. Representative failure: perf database error: GEMM perf data missing for quant 'nvfp4_wo' at <repo>/python/aisimulate/src/aiconfigurator_core/systems/data/h100_sxm/vllm/0.22.0; available: [""bfloat16"", ""fp8"", ""fp8_block""]","python python/aisimulate/tools/support_matrix/generate_fpe_support_matrix.py --model ""nvidia/Kimi-K2.6-NVFP4"" --system ""h100_sxm"" --backend ""vllm"" --backend-version ""0.22.0"" --forward-model op_level --max-workers 8",,116,29,PERF_DATA_MISSING=116,,26dae1f99b2b50fb17118f38d8a8e95dfac3357c
nvidia/Kimi-K2.6-NVFP4,KimiK25ForConditionalGeneration,h100_sxm,vllm,0.24.0,FAIL,"Strict-native op-level FPE probes: PERF_DATA_MISSING=116; raw probes=116; topologies=29; source_sha=26dae1f99b2b50fb17118f38d8a8e95dfac3357c. Representative failure: perf database error: GEMM perf data missing for quant 'nvfp4_wo' at <repo>/python/aisimulate/src/aiconfigurator_core/systems/data/h100_sxm/vllm/0.24.0; available: [""bfloat16"", ""fp8"", ""fp8_block""]","python python/aisimulate/tools/support_matrix/generate_fpe_support_matrix.py --model ""nvidia/Kimi-K2.6-NVFP4"" --system ""h100_sxm"" --backend ""vllm"" --backend-version ""0.24.0"" --forward-model op_level --max-workers 8",,116,29,PERF_DATA_MISSING=116,,26dae1f99b2b50fb17118f38d8a8e95dfac3357c
nvidia/Kimi-K2.7-Code-NVFP4,KimiK25ForConditionalGeneration,h100_sxm,sglang,0.5.10,FAIL,"Strict-native op-level FPE probes: PERF_DATA_MISSING=220, SDK_UNREPRESENTABLE=320; raw probes=540; topologies=135; source_sha=26dae1f99b2b50fb17118f38d8a8e95dfac3357c. Representative failure: perf database error: GEMM perf data missing for quant 'nvfp4_wo' at <repo>/python/aisimulate/src/aiconfigurator_core/systems/data/h100_sxm/sglang/0.5.10; available: [""bfloat16"", ""fp8"", ""fp8_block"", ""int8_wo""]","python python/aisimulate/tools/support_matrix/generate_fpe_support_matrix.py --model ""nvidia/Kimi-K2.7-Code-NVFP4"" --system ""h100_sxm"" --backend ""sglang"" --backend-version ""0.5.10"" --forward-model op_level --max-workers 8",,540,135,"PERF_DATA_MISSING=220, SDK_UNREPRESENTABLE=320",,26dae1f99b2b50fb17118f38d8a8e95dfac3357c
nvidia/Kimi-K2.7-Code-NVFP4,KimiK25ForConditionalGeneration,h100_sxm,sglang,0.5.12,FAIL,"Strict-native op-level FPE probes: PERF_DATA_MISSING=220, SDK_UNREPRESENTABLE=320; raw probes=540; topologies=135; source_sha=26dae1f99b2b50fb17118f38d8a8e95dfac3357c. Representative failure: perf database error: GEMM perf data missing for quant 'nvfp4_wo' at <repo>/python/aisimulate/src/aiconfigurator_core/systems/data/h100_sxm/sglang/0.5.12; available: [""bfloat16"", ""fp8"", ""fp8_block"", ""int8_wo""]","python python/aisimulate/tools/support_matrix/generate_fpe_support_matrix.py --model ""nvidia/Kimi-K2.7-Code-NVFP4"" --system ""h100_sxm"" --backend ""sglang"" --backend-version ""0.5.12"" --forward-model op_level --max-workers 8",,540,135,"PERF_DATA_MISSING=220, SDK_UNREPRESENTABLE=320",,26dae1f99b2b50fb17118f38d8a8e95dfac3357c
nvidia/Kimi-K2.7-Code-NVFP4,KimiK25ForConditionalGeneration,h100_sxm,sglang,0.5.14,FAIL,"Strict-native op-level FPE probes: PERF_DATA_MISSING=220, SDK_UNREPRESENTABLE=320; raw probes=540; topologies=135; source_sha=26dae1f99b2b50fb17118f38d8a8e95dfac3357c. Representative failure: perf database error: GEMM perf data missing for quant 'nvfp4_wo' at <repo>/python/aisimulate/src/aiconfigurator_core/systems/data/h100_sxm/sglang/0.5.14; available: [""bfloat16"", ""fp8"", ""fp8_block"", ""int8_wo""]","python python/aisimulate/tools/support_matrix/generate_fpe_support_matrix.py --model ""nvidia/Kimi-K2.7-Code-NVFP4"" --system ""h100_sxm"" --backend ""sglang"" --backend-version ""0.5.14"" --forward-model op_level --max-workers 8",,540,135,"PERF_DATA_MISSING=220, SDK_UNREPRESENTABLE=320",,26dae1f99b2b50fb17118f38d8a8e95dfac3357c
nvidia/Kimi-K2.7-Code-NVFP4,KimiK25ForConditionalGeneration,h100_sxm,sglang,0.5.16,FAIL,"Strict-native op-level FPE probes: PERF_DATA_MISSING=220, SDK_UNREPRESENTABLE=320; raw probes=540; topologies=135; source_sha=26dae1f99b2b50fb17118f38d8a8e95dfac3357c. Representative failure: perf database error: GEMM perf data missing for quant 'nvfp4_wo' at <repo>/python/aisimulate/src/aiconfigurator_core/systems/data/h100_sxm/sglang/0.5.16; available: [""bfloat16"", ""fp8"", ""fp8_block"", ""int8_wo""]","python python/aisimulate/tools/support_matrix/generate_fpe_support_matrix.py --model ""nvidia/Kimi-K2.7-Code-NVFP4"" --system ""h100_sxm"" --backend ""sglang"" --backend-version ""0.5.16"" --forward-model op_level --max-workers 8",,540,135,"PERF_DATA_MISSING=220, SDK_UNREPRESENTABLE=320",,26dae1f99b2b50fb17118f38d8a8e95dfac3357c
nvidia/Kimi-K2.7-Code-NVFP4,KimiK25ForConditionalGeneration,h100_sxm,sglang,0.5.6.post2,FAIL,"Strict-native op-level FPE probes: PERF_DATA_MISSING=220, SDK_UNREPRESENTABLE=320; raw probes=540; topologies=135; source_sha=26dae1f99b2b50fb17118f38d8a8e95dfac3357c. Representative failure: perf database error: GEMM perf data missing for quant 'nvfp4_wo' at <repo>/python/aisimulate/src/aiconfigurator_core/systems/data/h100_sxm/sglang/0.5.6.post2; available: [""bfloat16"", ""fp8"", ""fp8_block"", ""int8_wo""]","python python/aisimulate/tools/support_matrix/generate_fpe_support_matrix.py --model ""nvidia/Kimi-K2.7-Code-NVFP4"" --system ""h100_sxm"" --backend ""sglang"" --backend-version ""0.5.6.post2"" --forward-model op_level --max-workers 8",,540,135,"PERF_DATA_MISSING=220, SDK_UNREPRESENTABLE=320",,26dae1f99b2b50fb17118f38d8a8e95dfac3357c
nvidia/Kimi-K2.7-Code-NVFP4,KimiK25ForConditionalGeneration,h100_sxm,sglang,0.5.9,FAIL,"Strict-native op-level FPE probes: PERF_DATA_MISSING=220, SDK_UNREPRESENTABLE=320; raw probes=540; topologies=135; source_sha=26dae1f99b2b50fb17118f38d8a8e95dfac3357c. Representative failure: perf database error: GEMM perf data missing for quant 'nvfp4_wo' at <repo>/python/aisimulate/src/aiconfigurator_core/systems/data/h100_sxm/sglang/0.5.9; available: [""bfloat16"", ""fp8"", ""fp8_block"", ""int8_wo""]","python python/aisimulate/tools/support_matrix/generate_fpe_support_matrix.py --model ""nvidia/Kimi-K2.7-Code-NVFP4"" --system ""h100_sxm"" --backend ""sglang"" --backend-version ""0.5.9"" --forward-model op_level --max-workers 8",,540,135,"PERF_DATA_MISSING=220, SDK_UNREPRESENTABLE=320",,26dae1f99b2b50fb17118f38d8a8e95dfac3357c
nvidia/Kimi-K2.7-Code-NVFP4,KimiK25ForConditionalGeneration,h100_sxm,trtllm,1.2.0rc5,FAIL,"Strict-native op-level FPE probes: PERF_DATA_MISSING=116; raw probes=116; topologies=29; source_sha=26dae1f99b2b50fb17118f38d8a8e95dfac3357c. Representative failure: perf database error: GEMM perf data missing for quant 'nvfp4_wo' at <repo>/python/aisimulate/src/aiconfigurator_core/systems/data/h100_sxm/trtllm/1.2.0rc5; available: [""bfloat16"", ""fp8"", ""fp8_block""]","python python/aisimulate/tools/support_matrix/generate_fpe_support_matrix.py --model ""nvidia/Kimi-K2.7-Code-NVFP4"" --system ""h100_sxm"" --backend ""trtllm"" --backend-version ""1.2.0rc5"" --forward-model op_level --max-workers 8",,116,29,PERF_DATA_MISSING=116,,26dae1f99b2b50fb17118f38d8a8e95dfac3357c
nvidia/Kimi-K2.7-Code-NVFP4,KimiK25ForConditionalGeneration,h100_sxm,trtllm,1.3.0rc10,FAIL,"Strict-native op-level FPE probes: PERF_DATA_MISSING=116; raw probes=116; topologies=29; source_sha=26dae1f99b2b50fb17118f38d8a8e95dfac3357c. Representative failure: perf database error: GEMM perf data missing for quant 'nvfp4_wo' at <repo>/python/aisimulate/src/aiconfigurator_core/systems/data/h100_sxm/trtllm/1.3.0rc10; available: [""bfloat16"", ""fp8"", ""fp8_block""]","python python/aisimulate/tools/support_matrix/generate_fpe_support_matrix.py --model ""nvidia/Kimi-K2.7-Code-NVFP4"" --system ""h100_sxm"" --backend ""trtllm"" --backend-version ""1.3.0rc10"" --forward-model op_level --max-workers 8",,116,29,PERF_DATA_MISSING=116,,26dae1f99b2b50fb17118f38d8a8e95dfac3357c
nvidia/Kimi-K2.7-Code-NVFP4,KimiK25ForConditionalGeneration,h100_sxm,trtllm,1.3.0rc15,FAIL,"Strict-native op-level FPE probes: PERF_DATA_MISSING=116; raw probes=116; topologies=29; source_sha=26dae1f99b2b50fb17118f38d8a8e95dfac3357c. Representative failure: perf database error: GEMM perf data missing for quant 'nvfp4_wo' at <repo>/python/aisimulate/src/aiconfigurator_core/systems/data/h100_sxm/trtllm/1.3.0rc15; available: [""bfloat16"", ""fp8"", ""fp8_block""]","python python/aisimulate/tools/support_matrix/generate_fpe_support_matrix.py --model ""nvidia/Kimi-K2.7-Code-NVFP4"" --system ""h100_sxm"" --backend ""trtllm"" --backend-version ""1.3.0rc15"" --forward-model op_level --max-workers 8",,116,29,PERF_DATA_MISSING=116,,26dae1f99b2b50fb17118f38d8a8e95dfac3357c
nvidia/Kimi-K2.7-Code-NVFP4,KimiK25ForConditionalGeneration,h100_sxm,trtllm,1.3.0rc20,FAIL,"Strict-native op-level FPE probes: PERF_DATA_MISSING=116; raw probes=116; topologies=29; source_sha=26dae1f99b2b50fb17118f38d8a8e95dfac3357c. Representative failure: perf database error: GEMM perf data missing for quant 'nvfp4_wo' at <repo>/python/aisimulate/src/aiconfigurator_core/systems/data/h100_sxm/trtllm/1.3.0rc20; available: [""bfloat16"", ""fp8"", ""fp8_block""]","python python/aisimulate/tools/support_matrix/generate_fpe_support_matrix.py --model ""nvidia/Kimi-K2.7-Code-NVFP4"" --system ""h100_sxm"" --backend ""trtllm"" --backend-version ""1.3.0rc20"" --forward-model op_level --max-workers 8",,116,29,PERF_DATA_MISSING=116,,26dae1f99b2b50fb17118f38d8a8e95dfac3357c
nvidia/Kimi-K2.7-Code-NVFP4,KimiK25ForConditionalGeneration,h100_sxm,trtllm,1.3.0rc23,FAIL,"Strict-native op-level FPE probes: PERF_DATA_MISSING=116; raw probes=116; topologies=29; source_sha=26dae1f99b2b50fb17118f38d8a8e95dfac3357c. Representative failure: perf database error: GEMM perf data missing for quant 'nvfp4_wo' at <repo>/python/aisimulate/src/aiconfigurator_core/systems/data/h100_sxm/trtllm/1.3.0rc23; available: [""bfloat16"", ""fp8"", ""fp8_block""]","python python/aisimulate/tools/support_matrix/generate_fpe_support_matrix.py --model ""nvidia/Kimi-K2.7-Code-NVFP4"" --system ""h100_sxm"" --backend ""trtllm"" --backend-version ""1.3.0rc23"" --forward-model op_level --max-workers 8",,116,29,PERF_DATA_MISSING=116,,26dae1f99b2b50fb17118f38d8a8e95dfac3357c
nvidia/Kimi-K2.7-Code-NVFP4,KimiK25ForConditionalGeneration,h100_sxm,vllm,0.1.dev19262,FAIL,Strict-native op-level FPE probes: PERF_DATA_MISSING=116; raw probes=116; topologies=29; source_sha=26dae1f99b2b50fb17118f38d8a8e95dfac3357c. Representative failure: perf database error: perf database error: no GEMM rows loaded from 1 source(s) (first: <repo>/python/aisimulate/src/aiconfigurator_core/systems/data/h100_sxm/vllm/0.1.dev19262/gemm_perf.parquet),"python python/aisimulate/tools/support_matrix/generate_fpe_support_matrix.py --model ""nvidia/Kimi-K2.7-Code-NVFP4"" --system ""h100_sxm"" --backend ""vllm"" --backend-version ""0.1.dev19262"" --forward-model op_level --max-workers 8",,116,29,PERF_DATA_MISSING=116,,26dae1f99b2b50fb17118f38d8a8e95dfac3357c
nvidia/Kimi-K2.7-Code-NVFP4,KimiK25ForConditionalGeneration,h100_sxm,vllm,0.14.0,FAIL,"Strict-native op-level FPE probes: PERF_DATA_MISSING=116; raw probes=116; topologies=29; source_sha=26dae1f99b2b50fb17118f38d8a8e95dfac3357c. Representative failure: perf database error: GEMM perf data missing for quant 'nvfp4_wo' at <repo>/python/aisimulate/src/aiconfigurator_core/systems/data/h100_sxm/vllm/0.14.0; available: [""bfloat16"", ""fp8"", ""fp8_block""]","python python/aisimulate/tools/support_matrix/generate_fpe_support_matrix.py --model ""nvidia/Kimi-K2.7-Code-NVFP4"" --system ""h100_sxm"" --backend ""vllm"" --backend-version ""0.14.0"" --forward-model op_level --max-workers 8",,116,29,PERF_DATA_MISSING=116,,26dae1f99b2b50fb17118f38d8a8e95dfac3357c
nvidia/Kimi-K2.7-Code-NVFP4,KimiK25ForConditionalGeneration,h100_sxm,vllm,0.19.0,FAIL,"Strict-native op-level FPE probes: PERF_DATA_MISSING=116; raw probes=116; topologies=29; source_sha=26dae1f99b2b50fb17118f38d8a8e95dfac3357c. Representative failure: perf database error: GEMM perf data missing for quant 'nvfp4_wo' at <repo>/python/aisimulate/src/aiconfigurator_core/systems/data/h100_sxm/vllm/0.19.0; available: [""bfloat16"", ""fp8"", ""fp8_block""]","python python/aisimulate/tools/support_matrix/generate_fpe_support_matrix.py --model ""nvidia/Kimi-K2.7-Code-NVFP4"" --system ""h100_sxm"" --backend ""vllm"" --backend-version ""0.19.0"" --forward-model op_level --max-workers 8",,116,29,PERF_DATA_MISSING=116,,26dae1f99b2b50fb17118f38d8a8e95dfac3357c
nvidia/Kimi-K2.7-Code-NVFP4,KimiK25ForConditionalGeneration,h100_sxm,vllm,0.22.0,FAIL,"Strict-native op-level FPE probes: PERF_DATA_MISSING=116; raw probes=116; topologies=29; source_sha=26dae1f99b2b50fb17118f38d8a8e95dfac3357c. Representative failure: perf database error: GEMM perf data missing for quant 'nvfp4_wo' at <repo>/python/aisimulate/src/aiconfigurator_core/systems/data/h100_sxm/vllm/0.22.0; available: [""bfloat16"", ""fp8"", ""fp8_block""]","python python/aisimulate/tools/support_matrix/generate_fpe_support_matrix.py --model ""nvidia/Kimi-K2.7-Code-NVFP4"" --system ""h100_sxm"" --backend ""vllm"" --backend-version ""0.22.0"" --forward-model op_level --max-workers 8",,116,29,PERF_DATA_MISSING=116,,26dae1f99b2b50fb17118f38d8a8e95dfac3357c
nvidia/Kimi-K2.7-Code-NVFP4,KimiK25ForConditionalGeneration,h100_sxm,vllm,0.24.0,FAIL,"Strict-native op-level FPE probes: PERF_DATA_MISSING=116; raw probes=116; topologies=29; source_sha=26dae1f99b2b50fb17118f38d8a8e95dfac3357c. Representative failure: perf database error: GEMM perf data missing for quant 'nvfp4_wo' at <repo>/python/aisimulate/src/aiconfigurator_core/systems/data/h100_sxm/vllm/0.24.0; available: [""bfloat16"", ""fp8"", ""fp8_block""]","python python/aisimulate/tools/support_matrix/generate_fpe_support_matrix.py --model ""nvidia/Kimi-K2.7-Code-NVFP4"" --system ""h100_sxm"" --backend ""vllm"" --backend-version ""0.24.0"" --forward-model op_level --max-workers 8",,116,29,PERF_DATA_MISSING=116,,26dae1f99b2b50fb17118f38d8a8e95dfac3357c
nvidia/Llama-3.1-70B-Instruct-FP8,LlamaForCausalLM,h100_sxm,sglang,0.5.10,FAIL,"Strict-native op-level FPE probes: PERF_DATA_MISSING=16, SDK_UNREPRESENTABLE=24; raw probes=40; topologies=10; source_sha=26dae1f99b2b50fb17118f38d8a8e95dfac3357c. Representative failure: perf database error: perf database error: no rows loaded from 1 source(s) (first: <repo>/python/aisimulate/src/aiconfigurator_core/systems/data/h100_sxm/sglang/0.5.10/computescale_perf.parquet)","python python/aisimulate/tools/support_matrix/generate_fpe_support_matrix.py --model ""nvidia/Llama-3.1-70B-Instruct-FP8"" --system ""h100_sxm"" --backend ""sglang"" --backend-version ""0.5.10"" --forward-model op_level --max-workers 8",,40,10,"PERF_DATA_MISSING=16, SDK_UNREPRESENTABLE=24",,26dae1f99b2b50fb17118f38d8a8e95dfac3357c
nvidia/Llama-3.1-70B-Instruct-FP8,LlamaForCausalLM,h100_sxm,sglang,0.5.12,PASS,,"python python/aisimulate/tools/support_matrix/generate_fpe_support_matrix.py --model ""nvidia/Llama-3.1-70B-Instruct-FP8"" --system ""h100_sxm"" --backend ""sglang"" --backend-version ""0.5.12"" --forward-model op_level --max-workers 8",silicon,40,10,"PASS=16, SDK_UNREPRESENTABLE=24","decode_end=7111.233332, decode_start=27.813164, mixed=47.739536, prefill=30.620337",26dae1f99b2b50fb17118f38d8a8e95dfac3357c
nvidia/Llama-3.1-70B-Instruct-FP8,LlamaForCausalLM,h100_sxm,sglang,0.5.14,PASS,,"python python/aisimulate/tools/support_matrix/generate_fpe_support_matrix.py --model ""nvidia/Llama-3.1-70B-Instruct-FP8"" --system ""h100_sxm"" --backend ""sglang"" --backend-version ""0.5.14"" --forward-model op_level --max-workers 8",silicon,40,10,"PASS=16, SDK_UNREPRESENTABLE=24","decode_end=7111.233332, decode_start=27.813164, mixed=47.739536, prefill=30.620337",26dae1f99b2b50fb17118f38d8a8e95dfac3357c
nvidia/Llama-3.1-70B-Instruct-FP8,LlamaForCausalLM,h100_sxm,sglang,0.5.16,PASS,,"python python/aisimulate/tools/support_matrix/generate_fpe_support_matrix.py --model ""nvidia/Llama-3.1-70B-Instruct-FP8"" --system ""h100_sxm"" --backend ""sglang"" --backend-version ""0.5.16"" --forward-model op_level --max-workers 8",silicon,40,10,"PASS=16, SDK_UNREPRESENTABLE=24","decode_end=7111.233332, decode_start=27.813164, mixed=47.739536, prefill=30.620337",26dae1f99b2b50fb17118f38d8a8e95dfac3357c
nvidia/Llama-3.1-70B-Instruct-FP8,LlamaForCausalLM,h100_sxm,sglang,0.5.6.post2,FAIL,"Strict-native op-level FPE probes: PERF_DATA_MISSING=16, SDK_UNREPRESENTABLE=24; raw probes=40; topologies=10; source_sha=26dae1f99b2b50fb17118f38d8a8e95dfac3357c. Representative failure: perf database error: perf database error: no rows loaded from 1 source(s) (first: <repo>/python/aisimulate/src/aiconfigurator_core/systems/data/h100_sxm/sglang/0.5.6.post2/computescale_perf.parquet)","python python/aisimulate/tools/support_matrix/generate_fpe_support_matrix.py --model ""nvidia/Llama-3.1-70B-Instruct-FP8"" --system ""h100_sxm"" --backend ""sglang"" --backend-version ""0.5.6.post2"" --forward-model op_level --max-workers 8",,40,10,"PERF_DATA_MISSING=16, SDK_UNREPRESENTABLE=24",,26dae1f99b2b50fb17118f38d8a8e95dfac3357c
nvidia/Llama-3.1-70B-Instruct-FP8,LlamaForCausalLM,h100_sxm,sglang,0.5.9,FAIL,"Strict-native op-level FPE probes: PERF_DATA_MISSING=16, SDK_UNREPRESENTABLE=24; raw probes=40; topologies=10; source_sha=26dae1f99b2b50fb17118f38d8a8e95dfac3357c. Representative failure: perf database error: perf database error: no rows loaded from 1 source(s) (first: <repo>/python/aisimulate/src/aiconfigurator_core/systems/data/h100_sxm/sglang/0.5.9/computescale_perf.parquet)","python python/aisimulate/tools/support_matrix/generate_fpe_support_matrix.py --model ""nvidia/Llama-3.1-70B-Instruct-FP8"" --system ""h100_sxm"" --backend ""sglang"" --backend-version ""0.5.9"" --forward-model op_level --max-workers 8",,40,10,"PERF_DATA_MISSING=16, SDK_UNREPRESENTABLE=24",,26dae1f99b2b50fb17118f38d8a8e95dfac3357c
nvidia/Llama-3.1-70B-Instruct-FP8,LlamaForCausalLM,h100_sxm,trtllm,1.2.0rc5,PASS,,"python python/aisimulate/tools/support_matrix/generate_fpe_support_matrix.py --model ""nvidia/Llama-3.1-70B-Instruct-FP8"" --system ""h100_sxm"" --backend ""trtllm"" --backend-version ""1.2.0rc5"" --forward-model op_level --max-workers 8",silicon,16,4,PASS=16,"decode_end=7736.390545, decode_start=30.282066, mixed=35.759306, prefill=34.483298",26dae1f99b2b50fb17118f38d8a8e95dfac3357c
nvidia/Llama-3.1-70B-Instruct-FP8,LlamaForCausalLM,h100_sxm,trtllm,1.3.0rc10,PASS,,"python python/aisimulate/tools/support_matrix/generate_fpe_support_matrix.py --model ""nvidia/Llama-3.1-70B-Instruct-FP8"" --system ""h100_sxm"" --backend ""trtllm"" --backend-version ""1.3.0rc10"" --forward-model op_level --max-workers 8",silicon,16,4,PASS=16,"decode_end=7386.150500, decode_start=28.900781, mixed=35.045084, prefill=33.857803",26dae1f99b2b50fb17118f38d8a8e95dfac3357c
nvidia/Llama-3.1-70B-Instruct-FP8,LlamaForCausalLM,h100_sxm,trtllm,1.3.0rc15,PASS,,"python python/aisimulate/tools/support_matrix/generate_fpe_support_matrix.py --model ""nvidia/Llama-3.1-70B-Instruct-FP8"" --system ""h100_sxm"" --backend ""trtllm"" --backend-version ""1.3.0rc15"" --forward-model op_level --max-workers 8",silicon,16,4,PASS=16,"decode_end=7386.150500, decode_start=28.900781, mixed=35.045084, prefill=33.857803",26dae1f99b2b50fb17118f38d8a8e95dfac3357c
nvidia/Llama-3.1-70B-Instruct-FP8,LlamaForCausalLM,h100_sxm,trtllm,1.3.0rc20,PASS,,"python python/aisimulate/tools/support_matrix/generate_fpe_support_matrix.py --model ""nvidia/Llama-3.1-70B-Instruct-FP8"" --system ""h100_sxm"" --backend ""trtllm"" --backend-version ""1.3.0rc20"" --forward-model op_level --max-workers 8",silicon,16,4,PASS=16,"decode_end=7352.373407, decode_start=28.780075, mixed=34.946595, prefill=33.870635",26dae1f99b2b50fb17118f38d8a8e95dfac3357c
nvidia/Llama-3.1-70B-Instruct-FP8,LlamaForCausalLM,h100_sxm,trtllm,1.3.0rc23,PASS,,"python python/aisimulate/tools/support_matrix/generate_fpe_support_matrix.py --model ""nvidia/Llama-3.1-70B-Instruct-FP8"" --system ""h100_sxm"" --backend ""trtllm"" --backend-version ""1.3.0rc23"" --forward-model op_level --max-workers 8",silicon,16,4,PASS=16,"decode_end=7352.373407, decode_start=28.780075, mixed=34.946595, prefill=33.870635",26dae1f99b2b50fb17118f38d8a8e95dfac3357c
nvidia/Llama-3.1-70B-Instruct-FP8,LlamaForCausalLM,h100_sxm,vllm,0.1.dev19262,FAIL,Strict-native op-level FPE probes: PERF_DATA_MISSING=16; raw probes=16; topologies=4; source_sha=26dae1f99b2b50fb17118f38d8a8e95dfac3357c. Representative failure: perf database error: perf database error: no GEMM rows loaded from 1 source(s) (first: <repo>/python/aisimulate/src/aiconfigurator_core/systems/data/h100_sxm/vllm/0.1.dev19262/gemm_perf.parquet),"python python/aisimulate/tools/support_matrix/generate_fpe_support_matrix.py --model ""nvidia/Llama-3.1-70B-Instruct-FP8"" --system ""h100_sxm"" --backend ""vllm"" --backend-version ""0.1.dev19262"" --forward-model op_level --max-workers 8",,16,4,PERF_DATA_MISSING=16,,26dae1f99b2b50fb17118f38d8a8e95dfac3357c
nvidia/Llama-3.1-70B-Instruct-FP8,LlamaForCausalLM,h100_sxm,vllm,0.14.0,FAIL,Strict-native op-level FPE probes: PERF_DATA_MISSING=16; raw probes=16; topologies=4; source_sha=26dae1f99b2b50fb17118f38d8a8e95dfac3357c. Representative failure: perf database error: perf database error: no rows loaded from 1 source(s) (first: <repo>/python/aisimulate/src/aiconfigurator_core/systems/data/h100_sxm/vllm/0.14.0/computescale_perf.parquet),"python python/aisimulate/tools/support_matrix/generate_fpe_support_matrix.py --model ""nvidia/Llama-3.1-70B-Instruct-FP8"" --system ""h100_sxm"" --backend ""vllm"" --backend-version ""0.14.0"" --forward-model op_level --max-workers 8",,16,4,PERF_DATA_MISSING=16,,26dae1f99b2b50fb17118f38d8a8e95dfac3357c
nvidia/Llama-3.1-70B-Instruct-FP8,LlamaForCausalLM,h100_sxm,vllm,0.19.0,FAIL,Strict-native op-level FPE probes: PERF_DATA_MISSING=16; raw probes=16; topologies=4; source_sha=26dae1f99b2b50fb17118f38d8a8e95dfac3357c. Representative failure: perf database error: perf database error: no rows loaded from 1 source(s) (first: <repo>/python/aisimulate/src/aiconfigurator_core/systems/data/h100_sxm/vllm/0.19.0/computescale_perf.parquet),"python python/aisimulate/tools/support_matrix/generate_fpe_support_matrix.py --model ""nvidia/Llama-3.1-70B-Instruct-FP8"" --system ""h100_sxm"" --backend ""vllm"" --backend-version ""0.19.0"" --forward-model op_level --max-workers 8",,16,4,PERF_DATA_MISSING=16,,26dae1f99b2b50fb17118f38d8a8e95dfac3357c
nvidia/Llama-3.1-70B-Instruct-FP8,LlamaForCausalLM,h100_sxm,vllm,0.22.0,PASS,,"python python/aisimulate/tools/support_matrix/generate_fpe_support_matrix.py --model ""nvidia/Llama-3.1-70B-Instruct-FP8"" --system ""h100_sxm"" --backend ""vllm"" --backend-version ""0.22.0"" --forward-model op_level --max-workers 8",silicon,16,4,PASS=16,"decode_end=7367.376583, decode_start=28.839441, mixed=51.038756, prefill=31.847247",26dae1f99b2b50fb17118f38d8a8e95dfac3357c
nvidia/Llama-3.1-70B-Instruct-FP8,LlamaForCausalLM,h100_sxm,vllm,0.24.0,PASS,,"python python/aisimulate/tools/support_matrix/generate_fpe_support_matrix.py --model ""nvidia/Llama-3.1-70B-Instruct-FP8"" --system ""h100_sxm"" --backend ""vllm"" --backend-version ""0.24.0"" --forward-model op_level --max-workers 8",silicon,16,4,PASS=16,"decode_end=7367.376583, decode_start=28.839441, mixed=51.038756, prefill=31.847247",26dae1f99b2b50fb17118f38d8a8e95dfac3357c
nvidia/MiniMax-M2.7-NVFP4,MiniMaxM2ForCausalLM,h100_sxm,sglang,0.5.10,FAIL,"Strict-native op-level FPE probes: PERF_DATA_MISSING=220, SDK_UNREPRESENTABLE=320; raw probes=540; topologies=135; source_sha=26dae1f99b2b50fb17118f38d8a8e95dfac3357c. Representative failure: perf database error: GEMM perf data missing for quant 'nvfp4_wo' at <repo>/python/aisimulate/src/aiconfigurator_core/systems/data/h100_sxm/sglang/0.5.10; available: [""bfloat16"", ""fp8"", ""fp8_block"", ""int8_wo""]","python python/aisimulate/tools/support_matrix/generate_fpe_support_matrix.py --model ""nvidia/MiniMax-M2.7-NVFP4"" --system ""h100_sxm"" --backend ""sglang"" --backend-version ""0.5.10"" --forward-model op_level --max-workers 8",,540,135,"PERF_DATA_MISSING=220, SDK_UNREPRESENTABLE=320",,26dae1f99b2b50fb17118f38d8a8e95dfac3357c
nvidia/MiniMax-M2.7-NVFP4,MiniMaxM2ForCausalLM,h100_sxm,sglang,0.5.12,FAIL,"Strict-native op-level FPE probes: PERF_DATA_MISSING=220, SDK_UNREPRESENTABLE=320; raw probes=540; topologies=135; source_sha=26dae1f99b2b50fb17118f38d8a8e95dfac3357c. Representative failure: perf database error: GEMM perf data missing for quant 'nvfp4_wo' at <repo>/python/aisimulate/src/aiconfigurator_core/systems/data/h100_sxm/sglang/0.5.12; available: [""bfloat16"", ""fp8"", ""fp8_block"", ""int8_wo""]","python python/aisimulate/tools/support_matrix/generate_fpe_support_matrix.py --model ""nvidia/MiniMax-M2.7-NVFP4"" --system ""h100_sxm"" --backend ""sglang"" --backend-version ""0.5.12"" --forward-model op_level --max-workers 8",,540,135,"PERF_DATA_MISSING=220, SDK_UNREPRESENTABLE=320",,26dae1f99b2b50fb17118f38d8a8e95dfac3357c
nvidia/MiniMax-M2.7-NVFP4,MiniMaxM2ForCausalLM,h100_sxm,sglang,0.5.14,FAIL,"Strict-native op-level FPE probes: PERF_DATA_MISSING=220, SDK_UNREPRESENTABLE=320; raw probes=540; topologies=135; source_sha=26dae1f99b2b50fb17118f38d8a8e95dfac3357c. Representative failure: perf database error: GEMM perf data missing for quant 'nvfp4_wo' at <repo>/python/aisimulate/src/aiconfigurator_core/systems/data/h100_sxm/sglang/0.5.14; available: [""bfloat16"", ""fp8"", ""fp8_block"", ""int8_wo""]","python python/aisimulate/tools/support_matrix/generate_fpe_support_matrix.py --model ""nvidia/MiniMax-M2.7-NVFP4"" --system ""h100_sxm"" --backend ""sglang"" --backend-version ""0.5.14"" --forward-model op_level --max-workers 8",,540,135,"PERF_DATA_MISSING=220, SDK_UNREPRESENTABLE=320",,26dae1f99b2b50fb17118f38d8a8e95dfac3357c
nvidia/MiniMax-M2.7-NVFP4,MiniMaxM2ForCausalLM,h100_sxm,sglang,0.5.16,FAIL,"Strict-native op-level FPE probes: PERF_DATA_MISSING=220, SDK_UNREPRESENTABLE=320; raw probes=540; topologies=135; source_sha=26dae1f99b2b50fb17118f38d8a8e95dfac3357c. Representative failure: perf database error: GEMM perf data missing for quant 'nvfp4_wo' at <repo>/python/aisimulate/src/aiconfigurator_core/systems/data/h100_sxm/sglang/0.5.16; available: [""bfloat16"", ""fp8"", ""fp8_block"", ""int8_wo""]","python python/aisimulate/tools/support_matrix/generate_fpe_support_matrix.py --model ""nvidia/MiniMax-M2.7-NVFP4"" --system ""h100_sxm"" --backend ""sglang"" --backend-version ""0.5.16"" --forward-model op_level --max-workers 8",,540,135,"PERF_DATA_MISSING=220, SDK_UNREPRESENTABLE=320",,26dae1f99b2b50fb17118f38d8a8e95dfac3357c
nvidia/MiniMax-M2.7-NVFP4,MiniMaxM2ForCausalLM,h100_sxm,sglang,0.5.6.post2,FAIL,"Strict-native op-level FPE probes: PERF_DATA_MISSING=220, SDK_UNREPRESENTABLE=320; raw probes=540; topologies=135; source_sha=26dae1f99b2b50fb17118f38d8a8e95dfac3357c. Representative failure: perf database error: GEMM perf data missing for quant 'nvfp4_wo' at <repo>/python/aisimulate/src/aiconfigurator_core/systems/data/h100_sxm/sglang/0.5.6.post2; available: [""bfloat16"", ""fp8"", ""fp8_block"", ""int8_wo""]","python python/aisimulate/tools/support_matrix/generate_fpe_support_matrix.py --model ""nvidia/MiniMax-M2.7-NVFP4"" --system ""h100_sxm"" --backend ""sglang"" --backend-version ""0.5.6.post2"" --forward-model op_level --max-workers 8",,540,135,"PERF_DATA_MISSING=220, SDK_UNREPRESENTABLE=320",,26dae1f99b2b50fb17118f38d8a8e95dfac3357c
nvidia/MiniMax-M2.7-NVFP4,MiniMaxM2ForCausalLM,h100_sxm,sglang,0.5.9,FAIL,"Strict-native op-level FPE probes: PERF_DATA_MISSING=220, SDK_UNREPRESENTABLE=320; raw probes=540; topologies=135; source_sha=26dae1f99b2b50fb17118f38d8a8e95dfac3357c. Representative failure: perf database error: GEMM perf data missing for quant 'nvfp4_wo' at <repo>/python/aisimulate/src/aiconfigurator_core/systems/data/h100_sxm/sglang/0.5.9; available: [""bfloat16"", ""fp8"", ""fp8_block"", ""int8_wo""]","python python/aisimulate/tools/support_matrix/generate_fpe_support_matrix.py --model ""nvidia/MiniMax-M2.7-NVFP4"" --system ""h100_sxm"" --backend ""sglang"" --backend-version ""0.5.9"" --forward-model op_level --max-workers 8",,540,135,"PERF_DATA_MISSING=220, SDK_UNREPRESENTABLE=320",,26dae1f99b2b50fb17118f38d8a8e95dfac3357c
nvidia/MiniMax-M2.7-NVFP4,MiniMaxM2ForCausalLM,h100_sxm,trtllm,1.2.0rc5,FAIL,"Strict-native op-level FPE probes: PERF_DATA_MISSING=116; raw probes=116; topologies=29; source_sha=26dae1f99b2b50fb17118f38d8a8e95dfac3357c. Representative failure: perf database error: GEMM perf data missing for quant 'nvfp4_wo' at <repo>/python/aisimulate/src/aiconfigurator_core/systems/data/h100_sxm/trtllm/1.2.0rc5; available: [""bfloat16"", ""fp8"", ""fp8_block""]","python python/aisimulate/tools/support_matrix/generate_fpe_support_matrix.py --model ""nvidia/MiniMax-M2.7-NVFP4"" --system ""h100_sxm"" --backend ""trtllm"" --backend-version ""1.2.0rc5"" --forward-model op_level --max-workers 8",,116,29,PERF_DATA_MISSING=116,,26dae1f99b2b50fb17118f38d8a8e95dfac3357c
nvidia/MiniMax-M2.7-NVFP4,MiniMaxM2ForCausalLM,h100_sxm,trtllm,1.3.0rc10,FAIL,"Strict-native op-level FPE probes: PERF_DATA_MISSING=116; raw probes=116; topologies=29; source_sha=26dae1f99b2b50fb17118f38d8a8e95dfac3357c. Representative failure: perf database error: GEMM perf data missing for quant 'nvfp4_wo' at <repo>/python/aisimulate/src/aiconfigurator_core/systems/data/h100_sxm/trtllm/1.3.0rc10; available: [""bfloat16"", ""fp8"", ""fp8_block""]","python python/aisimulate/tools/support_matrix/generate_fpe_support_matrix.py --model ""nvidia/MiniMax-M2.7-NVFP4"" --system ""h100_sxm"" --backend ""trtllm"" --backend-version ""1.3.0rc10"" --forward-model op_level --max-workers 8",,116,29,PERF_DATA_MISSING=116,,26dae1f99b2b50fb17118f38d8a8e95dfac3357c
nvidia/MiniMax-M2.7-NVFP4,MiniMaxM2ForCausalLM,h100_sxm,trtllm,1.3.0rc15,FAIL,"Strict-native op-level FPE probes: PERF_DATA_MISSING=116; raw probes=116; topologies=29; source_sha=26dae1f99b2b50fb17118f38d8a8e95dfac3357c. Representative failure: perf database error: GEMM perf data missing for quant 'nvfp4_wo' at <repo>/python/aisimulate/src/aiconfigurator_core/systems/data/h100_sxm/trtllm/1.3.0rc15; available: [""bfloat16"", ""fp8"", ""fp8_block""]","python python/aisimulate/tools/support_matrix/generate_fpe_support_matrix.py --model ""nvidia/MiniMax-M2.7-NVFP4"" --system ""h100_sxm"" --backend ""trtllm"" --backend-version ""1.3.0rc15"" --forward-model op_level --max-workers 8",,116,29,PERF_DATA_MISSING=116,,26dae1f99b2b50fb17118f38d8a8e95dfac3357c
nvidia/MiniMax-M2.7-NVFP4,MiniMaxM2ForCausalLM,h100_sxm,trtllm,1.3.0rc20,FAIL,"Strict-native op-level FPE probes: PERF_DATA_MISSING=116; raw probes=116; topologies=29; source_sha=26dae1f99b2b50fb17118f38d8a8e95dfac3357c. Representative failure: perf database error: GEMM perf data missing for quant 'nvfp4_wo' at <repo>/python/aisimulate/src/aiconfigurator_core/systems/data/h100_sxm/trtllm/1.3.0rc20; available: [""bfloat16"", ""fp8"", ""fp8_block""]","python python/aisimulate/tools/support_matrix/generate_fpe_support_matrix.py --model ""nvidia/MiniMax-M2.7-NVFP4"" --system ""h100_sxm"" --backend ""trtllm"" --backend-version ""1.3.0rc20"" --forward-model op_level --max-workers 8",,116,29,PERF_DATA_MISSING=116,,26dae1f99b2b50fb17118f38d8a8e95dfac3357c
nvidia/MiniMax-M2.7-NVFP4,MiniMaxM2ForCausalLM,h100_sxm,trtllm,1.3.0rc23,FAIL,"Strict-native op-level FPE probes: PERF_DATA_MISSING=116; raw probes=116; topologies=29; source_sha=26dae1f99b2b50fb17118f38d8a8e95dfac3357c. Representative failure: perf database error: GEMM perf data missing for quant 'nvfp4_wo' at <repo>/python/aisimulate/src/aiconfigurator_core/systems/data/h100_sxm/trtllm/1.3.0rc23; available: [""bfloat16"", ""fp8"", ""fp8_block""]","python python/aisimulate/tools/support_matrix/generate_fpe_support_matrix.py --model ""nvidia/MiniMax-M2.7-NVFP4"" --system ""h100_sxm"" --backend ""trtllm"" --backend-version ""1.3.0rc23"" --forward-model op_level --max-workers 8",,116,29,PERF_DATA_MISSING=116,,26dae1f99b2b50fb17118f38d8a8e95dfac3357c
nvidia/MiniMax-M2.7-NVFP4,MiniMaxM2ForCausalLM,h100_sxm,vllm,0.1.dev19262,FAIL,Strict-native op-level FPE probes: PERF_DATA_MISSING=116; raw probes=116; topologies=29; source_sha=26dae1f99b2b50fb17118f38d8a8e95dfac3357c. Representative failure: perf database error: perf database error: no GEMM rows loaded from 1 source(s) (first: <repo>/python/aisimulate/src/aiconfigurator_core/systems/data/h100_sxm/vllm/0.1.dev19262/gemm_perf.parquet),"python python/aisimulate/tools/support_matrix/generate_fpe_support_matrix.py --model ""nvidia/MiniMax-M2.7-NVFP4"" --system ""h100_sxm"" --backend ""vllm"" --backend-version ""0.1.dev19262"" --forward-model op_level --max-workers 8",,116,29,PERF_DATA_MISSING=116,,26dae1f99b2b50fb17118f38d8a8e95dfac3357c
nvidia/MiniMax-M2.7-NVFP4,MiniMaxM2ForCausalLM,h100_sxm,vllm,0.14.0,FAIL,"Strict-native op-level FPE probes: PERF_DATA_MISSING=116; raw probes=116; topologies=29; source_sha=26dae1f99b2b50fb17118f38d8a8e95dfac3357c. Representative failure: perf database error: GEMM perf data missing for quant 'nvfp4_wo' at <repo>/python/aisimulate/src/aiconfigurator_core/systems/data/h100_sxm/vllm/0.14.0; available: [""bfloat16"", ""fp8"", ""fp8_block""]","python python/aisimulate/tools/support_matrix/generate_fpe_support_matrix.py --model ""nvidia/MiniMax-M2.7-NVFP4"" --system ""h100_sxm"" --backend ""vllm"" --backend-version ""0.14.0"" --forward-model op_level --max-workers 8",,116,29,PERF_DATA_MISSING=116,,26dae1f99b2b50fb17118f38d8a8e95dfac3357c
nvidia/MiniMax-M2.7-NVFP4,MiniMaxM2ForCausalLM,h100_sxm,vllm,0.19.0,FAIL,"Strict-native op-level FPE probes: PERF_DATA_MISSING=116; raw probes=116; topologies=29; source_sha=26dae1f99b2b50fb17118f38d8a8e95dfac3357c. Representative failure: perf database error: GEMM perf data missing for quant 'nvfp4_wo' at <repo>/python/aisimulate/src/aiconfigurator_core/systems/data/h100_sxm/vllm/0.19.0; available: [""bfloat16"", ""fp8"", ""fp8_block""]","python python/aisimulate/tools/support_matrix/generate_fpe_support_matrix.py --model ""nvidia/MiniMax-M2.7-NVFP4"" --system ""h100_sxm"" --backend ""vllm"" --backend-version ""0.19.0"" --forward-model op_level --max-workers 8",,116,29,PERF_DATA_MISSING=116,,26dae1f99b2b50fb17118f38d8a8e95dfac3357c
nvidia/MiniMax-M2.7-NVFP4,MiniMaxM2ForCausalLM,h100_sxm,vllm,0.22.0,FAIL,"Strict-native op-level FPE probes: PERF_DATA_MISSING=116; raw probes=116; topologies=29; source_sha=26dae1f99b2b50fb17118f38d8a8e95dfac3357c. Representative failure: perf database error: GEMM perf data missing for quant 'nvfp4_wo' at <repo>/python/aisimulate/src/aiconfigurator_core/systems/data/h100_sxm/vllm/0.22.0; available: [""bfloat16"", ""fp8"", ""fp8_block""]","python python/aisimulate/tools/support_matrix/generate_fpe_support_matrix.py --model ""nvidia/MiniMax-M2.7-NVFP4"" --system ""h100_sxm"" --backend ""vllm"" --backend-version ""0.22.0"" --forward-model op_level --max-workers 8",,116,29,PERF_DATA_MISSING=116,,26dae1f99b2b50fb17118f38d8a8e95dfac3357c
nvidia/MiniMax-M2.7-NVFP4,MiniMaxM2ForCausalLM,h100_sxm,vllm,0.24.0,FAIL,"Strict-native op-level FPE probes: PERF_DATA_MISSING=116; raw probes=116; topologies=29; source_sha=26dae1f99b2b50fb17118f38d8a8e95dfac3357c. Representative failure: perf database error: GEMM perf data missing for quant 'nvfp4_wo' at <repo>/python/aisimulate/src/aiconfigurator_core/systems/data/h100_sxm/vllm/0.24.0; available: [""bfloat16"", ""fp8"", ""fp8_block""]","python python/aisimulate/tools/support_matrix/generate_fpe_support_matrix.py --model ""nvidia/MiniMax-M2.7-NVFP4"" --system ""h100_sxm"" --backend ""vllm"" --backend-version ""0.24.0"" --forward-model op_level --max-workers 8",,116,29,PERF_DATA_MISSING=116,,26dae1f99b2b50fb17118f38d8a8e95dfac3357c
nvidia/MiniMax-M3-NVFP4,MiniMaxM3SparseForConditionalGeneration,h100_sxm,sglang,0.5.10,FAIL,"Strict-native op-level FPE probes: PERF_DATA_MISSING=220; raw probes=220; topologies=55; source_sha=26dae1f99b2b50fb17118f38d8a8e95dfac3357c. Representative failure: perf database error: MoE data missing for MoeKey { quant: ""nvfp4_wo"", distribution: ""uniform"", topk: 4, num_experts: 128, hidden_size: 6144, inter_size: 3072, moe_tp_size: 1, moe_ep_size: 1 } at <repo>/python/aisimulate/src/aiconfigurator_core/systems/data/h100_sxm/sglang/0.5.10","python python/aisimulate/tools/support_matrix/generate_fpe_support_matrix.py --model ""nvidia/MiniMax-M3-NVFP4"" --system ""h100_sxm"" --backend ""sglang"" --backend-version ""0.5.10"" --forward-model op_level --max-workers 8",,220,55,PERF_DATA_MISSING=220,,26dae1f99b2b50fb17118f38d8a8e95dfac3357c
nvidia/MiniMax-M3-NVFP4,MiniMaxM3SparseForConditionalGeneration,h100_sxm,sglang,0.5.12,FAIL,"Strict-native op-level FPE probes: PERF_DATA_MISSING=220; raw probes=220; topologies=55; source_sha=26dae1f99b2b50fb17118f38d8a8e95dfac3357c. Representative failure: perf database error: MoE data missing for MoeKey { quant: ""nvfp4_wo"", distribution: ""uniform"", topk: 4, num_experts: 128, hidden_size: 6144, inter_size: 3072, moe_tp_size: 1, moe_ep_size: 1 } at <repo>/python/aisimulate/src/aiconfigurator_core/systems/data/h100_sxm/sglang/0.5.12","python python/aisimulate/tools/support_matrix/generate_fpe_support_matrix.py --model ""nvidia/MiniMax-M3-NVFP4"" --system ""h100_sxm"" --backend ""sglang"" --backend-version ""0.5.12"" --forward-model op_level --max-workers 8",,220,55,PERF_DATA_MISSING=220,,26dae1f99b2b50fb17118f38d8a8e95dfac3357c
nvidia/MiniMax-M3-NVFP4,MiniMaxM3SparseForConditionalGeneration,h100_sxm,sglang,0.5.14,FAIL,"Strict-native op-level FPE probes: PERF_DATA_MISSING=220; raw probes=220; topologies=55; source_sha=26dae1f99b2b50fb17118f38d8a8e95dfac3357c. Representative failure: perf database error: MoE data missing for MoeKey { quant: ""nvfp4_wo"", distribution: ""uniform"", topk: 4, num_experts: 128, hidden_size: 6144, inter_size: 3072, moe_tp_size: 1, moe_ep_size: 1 } at <repo>/python/aisimulate/src/aiconfigurator_core/systems/data/h100_sxm/sglang/0.5.14","python python/aisimulate/tools/support_matrix/generate_fpe_support_matrix.py --model ""nvidia/MiniMax-M3-NVFP4"" --system ""h100_sxm"" --backend ""sglang"" --backend-version ""0.5.14"" --forward-model op_level --max-workers 8",,220,55,PERF_DATA_MISSING=220,,26dae1f99b2b50fb17118f38d8a8e95dfac3357c
nvidia/MiniMax-M3-NVFP4,MiniMaxM3SparseForConditionalGeneration,h100_sxm,sglang,0.5.16,FAIL,"Strict-native op-level FPE probes: PERF_DATA_MISSING=220; raw probes=220; topologies=55; source_sha=26dae1f99b2b50fb17118f38d8a8e95dfac3357c. Representative failure: perf database error: MoE data missing for MoeKey { quant: ""nvfp4_wo"", distribution: ""uniform"", topk: 4, num_experts: 128, hidden_size: 6144, inter_size: 3072, moe_tp_size: 1, moe_ep_size: 1 } at <repo>/python/aisimulate/src/aiconfigurator_core/systems/data/h100_sxm/sglang/0.5.16","python python/aisimulate/tools/support_matrix/generate_fpe_support_matrix.py --model ""nvidia/MiniMax-M3-NVFP4"" --system ""h100_sxm"" --backend ""sglang"" --backend-version ""0.5.16"" --forward-model op_level --max-workers 8",,220,55,PERF_DATA_MISSING=220,,26dae1f99b2b50fb17118f38d8a8e95dfac3357c
nvidia/MiniMax-M3-NVFP4,MiniMaxM3SparseForConditionalGeneration,h100_sxm,sglang,0.5.6.post2,FAIL,"Strict-native op-level FPE probes: PERF_DATA_MISSING=220; raw probes=220; topologies=55; source_sha=26dae1f99b2b50fb17118f38d8a8e95dfac3357c. Representative failure: perf database error: MoE data missing for MoeKey { quant: ""nvfp4_wo"", distribution: ""uniform"", topk: 4, num_experts: 128, hidden_size: 6144, inter_size: 3072, moe_tp_size: 1, moe_ep_size: 1 } at <repo>/python/aisimulate/src/aiconfigurator_core/systems/data/h100_sxm/sglang/0.5.6.post2","python python/aisimulate/tools/support_matrix/generate_fpe_support_matrix.py --model ""nvidia/MiniMax-M3-NVFP4"" --system ""h100_sxm"" --backend ""sglang"" --backend-version ""0.5.6.post2"" --forward-model op_level --max-workers 8",,220,55,PERF_DATA_MISSING=220,,26dae1f99b2b50fb17118f38d8a8e95dfac3357c
nvidia/MiniMax-M3-NVFP4,MiniMaxM3SparseForConditionalGeneration,h100_sxm,sglang,0.5.9,FAIL,"Strict-native op-level FPE probes: PERF_DATA_MISSING=220; raw probes=220; topologies=55; source_sha=26dae1f99b2b50fb17118f38d8a8e95dfac3357c. Representative failure: perf database error: MoE data missing for MoeKey { quant: ""nvfp4_wo"", distribution: ""uniform"", topk: 4, num_experts: 128, hidden_size: 6144, inter_size: 3072, moe_tp_size: 1, moe_ep_size: 1 } at <repo>/python/aisimulate/src/aiconfigurator_core/systems/data/h100_sxm/sglang/0.5.9","python python/aisimulate/tools/support_matrix/generate_fpe_support_matrix.py --model ""nvidia/MiniMax-M3-NVFP4"" --system ""h100_sxm"" --backend ""sglang"" --backend-version ""0.5.9"" --forward-model op_level --max-workers 8",,220,55,PERF_DATA_MISSING=220,,26dae1f99b2b50fb17118f38d8a8e95dfac3357c
nvidia/MiniMax-M3-NVFP4,MiniMaxM3SparseForConditionalGeneration,h100_sxm,trtllm,1.2.0rc5,FAIL,"Strict-native op-level FPE probes: PERF_DATA_MISSING=116; raw probes=116; topologies=29; source_sha=26dae1f99b2b50fb17118f38d8a8e95dfac3357c. Representative failure: perf database error: MoE data missing for MoeKey { quant: ""nvfp4_wo"", distribution: ""uniform"", topk: 4, num_experts: 128, hidden_size: 6144, inter_size: 3072, moe_tp_size: 1, moe_ep_size: 1 } at <repo>/python/aisimulate/src/aiconfigurator_core/systems/data/h100_sxm/trtllm/1.2.0rc5","python python/aisimulate/tools/support_matrix/generate_fpe_support_matrix.py --model ""nvidia/MiniMax-M3-NVFP4"" --system ""h100_sxm"" --backend ""trtllm"" --backend-version ""1.2.0rc5"" --forward-model op_level --max-workers 8",,116,29,PERF_DATA_MISSING=116,,26dae1f99b2b50fb17118f38d8a8e95dfac3357c
nvidia/MiniMax-M3-NVFP4,MiniMaxM3SparseForConditionalGeneration,h100_sxm,trtllm,1.3.0rc10,FAIL,"Strict-native op-level FPE probes: PERF_DATA_MISSING=116; raw probes=116; topologies=29; source_sha=26dae1f99b2b50fb17118f38d8a8e95dfac3357c. Representative failure: perf database error: MoE data missing for MoeKey { quant: ""nvfp4_wo"", distribution: ""uniform"", topk: 4, num_experts: 128, hidden_size: 6144, inter_size: 3072, moe_tp_size: 1, moe_ep_size: 1 } at <repo>/python/aisimulate/src/aiconfigurator_core/systems/data/h100_sxm/trtllm/1.3.0rc10","python python/aisimulate/tools/support_matrix/generate_fpe_support_matrix.py --model ""nvidia/MiniMax-M3-NVFP4"" --system ""h100_sxm"" --backend ""trtllm"" --backend-version ""1.3.0rc10"" --forward-model op_level --max-workers 8",,116,29,PERF_DATA_MISSING=116,,26dae1f99b2b50fb17118f38d8a8e95dfac3357c
nvidia/MiniMax-M3-NVFP4,MiniMaxM3SparseForConditionalGeneration,h100_sxm,trtllm,1.3.0rc15,FAIL,"Strict-native op-level FPE probes: PERF_DATA_MISSING=116; raw probes=116; topologies=29; source_sha=26dae1f99b2b50fb17118f38d8a8e95dfac3357c. Representative failure: perf database error: MoE data missing for MoeKey { quant: ""nvfp4_wo"", distribution: ""uniform"", topk: 4, num_experts: 128, hidden_size: 6144, inter_size: 3072, moe_tp_size: 1, moe_ep_size: 1 } at <repo>/python/aisimulate/src/aiconfigurator_core/systems/data/h100_sxm/trtllm/1.3.0rc15","python python/aisimulate/tools/support_matrix/generate_fpe_support_matrix.py --model ""nvidia/MiniMax-M3-NVFP4"" --system ""h100_sxm"" --backend ""trtllm"" --backend-version ""1.3.0rc15"" --forward-model op_level --max-workers 8",,116,29,PERF_DATA_MISSING=116,,26dae1f99b2b50fb17118f38d8a8e95dfac3357c
nvidia/MiniMax-M3-NVFP4,MiniMaxM3SparseForConditionalGeneration,h100_sxm,trtllm,1.3.0rc20,FAIL,"Strict-native op-level FPE probes: PERF_DATA_MISSING=116; raw probes=116; topologies=29; source_sha=26dae1f99b2b50fb17118f38d8a8e95dfac3357c. Representative failure: perf database error: MoE data missing for MoeKey { quant: ""nvfp4_wo"", distribution: ""uniform"", topk: 4, num_experts: 128, hidden_size: 6144, inter_size: 3072, moe_tp_size: 1, moe_ep_size: 1 } at <repo>/python/aisimulate/src/aiconfigurator_core/systems/data/h100_sxm/trtllm/1.3.0rc20","python python/aisimulate/tools/support_matrix/generate_fpe_support_matrix.py --model ""nvidia/MiniMax-M3-NVFP4"" --system ""h100_sxm"" --backend ""trtllm"" --backend-version ""1.3.0rc20"" --forward-model op_level --max-workers 8",,116,29,PERF_DATA_MISSING=116,,26dae1f99b2b50fb17118f38d8a8e95dfac3357c
nvidia/MiniMax-M3-NVFP4,MiniMaxM3SparseForConditionalGeneration,h100_sxm,trtllm,1.3.0rc23,FAIL,"Strict-native op-level FPE probes: PERF_DATA_MISSING=116; raw probes=116; topologies=29; source_sha=26dae1f99b2b50fb17118f38d8a8e95dfac3357c. Representative failure: perf database error: MoE data missing for MoeKey { quant: ""nvfp4_wo"", distribution: ""uniform"", topk: 4, num_experts: 128, hidden_size: 6144, inter_size: 3072, moe_tp_size: 1, moe_ep_size: 1 } at <repo>/python/aisimulate/src/aiconfigurator_core/systems/data/h100_sxm/trtllm/1.3.0rc23","python python/aisimulate/tools/support_matrix/generate_fpe_support_matrix.py --model ""nvidia/MiniMax-M3-NVFP4"" --system ""h100_sxm"" --backend ""trtllm"" --backend-version ""1.3.0rc23"" --forward-model op_level --max-workers 8",,116,29,PERF_DATA_MISSING=116,,26dae1f99b2b50fb17118f38d8a8e95dfac3357c
nvidia/MiniMax-M3-NVFP4,MiniMaxM3SparseForConditionalGeneration,h100_sxm,vllm,0.1.dev19262,FAIL,Strict-native op-level FPE probes: PERF_DATA_MISSING=116; raw probes=116; topologies=29; source_sha=26dae1f99b2b50fb17118f38d8a8e95dfac3357c. Representative failure: perf database error: perf database error: no GEMM rows loaded from 1 source(s) (first: <repo>/python/aisimulate/src/aiconfigurator_core/systems/data/h100_sxm/vllm/0.1.dev19262/gemm_perf.parquet),"python python/aisimulate/tools/support_matrix/generate_fpe_support_matrix.py --model ""nvidia/MiniMax-M3-NVFP4"" --system ""h100_sxm"" --backend ""vllm"" --backend-version ""0.1.dev19262"" --forward-model op_level --max-workers 8",,116,29,PERF_DATA_MISSING=116,,26dae1f99b2b50fb17118f38d8a8e95dfac3357c
nvidia/MiniMax-M3-NVFP4,MiniMaxM3SparseForConditionalGeneration,h100_sxm,vllm,0.14.0,FAIL,"Strict-native op-level FPE probes: PERF_DATA_MISSING=116; raw probes=116; topologies=29; source_sha=26dae1f99b2b50fb17118f38d8a8e95dfac3357c. Representative failure: perf database error: MoE data missing for MoeKey { quant: ""nvfp4_wo"", distribution: ""uniform"", topk: 4, num_experts: 128, hidden_size: 6144, inter_size: 3072, moe_tp_size: 1, moe_ep_size: 1 } at <repo>/python/aisimulate/src/aiconfigurator_core/systems/data/h100_sxm/vllm/0.14.0","python python/aisimulate/tools/support_matrix/generate_fpe_support_matrix.py --model ""nvidia/MiniMax-M3-NVFP4"" --system ""h100_sxm"" --backend ""vllm"" --backend-version ""0.14.0"" --forward-model op_level --max-workers 8",,116,29,PERF_DATA_MISSING=116,,26dae1f99b2b50fb17118f38d8a8e95dfac3357c
nvidia/MiniMax-M3-NVFP4,MiniMaxM3SparseForConditionalGeneration,h100_sxm,vllm,0.19.0,FAIL,"Strict-native op-level FPE probes: PERF_DATA_MISSING=116; raw probes=116; topologies=29; source_sha=26dae1f99b2b50fb17118f38d8a8e95dfac3357c. Representative failure: perf database error: MoE data missing for MoeKey { quant: ""nvfp4_wo"", distribution: ""uniform"", topk: 4, num_experts: 128, hidden_size: 6144, inter_size: 3072, moe_tp_size: 1, moe_ep_size: 1 } at <repo>/python/aisimulate/src/aiconfigurator_core/systems/data/h100_sxm/vllm/0.19.0","python python/aisimulate/tools/support_matrix/generate_fpe_support_matrix.py --model ""nvidia/MiniMax-M3-NVFP4"" --system ""h100_sxm"" --backend ""vllm"" --backend-version ""0.19.0"" --forward-model op_level --max-workers 8",,116,29,PERF_DATA_MISSING=116,,26dae1f99b2b50fb17118f38d8a8e95dfac3357c
nvidia/MiniMax-M3-NVFP4,MiniMaxM3SparseForConditionalGeneration,h100_sxm,vllm,0.22.0,FAIL,"Strict-native op-level FPE probes: PERF_DATA_MISSING=116; raw probes=116; topologies=29; source_sha=26dae1f99b2b50fb17118f38d8a8e95dfac3357c. Representative failure: perf database error: MoE data missing for MoeKey { quant: ""nvfp4_wo"", distribution: ""uniform"", topk: 4, num_experts: 128, hidden_size: 6144, inter_size: 3072, moe_tp_size: 1, moe_ep_size: 1 } at <repo>/python/aisimulate/src/aiconfigurator_core/systems/data/h100_sxm/vllm/0.22.0","python python/aisimulate/tools/support_matrix/generate_fpe_support_matrix.py --model ""nvidia/MiniMax-M3-NVFP4"" --system ""h100_sxm"" --backend ""vllm"" --backend-version ""0.22.0"" --forward-model op_level --max-workers 8",,116,29,PERF_DATA_MISSING=116,,26dae1f99b2b50fb17118f38d8a8e95dfac3357c
nvidia/MiniMax-M3-NVFP4,MiniMaxM3SparseForConditionalGeneration,h100_sxm,vllm,0.24.0,FAIL,"Strict-native op-level FPE probes: PERF_DATA_MISSING=116; raw probes=116; topologies=29; source_sha=26dae1f99b2b50fb17118f38d8a8e95dfac3357c. Representative failure: perf database error: MoE data missing for MoeKey { quant: ""nvfp4_wo"", distribution: ""uniform"", topk: 4, num_experts: 128, hidden_size: 6144, inter_size: 3072, moe_tp_size: 1, moe_ep_size: 1 } at <repo>/python/aisimulate/src/aiconfigurator_core/systems/data/h100_sxm/vllm/0.24.0","python python/aisimulate/tools/support_matrix/generate_fpe_support_matrix.py --model ""nvidia/MiniMax-M3-NVFP4"" --system ""h100_sxm"" --backend ""vllm"" --backend-version ""0.24.0"" --forward-model op_level --max-workers 8",,116,29,PERF_DATA_MISSING=116,,26dae1f99b2b50fb17118f38d8a8e95dfac3357c
nvidia/NVIDIA-Nemotron-3-Nano-30B-A3B-BF16,NemotronHForCausalLM,h100_sxm,sglang,0.5.10,PASS,,"python python/aisimulate/tools/support_matrix/generate_fpe_support_matrix.py --model ""nvidia/NVIDIA-Nemotron-3-Nano-30B-A3B-BF16"" --system ""h100_sxm"" --backend ""sglang"" --backend-version ""0.5.10"" --forward-model op_level --max-workers 8",silicon,220,55,PASS=220,"decode_end=3185.483067, decode_start=12.486074, mixed=30.290052, prefill=29.778248",26dae1f99b2b50fb17118f38d8a8e95dfac3357c
nvidia/NVIDIA-Nemotron-3-Nano-30B-A3B-BF16,NemotronHForCausalLM,h100_sxm,sglang,0.5.12,PASS,,"python python/aisimulate/tools/support_matrix/generate_fpe_support_matrix.py --model ""nvidia/NVIDIA-Nemotron-3-Nano-30B-A3B-BF16"" --system ""h100_sxm"" --backend ""sglang"" --backend-version ""0.5.12"" --forward-model op_level --max-workers 8",silicon,220,55,PASS=220,"decode_end=9263.714224, decode_start=36.322654, mixed=90.844055, prefill=90.213849",26dae1f99b2b50fb17118f38d8a8e95dfac3357c
nvidia/NVIDIA-Nemotron-3-Nano-30B-A3B-BF16,NemotronHForCausalLM,h100_sxm,sglang,0.5.14,PASS,,"python python/aisimulate/tools/support_matrix/generate_fpe_support_matrix.py --model ""nvidia/NVIDIA-Nemotron-3-Nano-30B-A3B-BF16"" --system ""h100_sxm"" --backend ""sglang"" --backend-version ""0.5.14"" --forward-model op_level --max-workers 8",silicon,220,55,PASS=220,"decode_end=9263.714224, decode_start=36.322654, mixed=90.844055, prefill=90.213849",26dae1f99b2b50fb17118f38d8a8e95dfac3357c
nvidia/NVIDIA-Nemotron-3-Nano-30B-A3B-BF16,NemotronHForCausalLM,h100_sxm,sglang,0.5.16,PASS,,"python python/aisimulate/tools/support_matrix/generate_fpe_support_matrix.py --model ""nvidia/NVIDIA-Nemotron-3-Nano-30B-A3B-BF16"" --system ""h100_sxm"" --backend ""sglang"" --backend-version ""0.5.16"" --forward-model op_level --max-workers 8",silicon,220,55,PASS=220,"decode_end=9263.714224, decode_start=36.322654, mixed=90.844055, prefill=90.213849",26dae1f99b2b50fb17118f38d8a8e95dfac3357c
nvidia/NVIDIA-Nemotron-3-Nano-30B-A3B-BF16,NemotronHForCausalLM,h100_sxm,sglang,0.5.6.post2,FAIL,"Strict-native op-level FPE probes: PERF_DATA_MISSING=220; raw probes=220; topologies=55; source_sha=26dae1f99b2b50fb17118f38d8a8e95dfac3357c. Representative failure: perf database error: MoE data missing for MoeKey { quant: ""bfloat16"", distribution: ""power_law_1.01"", topk: 6, num_experts: 128, hidden_size: 2688, inter_size: 1856, moe_tp_size: 1, moe_ep_size: 1 } at <repo>/python/aisimulate/src/aiconfigurator_core/systems/data/h100_sxm/sglang/0.5.6.post2","python python/aisimulate/tools/support_matrix/generate_fpe_support_matrix.py --model ""nvidia/NVIDIA-Nemotron-3-Nano-30B-A3B-BF16"" --system ""h100_sxm"" --backend ""sglang"" --backend-version ""0.5.6.post2"" --forward-model op_level --max-workers 8",,220,55,PERF_DATA_MISSING=220,,26dae1f99b2b50fb17118f38d8a8e95dfac3357c
nvidia/NVIDIA-Nemotron-3-Nano-30B-A3B-BF16,NemotronHForCausalLM,h100_sxm,sglang,0.5.9,PASS,,"python python/aisimulate/tools/support_matrix/generate_fpe_support_matrix.py --model ""nvidia/NVIDIA-Nemotron-3-Nano-30B-A3B-BF16"" --system ""h100_sxm"" --backend ""sglang"" --backend-version ""0.5.9"" --forward-model op_level --max-workers 8",silicon,220,55,PASS=220,"decode_end=3147.186954, decode_start=12.334564, mixed=30.323868, prefill=29.791446",26dae1f99b2b50fb17118f38d8a8e95dfac3357c
nvidia/NVIDIA-Nemotron-3-Nano-30B-A3B-BF16,NemotronHForCausalLM,h100_sxm,trtllm,1.2.0rc5,PASS,,"python python/aisimulate/tools/support_matrix/generate_fpe_support_matrix.py --model ""nvidia/NVIDIA-Nemotron-3-Nano-30B-A3B-BF16"" --system ""h100_sxm"" --backend ""trtllm"" --backend-version ""1.2.0rc5"" --forward-model op_level --max-workers 8",silicon,116,29,"PASS=92, PERF_DATA_MISSING=24","decode_end=2373.913338, decode_start=9.308539, mixed=21.721539, prefill=21.479643",26dae1f99b2b50fb17118f38d8a8e95dfac3357c
nvidia/NVIDIA-Nemotron-3-Nano-30B-A3B-BF16,NemotronHForCausalLM,h100_sxm,trtllm,1.3.0rc10,PASS,,"python python/aisimulate/tools/support_matrix/generate_fpe_support_matrix.py --model ""nvidia/NVIDIA-Nemotron-3-Nano-30B-A3B-BF16"" --system ""h100_sxm"" --backend ""trtllm"" --backend-version ""1.3.0rc10"" --forward-model op_level --max-workers 8",silicon,116,29,"PASS=92, PERF_DATA_MISSING=24","decode_end=2284.050548, decode_start=8.958521, mixed=21.784956, prefill=21.524468",26dae1f99b2b50fb17118f38d8a8e95dfac3357c
nvidia/NVIDIA-Nemotron-3-Nano-30B-A3B-BF16,NemotronHForCausalLM,h100_sxm,trtllm,1.3.0rc15,PASS,,"python python/aisimulate/tools/support_matrix/generate_fpe_support_matrix.py --model ""nvidia/NVIDIA-Nemotron-3-Nano-30B-A3B-BF16"" --system ""h100_sxm"" --backend ""trtllm"" --backend-version ""1.3.0rc15"" --forward-model op_level --max-workers 8",silicon,116,29,"PASS=92, PERF_DATA_MISSING=24","decode_end=2284.050548, decode_start=8.958521, mixed=21.784956, prefill=21.524468",26dae1f99b2b50fb17118f38d8a8e95dfac3357c
nvidia/NVIDIA-Nemotron-3-Nano-30B-A3B-BF16,NemotronHForCausalLM,h100_sxm,trtllm,1.3.0rc20,PASS,,"python python/aisimulate/tools/support_matrix/generate_fpe_support_matrix.py --model ""nvidia/NVIDIA-Nemotron-3-Nano-30B-A3B-BF16"" --system ""h100_sxm"" --backend ""trtllm"" --backend-version ""1.3.0rc20"" --forward-model op_level --max-workers 8",silicon,116,29,"PASS=92, PERF_DATA_MISSING=24","decode_end=2402.359504, decode_start=9.421660, mixed=21.722804, prefill=21.334498",26dae1f99b2b50fb17118f38d8a8e95dfac3357c
nvidia/NVIDIA-Nemotron-3-Nano-30B-A3B-BF16,NemotronHForCausalLM,h100_sxm,trtllm,1.3.0rc23,PASS,,"python python/aisimulate/tools/support_matrix/generate_fpe_support_matrix.py --model ""nvidia/NVIDIA-Nemotron-3-Nano-30B-A3B-BF16"" --system ""h100_sxm"" --backend ""trtllm"" --backend-version ""1.3.0rc23"" --forward-model op_level --max-workers 8",silicon,116,29,"PASS=92, PERF_DATA_MISSING=24","decode_end=2402.359504, decode_start=9.421660, mixed=21.722804, prefill=21.334498",26dae1f99b2b50fb17118f38d8a8e95dfac3357c
nvidia/NVIDIA-Nemotron-3-Nano-30B-A3B-BF16,NemotronHForCausalLM,h100_sxm,vllm,0.1.dev19262,FAIL,Strict-native op-level FPE probes: PERF_DATA_MISSING=116; raw probes=116; topologies=29; source_sha=26dae1f99b2b50fb17118f38d8a8e95dfac3357c. Representative failure: perf database error: perf database error: no GEMM rows loaded from 1 source(s) (first: <repo>/python/aisimulate/src/aiconfigurator_core/systems/data/h100_sxm/vllm/0.1.dev19262/gemm_perf.parquet),"python python/aisimulate/tools/support_matrix/generate_fpe_support_matrix.py --model ""nvidia/NVIDIA-Nemotron-3-Nano-30B-A3B-BF16"" --system ""h100_sxm"" --backend ""vllm"" --backend-version ""0.1.dev19262"" --forward-model op_level --max-workers 8",,116,29,PERF_DATA_MISSING=116,,26dae1f99b2b50fb17118f38d8a8e95dfac3357c
nvidia/NVIDIA-Nemotron-3-Nano-30B-A3B-BF16,NemotronHForCausalLM,h100_sxm,vllm,0.14.0,PASS,,"python python/aisimulate/tools/support_matrix/generate_fpe_support_matrix.py --model ""nvidia/NVIDIA-Nemotron-3-Nano-30B-A3B-BF16"" --system ""h100_sxm"" --backend ""vllm"" --backend-version ""0.14.0"" --forward-model op_level --max-workers 8",silicon,116,29,PASS=116,"decode_end=3083.556831, decode_start=12.088129, mixed=29.865516, prefill=29.219905",26dae1f99b2b50fb17118f38d8a8e95dfac3357c
nvidia/NVIDIA-Nemotron-3-Nano-30B-A3B-BF16,NemotronHForCausalLM,h100_sxm,vllm,0.19.0,PASS,,"python python/aisimulate/tools/support_matrix/generate_fpe_support_matrix.py --model ""nvidia/NVIDIA-Nemotron-3-Nano-30B-A3B-BF16"" --system ""h100_sxm"" --backend ""vllm"" --backend-version ""0.19.0"" --forward-model op_level --max-workers 8",silicon,116,29,PASS=116,"decode_end=3023.921367, decode_start=11.857788, mixed=30.288562, prefill=29.687931",26dae1f99b2b50fb17118f38d8a8e95dfac3357c
nvidia/NVIDIA-Nemotron-3-Nano-30B-A3B-BF16,NemotronHForCausalLM,h100_sxm,vllm,0.22.0,PASS,,"python python/aisimulate/tools/support_matrix/generate_fpe_support_matrix.py --model ""nvidia/NVIDIA-Nemotron-3-Nano-30B-A3B-BF16"" --system ""h100_sxm"" --backend ""vllm"" --backend-version ""0.22.0"" --forward-model op_level --max-workers 8",silicon,116,29,PASS=116,"decode_end=2289.468582, decode_start=8.976879, mixed=21.203272, prefill=21.030841",26dae1f99b2b50fb17118f38d8a8e95dfac3357c
nvidia/NVIDIA-Nemotron-3-Nano-30B-A3B-BF16,NemotronHForCausalLM,h100_sxm,vllm,0.24.0,PASS,,"python python/aisimulate/tools/support_matrix/generate_fpe_support_matrix.py --model ""nvidia/NVIDIA-Nemotron-3-Nano-30B-A3B-BF16"" --system ""h100_sxm"" --backend ""vllm"" --backend-version ""0.24.0"" --forward-model op_level --max-workers 8",silicon,116,29,PASS=116,"decode_end=2289.468582, decode_start=8.976879, mixed=21.203272, prefill=21.030841",26dae1f99b2b50fb17118f38d8a8e95dfac3357c
nvidia/NVIDIA-Nemotron-3-Nano-30B-A3B-NVFP4,NemotronHForCausalLM,h100_sxm,sglang,0.5.10,FAIL,"Strict-native op-level FPE probes: PERF_DATA_MISSING=220; raw probes=220; topologies=55; source_sha=26dae1f99b2b50fb17118f38d8a8e95dfac3357c. Representative failure: perf database error: GEMM perf data missing for quant 'nvfp4_wo' at <repo>/python/aisimulate/src/aiconfigurator_core/systems/data/h100_sxm/sglang/0.5.10; available: [""bfloat16"", ""fp8"", ""fp8_block"", ""int8_wo""]","python python/aisimulate/tools/support_matrix/generate_fpe_support_matrix.py --model ""nvidia/NVIDIA-Nemotron-3-Nano-30B-A3B-NVFP4"" --system ""h100_sxm"" --backend ""sglang"" --backend-version ""0.5.10"" --forward-model op_level --max-workers 8",,220,55,PERF_DATA_MISSING=220,,26dae1f99b2b50fb17118f38d8a8e95dfac3357c
nvidia/NVIDIA-Nemotron-3-Nano-30B-A3B-NVFP4,NemotronHForCausalLM,h100_sxm,sglang,0.5.12,FAIL,"Strict-native op-level FPE probes: PERF_DATA_MISSING=220; raw probes=220; topologies=55; source_sha=26dae1f99b2b50fb17118f38d8a8e95dfac3357c. Representative failure: perf database error: GEMM perf data missing for quant 'nvfp4_wo' at <repo>/python/aisimulate/src/aiconfigurator_core/systems/data/h100_sxm/sglang/0.5.12; available: [""bfloat16"", ""fp8"", ""fp8_block"", ""int8_wo""]","python python/aisimulate/tools/support_matrix/generate_fpe_support_matrix.py --model ""nvidia/NVIDIA-Nemotron-3-Nano-30B-A3B-NVFP4"" --system ""h100_sxm"" --backend ""sglang"" --backend-version ""0.5.12"" --forward-model op_level --max-workers 8",,220,55,PERF_DATA_MISSING=220,,26dae1f99b2b50fb17118f38d8a8e95dfac3357c
nvidia/NVIDIA-Nemotron-3-Nano-30B-A3B-NVFP4,NemotronHForCausalLM,h100_sxm,sglang,0.5.14,FAIL,"Strict-native op-level FPE probes: PERF_DATA_MISSING=220; raw probes=220; topologies=55; source_sha=26dae1f99b2b50fb17118f38d8a8e95dfac3357c. Representative failure: perf database error: GEMM perf data missing for quant 'nvfp4_wo' at <repo>/python/aisimulate/src/aiconfigurator_core/systems/data/h100_sxm/sglang/0.5.14; available: [""bfloat16"", ""fp8"", ""fp8_block"", ""int8_wo""]","python python/aisimulate/tools/support_matrix/generate_fpe_support_matrix.py --model ""nvidia/NVIDIA-Nemotron-3-Nano-30B-A3B-NVFP4"" --system ""h100_sxm"" --backend ""sglang"" --backend-version ""0.5.14"" --forward-model op_level --max-workers 8",,220,55,PERF_DATA_MISSING=220,,26dae1f99b2b50fb17118f38d8a8e95dfac3357c
nvidia/NVIDIA-Nemotron-3-Nano-30B-A3B-NVFP4,NemotronHForCausalLM,h100_sxm,sglang,0.5.16,FAIL,"Strict-native op-level FPE probes: PERF_DATA_MISSING=220; raw probes=220; topologies=55; source_sha=26dae1f99b2b50fb17118f38d8a8e95dfac3357c. Representative failure: perf database error: GEMM perf data missing for quant 'nvfp4_wo' at <repo>/python/aisimulate/src/aiconfigurator_core/systems/data/h100_sxm/sglang/0.5.16; available: [""bfloat16"", ""fp8"", ""fp8_block"", ""int8_wo""]","python python/aisimulate/tools/support_matrix/generate_fpe_support_matrix.py --model ""nvidia/NVIDIA-Nemotron-3-Nano-30B-A3B-NVFP4"" --system ""h100_sxm"" --backend ""sglang"" --backend-version ""0.5.16"" --forward-model op_level --max-workers 8",,220,55,PERF_DATA_MISSING=220,,26dae1f99b2b50fb17118f38d8a8e95dfac3357c
nvidia/NVIDIA-Nemotron-3-Nano-30B-A3B-NVFP4,NemotronHForCausalLM,h100_sxm,sglang,0.5.6.post2,FAIL,"Strict-native op-level FPE probes: PERF_DATA_MISSING=220; raw probes=220; topologies=55; source_sha=26dae1f99b2b50fb17118f38d8a8e95dfac3357c. Representative failure: perf database error: GEMM perf data missing for quant 'nvfp4_wo' at <repo>/python/aisimulate/src/aiconfigurator_core/systems/data/h100_sxm/sglang/0.5.6.post2; available: [""bfloat16"", ""fp8"", ""fp8_block"", ""int8_wo""]","python python/aisimulate/tools/support_matrix/generate_fpe_support_matrix.py --model ""nvidia/NVIDIA-Nemotron-3-Nano-30B-A3B-NVFP4"" --system ""h100_sxm"" --backend ""sglang"" --backend-version ""0.5.6.post2"" --forward-model op_level --max-workers 8",,220,55,PERF_DATA_MISSING=220,,26dae1f99b2b50fb17118f38d8a8e95dfac3357c
nvidia/NVIDIA-Nemotron-3-Nano-30B-A3B-NVFP4,NemotronHForCausalLM,h100_sxm,sglang,0.5.9,FAIL,"Strict-native op-level FPE probes: PERF_DATA_MISSING=220; raw probes=220; topologies=55; source_sha=26dae1f99b2b50fb17118f38d8a8e95dfac3357c. Representative failure: perf database error: GEMM perf data missing for quant 'nvfp4_wo' at <repo>/python/aisimulate/src/aiconfigurator_core/systems/data/h100_sxm/sglang/0.5.9; available: [""bfloat16"", ""fp8"", ""fp8_block"", ""int8_wo""]","python python/aisimulate/tools/support_matrix/generate_fpe_support_matrix.py --model ""nvidia/NVIDIA-Nemotron-3-Nano-30B-A3B-NVFP4"" --system ""h100_sxm"" --backend ""sglang"" --backend-version ""0.5.9"" --forward-model op_level --max-workers 8",,220,55,PERF_DATA_MISSING=220,,26dae1f99b2b50fb17118f38d8a8e95dfac3357c
nvidia/NVIDIA-Nemotron-3-Nano-30B-A3B-NVFP4,NemotronHForCausalLM,h100_sxm,trtllm,1.2.0rc5,FAIL,"Strict-native op-level FPE probes: PERF_DATA_MISSING=116; raw probes=116; topologies=29; source_sha=26dae1f99b2b50fb17118f38d8a8e95dfac3357c. Representative failure: perf database error: GEMM perf data missing for quant 'nvfp4_wo' at <repo>/python/aisimulate/src/aiconfigurator_core/systems/data/h100_sxm/trtllm/1.2.0rc5; available: [""bfloat16"", ""fp8"", ""fp8_block""]","python python/aisimulate/tools/support_matrix/generate_fpe_support_matrix.py --model ""nvidia/NVIDIA-Nemotron-3-Nano-30B-A3B-NVFP4"" --system ""h100_sxm"" --backend ""trtllm"" --backend-version ""1.2.0rc5"" --forward-model op_level --max-workers 8",,116,29,PERF_DATA_MISSING=116,,26dae1f99b2b50fb17118f38d8a8e95dfac3357c
nvidia/NVIDIA-Nemotron-3-Nano-30B-A3B-NVFP4,NemotronHForCausalLM,h100_sxm,trtllm,1.3.0rc10,FAIL,"Strict-native op-level FPE probes: PERF_DATA_MISSING=116; raw probes=116; topologies=29; source_sha=26dae1f99b2b50fb17118f38d8a8e95dfac3357c. Representative failure: perf database error: GEMM perf data missing for quant 'nvfp4_wo' at <repo>/python/aisimulate/src/aiconfigurator_core/systems/data/h100_sxm/trtllm/1.3.0rc10; available: [""bfloat16"", ""fp8"", ""fp8_block""]","python python/aisimulate/tools/support_matrix/generate_fpe_support_matrix.py --model ""nvidia/NVIDIA-Nemotron-3-Nano-30B-A3B-NVFP4"" --system ""h100_sxm"" --backend ""trtllm"" --backend-version ""1.3.0rc10"" --forward-model op_level --max-workers 8",,116,29,PERF_DATA_MISSING=116,,26dae1f99b2b50fb17118f38d8a8e95dfac3357c
nvidia/NVIDIA-Nemotron-3-Nano-30B-A3B-NVFP4,NemotronHForCausalLM,h100_sxm,trtllm,1.3.0rc15,FAIL,"Strict-native op-level FPE probes: PERF_DATA_MISSING=116; raw probes=116; topologies=29; source_sha=26dae1f99b2b50fb17118f38d8a8e95dfac3357c. Representative failure: perf database error: GEMM perf data missing for quant 'nvfp4_wo' at <repo>/python/aisimulate/src/aiconfigurator_core/systems/data/h100_sxm/trtllm/1.3.0rc15; available: [""bfloat16"", ""fp8"", ""fp8_block""]","python python/aisimulate/tools/support_matrix/generate_fpe_support_matrix.py --model ""nvidia/NVIDIA-Nemotron-3-Nano-30B-A3B-NVFP4"" --system ""h100_sxm"" --backend ""trtllm"" --backend-version ""1.3.0rc15"" --forward-model op_level --max-workers 8",,116,29,PERF_DATA_MISSING=116,,26dae1f99b2b50fb17118f38d8a8e95dfac3357c
nvidia/NVIDIA-Nemotron-3-Nano-30B-A3B-NVFP4,NemotronHForCausalLM,h100_sxm,trtllm,1.3.0rc20,FAIL,"Strict-native op-level FPE probes: PERF_DATA_MISSING=116; raw probes=116; topologies=29; source_sha=26dae1f99b2b50fb17118f38d8a8e95dfac3357c. Representative failure: perf database error: GEMM perf data missing for quant 'nvfp4_wo' at <repo>/python/aisimulate/src/aiconfigurator_core/systems/data/h100_sxm/trtllm/1.3.0rc20; available: [""bfloat16"", ""fp8"", ""fp8_block""]","python python/aisimulate/tools/support_matrix/generate_fpe_support_matrix.py --model ""nvidia/NVIDIA-Nemotron-3-Nano-30B-A3B-NVFP4"" --system ""h100_sxm"" --backend ""trtllm"" --backend-version ""1.3.0rc20"" --forward-model op_level --max-workers 8",,116,29,PERF_DATA_MISSING=116,,26dae1f99b2b50fb17118f38d8a8e95dfac3357c
nvidia/NVIDIA-Nemotron-3-Nano-30B-A3B-NVFP4,NemotronHForCausalLM,h100_sxm,trtllm,1.3.0rc23,FAIL,"Strict-native op-level FPE probes: PERF_DATA_MISSING=116; raw probes=116; topologies=29; source_sha=26dae1f99b2b50fb17118f38d8a8e95dfac3357c. Representative failure: perf database error: GEMM perf data missing for quant 'nvfp4_wo' at <repo>/python/aisimulate/src/aiconfigurator_core/systems/data/h100_sxm/trtllm/1.3.0rc23; available: [""bfloat16"", ""fp8"", ""fp8_block""]","python python/aisimulate/tools/support_matrix/generate_fpe_support_matrix.py --model ""nvidia/NVIDIA-Nemotron-3-Nano-30B-A3B-NVFP4"" --system ""h100_sxm"" --backend ""trtllm"" --backend-version ""1.3.0rc23"" --forward-model op_level --max-workers 8",,116,29,PERF_DATA_MISSING=116,,26dae1f99b2b50fb17118f38d8a8e95dfac3357c
nvidia/NVIDIA-Nemotron-3-Nano-30B-A3B-NVFP4,NemotronHForCausalLM,h100_sxm,vllm,0.1.dev19262,FAIL,Strict-native op-level FPE probes: PERF_DATA_MISSING=116; raw probes=116; topologies=29; source_sha=26dae1f99b2b50fb17118f38d8a8e95dfac3357c. Representative failure: perf database error: perf database error: no GEMM rows loaded from 1 source(s) (first: <repo>/python/aisimulate/src/aiconfigurator_core/systems/data/h100_sxm/vllm/0.1.dev19262/gemm_perf.parquet),"python python/aisimulate/tools/support_matrix/generate_fpe_support_matrix.py --model ""nvidia/NVIDIA-Nemotron-3-Nano-30B-A3B-NVFP4"" --system ""h100_sxm"" --backend ""vllm"" --backend-version ""0.1.dev19262"" --forward-model op_level --max-workers 8",,116,29,PERF_DATA_MISSING=116,,26dae1f99b2b50fb17118f38d8a8e95dfac3357c
nvidia/NVIDIA-Nemotron-3-Nano-30B-A3B-NVFP4,NemotronHForCausalLM,h100_sxm,vllm,0.14.0,FAIL,"Strict-native op-level FPE probes: PERF_DATA_MISSING=116; raw probes=116; topologies=29; source_sha=26dae1f99b2b50fb17118f38d8a8e95dfac3357c. Representative failure: perf database error: GEMM perf data missing for quant 'nvfp4_wo' at <repo>/python/aisimulate/src/aiconfigurator_core/systems/data/h100_sxm/vllm/0.14.0; available: [""bfloat16"", ""fp8"", ""fp8_block""]","python python/aisimulate/tools/support_matrix/generate_fpe_support_matrix.py --model ""nvidia/NVIDIA-Nemotron-3-Nano-30B-A3B-NVFP4"" --system ""h100_sxm"" --backend ""vllm"" --backend-version ""0.14.0"" --forward-model op_level --max-workers 8",,116,29,PERF_DATA_MISSING=116,,26dae1f99b2b50fb17118f38d8a8e95dfac3357c
nvidia/NVIDIA-Nemotron-3-Nano-30B-A3B-NVFP4,NemotronHForCausalLM,h100_sxm,vllm,0.19.0,FAIL,"Strict-native op-level FPE probes: PERF_DATA_MISSING=116; raw probes=116; topologies=29; source_sha=26dae1f99b2b50fb17118f38d8a8e95dfac3357c. Representative failure: perf database error: GEMM perf data missing for quant 'nvfp4_wo' at <repo>/python/aisimulate/src/aiconfigurator_core/systems/data/h100_sxm/vllm/0.19.0; available: [""bfloat16"", ""fp8"", ""fp8_block""]","python python/aisimulate/tools/support_matrix/generate_fpe_support_matrix.py --model ""nvidia/NVIDIA-Nemotron-3-Nano-30B-A3B-NVFP4"" --system ""h100_sxm"" --backend ""vllm"" --backend-version ""0.19.0"" --forward-model op_level --max-workers 8",,116,29,PERF_DATA_MISSING=116,,26dae1f99b2b50fb17118f38d8a8e95dfac3357c
nvidia/NVIDIA-Nemotron-3-Nano-30B-A3B-NVFP4,NemotronHForCausalLM,h100_sxm,vllm,0.22.0,FAIL,"Strict-native op-level FPE probes: PERF_DATA_MISSING=116; raw probes=116; topologies=29; source_sha=26dae1f99b2b50fb17118f38d8a8e95dfac3357c. Representative failure: perf database error: GEMM perf data missing for quant 'nvfp4_wo' at <repo>/python/aisimulate/src/aiconfigurator_core/systems/data/h100_sxm/vllm/0.22.0; available: [""bfloat16"", ""fp8"", ""fp8_block""]","python python/aisimulate/tools/support_matrix/generate_fpe_support_matrix.py --model ""nvidia/NVIDIA-Nemotron-3-Nano-30B-A3B-NVFP4"" --system ""h100_sxm"" --backend ""vllm"" --backend-version ""0.22.0"" --forward-model op_level --max-workers 8",,116,29,PERF_DATA_MISSING=116,,26dae1f99b2b50fb17118f38d8a8e95dfac3357c
nvidia/NVIDIA-Nemotron-3-Nano-30B-A3B-NVFP4,NemotronHForCausalLM,h100_sxm,vllm,0.24.0,FAIL,"Strict-native op-level FPE probes: PERF_DATA_MISSING=116; raw probes=116; topologies=29; source_sha=26dae1f99b2b50fb17118f38d8a8e95dfac3357c. Representative failure: perf database error: GEMM perf data missing for quant 'nvfp4_wo' at <repo>/python/aisimulate/src/aiconfigurator_core/systems/data/h100_sxm/vllm/0.24.0; available: [""bfloat16"", ""fp8"", ""fp8_block""]","python python/aisimulate/tools/support_matrix/generate_fpe_support_matrix.py --model ""nvidia/NVIDIA-Nemotron-3-Nano-30B-A3B-NVFP4"" --system ""h100_sxm"" --backend ""vllm"" --backend-version ""0.24.0"" --forward-model op_level --max-workers 8",,116,29,PERF_DATA_MISSING=116,,26dae1f99b2b50fb17118f38d8a8e95dfac3357c
nvidia/NVIDIA-Nemotron-3-Super-120B-A12B-FP8,NemotronHForCausalLM,h100_sxm,sglang,0.5.10,FAIL,Strict-native op-level FPE probes: PERF_DATA_MISSING=220; raw probes=220; topologies=55; source_sha=26dae1f99b2b50fb17118f38d8a8e95dfac3357c. Representative failure: perf database error: perf database error: no rows loaded from 1 source(s) (first: <repo>/python/aisimulate/src/aiconfigurator_core/systems/data/h100_sxm/sglang/0.5.10/computescale_perf.parquet),"python python/aisimulate/tools/support_matrix/generate_fpe_support_matrix.py --model ""nvidia/NVIDIA-Nemotron-3-Super-120B-A12B-FP8"" --system ""h100_sxm"" --backend ""sglang"" --backend-version ""0.5.10"" --forward-model op_level --max-workers 8",,220,55,PERF_DATA_MISSING=220,,26dae1f99b2b50fb17118f38d8a8e95dfac3357c
nvidia/NVIDIA-Nemotron-3-Super-120B-A12B-FP8,NemotronHForCausalLM,h100_sxm,sglang,0.5.12,FAIL,"Strict-native op-level FPE probes: PERF_DATA_MISSING=220; raw probes=220; topologies=55; source_sha=26dae1f99b2b50fb17118f38d8a8e95dfac3357c. Representative failure: perf database error: MoE data missing for MoeKey { quant: ""fp8"", distribution: ""uniform"", topk: 22, num_experts: 512, hidden_size: 1024, inter_size: 2688, moe_tp_size: 1, moe_ep_size: 1 } at <repo>/python/aisimulate/src/aiconfigurator_core/systems/data/h100_sxm/sglang/0.5.12","python python/aisimulate/tools/support_matrix/generate_fpe_support_matrix.py --model ""nvidia/NVIDIA-Nemotron-3-Super-120B-A12B-FP8"" --system ""h100_sxm"" --backend ""sglang"" --backend-version ""0.5.12"" --forward-model op_level --max-workers 8",,220,55,PERF_DATA_MISSING=220,,26dae1f99b2b50fb17118f38d8a8e95dfac3357c
nvidia/NVIDIA-Nemotron-3-Super-120B-A12B-FP8,NemotronHForCausalLM,h100_sxm,sglang,0.5.14,FAIL,"Strict-native op-level FPE probes: PERF_DATA_MISSING=220; raw probes=220; topologies=55; source_sha=26dae1f99b2b50fb17118f38d8a8e95dfac3357c. Representative failure: perf database error: MoE data missing for MoeKey { quant: ""fp8"", distribution: ""uniform"", topk: 22, num_experts: 512, hidden_size: 1024, inter_size: 2688, moe_tp_size: 1, moe_ep_size: 1 } at <repo>/python/aisimulate/src/aiconfigurator_core/systems/data/h100_sxm/sglang/0.5.14","python python/aisimulate/tools/support_matrix/generate_fpe_support_matrix.py --model ""nvidia/NVIDIA-Nemotron-3-Super-120B-A12B-FP8"" --system ""h100_sxm"" --backend ""sglang"" --backend-version ""0.5.14"" --forward-model op_level --max-workers 8",,220,55,PERF_DATA_MISSING=220,,26dae1f99b2b50fb17118f38d8a8e95dfac3357c
nvidia/NVIDIA-Nemotron-3-Super-120B-A12B-FP8,NemotronHForCausalLM,h100_sxm,sglang,0.5.16,FAIL,"Strict-native op-level FPE probes: PERF_DATA_MISSING=220; raw probes=220; topologies=55; source_sha=26dae1f99b2b50fb17118f38d8a8e95dfac3357c. Representative failure: perf database error: MoE data missing for MoeKey { quant: ""fp8"", distribution: ""uniform"", topk: 22, num_experts: 512, hidden_size: 1024, inter_size: 2688, moe_tp_size: 1, moe_ep_size: 1 } at <repo>/python/aisimulate/src/aiconfigurator_core/systems/data/h100_sxm/sglang/0.5.16","python python/aisimulate/tools/support_matrix/generate_fpe_support_matrix.py --model ""nvidia/NVIDIA-Nemotron-3-Super-120B-A12B-FP8"" --system ""h100_sxm"" --backend ""sglang"" --backend-version ""0.5.16"" --forward-model op_level --max-workers 8",,220,55,PERF_DATA_MISSING=220,,26dae1f99b2b50fb17118f38d8a8e95dfac3357c
nvidia/NVIDIA-Nemotron-3-Super-120B-A12B-FP8,NemotronHForCausalLM,h100_sxm,sglang,0.5.6.post2,FAIL,Strict-native op-level FPE probes: PERF_DATA_MISSING=220; raw probes=220; topologies=55; source_sha=26dae1f99b2b50fb17118f38d8a8e95dfac3357c. Representative failure: perf database error: perf database error: no rows loaded from 1 source(s) (first: <repo>/python/aisimulate/src/aiconfigurator_core/systems/data/h100_sxm/sglang/0.5.6.post2/computescale_perf.parquet),"python python/aisimulate/tools/support_matrix/generate_fpe_support_matrix.py --model ""nvidia/NVIDIA-Nemotron-3-Super-120B-A12B-FP8"" --system ""h100_sxm"" --backend ""sglang"" --backend-version ""0.5.6.post2"" --forward-model op_level --max-workers 8",,220,55,PERF_DATA_MISSING=220,,26dae1f99b2b50fb17118f38d8a8e95dfac3357c
nvidia/NVIDIA-Nemotron-3-Super-120B-A12B-FP8,NemotronHForCausalLM,h100_sxm,sglang,0.5.9,FAIL,Strict-native op-level FPE probes: PERF_DATA_MISSING=220; raw probes=220; topologies=55; source_sha=26dae1f99b2b50fb17118f38d8a8e95dfac3357c. Representative failure: perf database error: perf database error: no rows loaded from 1 source(s) (first: <repo>/python/aisimulate/src/aiconfigurator_core/systems/data/h100_sxm/sglang/0.5.9/computescale_perf.parquet),"python python/aisimulate/tools/support_matrix/generate_fpe_support_matrix.py --model ""nvidia/NVIDIA-Nemotron-3-Super-120B-A12B-FP8"" --system ""h100_sxm"" --backend ""sglang"" --backend-version ""0.5.9"" --forward-model op_level --max-workers 8",,220,55,PERF_DATA_MISSING=220,,26dae1f99b2b50fb17118f38d8a8e95dfac3357c
nvidia/NVIDIA-Nemotron-3-Super-120B-A12B-FP8,NemotronHForCausalLM,h100_sxm,trtllm,1.2.0rc5,FAIL,"Strict-native op-level FPE probes: PERF_DATA_MISSING=116; raw probes=116; topologies=29; source_sha=26dae1f99b2b50fb17118f38d8a8e95dfac3357c. Representative failure: perf database error: MoE data missing for MoeKey { quant: ""fp8"", distribution: ""power_law_1.01"", topk: 22, num_experts: 512, hidden_size: 1024, inter_size: 2688, moe_tp_size: 1, moe_ep_size: 1 } at <repo>/python/aisimulate/src/aiconfigurator_core/systems/data/h100_sxm/trtllm/1.2.0rc5","python python/aisimulate/tools/support_matrix/generate_fpe_support_matrix.py --model ""nvidia/NVIDIA-Nemotron-3-Super-120B-A12B-FP8"" --system ""h100_sxm"" --backend ""trtllm"" --backend-version ""1.2.0rc5"" --forward-model op_level --max-workers 8",,116,29,PERF_DATA_MISSING=116,,26dae1f99b2b50fb17118f38d8a8e95dfac3357c
nvidia/NVIDIA-Nemotron-3-Super-120B-A12B-FP8,NemotronHForCausalLM,h100_sxm,trtllm,1.3.0rc10,FAIL,"Strict-native op-level FPE probes: PERF_DATA_MISSING=116; raw probes=116; topologies=29; source_sha=26dae1f99b2b50fb17118f38d8a8e95dfac3357c. Representative failure: perf database error: MoE data missing for MoeKey { quant: ""fp8"", distribution: ""power_law_1.01"", topk: 22, num_experts: 512, hidden_size: 1024, inter_size: 2688, moe_tp_size: 1, moe_ep_size: 1 } at <repo>/python/aisimulate/src/aiconfigurator_core/systems/data/h100_sxm/trtllm/1.3.0rc10","python python/aisimulate/tools/support_matrix/generate_fpe_support_matrix.py --model ""nvidia/NVIDIA-Nemotron-3-Super-120B-A12B-FP8"" --system ""h100_sxm"" --backend ""trtllm"" --backend-version ""1.3.0rc10"" --forward-model op_level --max-workers 8",,116,29,PERF_DATA_MISSING=116,,26dae1f99b2b50fb17118f38d8a8e95dfac3357c
nvidia/NVIDIA-Nemotron-3-Super-120B-A12B-FP8,NemotronHForCausalLM,h100_sxm,trtllm,1.3.0rc15,FAIL,"Strict-native op-level FPE probes: PERF_DATA_MISSING=116; raw probes=116; topologies=29; source_sha=26dae1f99b2b50fb17118f38d8a8e95dfac3357c. Representative failure: perf database error: MoE data missing for MoeKey { quant: ""fp8"", distribution: ""power_law_1.01"", topk: 22, num_experts: 512, hidden_size: 1024, inter_size: 2688, moe_tp_size: 1, moe_ep_size: 1 } at <repo>/python/aisimulate/src/aiconfigurator_core/systems/data/h100_sxm/trtllm/1.3.0rc15","python python/aisimulate/tools/support_matrix/generate_fpe_support_matrix.py --model ""nvidia/NVIDIA-Nemotron-3-Super-120B-A12B-FP8"" --system ""h100_sxm"" --backend ""trtllm"" --backend-version ""1.3.0rc15"" --forward-model op_level --max-workers 8",,116,29,PERF_DATA_MISSING=116,,26dae1f99b2b50fb17118f38d8a8e95dfac3357c
nvidia/NVIDIA-Nemotron-3-Super-120B-A12B-FP8,NemotronHForCausalLM,h100_sxm,trtllm,1.3.0rc20,FAIL,"Strict-native op-level FPE probes: PERF_DATA_MISSING=116; raw probes=116; topologies=29; source_sha=26dae1f99b2b50fb17118f38d8a8e95dfac3357c. Representative failure: perf database error: MoE data missing for MoeKey { quant: ""fp8"", distribution: ""power_law_1.01"", topk: 22, num_experts: 512, hidden_size: 1024, inter_size: 2688, moe_tp_size: 1, moe_ep_size: 1 } at <repo>/python/aisimulate/src/aiconfigurator_core/systems/data/h100_sxm/trtllm/1.3.0rc20","python python/aisimulate/tools/support_matrix/generate_fpe_support_matrix.py --model ""nvidia/NVIDIA-Nemotron-3-Super-120B-A12B-FP8"" --system ""h100_sxm"" --backend ""trtllm"" --backend-version ""1.3.0rc20"" --forward-model op_level --max-workers 8",,116,29,PERF_DATA_MISSING=116,,26dae1f99b2b50fb17118f38d8a8e95dfac3357c
nvidia/NVIDIA-Nemotron-3-Super-120B-A12B-FP8,NemotronHForCausalLM,h100_sxm,trtllm,1.3.0rc23,FAIL,"Strict-native op-level FPE probes: PERF_DATA_MISSING=116; raw probes=116; topologies=29; source_sha=26dae1f99b2b50fb17118f38d8a8e95dfac3357c. Representative failure: perf database error: MoE data missing for MoeKey { quant: ""fp8"", distribution: ""power_law_1.01"", topk: 22, num_experts: 512, hidden_size: 1024, inter_size: 2688, moe_tp_size: 1, moe_ep_size: 1 } at <repo>/python/aisimulate/src/aiconfigurator_core/systems/data/h100_sxm/trtllm/1.3.0rc23","python python/aisimulate/tools/support_matrix/generate_fpe_support_matrix.py --model ""nvidia/NVIDIA-Nemotron-3-Super-120B-A12B-FP8"" --system ""h100_sxm"" --backend ""trtllm"" --backend-version ""1.3.0rc23"" --forward-model op_level --max-workers 8",,116,29,PERF_DATA_MISSING=116,,26dae1f99b2b50fb17118f38d8a8e95dfac3357c
nvidia/NVIDIA-Nemotron-3-Super-120B-A12B-FP8,NemotronHForCausalLM,h100_sxm,vllm,0.1.dev19262,FAIL,Strict-native op-level FPE probes: PERF_DATA_MISSING=116; raw probes=116; topologies=29; source_sha=26dae1f99b2b50fb17118f38d8a8e95dfac3357c. Representative failure: perf database error: perf database error: no GEMM rows loaded from 1 source(s) (first: <repo>/python/aisimulate/src/aiconfigurator_core/systems/data/h100_sxm/vllm/0.1.dev19262/gemm_perf.parquet),"python python/aisimulate/tools/support_matrix/generate_fpe_support_matrix.py --model ""nvidia/NVIDIA-Nemotron-3-Super-120B-A12B-FP8"" --system ""h100_sxm"" --backend ""vllm"" --backend-version ""0.1.dev19262"" --forward-model op_level --max-workers 8",,116,29,PERF_DATA_MISSING=116,,26dae1f99b2b50fb17118f38d8a8e95dfac3357c
nvidia/NVIDIA-Nemotron-3-Super-120B-A12B-FP8,NemotronHForCausalLM,h100_sxm,vllm,0.14.0,FAIL,Strict-native op-level FPE probes: PERF_DATA_MISSING=116; raw probes=116; topologies=29; source_sha=26dae1f99b2b50fb17118f38d8a8e95dfac3357c. Representative failure: perf database error: perf database error: no rows loaded from 1 source(s) (first: <repo>/python/aisimulate/src/aiconfigurator_core/systems/data/h100_sxm/vllm/0.14.0/computescale_perf.parquet),"python python/aisimulate/tools/support_matrix/generate_fpe_support_matrix.py --model ""nvidia/NVIDIA-Nemotron-3-Super-120B-A12B-FP8"" --system ""h100_sxm"" --backend ""vllm"" --backend-version ""0.14.0"" --forward-model op_level --max-workers 8",,116,29,PERF_DATA_MISSING=116,,26dae1f99b2b50fb17118f38d8a8e95dfac3357c
nvidia/NVIDIA-Nemotron-3-Super-120B-A12B-FP8,NemotronHForCausalLM,h100_sxm,vllm,0.19.0,FAIL,Strict-native op-level FPE probes: PERF_DATA_MISSING=116; raw probes=116; topologies=29; source_sha=26dae1f99b2b50fb17118f38d8a8e95dfac3357c. Representative failure: perf database error: perf database error: no rows loaded from 1 source(s) (first: <repo>/python/aisimulate/src/aiconfigurator_core/systems/data/h100_sxm/vllm/0.19.0/computescale_perf.parquet),"python python/aisimulate/tools/support_matrix/generate_fpe_support_matrix.py --model ""nvidia/NVIDIA-Nemotron-3-Super-120B-A12B-FP8"" --system ""h100_sxm"" --backend ""vllm"" --backend-version ""0.19.0"" --forward-model op_level --max-workers 8",,116,29,PERF_DATA_MISSING=116,,26dae1f99b2b50fb17118f38d8a8e95dfac3357c
nvidia/NVIDIA-Nemotron-3-Super-120B-A12B-FP8,NemotronHForCausalLM,h100_sxm,vllm,0.22.0,PASS,,"python python/aisimulate/tools/support_matrix/generate_fpe_support_matrix.py --model ""nvidia/NVIDIA-Nemotron-3-Super-120B-A12B-FP8"" --system ""h100_sxm"" --backend ""vllm"" --backend-version ""0.22.0"" --forward-model op_level --max-workers 8",silicon,116,29,PASS=116,"decode_end=17934.751845, decode_start=70.330208, mixed=175.240556, prefill=172.292825",26dae1f99b2b50fb17118f38d8a8e95dfac3357c
nvidia/NVIDIA-Nemotron-3-Super-120B-A12B-FP8,NemotronHForCausalLM,h100_sxm,vllm,0.24.0,PASS,,"python python/aisimulate/tools/support_matrix/generate_fpe_support_matrix.py --model ""nvidia/NVIDIA-Nemotron-3-Super-120B-A12B-FP8"" --system ""h100_sxm"" --backend ""vllm"" --backend-version ""0.24.0"" --forward-model op_level --max-workers 8",silicon,116,29,PASS=116,"decode_end=17934.751845, decode_start=70.330208, mixed=175.240556, prefill=172.292825",26dae1f99b2b50fb17118f38d8a8e95dfac3357c
nvidia/NVIDIA-Nemotron-3-Super-120B-A12B-NVFP4,NemotronHForCausalLM,h100_sxm,sglang,0.5.10,FAIL,"Strict-native op-level FPE probes: PERF_DATA_MISSING=220; raw probes=220; topologies=55; source_sha=26dae1f99b2b50fb17118f38d8a8e95dfac3357c. Representative failure: perf database error: GEMM perf data missing for quant 'nvfp4_wo' at <repo>/python/aisimulate/src/aiconfigurator_core/systems/data/h100_sxm/sglang/0.5.10; available: [""bfloat16"", ""fp8"", ""fp8_block"", ""int8_wo""]","python python/aisimulate/tools/support_matrix/generate_fpe_support_matrix.py --model ""nvidia/NVIDIA-Nemotron-3-Super-120B-A12B-NVFP4"" --system ""h100_sxm"" --backend ""sglang"" --backend-version ""0.5.10"" --forward-model op_level --max-workers 8",,220,55,PERF_DATA_MISSING=220,,26dae1f99b2b50fb17118f38d8a8e95dfac3357c
nvidia/NVIDIA-Nemotron-3-Super-120B-A12B-NVFP4,NemotronHForCausalLM,h100_sxm,sglang,0.5.12,FAIL,"Strict-native op-level FPE probes: PERF_DATA_MISSING=220; raw probes=220; topologies=55; source_sha=26dae1f99b2b50fb17118f38d8a8e95dfac3357c. Representative failure: perf database error: GEMM perf data missing for quant 'nvfp4_wo' at <repo>/python/aisimulate/src/aiconfigurator_core/systems/data/h100_sxm/sglang/0.5.12; available: [""bfloat16"", ""fp8"", ""fp8_block"", ""int8_wo""]","python python/aisimulate/tools/support_matrix/generate_fpe_support_matrix.py --model ""nvidia/NVIDIA-Nemotron-3-Super-120B-A12B-NVFP4"" --system ""h100_sxm"" --backend ""sglang"" --backend-version ""0.5.12"" --forward-model op_level --max-workers 8",,220,55,PERF_DATA_MISSING=220,,26dae1f99b2b50fb17118f38d8a8e95dfac3357c
nvidia/NVIDIA-Nemotron-3-Super-120B-A12B-NVFP4,NemotronHForCausalLM,h100_sxm,sglang,0.5.14,FAIL,"Strict-native op-level FPE probes: PERF_DATA_MISSING=220; raw probes=220; topologies=55; source_sha=26dae1f99b2b50fb17118f38d8a8e95dfac3357c. Representative failure: perf database error: GEMM perf data missing for quant 'nvfp4_wo' at <repo>/python/aisimulate/src/aiconfigurator_core/systems/data/h100_sxm/sglang/0.5.14; available: [""bfloat16"", ""fp8"", ""fp8_block"", ""int8_wo""]","python python/aisimulate/tools/support_matrix/generate_fpe_support_matrix.py --model ""nvidia/NVIDIA-Nemotron-3-Super-120B-A12B-NVFP4"" --system ""h100_sxm"" --backend ""sglang"" --backend-version ""0.5.14"" --forward-model op_level --max-workers 8",,220,55,PERF_DATA_MISSING=220,,26dae1f99b2b50fb17118f38d8a8e95dfac3357c
nvidia/NVIDIA-Nemotron-3-Super-120B-A12B-NVFP4,NemotronHForCausalLM,h100_sxm,sglang,0.5.16,FAIL,"Strict-native op-level FPE probes: PERF_DATA_MISSING=220; raw probes=220; topologies=55; source_sha=26dae1f99b2b50fb17118f38d8a8e95dfac3357c. Representative failure: perf database error: GEMM perf data missing for quant 'nvfp4_wo' at <repo>/python/aisimulate/src/aiconfigurator_core/systems/data/h100_sxm/sglang/0.5.16; available: [""bfloat16"", ""fp8"", ""fp8_block"", ""int8_wo""]","python python/aisimulate/tools/support_matrix/generate_fpe_support_matrix.py --model ""nvidia/NVIDIA-Nemotron-3-Super-120B-A12B-NVFP4"" --system ""h100_sxm"" --backend ""sglang"" --backend-version ""0.5.16"" --forward-model op_level --max-workers 8",,220,55,PERF_DATA_MISSING=220,,26dae1f99b2b50fb17118f38d8a8e95dfac3357c
nvidia/NVIDIA-Nemotron-3-Super-120B-A12B-NVFP4,NemotronHForCausalLM,h100_sxm,sglang,0.5.6.post2,FAIL,"Strict-native op-level FPE probes: PERF_DATA_MISSING=220; raw probes=220; topologies=55; source_sha=26dae1f99b2b50fb17118f38d8a8e95dfac3357c. Representative failure: perf database error: GEMM perf data missing for quant 'nvfp4_wo' at <repo>/python/aisimulate/src/aiconfigurator_core/systems/data/h100_sxm/sglang/0.5.6.post2; available: [""bfloat16"", ""fp8"", ""fp8_block"", ""int8_wo""]","python python/aisimulate/tools/support_matrix/generate_fpe_support_matrix.py --model ""nvidia/NVIDIA-Nemotron-3-Super-120B-A12B-NVFP4"" --system ""h100_sxm"" --backend ""sglang"" --backend-version ""0.5.6.post2"" --forward-model op_level --max-workers 8",,220,55,PERF_DATA_MISSING=220,,26dae1f99b2b50fb17118f38d8a8e95dfac3357c
nvidia/NVIDIA-Nemotron-3-Super-120B-A12B-NVFP4,NemotronHForCausalLM,h100_sxm,sglang,0.5.9,FAIL,"Strict-native op-level FPE probes: PERF_DATA_MISSING=220; raw probes=220; topologies=55; source_sha=26dae1f99b2b50fb17118f38d8a8e95dfac3357c. Representative failure: perf database error: GEMM perf data missing for quant 'nvfp4_wo' at <repo>/python/aisimulate/src/aiconfigurator_core/systems/data/h100_sxm/sglang/0.5.9; available: [""bfloat16"", ""fp8"", ""fp8_block"", ""int8_wo""]","python python/aisimulate/tools/support_matrix/generate_fpe_support_matrix.py --model ""nvidia/NVIDIA-Nemotron-3-Super-120B-A12B-NVFP4"" --system ""h100_sxm"" --backend ""sglang"" --backend-version ""0.5.9"" --forward-model op_level --max-workers 8",,220,55,PERF_DATA_MISSING=220,,26dae1f99b2b50fb17118f38d8a8e95dfac3357c
nvidia/NVIDIA-Nemotron-3-Super-120B-A12B-NVFP4,NemotronHForCausalLM,h100_sxm,trtllm,1.2.0rc5,FAIL,"Strict-native op-level FPE probes: PERF_DATA_MISSING=116; raw probes=116; topologies=29; source_sha=26dae1f99b2b50fb17118f38d8a8e95dfac3357c. Representative failure: perf database error: GEMM perf data missing for quant 'nvfp4_wo' at <repo>/python/aisimulate/src/aiconfigurator_core/systems/data/h100_sxm/trtllm/1.2.0rc5; available: [""bfloat16"", ""fp8"", ""fp8_block""]","python python/aisimulate/tools/support_matrix/generate_fpe_support_matrix.py --model ""nvidia/NVIDIA-Nemotron-3-Super-120B-A12B-NVFP4"" --system ""h100_sxm"" --backend ""trtllm"" --backend-version ""1.2.0rc5"" --forward-model op_level --max-workers 8",,116,29,PERF_DATA_MISSING=116,,26dae1f99b2b50fb17118f38d8a8e95dfac3357c
nvidia/NVIDIA-Nemotron-3-Super-120B-A12B-NVFP4,NemotronHForCausalLM,h100_sxm,trtllm,1.3.0rc10,FAIL,"Strict-native op-level FPE probes: PERF_DATA_MISSING=116; raw probes=116; topologies=29; source_sha=26dae1f99b2b50fb17118f38d8a8e95dfac3357c. Representative failure: perf database error: GEMM perf data missing for quant 'nvfp4_wo' at <repo>/python/aisimulate/src/aiconfigurator_core/systems/data/h100_sxm/trtllm/1.3.0rc10; available: [""bfloat16"", ""fp8"", ""fp8_block""]","python python/aisimulate/tools/support_matrix/generate_fpe_support_matrix.py --model ""nvidia/NVIDIA-Nemotron-3-Super-120B-A12B-NVFP4"" --system ""h100_sxm"" --backend ""trtllm"" --backend-version ""1.3.0rc10"" --forward-model op_level --max-workers 8",,116,29,PERF_DATA_MISSING=116,,26dae1f99b2b50fb17118f38d8a8e95dfac3357c
nvidia/NVIDIA-Nemotron-3-Super-120B-A12B-NVFP4,NemotronHForCausalLM,h100_sxm,trtllm,1.3.0rc15,FAIL,"Strict-native op-level FPE probes: PERF_DATA_MISSING=116; raw probes=116; topologies=29; source_sha=26dae1f99b2b50fb17118f38d8a8e95dfac3357c. Representative failure: perf database error: GEMM perf data missing for quant 'nvfp4_wo' at <repo>/python/aisimulate/src/aiconfigurator_core/systems/data/h100_sxm/trtllm/1.3.0rc15; available: [""bfloat16"", ""fp8"", ""fp8_block""]","python python/aisimulate/tools/support_matrix/generate_fpe_support_matrix.py --model ""nvidia/NVIDIA-Nemotron-3-Super-120B-A12B-NVFP4"" --system ""h100_sxm"" --backend ""trtllm"" --backend-version ""1.3.0rc15"" --forward-model op_level --max-workers 8",,116,29,PERF_DATA_MISSING=116,,26dae1f99b2b50fb17118f38d8a8e95dfac3357c
nvidia/NVIDIA-Nemotron-3-Super-120B-A12B-NVFP4,NemotronHForCausalLM,h100_sxm,trtllm,1.3.0rc20,FAIL,"Strict-native op-level FPE probes: PERF_DATA_MISSING=116; raw probes=116; topologies=29; source_sha=26dae1f99b2b50fb17118f38d8a8e95dfac3357c. Representative failure: perf database error: GEMM perf data missing for quant 'nvfp4_wo' at <repo>/python/aisimulate/src/aiconfigurator_core/systems/data/h100_sxm/trtllm/1.3.0rc20; available: [""bfloat16"", ""fp8"", ""fp8_block""]","python python/aisimulate/tools/support_matrix/generate_fpe_support_matrix.py --model ""nvidia/NVIDIA-Nemotron-3-Super-120B-A12B-NVFP4"" --system ""h100_sxm"" --backend ""trtllm"" --backend-version ""1.3.0rc20"" --forward-model op_level --max-workers 8",,116,29,PERF_DATA_MISSING=116,,26dae1f99b2b50fb17118f38d8a8e95dfac3357c
nvidia/NVIDIA-Nemotron-3-Super-120B-A12B-NVFP4,NemotronHForCausalLM,h100_sxm,trtllm,1.3.0rc23,FAIL,"Strict-native op-level FPE probes: PERF_DATA_MISSING=116; raw probes=116; topologies=29; source_sha=26dae1f99b2b50fb17118f38d8a8e95dfac3357c. Representative failure: perf database error: GEMM perf data missing for quant 'nvfp4_wo' at <repo>/python/aisimulate/src/aiconfigurator_core/systems/data/h100_sxm/trtllm/1.3.0rc23; available: [""bfloat16"", ""fp8"", ""fp8_block""]","python python/aisimulate/tools/support_matrix/generate_fpe_support_matrix.py --model ""nvidia/NVIDIA-Nemotron-3-Super-120B-A12B-NVFP4"" --system ""h100_sxm"" --backend ""trtllm"" --backend-version ""1.3.0rc23"" --forward-model op_level --max-workers 8",,116,29,PERF_DATA_MISSING=116,,26dae1f99b2b50fb17118f38d8a8e95dfac3357c
nvidia/NVIDIA-Nemotron-3-Super-120B-A12B-NVFP4,NemotronHForCausalLM,h100_sxm,vllm,0.1.dev19262,FAIL,Strict-native op-level FPE probes: PERF_DATA_MISSING=116; raw probes=116; topologies=29; source_sha=26dae1f99b2b50fb17118f38d8a8e95dfac3357c. Representative failure: perf database error: perf database error: no GEMM rows loaded from 1 source(s) (first: <repo>/python/aisimulate/src/aiconfigurator_core/systems/data/h100_sxm/vllm/0.1.dev19262/gemm_perf.parquet),"python python/aisimulate/tools/support_matrix/generate_fpe_support_matrix.py --model ""nvidia/NVIDIA-Nemotron-3-Super-120B-A12B-NVFP4"" --system ""h100_sxm"" --backend ""vllm"" --backend-version ""0.1.dev19262"" --forward-model op_level --max-workers 8",,116,29,PERF_DATA_MISSING=116,,26dae1f99b2b50fb17118f38d8a8e95dfac3357c
nvidia/NVIDIA-Nemotron-3-Super-120B-A12B-NVFP4,NemotronHForCausalLM,h100_sxm,vllm,0.14.0,FAIL,"Strict-native op-level FPE probes: PERF_DATA_MISSING=116; raw probes=116; topologies=29; source_sha=26dae1f99b2b50fb17118f38d8a8e95dfac3357c. Representative failure: perf database error: GEMM perf data missing for quant 'nvfp4_wo' at <repo>/python/aisimulate/src/aiconfigurator_core/systems/data/h100_sxm/vllm/0.14.0; available: [""bfloat16"", ""fp8"", ""fp8_block""]","python python/aisimulate/tools/support_matrix/generate_fpe_support_matrix.py --model ""nvidia/NVIDIA-Nemotron-3-Super-120B-A12B-NVFP4"" --system ""h100_sxm"" --backend ""vllm"" --backend-version ""0.14.0"" --forward-model op_level --max-workers 8",,116,29,PERF_DATA_MISSING=116,,26dae1f99b2b50fb17118f38d8a8e95dfac3357c
nvidia/NVIDIA-Nemotron-3-Super-120B-A12B-NVFP4,NemotronHForCausalLM,h100_sxm,vllm,0.19.0,FAIL,"Strict-native op-level FPE probes: PERF_DATA_MISSING=116; raw probes=116; topologies=29; source_sha=26dae1f99b2b50fb17118f38d8a8e95dfac3357c. Representative failure: perf database error: GEMM perf data missing for quant 'nvfp4_wo' at <repo>/python/aisimulate/src/aiconfigurator_core/systems/data/h100_sxm/vllm/0.19.0; available: [""bfloat16"", ""fp8"", ""fp8_block""]","python python/aisimulate/tools/support_matrix/generate_fpe_support_matrix.py --model ""nvidia/NVIDIA-Nemotron-3-Super-120B-A12B-NVFP4"" --system ""h100_sxm"" --backend ""vllm"" --backend-version ""0.19.0"" --forward-model op_level --max-workers 8",,116,29,PERF_DATA_MISSING=116,,26dae1f99b2b50fb17118f38d8a8e95dfac3357c
nvidia/NVIDIA-Nemotron-3-Super-120B-A12B-NVFP4,NemotronHForCausalLM,h100_sxm,vllm,0.22.0,FAIL,"Strict-native op-level FPE probes: PERF_DATA_MISSING=116; raw probes=116; topologies=29; source_sha=26dae1f99b2b50fb17118f38d8a8e95dfac3357c. Representative failure: perf database error: GEMM perf data missing for quant 'nvfp4_wo' at <repo>/python/aisimulate/src/aiconfigurator_core/systems/data/h100_sxm/vllm/0.22.0; available: [""bfloat16"", ""fp8"", ""fp8_block""]","python python/aisimulate/tools/support_matrix/generate_fpe_support_matrix.py --model ""nvidia/NVIDIA-Nemotron-3-Super-120B-A12B-NVFP4"" --system ""h100_sxm"" --backend ""vllm"" --backend-version ""0.22.0"" --forward-model op_level --max-workers 8",,116,29,PERF_DATA_MISSING=116,,26dae1f99b2b50fb17118f38d8a8e95dfac3357c
nvidia/NVIDIA-Nemotron-3-Super-120B-A12B-NVFP4,NemotronHForCausalLM,h100_sxm,vllm,0.24.0,FAIL,"Strict-native op-level FPE probes: PERF_DATA_MISSING=116; raw probes=116; topologies=29; source_sha=26dae1f99b2b50fb17118f38d8a8e95dfac3357c. Representative failure: perf database error: GEMM perf data missing for quant 'nvfp4_wo' at <repo>/python/aisimulate/src/aiconfigurator_core/systems/data/h100_sxm/vllm/0.24.0; available: [""bfloat16"", ""fp8"", ""fp8_block""]","python python/aisimulate/tools/support_matrix/generate_fpe_support_matrix.py --model ""nvidia/NVIDIA-Nemotron-3-Super-120B-A12B-NVFP4"" --system ""h100_sxm"" --backend ""vllm"" --backend-version ""0.24.0"" --forward-model op_level --max-workers 8",,116,29,PERF_DATA_MISSING=116,,26dae1f99b2b50fb17118f38d8a8e95dfac3357c
nvidia/NVIDIA-Nemotron-3-Ultra-550B-A55B-BF16,NemotronHForCausalLM,h100_sxm,sglang,0.5.10,FAIL,"Strict-native op-level FPE probes: PERF_DATA_MISSING=220; raw probes=220; topologies=55; source_sha=26dae1f99b2b50fb17118f38d8a8e95dfac3357c. Representative failure: perf database error: MoE data missing for MoeKey { quant: ""bfloat16"", distribution: ""power_law_1.01"", topk: 22, num_experts: 512, hidden_size: 2048, inter_size: 5120, moe_tp_size: 1, moe_ep_size: 1 } at <repo>/python/aisimulate/src/aiconfigurator_core/systems/data/h100_sxm/sglang/0.5.10","python python/aisimulate/tools/support_matrix/generate_fpe_support_matrix.py --model ""nvidia/NVIDIA-Nemotron-3-Ultra-550B-A55B-BF16"" --system ""h100_sxm"" --backend ""sglang"" --backend-version ""0.5.10"" --forward-model op_level --max-workers 8",,220,55,PERF_DATA_MISSING=220,,26dae1f99b2b50fb17118f38d8a8e95dfac3357c
nvidia/NVIDIA-Nemotron-3-Ultra-550B-A55B-BF16,NemotronHForCausalLM,h100_sxm,sglang,0.5.12,PASS,,"python python/aisimulate/tools/support_matrix/generate_fpe_support_matrix.py --model ""nvidia/NVIDIA-Nemotron-3-Ultra-550B-A55B-BF16"" --system ""h100_sxm"" --backend ""sglang"" --backend-version ""0.5.12"" --forward-model op_level --max-workers 8",silicon,220,55,PASS=220,"decode_end=132629.604904, decode_start=520.103129, mixed=1370.724243, prefill=1371.000872",26dae1f99b2b50fb17118f38d8a8e95dfac3357c
nvidia/NVIDIA-Nemotron-3-Ultra-550B-A55B-BF16,NemotronHForCausalLM,h100_sxm,sglang,0.5.14,PASS,,"python python/aisimulate/tools/support_matrix/generate_fpe_support_matrix.py --model ""nvidia/NVIDIA-Nemotron-3-Ultra-550B-A55B-BF16"" --system ""h100_sxm"" --backend ""sglang"" --backend-version ""0.5.14"" --forward-model op_level --max-workers 8",silicon,220,55,PASS=220,"decode_end=132629.604904, decode_start=520.103129, mixed=1370.724243, prefill=1371.000872",26dae1f99b2b50fb17118f38d8a8e95dfac3357c
nvidia/NVIDIA-Nemotron-3-Ultra-550B-A55B-BF16,NemotronHForCausalLM,h100_sxm,sglang,0.5.16,PASS,,"python python/aisimulate/tools/support_matrix/generate_fpe_support_matrix.py --model ""nvidia/NVIDIA-Nemotron-3-Ultra-550B-A55B-BF16"" --system ""h100_sxm"" --backend ""sglang"" --backend-version ""0.5.16"" --forward-model op_level --max-workers 8",silicon,220,55,PASS=220,"decode_end=132629.604904, decode_start=520.103129, mixed=1370.724243, prefill=1371.000872",26dae1f99b2b50fb17118f38d8a8e95dfac3357c
nvidia/NVIDIA-Nemotron-3-Ultra-550B-A55B-BF16,NemotronHForCausalLM,h100_sxm,sglang,0.5.6.post2,FAIL,"Strict-native op-level FPE probes: PERF_DATA_MISSING=220; raw probes=220; topologies=55; source_sha=26dae1f99b2b50fb17118f38d8a8e95dfac3357c. Representative failure: perf database error: MoE data missing for MoeKey { quant: ""bfloat16"", distribution: ""power_law_1.01"", topk: 22, num_experts: 512, hidden_size: 2048, inter_size: 5120, moe_tp_size: 1, moe_ep_size: 1 } at <repo>/python/aisimulate/src/aiconfigurator_core/systems/data/h100_sxm/sglang/0.5.6.post2","python python/aisimulate/tools/support_matrix/generate_fpe_support_matrix.py --model ""nvidia/NVIDIA-Nemotron-3-Ultra-550B-A55B-BF16"" --system ""h100_sxm"" --backend ""sglang"" --backend-version ""0.5.6.post2"" --forward-model op_level --max-workers 8",,220,55,PERF_DATA_MISSING=220,,26dae1f99b2b50fb17118f38d8a8e95dfac3357c
nvidia/NVIDIA-Nemotron-3-Ultra-550B-A55B-BF16,NemotronHForCausalLM,h100_sxm,sglang,0.5.9,FAIL,"Strict-native op-level FPE probes: PERF_DATA_MISSING=220; raw probes=220; topologies=55; source_sha=26dae1f99b2b50fb17118f38d8a8e95dfac3357c. Representative failure: perf database error: MoE data missing for MoeKey { quant: ""bfloat16"", distribution: ""power_law_1.01"", topk: 22, num_experts: 512, hidden_size: 2048, inter_size: 5120, moe_tp_size: 1, moe_ep_size: 1 } at <repo>/python/aisimulate/src/aiconfigurator_core/systems/data/h100_sxm/sglang/0.5.9","python python/aisimulate/tools/support_matrix/generate_fpe_support_matrix.py --model ""nvidia/NVIDIA-Nemotron-3-Ultra-550B-A55B-BF16"" --system ""h100_sxm"" --backend ""sglang"" --backend-version ""0.5.9"" --forward-model op_level --max-workers 8",,220,55,PERF_DATA_MISSING=220,,26dae1f99b2b50fb17118f38d8a8e95dfac3357c
nvidia/NVIDIA-Nemotron-3-Ultra-550B-A55B-BF16,NemotronHForCausalLM,h100_sxm,trtllm,1.2.0rc5,FAIL,"Strict-native op-level FPE probes: PERF_DATA_MISSING=116; raw probes=116; topologies=29; source_sha=26dae1f99b2b50fb17118f38d8a8e95dfac3357c. Representative failure: perf database error: MoE data missing for MoeKey { quant: ""bfloat16"", distribution: ""power_law_1.01"", topk: 22, num_experts: 512, hidden_size: 2048, inter_size: 5120, moe_tp_size: 1, moe_ep_size: 1 } at <repo>/python/aisimulate/src/aiconfigurator_core/systems/data/h100_sxm/trtllm/1.2.0rc5","python python/aisimulate/tools/support_matrix/generate_fpe_support_matrix.py --model ""nvidia/NVIDIA-Nemotron-3-Ultra-550B-A55B-BF16"" --system ""h100_sxm"" --backend ""trtllm"" --backend-version ""1.2.0rc5"" --forward-model op_level --max-workers 8",,116,29,PERF_DATA_MISSING=116,,26dae1f99b2b50fb17118f38d8a8e95dfac3357c
nvidia/NVIDIA-Nemotron-3-Ultra-550B-A55B-BF16,NemotronHForCausalLM,h100_sxm,trtllm,1.3.0rc10,FAIL,"Strict-native op-level FPE probes: PERF_DATA_MISSING=116; raw probes=116; topologies=29; source_sha=26dae1f99b2b50fb17118f38d8a8e95dfac3357c. Representative failure: perf database error: MoE data missing for MoeKey { quant: ""bfloat16"", distribution: ""power_law_1.01"", topk: 22, num_experts: 512, hidden_size: 2048, inter_size: 5120, moe_tp_size: 1, moe_ep_size: 1 } at <repo>/python/aisimulate/src/aiconfigurator_core/systems/data/h100_sxm/trtllm/1.3.0rc10","python python/aisimulate/tools/support_matrix/generate_fpe_support_matrix.py --model ""nvidia/NVIDIA-Nemotron-3-Ultra-550B-A55B-BF16"" --system ""h100_sxm"" --backend ""trtllm"" --backend-version ""1.3.0rc10"" --forward-model op_level --max-workers 8",,116,29,PERF_DATA_MISSING=116,,26dae1f99b2b50fb17118f38d8a8e95dfac3357c
nvidia/NVIDIA-Nemotron-3-Ultra-550B-A55B-BF16,NemotronHForCausalLM,h100_sxm,trtllm,1.3.0rc15,FAIL,"Strict-native op-level FPE probes: PERF_DATA_MISSING=116; raw probes=116; topologies=29; source_sha=26dae1f99b2b50fb17118f38d8a8e95dfac3357c. Representative failure: perf database error: MoE data missing for MoeKey { quant: ""bfloat16"", distribution: ""power_law_1.01"", topk: 22, num_experts: 512, hidden_size: 2048, inter_size: 5120, moe_tp_size: 1, moe_ep_size: 1 } at <repo>/python/aisimulate/src/aiconfigurator_core/systems/data/h100_sxm/trtllm/1.3.0rc15","python python/aisimulate/tools/support_matrix/generate_fpe_support_matrix.py --model ""nvidia/NVIDIA-Nemotron-3-Ultra-550B-A55B-BF16"" --system ""h100_sxm"" --backend ""trtllm"" --backend-version ""1.3.0rc15"" --forward-model op_level --max-workers 8",,116,29,PERF_DATA_MISSING=116,,26dae1f99b2b50fb17118f38d8a8e95dfac3357c
nvidia/NVIDIA-Nemotron-3-Ultra-550B-A55B-BF16,NemotronHForCausalLM,h100_sxm,trtllm,1.3.0rc20,PASS,,"python python/aisimulate/tools/support_matrix/generate_fpe_support_matrix.py --model ""nvidia/NVIDIA-Nemotron-3-Ultra-550B-A55B-BF16"" --system ""h100_sxm"" --backend ""trtllm"" --backend-version ""1.3.0rc20"" --forward-model op_level --max-workers 8",silicon,116,29,PASS=116,"decode_end=33487.403115, decode_start=131.356500, mixed=336.572589, prefill=334.295407",26dae1f99b2b50fb17118f38d8a8e95dfac3357c
nvidia/NVIDIA-Nemotron-3-Ultra-550B-A55B-BF16,NemotronHForCausalLM,h100_sxm,trtllm,1.3.0rc23,PASS,,"python python/aisimulate/tools/support_matrix/generate_fpe_support_matrix.py --model ""nvidia/NVIDIA-Nemotron-3-Ultra-550B-A55B-BF16"" --system ""h100_sxm"" --backend ""trtllm"" --backend-version ""1.3.0rc23"" --forward-model op_level --max-workers 8",silicon,116,29,PASS=116,"decode_end=33487.403115, decode_start=131.356500, mixed=336.572589, prefill=334.295407",26dae1f99b2b50fb17118f38d8a8e95dfac3357c
nvidia/NVIDIA-Nemotron-3-Ultra-550B-A55B-BF16,NemotronHForCausalLM,h100_sxm,vllm,0.1.dev19262,FAIL,Strict-native op-level FPE probes: PERF_DATA_MISSING=116; raw probes=116; topologies=29; source_sha=26dae1f99b2b50fb17118f38d8a8e95dfac3357c. Representative failure: perf database error: perf database error: no GEMM rows loaded from 1 source(s) (first: <repo>/python/aisimulate/src/aiconfigurator_core/systems/data/h100_sxm/vllm/0.1.dev19262/gemm_perf.parquet),"python python/aisimulate/tools/support_matrix/generate_fpe_support_matrix.py --model ""nvidia/NVIDIA-Nemotron-3-Ultra-550B-A55B-BF16"" --system ""h100_sxm"" --backend ""vllm"" --backend-version ""0.1.dev19262"" --forward-model op_level --max-workers 8",,116,29,PERF_DATA_MISSING=116,,26dae1f99b2b50fb17118f38d8a8e95dfac3357c
nvidia/NVIDIA-Nemotron-3-Ultra-550B-A55B-BF16,NemotronHForCausalLM,h100_sxm,vllm,0.14.0,FAIL,"Strict-native op-level FPE probes: PERF_DATA_MISSING=116; raw probes=116; topologies=29; source_sha=26dae1f99b2b50fb17118f38d8a8e95dfac3357c. Representative failure: perf database error: MoE data missing for MoeKey { quant: ""bfloat16"", distribution: ""power_law_1.01"", topk: 22, num_experts: 512, hidden_size: 2048, inter_size: 5120, moe_tp_size: 1, moe_ep_size: 1 } at <repo>/python/aisimulate/src/aiconfigurator_core/systems/data/h100_sxm/vllm/0.14.0","python python/aisimulate/tools/support_matrix/generate_fpe_support_matrix.py --model ""nvidia/NVIDIA-Nemotron-3-Ultra-550B-A55B-BF16"" --system ""h100_sxm"" --backend ""vllm"" --backend-version ""0.14.0"" --forward-model op_level --max-workers 8",,116,29,PERF_DATA_MISSING=116,,26dae1f99b2b50fb17118f38d8a8e95dfac3357c
nvidia/NVIDIA-Nemotron-3-Ultra-550B-A55B-BF16,NemotronHForCausalLM,h100_sxm,vllm,0.19.0,FAIL,"Strict-native op-level FPE probes: PERF_DATA_MISSING=116; raw probes=116; topologies=29; source_sha=26dae1f99b2b50fb17118f38d8a8e95dfac3357c. Representative failure: perf database error: MoE data missing for MoeKey { quant: ""bfloat16"", distribution: ""power_law_1.01"", topk: 22, num_experts: 512, hidden_size: 2048, inter_size: 5120, moe_tp_size: 1, moe_ep_size: 1 } at <repo>/python/aisimulate/src/aiconfigurator_core/systems/data/h100_sxm/vllm/0.19.0","python python/aisimulate/tools/support_matrix/generate_fpe_support_matrix.py --model ""nvidia/NVIDIA-Nemotron-3-Ultra-550B-A55B-BF16"" --system ""h100_sxm"" --backend ""vllm"" --backend-version ""0.19.0"" --forward-model op_level --max-workers 8",,116,29,PERF_DATA_MISSING=116,,26dae1f99b2b50fb17118f38d8a8e95dfac3357c
nvidia/NVIDIA-Nemotron-3-Ultra-550B-A55B-BF16,NemotronHForCausalLM,h100_sxm,vllm,0.22.0,PASS,,"python python/aisimulate/tools/support_matrix/generate_fpe_support_matrix.py --model ""nvidia/NVIDIA-Nemotron-3-Ultra-550B-A55B-BF16"" --system ""h100_sxm"" --backend ""vllm"" --backend-version ""0.22.0"" --forward-model op_level --max-workers 8",silicon,116,29,PASS=116,"decode_end=33162.428232, decode_start=130.046474, mixed=336.648898, prefill=332.992258",26dae1f99b2b50fb17118f38d8a8e95dfac3357c
nvidia/NVIDIA-Nemotron-3-Ultra-550B-A55B-BF16,NemotronHForCausalLM,h100_sxm,vllm,0.24.0,PASS,,"python python/aisimulate/tools/support_matrix/generate_fpe_support_matrix.py --model ""nvidia/NVIDIA-Nemotron-3-Ultra-550B-A55B-BF16"" --system ""h100_sxm"" --backend ""vllm"" --backend-version ""0.24.0"" --forward-model op_level --max-workers 8",silicon,116,29,PASS=116,"decode_end=33162.428232, decode_start=130.046474, mixed=336.648898, prefill=332.992258",26dae1f99b2b50fb17118f38d8a8e95dfac3357c
nvidia/NVIDIA-Nemotron-3-Ultra-550B-A55B-FP8,NemotronHForCausalLM,h100_sxm,sglang,0.5.10,FAIL,Strict-native op-level FPE probes: PERF_DATA_MISSING=220; raw probes=220; topologies=55; source_sha=26dae1f99b2b50fb17118f38d8a8e95dfac3357c. Representative failure: perf database error: perf database error: no rows loaded from 1 source(s) (first: <repo>/python/aisimulate/src/aiconfigurator_core/systems/data/h100_sxm/sglang/0.5.10/computescale_perf.parquet),"python python/aisimulate/tools/support_matrix/generate_fpe_support_matrix.py --model ""nvidia/NVIDIA-Nemotron-3-Ultra-550B-A55B-FP8"" --system ""h100_sxm"" --backend ""sglang"" --backend-version ""0.5.10"" --forward-model op_level --max-workers 8",,220,55,PERF_DATA_MISSING=220,,26dae1f99b2b50fb17118f38d8a8e95dfac3357c
nvidia/NVIDIA-Nemotron-3-Ultra-550B-A55B-FP8,NemotronHForCausalLM,h100_sxm,sglang,0.5.12,FAIL,"Strict-native op-level FPE probes: PERF_DATA_MISSING=220; raw probes=220; topologies=55; source_sha=26dae1f99b2b50fb17118f38d8a8e95dfac3357c. Representative failure: perf database error: MoE data missing for MoeKey { quant: ""fp8"", distribution: ""uniform"", topk: 22, num_experts: 512, hidden_size: 2048, inter_size: 5120, moe_tp_size: 1, moe_ep_size: 1 } at <repo>/python/aisimulate/src/aiconfigurator_core/systems/data/h100_sxm/sglang/0.5.12","python python/aisimulate/tools/support_matrix/generate_fpe_support_matrix.py --model ""nvidia/NVIDIA-Nemotron-3-Ultra-550B-A55B-FP8"" --system ""h100_sxm"" --backend ""sglang"" --backend-version ""0.5.12"" --forward-model op_level --max-workers 8",,220,55,PERF_DATA_MISSING=220,,26dae1f99b2b50fb17118f38d8a8e95dfac3357c
nvidia/NVIDIA-Nemotron-3-Ultra-550B-A55B-FP8,NemotronHForCausalLM,h100_sxm,sglang,0.5.14,FAIL,"Strict-native op-level FPE probes: PERF_DATA_MISSING=220; raw probes=220; topologies=55; source_sha=26dae1f99b2b50fb17118f38d8a8e95dfac3357c. Representative failure: perf database error: MoE data missing for MoeKey { quant: ""fp8"", distribution: ""uniform"", topk: 22, num_experts: 512, hidden_size: 2048, inter_size: 5120, moe_tp_size: 1, moe_ep_size: 1 } at <repo>/python/aisimulate/src/aiconfigurator_core/systems/data/h100_sxm/sglang/0.5.14","python python/aisimulate/tools/support_matrix/generate_fpe_support_matrix.py --model ""nvidia/NVIDIA-Nemotron-3-Ultra-550B-A55B-FP8"" --system ""h100_sxm"" --backend ""sglang"" --backend-version ""0.5.14"" --forward-model op_level --max-workers 8",,220,55,PERF_DATA_MISSING=220,,26dae1f99b2b50fb17118f38d8a8e95dfac3357c
nvidia/NVIDIA-Nemotron-3-Ultra-550B-A55B-FP8,NemotronHForCausalLM,h100_sxm,sglang,0.5.16,FAIL,"Strict-native op-level FPE probes: PERF_DATA_MISSING=220; raw probes=220; topologies=55; source_sha=26dae1f99b2b50fb17118f38d8a8e95dfac3357c. Representative failure: perf database error: MoE data missing for MoeKey { quant: ""fp8"", distribution: ""uniform"", topk: 22, num_experts: 512, hidden_size: 2048, inter_size: 5120, moe_tp_size: 1, moe_ep_size: 1 } at <repo>/python/aisimulate/src/aiconfigurator_core/systems/data/h100_sxm/sglang/0.5.16","python python/aisimulate/tools/support_matrix/generate_fpe_support_matrix.py --model ""nvidia/NVIDIA-Nemotron-3-Ultra-550B-A55B-FP8"" --system ""h100_sxm"" --backend ""sglang"" --backend-version ""0.5.16"" --forward-model op_level --max-workers 8",,220,55,PERF_DATA_MISSING=220,,26dae1f99b2b50fb17118f38d8a8e95dfac3357c
nvidia/NVIDIA-Nemotron-3-Ultra-550B-A55B-FP8,NemotronHForCausalLM,h100_sxm,sglang,0.5.6.post2,FAIL,Strict-native op-level FPE probes: PERF_DATA_MISSING=220; raw probes=220; topologies=55; source_sha=26dae1f99b2b50fb17118f38d8a8e95dfac3357c. Representative failure: perf database error: perf database error: no rows loaded from 1 source(s) (first: <repo>/python/aisimulate/src/aiconfigurator_core/systems/data/h100_sxm/sglang/0.5.6.post2/computescale_perf.parquet),"python python/aisimulate/tools/support_matrix/generate_fpe_support_matrix.py --model ""nvidia/NVIDIA-Nemotron-3-Ultra-550B-A55B-FP8"" --system ""h100_sxm"" --backend ""sglang"" --backend-version ""0.5.6.post2"" --forward-model op_level --max-workers 8",,220,55,PERF_DATA_MISSING=220,,26dae1f99b2b50fb17118f38d8a8e95dfac3357c
nvidia/NVIDIA-Nemotron-3-Ultra-550B-A55B-FP8,NemotronHForCausalLM,h100_sxm,sglang,0.5.9,FAIL,Strict-native op-level FPE probes: PERF_DATA_MISSING=220; raw probes=220; topologies=55; source_sha=26dae1f99b2b50fb17118f38d8a8e95dfac3357c. Representative failure: perf database error: perf database error: no rows loaded from 1 source(s) (first: <repo>/python/aisimulate/src/aiconfigurator_core/systems/data/h100_sxm/sglang/0.5.9/computescale_perf.parquet),"python python/aisimulate/tools/support_matrix/generate_fpe_support_matrix.py --model ""nvidia/NVIDIA-Nemotron-3-Ultra-550B-A55B-FP8"" --system ""h100_sxm"" --backend ""sglang"" --backend-version ""0.5.9"" --forward-model op_level --max-workers 8",,220,55,PERF_DATA_MISSING=220,,26dae1f99b2b50fb17118f38d8a8e95dfac3357c
nvidia/NVIDIA-Nemotron-3-Ultra-550B-A55B-FP8,NemotronHForCausalLM,h100_sxm,trtllm,1.2.0rc5,FAIL,"Strict-native op-level FPE probes: PERF_DATA_MISSING=116; raw probes=116; topologies=29; source_sha=26dae1f99b2b50fb17118f38d8a8e95dfac3357c. Representative failure: perf database error: MoE data missing for MoeKey { quant: ""fp8"", distribution: ""power_law_1.01"", topk: 22, num_experts: 512, hidden_size: 2048, inter_size: 5120, moe_tp_size: 1, moe_ep_size: 1 } at <repo>/python/aisimulate/src/aiconfigurator_core/systems/data/h100_sxm/trtllm/1.2.0rc5","python python/aisimulate/tools/support_matrix/generate_fpe_support_matrix.py --model ""nvidia/NVIDIA-Nemotron-3-Ultra-550B-A55B-FP8"" --system ""h100_sxm"" --backend ""trtllm"" --backend-version ""1.2.0rc5"" --forward-model op_level --max-workers 8",,116,29,PERF_DATA_MISSING=116,,26dae1f99b2b50fb17118f38d8a8e95dfac3357c
nvidia/NVIDIA-Nemotron-3-Ultra-550B-A55B-FP8,NemotronHForCausalLM,h100_sxm,trtllm,1.3.0rc10,FAIL,"Strict-native op-level FPE probes: PERF_DATA_MISSING=116; raw probes=116; topologies=29; source_sha=26dae1f99b2b50fb17118f38d8a8e95dfac3357c. Representative failure: perf database error: MoE data missing for MoeKey { quant: ""fp8"", distribution: ""power_law_1.01"", topk: 22, num_experts: 512, hidden_size: 2048, inter_size: 5120, moe_tp_size: 1, moe_ep_size: 1 } at <repo>/python/aisimulate/src/aiconfigurator_core/systems/data/h100_sxm/trtllm/1.3.0rc10","python python/aisimulate/tools/support_matrix/generate_fpe_support_matrix.py --model ""nvidia/NVIDIA-Nemotron-3-Ultra-550B-A55B-FP8"" --system ""h100_sxm"" --backend ""trtllm"" --backend-version ""1.3.0rc10"" --forward-model op_level --max-workers 8",,116,29,PERF_DATA_MISSING=116,,26dae1f99b2b50fb17118f38d8a8e95dfac3357c
nvidia/NVIDIA-Nemotron-3-Ultra-550B-A55B-FP8,NemotronHForCausalLM,h100_sxm,trtllm,1.3.0rc15,FAIL,"Strict-native op-level FPE probes: PERF_DATA_MISSING=116; raw probes=116; topologies=29; source_sha=26dae1f99b2b50fb17118f38d8a8e95dfac3357c. Representative failure: perf database error: MoE data missing for MoeKey { quant: ""fp8"", distribution: ""power_law_1.01"", topk: 22, num_experts: 512, hidden_size: 2048, inter_size: 5120, moe_tp_size: 1, moe_ep_size: 1 } at <repo>/python/aisimulate/src/aiconfigurator_core/systems/data/h100_sxm/trtllm/1.3.0rc15","python python/aisimulate/tools/support_matrix/generate_fpe_support_matrix.py --model ""nvidia/NVIDIA-Nemotron-3-Ultra-550B-A55B-FP8"" --system ""h100_sxm"" --backend ""trtllm"" --backend-version ""1.3.0rc15"" --forward-model op_level --max-workers 8",,116,29,PERF_DATA_MISSING=116,,26dae1f99b2b50fb17118f38d8a8e95dfac3357c
nvidia/NVIDIA-Nemotron-3-Ultra-550B-A55B-FP8,NemotronHForCausalLM,h100_sxm,trtllm,1.3.0rc20,PASS,,"python python/aisimulate/tools/support_matrix/generate_fpe_support_matrix.py --model ""nvidia/NVIDIA-Nemotron-3-Ultra-550B-A55B-FP8"" --system ""h100_sxm"" --backend ""trtllm"" --backend-version ""1.3.0rc20"" --forward-model op_level --max-workers 8",silicon,116,29,PASS=116,"decode_end=17267.869055, decode_start=67.712643, mixed=172.125936, prefill=170.774312",26dae1f99b2b50fb17118f38d8a8e95dfac3357c
nvidia/NVIDIA-Nemotron-3-Ultra-550B-A55B-FP8,NemotronHForCausalLM,h100_sxm,trtllm,1.3.0rc23,PASS,,"python python/aisimulate/tools/support_matrix/generate_fpe_support_matrix.py --model ""nvidia/NVIDIA-Nemotron-3-Ultra-550B-A55B-FP8"" --system ""h100_sxm"" --backend ""trtllm"" --backend-version ""1.3.0rc23"" --forward-model op_level --max-workers 8",silicon,116,29,PASS=116,"decode_end=17267.869055, decode_start=67.712643, mixed=172.125936, prefill=170.774312",26dae1f99b2b50fb17118f38d8a8e95dfac3357c
nvidia/NVIDIA-Nemotron-3-Ultra-550B-A55B-FP8,NemotronHForCausalLM,h100_sxm,vllm,0.1.dev19262,FAIL,Strict-native op-level FPE probes: PERF_DATA_MISSING=116; raw probes=116; topologies=29; source_sha=26dae1f99b2b50fb17118f38d8a8e95dfac3357c. Representative failure: perf database error: perf database error: no GEMM rows loaded from 1 source(s) (first: <repo>/python/aisimulate/src/aiconfigurator_core/systems/data/h100_sxm/vllm/0.1.dev19262/gemm_perf.parquet),"python python/aisimulate/tools/support_matrix/generate_fpe_support_matrix.py --model ""nvidia/NVIDIA-Nemotron-3-Ultra-550B-A55B-FP8"" --system ""h100_sxm"" --backend ""vllm"" --backend-version ""0.1.dev19262"" --forward-model op_level --max-workers 8",,116,29,PERF_DATA_MISSING=116,,26dae1f99b2b50fb17118f38d8a8e95dfac3357c
nvidia/NVIDIA-Nemotron-3-Ultra-550B-A55B-FP8,NemotronHForCausalLM,h100_sxm,vllm,0.14.0,FAIL,Strict-native op-level FPE probes: PERF_DATA_MISSING=116; raw probes=116; topologies=29; source_sha=26dae1f99b2b50fb17118f38d8a8e95dfac3357c. Representative failure: perf database error: perf database error: no rows loaded from 1 source(s) (first: <repo>/python/aisimulate/src/aiconfigurator_core/systems/data/h100_sxm/vllm/0.14.0/computescale_perf.parquet),"python python/aisimulate/tools/support_matrix/generate_fpe_support_matrix.py --model ""nvidia/NVIDIA-Nemotron-3-Ultra-550B-A55B-FP8"" --system ""h100_sxm"" --backend ""vllm"" --backend-version ""0.14.0"" --forward-model op_level --max-workers 8",,116,29,PERF_DATA_MISSING=116,,26dae1f99b2b50fb17118f38d8a8e95dfac3357c
nvidia/NVIDIA-Nemotron-3-Ultra-550B-A55B-FP8,NemotronHForCausalLM,h100_sxm,vllm,0.19.0,FAIL,Strict-native op-level FPE probes: PERF_DATA_MISSING=116; raw probes=116; topologies=29; source_sha=26dae1f99b2b50fb17118f38d8a8e95dfac3357c. Representative failure: perf database error: perf database error: no rows loaded from 1 source(s) (first: <repo>/python/aisimulate/src/aiconfigurator_core/systems/data/h100_sxm/vllm/0.19.0/computescale_perf.parquet),"python python/aisimulate/tools/support_matrix/generate_fpe_support_matrix.py --model ""nvidia/NVIDIA-Nemotron-3-Ultra-550B-A55B-FP8"" --system ""h100_sxm"" --backend ""vllm"" --backend-version ""0.19.0"" --forward-model op_level --max-workers 8",,116,29,PERF_DATA_MISSING=116,,26dae1f99b2b50fb17118f38d8a8e95dfac3357c
nvidia/NVIDIA-Nemotron-3-Ultra-550B-A55B-FP8,NemotronHForCausalLM,h100_sxm,vllm,0.22.0,PASS,,"python python/aisimulate/tools/support_matrix/generate_fpe_support_matrix.py --model ""nvidia/NVIDIA-Nemotron-3-Ultra-550B-A55B-FP8"" --system ""h100_sxm"" --backend ""vllm"" --backend-version ""0.22.0"" --forward-model op_level --max-workers 8",silicon,116,29,PASS=116,"decode_end=72305.553333, decode_start=283.548376, mixed=719.493308, prefill=709.674720",26dae1f99b2b50fb17118f38d8a8e95dfac3357c
nvidia/NVIDIA-Nemotron-3-Ultra-550B-A55B-FP8,NemotronHForCausalLM,h100_sxm,vllm,0.24.0,PASS,,"python python/aisimulate/tools/support_matrix/generate_fpe_support_matrix.py --model ""nvidia/NVIDIA-Nemotron-3-Ultra-550B-A55B-FP8"" --system ""h100_sxm"" --backend ""vllm"" --backend-version ""0.24.0"" --forward-model op_level --max-workers 8",silicon,116,29,PASS=116,"decode_end=72305.553333, decode_start=283.548376, mixed=719.493308, prefill=709.674720",26dae1f99b2b50fb17118f38d8a8e95dfac3357c
nvidia/NVIDIA-Nemotron-3-Ultra-550B-A55B-NVFP4,NemotronHForCausalLM,h100_sxm,sglang,0.5.10,FAIL,"Strict-native op-level FPE probes: PERF_DATA_MISSING=220; raw probes=220; topologies=55; source_sha=26dae1f99b2b50fb17118f38d8a8e95dfac3357c. Representative failure: perf database error: GEMM perf data missing for quant 'nvfp4_wo' at <repo>/python/aisimulate/src/aiconfigurator_core/systems/data/h100_sxm/sglang/0.5.10; available: [""bfloat16"", ""fp8"", ""fp8_block"", ""int8_wo""]","python python/aisimulate/tools/support_matrix/generate_fpe_support_matrix.py --model ""nvidia/NVIDIA-Nemotron-3-Ultra-550B-A55B-NVFP4"" --system ""h100_sxm"" --backend ""sglang"" --backend-version ""0.5.10"" --forward-model op_level --max-workers 8",,220,55,PERF_DATA_MISSING=220,,26dae1f99b2b50fb17118f38d8a8e95dfac3357c
nvidia/NVIDIA-Nemotron-3-Ultra-550B-A55B-NVFP4,NemotronHForCausalLM,h100_sxm,sglang,0.5.12,FAIL,"Strict-native op-level FPE probes: PERF_DATA_MISSING=220; raw probes=220; topologies=55; source_sha=26dae1f99b2b50fb17118f38d8a8e95dfac3357c. Representative failure: perf database error: GEMM perf data missing for quant 'nvfp4_wo' at <repo>/python/aisimulate/src/aiconfigurator_core/systems/data/h100_sxm/sglang/0.5.12; available: [""bfloat16"", ""fp8"", ""fp8_block"", ""int8_wo""]","python python/aisimulate/tools/support_matrix/generate_fpe_support_matrix.py --model ""nvidia/NVIDIA-Nemotron-3-Ultra-550B-A55B-NVFP4"" --system ""h100_sxm"" --backend ""sglang"" --backend-version ""0.5.12"" --forward-model op_level --max-workers 8",,220,55,PERF_DATA_MISSING=220,,26dae1f99b2b50fb17118f38d8a8e95dfac3357c
nvidia/NVIDIA-Nemotron-3-Ultra-550B-A55B-NVFP4,NemotronHForCausalLM,h100_sxm,sglang,0.5.14,FAIL,"Strict-native op-level FPE probes: PERF_DATA_MISSING=220; raw probes=220; topologies=55; source_sha=26dae1f99b2b50fb17118f38d8a8e95dfac3357c. Representative failure: perf database error: GEMM perf data missing for quant 'nvfp4_wo' at <repo>/python/aisimulate/src/aiconfigurator_core/systems/data/h100_sxm/sglang/0.5.14; available: [""bfloat16"", ""fp8"", ""fp8_block"", ""int8_wo""]","python python/aisimulate/tools/support_matrix/generate_fpe_support_matrix.py --model ""nvidia/NVIDIA-Nemotron-3-Ultra-550B-A55B-NVFP4"" --system ""h100_sxm"" --backend ""sglang"" --backend-version ""0.5.14"" --forward-model op_level --max-workers 8",,220,55,PERF_DATA_MISSING=220,,26dae1f99b2b50fb17118f38d8a8e95dfac3357c
nvidia/NVIDIA-Nemotron-3-Ultra-550B-A55B-NVFP4,NemotronHForCausalLM,h100_sxm,sglang,0.5.16,FAIL,"Strict-native op-level FPE probes: PERF_DATA_MISSING=220; raw probes=220; topologies=55; source_sha=26dae1f99b2b50fb17118f38d8a8e95dfac3357c. Representative failure: perf database error: GEMM perf data missing for quant 'nvfp4_wo' at <repo>/python/aisimulate/src/aiconfigurator_core/systems/data/h100_sxm/sglang/0.5.16; available: [""bfloat16"", ""fp8"", ""fp8_block"", ""int8_wo""]","python python/aisimulate/tools/support_matrix/generate_fpe_support_matrix.py --model ""nvidia/NVIDIA-Nemotron-3-Ultra-550B-A55B-NVFP4"" --system ""h100_sxm"" --backend ""sglang"" --backend-version ""0.5.16"" --forward-model op_level --max-workers 8",,220,55,PERF_DATA_MISSING=220,,26dae1f99b2b50fb17118f38d8a8e95dfac3357c
nvidia/NVIDIA-Nemotron-3-Ultra-550B-A55B-NVFP4,NemotronHForCausalLM,h100_sxm,sglang,0.5.6.post2,FAIL,"Strict-native op-level FPE probes: PERF_DATA_MISSING=220; raw probes=220; topologies=55; source_sha=26dae1f99b2b50fb17118f38d8a8e95dfac3357c. Representative failure: perf database error: GEMM perf data missing for quant 'nvfp4_wo' at <repo>/python/aisimulate/src/aiconfigurator_core/systems/data/h100_sxm/sglang/0.5.6.post2; available: [""bfloat16"", ""fp8"", ""fp8_block"", ""int8_wo""]","python python/aisimulate/tools/support_matrix/generate_fpe_support_matrix.py --model ""nvidia/NVIDIA-Nemotron-3-Ultra-550B-A55B-NVFP4"" --system ""h100_sxm"" --backend ""sglang"" --backend-version ""0.5.6.post2"" --forward-model op_level --max-workers 8",,220,55,PERF_DATA_MISSING=220,,26dae1f99b2b50fb17118f38d8a8e95dfac3357c
nvidia/NVIDIA-Nemotron-3-Ultra-550B-A55B-NVFP4,NemotronHForCausalLM,h100_sxm,sglang,0.5.9,FAIL,"Strict-native op-level FPE probes: PERF_DATA_MISSING=220; raw probes=220; topologies=55; source_sha=26dae1f99b2b50fb17118f38d8a8e95dfac3357c. Representative failure: perf database error: GEMM perf data missing for quant 'nvfp4_wo' at <repo>/python/aisimulate/src/aiconfigurator_core/systems/data/h100_sxm/sglang/0.5.9; available: [""bfloat16"", ""fp8"", ""fp8_block"", ""int8_wo""]","python python/aisimulate/tools/support_matrix/generate_fpe_support_matrix.py --model ""nvidia/NVIDIA-Nemotron-3-Ultra-550B-A55B-NVFP4"" --system ""h100_sxm"" --backend ""sglang"" --backend-version ""0.5.9"" --forward-model op_level --max-workers 8",,220,55,PERF_DATA_MISSING=220,,26dae1f99b2b50fb17118f38d8a8e95dfac3357c
nvidia/NVIDIA-Nemotron-3-Ultra-550B-A55B-NVFP4,NemotronHForCausalLM,h100_sxm,trtllm,1.2.0rc5,FAIL,"Strict-native op-level FPE probes: PERF_DATA_MISSING=116; raw probes=116; topologies=29; source_sha=26dae1f99b2b50fb17118f38d8a8e95dfac3357c. Representative failure: perf database error: GEMM perf data missing for quant 'nvfp4_wo' at <repo>/python/aisimulate/src/aiconfigurator_core/systems/data/h100_sxm/trtllm/1.2.0rc5; available: [""bfloat16"", ""fp8"", ""fp8_block""]","python python/aisimulate/tools/support_matrix/generate_fpe_support_matrix.py --model ""nvidia/NVIDIA-Nemotron-3-Ultra-550B-A55B-NVFP4"" --system ""h100_sxm"" --backend ""trtllm"" --backend-version ""1.2.0rc5"" --forward-model op_level --max-workers 8",,116,29,PERF_DATA_MISSING=116,,26dae1f99b2b50fb17118f38d8a8e95dfac3357c
nvidia/NVIDIA-Nemotron-3-Ultra-550B-A55B-NVFP4,NemotronHForCausalLM,h100_sxm,trtllm,1.3.0rc10,FAIL,"Strict-native op-level FPE probes: PERF_DATA_MISSING=116; raw probes=116; topologies=29; source_sha=26dae1f99b2b50fb17118f38d8a8e95dfac3357c. Representative failure: perf database error: GEMM perf data missing for quant 'nvfp4_wo' at <repo>/python/aisimulate/src/aiconfigurator_core/systems/data/h100_sxm/trtllm/1.3.0rc10; available: [""bfloat16"", ""fp8"", ""fp8_block""]","python python/aisimulate/tools/support_matrix/generate_fpe_support_matrix.py --model ""nvidia/NVIDIA-Nemotron-3-Ultra-550B-A55B-NVFP4"" --system ""h100_sxm"" --backend ""trtllm"" --backend-version ""1.3.0rc10"" --forward-model op_level --max-workers 8",,116,29,PERF_DATA_MISSING=116,,26dae1f99b2b50fb17118f38d8a8e95dfac3357c
nvidia/NVIDIA-Nemotron-3-Ultra-550B-A55B-NVFP4,NemotronHForCausalLM,h100_sxm,trtllm,1.3.0rc15,FAIL,"Strict-native op-level FPE probes: PERF_DATA_MISSING=116; raw probes=116; topologies=29; source_sha=26dae1f99b2b50fb17118f38d8a8e95dfac3357c. Representative failure: perf database error: GEMM perf data missing for quant 'nvfp4_wo' at <repo>/python/aisimulate/src/aiconfigurator_core/systems/data/h100_sxm/trtllm/1.3.0rc15; available: [""bfloat16"", ""fp8"", ""fp8_block""]","python python/aisimulate/tools/support_matrix/generate_fpe_support_matrix.py --model ""nvidia/NVIDIA-Nemotron-3-Ultra-550B-A55B-NVFP4"" --system ""h100_sxm"" --backend ""trtllm"" --backend-version ""1.3.0rc15"" --forward-model op_level --max-workers 8",,116,29,PERF_DATA_MISSING=116,,26dae1f99b2b50fb17118f38d8a8e95dfac3357c
nvidia/NVIDIA-Nemotron-3-Ultra-550B-A55B-NVFP4,NemotronHForCausalLM,h100_sxm,trtllm,1.3.0rc20,FAIL,"Strict-native op-level FPE probes: PERF_DATA_MISSING=116; raw probes=116; topologies=29; source_sha=26dae1f99b2b50fb17118f38d8a8e95dfac3357c. Representative failure: perf database error: GEMM perf data missing for quant 'nvfp4_wo' at <repo>/python/aisimulate/src/aiconfigurator_core/systems/data/h100_sxm/trtllm/1.3.0rc20; available: [""bfloat16"", ""fp8"", ""fp8_block""]","python python/aisimulate/tools/support_matrix/generate_fpe_support_matrix.py --model ""nvidia/NVIDIA-Nemotron-3-Ultra-550B-A55B-NVFP4"" --system ""h100_sxm"" --backend ""trtllm"" --backend-version ""1.3.0rc20"" --forward-model op_level --max-workers 8",,116,29,PERF_DATA_MISSING=116,,26dae1f99b2b50fb17118f38d8a8e95dfac3357c
nvidia/NVIDIA-Nemotron-3-Ultra-550B-A55B-NVFP4,NemotronHForCausalLM,h100_sxm,trtllm,1.3.0rc23,FAIL,"Strict-native op-level FPE probes: PERF_DATA_MISSING=116; raw probes=116; topologies=29; source_sha=26dae1f99b2b50fb17118f38d8a8e95dfac3357c. Representative failure: perf database error: GEMM perf data missing for quant 'nvfp4_wo' at <repo>/python/aisimulate/src/aiconfigurator_core/systems/data/h100_sxm/trtllm/1.3.0rc23; available: [""bfloat16"", ""fp8"", ""fp8_block""]","python python/aisimulate/tools/support_matrix/generate_fpe_support_matrix.py --model ""nvidia/NVIDIA-Nemotron-3-Ultra-550B-A55B-NVFP4"" --system ""h100_sxm"" --backend ""trtllm"" --backend-version ""1.3.0rc23"" --forward-model op_level --max-workers 8",,116,29,PERF_DATA_MISSING=116,,26dae1f99b2b50fb17118f38d8a8e95dfac3357c
nvidia/NVIDIA-Nemotron-3-Ultra-550B-A55B-NVFP4,NemotronHForCausalLM,h100_sxm,vllm,0.1.dev19262,FAIL,Strict-native op-level FPE probes: PERF_DATA_MISSING=116; raw probes=116; topologies=29; source_sha=26dae1f99b2b50fb17118f38d8a8e95dfac3357c. Representative failure: perf database error: perf database error: no GEMM rows loaded from 1 source(s) (first: <repo>/python/aisimulate/src/aiconfigurator_core/systems/data/h100_sxm/vllm/0.1.dev19262/gemm_perf.parquet),"python python/aisimulate/tools/support_matrix/generate_fpe_support_matrix.py --model ""nvidia/NVIDIA-Nemotron-3-Ultra-550B-A55B-NVFP4"" --system ""h100_sxm"" --backend ""vllm"" --backend-version ""0.1.dev19262"" --forward-model op_level --max-workers 8",,116,29,PERF_DATA_MISSING=116,,26dae1f99b2b50fb17118f38d8a8e95dfac3357c
nvidia/NVIDIA-Nemotron-3-Ultra-550B-A55B-NVFP4,NemotronHForCausalLM,h100_sxm,vllm,0.14.0,FAIL,"Strict-native op-level FPE probes: PERF_DATA_MISSING=116; raw probes=116; topologies=29; source_sha=26dae1f99b2b50fb17118f38d8a8e95dfac3357c. Representative failure: perf database error: GEMM perf data missing for quant 'nvfp4_wo' at <repo>/python/aisimulate/src/aiconfigurator_core/systems/data/h100_sxm/vllm/0.14.0; available: [""bfloat16"", ""fp8"", ""fp8_block""]","python python/aisimulate/tools/support_matrix/generate_fpe_support_matrix.py --model ""nvidia/NVIDIA-Nemotron-3-Ultra-550B-A55B-NVFP4"" --system ""h100_sxm"" --backend ""vllm"" --backend-version ""0.14.0"" --forward-model op_level --max-workers 8",,116,29,PERF_DATA_MISSING=116,,26dae1f99b2b50fb17118f38d8a8e95dfac3357c
nvidia/NVIDIA-Nemotron-3-Ultra-550B-A55B-NVFP4,NemotronHForCausalLM,h100_sxm,vllm,0.19.0,FAIL,"Strict-native op-level FPE probes: PERF_DATA_MISSING=116; raw probes=116; topologies=29; source_sha=26dae1f99b2b50fb17118f38d8a8e95dfac3357c. Representative failure: perf database error: GEMM perf data missing for quant 'nvfp4_wo' at <repo>/python/aisimulate/src/aiconfigurator_core/systems/data/h100_sxm/vllm/0.19.0; available: [""bfloat16"", ""fp8"", ""fp8_block""]","python python/aisimulate/tools/support_matrix/generate_fpe_support_matrix.py --model ""nvidia/NVIDIA-Nemotron-3-Ultra-550B-A55B-NVFP4"" --system ""h100_sxm"" --backend ""vllm"" --backend-version ""0.19.0"" --forward-model op_level --max-workers 8",,116,29,PERF_DATA_MISSING=116,,26dae1f99b2b50fb17118f38d8a8e95dfac3357c
nvidia/NVIDIA-Nemotron-3-Ultra-550B-A55B-NVFP4,NemotronHForCausalLM,h100_sxm,vllm,0.22.0,FAIL,"Strict-native op-level FPE probes: PERF_DATA_MISSING=116; raw probes=116; topologies=29; source_sha=26dae1f99b2b50fb17118f38d8a8e95dfac3357c. Representative failure: perf database error: GEMM perf data missing for quant 'nvfp4_wo' at <repo>/python/aisimulate/src/aiconfigurator_core/systems/data/h100_sxm/vllm/0.22.0; available: [""bfloat16"", ""fp8"", ""fp8_block""]","python python/aisimulate/tools/support_matrix/generate_fpe_support_matrix.py --model ""nvidia/NVIDIA-Nemotron-3-Ultra-550B-A55B-NVFP4"" --system ""h100_sxm"" --backend ""vllm"" --backend-version ""0.22.0"" --forward-model op_level --max-workers 8",,116,29,PERF_DATA_MISSING=116,,26dae1f99b2b50fb17118f38d8a8e95dfac3357c
nvidia/NVIDIA-Nemotron-3-Ultra-550B-A55B-NVFP4,NemotronHForCausalLM,h100_sxm,vllm,0.24.0,FAIL,"Strict-native op-level FPE probes: PERF_DATA_MISSING=116; raw probes=116; topologies=29; source_sha=26dae1f99b2b50fb17118f38d8a8e95dfac3357c. Representative failure: perf database error: GEMM perf data missing for quant 'nvfp4_wo' at <repo>/python/aisimulate/src/aiconfigurator_core/systems/data/h100_sxm/vllm/0.24.0; available: [""bfloat16"", ""fp8"", ""fp8_block""]","python python/aisimulate/tools/support_matrix/generate_fpe_support_matrix.py --model ""nvidia/NVIDIA-Nemotron-3-Ultra-550B-A55B-NVFP4"" --system ""h100_sxm"" --backend ""vllm"" --backend-version ""0.24.0"" --forward-model op_level --max-workers 8",,116,29,PERF_DATA_MISSING=116,,26dae1f99b2b50fb17118f38d8a8e95dfac3357c
nvidia/Qwen3-235B-A22B-NVFP4,Qwen3MoeForCausalLM,h100_sxm,sglang,0.5.10,FAIL,"Strict-native op-level FPE probes: PERF_DATA_MISSING=220, SDK_UNREPRESENTABLE=320; raw probes=540; topologies=135; source_sha=26dae1f99b2b50fb17118f38d8a8e95dfac3357c. Representative failure: perf database error: GEMM perf data missing for quant 'nvfp4_wo' at <repo>/python/aisimulate/src/aiconfigurator_core/systems/data/h100_sxm/sglang/0.5.10; available: [""bfloat16"", ""fp8"", ""fp8_block"", ""int8_wo""]","python python/aisimulate/tools/support_matrix/generate_fpe_support_matrix.py --model ""nvidia/Qwen3-235B-A22B-NVFP4"" --system ""h100_sxm"" --backend ""sglang"" --backend-version ""0.5.10"" --forward-model op_level --max-workers 8",,540,135,"PERF_DATA_MISSING=220, SDK_UNREPRESENTABLE=320",,26dae1f99b2b50fb17118f38d8a8e95dfac3357c
nvidia/Qwen3-235B-A22B-NVFP4,Qwen3MoeForCausalLM,h100_sxm,sglang,0.5.12,FAIL,"Strict-native op-level FPE probes: PERF_DATA_MISSING=220, SDK_UNREPRESENTABLE=320; raw probes=540; topologies=135; source_sha=26dae1f99b2b50fb17118f38d8a8e95dfac3357c. Representative failure: perf database error: GEMM perf data missing for quant 'nvfp4_wo' at <repo>/python/aisimulate/src/aiconfigurator_core/systems/data/h100_sxm/sglang/0.5.12; available: [""bfloat16"", ""fp8"", ""fp8_block"", ""int8_wo""]","python python/aisimulate/tools/support_matrix/generate_fpe_support_matrix.py --model ""nvidia/Qwen3-235B-A22B-NVFP4"" --system ""h100_sxm"" --backend ""sglang"" --backend-version ""0.5.12"" --forward-model op_level --max-workers 8",,540,135,"PERF_DATA_MISSING=220, SDK_UNREPRESENTABLE=320",,26dae1f99b2b50fb17118f38d8a8e95dfac3357c
nvidia/Qwen3-235B-A22B-NVFP4,Qwen3MoeForCausalLM,h100_sxm,sglang,0.5.14,FAIL,"Strict-native op-level FPE probes: PERF_DATA_MISSING=220, SDK_UNREPRESENTABLE=320; raw probes=540; topologies=135; source_sha=26dae1f99b2b50fb17118f38d8a8e95dfac3357c. Representative failure: perf database error: GEMM perf data missing for quant 'nvfp4_wo' at <repo>/python/aisimulate/src/aiconfigurator_core/systems/data/h100_sxm/sglang/0.5.14; available: [""bfloat16"", ""fp8"", ""fp8_block"", ""int8_wo""]","python python/aisimulate/tools/support_matrix/generate_fpe_support_matrix.py --model ""nvidia/Qwen3-235B-A22B-NVFP4"" --system ""h100_sxm"" --backend ""sglang"" --backend-version ""0.5.14"" --forward-model op_level --max-workers 8",,540,135,"PERF_DATA_MISSING=220, SDK_UNREPRESENTABLE=320",,26dae1f99b2b50fb17118f38d8a8e95dfac3357c
nvidia/Qwen3-235B-A22B-NVFP4,Qwen3MoeForCausalLM,h100_sxm,sglang,0.5.16,FAIL,"Strict-native op-level FPE probes: PERF_DATA_MISSING=220, SDK_UNREPRESENTABLE=320; raw probes=540; topologies=135; source_sha=26dae1f99b2b50fb17118f38d8a8e95dfac3357c. Representative failure: perf database error: GEMM perf data missing for quant 'nvfp4_wo' at <repo>/python/aisimulate/src/aiconfigurator_core/systems/data/h100_sxm/sglang/0.5.16; available: [""bfloat16"", ""fp8"", ""fp8_block"", ""int8_wo""]","python python/aisimulate/tools/support_matrix/generate_fpe_support_matrix.py --model ""nvidia/Qwen3-235B-A22B-NVFP4"" --system ""h100_sxm"" --backend ""sglang"" --backend-version ""0.5.16"" --forward-model op_level --max-workers 8",,540,135,"PERF_DATA_MISSING=220, SDK_UNREPRESENTABLE=320",,26dae1f99b2b50fb17118f38d8a8e95dfac3357c
nvidia/Qwen3-235B-A22B-NVFP4,Qwen3MoeForCausalLM,h100_sxm,sglang,0.5.6.post2,FAIL,"Strict-native op-level FPE probes: PERF_DATA_MISSING=220, SDK_UNREPRESENTABLE=320; raw probes=540; topologies=135; source_sha=26dae1f99b2b50fb17118f38d8a8e95dfac3357c. Representative failure: perf database error: GEMM perf data missing for quant 'nvfp4_wo' at <repo>/python/aisimulate/src/aiconfigurator_core/systems/data/h100_sxm/sglang/0.5.6.post2; available: [""bfloat16"", ""fp8"", ""fp8_block"", ""int8_wo""]","python python/aisimulate/tools/support_matrix/generate_fpe_support_matrix.py --model ""nvidia/Qwen3-235B-A22B-NVFP4"" --system ""h100_sxm"" --backend ""sglang"" --backend-version ""0.5.6.post2"" --forward-model op_level --max-workers 8",,540,135,"PERF_DATA_MISSING=220, SDK_UNREPRESENTABLE=320",,26dae1f99b2b50fb17118f38d8a8e95dfac3357c
nvidia/Qwen3-235B-A22B-NVFP4,Qwen3MoeForCausalLM,h100_sxm,sglang,0.5.9,FAIL,"Strict-native op-level FPE probes: PERF_DATA_MISSING=220, SDK_UNREPRESENTABLE=320; raw probes=540; topologies=135; source_sha=26dae1f99b2b50fb17118f38d8a8e95dfac3357c. Representative failure: perf database error: GEMM perf data missing for quant 'nvfp4_wo' at <repo>/python/aisimulate/src/aiconfigurator_core/systems/data/h100_sxm/sglang/0.5.9; available: [""bfloat16"", ""fp8"", ""fp8_block"", ""int8_wo""]","python python/aisimulate/tools/support_matrix/generate_fpe_support_matrix.py --model ""nvidia/Qwen3-235B-A22B-NVFP4"" --system ""h100_sxm"" --backend ""sglang"" --backend-version ""0.5.9"" --forward-model op_level --max-workers 8",,540,135,"PERF_DATA_MISSING=220, SDK_UNREPRESENTABLE=320",,26dae1f99b2b50fb17118f38d8a8e95dfac3357c
nvidia/Qwen3-235B-A22B-NVFP4,Qwen3MoeForCausalLM,h100_sxm,trtllm,1.2.0rc5,FAIL,"Strict-native op-level FPE probes: PERF_DATA_MISSING=116; raw probes=116; topologies=29; source_sha=26dae1f99b2b50fb17118f38d8a8e95dfac3357c. Representative failure: perf database error: GEMM perf data missing for quant 'nvfp4_wo' at <repo>/python/aisimulate/src/aiconfigurator_core/systems/data/h100_sxm/trtllm/1.2.0rc5; available: [""bfloat16"", ""fp8"", ""fp8_block""]","python python/aisimulate/tools/support_matrix/generate_fpe_support_matrix.py --model ""nvidia/Qwen3-235B-A22B-NVFP4"" --system ""h100_sxm"" --backend ""trtllm"" --backend-version ""1.2.0rc5"" --forward-model op_level --max-workers 8",,116,29,PERF_DATA_MISSING=116,,26dae1f99b2b50fb17118f38d8a8e95dfac3357c
nvidia/Qwen3-235B-A22B-NVFP4,Qwen3MoeForCausalLM,h100_sxm,trtllm,1.3.0rc10,FAIL,"Strict-native op-level FPE probes: PERF_DATA_MISSING=116; raw probes=116; topologies=29; source_sha=26dae1f99b2b50fb17118f38d8a8e95dfac3357c. Representative failure: perf database error: GEMM perf data missing for quant 'nvfp4_wo' at <repo>/python/aisimulate/src/aiconfigurator_core/systems/data/h100_sxm/trtllm/1.3.0rc10; available: [""bfloat16"", ""fp8"", ""fp8_block""]","python python/aisimulate/tools/support_matrix/generate_fpe_support_matrix.py --model ""nvidia/Qwen3-235B-A22B-NVFP4"" --system ""h100_sxm"" --backend ""trtllm"" --backend-version ""1.3.0rc10"" --forward-model op_level --max-workers 8",,116,29,PERF_DATA_MISSING=116,,26dae1f99b2b50fb17118f38d8a8e95dfac3357c
nvidia/Qwen3-235B-A22B-NVFP4,Qwen3MoeForCausalLM,h100_sxm,trtllm,1.3.0rc15,FAIL,"Strict-native op-level FPE probes: PERF_DATA_MISSING=116; raw probes=116; topologies=29; source_sha=26dae1f99b2b50fb17118f38d8a8e95dfac3357c. Representative failure: perf database error: GEMM perf data missing for quant 'nvfp4_wo' at <repo>/python/aisimulate/src/aiconfigurator_core/systems/data/h100_sxm/trtllm/1.3.0rc15; available: [""bfloat16"", ""fp8"", ""fp8_block""]","python python/aisimulate/tools/support_matrix/generate_fpe_support_matrix.py --model ""nvidia/Qwen3-235B-A22B-NVFP4"" --system ""h100_sxm"" --backend ""trtllm"" --backend-version ""1.3.0rc15"" --forward-model op_level --max-workers 8",,116,29,PERF_DATA_MISSING=116,,26dae1f99b2b50fb17118f38d8a8e95dfac3357c
nvidia/Qwen3-235B-A22B-NVFP4,Qwen3MoeForCausalLM,h100_sxm,trtllm,1.3.0rc20,FAIL,"Strict-native op-level FPE probes: PERF_DATA_MISSING=116; raw probes=116; topologies=29; source_sha=26dae1f99b2b50fb17118f38d8a8e95dfac3357c. Representative failure: perf database error: GEMM perf data missing for quant 'nvfp4_wo' at <repo>/python/aisimulate/src/aiconfigurator_core/systems/data/h100_sxm/trtllm/1.3.0rc20; available: [""bfloat16"", ""fp8"", ""fp8_block""]","python python/aisimulate/tools/support_matrix/generate_fpe_support_matrix.py --model ""nvidia/Qwen3-235B-A22B-NVFP4"" --system ""h100_sxm"" --backend ""trtllm"" --backend-version ""1.3.0rc20"" --forward-model op_level --max-workers 8",,116,29,PERF_DATA_MISSING=116,,26dae1f99b2b50fb17118f38d8a8e95dfac3357c
nvidia/Qwen3-235B-A22B-NVFP4,Qwen3MoeForCausalLM,h100_sxm,trtllm,1.3.0rc23,FAIL,"Strict-native op-level FPE probes: PERF_DATA_MISSING=116; raw probes=116; topologies=29; source_sha=26dae1f99b2b50fb17118f38d8a8e95dfac3357c. Representative failure: perf database error: GEMM perf data missing for quant 'nvfp4_wo' at <repo>/python/aisimulate/src/aiconfigurator_core/systems/data/h100_sxm/trtllm/1.3.0rc23; available: [""bfloat16"", ""fp8"", ""fp8_block""]","python python/aisimulate/tools/support_matrix/generate_fpe_support_matrix.py --model ""nvidia/Qwen3-235B-A22B-NVFP4"" --system ""h100_sxm"" --backend ""trtllm"" --backend-version ""1.3.0rc23"" --forward-model op_level --max-workers 8",,116,29,PERF_DATA_MISSING=116,,26dae1f99b2b50fb17118f38d8a8e95dfac3357c
nvidia/Qwen3-235B-A22B-NVFP4,Qwen3MoeForCausalLM,h100_sxm,vllm,0.1.dev19262,FAIL,Strict-native op-level FPE probes: PERF_DATA_MISSING=116; raw probes=116; topologies=29; source_sha=26dae1f99b2b50fb17118f38d8a8e95dfac3357c. Representative failure: perf database error: perf database error: no GEMM rows loaded from 1 source(s) (first: <repo>/python/aisimulate/src/aiconfigurator_core/systems/data/h100_sxm/vllm/0.1.dev19262/gemm_perf.parquet),"python python/aisimulate/tools/support_matrix/generate_fpe_support_matrix.py --model ""nvidia/Qwen3-235B-A22B-NVFP4"" --system ""h100_sxm"" --backend ""vllm"" --backend-version ""0.1.dev19262"" --forward-model op_level --max-workers 8",,116,29,PERF_DATA_MISSING=116,,26dae1f99b2b50fb17118f38d8a8e95dfac3357c
nvidia/Qwen3-235B-A22B-NVFP4,Qwen3MoeForCausalLM,h100_sxm,vllm,0.14.0,FAIL,"Strict-native op-level FPE probes: PERF_DATA_MISSING=116; raw probes=116; topologies=29; source_sha=26dae1f99b2b50fb17118f38d8a8e95dfac3357c. Representative failure: perf database error: GEMM perf data missing for quant 'nvfp4_wo' at <repo>/python/aisimulate/src/aiconfigurator_core/systems/data/h100_sxm/vllm/0.14.0; available: [""bfloat16"", ""fp8"", ""fp8_block""]","python python/aisimulate/tools/support_matrix/generate_fpe_support_matrix.py --model ""nvidia/Qwen3-235B-A22B-NVFP4"" --system ""h100_sxm"" --backend ""vllm"" --backend-version ""0.14.0"" --forward-model op_level --max-workers 8",,116,29,PERF_DATA_MISSING=116,,26dae1f99b2b50fb17118f38d8a8e95dfac3357c
nvidia/Qwen3-235B-A22B-NVFP4,Qwen3MoeForCausalLM,h100_sxm,vllm,0.19.0,FAIL,"Strict-native op-level FPE probes: PERF_DATA_MISSING=116; raw probes=116; topologies=29; source_sha=26dae1f99b2b50fb17118f38d8a8e95dfac3357c. Representative failure: perf database error: GEMM perf data missing for quant 'nvfp4_wo' at <repo>/python/aisimulate/src/aiconfigurator_core/systems/data/h100_sxm/vllm/0.19.0; available: [""bfloat16"", ""fp8"", ""fp8_block""]","python python/aisimulate/tools/support_matrix/generate_fpe_support_matrix.py --model ""nvidia/Qwen3-235B-A22B-NVFP4"" --system ""h100_sxm"" --backend ""vllm"" --backend-version ""0.19.0"" --forward-model op_level --max-workers 8",,116,29,PERF_DATA_MISSING=116,,26dae1f99b2b50fb17118f38d8a8e95dfac3357c
nvidia/Qwen3-235B-A22B-NVFP4,Qwen3MoeForCausalLM,h100_sxm,vllm,0.22.0,FAIL,"Strict-native op-level FPE probes: PERF_DATA_MISSING=116; raw probes=116; topologies=29; source_sha=26dae1f99b2b50fb17118f38d8a8e95dfac3357c. Representative failure: perf database error: GEMM perf data missing for quant 'nvfp4_wo' at <repo>/python/aisimulate/src/aiconfigurator_core/systems/data/h100_sxm/vllm/0.22.0; available: [""bfloat16"", ""fp8"", ""fp8_block""]","python python/aisimulate/tools/support_matrix/generate_fpe_support_matrix.py --model ""nvidia/Qwen3-235B-A22B-NVFP4"" --system ""h100_sxm"" --backend ""vllm"" --backend-version ""0.22.0"" --forward-model op_level --max-workers 8",,116,29,PERF_DATA_MISSING=116,,26dae1f99b2b50fb17118f38d8a8e95dfac3357c
nvidia/Qwen3-235B-A22B-NVFP4,Qwen3MoeForCausalLM,h100_sxm,vllm,0.24.0,FAIL,"Strict-native op-level FPE probes: PERF_DATA_MISSING=116; raw probes=116; topologies=29; source_sha=26dae1f99b2b50fb17118f38d8a8e95dfac3357c. Representative failure: perf database error: GEMM perf data missing for quant 'nvfp4_wo' at <repo>/python/aisimulate/src/aiconfigurator_core/systems/data/h100_sxm/vllm/0.24.0; available: [""bfloat16"", ""fp8"", ""fp8_block""]","python python/aisimulate/tools/support_matrix/generate_fpe_support_matrix.py --model ""nvidia/Qwen3-235B-A22B-NVFP4"" --system ""h100_sxm"" --backend ""vllm"" --backend-version ""0.24.0"" --forward-model op_level --max-workers 8",,116,29,PERF_DATA_MISSING=116,,26dae1f99b2b50fb17118f38d8a8e95dfac3357c
nvidia/Qwen3.5-122B-A10B-NVFP4,Qwen3_5MoeForConditionalGeneration,h100_sxm,sglang,0.5.10,FAIL,"Strict-native op-level FPE probes: PERF_DATA_MISSING=220; raw probes=220; topologies=55; source_sha=26dae1f99b2b50fb17118f38d8a8e95dfac3357c. Representative failure: perf database error: GEMM perf data missing for quant 'nvfp4_wo' at <repo>/python/aisimulate/src/aiconfigurator_core/systems/data/h100_sxm/sglang/0.5.10; available: [""bfloat16"", ""fp8"", ""fp8_block"", ""int8_wo""]","python python/aisimulate/tools/support_matrix/generate_fpe_support_matrix.py --model ""nvidia/Qwen3.5-122B-A10B-NVFP4"" --system ""h100_sxm"" --backend ""sglang"" --backend-version ""0.5.10"" --forward-model op_level --max-workers 8",,220,55,PERF_DATA_MISSING=220,,26dae1f99b2b50fb17118f38d8a8e95dfac3357c
nvidia/Qwen3.5-122B-A10B-NVFP4,Qwen3_5MoeForConditionalGeneration,h100_sxm,sglang,0.5.12,FAIL,"Strict-native op-level FPE probes: PERF_DATA_MISSING=220; raw probes=220; topologies=55; source_sha=26dae1f99b2b50fb17118f38d8a8e95dfac3357c. Representative failure: perf database error: GEMM perf data missing for quant 'nvfp4_wo' at <repo>/python/aisimulate/src/aiconfigurator_core/systems/data/h100_sxm/sglang/0.5.12; available: [""bfloat16"", ""fp8"", ""fp8_block"", ""int8_wo""]","python python/aisimulate/tools/support_matrix/generate_fpe_support_matrix.py --model ""nvidia/Qwen3.5-122B-A10B-NVFP4"" --system ""h100_sxm"" --backend ""sglang"" --backend-version ""0.5.12"" --forward-model op_level --max-workers 8",,220,55,PERF_DATA_MISSING=220,,26dae1f99b2b50fb17118f38d8a8e95dfac3357c
nvidia/Qwen3.5-122B-A10B-NVFP4,Qwen3_5MoeForConditionalGeneration,h100_sxm,sglang,0.5.14,FAIL,"Strict-native op-level FPE probes: PERF_DATA_MISSING=220; raw probes=220; topologies=55; source_sha=26dae1f99b2b50fb17118f38d8a8e95dfac3357c. Representative failure: perf database error: GEMM perf data missing for quant 'nvfp4_wo' at <repo>/python/aisimulate/src/aiconfigurator_core/systems/data/h100_sxm/sglang/0.5.14; available: [""bfloat16"", ""fp8"", ""fp8_block"", ""int8_wo""]","python python/aisimulate/tools/support_matrix/generate_fpe_support_matrix.py --model ""nvidia/Qwen3.5-122B-A10B-NVFP4"" --system ""h100_sxm"" --backend ""sglang"" --backend-version ""0.5.14"" --forward-model op_level --max-workers 8",,220,55,PERF_DATA_MISSING=220,,26dae1f99b2b50fb17118f38d8a8e95dfac3357c
nvidia/Qwen3.5-122B-A10B-NVFP4,Qwen3_5MoeForConditionalGeneration,h100_sxm,sglang,0.5.16,FAIL,"Strict-native op-level FPE probes: PERF_DATA_MISSING=220; raw probes=220; topologies=55; source_sha=26dae1f99b2b50fb17118f38d8a8e95dfac3357c. Representative failure: perf database error: GEMM perf data missing for quant 'nvfp4_wo' at <repo>/python/aisimulate/src/aiconfigurator_core/systems/data/h100_sxm/sglang/0.5.16; available: [""bfloat16"", ""fp8"", ""fp8_block"", ""int8_wo""]","python python/aisimulate/tools/support_matrix/generate_fpe_support_matrix.py --model ""nvidia/Qwen3.5-122B-A10B-NVFP4"" --system ""h100_sxm"" --backend ""sglang"" --backend-version ""0.5.16"" --forward-model op_level --max-workers 8",,220,55,PERF_DATA_MISSING=220,,26dae1f99b2b50fb17118f38d8a8e95dfac3357c
nvidia/Qwen3.5-122B-A10B-NVFP4,Qwen3_5MoeForConditionalGeneration,h100_sxm,sglang,0.5.6.post2,FAIL,"Strict-native op-level FPE probes: PERF_DATA_MISSING=220; raw probes=220; topologies=55; source_sha=26dae1f99b2b50fb17118f38d8a8e95dfac3357c. Representative failure: perf database error: GEMM perf data missing for quant 'nvfp4_wo' at <repo>/python/aisimulate/src/aiconfigurator_core/systems/data/h100_sxm/sglang/0.5.6.post2; available: [""bfloat16"", ""fp8"", ""fp8_block"", ""int8_wo""]","python python/aisimulate/tools/support_matrix/generate_fpe_support_matrix.py --model ""nvidia/Qwen3.5-122B-A10B-NVFP4"" --system ""h100_sxm"" --backend ""sglang"" --backend-version ""0.5.6.post2"" --forward-model op_level --max-workers 8",,220,55,PERF_DATA_MISSING=220,,26dae1f99b2b50fb17118f38d8a8e95dfac3357c
nvidia/Qwen3.5-122B-A10B-NVFP4,Qwen3_5MoeForConditionalGeneration,h100_sxm,sglang,0.5.9,FAIL,"Strict-native op-level FPE probes: PERF_DATA_MISSING=220; raw probes=220; topologies=55; source_sha=26dae1f99b2b50fb17118f38d8a8e95dfac3357c. Representative failure: perf database error: GEMM perf data missing for quant 'nvfp4_wo' at <repo>/python/aisimulate/src/aiconfigurator_core/systems/data/h100_sxm/sglang/0.5.9; available: [""bfloat16"", ""fp8"", ""fp8_block"", ""int8_wo""]","python python/aisimulate/tools/support_matrix/generate_fpe_support_matrix.py --model ""nvidia/Qwen3.5-122B-A10B-NVFP4"" --system ""h100_sxm"" --backend ""sglang"" --backend-version ""0.5.9"" --forward-model op_level --max-workers 8",,220,55,PERF_DATA_MISSING=220,,26dae1f99b2b50fb17118f38d8a8e95dfac3357c
nvidia/Qwen3.5-122B-A10B-NVFP4,Qwen3_5MoeForConditionalGeneration,h100_sxm,trtllm,1.2.0rc5,FAIL,"Strict-native op-level FPE probes: PERF_DATA_MISSING=116; raw probes=116; topologies=29; source_sha=26dae1f99b2b50fb17118f38d8a8e95dfac3357c. Representative failure: perf database error: GEMM perf data missing for quant 'nvfp4_wo' at <repo>/python/aisimulate/src/aiconfigurator_core/systems/data/h100_sxm/trtllm/1.2.0rc5; available: [""bfloat16"", ""fp8"", ""fp8_block""]","python python/aisimulate/tools/support_matrix/generate_fpe_support_matrix.py --model ""nvidia/Qwen3.5-122B-A10B-NVFP4"" --system ""h100_sxm"" --backend ""trtllm"" --backend-version ""1.2.0rc5"" --forward-model op_level --max-workers 8",,116,29,PERF_DATA_MISSING=116,,26dae1f99b2b50fb17118f38d8a8e95dfac3357c
nvidia/Qwen3.5-122B-A10B-NVFP4,Qwen3_5MoeForConditionalGeneration,h100_sxm,trtllm,1.3.0rc10,FAIL,"Strict-native op-level FPE probes: PERF_DATA_MISSING=116; raw probes=116; topologies=29; source_sha=26dae1f99b2b50fb17118f38d8a8e95dfac3357c. Representative failure: perf database error: GEMM perf data missing for quant 'nvfp4_wo' at <repo>/python/aisimulate/src/aiconfigurator_core/systems/data/h100_sxm/trtllm/1.3.0rc10; available: [""bfloat16"", ""fp8"", ""fp8_block""]","python python/aisimulate/tools/support_matrix/generate_fpe_support_matrix.py --model ""nvidia/Qwen3.5-122B-A10B-NVFP4"" --system ""h100_sxm"" --backend ""trtllm"" --backend-version ""1.3.0rc10"" --forward-model op_level --max-workers 8",,116,29,PERF_DATA_MISSING=116,,26dae1f99b2b50fb17118f38d8a8e95dfac3357c
nvidia/Qwen3.5-122B-A10B-NVFP4,Qwen3_5MoeForConditionalGeneration,h100_sxm,trtllm,1.3.0rc15,FAIL,"Strict-native op-level FPE probes: PERF_DATA_MISSING=116; raw probes=116; topologies=29; source_sha=26dae1f99b2b50fb17118f38d8a8e95dfac3357c. Representative failure: perf database error: GEMM perf data missing for quant 'nvfp4_wo' at <repo>/python/aisimulate/src/aiconfigurator_core/systems/data/h100_sxm/trtllm/1.3.0rc15; available: [""bfloat16"", ""fp8"", ""fp8_block""]","python python/aisimulate/tools/support_matrix/generate_fpe_support_matrix.py --model ""nvidia/Qwen3.5-122B-A10B-NVFP4"" --system ""h100_sxm"" --backend ""trtllm"" --backend-version ""1.3.0rc15"" --forward-model op_level --max-workers 8",,116,29,PERF_DATA_MISSING=116,,26dae1f99b2b50fb17118f38d8a8e95dfac3357c
nvidia/Qwen3.5-122B-A10B-NVFP4,Qwen3_5MoeForConditionalGeneration,h100_sxm,trtllm,1.3.0rc20,FAIL,"Strict-native op-level FPE probes: PERF_DATA_MISSING=116; raw probes=116; topologies=29; source_sha=26dae1f99b2b50fb17118f38d8a8e95dfac3357c. Representative failure: perf database error: GEMM perf data missing for quant 'nvfp4_wo' at <repo>/python/aisimulate/src/aiconfigurator_core/systems/data/h100_sxm/trtllm/1.3.0rc20; available: [""bfloat16"", ""fp8"", ""fp8_block""]","python python/aisimulate/tools/support_matrix/generate_fpe_support_matrix.py --model ""nvidia/Qwen3.5-122B-A10B-NVFP4"" --system ""h100_sxm"" --backend ""trtllm"" --backend-version ""1.3.0rc20"" --forward-model op_level --max-workers 8",,116,29,PERF_DATA_MISSING=116,,26dae1f99b2b50fb17118f38d8a8e95dfac3357c
nvidia/Qwen3.5-122B-A10B-NVFP4,Qwen3_5MoeForConditionalGeneration,h100_sxm,trtllm,1.3.0rc23,FAIL,"Strict-native op-level FPE probes: PERF_DATA_MISSING=116; raw probes=116; topologies=29; source_sha=26dae1f99b2b50fb17118f38d8a8e95dfac3357c. Representative failure: perf database error: GEMM perf data missing for quant 'nvfp4_wo' at <repo>/python/aisimulate/src/aiconfigurator_core/systems/data/h100_sxm/trtllm/1.3.0rc23; available: [""bfloat16"", ""fp8"", ""fp8_block""]","python python/aisimulate/tools/support_matrix/generate_fpe_support_matrix.py --model ""nvidia/Qwen3.5-122B-A10B-NVFP4"" --system ""h100_sxm"" --backend ""trtllm"" --backend-version ""1.3.0rc23"" --forward-model op_level --max-workers 8",,116,29,PERF_DATA_MISSING=116,,26dae1f99b2b50fb17118f38d8a8e95dfac3357c
nvidia/Qwen3.5-122B-A10B-NVFP4,Qwen3_5MoeForConditionalGeneration,h100_sxm,vllm,0.1.dev19262,FAIL,Strict-native op-level FPE probes: PERF_DATA_MISSING=116; raw probes=116; topologies=29; source_sha=26dae1f99b2b50fb17118f38d8a8e95dfac3357c. Representative failure: perf database error: perf database error: no GEMM rows loaded from 1 source(s) (first: <repo>/python/aisimulate/src/aiconfigurator_core/systems/data/h100_sxm/vllm/0.1.dev19262/gemm_perf.parquet),"python python/aisimulate/tools/support_matrix/generate_fpe_support_matrix.py --model ""nvidia/Qwen3.5-122B-A10B-NVFP4"" --system ""h100_sxm"" --backend ""vllm"" --backend-version ""0.1.dev19262"" --forward-model op_level --max-workers 8",,116,29,PERF_DATA_MISSING=116,,26dae1f99b2b50fb17118f38d8a8e95dfac3357c
nvidia/Qwen3.5-122B-A10B-NVFP4,Qwen3_5MoeForConditionalGeneration,h100_sxm,vllm,0.14.0,FAIL,"Strict-native op-level FPE probes: PERF_DATA_MISSING=116; raw probes=116; topologies=29; source_sha=26dae1f99b2b50fb17118f38d8a8e95dfac3357c. Representative failure: perf database error: GEMM perf data missing for quant 'nvfp4_wo' at <repo>/python/aisimulate/src/aiconfigurator_core/systems/data/h100_sxm/vllm/0.14.0; available: [""bfloat16"", ""fp8"", ""fp8_block""]","python python/aisimulate/tools/support_matrix/generate_fpe_support_matrix.py --model ""nvidia/Qwen3.5-122B-A10B-NVFP4"" --system ""h100_sxm"" --backend ""vllm"" --backend-version ""0.14.0"" --forward-model op_level --max-workers 8",,116,29,PERF_DATA_MISSING=116,,26dae1f99b2b50fb17118f38d8a8e95dfac3357c
nvidia/Qwen3.5-122B-A10B-NVFP4,Qwen3_5MoeForConditionalGeneration,h100_sxm,vllm,0.19.0,FAIL,"Strict-native op-level FPE probes: PERF_DATA_MISSING=116; raw probes=116; topologies=29; source_sha=26dae1f99b2b50fb17118f38d8a8e95dfac3357c. Representative failure: perf database error: GEMM perf data missing for quant 'nvfp4_wo' at <repo>/python/aisimulate/src/aiconfigurator_core/systems/data/h100_sxm/vllm/0.19.0; available: [""bfloat16"", ""fp8"", ""fp8_block""]","python python/aisimulate/tools/support_matrix/generate_fpe_support_matrix.py --model ""nvidia/Qwen3.5-122B-A10B-NVFP4"" --system ""h100_sxm"" --backend ""vllm"" --backend-version ""0.19.0"" --forward-model op_level --max-workers 8",,116,29,PERF_DATA_MISSING=116,,26dae1f99b2b50fb17118f38d8a8e95dfac3357c
nvidia/Qwen3.5-122B-A10B-NVFP4,Qwen3_5MoeForConditionalGeneration,h100_sxm,vllm,0.22.0,FAIL,"Strict-native op-level FPE probes: PERF_DATA_MISSING=116; raw probes=116; topologies=29; source_sha=26dae1f99b2b50fb17118f38d8a8e95dfac3357c. Representative failure: perf database error: GEMM perf data missing for quant 'nvfp4_wo' at <repo>/python/aisimulate/src/aiconfigurator_core/systems/data/h100_sxm/vllm/0.22.0; available: [""bfloat16"", ""fp8"", ""fp8_block""]","python python/aisimulate/tools/support_matrix/generate_fpe_support_matrix.py --model ""nvidia/Qwen3.5-122B-A10B-NVFP4"" --system ""h100_sxm"" --backend ""vllm"" --backend-version ""0.22.0"" --forward-model op_level --max-workers 8",,116,29,PERF_DATA_MISSING=116,,26dae1f99b2b50fb17118f38d8a8e95dfac3357c
nvidia/Qwen3.5-122B-A10B-NVFP4,Qwen3_5MoeForConditionalGeneration,h100_sxm,vllm,0.24.0,FAIL,"Strict-native op-level FPE probes: PERF_DATA_MISSING=116; raw probes=116; topologies=29; source_sha=26dae1f99b2b50fb17118f38d8a8e95dfac3357c. Representative failure: perf database error: GEMM perf data missing for quant 'nvfp4_wo' at <repo>/python/aisimulate/src/aiconfigurator_core/systems/data/h100_sxm/vllm/0.24.0; available: [""bfloat16"", ""fp8"", ""fp8_block""]","python python/aisimulate/tools/support_matrix/generate_fpe_support_matrix.py --model ""nvidia/Qwen3.5-122B-A10B-NVFP4"" --system ""h100_sxm"" --backend ""vllm"" --backend-version ""0.24.0"" --forward-model op_level --max-workers 8",,116,29,PERF_DATA_MISSING=116,,26dae1f99b2b50fb17118f38d8a8e95dfac3357c
nvidia/Qwen3.5-397B-A17B-NVFP4,Qwen3_5MoeForConditionalGeneration,h100_sxm,sglang,0.5.10,FAIL,"Strict-native op-level FPE probes: PERF_DATA_MISSING=220; raw probes=220; topologies=55; source_sha=26dae1f99b2b50fb17118f38d8a8e95dfac3357c. Representative failure: perf database error: GEMM perf data missing for quant 'nvfp4_wo' at <repo>/python/aisimulate/src/aiconfigurator_core/systems/data/h100_sxm/sglang/0.5.10; available: [""bfloat16"", ""fp8"", ""fp8_block"", ""int8_wo""]","python python/aisimulate/tools/support_matrix/generate_fpe_support_matrix.py --model ""nvidia/Qwen3.5-397B-A17B-NVFP4"" --system ""h100_sxm"" --backend ""sglang"" --backend-version ""0.5.10"" --forward-model op_level --max-workers 8",,220,55,PERF_DATA_MISSING=220,,26dae1f99b2b50fb17118f38d8a8e95dfac3357c
nvidia/Qwen3.5-397B-A17B-NVFP4,Qwen3_5MoeForConditionalGeneration,h100_sxm,sglang,0.5.12,FAIL,"Strict-native op-level FPE probes: PERF_DATA_MISSING=220; raw probes=220; topologies=55; source_sha=26dae1f99b2b50fb17118f38d8a8e95dfac3357c. Representative failure: perf database error: GEMM perf data missing for quant 'nvfp4_wo' at <repo>/python/aisimulate/src/aiconfigurator_core/systems/data/h100_sxm/sglang/0.5.12; available: [""bfloat16"", ""fp8"", ""fp8_block"", ""int8_wo""]","python python/aisimulate/tools/support_matrix/generate_fpe_support_matrix.py --model ""nvidia/Qwen3.5-397B-A17B-NVFP4"" --system ""h100_sxm"" --backend ""sglang"" --backend-version ""0.5.12"" --forward-model op_level --max-workers 8",,220,55,PERF_DATA_MISSING=220,,26dae1f99b2b50fb17118f38d8a8e95dfac3357c
nvidia/Qwen3.5-397B-A17B-NVFP4,Qwen3_5MoeForConditionalGeneration,h100_sxm,sglang,0.5.14,FAIL,"Strict-native op-level FPE probes: PERF_DATA_MISSING=220; raw probes=220; topologies=55; source_sha=26dae1f99b2b50fb17118f38d8a8e95dfac3357c. Representative failure: perf database error: GEMM perf data missing for quant 'nvfp4_wo' at <repo>/python/aisimulate/src/aiconfigurator_core/systems/data/h100_sxm/sglang/0.5.14; available: [""bfloat16"", ""fp8"", ""fp8_block"", ""int8_wo""]","python python/aisimulate/tools/support_matrix/generate_fpe_support_matrix.py --model ""nvidia/Qwen3.5-397B-A17B-NVFP4"" --system ""h100_sxm"" --backend ""sglang"" --backend-version ""0.5.14"" --forward-model op_level --max-workers 8",,220,55,PERF_DATA_MISSING=220,,26dae1f99b2b50fb17118f38d8a8e95dfac3357c
nvidia/Qwen3.5-397B-A17B-NVFP4,Qwen3_5MoeForConditionalGeneration,h100_sxm,sglang,0.5.16,FAIL,"Strict-native op-level FPE probes: PERF_DATA_MISSING=220; raw probes=220; topologies=55; source_sha=26dae1f99b2b50fb17118f38d8a8e95dfac3357c. Representative failure: perf database error: GEMM perf data missing for quant 'nvfp4_wo' at <repo>/python/aisimulate/src/aiconfigurator_core/systems/data/h100_sxm/sglang/0.5.16; available: [""bfloat16"", ""fp8"", ""fp8_block"", ""int8_wo""]","python python/aisimulate/tools/support_matrix/generate_fpe_support_matrix.py --model ""nvidia/Qwen3.5-397B-A17B-NVFP4"" --system ""h100_sxm"" --backend ""sglang"" --backend-version ""0.5.16"" --forward-model op_level --max-workers 8",,220,55,PERF_DATA_MISSING=220,,26dae1f99b2b50fb17118f38d8a8e95dfac3357c
nvidia/Qwen3.5-397B-A17B-NVFP4,Qwen3_5MoeForConditionalGeneration,h100_sxm,sglang,0.5.6.post2,FAIL,"Strict-native op-level FPE probes: PERF_DATA_MISSING=220; raw probes=220; topologies=55; source_sha=26dae1f99b2b50fb17118f38d8a8e95dfac3357c. Representative failure: perf database error: GEMM perf data missing for quant 'nvfp4_wo' at <repo>/python/aisimulate/src/aiconfigurator_core/systems/data/h100_sxm/sglang/0.5.6.post2; available: [""bfloat16"", ""fp8"", ""fp8_block"", ""int8_wo""]","python python/aisimulate/tools/support_matrix/generate_fpe_support_matrix.py --model ""nvidia/Qwen3.5-397B-A17B-NVFP4"" --system ""h100_sxm"" --backend ""sglang"" --backend-version ""0.5.6.post2"" --forward-model op_level --max-workers 8",,220,55,PERF_DATA_MISSING=220,,26dae1f99b2b50fb17118f38d8a8e95dfac3357c
nvidia/Qwen3.5-397B-A17B-NVFP4,Qwen3_5MoeForConditionalGeneration,h100_sxm,sglang,0.5.9,FAIL,"Strict-native op-level FPE probes: PERF_DATA_MISSING=220; raw probes=220; topologies=55; source_sha=26dae1f99b2b50fb17118f38d8a8e95dfac3357c. Representative failure: perf database error: GEMM perf data missing for quant 'nvfp4_wo' at <repo>/python/aisimulate/src/aiconfigurator_core/systems/data/h100_sxm/sglang/0.5.9; available: [""bfloat16"", ""fp8"", ""fp8_block"", ""int8_wo""]","python python/aisimulate/tools/support_matrix/generate_fpe_support_matrix.py --model ""nvidia/Qwen3.5-397B-A17B-NVFP4"" --system ""h100_sxm"" --backend ""sglang"" --backend-version ""0.5.9"" --forward-model op_level --max-workers 8",,220,55,PERF_DATA_MISSING=220,,26dae1f99b2b50fb17118f38d8a8e95dfac3357c
nvidia/Qwen3.5-397B-A17B-NVFP4,Qwen3_5MoeForConditionalGeneration,h100_sxm,trtllm,1.2.0rc5,FAIL,"Strict-native op-level FPE probes: PERF_DATA_MISSING=116; raw probes=116; topologies=29; source_sha=26dae1f99b2b50fb17118f38d8a8e95dfac3357c. Representative failure: perf database error: GEMM perf data missing for quant 'nvfp4_wo' at <repo>/python/aisimulate/src/aiconfigurator_core/systems/data/h100_sxm/trtllm/1.2.0rc5; available: [""bfloat16"", ""fp8"", ""fp8_block""]","python python/aisimulate/tools/support_matrix/generate_fpe_support_matrix.py --model ""nvidia/Qwen3.5-397B-A17B-NVFP4"" --system ""h100_sxm"" --backend ""trtllm"" --backend-version ""1.2.0rc5"" --forward-model op_level --max-workers 8",,116,29,PERF_DATA_MISSING=116,,26dae1f99b2b50fb17118f38d8a8e95dfac3357c
nvidia/Qwen3.5-397B-A17B-NVFP4,Qwen3_5MoeForConditionalGeneration,h100_sxm,trtllm,1.3.0rc10,FAIL,"Strict-native op-level FPE probes: PERF_DATA_MISSING=116; raw probes=116; topologies=29; source_sha=26dae1f99b2b50fb17118f38d8a8e95dfac3357c. Representative failure: perf database error: GEMM perf data missing for quant 'nvfp4_wo' at <repo>/python/aisimulate/src/aiconfigurator_core/systems/data/h100_sxm/trtllm/1.3.0rc10; available: [""bfloat16"", ""fp8"", ""fp8_block""]","python python/aisimulate/tools/support_matrix/generate_fpe_support_matrix.py --model ""nvidia/Qwen3.5-397B-A17B-NVFP4"" --system ""h100_sxm"" --backend ""trtllm"" --backend-version ""1.3.0rc10"" --forward-model op_level --max-workers 8",,116,29,PERF_DATA_MISSING=116,,26dae1f99b2b50fb17118f38d8a8e95dfac3357c
nvidia/Qwen3.5-397B-A17B-NVFP4,Qwen3_5MoeForConditionalGeneration,h100_sxm,trtllm,1.3.0rc15,FAIL,"Strict-native op-level FPE probes: PERF_DATA_MISSING=116; raw probes=116; topologies=29; source_sha=26dae1f99b2b50fb17118f38d8a8e95dfac3357c. Representative failure: perf database error: GEMM perf data missing for quant 'nvfp4_wo' at <repo>/python/aisimulate/src/aiconfigurator_core/systems/data/h100_sxm/trtllm/1.3.0rc15; available: [""bfloat16"", ""fp8"", ""fp8_block""]","python python/aisimulate/tools/support_matrix/generate_fpe_support_matrix.py --model ""nvidia/Qwen3.5-397B-A17B-NVFP4"" --system ""h100_sxm"" --backend ""trtllm"" --backend-version ""1.3.0rc15"" --forward-model op_level --max-workers 8",,116,29,PERF_DATA_MISSING=116,,26dae1f99b2b50fb17118f38d8a8e95dfac3357c
nvidia/Qwen3.5-397B-A17B-NVFP4,Qwen3_5MoeForConditionalGeneration,h100_sxm,trtllm,1.3.0rc20,FAIL,"Strict-native op-level FPE probes: PERF_DATA_MISSING=116; raw probes=116; topologies=29; source_sha=26dae1f99b2b50fb17118f38d8a8e95dfac3357c. Representative failure: perf database error: GEMM perf data missing for quant 'nvfp4_wo' at <repo>/python/aisimulate/src/aiconfigurator_core/systems/data/h100_sxm/trtllm/1.3.0rc20; available: [""bfloat16"", ""fp8"", ""fp8_block""]","python python/aisimulate/tools/support_matrix/generate_fpe_support_matrix.py --model ""nvidia/Qwen3.5-397B-A17B-NVFP4"" --system ""h100_sxm"" --backend ""trtllm"" --backend-version ""1.3.0rc20"" --forward-model op_level --max-workers 8",,116,29,PERF_DATA_MISSING=116,,26dae1f99b2b50fb17118f38d8a8e95dfac3357c
nvidia/Qwen3.5-397B-A17B-NVFP4,Qwen3_5MoeForConditionalGeneration,h100_sxm,trtllm,1.3.0rc23,FAIL,"Strict-native op-level FPE probes: PERF_DATA_MISSING=116; raw probes=116; topologies=29; source_sha=26dae1f99b2b50fb17118f38d8a8e95dfac3357c. Representative failure: perf database error: GEMM perf data missing for quant 'nvfp4_wo' at <repo>/python/aisimulate/src/aiconfigurator_core/systems/data/h100_sxm/trtllm/1.3.0rc23; available: [""bfloat16"", ""fp8"", ""fp8_block""]","python python/aisimulate/tools/support_matrix/generate_fpe_support_matrix.py --model ""nvidia/Qwen3.5-397B-A17B-NVFP4"" --system ""h100_sxm"" --backend ""trtllm"" --backend-version ""1.3.0rc23"" --forward-model op_level --max-workers 8",,116,29,PERF_DATA_MISSING=116,,26dae1f99b2b50fb17118f38d8a8e95dfac3357c
nvidia/Qwen3.5-397B-A17B-NVFP4,Qwen3_5MoeForConditionalGeneration,h100_sxm,vllm,0.1.dev19262,FAIL,Strict-native op-level FPE probes: PERF_DATA_MISSING=116; raw probes=116; topologies=29; source_sha=26dae1f99b2b50fb17118f38d8a8e95dfac3357c. Representative failure: perf database error: perf database error: no GEMM rows loaded from 1 source(s) (first: <repo>/python/aisimulate/src/aiconfigurator_core/systems/data/h100_sxm/vllm/0.1.dev19262/gemm_perf.parquet),"python python/aisimulate/tools/support_matrix/generate_fpe_support_matrix.py --model ""nvidia/Qwen3.5-397B-A17B-NVFP4"" --system ""h100_sxm"" --backend ""vllm"" --backend-version ""0.1.dev19262"" --forward-model op_level --max-workers 8",,116,29,PERF_DATA_MISSING=116,,26dae1f99b2b50fb17118f38d8a8e95dfac3357c
nvidia/Qwen3.5-397B-A17B-NVFP4,Qwen3_5MoeForConditionalGeneration,h100_sxm,vllm,0.14.0,FAIL,"Strict-native op-level FPE probes: PERF_DATA_MISSING=116; raw probes=116; topologies=29; source_sha=26dae1f99b2b50fb17118f38d8a8e95dfac3357c. Representative failure: perf database error: GEMM perf data missing for quant 'nvfp4_wo' at <repo>/python/aisimulate/src/aiconfigurator_core/systems/data/h100_sxm/vllm/0.14.0; available: [""bfloat16"", ""fp8"", ""fp8_block""]","python python/aisimulate/tools/support_matrix/generate_fpe_support_matrix.py --model ""nvidia/Qwen3.5-397B-A17B-NVFP4"" --system ""h100_sxm"" --backend ""vllm"" --backend-version ""0.14.0"" --forward-model op_level --max-workers 8",,116,29,PERF_DATA_MISSING=116,,26dae1f99b2b50fb17118f38d8a8e95dfac3357c
nvidia/Qwen3.5-397B-A17B-NVFP4,Qwen3_5MoeForConditionalGeneration,h100_sxm,vllm,0.19.0,FAIL,"Strict-native op-level FPE probes: PERF_DATA_MISSING=116; raw probes=116; topologies=29; source_sha=26dae1f99b2b50fb17118f38d8a8e95dfac3357c. Representative failure: perf database error: GEMM perf data missing for quant 'nvfp4_wo' at <repo>/python/aisimulate/src/aiconfigurator_core/systems/data/h100_sxm/vllm/0.19.0; available: [""bfloat16"", ""fp8"", ""fp8_block""]","python python/aisimulate/tools/support_matrix/generate_fpe_support_matrix.py --model ""nvidia/Qwen3.5-397B-A17B-NVFP4"" --system ""h100_sxm"" --backend ""vllm"" --backend-version ""0.19.0"" --forward-model op_level --max-workers 8",,116,29,PERF_DATA_MISSING=116,,26dae1f99b2b50fb17118f38d8a8e95dfac3357c
nvidia/Qwen3.5-397B-A17B-NVFP4,Qwen3_5MoeForConditionalGeneration,h100_sxm,vllm,0.22.0,FAIL,"Strict-native op-level FPE probes: PERF_DATA_MISSING=116; raw probes=116; topologies=29; source_sha=26dae1f99b2b50fb17118f38d8a8e95dfac3357c. Representative failure: perf database error: GEMM perf data missing for quant 'nvfp4_wo' at <repo>/python/aisimulate/src/aiconfigurator_core/systems/data/h100_sxm/vllm/0.22.0; available: [""bfloat16"", ""fp8"", ""fp8_block""]","python python/aisimulate/tools/support_matrix/generate_fpe_support_matrix.py --model ""nvidia/Qwen3.5-397B-A17B-NVFP4"" --system ""h100_sxm"" --backend ""vllm"" --backend-version ""0.22.0"" --forward-model op_level --max-workers 8",,116,29,PERF_DATA_MISSING=116,,26dae1f99b2b50fb17118f38d8a8e95dfac3357c
nvidia/Qwen3.5-397B-A17B-NVFP4,Qwen3_5MoeForConditionalGeneration,h100_sxm,vllm,0.24.0,FAIL,"Strict-native op-level FPE probes: PERF_DATA_MISSING=116; raw probes=116; topologies=29; source_sha=26dae1f99b2b50fb17118f38d8a8e95dfac3357c. Representative failure: perf database error: GEMM perf data missing for quant 'nvfp4_wo' at <repo>/python/aisimulate/src/aiconfigurator_core/systems/data/h100_sxm/vllm/0.24.0; available: [""bfloat16"", ""fp8"", ""fp8_block""]","python python/aisimulate/tools/support_matrix/generate_fpe_support_matrix.py --model ""nvidia/Qwen3.5-397B-A17B-NVFP4"" --system ""h100_sxm"" --backend ""vllm"" --backend-version ""0.24.0"" --forward-model op_level --max-workers 8",,116,29,PERF_DATA_MISSING=116,,26dae1f99b2b50fb17118f38d8a8e95dfac3357c
nvidia/Qwen3.6-27B-NVFP4,Qwen3_5ForConditionalGeneration,h100_sxm,sglang,0.5.10,FAIL,Strict-native op-level FPE probes: PERF_DATA_MISSING=16; raw probes=16; topologies=4; source_sha=26dae1f99b2b50fb17118f38d8a8e95dfac3357c. Representative failure: perf database error: perf database error: no rows loaded from 1 source(s) (first: <repo>/python/aisimulate/src/aiconfigurator_core/systems/data/h100_sxm/sglang/0.5.10/computescale_perf.parquet),"python python/aisimulate/tools/support_matrix/generate_fpe_support_matrix.py --model ""nvidia/Qwen3.6-27B-NVFP4"" --system ""h100_sxm"" --backend ""sglang"" --backend-version ""0.5.10"" --forward-model op_level --max-workers 8",,16,4,PERF_DATA_MISSING=16,,26dae1f99b2b50fb17118f38d8a8e95dfac3357c
nvidia/Qwen3.6-27B-NVFP4,Qwen3_5ForConditionalGeneration,h100_sxm,sglang,0.5.12,PASS,,"python python/aisimulate/tools/support_matrix/generate_fpe_support_matrix.py --model ""nvidia/Qwen3.6-27B-NVFP4"" --system ""h100_sxm"" --backend ""sglang"" --backend-version ""0.5.12"" --forward-model op_level --max-workers 8",silicon,16,4,PASS=16,"decode_end=3122.669086, decode_start=12.219223, mixed=22.227500, prefill=15.837148",26dae1f99b2b50fb17118f38d8a8e95dfac3357c
nvidia/Qwen3.6-27B-NVFP4,Qwen3_5ForConditionalGeneration,h100_sxm,sglang,0.5.14,PASS,,"python python/aisimulate/tools/support_matrix/generate_fpe_support_matrix.py --model ""nvidia/Qwen3.6-27B-NVFP4"" --system ""h100_sxm"" --backend ""sglang"" --backend-version ""0.5.14"" --forward-model op_level --max-workers 8",silicon,16,4,PASS=16,"decode_end=3122.669086, decode_start=12.219223, mixed=22.227500, prefill=15.837148",26dae1f99b2b50fb17118f38d8a8e95dfac3357c
nvidia/Qwen3.6-27B-NVFP4,Qwen3_5ForConditionalGeneration,h100_sxm,sglang,0.5.16,PASS,,"python python/aisimulate/tools/support_matrix/generate_fpe_support_matrix.py --model ""nvidia/Qwen3.6-27B-NVFP4"" --system ""h100_sxm"" --backend ""sglang"" --backend-version ""0.5.16"" --forward-model op_level --max-workers 8",silicon,16,4,PASS=16,"decode_end=3122.669086, decode_start=12.219223, mixed=22.227500, prefill=15.837148",26dae1f99b2b50fb17118f38d8a8e95dfac3357c
nvidia/Qwen3.6-27B-NVFP4,Qwen3_5ForConditionalGeneration,h100_sxm,sglang,0.5.6.post2,FAIL,Strict-native op-level FPE probes: PERF_DATA_MISSING=16; raw probes=16; topologies=4; source_sha=26dae1f99b2b50fb17118f38d8a8e95dfac3357c. Representative failure: perf database error: perf database error: no rows loaded from 1 source(s) (first: <repo>/python/aisimulate/src/aiconfigurator_core/systems/data/h100_sxm/sglang/0.5.6.post2/computescale_perf.parquet),"python python/aisimulate/tools/support_matrix/generate_fpe_support_matrix.py --model ""nvidia/Qwen3.6-27B-NVFP4"" --system ""h100_sxm"" --backend ""sglang"" --backend-version ""0.5.6.post2"" --forward-model op_level --max-workers 8",,16,4,PERF_DATA_MISSING=16,,26dae1f99b2b50fb17118f38d8a8e95dfac3357c
nvidia/Qwen3.6-27B-NVFP4,Qwen3_5ForConditionalGeneration,h100_sxm,sglang,0.5.9,FAIL,Strict-native op-level FPE probes: PERF_DATA_MISSING=16; raw probes=16; topologies=4; source_sha=26dae1f99b2b50fb17118f38d8a8e95dfac3357c. Representative failure: perf database error: perf database error: no rows loaded from 1 source(s) (first: <repo>/python/aisimulate/src/aiconfigurator_core/systems/data/h100_sxm/sglang/0.5.9/computescale_perf.parquet),"python python/aisimulate/tools/support_matrix/generate_fpe_support_matrix.py --model ""nvidia/Qwen3.6-27B-NVFP4"" --system ""h100_sxm"" --backend ""sglang"" --backend-version ""0.5.9"" --forward-model op_level --max-workers 8",,16,4,PERF_DATA_MISSING=16,,26dae1f99b2b50fb17118f38d8a8e95dfac3357c
nvidia/Qwen3.6-27B-NVFP4,Qwen3_5ForConditionalGeneration,h100_sxm,trtllm,1.2.0rc5,FAIL,"Strict-native op-level FPE probes: PERF_DATA_MISSING=16; raw probes=16; topologies=4; source_sha=26dae1f99b2b50fb17118f38d8a8e95dfac3357c. Representative failure: perf database error: context attention data missing for ContextKey { fmha_quant: ""fp8"", kv_quant: ""fp8"", n_kv_lookup: 1, head_size: 256, window_size: 0 } at <repo>/python/aisimulate/src/aiconfigurator_core/systems/data/h100_sxm/trtllm/1.2.0rc5","python python/aisimulate/tools/support_matrix/generate_fpe_support_matrix.py --model ""nvidia/Qwen3.6-27B-NVFP4"" --system ""h100_sxm"" --backend ""trtllm"" --backend-version ""1.2.0rc5"" --forward-model op_level --max-workers 8",,16,4,PERF_DATA_MISSING=16,,26dae1f99b2b50fb17118f38d8a8e95dfac3357c
nvidia/Qwen3.6-27B-NVFP4,Qwen3_5ForConditionalGeneration,h100_sxm,trtllm,1.3.0rc10,FAIL,"Strict-native op-level FPE probes: PERF_DATA_MISSING=16; raw probes=16; topologies=4; source_sha=26dae1f99b2b50fb17118f38d8a8e95dfac3357c. Representative failure: perf database error: context attention data missing for ContextKey { fmha_quant: ""fp8"", kv_quant: ""fp8"", n_kv_lookup: 1, head_size: 256, window_size: 0 } at <repo>/python/aisimulate/src/aiconfigurator_core/systems/data/h100_sxm/trtllm/1.3.0rc10","python python/aisimulate/tools/support_matrix/generate_fpe_support_matrix.py --model ""nvidia/Qwen3.6-27B-NVFP4"" --system ""h100_sxm"" --backend ""trtllm"" --backend-version ""1.3.0rc10"" --forward-model op_level --max-workers 8",,16,4,PERF_DATA_MISSING=16,,26dae1f99b2b50fb17118f38d8a8e95dfac3357c
nvidia/Qwen3.6-27B-NVFP4,Qwen3_5ForConditionalGeneration,h100_sxm,trtllm,1.3.0rc15,FAIL,"Strict-native op-level FPE probes: PERF_DATA_MISSING=16; raw probes=16; topologies=4; source_sha=26dae1f99b2b50fb17118f38d8a8e95dfac3357c. Representative failure: perf database error: context attention data missing for ContextKey { fmha_quant: ""fp8"", kv_quant: ""fp8"", n_kv_lookup: 1, head_size: 256, window_size: 0 } at <repo>/python/aisimulate/src/aiconfigurator_core/systems/data/h100_sxm/trtllm/1.3.0rc15","python python/aisimulate/tools/support_matrix/generate_fpe_support_matrix.py --model ""nvidia/Qwen3.6-27B-NVFP4"" --system ""h100_sxm"" --backend ""trtllm"" --backend-version ""1.3.0rc15"" --forward-model op_level --max-workers 8",,16,4,PERF_DATA_MISSING=16,,26dae1f99b2b50fb17118f38d8a8e95dfac3357c
nvidia/Qwen3.6-27B-NVFP4,Qwen3_5ForConditionalGeneration,h100_sxm,trtllm,1.3.0rc20,PASS,,"python python/aisimulate/tools/support_matrix/generate_fpe_support_matrix.py --model ""nvidia/Qwen3.6-27B-NVFP4"" --system ""h100_sxm"" --backend ""trtllm"" --backend-version ""1.3.0rc20"" --forward-model op_level --max-workers 8",silicon,16,4,PASS=16,"decode_end=3235.048596, decode_start=12.683648, mixed=16.466599, prefill=15.729284",26dae1f99b2b50fb17118f38d8a8e95dfac3357c
nvidia/Qwen3.6-27B-NVFP4,Qwen3_5ForConditionalGeneration,h100_sxm,trtllm,1.3.0rc23,PASS,,"python python/aisimulate/tools/support_matrix/generate_fpe_support_matrix.py --model ""nvidia/Qwen3.6-27B-NVFP4"" --system ""h100_sxm"" --backend ""trtllm"" --backend-version ""1.3.0rc23"" --forward-model op_level --max-workers 8",silicon,16,4,PASS=16,"decode_end=3235.048596, decode_start=12.683648, mixed=16.466599, prefill=15.729284",26dae1f99b2b50fb17118f38d8a8e95dfac3357c
nvidia/Qwen3.6-27B-NVFP4,Qwen3_5ForConditionalGeneration,h100_sxm,vllm,0.1.dev19262,FAIL,Strict-native op-level FPE probes: PERF_DATA_MISSING=16; raw probes=16; topologies=4; source_sha=26dae1f99b2b50fb17118f38d8a8e95dfac3357c. Representative failure: perf database error: perf database error: no GEMM rows loaded from 1 source(s) (first: <repo>/python/aisimulate/src/aiconfigurator_core/systems/data/h100_sxm/vllm/0.1.dev19262/gemm_perf.parquet),"python python/aisimulate/tools/support_matrix/generate_fpe_support_matrix.py --model ""nvidia/Qwen3.6-27B-NVFP4"" --system ""h100_sxm"" --backend ""vllm"" --backend-version ""0.1.dev19262"" --forward-model op_level --max-workers 8",,16,4,PERF_DATA_MISSING=16,,26dae1f99b2b50fb17118f38d8a8e95dfac3357c
nvidia/Qwen3.6-27B-NVFP4,Qwen3_5ForConditionalGeneration,h100_sxm,vllm,0.14.0,FAIL,Strict-native op-level FPE probes: PERF_DATA_MISSING=16; raw probes=16; topologies=4; source_sha=26dae1f99b2b50fb17118f38d8a8e95dfac3357c. Representative failure: perf database error: perf database error: no rows loaded from 1 source(s) (first: <repo>/python/aisimulate/src/aiconfigurator_core/systems/data/h100_sxm/vllm/0.14.0/computescale_perf.parquet),"python python/aisimulate/tools/support_matrix/generate_fpe_support_matrix.py --model ""nvidia/Qwen3.6-27B-NVFP4"" --system ""h100_sxm"" --backend ""vllm"" --backend-version ""0.14.0"" --forward-model op_level --max-workers 8",,16,4,PERF_DATA_MISSING=16,,26dae1f99b2b50fb17118f38d8a8e95dfac3357c
nvidia/Qwen3.6-27B-NVFP4,Qwen3_5ForConditionalGeneration,h100_sxm,vllm,0.19.0,FAIL,Strict-native op-level FPE probes: PERF_DATA_MISSING=16; raw probes=16; topologies=4; source_sha=26dae1f99b2b50fb17118f38d8a8e95dfac3357c. Representative failure: perf database error: perf database error: no rows loaded from 1 source(s) (first: <repo>/python/aisimulate/src/aiconfigurator_core/systems/data/h100_sxm/vllm/0.19.0/computescale_perf.parquet),"python python/aisimulate/tools/support_matrix/generate_fpe_support_matrix.py --model ""nvidia/Qwen3.6-27B-NVFP4"" --system ""h100_sxm"" --backend ""vllm"" --backend-version ""0.19.0"" --forward-model op_level --max-workers 8",,16,4,PERF_DATA_MISSING=16,,26dae1f99b2b50fb17118f38d8a8e95dfac3357c
nvidia/Qwen3.6-27B-NVFP4,Qwen3_5ForConditionalGeneration,h100_sxm,vllm,0.22.0,PASS,,"python python/aisimulate/tools/support_matrix/generate_fpe_support_matrix.py --model ""nvidia/Qwen3.6-27B-NVFP4"" --system ""h100_sxm"" --backend ""vllm"" --backend-version ""0.22.0"" --forward-model op_level --max-workers 8",silicon,16,4,PASS=16,"decode_end=3216.684766, decode_start=12.579016, mixed=23.610999, prefill=16.663182",26dae1f99b2b50fb17118f38d8a8e95dfac3357c
nvidia/Qwen3.6-27B-NVFP4,Qwen3_5ForConditionalGeneration,h100_sxm,vllm,0.24.0,PASS,,"python python/aisimulate/tools/support_matrix/generate_fpe_support_matrix.py --model ""nvidia/Qwen3.6-27B-NVFP4"" --system ""h100_sxm"" --backend ""vllm"" --backend-version ""0.24.0"" --forward-model op_level --max-workers 8",silicon,16,4,PASS=16,"decode_end=3216.684766, decode_start=12.579016, mixed=21.934256, prefill=14.997635",26dae1f99b2b50fb17118f38d8a8e95dfac3357c
nvidia/Qwen3.6-35B-A3B-NVFP4,Qwen3_5MoeForConditionalGeneration,h100_sxm,sglang,0.5.10,FAIL,Strict-native op-level FPE probes: PERF_DATA_MISSING=220; raw probes=220; topologies=55; source_sha=26dae1f99b2b50fb17118f38d8a8e95dfac3357c. Representative failure: perf database error: perf database error: no rows loaded from 1 source(s) (first: <repo>/python/aisimulate/src/aiconfigurator_core/systems/data/h100_sxm/sglang/0.5.10/computescale_perf.parquet),"python python/aisimulate/tools/support_matrix/generate_fpe_support_matrix.py --model ""nvidia/Qwen3.6-35B-A3B-NVFP4"" --system ""h100_sxm"" --backend ""sglang"" --backend-version ""0.5.10"" --forward-model op_level --max-workers 8",,220,55,PERF_DATA_MISSING=220,,26dae1f99b2b50fb17118f38d8a8e95dfac3357c
nvidia/Qwen3.6-35B-A3B-NVFP4,Qwen3_5MoeForConditionalGeneration,h100_sxm,sglang,0.5.12,FAIL,"Strict-native op-level FPE probes: PERF_DATA_MISSING=220; raw probes=220; topologies=55; source_sha=26dae1f99b2b50fb17118f38d8a8e95dfac3357c. Representative failure: perf database error: MoE data missing for MoeKey { quant: ""w4a16_nvfp4"", distribution: ""uniform"", topk: 8, num_experts: 256, hidden_size: 2048, inter_size: 512, moe_tp_size: 1, moe_ep_size: 1 } at <repo>/python/aisimulate/src/aiconfigurator_core/systems/data/h100_sxm/sglang/0.5.12","python python/aisimulate/tools/support_matrix/generate_fpe_support_matrix.py --model ""nvidia/Qwen3.6-35B-A3B-NVFP4"" --system ""h100_sxm"" --backend ""sglang"" --backend-version ""0.5.12"" --forward-model op_level --max-workers 8",,220,55,PERF_DATA_MISSING=220,,26dae1f99b2b50fb17118f38d8a8e95dfac3357c
nvidia/Qwen3.6-35B-A3B-NVFP4,Qwen3_5MoeForConditionalGeneration,h100_sxm,sglang,0.5.14,FAIL,"Strict-native op-level FPE probes: PERF_DATA_MISSING=220; raw probes=220; topologies=55; source_sha=26dae1f99b2b50fb17118f38d8a8e95dfac3357c. Representative failure: perf database error: MoE data missing for MoeKey { quant: ""w4a16_nvfp4"", distribution: ""uniform"", topk: 8, num_experts: 256, hidden_size: 2048, inter_size: 512, moe_tp_size: 1, moe_ep_size: 1 } at <repo>/python/aisimulate/src/aiconfigurator_core/systems/data/h100_sxm/sglang/0.5.14","python python/aisimulate/tools/support_matrix/generate_fpe_support_matrix.py --model ""nvidia/Qwen3.6-35B-A3B-NVFP4"" --system ""h100_sxm"" --backend ""sglang"" --backend-version ""0.5.14"" --forward-model op_level --max-workers 8",,220,55,PERF_DATA_MISSING=220,,26dae1f99b2b50fb17118f38d8a8e95dfac3357c
nvidia/Qwen3.6-35B-A3B-NVFP4,Qwen3_5MoeForConditionalGeneration,h100_sxm,sglang,0.5.16,FAIL,"Strict-native op-level FPE probes: PERF_DATA_MISSING=220; raw probes=220; topologies=55; source_sha=26dae1f99b2b50fb17118f38d8a8e95dfac3357c. Representative failure: perf database error: MoE data missing for MoeKey { quant: ""w4a16_nvfp4"", distribution: ""uniform"", topk: 8, num_experts: 256, hidden_size: 2048, inter_size: 512, moe_tp_size: 1, moe_ep_size: 1 } at <repo>/python/aisimulate/src/aiconfigurator_core/systems/data/h100_sxm/sglang/0.5.16","python python/aisimulate/tools/support_matrix/generate_fpe_support_matrix.py --model ""nvidia/Qwen3.6-35B-A3B-NVFP4"" --system ""h100_sxm"" --backend ""sglang"" --backend-version ""0.5.16"" --forward-model op_level --max-workers 8",,220,55,PERF_DATA_MISSING=220,,26dae1f99b2b50fb17118f38d8a8e95dfac3357c
nvidia/Qwen3.6-35B-A3B-NVFP4,Qwen3_5MoeForConditionalGeneration,h100_sxm,sglang,0.5.6.post2,FAIL,Strict-native op-level FPE probes: PERF_DATA_MISSING=220; raw probes=220; topologies=55; source_sha=26dae1f99b2b50fb17118f38d8a8e95dfac3357c. Representative failure: perf database error: perf database error: no rows loaded from 1 source(s) (first: <repo>/python/aisimulate/src/aiconfigurator_core/systems/data/h100_sxm/sglang/0.5.6.post2/computescale_perf.parquet),"python python/aisimulate/tools/support_matrix/generate_fpe_support_matrix.py --model ""nvidia/Qwen3.6-35B-A3B-NVFP4"" --system ""h100_sxm"" --backend ""sglang"" --backend-version ""0.5.6.post2"" --forward-model op_level --max-workers 8",,220,55,PERF_DATA_MISSING=220,,26dae1f99b2b50fb17118f38d8a8e95dfac3357c
nvidia/Qwen3.6-35B-A3B-NVFP4,Qwen3_5MoeForConditionalGeneration,h100_sxm,sglang,0.5.9,FAIL,Strict-native op-level FPE probes: PERF_DATA_MISSING=220; raw probes=220; topologies=55; source_sha=26dae1f99b2b50fb17118f38d8a8e95dfac3357c. Representative failure: perf database error: perf database error: no rows loaded from 1 source(s) (first: <repo>/python/aisimulate/src/aiconfigurator_core/systems/data/h100_sxm/sglang/0.5.9/computescale_perf.parquet),"python python/aisimulate/tools/support_matrix/generate_fpe_support_matrix.py --model ""nvidia/Qwen3.6-35B-A3B-NVFP4"" --system ""h100_sxm"" --backend ""sglang"" --backend-version ""0.5.9"" --forward-model op_level --max-workers 8",,220,55,PERF_DATA_MISSING=220,,26dae1f99b2b50fb17118f38d8a8e95dfac3357c
nvidia/Qwen3.6-35B-A3B-NVFP4,Qwen3_5MoeForConditionalGeneration,h100_sxm,trtllm,1.2.0rc5,FAIL,"Strict-native op-level FPE probes: PERF_DATA_MISSING=116; raw probes=116; topologies=29; source_sha=26dae1f99b2b50fb17118f38d8a8e95dfac3357c. Representative failure: perf database error: MoE data missing for MoeKey { quant: ""w4a16_nvfp4"", distribution: ""uniform"", topk: 8, num_experts: 256, hidden_size: 2048, inter_size: 512, moe_tp_size: 1, moe_ep_size: 1 } at <repo>/python/aisimulate/src/aiconfigurator_core/systems/data/h100_sxm/trtllm/1.2.0rc5","python python/aisimulate/tools/support_matrix/generate_fpe_support_matrix.py --model ""nvidia/Qwen3.6-35B-A3B-NVFP4"" --system ""h100_sxm"" --backend ""trtllm"" --backend-version ""1.2.0rc5"" --forward-model op_level --max-workers 8",,116,29,PERF_DATA_MISSING=116,,26dae1f99b2b50fb17118f38d8a8e95dfac3357c
nvidia/Qwen3.6-35B-A3B-NVFP4,Qwen3_5MoeForConditionalGeneration,h100_sxm,trtllm,1.3.0rc10,FAIL,"Strict-native op-level FPE probes: PERF_DATA_MISSING=116; raw probes=116; topologies=29; source_sha=26dae1f99b2b50fb17118f38d8a8e95dfac3357c. Representative failure: perf database error: MoE data missing for MoeKey { quant: ""w4a16_nvfp4"", distribution: ""uniform"", topk: 8, num_experts: 256, hidden_size: 2048, inter_size: 512, moe_tp_size: 1, moe_ep_size: 1 } at <repo>/python/aisimulate/src/aiconfigurator_core/systems/data/h100_sxm/trtllm/1.3.0rc10","python python/aisimulate/tools/support_matrix/generate_fpe_support_matrix.py --model ""nvidia/Qwen3.6-35B-A3B-NVFP4"" --system ""h100_sxm"" --backend ""trtllm"" --backend-version ""1.3.0rc10"" --forward-model op_level --max-workers 8",,116,29,PERF_DATA_MISSING=116,,26dae1f99b2b50fb17118f38d8a8e95dfac3357c
nvidia/Qwen3.6-35B-A3B-NVFP4,Qwen3_5MoeForConditionalGeneration,h100_sxm,trtllm,1.3.0rc15,FAIL,"Strict-native op-level FPE probes: PERF_DATA_MISSING=116; raw probes=116; topologies=29; source_sha=26dae1f99b2b50fb17118f38d8a8e95dfac3357c. Representative failure: perf database error: MoE data missing for MoeKey { quant: ""w4a16_nvfp4"", distribution: ""uniform"", topk: 8, num_experts: 256, hidden_size: 2048, inter_size: 512, moe_tp_size: 1, moe_ep_size: 1 } at <repo>/python/aisimulate/src/aiconfigurator_core/systems/data/h100_sxm/trtllm/1.3.0rc15","python python/aisimulate/tools/support_matrix/generate_fpe_support_matrix.py --model ""nvidia/Qwen3.6-35B-A3B-NVFP4"" --system ""h100_sxm"" --backend ""trtllm"" --backend-version ""1.3.0rc15"" --forward-model op_level --max-workers 8",,116,29,PERF_DATA_MISSING=116,,26dae1f99b2b50fb17118f38d8a8e95dfac3357c
nvidia/Qwen3.6-35B-A3B-NVFP4,Qwen3_5MoeForConditionalGeneration,h100_sxm,trtllm,1.3.0rc20,FAIL,"Strict-native op-level FPE probes: PERF_DATA_MISSING=116; raw probes=116; topologies=29; source_sha=26dae1f99b2b50fb17118f38d8a8e95dfac3357c. Representative failure: perf database error: MoE data missing for MoeKey { quant: ""w4a16_nvfp4"", distribution: ""uniform"", topk: 8, num_experts: 256, hidden_size: 2048, inter_size: 512, moe_tp_size: 1, moe_ep_size: 1 } at <repo>/python/aisimulate/src/aiconfigurator_core/systems/data/h100_sxm/trtllm/1.3.0rc20","python python/aisimulate/tools/support_matrix/generate_fpe_support_matrix.py --model ""nvidia/Qwen3.6-35B-A3B-NVFP4"" --system ""h100_sxm"" --backend ""trtllm"" --backend-version ""1.3.0rc20"" --forward-model op_level --max-workers 8",,116,29,PERF_DATA_MISSING=116,,26dae1f99b2b50fb17118f38d8a8e95dfac3357c
nvidia/Qwen3.6-35B-A3B-NVFP4,Qwen3_5MoeForConditionalGeneration,h100_sxm,trtllm,1.3.0rc23,FAIL,"Strict-native op-level FPE probes: PERF_DATA_MISSING=116; raw probes=116; topologies=29; source_sha=26dae1f99b2b50fb17118f38d8a8e95dfac3357c. Representative failure: perf database error: MoE data missing for MoeKey { quant: ""w4a16_nvfp4"", distribution: ""uniform"", topk: 8, num_experts: 256, hidden_size: 2048, inter_size: 512, moe_tp_size: 1, moe_ep_size: 1 } at <repo>/python/aisimulate/src/aiconfigurator_core/systems/data/h100_sxm/trtllm/1.3.0rc23","python python/aisimulate/tools/support_matrix/generate_fpe_support_matrix.py --model ""nvidia/Qwen3.6-35B-A3B-NVFP4"" --system ""h100_sxm"" --backend ""trtllm"" --backend-version ""1.3.0rc23"" --forward-model op_level --max-workers 8",,116,29,PERF_DATA_MISSING=116,,26dae1f99b2b50fb17118f38d8a8e95dfac3357c
nvidia/Qwen3.6-35B-A3B-NVFP4,Qwen3_5MoeForConditionalGeneration,h100_sxm,vllm,0.1.dev19262,FAIL,Strict-native op-level FPE probes: PERF_DATA_MISSING=116; raw probes=116; topologies=29; source_sha=26dae1f99b2b50fb17118f38d8a8e95dfac3357c. Representative failure: perf database error: perf database error: no GEMM rows loaded from 1 source(s) (first: <repo>/python/aisimulate/src/aiconfigurator_core/systems/data/h100_sxm/vllm/0.1.dev19262/gemm_perf.parquet),"python python/aisimulate/tools/support_matrix/generate_fpe_support_matrix.py --model ""nvidia/Qwen3.6-35B-A3B-NVFP4"" --system ""h100_sxm"" --backend ""vllm"" --backend-version ""0.1.dev19262"" --forward-model op_level --max-workers 8",,116,29,PERF_DATA_MISSING=116,,26dae1f99b2b50fb17118f38d8a8e95dfac3357c
nvidia/Qwen3.6-35B-A3B-NVFP4,Qwen3_5MoeForConditionalGeneration,h100_sxm,vllm,0.14.0,FAIL,Strict-native op-level FPE probes: PERF_DATA_MISSING=116; raw probes=116; topologies=29; source_sha=26dae1f99b2b50fb17118f38d8a8e95dfac3357c. Representative failure: perf database error: perf database error: no rows loaded from 1 source(s) (first: <repo>/python/aisimulate/src/aiconfigurator_core/systems/data/h100_sxm/vllm/0.14.0/computescale_perf.parquet),"python python/aisimulate/tools/support_matrix/generate_fpe_support_matrix.py --model ""nvidia/Qwen3.6-35B-A3B-NVFP4"" --system ""h100_sxm"" --backend ""vllm"" --backend-version ""0.14.0"" --forward-model op_level --max-workers 8",,116,29,PERF_DATA_MISSING=116,,26dae1f99b2b50fb17118f38d8a8e95dfac3357c
nvidia/Qwen3.6-35B-A3B-NVFP4,Qwen3_5MoeForConditionalGeneration,h100_sxm,vllm,0.19.0,FAIL,Strict-native op-level FPE probes: PERF_DATA_MISSING=116; raw probes=116; topologies=29; source_sha=26dae1f99b2b50fb17118f38d8a8e95dfac3357c. Representative failure: perf database error: perf database error: no rows loaded from 1 source(s) (first: <repo>/python/aisimulate/src/aiconfigurator_core/systems/data/h100_sxm/vllm/0.19.0/computescale_perf.parquet),"python python/aisimulate/tools/support_matrix/generate_fpe_support_matrix.py --model ""nvidia/Qwen3.6-35B-A3B-NVFP4"" --system ""h100_sxm"" --backend ""vllm"" --backend-version ""0.19.0"" --forward-model op_level --max-workers 8",,116,29,PERF_DATA_MISSING=116,,26dae1f99b2b50fb17118f38d8a8e95dfac3357c
nvidia/Qwen3.6-35B-A3B-NVFP4,Qwen3_5MoeForConditionalGeneration,h100_sxm,vllm,0.22.0,FAIL,"Strict-native op-level FPE probes: PERF_DATA_MISSING=116; raw probes=116; topologies=29; source_sha=26dae1f99b2b50fb17118f38d8a8e95dfac3357c. Representative failure: perf database error: MoE data missing for MoeKey { quant: ""w4a16_nvfp4"", distribution: ""uniform"", topk: 8, num_experts: 256, hidden_size: 2048, inter_size: 512, moe_tp_size: 1, moe_ep_size: 1 } at <repo>/python/aisimulate/src/aiconfigurator_core/systems/data/h100_sxm/vllm/0.22.0","python python/aisimulate/tools/support_matrix/generate_fpe_support_matrix.py --model ""nvidia/Qwen3.6-35B-A3B-NVFP4"" --system ""h100_sxm"" --backend ""vllm"" --backend-version ""0.22.0"" --forward-model op_level --max-workers 8",,116,29,PERF_DATA_MISSING=116,,26dae1f99b2b50fb17118f38d8a8e95dfac3357c
nvidia/Qwen3.6-35B-A3B-NVFP4,Qwen3_5MoeForConditionalGeneration,h100_sxm,vllm,0.24.0,FAIL,"Strict-native op-level FPE probes: PERF_DATA_MISSING=116; raw probes=116; topologies=29; source_sha=26dae1f99b2b50fb17118f38d8a8e95dfac3357c. Representative failure: perf database error: MoE data missing for MoeKey { quant: ""w4a16_nvfp4"", distribution: ""uniform"", topk: 8, num_experts: 256, hidden_size: 2048, inter_size: 512, moe_tp_size: 1, moe_ep_size: 1 } at <repo>/python/aisimulate/src/aiconfigurator_core/systems/data/h100_sxm/vllm/0.24.0","python python/aisimulate/tools/support_matrix/generate_fpe_support_matrix.py --model ""nvidia/Qwen3.6-35B-A3B-NVFP4"" --system ""h100_sxm"" --backend ""vllm"" --backend-version ""0.24.0"" --forward-model op_level --max-workers 8",,116,29,PERF_DATA_MISSING=116,,26dae1f99b2b50fb17118f38d8a8e95dfac3357c
openai/gpt-oss-120b,GptOssForCausalLM,h100_sxm,sglang,0.5.10,FAIL,"Strict-native op-level FPE probes: PERF_DATA_MISSING=220, SDK_UNREPRESENTABLE=320; raw probes=540; topologies=135; source_sha=26dae1f99b2b50fb17118f38d8a8e95dfac3357c. Representative failure: perf database error: MoE data missing for MoeKey { quant: ""w4a16_mxfp4"", distribution: ""uniform"", topk: 4, num_experts: 128, hidden_size: 2880, inter_size: 2880, moe_tp_size: 1, moe_ep_size: 1 } at <repo>/python/aisimulate/src/aiconfigurator_core/systems/data/h100_sxm/sglang/0.5.10","python python/aisimulate/tools/support_matrix/generate_fpe_support_matrix.py --model ""openai/gpt-oss-120b"" --system ""h100_sxm"" --backend ""sglang"" --backend-version ""0.5.10"" --forward-model op_level --max-workers 8",,540,135,"PERF_DATA_MISSING=220, SDK_UNREPRESENTABLE=320",,26dae1f99b2b50fb17118f38d8a8e95dfac3357c
openai/gpt-oss-120b,GptOssForCausalLM,h100_sxm,sglang,0.5.12,PASS,,"python python/aisimulate/tools/support_matrix/generate_fpe_support_matrix.py --model ""openai/gpt-oss-120b"" --system ""h100_sxm"" --backend ""sglang"" --backend-version ""0.5.12"" --forward-model op_level --max-workers 8",silicon,540,135,"PASS=220, SDK_UNREPRESENTABLE=320","decode_end=5492.438807, decode_start=21.528313, mixed=74.351154, prefill=69.372632",26dae1f99b2b50fb17118f38d8a8e95dfac3357c
openai/gpt-oss-120b,GptOssForCausalLM,h100_sxm,sglang,0.5.14,PASS,,"python python/aisimulate/tools/support_matrix/generate_fpe_support_matrix.py --model ""openai/gpt-oss-120b"" --system ""h100_sxm"" --backend ""sglang"" --backend-version ""0.5.14"" --forward-model op_level --max-workers 8",silicon,540,135,"PASS=220, SDK_UNREPRESENTABLE=320","decode_end=5492.438807, decode_start=21.528313, mixed=74.351154, prefill=69.372632",26dae1f99b2b50fb17118f38d8a8e95dfac3357c
openai/gpt-oss-120b,GptOssForCausalLM,h100_sxm,sglang,0.5.16,PASS,,"python python/aisimulate/tools/support_matrix/generate_fpe_support_matrix.py --model ""openai/gpt-oss-120b"" --system ""h100_sxm"" --backend ""sglang"" --backend-version ""0.5.16"" --forward-model op_level --max-workers 8",silicon,540,135,"PASS=220, SDK_UNREPRESENTABLE=320","decode_end=5492.438807, decode_start=21.528313, mixed=74.351154, prefill=69.372632",26dae1f99b2b50fb17118f38d8a8e95dfac3357c
openai/gpt-oss-120b,GptOssForCausalLM,h100_sxm,sglang,0.5.6.post2,FAIL,"Strict-native op-level FPE probes: PERF_DATA_MISSING=220, SDK_UNREPRESENTABLE=320; raw probes=540; topologies=135; source_sha=26dae1f99b2b50fb17118f38d8a8e95dfac3357c. Representative failure: perf database error: MoE data missing for MoeKey { quant: ""w4a16_mxfp4"", distribution: ""uniform"", topk: 4, num_experts: 128, hidden_size: 2880, inter_size: 2880, moe_tp_size: 1, moe_ep_size: 1 } at <repo>/python/aisimulate/src/aiconfigurator_core/systems/data/h100_sxm/sglang/0.5.6.post2","python python/aisimulate/tools/support_matrix/generate_fpe_support_matrix.py --model ""openai/gpt-oss-120b"" --system ""h100_sxm"" --backend ""sglang"" --backend-version ""0.5.6.post2"" --forward-model op_level --max-workers 8",,540,135,"PERF_DATA_MISSING=220, SDK_UNREPRESENTABLE=320",,26dae1f99b2b50fb17118f38d8a8e95dfac3357c
openai/gpt-oss-120b,GptOssForCausalLM,h100_sxm,sglang,0.5.9,FAIL,"Strict-native op-level FPE probes: PERF_DATA_MISSING=220, SDK_UNREPRESENTABLE=320; raw probes=540; topologies=135; source_sha=26dae1f99b2b50fb17118f38d8a8e95dfac3357c. Representative failure: perf database error: MoE data missing for MoeKey { quant: ""w4a16_mxfp4"", distribution: ""uniform"", topk: 4, num_experts: 128, hidden_size: 2880, inter_size: 2880, moe_tp_size: 1, moe_ep_size: 1 } at <repo>/python/aisimulate/src/aiconfigurator_core/systems/data/h100_sxm/sglang/0.5.9","python python/aisimulate/tools/support_matrix/generate_fpe_support_matrix.py --model ""openai/gpt-oss-120b"" --system ""h100_sxm"" --backend ""sglang"" --backend-version ""0.5.9"" --forward-model op_level --max-workers 8",,540,135,"PERF_DATA_MISSING=220, SDK_UNREPRESENTABLE=320",,26dae1f99b2b50fb17118f38d8a8e95dfac3357c
openai/gpt-oss-120b,GptOssForCausalLM,h100_sxm,trtllm,1.2.0rc5,PASS,,"python python/aisimulate/tools/support_matrix/generate_fpe_support_matrix.py --model ""openai/gpt-oss-120b"" --system ""h100_sxm"" --backend ""trtllm"" --backend-version ""1.2.0rc5"" --forward-model op_level --max-workers 8",silicon,116,29,PASS=116,"decode_end=2208.219425, decode_start=8.585442, mixed=22.375631, prefill=21.662264",26dae1f99b2b50fb17118f38d8a8e95dfac3357c
openai/gpt-oss-120b,GptOssForCausalLM,h100_sxm,trtllm,1.3.0rc10,PASS,,"python python/aisimulate/tools/support_matrix/generate_fpe_support_matrix.py --model ""openai/gpt-oss-120b"" --system ""h100_sxm"" --backend ""trtllm"" --backend-version ""1.3.0rc10"" --forward-model op_level --max-workers 8",silicon,116,29,PASS=116,"decode_end=2206.438970, decode_start=8.580761, mixed=22.404355, prefill=21.726232",26dae1f99b2b50fb17118f38d8a8e95dfac3357c
openai/gpt-oss-120b,GptOssForCausalLM,h100_sxm,trtllm,1.3.0rc15,PASS,,"python python/aisimulate/tools/support_matrix/generate_fpe_support_matrix.py --model ""openai/gpt-oss-120b"" --system ""h100_sxm"" --backend ""trtllm"" --backend-version ""1.3.0rc15"" --forward-model op_level --max-workers 8",silicon,116,29,PASS=116,"decode_end=2206.438970, decode_start=8.580761, mixed=22.404355, prefill=21.726232",26dae1f99b2b50fb17118f38d8a8e95dfac3357c
openai/gpt-oss-120b,GptOssForCausalLM,h100_sxm,trtllm,1.3.0rc20,PASS,,"python python/aisimulate/tools/support_matrix/generate_fpe_support_matrix.py --model ""openai/gpt-oss-120b"" --system ""h100_sxm"" --backend ""trtllm"" --backend-version ""1.3.0rc20"" --forward-model op_level --max-workers 8",silicon,116,29,PASS=116,"decode_end=2208.363947, decode_start=8.586264, mixed=22.412426, prefill=21.714626",26dae1f99b2b50fb17118f38d8a8e95dfac3357c
openai/gpt-oss-120b,GptOssForCausalLM,h100_sxm,trtllm,1.3.0rc23,PASS,,"python python/aisimulate/tools/support_matrix/generate_fpe_support_matrix.py --model ""openai/gpt-oss-120b"" --system ""h100_sxm"" --backend ""trtllm"" --backend-version ""1.3.0rc23"" --forward-model op_level --max-workers 8",silicon,116,29,PASS=116,"decode_end=2208.363947, decode_start=8.586264, mixed=22.412426, prefill=21.714626",26dae1f99b2b50fb17118f38d8a8e95dfac3357c
openai/gpt-oss-120b,GptOssForCausalLM,h100_sxm,vllm,0.1.dev19262,FAIL,Strict-native op-level FPE probes: PERF_DATA_MISSING=116; raw probes=116; topologies=29; source_sha=26dae1f99b2b50fb17118f38d8a8e95dfac3357c. Representative failure: perf database error: perf database error: no GEMM rows loaded from 1 source(s) (first: <repo>/python/aisimulate/src/aiconfigurator_core/systems/data/h100_sxm/vllm/0.1.dev19262/gemm_perf.parquet),"python python/aisimulate/tools/support_matrix/generate_fpe_support_matrix.py --model ""openai/gpt-oss-120b"" --system ""h100_sxm"" --backend ""vllm"" --backend-version ""0.1.dev19262"" --forward-model op_level --max-workers 8",,116,29,PERF_DATA_MISSING=116,,26dae1f99b2b50fb17118f38d8a8e95dfac3357c
openai/gpt-oss-120b,GptOssForCausalLM,h100_sxm,vllm,0.14.0,FAIL,"Strict-native op-level FPE probes: PERF_DATA_MISSING=116; raw probes=116; topologies=29; source_sha=26dae1f99b2b50fb17118f38d8a8e95dfac3357c. Representative failure: perf database error: MoE data missing for MoeKey { quant: ""w4a16_mxfp4"", distribution: ""uniform"", topk: 4, num_experts: 128, hidden_size: 2880, inter_size: 2880, moe_tp_size: 1, moe_ep_size: 1 } at <repo>/python/aisimulate/src/aiconfigurator_core/systems/data/h100_sxm/vllm/0.14.0","python python/aisimulate/tools/support_matrix/generate_fpe_support_matrix.py --model ""openai/gpt-oss-120b"" --system ""h100_sxm"" --backend ""vllm"" --backend-version ""0.14.0"" --forward-model op_level --max-workers 8",,116,29,PERF_DATA_MISSING=116,,26dae1f99b2b50fb17118f38d8a8e95dfac3357c
openai/gpt-oss-120b,GptOssForCausalLM,h100_sxm,vllm,0.19.0,FAIL,"Strict-native op-level FPE probes: PERF_DATA_MISSING=116; raw probes=116; topologies=29; source_sha=26dae1f99b2b50fb17118f38d8a8e95dfac3357c. Representative failure: perf database error: MoE data missing for MoeKey { quant: ""w4a16_mxfp4"", distribution: ""uniform"", topk: 4, num_experts: 128, hidden_size: 2880, inter_size: 2880, moe_tp_size: 1, moe_ep_size: 1 } at <repo>/python/aisimulate/src/aiconfigurator_core/systems/data/h100_sxm/vllm/0.19.0","python python/aisimulate/tools/support_matrix/generate_fpe_support_matrix.py --model ""openai/gpt-oss-120b"" --system ""h100_sxm"" --backend ""vllm"" --backend-version ""0.19.0"" --forward-model op_level --max-workers 8",,116,29,PERF_DATA_MISSING=116,,26dae1f99b2b50fb17118f38d8a8e95dfac3357c
openai/gpt-oss-120b,GptOssForCausalLM,h100_sxm,vllm,0.22.0,PASS,,"python python/aisimulate/tools/support_matrix/generate_fpe_support_matrix.py --model ""openai/gpt-oss-120b"" --system ""h100_sxm"" --backend ""vllm"" --backend-version ""0.22.0"" --forward-model op_level --max-workers 8",silicon,116,29,PASS=116,"decode_end=2357.251184, decode_start=9.222772, mixed=24.985423, prefill=24.219765",26dae1f99b2b50fb17118f38d8a8e95dfac3357c
openai/gpt-oss-120b,GptOssForCausalLM,h100_sxm,vllm,0.24.0,PASS,,"python python/aisimulate/tools/support_matrix/generate_fpe_support_matrix.py --model ""openai/gpt-oss-120b"" --system ""h100_sxm"" --backend ""vllm"" --backend-version ""0.24.0"" --forward-model op_level --max-workers 8",silicon,116,29,PASS=116,"decode_end=2357.251184, decode_start=9.222772, mixed=24.985423, prefill=24.219765",26dae1f99b2b50fb17118f38d8a8e95dfac3357c
openai/gpt-oss-20b,GptOssForCausalLM,h100_sxm,sglang,0.5.10,FAIL,"Strict-native op-level FPE probes: PERF_DATA_MISSING=220, SDK_UNREPRESENTABLE=320; raw probes=540; topologies=135; source_sha=26dae1f99b2b50fb17118f38d8a8e95dfac3357c. Representative failure: perf database error: MoE data missing for MoeKey { quant: ""w4a16_mxfp4"", distribution: ""uniform"", topk: 4, num_experts: 32, hidden_size: 2880, inter_size: 2880, moe_tp_size: 1, moe_ep_size: 1 } at <repo>/python/aisimulate/src/aiconfigurator_core/systems/data/h100_sxm/sglang/0.5.10","python python/aisimulate/tools/support_matrix/generate_fpe_support_matrix.py --model ""openai/gpt-oss-20b"" --system ""h100_sxm"" --backend ""sglang"" --backend-version ""0.5.10"" --forward-model op_level --max-workers 8",,540,135,"PERF_DATA_MISSING=220, SDK_UNREPRESENTABLE=320",,26dae1f99b2b50fb17118f38d8a8e95dfac3357c
openai/gpt-oss-20b,GptOssForCausalLM,h100_sxm,sglang,0.5.12,PASS,,"python python/aisimulate/tools/support_matrix/generate_fpe_support_matrix.py --model ""openai/gpt-oss-20b"" --system ""h100_sxm"" --backend ""sglang"" --backend-version ""0.5.12"" --forward-model op_level --max-workers 8",silicon,540,135,"PASS=220, SDK_UNREPRESENTABLE=320","decode_end=2230.203904, decode_start=8.738789, mixed=20.805198, prefill=20.266031",26dae1f99b2b50fb17118f38d8a8e95dfac3357c
openai/gpt-oss-20b,GptOssForCausalLM,h100_sxm,sglang,0.5.14,PASS,,"python python/aisimulate/tools/support_matrix/generate_fpe_support_matrix.py --model ""openai/gpt-oss-20b"" --system ""h100_sxm"" --backend ""sglang"" --backend-version ""0.5.14"" --forward-model op_level --max-workers 8",silicon,540,135,"PASS=220, SDK_UNREPRESENTABLE=320","decode_end=2230.203904, decode_start=8.738789, mixed=20.805198, prefill=20.266031",26dae1f99b2b50fb17118f38d8a8e95dfac3357c
openai/gpt-oss-20b,GptOssForCausalLM,h100_sxm,sglang,0.5.16,PASS,,"python python/aisimulate/tools/support_matrix/generate_fpe_support_matrix.py --model ""openai/gpt-oss-20b"" --system ""h100_sxm"" --backend ""sglang"" --backend-version ""0.5.16"" --forward-model op_level --max-workers 8",silicon,540,135,"PASS=220, SDK_UNREPRESENTABLE=320","decode_end=2230.203904, decode_start=8.738789, mixed=20.805198, prefill=20.266031",26dae1f99b2b50fb17118f38d8a8e95dfac3357c
openai/gpt-oss-20b,GptOssForCausalLM,h100_sxm,sglang,0.5.6.post2,FAIL,"Strict-native op-level FPE probes: PERF_DATA_MISSING=220, SDK_UNREPRESENTABLE=320; raw probes=540; topologies=135; source_sha=26dae1f99b2b50fb17118f38d8a8e95dfac3357c. Representative failure: perf database error: MoE data missing for MoeKey { quant: ""w4a16_mxfp4"", distribution: ""uniform"", topk: 4, num_experts: 32, hidden_size: 2880, inter_size: 2880, moe_tp_size: 1, moe_ep_size: 1 } at <repo>/python/aisimulate/src/aiconfigurator_core/systems/data/h100_sxm/sglang/0.5.6.post2","python python/aisimulate/tools/support_matrix/generate_fpe_support_matrix.py --model ""openai/gpt-oss-20b"" --system ""h100_sxm"" --backend ""sglang"" --backend-version ""0.5.6.post2"" --forward-model op_level --max-workers 8",,540,135,"PERF_DATA_MISSING=220, SDK_UNREPRESENTABLE=320",,26dae1f99b2b50fb17118f38d8a8e95dfac3357c
openai/gpt-oss-20b,GptOssForCausalLM,h100_sxm,sglang,0.5.9,FAIL,"Strict-native op-level FPE probes: PERF_DATA_MISSING=220, SDK_UNREPRESENTABLE=320; raw probes=540; topologies=135; source_sha=26dae1f99b2b50fb17118f38d8a8e95dfac3357c. Representative failure: perf database error: MoE data missing for MoeKey { quant: ""w4a16_mxfp4"", distribution: ""uniform"", topk: 4, num_experts: 32, hidden_size: 2880, inter_size: 2880, moe_tp_size: 1, moe_ep_size: 1 } at <repo>/python/aisimulate/src/aiconfigurator_core/systems/data/h100_sxm/sglang/0.5.9","python python/aisimulate/tools/support_matrix/generate_fpe_support_matrix.py --model ""openai/gpt-oss-20b"" --system ""h100_sxm"" --backend ""sglang"" --backend-version ""0.5.9"" --forward-model op_level --max-workers 8",,540,135,"PERF_DATA_MISSING=220, SDK_UNREPRESENTABLE=320",,26dae1f99b2b50fb17118f38d8a8e95dfac3357c
openai/gpt-oss-20b,GptOssForCausalLM,h100_sxm,trtllm,1.2.0rc5,PASS,,"python python/aisimulate/tools/support_matrix/generate_fpe_support_matrix.py --model ""openai/gpt-oss-20b"" --system ""h100_sxm"" --backend ""trtllm"" --backend-version ""1.2.0rc5"" --forward-model op_level --max-workers 8",silicon,116,29,PASS=116,"decode_end=1152.109152, decode_start=4.468581, mixed=8.287877, prefill=7.914514",26dae1f99b2b50fb17118f38d8a8e95dfac3357c
openai/gpt-oss-20b,GptOssForCausalLM,h100_sxm,trtllm,1.3.0rc10,PASS,,"python python/aisimulate/tools/support_matrix/generate_fpe_support_matrix.py --model ""openai/gpt-oss-20b"" --system ""h100_sxm"" --backend ""trtllm"" --backend-version ""1.3.0rc10"" --forward-model op_level --max-workers 8",silicon,116,29,PASS=116,"decode_end=1339.450084, decode_start=5.204785, mixed=8.905298, prefill=8.101287",26dae1f99b2b50fb17118f38d8a8e95dfac3357c
openai/gpt-oss-20b,GptOssForCausalLM,h100_sxm,trtllm,1.3.0rc15,PASS,,"python python/aisimulate/tools/support_matrix/generate_fpe_support_matrix.py --model ""openai/gpt-oss-20b"" --system ""h100_sxm"" --backend ""trtllm"" --backend-version ""1.3.0rc15"" --forward-model op_level --max-workers 8",silicon,116,29,PASS=116,"decode_end=1339.450084, decode_start=5.204785, mixed=8.905298, prefill=8.101287",26dae1f99b2b50fb17118f38d8a8e95dfac3357c
openai/gpt-oss-20b,GptOssForCausalLM,h100_sxm,trtllm,1.3.0rc20,PASS,,"python python/aisimulate/tools/support_matrix/generate_fpe_support_matrix.py --model ""openai/gpt-oss-20b"" --system ""h100_sxm"" --backend ""trtllm"" --backend-version ""1.3.0rc20"" --forward-model op_level --max-workers 8",silicon,116,29,PASS=116,"decode_end=1322.201478, decode_start=5.135779, mixed=8.994081, prefill=8.214604",26dae1f99b2b50fb17118f38d8a8e95dfac3357c
openai/gpt-oss-20b,GptOssForCausalLM,h100_sxm,trtllm,1.3.0rc23,PASS,,"python python/aisimulate/tools/support_matrix/generate_fpe_support_matrix.py --model ""openai/gpt-oss-20b"" --system ""h100_sxm"" --backend ""trtllm"" --backend-version ""1.3.0rc23"" --forward-model op_level --max-workers 8",silicon,116,29,PASS=116,"decode_end=1322.201478, decode_start=5.135779, mixed=8.994081, prefill=8.214604",26dae1f99b2b50fb17118f38d8a8e95dfac3357c
openai/gpt-oss-20b,GptOssForCausalLM,h100_sxm,vllm,0.1.dev19262,FAIL,Strict-native op-level FPE probes: PERF_DATA_MISSING=116; raw probes=116; topologies=29; source_sha=26dae1f99b2b50fb17118f38d8a8e95dfac3357c. Representative failure: perf database error: perf database error: no GEMM rows loaded from 1 source(s) (first: <repo>/python/aisimulate/src/aiconfigurator_core/systems/data/h100_sxm/vllm/0.1.dev19262/gemm_perf.parquet),"python python/aisimulate/tools/support_matrix/generate_fpe_support_matrix.py --model ""openai/gpt-oss-20b"" --system ""h100_sxm"" --backend ""vllm"" --backend-version ""0.1.dev19262"" --forward-model op_level --max-workers 8",,116,29,PERF_DATA_MISSING=116,,26dae1f99b2b50fb17118f38d8a8e95dfac3357c
openai/gpt-oss-20b,GptOssForCausalLM,h100_sxm,vllm,0.14.0,FAIL,"Strict-native op-level FPE probes: PERF_DATA_MISSING=116; raw probes=116; topologies=29; source_sha=26dae1f99b2b50fb17118f38d8a8e95dfac3357c. Representative failure: perf database error: MoE data missing for MoeKey { quant: ""w4a16_mxfp4"", distribution: ""uniform"", topk: 4, num_experts: 32, hidden_size: 2880, inter_size: 2880, moe_tp_size: 1, moe_ep_size: 1 } at <repo>/python/aisimulate/src/aiconfigurator_core/systems/data/h100_sxm/vllm/0.14.0","python python/aisimulate/tools/support_matrix/generate_fpe_support_matrix.py --model ""openai/gpt-oss-20b"" --system ""h100_sxm"" --backend ""vllm"" --backend-version ""0.14.0"" --forward-model op_level --max-workers 8",,116,29,PERF_DATA_MISSING=116,,26dae1f99b2b50fb17118f38d8a8e95dfac3357c
openai/gpt-oss-20b,GptOssForCausalLM,h100_sxm,vllm,0.19.0,FAIL,"Strict-native op-level FPE probes: PERF_DATA_MISSING=116; raw probes=116; topologies=29; source_sha=26dae1f99b2b50fb17118f38d8a8e95dfac3357c. Representative failure: perf database error: MoE data missing for MoeKey { quant: ""w4a16_mxfp4"", distribution: ""uniform"", topk: 4, num_experts: 32, hidden_size: 2880, inter_size: 2880, moe_tp_size: 1, moe_ep_size: 1 } at <repo>/python/aisimulate/src/aiconfigurator_core/systems/data/h100_sxm/vllm/0.19.0","python python/aisimulate/tools/support_matrix/generate_fpe_support_matrix.py --model ""openai/gpt-oss-20b"" --system ""h100_sxm"" --backend ""vllm"" --backend-version ""0.19.0"" --forward-model op_level --max-workers 8",,116,29,PERF_DATA_MISSING=116,,26dae1f99b2b50fb17118f38d8a8e95dfac3357c
openai/gpt-oss-20b,GptOssForCausalLM,h100_sxm,vllm,0.22.0,PASS,,"python python/aisimulate/tools/support_matrix/generate_fpe_support_matrix.py --model ""openai/gpt-oss-20b"" --system ""h100_sxm"" --backend ""vllm"" --backend-version ""0.22.0"" --forward-model op_level --max-workers 8",silicon,116,29,PASS=116,"decode_end=1166.364655, decode_start=4.559746, mixed=9.106295, prefill=8.725804",26dae1f99b2b50fb17118f38d8a8e95dfac3357c
openai/gpt-oss-20b,GptOssForCausalLM,h100_sxm,vllm,0.24.0,PASS,,"python python/aisimulate/tools/support_matrix/generate_fpe_support_matrix.py --model ""openai/gpt-oss-20b"" --system ""h100_sxm"" --backend ""vllm"" --backend-version ""0.24.0"" --forward-model op_level --max-workers 8",silicon,116,29,PASS=116,"decode_end=1166.364655, decode_start=4.559746, mixed=9.106295, prefill=8.725804",26dae1f99b2b50fb17118f38d8a8e95dfac3357c
sgl-project/DeepSeek-V4-Flash-FP8,DeepseekV4ForCausalLM,h100_sxm,sglang,0.5.10,FAIL,"Strict-native op-level FPE probes: PERF_DATA_MISSING=220, SDK_UNREPRESENTABLE=320; raw probes=540; topologies=135; source_sha=26dae1f99b2b50fb17118f38d8a8e95dfac3357c. Representative failure: perf database error: perf database error: no MHC module rows loaded from 1 source(s) (first: <repo>/python/aisimulate/src/aiconfigurator_core/systems/data/h100_sxm/sglang/0.5.10/mhc_module_perf.parquet)","python python/aisimulate/tools/support_matrix/generate_fpe_support_matrix.py --model ""sgl-project/DeepSeek-V4-Flash-FP8"" --system ""h100_sxm"" --backend ""sglang"" --backend-version ""0.5.10"" --forward-model op_level --max-workers 8",,540,135,"PERF_DATA_MISSING=220, SDK_UNREPRESENTABLE=320",,26dae1f99b2b50fb17118f38d8a8e95dfac3357c
sgl-project/DeepSeek-V4-Flash-FP8,DeepseekV4ForCausalLM,h100_sxm,sglang,0.5.12,PASS,,"python python/aisimulate/tools/support_matrix/generate_fpe_support_matrix.py --model ""sgl-project/DeepSeek-V4-Flash-FP8"" --system ""h100_sxm"" --backend ""sglang"" --backend-version ""0.5.12"" --forward-model op_level --max-workers 8",silicon,540,135,"PASS=220, SDK_UNREPRESENTABLE=320","decode_end=6368.165385, decode_start=24.969581, mixed=86.785099, prefill=80.968215",26dae1f99b2b50fb17118f38d8a8e95dfac3357c
sgl-project/DeepSeek-V4-Flash-FP8,DeepseekV4ForCausalLM,h100_sxm,sglang,0.5.14,PASS,,"python python/aisimulate/tools/support_matrix/generate_fpe_support_matrix.py --model ""sgl-project/DeepSeek-V4-Flash-FP8"" --system ""h100_sxm"" --backend ""sglang"" --backend-version ""0.5.14"" --forward-model op_level --max-workers 8",silicon,540,135,"PASS=220, SDK_UNREPRESENTABLE=320","decode_end=6368.165385, decode_start=24.969581, mixed=86.785099, prefill=80.968215",26dae1f99b2b50fb17118f38d8a8e95dfac3357c
sgl-project/DeepSeek-V4-Flash-FP8,DeepseekV4ForCausalLM,h100_sxm,sglang,0.5.16,PASS,,"python python/aisimulate/tools/support_matrix/generate_fpe_support_matrix.py --model ""sgl-project/DeepSeek-V4-Flash-FP8"" --system ""h100_sxm"" --backend ""sglang"" --backend-version ""0.5.16"" --forward-model op_level --max-workers 8",silicon,540,135,"PASS=220, SDK_UNREPRESENTABLE=320","decode_end=6368.165385, decode_start=24.969581, mixed=86.785099, prefill=80.968215",26dae1f99b2b50fb17118f38d8a8e95dfac3357c
sgl-project/DeepSeek-V4-Flash-FP8,DeepseekV4ForCausalLM,h100_sxm,sglang,0.5.6.post2,FAIL,"Strict-native op-level FPE probes: PERF_DATA_MISSING=220, SDK_UNREPRESENTABLE=320; raw probes=540; topologies=135; source_sha=26dae1f99b2b50fb17118f38d8a8e95dfac3357c. Representative failure: perf database error: perf database error: no MHC module rows loaded from 1 source(s) (first: <repo>/python/aisimulate/src/aiconfigurator_core/systems/data/h100_sxm/sglang/0.5.6.post2/mhc_module_perf.parquet)","python python/aisimulate/tools/support_matrix/generate_fpe_support_matrix.py --model ""sgl-project/DeepSeek-V4-Flash-FP8"" --system ""h100_sxm"" --backend ""sglang"" --backend-version ""0.5.6.post2"" --forward-model op_level --max-workers 8",,540,135,"PERF_DATA_MISSING=220, SDK_UNREPRESENTABLE=320",,26dae1f99b2b50fb17118f38d8a8e95dfac3357c
sgl-project/DeepSeek-V4-Flash-FP8,DeepseekV4ForCausalLM,h100_sxm,sglang,0.5.9,FAIL,"Strict-native op-level FPE probes: PERF_DATA_MISSING=220, SDK_UNREPRESENTABLE=320; raw probes=540; topologies=135; source_sha=26dae1f99b2b50fb17118f38d8a8e95dfac3357c. Representative failure: perf database error: perf database error: no MHC module rows loaded from 1 source(s) (first: <repo>/python/aisimulate/src/aiconfigurator_core/systems/data/h100_sxm/sglang/0.5.9/mhc_module_perf.parquet)","python python/aisimulate/tools/support_matrix/generate_fpe_support_matrix.py --model ""sgl-project/DeepSeek-V4-Flash-FP8"" --system ""h100_sxm"" --backend ""sglang"" --backend-version ""0.5.9"" --forward-model op_level --max-workers 8",,540,135,"PERF_DATA_MISSING=220, SDK_UNREPRESENTABLE=320",,26dae1f99b2b50fb17118f38d8a8e95dfac3357c
sgl-project/DeepSeek-V4-Flash-FP8,DeepseekV4ForCausalLM,h100_sxm,trtllm,1.2.0rc5,FAIL,Strict-native op-level FPE probes: PERF_DATA_MISSING=116; raw probes=116; topologies=29; source_sha=26dae1f99b2b50fb17118f38d8a8e95dfac3357c. Representative failure: perf database error: perf database error: no MHC module rows loaded from 1 source(s) (first: <repo>/python/aisimulate/src/aiconfigurator_core/systems/data/h100_sxm/trtllm/1.2.0rc5/mhc_module_perf.parquet),"python python/aisimulate/tools/support_matrix/generate_fpe_support_matrix.py --model ""sgl-project/DeepSeek-V4-Flash-FP8"" --system ""h100_sxm"" --backend ""trtllm"" --backend-version ""1.2.0rc5"" --forward-model op_level --max-workers 8",,116,29,PERF_DATA_MISSING=116,,26dae1f99b2b50fb17118f38d8a8e95dfac3357c
sgl-project/DeepSeek-V4-Flash-FP8,DeepseekV4ForCausalLM,h100_sxm,trtllm,1.3.0rc10,FAIL,Strict-native op-level FPE probes: PERF_DATA_MISSING=116; raw probes=116; topologies=29; source_sha=26dae1f99b2b50fb17118f38d8a8e95dfac3357c. Representative failure: perf database error: perf database error: no MHC module rows loaded from 1 source(s) (first: <repo>/python/aisimulate/src/aiconfigurator_core/systems/data/h100_sxm/trtllm/1.3.0rc10/mhc_module_perf.parquet),"python python/aisimulate/tools/support_matrix/generate_fpe_support_matrix.py --model ""sgl-project/DeepSeek-V4-Flash-FP8"" --system ""h100_sxm"" --backend ""trtllm"" --backend-version ""1.3.0rc10"" --forward-model op_level --max-workers 8",,116,29,PERF_DATA_MISSING=116,,26dae1f99b2b50fb17118f38d8a8e95dfac3357c
sgl-project/DeepSeek-V4-Flash-FP8,DeepseekV4ForCausalLM,h100_sxm,trtllm,1.3.0rc15,FAIL,Strict-native op-level FPE probes: PERF_DATA_MISSING=116; raw probes=116; topologies=29; source_sha=26dae1f99b2b50fb17118f38d8a8e95dfac3357c. Representative failure: perf database error: perf database error: no MHC module rows loaded from 1 source(s) (first: <repo>/python/aisimulate/src/aiconfigurator_core/systems/data/h100_sxm/trtllm/1.3.0rc15/mhc_module_perf.parquet),"python python/aisimulate/tools/support_matrix/generate_fpe_support_matrix.py --model ""sgl-project/DeepSeek-V4-Flash-FP8"" --system ""h100_sxm"" --backend ""trtllm"" --backend-version ""1.3.0rc15"" --forward-model op_level --max-workers 8",,116,29,PERF_DATA_MISSING=116,,26dae1f99b2b50fb17118f38d8a8e95dfac3357c
sgl-project/DeepSeek-V4-Flash-FP8,DeepseekV4ForCausalLM,h100_sxm,trtllm,1.3.0rc20,FAIL,Strict-native op-level FPE probes: PERF_DATA_MISSING=116; raw probes=116; topologies=29; source_sha=26dae1f99b2b50fb17118f38d8a8e95dfac3357c. Representative failure: perf database error: perf database error: no DSV4 module rows loaded from 1 source(s) (first: <repo>/python/aisimulate/src/aiconfigurator_core/systems/data/h100_sxm/trtllm/1.3.0rc20/dsv4_csa_context_module_perf.parquet),"python python/aisimulate/tools/support_matrix/generate_fpe_support_matrix.py --model ""sgl-project/DeepSeek-V4-Flash-FP8"" --system ""h100_sxm"" --backend ""trtllm"" --backend-version ""1.3.0rc20"" --forward-model op_level --max-workers 8",,116,29,PERF_DATA_MISSING=116,,26dae1f99b2b50fb17118f38d8a8e95dfac3357c
sgl-project/DeepSeek-V4-Flash-FP8,DeepseekV4ForCausalLM,h100_sxm,trtllm,1.3.0rc23,FAIL,Strict-native op-level FPE probes: PERF_DATA_MISSING=116; raw probes=116; topologies=29; source_sha=26dae1f99b2b50fb17118f38d8a8e95dfac3357c. Representative failure: perf database error: perf database error: no DSV4 module rows loaded from 1 source(s) (first: <repo>/python/aisimulate/src/aiconfigurator_core/systems/data/h100_sxm/trtllm/1.3.0rc23/dsv4_csa_context_module_perf.parquet),"python python/aisimulate/tools/support_matrix/generate_fpe_support_matrix.py --model ""sgl-project/DeepSeek-V4-Flash-FP8"" --system ""h100_sxm"" --backend ""trtllm"" --backend-version ""1.3.0rc23"" --forward-model op_level --max-workers 8",,116,29,PERF_DATA_MISSING=116,,26dae1f99b2b50fb17118f38d8a8e95dfac3357c
sgl-project/DeepSeek-V4-Flash-FP8,DeepseekV4ForCausalLM,h100_sxm,vllm,0.1.dev19262,FAIL,Strict-native op-level FPE probes: PERF_DATA_MISSING=116; raw probes=116; topologies=29; source_sha=26dae1f99b2b50fb17118f38d8a8e95dfac3357c. Representative failure: perf database error: perf database error: no MHC module rows loaded from 1 source(s) (first: <repo>/python/aisimulate/src/aiconfigurator_core/systems/data/h100_sxm/vllm/0.1.dev19262/mhc_module_perf.parquet),"python python/aisimulate/tools/support_matrix/generate_fpe_support_matrix.py --model ""sgl-project/DeepSeek-V4-Flash-FP8"" --system ""h100_sxm"" --backend ""vllm"" --backend-version ""0.1.dev19262"" --forward-model op_level --max-workers 8",,116,29,PERF_DATA_MISSING=116,,26dae1f99b2b50fb17118f38d8a8e95dfac3357c
sgl-project/DeepSeek-V4-Flash-FP8,DeepseekV4ForCausalLM,h100_sxm,vllm,0.14.0,FAIL,Strict-native op-level FPE probes: PERF_DATA_MISSING=116; raw probes=116; topologies=29; source_sha=26dae1f99b2b50fb17118f38d8a8e95dfac3357c. Representative failure: perf database error: perf database error: no MHC module rows loaded from 1 source(s) (first: <repo>/python/aisimulate/src/aiconfigurator_core/systems/data/h100_sxm/vllm/0.14.0/mhc_module_perf.parquet),"python python/aisimulate/tools/support_matrix/generate_fpe_support_matrix.py --model ""sgl-project/DeepSeek-V4-Flash-FP8"" --system ""h100_sxm"" --backend ""vllm"" --backend-version ""0.14.0"" --forward-model op_level --max-workers 8",,116,29,PERF_DATA_MISSING=116,,26dae1f99b2b50fb17118f38d8a8e95dfac3357c
sgl-project/DeepSeek-V4-Flash-FP8,DeepseekV4ForCausalLM,h100_sxm,vllm,0.19.0,FAIL,Strict-native op-level FPE probes: PERF_DATA_MISSING=116; raw probes=116; topologies=29; source_sha=26dae1f99b2b50fb17118f38d8a8e95dfac3357c. Representative failure: perf database error: perf database error: no MHC module rows loaded from 1 source(s) (first: <repo>/python/aisimulate/src/aiconfigurator_core/systems/data/h100_sxm/vllm/0.19.0/mhc_module_perf.parquet),"python python/aisimulate/tools/support_matrix/generate_fpe_support_matrix.py --model ""sgl-project/DeepSeek-V4-Flash-FP8"" --system ""h100_sxm"" --backend ""vllm"" --backend-version ""0.19.0"" --forward-model op_level --max-workers 8",,116,29,PERF_DATA_MISSING=116,,26dae1f99b2b50fb17118f38d8a8e95dfac3357c
sgl-project/DeepSeek-V4-Flash-FP8,DeepseekV4ForCausalLM,h100_sxm,vllm,0.22.0,PASS,,"python python/aisimulate/tools/support_matrix/generate_fpe_support_matrix.py --model ""sgl-project/DeepSeek-V4-Flash-FP8"" --system ""h100_sxm"" --backend ""vllm"" --backend-version ""0.22.0"" --forward-model op_level --max-workers 8",silicon,116,29,PASS=116,"decode_end=6477.113066, decode_start=25.388503, mixed=95.459483, prefill=90.465503",26dae1f99b2b50fb17118f38d8a8e95dfac3357c
sgl-project/DeepSeek-V4-Flash-FP8,DeepseekV4ForCausalLM,h100_sxm,vllm,0.24.0,PASS,,"python python/aisimulate/tools/support_matrix/generate_fpe_support_matrix.py --model ""sgl-project/DeepSeek-V4-Flash-FP8"" --system ""h100_sxm"" --backend ""vllm"" --backend-version ""0.24.0"" --forward-model op_level --max-workers 8",silicon,116,29,PASS=116,"decode_end=6477.113066, decode_start=25.388503, mixed=95.459483, prefill=90.465503",26dae1f99b2b50fb17118f38d8a8e95dfac3357c
sgl-project/DeepSeek-V4-Pro-FP8,DeepseekV4ForCausalLM,h100_sxm,sglang,0.5.10,FAIL,"Strict-native op-level FPE probes: PERF_DATA_MISSING=220, SDK_UNREPRESENTABLE=320; raw probes=540; topologies=135; source_sha=26dae1f99b2b50fb17118f38d8a8e95dfac3357c. Representative failure: perf database error: perf database error: no MHC module rows loaded from 1 source(s) (first: <repo>/python/aisimulate/src/aiconfigurator_core/systems/data/h100_sxm/sglang/0.5.10/mhc_module_perf.parquet)","python python/aisimulate/tools/support_matrix/generate_fpe_support_matrix.py --model ""sgl-project/DeepSeek-V4-Pro-FP8"" --system ""h100_sxm"" --backend ""sglang"" --backend-version ""0.5.10"" --forward-model op_level --max-workers 8",,540,135,"PERF_DATA_MISSING=220, SDK_UNREPRESENTABLE=320",,26dae1f99b2b50fb17118f38d8a8e95dfac3357c
sgl-project/DeepSeek-V4-Pro-FP8,DeepseekV4ForCausalLM,h100_sxm,sglang,0.5.12,PASS,,"python python/aisimulate/tools/support_matrix/generate_fpe_support_matrix.py --model ""sgl-project/DeepSeek-V4-Pro-FP8"" --system ""h100_sxm"" --backend ""sglang"" --backend-version ""0.5.12"" --forward-model op_level --max-workers 8",silicon,540,135,"PASS=200, PERF_DATA_MISSING=20, SDK_UNREPRESENTABLE=320","decode_end=20782.312851, decode_start=81.458695, mixed=395.088368, prefill=378.490119",26dae1f99b2b50fb17118f38d8a8e95dfac3357c
sgl-project/DeepSeek-V4-Pro-FP8,DeepseekV4ForCausalLM,h100_sxm,sglang,0.5.14,PASS,,"python python/aisimulate/tools/support_matrix/generate_fpe_support_matrix.py --model ""sgl-project/DeepSeek-V4-Pro-FP8"" --system ""h100_sxm"" --backend ""sglang"" --backend-version ""0.5.14"" --forward-model op_level --max-workers 8",silicon,540,135,"PASS=200, PERF_DATA_MISSING=20, SDK_UNREPRESENTABLE=320","decode_end=20782.312851, decode_start=81.458695, mixed=395.088368, prefill=378.490119",26dae1f99b2b50fb17118f38d8a8e95dfac3357c
sgl-project/DeepSeek-V4-Pro-FP8,DeepseekV4ForCausalLM,h100_sxm,sglang,0.5.16,PASS,,"python python/aisimulate/tools/support_matrix/generate_fpe_support_matrix.py --model ""sgl-project/DeepSeek-V4-Pro-FP8"" --system ""h100_sxm"" --backend ""sglang"" --backend-version ""0.5.16"" --forward-model op_level --max-workers 8",silicon,540,135,"PASS=200, PERF_DATA_MISSING=20, SDK_UNREPRESENTABLE=320","decode_end=20782.312851, decode_start=81.458695, mixed=395.088368, prefill=378.490119",26dae1f99b2b50fb17118f38d8a8e95dfac3357c
sgl-project/DeepSeek-V4-Pro-FP8,DeepseekV4ForCausalLM,h100_sxm,sglang,0.5.6.post2,FAIL,"Strict-native op-level FPE probes: PERF_DATA_MISSING=220, SDK_UNREPRESENTABLE=320; raw probes=540; topologies=135; source_sha=26dae1f99b2b50fb17118f38d8a8e95dfac3357c. Representative failure: perf database error: perf database error: no MHC module rows loaded from 1 source(s) (first: <repo>/python/aisimulate/src/aiconfigurator_core/systems/data/h100_sxm/sglang/0.5.6.post2/mhc_module_perf.parquet)","python python/aisimulate/tools/support_matrix/generate_fpe_support_matrix.py --model ""sgl-project/DeepSeek-V4-Pro-FP8"" --system ""h100_sxm"" --backend ""sglang"" --backend-version ""0.5.6.post2"" --forward-model op_level --max-workers 8",,540,135,"PERF_DATA_MISSING=220, SDK_UNREPRESENTABLE=320",,26dae1f99b2b50fb17118f38d8a8e95dfac3357c
sgl-project/DeepSeek-V4-Pro-FP8,DeepseekV4ForCausalLM,h100_sxm,sglang,0.5.9,FAIL,"Strict-native op-level FPE probes: PERF_DATA_MISSING=220, SDK_UNREPRESENTABLE=320; raw probes=540; topologies=135; source_sha=26dae1f99b2b50fb17118f38d8a8e95dfac3357c. Representative failure: perf database error: perf database error: no MHC module rows loaded from 1 source(s) (first: <repo>/python/aisimulate/src/aiconfigurator_core/systems/data/h100_sxm/sglang/0.5.9/mhc_module_perf.parquet)","python python/aisimulate/tools/support_matrix/generate_fpe_support_matrix.py --model ""sgl-project/DeepSeek-V4-Pro-FP8"" --system ""h100_sxm"" --backend ""sglang"" --backend-version ""0.5.9"" --forward-model op_level --max-workers 8",,540,135,"PERF_DATA_MISSING=220, SDK_UNREPRESENTABLE=320",,26dae1f99b2b50fb17118f38d8a8e95dfac3357c
sgl-project/DeepSeek-V4-Pro-FP8,DeepseekV4ForCausalLM,h100_sxm,trtllm,1.2.0rc5,FAIL,Strict-native op-level FPE probes: PERF_DATA_MISSING=116; raw probes=116; topologies=29; source_sha=26dae1f99b2b50fb17118f38d8a8e95dfac3357c. Representative failure: perf database error: perf database error: no MHC module rows loaded from 1 source(s) (first: <repo>/python/aisimulate/src/aiconfigurator_core/systems/data/h100_sxm/trtllm/1.2.0rc5/mhc_module_perf.parquet),"python python/aisimulate/tools/support_matrix/generate_fpe_support_matrix.py --model ""sgl-project/DeepSeek-V4-Pro-FP8"" --system ""h100_sxm"" --backend ""trtllm"" --backend-version ""1.2.0rc5"" --forward-model op_level --max-workers 8",,116,29,PERF_DATA_MISSING=116,,26dae1f99b2b50fb17118f38d8a8e95dfac3357c
sgl-project/DeepSeek-V4-Pro-FP8,DeepseekV4ForCausalLM,h100_sxm,trtllm,1.3.0rc10,FAIL,Strict-native op-level FPE probes: PERF_DATA_MISSING=116; raw probes=116; topologies=29; source_sha=26dae1f99b2b50fb17118f38d8a8e95dfac3357c. Representative failure: perf database error: perf database error: no MHC module rows loaded from 1 source(s) (first: <repo>/python/aisimulate/src/aiconfigurator_core/systems/data/h100_sxm/trtllm/1.3.0rc10/mhc_module_perf.parquet),"python python/aisimulate/tools/support_matrix/generate_fpe_support_matrix.py --model ""sgl-project/DeepSeek-V4-Pro-FP8"" --system ""h100_sxm"" --backend ""trtllm"" --backend-version ""1.3.0rc10"" --forward-model op_level --max-workers 8",,116,29,PERF_DATA_MISSING=116,,26dae1f99b2b50fb17118f38d8a8e95dfac3357c
sgl-project/DeepSeek-V4-Pro-FP8,DeepseekV4ForCausalLM,h100_sxm,trtllm,1.3.0rc15,FAIL,Strict-native op-level FPE probes: PERF_DATA_MISSING=116; raw probes=116; topologies=29; source_sha=26dae1f99b2b50fb17118f38d8a8e95dfac3357c. Representative failure: perf database error: perf database error: no MHC module rows loaded from 1 source(s) (first: <repo>/python/aisimulate/src/aiconfigurator_core/systems/data/h100_sxm/trtllm/1.3.0rc15/mhc_module_perf.parquet),"python python/aisimulate/tools/support_matrix/generate_fpe_support_matrix.py --model ""sgl-project/DeepSeek-V4-Pro-FP8"" --system ""h100_sxm"" --backend ""trtllm"" --backend-version ""1.3.0rc15"" --forward-model op_level --max-workers 8",,116,29,PERF_DATA_MISSING=116,,26dae1f99b2b50fb17118f38d8a8e95dfac3357c
sgl-project/DeepSeek-V4-Pro-FP8,DeepseekV4ForCausalLM,h100_sxm,trtllm,1.3.0rc20,FAIL,"Strict-native op-level FPE probes: PERF_DATA_MISSING=116; raw probes=116; topologies=29; source_sha=26dae1f99b2b50fb17118f38d8a8e95dfac3357c. Representative failure: perf database error: MoE data missing for MoeKey { quant: ""fp8_block"", distribution: ""power_law_1.01"", topk: 6, num_experts: 384, hidden_size: 7168, inter_size: 3072, moe_tp_size: 16, moe_ep_size: 1 } at <repo>/python/aisimulate/src/aiconfigurator_core/systems/data/h100_sxm/trtllm/1.3.0rc20","python python/aisimulate/tools/support_matrix/generate_fpe_support_matrix.py --model ""sgl-project/DeepSeek-V4-Pro-FP8"" --system ""h100_sxm"" --backend ""trtllm"" --backend-version ""1.3.0rc20"" --forward-model op_level --max-workers 8",,116,29,PERF_DATA_MISSING=116,,26dae1f99b2b50fb17118f38d8a8e95dfac3357c
sgl-project/DeepSeek-V4-Pro-FP8,DeepseekV4ForCausalLM,h100_sxm,trtllm,1.3.0rc23,FAIL,"Strict-native op-level FPE probes: PERF_DATA_MISSING=116; raw probes=116; topologies=29; source_sha=26dae1f99b2b50fb17118f38d8a8e95dfac3357c. Representative failure: perf database error: MoE data missing for MoeKey { quant: ""fp8_block"", distribution: ""power_law_1.01"", topk: 6, num_experts: 384, hidden_size: 7168, inter_size: 3072, moe_tp_size: 16, moe_ep_size: 1 } at <repo>/python/aisimulate/src/aiconfigurator_core/systems/data/h100_sxm/trtllm/1.3.0rc23","python python/aisimulate/tools/support_matrix/generate_fpe_support_matrix.py --model ""sgl-project/DeepSeek-V4-Pro-FP8"" --system ""h100_sxm"" --backend ""trtllm"" --backend-version ""1.3.0rc23"" --forward-model op_level --max-workers 8",,116,29,PERF_DATA_MISSING=116,,26dae1f99b2b50fb17118f38d8a8e95dfac3357c
sgl-project/DeepSeek-V4-Pro-FP8,DeepseekV4ForCausalLM,h100_sxm,vllm,0.1.dev19262,FAIL,Strict-native op-level FPE probes: PERF_DATA_MISSING=116; raw probes=116; topologies=29; source_sha=26dae1f99b2b50fb17118f38d8a8e95dfac3357c. Representative failure: perf database error: perf database error: no MHC module rows loaded from 1 source(s) (first: <repo>/python/aisimulate/src/aiconfigurator_core/systems/data/h100_sxm/vllm/0.1.dev19262/mhc_module_perf.parquet),"python python/aisimulate/tools/support_matrix/generate_fpe_support_matrix.py --model ""sgl-project/DeepSeek-V4-Pro-FP8"" --system ""h100_sxm"" --backend ""vllm"" --backend-version ""0.1.dev19262"" --forward-model op_level --max-workers 8",,116,29,PERF_DATA_MISSING=116,,26dae1f99b2b50fb17118f38d8a8e95dfac3357c
sgl-project/DeepSeek-V4-Pro-FP8,DeepseekV4ForCausalLM,h100_sxm,vllm,0.14.0,FAIL,Strict-native op-level FPE probes: PERF_DATA_MISSING=116; raw probes=116; topologies=29; source_sha=26dae1f99b2b50fb17118f38d8a8e95dfac3357c. Representative failure: perf database error: perf database error: no MHC module rows loaded from 1 source(s) (first: <repo>/python/aisimulate/src/aiconfigurator_core/systems/data/h100_sxm/vllm/0.14.0/mhc_module_perf.parquet),"python python/aisimulate/tools/support_matrix/generate_fpe_support_matrix.py --model ""sgl-project/DeepSeek-V4-Pro-FP8"" --system ""h100_sxm"" --backend ""vllm"" --backend-version ""0.14.0"" --forward-model op_level --max-workers 8",,116,29,PERF_DATA_MISSING=116,,26dae1f99b2b50fb17118f38d8a8e95dfac3357c
sgl-project/DeepSeek-V4-Pro-FP8,DeepseekV4ForCausalLM,h100_sxm,vllm,0.19.0,FAIL,Strict-native op-level FPE probes: PERF_DATA_MISSING=116; raw probes=116; topologies=29; source_sha=26dae1f99b2b50fb17118f38d8a8e95dfac3357c. Representative failure: perf database error: perf database error: no MHC module rows loaded from 1 source(s) (first: <repo>/python/aisimulate/src/aiconfigurator_core/systems/data/h100_sxm/vllm/0.19.0/mhc_module_perf.parquet),"python python/aisimulate/tools/support_matrix/generate_fpe_support_matrix.py --model ""sgl-project/DeepSeek-V4-Pro-FP8"" --system ""h100_sxm"" --backend ""vllm"" --backend-version ""0.19.0"" --forward-model op_level --max-workers 8",,116,29,PERF_DATA_MISSING=116,,26dae1f99b2b50fb17118f38d8a8e95dfac3357c
sgl-project/DeepSeek-V4-Pro-FP8,DeepseekV4ForCausalLM,h100_sxm,vllm,0.22.0,PASS,,"python python/aisimulate/tools/support_matrix/generate_fpe_support_matrix.py --model ""sgl-project/DeepSeek-V4-Pro-FP8"" --system ""h100_sxm"" --backend ""vllm"" --backend-version ""0.22.0"" --forward-model op_level --max-workers 8",silicon,116,29,"PASS=96, PERF_DATA_MISSING=20","decode_end=21063.303382, decode_start=82.563451, mixed=415.355298, prefill=400.657592",26dae1f99b2b50fb17118f38d8a8e95dfac3357c
sgl-project/DeepSeek-V4-Pro-FP8,DeepseekV4ForCausalLM,h100_sxm,vllm,0.24.0,PASS,,"python python/aisimulate/tools/support_matrix/generate_fpe_support_matrix.py --model ""sgl-project/DeepSeek-V4-Pro-FP8"" --system ""h100_sxm"" --backend ""vllm"" --backend-version ""0.24.0"" --forward-model op_level --max-workers 8",silicon,116,29,"PASS=96, PERF_DATA_MISSING=20","decode_end=21063.303382, decode_start=82.563451, mixed=415.355298, prefill=400.657592",26dae1f99b2b50fb17118f38d8a8e95dfac3357c
stepfun-ai/Step-3.7-Flash,Step3p7FlashForCausalLM,h100_sxm,sglang,0.5.10,FAIL,"Strict-native op-level FPE probes: PERF_DATA_MISSING=220, SDK_UNREPRESENTABLE=320; raw probes=540; topologies=135; source_sha=26dae1f99b2b50fb17118f38d8a8e95dfac3357c. Representative failure: perf database error: MoE data missing for MoeKey { quant: ""bfloat16"", distribution: ""power_law_1.01"", topk: 8, num_experts: 288, hidden_size: 4096, inter_size: 1280, moe_tp_size: 1, moe_ep_size: 1 } at <repo>/python/aisimulate/src/aiconfigurator_core/systems/data/h100_sxm/sglang/0.5.10","python python/aisimulate/tools/support_matrix/generate_fpe_support_matrix.py --model ""stepfun-ai/Step-3.7-Flash"" --system ""h100_sxm"" --backend ""sglang"" --backend-version ""0.5.10"" --forward-model op_level --max-workers 8",,540,135,"PERF_DATA_MISSING=220, SDK_UNREPRESENTABLE=320",,26dae1f99b2b50fb17118f38d8a8e95dfac3357c
stepfun-ai/Step-3.7-Flash,Step3p7FlashForCausalLM,h100_sxm,sglang,0.5.12,FAIL,"Strict-native op-level FPE probes: PERF_DATA_MISSING=220, SDK_UNREPRESENTABLE=320; raw probes=540; topologies=135; source_sha=26dae1f99b2b50fb17118f38d8a8e95dfac3357c. Representative failure: perf database error: MoE data missing for MoeKey { quant: ""bfloat16"", distribution: ""power_law_1.01"", topk: 8, num_experts: 288, hidden_size: 4096, inter_size: 1280, moe_tp_size: 1, moe_ep_size: 1 } at <repo>/python/aisimulate/src/aiconfigurator_core/systems/data/h100_sxm/sglang/0.5.12","python python/aisimulate/tools/support_matrix/generate_fpe_support_matrix.py --model ""stepfun-ai/Step-3.7-Flash"" --system ""h100_sxm"" --backend ""sglang"" --backend-version ""0.5.12"" --forward-model op_level --max-workers 8",,540,135,"PERF_DATA_MISSING=220, SDK_UNREPRESENTABLE=320",,26dae1f99b2b50fb17118f38d8a8e95dfac3357c
stepfun-ai/Step-3.7-Flash,Step3p7FlashForCausalLM,h100_sxm,sglang,0.5.14,FAIL,"Strict-native op-level FPE probes: PERF_DATA_MISSING=220, SDK_UNREPRESENTABLE=320; raw probes=540; topologies=135; source_sha=26dae1f99b2b50fb17118f38d8a8e95dfac3357c. Representative failure: perf database error: MoE data missing for MoeKey { quant: ""bfloat16"", distribution: ""power_law_1.01"", topk: 8, num_experts: 288, hidden_size: 4096, inter_size: 1280, moe_tp_size: 1, moe_ep_size: 1 } at <repo>/python/aisimulate/src/aiconfigurator_core/systems/data/h100_sxm/sglang/0.5.14","python python/aisimulate/tools/support_matrix/generate_fpe_support_matrix.py --model ""stepfun-ai/Step-3.7-Flash"" --system ""h100_sxm"" --backend ""sglang"" --backend-version ""0.5.14"" --forward-model op_level --max-workers 8",,540,135,"PERF_DATA_MISSING=220, SDK_UNREPRESENTABLE=320",,26dae1f99b2b50fb17118f38d8a8e95dfac3357c
stepfun-ai/Step-3.7-Flash,Step3p7FlashForCausalLM,h100_sxm,sglang,0.5.16,FAIL,"Strict-native op-level FPE probes: PERF_DATA_MISSING=220, SDK_UNREPRESENTABLE=320; raw probes=540; topologies=135; source_sha=26dae1f99b2b50fb17118f38d8a8e95dfac3357c. Representative failure: perf database error: MoE data missing for MoeKey { quant: ""bfloat16"", distribution: ""power_law_1.01"", topk: 8, num_experts: 288, hidden_size: 4096, inter_size: 1280, moe_tp_size: 1, moe_ep_size: 1 } at <repo>/python/aisimulate/src/aiconfigurator_core/systems/data/h100_sxm/sglang/0.5.16","python python/aisimulate/tools/support_matrix/generate_fpe_support_matrix.py --model ""stepfun-ai/Step-3.7-Flash"" --system ""h100_sxm"" --backend ""sglang"" --backend-version ""0.5.16"" --forward-model op_level --max-workers 8",,540,135,"PERF_DATA_MISSING=220, SDK_UNREPRESENTABLE=320",,26dae1f99b2b50fb17118f38d8a8e95dfac3357c
stepfun-ai/Step-3.7-Flash,Step3p7FlashForCausalLM,h100_sxm,sglang,0.5.6.post2,FAIL,"Strict-native op-level FPE probes: PERF_DATA_MISSING=220, SDK_UNREPRESENTABLE=320; raw probes=540; topologies=135; source_sha=26dae1f99b2b50fb17118f38d8a8e95dfac3357c. Representative failure: perf database error: MoE data missing for MoeKey { quant: ""bfloat16"", distribution: ""power_law_1.01"", topk: 8, num_experts: 288, hidden_size: 4096, inter_size: 1280, moe_tp_size: 1, moe_ep_size: 1 } at <repo>/python/aisimulate/src/aiconfigurator_core/systems/data/h100_sxm/sglang/0.5.6.post2","python python/aisimulate/tools/support_matrix/generate_fpe_support_matrix.py --model ""stepfun-ai/Step-3.7-Flash"" --system ""h100_sxm"" --backend ""sglang"" --backend-version ""0.5.6.post2"" --forward-model op_level --max-workers 8",,540,135,"PERF_DATA_MISSING=220, SDK_UNREPRESENTABLE=320",,26dae1f99b2b50fb17118f38d8a8e95dfac3357c
stepfun-ai/Step-3.7-Flash,Step3p7FlashForCausalLM,h100_sxm,sglang,0.5.9,FAIL,"Strict-native op-level FPE probes: PERF_DATA_MISSING=220, SDK_UNREPRESENTABLE=320; raw probes=540; topologies=135; source_sha=26dae1f99b2b50fb17118f38d8a8e95dfac3357c. Representative failure: perf database error: MoE data missing for MoeKey { quant: ""bfloat16"", distribution: ""power_law_1.01"", topk: 8, num_experts: 288, hidden_size: 4096, inter_size: 1280, moe_tp_size: 1, moe_ep_size: 1 } at <repo>/python/aisimulate/src/aiconfigurator_core/systems/data/h100_sxm/sglang/0.5.9","python python/aisimulate/tools/support_matrix/generate_fpe_support_matrix.py --model ""stepfun-ai/Step-3.7-Flash"" --system ""h100_sxm"" --backend ""sglang"" --backend-version ""0.5.9"" --forward-model op_level --max-workers 8",,540,135,"PERF_DATA_MISSING=220, SDK_UNREPRESENTABLE=320",,26dae1f99b2b50fb17118f38d8a8e95dfac3357c
stepfun-ai/Step-3.7-Flash,Step3p7FlashForCausalLM,h100_sxm,trtllm,1.2.0rc5,FAIL,"Strict-native op-level FPE probes: PERF_DATA_MISSING=116; raw probes=116; topologies=29; source_sha=26dae1f99b2b50fb17118f38d8a8e95dfac3357c. Representative failure: perf database error: MoE data missing for MoeKey { quant: ""bfloat16"", distribution: ""power_law_1.01"", topk: 8, num_experts: 288, hidden_size: 4096, inter_size: 1280, moe_tp_size: 1, moe_ep_size: 1 } at <repo>/python/aisimulate/src/aiconfigurator_core/systems/data/h100_sxm/trtllm/1.2.0rc5","python python/aisimulate/tools/support_matrix/generate_fpe_support_matrix.py --model ""stepfun-ai/Step-3.7-Flash"" --system ""h100_sxm"" --backend ""trtllm"" --backend-version ""1.2.0rc5"" --forward-model op_level --max-workers 8",,116,29,PERF_DATA_MISSING=116,,26dae1f99b2b50fb17118f38d8a8e95dfac3357c
stepfun-ai/Step-3.7-Flash,Step3p7FlashForCausalLM,h100_sxm,trtllm,1.3.0rc10,FAIL,"Strict-native op-level FPE probes: PERF_DATA_MISSING=116; raw probes=116; topologies=29; source_sha=26dae1f99b2b50fb17118f38d8a8e95dfac3357c. Representative failure: perf database error: MoE data missing for MoeKey { quant: ""bfloat16"", distribution: ""power_law_1.01"", topk: 8, num_experts: 288, hidden_size: 4096, inter_size: 1280, moe_tp_size: 1, moe_ep_size: 1 } at <repo>/python/aisimulate/src/aiconfigurator_core/systems/data/h100_sxm/trtllm/1.3.0rc10","python python/aisimulate/tools/support_matrix/generate_fpe_support_matrix.py --model ""stepfun-ai/Step-3.7-Flash"" --system ""h100_sxm"" --backend ""trtllm"" --backend-version ""1.3.0rc10"" --forward-model op_level --max-workers 8",,116,29,PERF_DATA_MISSING=116,,26dae1f99b2b50fb17118f38d8a8e95dfac3357c
stepfun-ai/Step-3.7-Flash,Step3p7FlashForCausalLM,h100_sxm,trtllm,1.3.0rc15,FAIL,"Strict-native op-level FPE probes: PERF_DATA_MISSING=116; raw probes=116; topologies=29; source_sha=26dae1f99b2b50fb17118f38d8a8e95dfac3357c. Representative failure: perf database error: MoE data missing for MoeKey { quant: ""bfloat16"", distribution: ""power_law_1.01"", topk: 8, num_experts: 288, hidden_size: 4096, inter_size: 1280, moe_tp_size: 1, moe_ep_size: 1 } at <repo>/python/aisimulate/src/aiconfigurator_core/systems/data/h100_sxm/trtllm/1.3.0rc15","python python/aisimulate/tools/support_matrix/generate_fpe_support_matrix.py --model ""stepfun-ai/Step-3.7-Flash"" --system ""h100_sxm"" --backend ""trtllm"" --backend-version ""1.3.0rc15"" --forward-model op_level --max-workers 8",,116,29,PERF_DATA_MISSING=116,,26dae1f99b2b50fb17118f38d8a8e95dfac3357c
stepfun-ai/Step-3.7-Flash,Step3p7FlashForCausalLM,h100_sxm,trtllm,1.3.0rc20,FAIL,"Strict-native op-level FPE probes: PERF_DATA_MISSING=116; raw probes=116; topologies=29; source_sha=26dae1f99b2b50fb17118f38d8a8e95dfac3357c. Representative failure: perf database error: MoE data missing for MoeKey { quant: ""bfloat16"", distribution: ""power_law_1.01"", topk: 8, num_experts: 288, hidden_size: 4096, inter_size: 1280, moe_tp_size: 1, moe_ep_size: 1 } at <repo>/python/aisimulate/src/aiconfigurator_core/systems/data/h100_sxm/trtllm/1.3.0rc20","python python/aisimulate/tools/support_matrix/generate_fpe_support_matrix.py --model ""stepfun-ai/Step-3.7-Flash"" --system ""h100_sxm"" --backend ""trtllm"" --backend-version ""1.3.0rc20"" --forward-model op_level --max-workers 8",,116,29,PERF_DATA_MISSING=116,,26dae1f99b2b50fb17118f38d8a8e95dfac3357c
stepfun-ai/Step-3.7-Flash,Step3p7FlashForCausalLM,h100_sxm,trtllm,1.3.0rc23,FAIL,"Strict-native op-level FPE probes: PERF_DATA_MISSING=116; raw probes=116; topologies=29; source_sha=26dae1f99b2b50fb17118f38d8a8e95dfac3357c. Representative failure: perf database error: MoE data missing for MoeKey { quant: ""bfloat16"", distribution: ""power_law_1.01"", topk: 8, num_experts: 288, hidden_size: 4096, inter_size: 1280, moe_tp_size: 1, moe_ep_size: 1 } at <repo>/python/aisimulate/src/aiconfigurator_core/systems/data/h100_sxm/trtllm/1.3.0rc23","python python/aisimulate/tools/support_matrix/generate_fpe_support_matrix.py --model ""stepfun-ai/Step-3.7-Flash"" --system ""h100_sxm"" --backend ""trtllm"" --backend-version ""1.3.0rc23"" --forward-model op_level --max-workers 8",,116,29,PERF_DATA_MISSING=116,,26dae1f99b2b50fb17118f38d8a8e95dfac3357c
stepfun-ai/Step-3.7-Flash,Step3p7FlashForCausalLM,h100_sxm,vllm,0.1.dev19262,FAIL,Strict-native op-level FPE probes: PERF_DATA_MISSING=116; raw probes=116; topologies=29; source_sha=26dae1f99b2b50fb17118f38d8a8e95dfac3357c. Representative failure: perf database error: perf database error: no GEMM rows loaded from 1 source(s) (first: <repo>/python/aisimulate/src/aiconfigurator_core/systems/data/h100_sxm/vllm/0.1.dev19262/gemm_perf.parquet),"python python/aisimulate/tools/support_matrix/generate_fpe_support_matrix.py --model ""stepfun-ai/Step-3.7-Flash"" --system ""h100_sxm"" --backend ""vllm"" --backend-version ""0.1.dev19262"" --forward-model op_level --max-workers 8",,116,29,PERF_DATA_MISSING=116,,26dae1f99b2b50fb17118f38d8a8e95dfac3357c
stepfun-ai/Step-3.7-Flash,Step3p7FlashForCausalLM,h100_sxm,vllm,0.14.0,FAIL,"Strict-native op-level FPE probes: PERF_DATA_MISSING=116; raw probes=116; topologies=29; source_sha=26dae1f99b2b50fb17118f38d8a8e95dfac3357c. Representative failure: perf database error: MoE data missing for MoeKey { quant: ""bfloat16"", distribution: ""power_law_1.01"", topk: 8, num_experts: 288, hidden_size: 4096, inter_size: 1280, moe_tp_size: 1, moe_ep_size: 1 } at <repo>/python/aisimulate/src/aiconfigurator_core/systems/data/h100_sxm/vllm/0.14.0","python python/aisimulate/tools/support_matrix/generate_fpe_support_matrix.py --model ""stepfun-ai/Step-3.7-Flash"" --system ""h100_sxm"" --backend ""vllm"" --backend-version ""0.14.0"" --forward-model op_level --max-workers 8",,116,29,PERF_DATA_MISSING=116,,26dae1f99b2b50fb17118f38d8a8e95dfac3357c
stepfun-ai/Step-3.7-Flash,Step3p7FlashForCausalLM,h100_sxm,vllm,0.19.0,FAIL,"Strict-native op-level FPE probes: PERF_DATA_MISSING=116; raw probes=116; topologies=29; source_sha=26dae1f99b2b50fb17118f38d8a8e95dfac3357c. Representative failure: perf database error: MoE data missing for MoeKey { quant: ""bfloat16"", distribution: ""power_law_1.01"", topk: 8, num_experts: 288, hidden_size: 4096, inter_size: 1280, moe_tp_size: 1, moe_ep_size: 1 } at <repo>/python/aisimulate/src/aiconfigurator_core/systems/data/h100_sxm/vllm/0.19.0","python python/aisimulate/tools/support_matrix/generate_fpe_support_matrix.py --model ""stepfun-ai/Step-3.7-Flash"" --system ""h100_sxm"" --backend ""vllm"" --backend-version ""0.19.0"" --forward-model op_level --max-workers 8",,116,29,PERF_DATA_MISSING=116,,26dae1f99b2b50fb17118f38d8a8e95dfac3357c
stepfun-ai/Step-3.7-Flash,Step3p7FlashForCausalLM,h100_sxm,vllm,0.22.0,FAIL,"Strict-native op-level FPE probes: PERF_DATA_MISSING=116; raw probes=116; topologies=29; source_sha=26dae1f99b2b50fb17118f38d8a8e95dfac3357c. Representative failure: perf database error: MoE data missing for MoeKey { quant: ""bfloat16"", distribution: ""power_law_1.01"", topk: 8, num_experts: 288, hidden_size: 4096, inter_size: 1280, moe_tp_size: 1, moe_ep_size: 1 } at <repo>/python/aisimulate/src/aiconfigurator_core/systems/data/h100_sxm/vllm/0.22.0","python python/aisimulate/tools/support_matrix/generate_fpe_support_matrix.py --model ""stepfun-ai/Step-3.7-Flash"" --system ""h100_sxm"" --backend ""vllm"" --backend-version ""0.22.0"" --forward-model op_level --max-workers 8",,116,29,PERF_DATA_MISSING=116,,26dae1f99b2b50fb17118f38d8a8e95dfac3357c
stepfun-ai/Step-3.7-Flash,Step3p7FlashForCausalLM,h100_sxm,vllm,0.24.0,FAIL,"Strict-native op-level FPE probes: PERF_DATA_MISSING=116; raw probes=116; topologies=29; source_sha=26dae1f99b2b50fb17118f38d8a8e95dfac3357c. Representative failure: perf database error: MoE data missing for MoeKey { quant: ""bfloat16"", distribution: ""power_law_1.01"", topk: 8, num_experts: 288, hidden_size: 4096, inter_size: 1280, moe_tp_size: 1, moe_ep_size: 1 } at <repo>/python/aisimulate/src/aiconfigurator_core/systems/data/h100_sxm/vllm/0.24.0","python python/aisimulate/tools/support_matrix/generate_fpe_support_matrix.py --model ""stepfun-ai/Step-3.7-Flash"" --system ""h100_sxm"" --backend ""vllm"" --backend-version ""0.24.0"" --forward-model op_level --max-workers 8",,116,29,PERF_DATA_MISSING=116,,26dae1f99b2b50fb17118f38d8a8e95dfac3357c
stepfun-ai/Step-3.7-Flash-FP8,Step3p7FlashForCausalLM,h100_sxm,sglang,0.5.10,FAIL,"Strict-native op-level FPE probes: BUILD_FAILED=104, PERF_DATA_MISSING=116, SDK_UNREPRESENTABLE=320; raw probes=540; topologies=135; source_sha=26dae1f99b2b50fb17118f38d8a8e95dfac3357c. Representative failure: Invalid quantized MoE configuration: (moe_intermediate_size=1280 / moe_tp_size=16) % weight_block_size=128 != 0.","python python/aisimulate/tools/support_matrix/generate_fpe_support_matrix.py --model ""stepfun-ai/Step-3.7-Flash-FP8"" --system ""h100_sxm"" --backend ""sglang"" --backend-version ""0.5.10"" --forward-model op_level --max-workers 8",,540,135,"BUILD_FAILED=104, PERF_DATA_MISSING=116, SDK_UNREPRESENTABLE=320",,26dae1f99b2b50fb17118f38d8a8e95dfac3357c
stepfun-ai/Step-3.7-Flash-FP8,Step3p7FlashForCausalLM,h100_sxm,sglang,0.5.12,FAIL,"Strict-native op-level FPE probes: BUILD_FAILED=104, PERF_DATA_MISSING=116, SDK_UNREPRESENTABLE=320; raw probes=540; topologies=135; source_sha=26dae1f99b2b50fb17118f38d8a8e95dfac3357c. Representative failure: Invalid quantized MoE configuration: (moe_intermediate_size=1280 / moe_tp_size=16) % weight_block_size=128 != 0.","python python/aisimulate/tools/support_matrix/generate_fpe_support_matrix.py --model ""stepfun-ai/Step-3.7-Flash-FP8"" --system ""h100_sxm"" --backend ""sglang"" --backend-version ""0.5.12"" --forward-model op_level --max-workers 8",,540,135,"BUILD_FAILED=104, PERF_DATA_MISSING=116, SDK_UNREPRESENTABLE=320",,26dae1f99b2b50fb17118f38d8a8e95dfac3357c
stepfun-ai/Step-3.7-Flash-FP8,Step3p7FlashForCausalLM,h100_sxm,sglang,0.5.14,FAIL,"Strict-native op-level FPE probes: BUILD_FAILED=104, PERF_DATA_MISSING=116, SDK_UNREPRESENTABLE=320; raw probes=540; topologies=135; source_sha=26dae1f99b2b50fb17118f38d8a8e95dfac3357c. Representative failure: Invalid quantized MoE configuration: (moe_intermediate_size=1280 / moe_tp_size=16) % weight_block_size=128 != 0.","python python/aisimulate/tools/support_matrix/generate_fpe_support_matrix.py --model ""stepfun-ai/Step-3.7-Flash-FP8"" --system ""h100_sxm"" --backend ""sglang"" --backend-version ""0.5.14"" --forward-model op_level --max-workers 8",,540,135,"BUILD_FAILED=104, PERF_DATA_MISSING=116, SDK_UNREPRESENTABLE=320",,26dae1f99b2b50fb17118f38d8a8e95dfac3357c
stepfun-ai/Step-3.7-Flash-FP8,Step3p7FlashForCausalLM,h100_sxm,sglang,0.5.16,FAIL,"Strict-native op-level FPE probes: BUILD_FAILED=104, PERF_DATA_MISSING=116, SDK_UNREPRESENTABLE=320; raw probes=540; topologies=135; source_sha=26dae1f99b2b50fb17118f38d8a8e95dfac3357c. Representative failure: Invalid quantized MoE configuration: (moe_intermediate_size=1280 / moe_tp_size=16) % weight_block_size=128 != 0.","python python/aisimulate/tools/support_matrix/generate_fpe_support_matrix.py --model ""stepfun-ai/Step-3.7-Flash-FP8"" --system ""h100_sxm"" --backend ""sglang"" --backend-version ""0.5.16"" --forward-model op_level --max-workers 8",,540,135,"BUILD_FAILED=104, PERF_DATA_MISSING=116, SDK_UNREPRESENTABLE=320",,26dae1f99b2b50fb17118f38d8a8e95dfac3357c
stepfun-ai/Step-3.7-Flash-FP8,Step3p7FlashForCausalLM,h100_sxm,sglang,0.5.6.post2,FAIL,"Strict-native op-level FPE probes: BUILD_FAILED=104, PERF_DATA_MISSING=116, SDK_UNREPRESENTABLE=320; raw probes=540; topologies=135; source_sha=26dae1f99b2b50fb17118f38d8a8e95dfac3357c. Representative failure: Invalid quantized MoE configuration: (moe_intermediate_size=1280 / moe_tp_size=16) % weight_block_size=128 != 0.","python python/aisimulate/tools/support_matrix/generate_fpe_support_matrix.py --model ""stepfun-ai/Step-3.7-Flash-FP8"" --system ""h100_sxm"" --backend ""sglang"" --backend-version ""0.5.6.post2"" --forward-model op_level --max-workers 8",,540,135,"BUILD_FAILED=104, PERF_DATA_MISSING=116, SDK_UNREPRESENTABLE=320",,26dae1f99b2b50fb17118f38d8a8e95dfac3357c
stepfun-ai/Step-3.7-Flash-FP8,Step3p7FlashForCausalLM,h100_sxm,sglang,0.5.9,FAIL,"Strict-native op-level FPE probes: BUILD_FAILED=104, PERF_DATA_MISSING=116, SDK_UNREPRESENTABLE=320; raw probes=540; topologies=135; source_sha=26dae1f99b2b50fb17118f38d8a8e95dfac3357c. Representative failure: Invalid quantized MoE configuration: (moe_intermediate_size=1280 / moe_tp_size=16) % weight_block_size=128 != 0.","python python/aisimulate/tools/support_matrix/generate_fpe_support_matrix.py --model ""stepfun-ai/Step-3.7-Flash-FP8"" --system ""h100_sxm"" --backend ""sglang"" --backend-version ""0.5.9"" --forward-model op_level --max-workers 8",,540,135,"BUILD_FAILED=104, PERF_DATA_MISSING=116, SDK_UNREPRESENTABLE=320",,26dae1f99b2b50fb17118f38d8a8e95dfac3357c
stepfun-ai/Step-3.7-Flash-FP8,Step3p7FlashForCausalLM,h100_sxm,trtllm,1.2.0rc5,FAIL,"Strict-native op-level FPE probes: BUILD_FAILED=48, PERF_DATA_MISSING=68; raw probes=116; topologies=29; source_sha=26dae1f99b2b50fb17118f38d8a8e95dfac3357c. Representative failure: Invalid quantized MoE configuration: (moe_intermediate_size=1280 / moe_tp_size=16) % weight_block_size=128 != 0.","python python/aisimulate/tools/support_matrix/generate_fpe_support_matrix.py --model ""stepfun-ai/Step-3.7-Flash-FP8"" --system ""h100_sxm"" --backend ""trtllm"" --backend-version ""1.2.0rc5"" --forward-model op_level --max-workers 8",,116,29,"BUILD_FAILED=48, PERF_DATA_MISSING=68",,26dae1f99b2b50fb17118f38d8a8e95dfac3357c
stepfun-ai/Step-3.7-Flash-FP8,Step3p7FlashForCausalLM,h100_sxm,trtllm,1.3.0rc10,FAIL,"Strict-native op-level FPE probes: BUILD_FAILED=48, PERF_DATA_MISSING=68; raw probes=116; topologies=29; source_sha=26dae1f99b2b50fb17118f38d8a8e95dfac3357c. Representative failure: Invalid quantized MoE configuration: (moe_intermediate_size=1280 / moe_tp_size=16) % weight_block_size=128 != 0.","python python/aisimulate/tools/support_matrix/generate_fpe_support_matrix.py --model ""stepfun-ai/Step-3.7-Flash-FP8"" --system ""h100_sxm"" --backend ""trtllm"" --backend-version ""1.3.0rc10"" --forward-model op_level --max-workers 8",,116,29,"BUILD_FAILED=48, PERF_DATA_MISSING=68",,26dae1f99b2b50fb17118f38d8a8e95dfac3357c
stepfun-ai/Step-3.7-Flash-FP8,Step3p7FlashForCausalLM,h100_sxm,trtllm,1.3.0rc15,FAIL,"Strict-native op-level FPE probes: BUILD_FAILED=48, PERF_DATA_MISSING=68; raw probes=116; topologies=29; source_sha=26dae1f99b2b50fb17118f38d8a8e95dfac3357c. Representative failure: Invalid quantized MoE configuration: (moe_intermediate_size=1280 / moe_tp_size=16) % weight_block_size=128 != 0.","python python/aisimulate/tools/support_matrix/generate_fpe_support_matrix.py --model ""stepfun-ai/Step-3.7-Flash-FP8"" --system ""h100_sxm"" --backend ""trtllm"" --backend-version ""1.3.0rc15"" --forward-model op_level --max-workers 8",,116,29,"BUILD_FAILED=48, PERF_DATA_MISSING=68",,26dae1f99b2b50fb17118f38d8a8e95dfac3357c
stepfun-ai/Step-3.7-Flash-FP8,Step3p7FlashForCausalLM,h100_sxm,trtllm,1.3.0rc20,FAIL,"Strict-native op-level FPE probes: BUILD_FAILED=48, PERF_DATA_MISSING=68; raw probes=116; topologies=29; source_sha=26dae1f99b2b50fb17118f38d8a8e95dfac3357c. Representative failure: Invalid quantized MoE configuration: (moe_intermediate_size=1280 / moe_tp_size=16) % weight_block_size=128 != 0.","python python/aisimulate/tools/support_matrix/generate_fpe_support_matrix.py --model ""stepfun-ai/Step-3.7-Flash-FP8"" --system ""h100_sxm"" --backend ""trtllm"" --backend-version ""1.3.0rc20"" --forward-model op_level --max-workers 8",,116,29,"BUILD_FAILED=48, PERF_DATA_MISSING=68",,26dae1f99b2b50fb17118f38d8a8e95dfac3357c
stepfun-ai/Step-3.7-Flash-FP8,Step3p7FlashForCausalLM,h100_sxm,trtllm,1.3.0rc23,FAIL,"Strict-native op-level FPE probes: BUILD_FAILED=48, PERF_DATA_MISSING=68; raw probes=116; topologies=29; source_sha=26dae1f99b2b50fb17118f38d8a8e95dfac3357c. Representative failure: Invalid quantized MoE configuration: (moe_intermediate_size=1280 / moe_tp_size=16) % weight_block_size=128 != 0.","python python/aisimulate/tools/support_matrix/generate_fpe_support_matrix.py --model ""stepfun-ai/Step-3.7-Flash-FP8"" --system ""h100_sxm"" --backend ""trtllm"" --backend-version ""1.3.0rc23"" --forward-model op_level --max-workers 8",,116,29,"BUILD_FAILED=48, PERF_DATA_MISSING=68",,26dae1f99b2b50fb17118f38d8a8e95dfac3357c
stepfun-ai/Step-3.7-Flash-FP8,Step3p7FlashForCausalLM,h100_sxm,vllm,0.1.dev19262,FAIL,"Strict-native op-level FPE probes: BUILD_FAILED=48, PERF_DATA_MISSING=68; raw probes=116; topologies=29; source_sha=26dae1f99b2b50fb17118f38d8a8e95dfac3357c. Representative failure: Invalid quantized MoE configuration: (moe_intermediate_size=1280 / moe_tp_size=16) % weight_block_size=128 != 0.","python python/aisimulate/tools/support_matrix/generate_fpe_support_matrix.py --model ""stepfun-ai/Step-3.7-Flash-FP8"" --system ""h100_sxm"" --backend ""vllm"" --backend-version ""0.1.dev19262"" --forward-model op_level --max-workers 8",,116,29,"BUILD_FAILED=48, PERF_DATA_MISSING=68",,26dae1f99b2b50fb17118f38d8a8e95dfac3357c
stepfun-ai/Step-3.7-Flash-FP8,Step3p7FlashForCausalLM,h100_sxm,vllm,0.14.0,FAIL,"Strict-native op-level FPE probes: BUILD_FAILED=48, PERF_DATA_MISSING=68; raw probes=116; topologies=29; source_sha=26dae1f99b2b50fb17118f38d8a8e95dfac3357c. Representative failure: Invalid quantized MoE configuration: (moe_intermediate_size=1280 / moe_tp_size=16) % weight_block_size=128 != 0.","python python/aisimulate/tools/support_matrix/generate_fpe_support_matrix.py --model ""stepfun-ai/Step-3.7-Flash-FP8"" --system ""h100_sxm"" --backend ""vllm"" --backend-version ""0.14.0"" --forward-model op_level --max-workers 8",,116,29,"BUILD_FAILED=48, PERF_DATA_MISSING=68",,26dae1f99b2b50fb17118f38d8a8e95dfac3357c
stepfun-ai/Step-3.7-Flash-FP8,Step3p7FlashForCausalLM,h100_sxm,vllm,0.19.0,FAIL,"Strict-native op-level FPE probes: BUILD_FAILED=48, PERF_DATA_MISSING=68; raw probes=116; topologies=29; source_sha=26dae1f99b2b50fb17118f38d8a8e95dfac3357c. Representative failure: Invalid quantized MoE configuration: (moe_intermediate_size=1280 / moe_tp_size=16) % weight_block_size=128 != 0.","python python/aisimulate/tools/support_matrix/generate_fpe_support_matrix.py --model ""stepfun-ai/Step-3.7-Flash-FP8"" --system ""h100_sxm"" --backend ""vllm"" --backend-version ""0.19.0"" --forward-model op_level --max-workers 8",,116,29,"BUILD_FAILED=48, PERF_DATA_MISSING=68",,26dae1f99b2b50fb17118f38d8a8e95dfac3357c
stepfun-ai/Step-3.7-Flash-FP8,Step3p7FlashForCausalLM,h100_sxm,vllm,0.22.0,FAIL,"Strict-native op-level FPE probes: BUILD_FAILED=48, PERF_DATA_MISSING=68; raw probes=116; topologies=29; source_sha=26dae1f99b2b50fb17118f38d8a8e95dfac3357c. Representative failure: Invalid quantized MoE configuration: (moe_intermediate_size=1280 / moe_tp_size=16) % weight_block_size=128 != 0.","python python/aisimulate/tools/support_matrix/generate_fpe_support_matrix.py --model ""stepfun-ai/Step-3.7-Flash-FP8"" --system ""h100_sxm"" --backend ""vllm"" --backend-version ""0.22.0"" --forward-model op_level --max-workers 8",,116,29,"BUILD_FAILED=48, PERF_DATA_MISSING=68",,26dae1f99b2b50fb17118f38d8a8e95dfac3357c
stepfun-ai/Step-3.7-Flash-FP8,Step3p7FlashForCausalLM,h100_sxm,vllm,0.24.0,FAIL,"Strict-native op-level FPE probes: BUILD_FAILED=48, PERF_DATA_MISSING=68; raw probes=116; topologies=29; source_sha=26dae1f99b2b50fb17118f38d8a8e95dfac3357c. Representative failure: Invalid quantized MoE configuration: (moe_intermediate_size=1280 / moe_tp_size=16) % weight_block_size=128 != 0.","python python/aisimulate/tools/support_matrix/generate_fpe_support_matrix.py --model ""stepfun-ai/Step-3.7-Flash-FP8"" --system ""h100_sxm"" --backend ""vllm"" --backend-version ""0.24.0"" --forward-model op_level --max-workers 8",,116,29,"BUILD_FAILED=48, PERF_DATA_MISSING=68",,26dae1f99b2b50fb17118f38d8a8e95dfac3357c
zai-org/GLM-5.2,GlmMoeDsaForCausalLM,h100_sxm,sglang,0.5.10,PASS,,"python python/aisimulate/tools/support_matrix/generate_fpe_support_matrix.py --model ""zai-org/GLM-5.2"" --system ""h100_sxm"" --backend ""sglang"" --backend-version ""0.5.10"" --forward-model op_level --max-workers 8",silicon,540,135,"PASS=220, SDK_UNREPRESENTABLE=320","decode_end=36964.832372, decode_start=144.796969, mixed=493.063835, prefill=470.946503",26dae1f99b2b50fb17118f38d8a8e95dfac3357c
zai-org/GLM-5.2,GlmMoeDsaForCausalLM,h100_sxm,sglang,0.5.12,PASS,,"python python/aisimulate/tools/support_matrix/generate_fpe_support_matrix.py --model ""zai-org/GLM-5.2"" --system ""h100_sxm"" --backend ""sglang"" --backend-version ""0.5.12"" --forward-model op_level --max-workers 8",silicon,540,135,"PASS=220, SDK_UNREPRESENTABLE=320","decode_end=35722.191809, decode_start=139.913018, mixed=491.388407, prefill=472.668066",26dae1f99b2b50fb17118f38d8a8e95dfac3357c
zai-org/GLM-5.2,GlmMoeDsaForCausalLM,h100_sxm,sglang,0.5.14,PASS,,"python python/aisimulate/tools/support_matrix/generate_fpe_support_matrix.py --model ""zai-org/GLM-5.2"" --system ""h100_sxm"" --backend ""sglang"" --backend-version ""0.5.14"" --forward-model op_level --max-workers 8",silicon,540,135,"PASS=220, SDK_UNREPRESENTABLE=320","decode_end=35722.191809, decode_start=139.913018, mixed=491.388407, prefill=472.668066",26dae1f99b2b50fb17118f38d8a8e95dfac3357c
zai-org/GLM-5.2,GlmMoeDsaForCausalLM,h100_sxm,sglang,0.5.16,PASS,,"python python/aisimulate/tools/support_matrix/generate_fpe_support_matrix.py --model ""zai-org/GLM-5.2"" --system ""h100_sxm"" --backend ""sglang"" --backend-version ""0.5.16"" --forward-model op_level --max-workers 8",silicon,540,135,"PASS=220, SDK_UNREPRESENTABLE=320","decode_end=35722.191809, decode_start=139.913018, mixed=491.388407, prefill=472.668066",26dae1f99b2b50fb17118f38d8a8e95dfac3357c
zai-org/GLM-5.2,GlmMoeDsaForCausalLM,h100_sxm,sglang,0.5.6.post2,FAIL,"Strict-native op-level FPE probes: PERF_DATA_MISSING=220, SDK_UNREPRESENTABLE=320; raw probes=540; topologies=135; source_sha=26dae1f99b2b50fb17118f38d8a8e95dfac3357c. Representative failure: perf database error: MoE data missing for MoeKey { quant: ""bfloat16"", distribution: ""power_law_1.01"", topk: 8, num_experts: 256, hidden_size: 6144, inter_size: 2048, moe_tp_size: 1, moe_ep_size: 1 } at <repo>/python/aisimulate/src/aiconfigurator_core/systems/data/h100_sxm/sglang/0.5.6.post2","python python/aisimulate/tools/support_matrix/generate_fpe_support_matrix.py --model ""zai-org/GLM-5.2"" --system ""h100_sxm"" --backend ""sglang"" --backend-version ""0.5.6.post2"" --forward-model op_level --max-workers 8",,540,135,"PERF_DATA_MISSING=220, SDK_UNREPRESENTABLE=320",,26dae1f99b2b50fb17118f38d8a8e95dfac3357c
zai-org/GLM-5.2,GlmMoeDsaForCausalLM,h100_sxm,sglang,0.5.9,PASS,,"python python/aisimulate/tools/support_matrix/generate_fpe_support_matrix.py --model ""zai-org/GLM-5.2"" --system ""h100_sxm"" --backend ""sglang"" --backend-version ""0.5.9"" --forward-model op_level --max-workers 8",silicon,540,135,"PASS=220, SDK_UNREPRESENTABLE=320","decode_end=37979.061962, decode_start=148.835524, mixed=535.133536, prefill=508.842928",26dae1f99b2b50fb17118f38d8a8e95dfac3357c
zai-org/GLM-5.2,GlmMoeDsaForCausalLM,h100_sxm,trtllm,1.2.0rc5,PASS,,"python python/aisimulate/tools/support_matrix/generate_fpe_support_matrix.py --model ""zai-org/GLM-5.2"" --system ""h100_sxm"" --backend ""trtllm"" --backend-version ""1.2.0rc5"" --forward-model op_level --max-workers 8",silicon,116,29,PASS=116,"decode_end=40066.144272, decode_start=157.142529, mixed=554.042782, prefill=523.286082",26dae1f99b2b50fb17118f38d8a8e95dfac3357c
zai-org/GLM-5.2,GlmMoeDsaForCausalLM,h100_sxm,trtllm,1.3.0rc10,PASS,,"python python/aisimulate/tools/support_matrix/generate_fpe_support_matrix.py --model ""zai-org/GLM-5.2"" --system ""h100_sxm"" --backend ""trtllm"" --backend-version ""1.3.0rc10"" --forward-model op_level --max-workers 8",silicon,116,29,PASS=116,"decode_end=40009.173553, decode_start=156.800145, mixed=541.859533, prefill=508.350346",26dae1f99b2b50fb17118f38d8a8e95dfac3357c
zai-org/GLM-5.2,GlmMoeDsaForCausalLM,h100_sxm,trtllm,1.3.0rc15,PASS,,"python python/aisimulate/tools/support_matrix/generate_fpe_support_matrix.py --model ""zai-org/GLM-5.2"" --system ""h100_sxm"" --backend ""trtllm"" --backend-version ""1.3.0rc15"" --forward-model op_level --max-workers 8",silicon,116,29,PASS=116,"decode_end=40009.173553, decode_start=156.800145, mixed=541.859533, prefill=508.350346",26dae1f99b2b50fb17118f38d8a8e95dfac3357c
zai-org/GLM-5.2,GlmMoeDsaForCausalLM,h100_sxm,trtllm,1.3.0rc20,PASS,,"python python/aisimulate/tools/support_matrix/generate_fpe_support_matrix.py --model ""zai-org/GLM-5.2"" --system ""h100_sxm"" --backend ""trtllm"" --backend-version ""1.3.0rc20"" --forward-model op_level --max-workers 8",silicon,116,29,PASS=116,"decode_end=39546.991549, decode_start=155.133829, mixed=473.641848, prefill=445.224886",26dae1f99b2b50fb17118f38d8a8e95dfac3357c
zai-org/GLM-5.2,GlmMoeDsaForCausalLM,h100_sxm,trtllm,1.3.0rc23,PASS,,"python python/aisimulate/tools/support_matrix/generate_fpe_support_matrix.py --model ""zai-org/GLM-5.2"" --system ""h100_sxm"" --backend ""trtllm"" --backend-version ""1.3.0rc23"" --forward-model op_level --max-workers 8",silicon,116,29,PASS=116,"decode_end=39546.991549, decode_start=155.133829, mixed=473.641848, prefill=445.224886",26dae1f99b2b50fb17118f38d8a8e95dfac3357c
zai-org/GLM-5.2,GlmMoeDsaForCausalLM,h100_sxm,vllm,0.1.dev19262,FAIL,Strict-native op-level FPE probes: PERF_DATA_MISSING=116; raw probes=116; topologies=29; source_sha=26dae1f99b2b50fb17118f38d8a8e95dfac3357c. Representative failure: perf database error: perf database error: no GEMM rows loaded from 1 source(s) (first: <repo>/python/aisimulate/src/aiconfigurator_core/systems/data/h100_sxm/vllm/0.1.dev19262/gemm_perf.parquet),"python python/aisimulate/tools/support_matrix/generate_fpe_support_matrix.py --model ""zai-org/GLM-5.2"" --system ""h100_sxm"" --backend ""vllm"" --backend-version ""0.1.dev19262"" --forward-model op_level --max-workers 8",,116,29,PERF_DATA_MISSING=116,,26dae1f99b2b50fb17118f38d8a8e95dfac3357c
zai-org/GLM-5.2,GlmMoeDsaForCausalLM,h100_sxm,vllm,0.14.0,PASS,,"python python/aisimulate/tools/support_matrix/generate_fpe_support_matrix.py --model ""zai-org/GLM-5.2"" --system ""h100_sxm"" --backend ""vllm"" --backend-version ""0.14.0"" --forward-model op_level --max-workers 8",silicon,116,29,PASS=116,"decode_end=39585.991796, decode_start=155.286771, mixed=489.502004, prefill=456.528233",26dae1f99b2b50fb17118f38d8a8e95dfac3357c
zai-org/GLM-5.2,GlmMoeDsaForCausalLM,h100_sxm,vllm,0.19.0,PASS,,"python python/aisimulate/tools/support_matrix/generate_fpe_support_matrix.py --model ""zai-org/GLM-5.2"" --system ""h100_sxm"" --backend ""vllm"" --backend-version ""0.19.0"" --forward-model op_level --max-workers 8",silicon,116,29,PASS=116,"decode_end=38956.892000, decode_start=152.792520, mixed=486.214425, prefill=454.800201",26dae1f99b2b50fb17118f38d8a8e95dfac3357c
zai-org/GLM-5.2,GlmMoeDsaForCausalLM,h100_sxm,vllm,0.22.0,PASS,,"python python/aisimulate/tools/support_matrix/generate_fpe_support_matrix.py --model ""zai-org/GLM-5.2"" --system ""h100_sxm"" --backend ""vllm"" --backend-version ""0.22.0"" --forward-model op_level --max-workers 8",silicon,116,29,PASS=116,"decode_end=37615.498142, decode_start=147.287416, mixed=578.339540, prefill=551.023232",26dae1f99b2b50fb17118f38d8a8e95dfac3357c
zai-org/GLM-5.2,GlmMoeDsaForCausalLM,h100_sxm,vllm,0.24.0,PASS,,"python python/aisimulate/tools/support_matrix/generate_fpe_support_matrix.py --model ""zai-org/GLM-5.2"" --system ""h100_sxm"" --backend ""vllm"" --backend-version ""0.24.0"" --forward-model op_level --max-workers 8",silicon,116,29,PASS=116,"decode_end=37615.498142, decode_start=147.287416, mixed=578.339540, prefill=551.023232",26dae1f99b2b50fb17118f38d8a8e95dfac3357c
zai-org/GLM-5.2-FP8,GlmMoeDsaForCausalLM,h100_sxm,sglang,0.5.10,PASS,,"python python/aisimulate/tools/support_matrix/generate_fpe_support_matrix.py --model ""zai-org/GLM-5.2-FP8"" --system ""h100_sxm"" --backend ""sglang"" --backend-version ""0.5.10"" --forward-model op_level --max-workers 8",silicon,540,135,"PASS=220, SDK_UNREPRESENTABLE=320","decode_end=23249.774934, decode_start=91.131399, mixed=322.244132, prefill=299.828714",26dae1f99b2b50fb17118f38d8a8e95dfac3357c
zai-org/GLM-5.2-FP8,GlmMoeDsaForCausalLM,h100_sxm,sglang,0.5.12,PASS,,"python python/aisimulate/tools/support_matrix/generate_fpe_support_matrix.py --model ""zai-org/GLM-5.2-FP8"" --system ""h100_sxm"" --backend ""sglang"" --backend-version ""0.5.12"" --forward-model op_level --max-workers 8",silicon,540,135,"PASS=220, SDK_UNREPRESENTABLE=320","decode_end=20222.820844, decode_start=79.311717, mixed=278.912284, prefill=263.587995",26dae1f99b2b50fb17118f38d8a8e95dfac3357c
zai-org/GLM-5.2-FP8,GlmMoeDsaForCausalLM,h100_sxm,sglang,0.5.14,PASS,,"python python/aisimulate/tools/support_matrix/generate_fpe_support_matrix.py --model ""zai-org/GLM-5.2-FP8"" --system ""h100_sxm"" --backend ""sglang"" --backend-version ""0.5.14"" --forward-model op_level --max-workers 8",silicon,540,135,"PASS=220, SDK_UNREPRESENTABLE=320","decode_end=20222.820844, decode_start=79.311717, mixed=278.912284, prefill=263.587995",26dae1f99b2b50fb17118f38d8a8e95dfac3357c
zai-org/GLM-5.2-FP8,GlmMoeDsaForCausalLM,h100_sxm,sglang,0.5.16,PASS,,"python python/aisimulate/tools/support_matrix/generate_fpe_support_matrix.py --model ""zai-org/GLM-5.2-FP8"" --system ""h100_sxm"" --backend ""sglang"" --backend-version ""0.5.16"" --forward-model op_level --max-workers 8",silicon,540,135,"PASS=220, SDK_UNREPRESENTABLE=320","decode_end=20222.820844, decode_start=79.311717, mixed=278.912284, prefill=263.587995",26dae1f99b2b50fb17118f38d8a8e95dfac3357c
zai-org/GLM-5.2-FP8,GlmMoeDsaForCausalLM,h100_sxm,sglang,0.5.6.post2,FAIL,"Strict-native op-level FPE probes: PERF_DATA_MISSING=220, SDK_UNREPRESENTABLE=320; raw probes=540; topologies=135; source_sha=26dae1f99b2b50fb17118f38d8a8e95dfac3357c. Representative failure: perf database error: MoE data missing for MoeKey { quant: ""fp8_block"", distribution: ""power_law_1.01"", topk: 8, num_experts: 256, hidden_size: 6144, inter_size: 2048, moe_tp_size: 1, moe_ep_size: 1 } at <repo>/python/aisimulate/src/aiconfigurator_core/systems/data/h100_sxm/sglang/0.5.6.post2","python python/aisimulate/tools/support_matrix/generate_fpe_support_matrix.py --model ""zai-org/GLM-5.2-FP8"" --system ""h100_sxm"" --backend ""sglang"" --backend-version ""0.5.6.post2"" --forward-model op_level --max-workers 8",,540,135,"PERF_DATA_MISSING=220, SDK_UNREPRESENTABLE=320",,26dae1f99b2b50fb17118f38d8a8e95dfac3357c
zai-org/GLM-5.2-FP8,GlmMoeDsaForCausalLM,h100_sxm,sglang,0.5.9,PASS,,"python python/aisimulate/tools/support_matrix/generate_fpe_support_matrix.py --model ""zai-org/GLM-5.2-FP8"" --system ""h100_sxm"" --backend ""sglang"" --backend-version ""0.5.9"" --forward-model op_level --max-workers 8",silicon,540,135,"PASS=220, SDK_UNREPRESENTABLE=320","decode_end=23195.740658, decode_start=90.919500, mixed=322.533056, prefill=299.982047",26dae1f99b2b50fb17118f38d8a8e95dfac3357c
zai-org/GLM-5.2-FP8,GlmMoeDsaForCausalLM,h100_sxm,trtllm,1.2.0rc5,PASS,,"python python/aisimulate/tools/support_matrix/generate_fpe_support_matrix.py --model ""zai-org/GLM-5.2-FP8"" --system ""h100_sxm"" --backend ""trtllm"" --backend-version ""1.2.0rc5"" --forward-model op_level --max-workers 8",silicon,116,29,PASS=116,"decode_end=23295.640219, decode_start=91.348654, mixed=349.016101, prefill=321.228903",26dae1f99b2b50fb17118f38d8a8e95dfac3357c
zai-org/GLM-5.2-FP8,GlmMoeDsaForCausalLM,h100_sxm,trtllm,1.3.0rc10,PASS,,"python python/aisimulate/tools/support_matrix/generate_fpe_support_matrix.py --model ""zai-org/GLM-5.2-FP8"" --system ""h100_sxm"" --backend ""trtllm"" --backend-version ""1.3.0rc10"" --forward-model op_level --max-workers 8",silicon,116,29,PASS=116,"decode_end=23194.631990, decode_start=90.952543, mixed=350.682334, prefill=322.950923",26dae1f99b2b50fb17118f38d8a8e95dfac3357c
zai-org/GLM-5.2-FP8,GlmMoeDsaForCausalLM,h100_sxm,trtllm,1.3.0rc15,PASS,,"python python/aisimulate/tools/support_matrix/generate_fpe_support_matrix.py --model ""zai-org/GLM-5.2-FP8"" --system ""h100_sxm"" --backend ""trtllm"" --backend-version ""1.3.0rc15"" --forward-model op_level --max-workers 8",silicon,116,29,PASS=116,"decode_end=23194.631990, decode_start=90.952543, mixed=350.682334, prefill=322.950923",26dae1f99b2b50fb17118f38d8a8e95dfac3357c
zai-org/GLM-5.2-FP8,GlmMoeDsaForCausalLM,h100_sxm,trtllm,1.3.0rc20,PASS,,"python python/aisimulate/tools/support_matrix/generate_fpe_support_matrix.py --model ""zai-org/GLM-5.2-FP8"" --system ""h100_sxm"" --backend ""trtllm"" --backend-version ""1.3.0rc20"" --forward-model op_level --max-workers 8",silicon,116,29,PASS=116,"decode_end=22885.543596, decode_start=89.740432, mixed=347.286668, prefill=318.802646",26dae1f99b2b50fb17118f38d8a8e95dfac3357c
zai-org/GLM-5.2-FP8,GlmMoeDsaForCausalLM,h100_sxm,trtllm,1.3.0rc23,PASS,,"python python/aisimulate/tools/support_matrix/generate_fpe_support_matrix.py --model ""zai-org/GLM-5.2-FP8"" --system ""h100_sxm"" --backend ""trtllm"" --backend-version ""1.3.0rc23"" --forward-model op_level --max-workers 8",silicon,116,29,PASS=116,"decode_end=22885.543596, decode_start=89.740432, mixed=347.286668, prefill=318.802646",26dae1f99b2b50fb17118f38d8a8e95dfac3357c
zai-org/GLM-5.2-FP8,GlmMoeDsaForCausalLM,h100_sxm,vllm,0.1.dev19262,FAIL,"Strict-native op-level FPE probes: PERF_DATA_MISSING=116; raw probes=116; topologies=29; source_sha=26dae1f99b2b50fb17118f38d8a8e95dfac3357c. Representative failure: perf database error: context DSA module data missing for DsaKey { architecture: ""GlmMoeDsaForCausalLM"", fmha_quant: ""fp8"", kv_quant: ""fp8"", gemm_quant: ""bfloat16"" }","python python/aisimulate/tools/support_matrix/generate_fpe_support_matrix.py --model ""zai-org/GLM-5.2-FP8"" --system ""h100_sxm"" --backend ""vllm"" --backend-version ""0.1.dev19262"" --forward-model op_level --max-workers 8",,116,29,PERF_DATA_MISSING=116,,26dae1f99b2b50fb17118f38d8a8e95dfac3357c
zai-org/GLM-5.2-FP8,GlmMoeDsaForCausalLM,h100_sxm,vllm,0.14.0,FAIL,"Strict-native op-level FPE probes: PERF_DATA_MISSING=116; raw probes=116; topologies=29; source_sha=26dae1f99b2b50fb17118f38d8a8e95dfac3357c. Representative failure: perf database error: context DSA module data missing for DsaKey { architecture: ""GlmMoeDsaForCausalLM"", fmha_quant: ""fp8"", kv_quant: ""fp8"", gemm_quant: ""bfloat16"" }","python python/aisimulate/tools/support_matrix/generate_fpe_support_matrix.py --model ""zai-org/GLM-5.2-FP8"" --system ""h100_sxm"" --backend ""vllm"" --backend-version ""0.14.0"" --forward-model op_level --max-workers 8",,116,29,PERF_DATA_MISSING=116,,26dae1f99b2b50fb17118f38d8a8e95dfac3357c
zai-org/GLM-5.2-FP8,GlmMoeDsaForCausalLM,h100_sxm,vllm,0.19.0,PASS,,"python python/aisimulate/tools/support_matrix/generate_fpe_support_matrix.py --model ""zai-org/GLM-5.2-FP8"" --system ""h100_sxm"" --backend ""vllm"" --backend-version ""0.19.0"" --forward-model op_level --max-workers 8",silicon,116,29,PASS=116,"decode_end=23203.485219, decode_start=90.987261, mixed=352.356901, prefill=327.780712",26dae1f99b2b50fb17118f38d8a8e95dfac3357c
zai-org/GLM-5.2-FP8,GlmMoeDsaForCausalLM,h100_sxm,vllm,0.22.0,PASS,,"python python/aisimulate/tools/support_matrix/generate_fpe_support_matrix.py --model ""zai-org/GLM-5.2-FP8"" --system ""h100_sxm"" --backend ""vllm"" --backend-version ""0.22.0"" --forward-model op_level --max-workers 8",silicon,116,29,PASS=116,"decode_end=23328.986987, decode_start=91.499820, mixed=364.460184, prefill=340.627509",26dae1f99b2b50fb17118f38d8a8e95dfac3357c
zai-org/GLM-5.2-FP8,GlmMoeDsaForCausalLM,h100_sxm,vllm,0.24.0,PASS,,"python python/aisimulate/tools/support_matrix/generate_fpe_support_matrix.py --model ""zai-org/GLM-5.2-FP8"" --system ""h100_sxm"" --backend ""vllm"" --backend-version ""0.24.0"" --forward-model op_level --max-workers 8",silicon,116,29,PASS=116,"decode_end=23328.986987, decode_start=91.499820, mixed=364.460184, prefill=340.627509",26dae1f99b2b50fb17118f38d8a8e95dfac3357c
