HuggingFaceID,Architecture,System,Backend,Version,Status,ErrMsg,Command,Source,FPEProbeCount,FPETopologyCount,FPEStatusCounts,FPEPhaseLatencyMs,SourceSHA
MiniMaxAI/MiniMax-M2.7,MiniMaxM2ForCausalLM,rtx_pro_6000_server,sglang,0.5.10,FAIL,"Strict-native op-level FPE probes: BUILD_FAILED=56, PERF_DATA_MISSING=164, SDK_UNREPRESENTABLE=320; raw probes=540; topologies=135; source_sha=26dae1f99b2b50fb17118f38d8a8e95dfac3357c. Representative failure: Invalid quantized MoE configuration: (moe_intermediate_size=1536 / moe_tp_size=16) % weight_block_size=128 != 0.","python python/aisimulate/tools/support_matrix/generate_fpe_support_matrix.py --model ""MiniMaxAI/MiniMax-M2.7"" --system ""rtx_pro_6000_server"" --backend ""sglang"" --backend-version ""0.5.10"" --forward-model op_level --max-workers 8",,540,135,"BUILD_FAILED=56, PERF_DATA_MISSING=164, SDK_UNREPRESENTABLE=320",,26dae1f99b2b50fb17118f38d8a8e95dfac3357c
MiniMaxAI/MiniMax-M2.7,MiniMaxM2ForCausalLM,rtx_pro_6000_server,sglang,0.5.10rc0,FAIL,"Strict-native op-level FPE probes: BUILD_FAILED=56, PERF_DATA_MISSING=164, SDK_UNREPRESENTABLE=320; raw probes=540; topologies=135; source_sha=26dae1f99b2b50fb17118f38d8a8e95dfac3357c. Representative failure: Invalid quantized MoE configuration: (moe_intermediate_size=1536 / moe_tp_size=16) % weight_block_size=128 != 0.","python python/aisimulate/tools/support_matrix/generate_fpe_support_matrix.py --model ""MiniMaxAI/MiniMax-M2.7"" --system ""rtx_pro_6000_server"" --backend ""sglang"" --backend-version ""0.5.10rc0"" --forward-model op_level --max-workers 8",,540,135,"BUILD_FAILED=56, PERF_DATA_MISSING=164, SDK_UNREPRESENTABLE=320",,26dae1f99b2b50fb17118f38d8a8e95dfac3357c
MiniMaxAI/MiniMax-M2.7,MiniMaxM2ForCausalLM,rtx_pro_6000_server,sglang,0.5.12,FAIL,"Strict-native op-level FPE probes: BUILD_FAILED=56, PERF_DATA_MISSING=164, SDK_UNREPRESENTABLE=320; raw probes=540; topologies=135; source_sha=26dae1f99b2b50fb17118f38d8a8e95dfac3357c. Representative failure: Invalid quantized MoE configuration: (moe_intermediate_size=1536 / moe_tp_size=16) % weight_block_size=128 != 0.","python python/aisimulate/tools/support_matrix/generate_fpe_support_matrix.py --model ""MiniMaxAI/MiniMax-M2.7"" --system ""rtx_pro_6000_server"" --backend ""sglang"" --backend-version ""0.5.12"" --forward-model op_level --max-workers 8",,540,135,"BUILD_FAILED=56, PERF_DATA_MISSING=164, SDK_UNREPRESENTABLE=320",,26dae1f99b2b50fb17118f38d8a8e95dfac3357c
MiniMaxAI/MiniMax-M2.7,MiniMaxM2ForCausalLM,rtx_pro_6000_server,sglang,0.5.14,FAIL,"Strict-native op-level FPE probes: BUILD_FAILED=56, PERF_DATA_MISSING=164, SDK_UNREPRESENTABLE=320; raw probes=540; topologies=135; source_sha=26dae1f99b2b50fb17118f38d8a8e95dfac3357c. Representative failure: Invalid quantized MoE configuration: (moe_intermediate_size=1536 / moe_tp_size=16) % weight_block_size=128 != 0.","python python/aisimulate/tools/support_matrix/generate_fpe_support_matrix.py --model ""MiniMaxAI/MiniMax-M2.7"" --system ""rtx_pro_6000_server"" --backend ""sglang"" --backend-version ""0.5.14"" --forward-model op_level --max-workers 8",,540,135,"BUILD_FAILED=56, PERF_DATA_MISSING=164, SDK_UNREPRESENTABLE=320",,26dae1f99b2b50fb17118f38d8a8e95dfac3357c
MiniMaxAI/MiniMax-M2.7,MiniMaxM2ForCausalLM,rtx_pro_6000_server,sglang,0.5.16,FAIL,"Strict-native op-level FPE probes: BUILD_FAILED=56, PERF_DATA_MISSING=164, SDK_UNREPRESENTABLE=320; raw probes=540; topologies=135; source_sha=26dae1f99b2b50fb17118f38d8a8e95dfac3357c. Representative failure: Invalid quantized MoE configuration: (moe_intermediate_size=1536 / moe_tp_size=16) % weight_block_size=128 != 0.","python python/aisimulate/tools/support_matrix/generate_fpe_support_matrix.py --model ""MiniMaxAI/MiniMax-M2.7"" --system ""rtx_pro_6000_server"" --backend ""sglang"" --backend-version ""0.5.16"" --forward-model op_level --max-workers 8",,540,135,"BUILD_FAILED=56, PERF_DATA_MISSING=164, SDK_UNREPRESENTABLE=320",,26dae1f99b2b50fb17118f38d8a8e95dfac3357c
MiniMaxAI/MiniMax-M2.7,MiniMaxM2ForCausalLM,rtx_pro_6000_server,sglang,0.5.9,FAIL,"Strict-native op-level FPE probes: BUILD_FAILED=56, PERF_DATA_MISSING=164, SDK_UNREPRESENTABLE=320; raw probes=540; topologies=135; source_sha=26dae1f99b2b50fb17118f38d8a8e95dfac3357c. Representative failure: Invalid quantized MoE configuration: (moe_intermediate_size=1536 / moe_tp_size=16) % weight_block_size=128 != 0.","python python/aisimulate/tools/support_matrix/generate_fpe_support_matrix.py --model ""MiniMaxAI/MiniMax-M2.7"" --system ""rtx_pro_6000_server"" --backend ""sglang"" --backend-version ""0.5.9"" --forward-model op_level --max-workers 8",,540,135,"BUILD_FAILED=56, PERF_DATA_MISSING=164, SDK_UNREPRESENTABLE=320",,26dae1f99b2b50fb17118f38d8a8e95dfac3357c
MiniMaxAI/MiniMax-M2.7,MiniMaxM2ForCausalLM,rtx_pro_6000_server,trtllm,1.3.0rc10,FAIL,"Strict-native op-level FPE probes: BUILD_FAILED=24, PERF_DATA_MISSING=92; raw probes=116; topologies=29; source_sha=26dae1f99b2b50fb17118f38d8a8e95dfac3357c. Representative failure: Invalid quantized MoE configuration: (moe_intermediate_size=1536 / moe_tp_size=16) % weight_block_size=128 != 0.","python python/aisimulate/tools/support_matrix/generate_fpe_support_matrix.py --model ""MiniMaxAI/MiniMax-M2.7"" --system ""rtx_pro_6000_server"" --backend ""trtllm"" --backend-version ""1.3.0rc10"" --forward-model op_level --max-workers 8",,116,29,"BUILD_FAILED=24, PERF_DATA_MISSING=92",,26dae1f99b2b50fb17118f38d8a8e95dfac3357c
MiniMaxAI/MiniMax-M2.7,MiniMaxM2ForCausalLM,rtx_pro_6000_server,trtllm,1.3.0rc15,FAIL,"Strict-native op-level FPE probes: BUILD_FAILED=24, PERF_DATA_MISSING=92; raw probes=116; topologies=29; source_sha=26dae1f99b2b50fb17118f38d8a8e95dfac3357c. Representative failure: Invalid quantized MoE configuration: (moe_intermediate_size=1536 / moe_tp_size=16) % weight_block_size=128 != 0.","python python/aisimulate/tools/support_matrix/generate_fpe_support_matrix.py --model ""MiniMaxAI/MiniMax-M2.7"" --system ""rtx_pro_6000_server"" --backend ""trtllm"" --backend-version ""1.3.0rc15"" --forward-model op_level --max-workers 8",,116,29,"BUILD_FAILED=24, PERF_DATA_MISSING=92",,26dae1f99b2b50fb17118f38d8a8e95dfac3357c
MiniMaxAI/MiniMax-M2.7,MiniMaxM2ForCausalLM,rtx_pro_6000_server,trtllm,1.3.0rc20,PASS,,"python python/aisimulate/tools/support_matrix/generate_fpe_support_matrix.py --model ""MiniMaxAI/MiniMax-M2.7"" --system ""rtx_pro_6000_server"" --backend ""trtllm"" --backend-version ""1.3.0rc20"" --forward-model op_level --max-workers 8",silicon,116,29,"BUILD_FAILED=24, PASS=92","decode_end=14224.130017, decode_start=55.697007, mixed=191.260831, prefill=188.452291",26dae1f99b2b50fb17118f38d8a8e95dfac3357c
MiniMaxAI/MiniMax-M2.7,MiniMaxM2ForCausalLM,rtx_pro_6000_server,trtllm,1.3.0rc23,PASS,,"python python/aisimulate/tools/support_matrix/generate_fpe_support_matrix.py --model ""MiniMaxAI/MiniMax-M2.7"" --system ""rtx_pro_6000_server"" --backend ""trtllm"" --backend-version ""1.3.0rc23"" --forward-model op_level --max-workers 8",silicon,116,29,"BUILD_FAILED=24, PASS=92","decode_end=14224.130017, decode_start=55.697007, mixed=191.260831, prefill=188.452291",26dae1f99b2b50fb17118f38d8a8e95dfac3357c
MiniMaxAI/MiniMax-M2.7,MiniMaxM2ForCausalLM,rtx_pro_6000_server,vllm,0.1.dev19262,FAIL,"Strict-native op-level FPE probes: BUILD_FAILED=36, PERF_DATA_MISSING=80; raw probes=116; topologies=29; source_sha=26dae1f99b2b50fb17118f38d8a8e95dfac3357c. Representative failure: Invalid quantized MoE configuration: (moe_intermediate_size=1536 / moe_tp_size=16) % weight_block_size=128 != 0.","python python/aisimulate/tools/support_matrix/generate_fpe_support_matrix.py --model ""MiniMaxAI/MiniMax-M2.7"" --system ""rtx_pro_6000_server"" --backend ""vllm"" --backend-version ""0.1.dev19262"" --forward-model op_level --max-workers 8",,116,29,"BUILD_FAILED=36, PERF_DATA_MISSING=80",,26dae1f99b2b50fb17118f38d8a8e95dfac3357c
MiniMaxAI/MiniMax-M2.7,MiniMaxM2ForCausalLM,rtx_pro_6000_server,vllm,0.14.0,FAIL,"Strict-native op-level FPE probes: BUILD_FAILED=36, PERF_DATA_MISSING=80; raw probes=116; topologies=29; source_sha=26dae1f99b2b50fb17118f38d8a8e95dfac3357c. Representative failure: Invalid quantized MoE configuration: (moe_intermediate_size=1536 / moe_tp_size=16) % weight_block_size=128 != 0.","python python/aisimulate/tools/support_matrix/generate_fpe_support_matrix.py --model ""MiniMaxAI/MiniMax-M2.7"" --system ""rtx_pro_6000_server"" --backend ""vllm"" --backend-version ""0.14.0"" --forward-model op_level --max-workers 8",,116,29,"BUILD_FAILED=36, PERF_DATA_MISSING=80",,26dae1f99b2b50fb17118f38d8a8e95dfac3357c
MiniMaxAI/MiniMax-M2.7,MiniMaxM2ForCausalLM,rtx_pro_6000_server,vllm,0.19.0,PASS,,"python python/aisimulate/tools/support_matrix/generate_fpe_support_matrix.py --model ""MiniMaxAI/MiniMax-M2.7"" --system ""rtx_pro_6000_server"" --backend ""vllm"" --backend-version ""0.19.0"" --forward-model op_level --max-workers 8",silicon,116,29,"BUILD_FAILED=36, PASS=36, PERF_DATA_MISSING=44","decode_end=13306.049916, decode_start=52.176465, mixed=146.145831, prefill=143.342729",26dae1f99b2b50fb17118f38d8a8e95dfac3357c
MiniMaxAI/MiniMax-M2.7,MiniMaxM2ForCausalLM,rtx_pro_6000_server,vllm,0.22.0,PASS,,"python python/aisimulate/tools/support_matrix/generate_fpe_support_matrix.py --model ""MiniMaxAI/MiniMax-M2.7"" --system ""rtx_pro_6000_server"" --backend ""vllm"" --backend-version ""0.22.0"" --forward-model op_level --max-workers 8",silicon,116,29,"BUILD_FAILED=36, PASS=36, PERF_DATA_MISSING=44","decode_end=13326.175210, decode_start=52.250025, mixed=146.505775, prefill=143.502607",26dae1f99b2b50fb17118f38d8a8e95dfac3357c
MiniMaxAI/MiniMax-M2.7,MiniMaxM2ForCausalLM,rtx_pro_6000_server,vllm,0.24.0,PASS,,"python python/aisimulate/tools/support_matrix/generate_fpe_support_matrix.py --model ""MiniMaxAI/MiniMax-M2.7"" --system ""rtx_pro_6000_server"" --backend ""vllm"" --backend-version ""0.24.0"" --forward-model op_level --max-workers 8",silicon,116,29,"BUILD_FAILED=36, PASS=80","decode_end=13326.175210, decode_start=52.250025, mixed=146.505775, prefill=143.502607",26dae1f99b2b50fb17118f38d8a8e95dfac3357c
MiniMaxAI/MiniMax-M3,MiniMaxM3ForCausalLM,rtx_pro_6000_server,sglang,0.5.10,FAIL,"Strict-native op-level FPE probes: PERF_DATA_MISSING=220; raw probes=220; topologies=55; source_sha=26dae1f99b2b50fb17118f38d8a8e95dfac3357c. Representative failure: perf database error: MoE data missing for MoeKey { quant: ""bfloat16"", distribution: ""power_law_1.01"", topk: 4, num_experts: 128, hidden_size: 6144, inter_size: 3072, moe_tp_size: 1, moe_ep_size: 1 } at <repo>/python/aisimulate/src/aiconfigurator_core/systems/data/rtx_pro_6000_server/sglang/0.5.10","python python/aisimulate/tools/support_matrix/generate_fpe_support_matrix.py --model ""MiniMaxAI/MiniMax-M3"" --system ""rtx_pro_6000_server"" --backend ""sglang"" --backend-version ""0.5.10"" --forward-model op_level --max-workers 8",,220,55,PERF_DATA_MISSING=220,,26dae1f99b2b50fb17118f38d8a8e95dfac3357c
MiniMaxAI/MiniMax-M3,MiniMaxM3ForCausalLM,rtx_pro_6000_server,sglang,0.5.10rc0,FAIL,Strict-native op-level FPE probes: PERF_DATA_MISSING=220; raw probes=220; topologies=55; source_sha=26dae1f99b2b50fb17118f38d8a8e95dfac3357c. Representative failure: perf database error: perf database error: no GEMM rows loaded from 1 source(s) (first: <repo>/python/aisimulate/src/aiconfigurator_core/systems/data/rtx_pro_6000_server/sglang/0.5.10rc0/gemm_perf.parquet),"python python/aisimulate/tools/support_matrix/generate_fpe_support_matrix.py --model ""MiniMaxAI/MiniMax-M3"" --system ""rtx_pro_6000_server"" --backend ""sglang"" --backend-version ""0.5.10rc0"" --forward-model op_level --max-workers 8",,220,55,PERF_DATA_MISSING=220,,26dae1f99b2b50fb17118f38d8a8e95dfac3357c
MiniMaxAI/MiniMax-M3,MiniMaxM3ForCausalLM,rtx_pro_6000_server,sglang,0.5.12,FAIL,"Strict-native op-level FPE probes: PERF_DATA_MISSING=220; raw probes=220; topologies=55; source_sha=26dae1f99b2b50fb17118f38d8a8e95dfac3357c. Representative failure: perf database error: custom_allreduce data missing for (""half"", 4) at <repo>/python/aisimulate/src/aiconfigurator_core/systems/data/rtx_pro_6000_server/sglang/0.5.12","python python/aisimulate/tools/support_matrix/generate_fpe_support_matrix.py --model ""MiniMaxAI/MiniMax-M3"" --system ""rtx_pro_6000_server"" --backend ""sglang"" --backend-version ""0.5.12"" --forward-model op_level --max-workers 8",,220,55,PERF_DATA_MISSING=220,,26dae1f99b2b50fb17118f38d8a8e95dfac3357c
MiniMaxAI/MiniMax-M3,MiniMaxM3ForCausalLM,rtx_pro_6000_server,sglang,0.5.14,FAIL,Strict-native op-level FPE probes: PERF_DATA_MISSING=220; raw probes=220; topologies=55; source_sha=26dae1f99b2b50fb17118f38d8a8e95dfac3357c. Representative failure: perf database error: perf database error: perf database error: no DSA module rows loaded from 1 source(s) (first: <repo>/python/aisimulate/src/aiconfigurator_core/systems/data/rtx_pro_6000_server/sglang/0.5.14/msa_context_module_perf.parquet),"python python/aisimulate/tools/support_matrix/generate_fpe_support_matrix.py --model ""MiniMaxAI/MiniMax-M3"" --system ""rtx_pro_6000_server"" --backend ""sglang"" --backend-version ""0.5.14"" --forward-model op_level --max-workers 8",,220,55,PERF_DATA_MISSING=220,,26dae1f99b2b50fb17118f38d8a8e95dfac3357c
MiniMaxAI/MiniMax-M3,MiniMaxM3ForCausalLM,rtx_pro_6000_server,sglang,0.5.16,FAIL,Strict-native op-level FPE probes: PERF_DATA_MISSING=220; raw probes=220; topologies=55; source_sha=26dae1f99b2b50fb17118f38d8a8e95dfac3357c. Representative failure: perf database error: perf database error: perf database error: no DSA module rows loaded from 1 source(s) (first: <repo>/python/aisimulate/src/aiconfigurator_core/systems/data/rtx_pro_6000_server/sglang/0.5.16/msa_context_module_perf.parquet),"python python/aisimulate/tools/support_matrix/generate_fpe_support_matrix.py --model ""MiniMaxAI/MiniMax-M3"" --system ""rtx_pro_6000_server"" --backend ""sglang"" --backend-version ""0.5.16"" --forward-model op_level --max-workers 8",,220,55,PERF_DATA_MISSING=220,,26dae1f99b2b50fb17118f38d8a8e95dfac3357c
MiniMaxAI/MiniMax-M3,MiniMaxM3ForCausalLM,rtx_pro_6000_server,sglang,0.5.9,FAIL,Strict-native op-level FPE probes: PERF_DATA_MISSING=220; raw probes=220; topologies=55; source_sha=26dae1f99b2b50fb17118f38d8a8e95dfac3357c. Representative failure: perf database error: perf database error: no GEMM rows loaded from 1 source(s) (first: <repo>/python/aisimulate/src/aiconfigurator_core/systems/data/rtx_pro_6000_server/sglang/0.5.9/gemm_perf.parquet),"python python/aisimulate/tools/support_matrix/generate_fpe_support_matrix.py --model ""MiniMaxAI/MiniMax-M3"" --system ""rtx_pro_6000_server"" --backend ""sglang"" --backend-version ""0.5.9"" --forward-model op_level --max-workers 8",,220,55,PERF_DATA_MISSING=220,,26dae1f99b2b50fb17118f38d8a8e95dfac3357c
MiniMaxAI/MiniMax-M3,MiniMaxM3ForCausalLM,rtx_pro_6000_server,trtllm,1.3.0rc10,FAIL,"Strict-native op-level FPE probes: PERF_DATA_MISSING=116; raw probes=116; topologies=29; source_sha=26dae1f99b2b50fb17118f38d8a8e95dfac3357c. Representative failure: perf database error: MoE data missing for MoeKey { quant: ""bfloat16"", distribution: ""power_law_1.01"", topk: 4, num_experts: 128, hidden_size: 6144, inter_size: 3072, moe_tp_size: 1, moe_ep_size: 1 } at <repo>/python/aisimulate/src/aiconfigurator_core/systems/data/rtx_pro_6000_server/trtllm/1.3.0rc10","python python/aisimulate/tools/support_matrix/generate_fpe_support_matrix.py --model ""MiniMaxAI/MiniMax-M3"" --system ""rtx_pro_6000_server"" --backend ""trtllm"" --backend-version ""1.3.0rc10"" --forward-model op_level --max-workers 8",,116,29,PERF_DATA_MISSING=116,,26dae1f99b2b50fb17118f38d8a8e95dfac3357c
MiniMaxAI/MiniMax-M3,MiniMaxM3ForCausalLM,rtx_pro_6000_server,trtllm,1.3.0rc15,FAIL,"Strict-native op-level FPE probes: PERF_DATA_MISSING=116; raw probes=116; topologies=29; source_sha=26dae1f99b2b50fb17118f38d8a8e95dfac3357c. Representative failure: perf database error: MoE data missing for MoeKey { quant: ""bfloat16"", distribution: ""power_law_1.01"", topk: 4, num_experts: 128, hidden_size: 6144, inter_size: 3072, moe_tp_size: 1, moe_ep_size: 1 } at <repo>/python/aisimulate/src/aiconfigurator_core/systems/data/rtx_pro_6000_server/trtllm/1.3.0rc15","python python/aisimulate/tools/support_matrix/generate_fpe_support_matrix.py --model ""MiniMaxAI/MiniMax-M3"" --system ""rtx_pro_6000_server"" --backend ""trtllm"" --backend-version ""1.3.0rc15"" --forward-model op_level --max-workers 8",,116,29,PERF_DATA_MISSING=116,,26dae1f99b2b50fb17118f38d8a8e95dfac3357c
MiniMaxAI/MiniMax-M3,MiniMaxM3ForCausalLM,rtx_pro_6000_server,trtllm,1.3.0rc20,FAIL,Strict-native op-level FPE probes: PERF_DATA_MISSING=116; raw probes=116; topologies=29; source_sha=26dae1f99b2b50fb17118f38d8a8e95dfac3357c. Representative failure: perf database error: perf database error: perf database error: no DSA module rows loaded from 1 source(s) (first: <repo>/python/aisimulate/src/aiconfigurator_core/systems/data/rtx_pro_6000_server/trtllm/1.3.0rc20/msa_context_module_perf.parquet),"python python/aisimulate/tools/support_matrix/generate_fpe_support_matrix.py --model ""MiniMaxAI/MiniMax-M3"" --system ""rtx_pro_6000_server"" --backend ""trtllm"" --backend-version ""1.3.0rc20"" --forward-model op_level --max-workers 8",,116,29,PERF_DATA_MISSING=116,,26dae1f99b2b50fb17118f38d8a8e95dfac3357c
MiniMaxAI/MiniMax-M3,MiniMaxM3ForCausalLM,rtx_pro_6000_server,trtllm,1.3.0rc23,FAIL,Strict-native op-level FPE probes: PERF_DATA_MISSING=116; raw probes=116; topologies=29; source_sha=26dae1f99b2b50fb17118f38d8a8e95dfac3357c. Representative failure: perf database error: perf database error: perf database error: no DSA module rows loaded from 1 source(s) (first: <repo>/python/aisimulate/src/aiconfigurator_core/systems/data/rtx_pro_6000_server/trtllm/1.3.0rc23/msa_context_module_perf.parquet),"python python/aisimulate/tools/support_matrix/generate_fpe_support_matrix.py --model ""MiniMaxAI/MiniMax-M3"" --system ""rtx_pro_6000_server"" --backend ""trtllm"" --backend-version ""1.3.0rc23"" --forward-model op_level --max-workers 8",,116,29,PERF_DATA_MISSING=116,,26dae1f99b2b50fb17118f38d8a8e95dfac3357c
MiniMaxAI/MiniMax-M3,MiniMaxM3ForCausalLM,rtx_pro_6000_server,vllm,0.1.dev19262,FAIL,Strict-native op-level FPE probes: PERF_DATA_MISSING=116; raw probes=116; topologies=29; source_sha=26dae1f99b2b50fb17118f38d8a8e95dfac3357c. Representative failure: perf database error: perf database error: no GEMM rows loaded from 1 source(s) (first: <repo>/python/aisimulate/src/aiconfigurator_core/systems/data/rtx_pro_6000_server/vllm/0.1.dev19262/gemm_perf.parquet),"python python/aisimulate/tools/support_matrix/generate_fpe_support_matrix.py --model ""MiniMaxAI/MiniMax-M3"" --system ""rtx_pro_6000_server"" --backend ""vllm"" --backend-version ""0.1.dev19262"" --forward-model op_level --max-workers 8",,116,29,PERF_DATA_MISSING=116,,26dae1f99b2b50fb17118f38d8a8e95dfac3357c
MiniMaxAI/MiniMax-M3,MiniMaxM3ForCausalLM,rtx_pro_6000_server,vllm,0.14.0,FAIL,Strict-native op-level FPE probes: PERF_DATA_MISSING=116; raw probes=116; topologies=29; source_sha=26dae1f99b2b50fb17118f38d8a8e95dfac3357c. Representative failure: perf database error: perf database error: no GEMM rows loaded from 1 source(s) (first: <repo>/python/aisimulate/src/aiconfigurator_core/systems/data/rtx_pro_6000_server/vllm/0.14.0/gemm_perf.parquet),"python python/aisimulate/tools/support_matrix/generate_fpe_support_matrix.py --model ""MiniMaxAI/MiniMax-M3"" --system ""rtx_pro_6000_server"" --backend ""vllm"" --backend-version ""0.14.0"" --forward-model op_level --max-workers 8",,116,29,PERF_DATA_MISSING=116,,26dae1f99b2b50fb17118f38d8a8e95dfac3357c
MiniMaxAI/MiniMax-M3,MiniMaxM3ForCausalLM,rtx_pro_6000_server,vllm,0.19.0,FAIL,"Strict-native op-level FPE probes: PERF_DATA_MISSING=116; raw probes=116; topologies=29; source_sha=26dae1f99b2b50fb17118f38d8a8e95dfac3357c. Representative failure: perf database error: MoE data missing for MoeKey { quant: ""bfloat16"", distribution: ""power_law_1.01"", topk: 4, num_experts: 128, hidden_size: 6144, inter_size: 3072, moe_tp_size: 1, moe_ep_size: 1 } at <repo>/python/aisimulate/src/aiconfigurator_core/systems/data/rtx_pro_6000_server/vllm/0.19.0","python python/aisimulate/tools/support_matrix/generate_fpe_support_matrix.py --model ""MiniMaxAI/MiniMax-M3"" --system ""rtx_pro_6000_server"" --backend ""vllm"" --backend-version ""0.19.0"" --forward-model op_level --max-workers 8",,116,29,PERF_DATA_MISSING=116,,26dae1f99b2b50fb17118f38d8a8e95dfac3357c
MiniMaxAI/MiniMax-M3,MiniMaxM3ForCausalLM,rtx_pro_6000_server,vllm,0.22.0,FAIL,"Strict-native op-level FPE probes: PERF_DATA_MISSING=116; raw probes=116; topologies=29; source_sha=26dae1f99b2b50fb17118f38d8a8e95dfac3357c. Representative failure: perf database error: custom_allreduce data missing for (""half"", 4) at <repo>/python/aisimulate/src/aiconfigurator_core/systems/data/rtx_pro_6000_server/vllm/0.22.0","python python/aisimulate/tools/support_matrix/generate_fpe_support_matrix.py --model ""MiniMaxAI/MiniMax-M3"" --system ""rtx_pro_6000_server"" --backend ""vllm"" --backend-version ""0.22.0"" --forward-model op_level --max-workers 8",,116,29,PERF_DATA_MISSING=116,,26dae1f99b2b50fb17118f38d8a8e95dfac3357c
MiniMaxAI/MiniMax-M3,MiniMaxM3ForCausalLM,rtx_pro_6000_server,vllm,0.24.0,PASS,,"python python/aisimulate/tools/support_matrix/generate_fpe_support_matrix.py --model ""MiniMaxAI/MiniMax-M3"" --system ""rtx_pro_6000_server"" --backend ""vllm"" --backend-version ""0.24.0"" --forward-model op_level --max-workers 8",silicon,116,29,PASS=116,"decode_end=40745.589889, decode_start=159.705571, mixed=511.598717, prefill=496.991272",26dae1f99b2b50fb17118f38d8a8e95dfac3357c
Qwen/Qwen3-0.6B,Qwen3ForCausalLM,rtx_pro_6000_server,sglang,0.5.10,PASS,,"python python/aisimulate/tools/support_matrix/generate_fpe_support_matrix.py --model ""Qwen/Qwen3-0.6B"" --system ""rtx_pro_6000_server"" --backend ""sglang"" --backend-version ""0.5.10"" --forward-model op_level --max-workers 8",silicon,24,6,"PASS=8, PERF_DATA_MISSING=4, SDK_UNREPRESENTABLE=12","decode_end=411.068743, decode_start=1.587178, mixed=3.840446, prefill=3.443211",26dae1f99b2b50fb17118f38d8a8e95dfac3357c
Qwen/Qwen3-0.6B,Qwen3ForCausalLM,rtx_pro_6000_server,sglang,0.5.10rc0,FAIL,"Strict-native op-level FPE probes: PERF_DATA_MISSING=12, SDK_UNREPRESENTABLE=12; raw probes=24; topologies=6; source_sha=26dae1f99b2b50fb17118f38d8a8e95dfac3357c. Representative failure: perf database error: perf database error: no GEMM rows loaded from 1 source(s) (first: <repo>/python/aisimulate/src/aiconfigurator_core/systems/data/rtx_pro_6000_server/sglang/0.5.10rc0/gemm_perf.parquet)","python python/aisimulate/tools/support_matrix/generate_fpe_support_matrix.py --model ""Qwen/Qwen3-0.6B"" --system ""rtx_pro_6000_server"" --backend ""sglang"" --backend-version ""0.5.10rc0"" --forward-model op_level --max-workers 8",,24,6,"PERF_DATA_MISSING=12, SDK_UNREPRESENTABLE=12",,26dae1f99b2b50fb17118f38d8a8e95dfac3357c
Qwen/Qwen3-0.6B,Qwen3ForCausalLM,rtx_pro_6000_server,sglang,0.5.12,PASS,,"python python/aisimulate/tools/support_matrix/generate_fpe_support_matrix.py --model ""Qwen/Qwen3-0.6B"" --system ""rtx_pro_6000_server"" --backend ""sglang"" --backend-version ""0.5.12"" --forward-model op_level --max-workers 8",silicon,24,6,"PASS=8, PERF_DATA_MISSING=4, SDK_UNREPRESENTABLE=12","decode_end=360.134810, decode_start=1.408442, mixed=3.403061, prefill=2.964162",26dae1f99b2b50fb17118f38d8a8e95dfac3357c
Qwen/Qwen3-0.6B,Qwen3ForCausalLM,rtx_pro_6000_server,sglang,0.5.14,PASS,,"python python/aisimulate/tools/support_matrix/generate_fpe_support_matrix.py --model ""Qwen/Qwen3-0.6B"" --system ""rtx_pro_6000_server"" --backend ""sglang"" --backend-version ""0.5.14"" --forward-model op_level --max-workers 8",silicon,24,6,"PASS=12, SDK_UNREPRESENTABLE=12","decode_end=360.134810, decode_start=1.408442, mixed=3.403061, prefill=2.964162",26dae1f99b2b50fb17118f38d8a8e95dfac3357c
Qwen/Qwen3-0.6B,Qwen3ForCausalLM,rtx_pro_6000_server,sglang,0.5.16,PASS,,"python python/aisimulate/tools/support_matrix/generate_fpe_support_matrix.py --model ""Qwen/Qwen3-0.6B"" --system ""rtx_pro_6000_server"" --backend ""sglang"" --backend-version ""0.5.16"" --forward-model op_level --max-workers 8",silicon,24,6,"PASS=12, SDK_UNREPRESENTABLE=12","decode_end=360.134810, decode_start=1.408442, mixed=3.403061, prefill=2.964162",26dae1f99b2b50fb17118f38d8a8e95dfac3357c
Qwen/Qwen3-0.6B,Qwen3ForCausalLM,rtx_pro_6000_server,sglang,0.5.9,FAIL,"Strict-native op-level FPE probes: PERF_DATA_MISSING=12, SDK_UNREPRESENTABLE=12; raw probes=24; topologies=6; source_sha=26dae1f99b2b50fb17118f38d8a8e95dfac3357c. Representative failure: perf database error: perf database error: no GEMM rows loaded from 1 source(s) (first: <repo>/python/aisimulate/src/aiconfigurator_core/systems/data/rtx_pro_6000_server/sglang/0.5.9/gemm_perf.parquet)","python python/aisimulate/tools/support_matrix/generate_fpe_support_matrix.py --model ""Qwen/Qwen3-0.6B"" --system ""rtx_pro_6000_server"" --backend ""sglang"" --backend-version ""0.5.9"" --forward-model op_level --max-workers 8",,24,6,"PERF_DATA_MISSING=12, SDK_UNREPRESENTABLE=12",,26dae1f99b2b50fb17118f38d8a8e95dfac3357c
Qwen/Qwen3-0.6B,Qwen3ForCausalLM,rtx_pro_6000_server,trtllm,1.3.0rc10,PASS,,"python python/aisimulate/tools/support_matrix/generate_fpe_support_matrix.py --model ""Qwen/Qwen3-0.6B"" --system ""rtx_pro_6000_server"" --backend ""trtllm"" --backend-version ""1.3.0rc10"" --forward-model op_level --max-workers 8",silicon,12,3,"PASS=8, PERF_DATA_MISSING=4","decode_end=382.441313, decode_start=1.473253, mixed=3.584467, prefill=3.097059",26dae1f99b2b50fb17118f38d8a8e95dfac3357c
Qwen/Qwen3-0.6B,Qwen3ForCausalLM,rtx_pro_6000_server,trtllm,1.3.0rc15,PASS,,"python python/aisimulate/tools/support_matrix/generate_fpe_support_matrix.py --model ""Qwen/Qwen3-0.6B"" --system ""rtx_pro_6000_server"" --backend ""trtllm"" --backend-version ""1.3.0rc15"" --forward-model op_level --max-workers 8",silicon,12,3,"PASS=8, PERF_DATA_MISSING=4","decode_end=382.441313, decode_start=1.473253, mixed=3.584467, prefill=3.097059",26dae1f99b2b50fb17118f38d8a8e95dfac3357c
Qwen/Qwen3-0.6B,Qwen3ForCausalLM,rtx_pro_6000_server,trtllm,1.3.0rc20,PASS,,"python python/aisimulate/tools/support_matrix/generate_fpe_support_matrix.py --model ""Qwen/Qwen3-0.6B"" --system ""rtx_pro_6000_server"" --backend ""trtllm"" --backend-version ""1.3.0rc20"" --forward-model op_level --max-workers 8",silicon,12,3,PASS=12,"decode_end=373.144544, decode_start=1.437313, mixed=3.426350, prefill=2.960567",26dae1f99b2b50fb17118f38d8a8e95dfac3357c
Qwen/Qwen3-0.6B,Qwen3ForCausalLM,rtx_pro_6000_server,trtllm,1.3.0rc23,PASS,,"python python/aisimulate/tools/support_matrix/generate_fpe_support_matrix.py --model ""Qwen/Qwen3-0.6B"" --system ""rtx_pro_6000_server"" --backend ""trtllm"" --backend-version ""1.3.0rc23"" --forward-model op_level --max-workers 8",silicon,12,3,PASS=12,"decode_end=373.144544, decode_start=1.437313, mixed=3.426350, prefill=2.960567",26dae1f99b2b50fb17118f38d8a8e95dfac3357c
Qwen/Qwen3-0.6B,Qwen3ForCausalLM,rtx_pro_6000_server,vllm,0.1.dev19262,FAIL,Strict-native op-level FPE probes: PERF_DATA_MISSING=12; raw probes=12; topologies=3; source_sha=26dae1f99b2b50fb17118f38d8a8e95dfac3357c. Representative failure: perf database error: perf database error: no GEMM rows loaded from 1 source(s) (first: <repo>/python/aisimulate/src/aiconfigurator_core/systems/data/rtx_pro_6000_server/vllm/0.1.dev19262/gemm_perf.parquet),"python python/aisimulate/tools/support_matrix/generate_fpe_support_matrix.py --model ""Qwen/Qwen3-0.6B"" --system ""rtx_pro_6000_server"" --backend ""vllm"" --backend-version ""0.1.dev19262"" --forward-model op_level --max-workers 8",,12,3,PERF_DATA_MISSING=12,,26dae1f99b2b50fb17118f38d8a8e95dfac3357c
Qwen/Qwen3-0.6B,Qwen3ForCausalLM,rtx_pro_6000_server,vllm,0.14.0,FAIL,Strict-native op-level FPE probes: PERF_DATA_MISSING=12; raw probes=12; topologies=3; source_sha=26dae1f99b2b50fb17118f38d8a8e95dfac3357c. Representative failure: perf database error: perf database error: no GEMM rows loaded from 1 source(s) (first: <repo>/python/aisimulate/src/aiconfigurator_core/systems/data/rtx_pro_6000_server/vllm/0.14.0/gemm_perf.parquet),"python python/aisimulate/tools/support_matrix/generate_fpe_support_matrix.py --model ""Qwen/Qwen3-0.6B"" --system ""rtx_pro_6000_server"" --backend ""vllm"" --backend-version ""0.14.0"" --forward-model op_level --max-workers 8",,12,3,PERF_DATA_MISSING=12,,26dae1f99b2b50fb17118f38d8a8e95dfac3357c
Qwen/Qwen3-0.6B,Qwen3ForCausalLM,rtx_pro_6000_server,vllm,0.19.0,PASS,,"python python/aisimulate/tools/support_matrix/generate_fpe_support_matrix.py --model ""Qwen/Qwen3-0.6B"" --system ""rtx_pro_6000_server"" --backend ""vllm"" --backend-version ""0.19.0"" --forward-model op_level --max-workers 8",silicon,12,3,"PASS=8, PERF_DATA_MISSING=4","decode_end=467.732980, decode_start=1.782735, mixed=4.021605, prefill=3.417797",26dae1f99b2b50fb17118f38d8a8e95dfac3357c
Qwen/Qwen3-0.6B,Qwen3ForCausalLM,rtx_pro_6000_server,vllm,0.22.0,PASS,,"python python/aisimulate/tools/support_matrix/generate_fpe_support_matrix.py --model ""Qwen/Qwen3-0.6B"" --system ""rtx_pro_6000_server"" --backend ""vllm"" --backend-version ""0.22.0"" --forward-model op_level --max-workers 8",silicon,12,3,"PASS=8, PERF_DATA_MISSING=4","decode_end=421.156299, decode_start=1.596109, mixed=3.523205, prefill=2.847023",26dae1f99b2b50fb17118f38d8a8e95dfac3357c
Qwen/Qwen3-0.6B,Qwen3ForCausalLM,rtx_pro_6000_server,vllm,0.24.0,PASS,,"python python/aisimulate/tools/support_matrix/generate_fpe_support_matrix.py --model ""Qwen/Qwen3-0.6B"" --system ""rtx_pro_6000_server"" --backend ""vllm"" --backend-version ""0.24.0"" --forward-model op_level --max-workers 8",silicon,12,3,PASS=12,"decode_end=421.156299, decode_start=1.596109, mixed=3.523205, prefill=2.847023",26dae1f99b2b50fb17118f38d8a8e95dfac3357c
Qwen/Qwen3-1.7B,Qwen3ForCausalLM,rtx_pro_6000_server,sglang,0.5.10,PASS,,"python python/aisimulate/tools/support_matrix/generate_fpe_support_matrix.py --model ""Qwen/Qwen3-1.7B"" --system ""rtx_pro_6000_server"" --backend ""sglang"" --backend-version ""0.5.10"" --forward-model op_level --max-workers 8",silicon,24,6,"PASS=8, PERF_DATA_MISSING=4, SDK_UNREPRESENTABLE=12","decode_end=927.022188, decode_start=3.610525, mixed=5.382110, prefill=6.278594",26dae1f99b2b50fb17118f38d8a8e95dfac3357c
Qwen/Qwen3-1.7B,Qwen3ForCausalLM,rtx_pro_6000_server,sglang,0.5.10rc0,FAIL,"Strict-native op-level FPE probes: PERF_DATA_MISSING=12, SDK_UNREPRESENTABLE=12; raw probes=24; topologies=6; source_sha=26dae1f99b2b50fb17118f38d8a8e95dfac3357c. Representative failure: perf database error: perf database error: no GEMM rows loaded from 1 source(s) (first: <repo>/python/aisimulate/src/aiconfigurator_core/systems/data/rtx_pro_6000_server/sglang/0.5.10rc0/gemm_perf.parquet)","python python/aisimulate/tools/support_matrix/generate_fpe_support_matrix.py --model ""Qwen/Qwen3-1.7B"" --system ""rtx_pro_6000_server"" --backend ""sglang"" --backend-version ""0.5.10rc0"" --forward-model op_level --max-workers 8",,24,6,"PERF_DATA_MISSING=12, SDK_UNREPRESENTABLE=12",,26dae1f99b2b50fb17118f38d8a8e95dfac3357c
Qwen/Qwen3-1.7B,Qwen3ForCausalLM,rtx_pro_6000_server,sglang,0.5.12,PASS,,"python python/aisimulate/tools/support_matrix/generate_fpe_support_matrix.py --model ""Qwen/Qwen3-1.7B"" --system ""rtx_pro_6000_server"" --backend ""sglang"" --backend-version ""0.5.12"" --forward-model op_level --max-workers 8",silicon,24,6,"PASS=8, PERF_DATA_MISSING=4, SDK_UNREPRESENTABLE=12","decode_end=804.180867, decode_start=3.149799, mixed=5.365139, prefill=4.766762",26dae1f99b2b50fb17118f38d8a8e95dfac3357c
Qwen/Qwen3-1.7B,Qwen3ForCausalLM,rtx_pro_6000_server,sglang,0.5.14,PASS,,"python python/aisimulate/tools/support_matrix/generate_fpe_support_matrix.py --model ""Qwen/Qwen3-1.7B"" --system ""rtx_pro_6000_server"" --backend ""sglang"" --backend-version ""0.5.14"" --forward-model op_level --max-workers 8",silicon,24,6,"PASS=12, SDK_UNREPRESENTABLE=12","decode_end=804.180867, decode_start=3.149799, mixed=5.365139, prefill=4.766762",26dae1f99b2b50fb17118f38d8a8e95dfac3357c
Qwen/Qwen3-1.7B,Qwen3ForCausalLM,rtx_pro_6000_server,sglang,0.5.16,PASS,,"python python/aisimulate/tools/support_matrix/generate_fpe_support_matrix.py --model ""Qwen/Qwen3-1.7B"" --system ""rtx_pro_6000_server"" --backend ""sglang"" --backend-version ""0.5.16"" --forward-model op_level --max-workers 8",silicon,24,6,"PASS=12, SDK_UNREPRESENTABLE=12","decode_end=804.180867, decode_start=3.149799, mixed=5.365139, prefill=4.766762",26dae1f99b2b50fb17118f38d8a8e95dfac3357c
Qwen/Qwen3-1.7B,Qwen3ForCausalLM,rtx_pro_6000_server,sglang,0.5.9,FAIL,"Strict-native op-level FPE probes: PERF_DATA_MISSING=12, SDK_UNREPRESENTABLE=12; raw probes=24; topologies=6; source_sha=26dae1f99b2b50fb17118f38d8a8e95dfac3357c. Representative failure: perf database error: perf database error: no GEMM rows loaded from 1 source(s) (first: <repo>/python/aisimulate/src/aiconfigurator_core/systems/data/rtx_pro_6000_server/sglang/0.5.9/gemm_perf.parquet)","python python/aisimulate/tools/support_matrix/generate_fpe_support_matrix.py --model ""Qwen/Qwen3-1.7B"" --system ""rtx_pro_6000_server"" --backend ""sglang"" --backend-version ""0.5.9"" --forward-model op_level --max-workers 8",,24,6,"PERF_DATA_MISSING=12, SDK_UNREPRESENTABLE=12",,26dae1f99b2b50fb17118f38d8a8e95dfac3357c
Qwen/Qwen3-1.7B,Qwen3ForCausalLM,rtx_pro_6000_server,trtllm,1.3.0rc10,PASS,,"python python/aisimulate/tools/support_matrix/generate_fpe_support_matrix.py --model ""Qwen/Qwen3-1.7B"" --system ""rtx_pro_6000_server"" --backend ""trtllm"" --backend-version ""1.3.0rc10"" --forward-model op_level --max-workers 8",silicon,12,3,"PASS=8, PERF_DATA_MISSING=4","decode_end=771.153832, decode_start=2.997616, mixed=5.410874, prefill=4.632134",26dae1f99b2b50fb17118f38d8a8e95dfac3357c
Qwen/Qwen3-1.7B,Qwen3ForCausalLM,rtx_pro_6000_server,trtllm,1.3.0rc15,PASS,,"python python/aisimulate/tools/support_matrix/generate_fpe_support_matrix.py --model ""Qwen/Qwen3-1.7B"" --system ""rtx_pro_6000_server"" --backend ""trtllm"" --backend-version ""1.3.0rc15"" --forward-model op_level --max-workers 8",silicon,12,3,"PASS=8, PERF_DATA_MISSING=4","decode_end=771.153832, decode_start=2.997616, mixed=5.410874, prefill=4.632134",26dae1f99b2b50fb17118f38d8a8e95dfac3357c
Qwen/Qwen3-1.7B,Qwen3ForCausalLM,rtx_pro_6000_server,trtllm,1.3.0rc20,PASS,,"python python/aisimulate/tools/support_matrix/generate_fpe_support_matrix.py --model ""Qwen/Qwen3-1.7B"" --system ""rtx_pro_6000_server"" --backend ""trtllm"" --backend-version ""1.3.0rc20"" --forward-model op_level --max-workers 8",silicon,12,3,PASS=12,"decode_end=732.333085, decode_start=2.845895, mixed=5.192092, prefill=4.354660",26dae1f99b2b50fb17118f38d8a8e95dfac3357c
Qwen/Qwen3-1.7B,Qwen3ForCausalLM,rtx_pro_6000_server,trtllm,1.3.0rc23,PASS,,"python python/aisimulate/tools/support_matrix/generate_fpe_support_matrix.py --model ""Qwen/Qwen3-1.7B"" --system ""rtx_pro_6000_server"" --backend ""trtllm"" --backend-version ""1.3.0rc23"" --forward-model op_level --max-workers 8",silicon,12,3,PASS=12,"decode_end=732.333085, decode_start=2.845895, mixed=5.192092, prefill=4.354660",26dae1f99b2b50fb17118f38d8a8e95dfac3357c
Qwen/Qwen3-1.7B,Qwen3ForCausalLM,rtx_pro_6000_server,vllm,0.1.dev19262,FAIL,Strict-native op-level FPE probes: PERF_DATA_MISSING=12; raw probes=12; topologies=3; source_sha=26dae1f99b2b50fb17118f38d8a8e95dfac3357c. Representative failure: perf database error: perf database error: no GEMM rows loaded from 1 source(s) (first: <repo>/python/aisimulate/src/aiconfigurator_core/systems/data/rtx_pro_6000_server/vllm/0.1.dev19262/gemm_perf.parquet),"python python/aisimulate/tools/support_matrix/generate_fpe_support_matrix.py --model ""Qwen/Qwen3-1.7B"" --system ""rtx_pro_6000_server"" --backend ""vllm"" --backend-version ""0.1.dev19262"" --forward-model op_level --max-workers 8",,12,3,PERF_DATA_MISSING=12,,26dae1f99b2b50fb17118f38d8a8e95dfac3357c
Qwen/Qwen3-1.7B,Qwen3ForCausalLM,rtx_pro_6000_server,vllm,0.14.0,FAIL,Strict-native op-level FPE probes: PERF_DATA_MISSING=12; raw probes=12; topologies=3; source_sha=26dae1f99b2b50fb17118f38d8a8e95dfac3357c. Representative failure: perf database error: perf database error: no GEMM rows loaded from 1 source(s) (first: <repo>/python/aisimulate/src/aiconfigurator_core/systems/data/rtx_pro_6000_server/vllm/0.14.0/gemm_perf.parquet),"python python/aisimulate/tools/support_matrix/generate_fpe_support_matrix.py --model ""Qwen/Qwen3-1.7B"" --system ""rtx_pro_6000_server"" --backend ""vllm"" --backend-version ""0.14.0"" --forward-model op_level --max-workers 8",,12,3,PERF_DATA_MISSING=12,,26dae1f99b2b50fb17118f38d8a8e95dfac3357c
Qwen/Qwen3-1.7B,Qwen3ForCausalLM,rtx_pro_6000_server,vllm,0.19.0,PASS,,"python python/aisimulate/tools/support_matrix/generate_fpe_support_matrix.py --model ""Qwen/Qwen3-1.7B"" --system ""rtx_pro_6000_server"" --backend ""vllm"" --backend-version ""0.19.0"" --forward-model op_level --max-workers 8",silicon,12,3,"PASS=8, PERF_DATA_MISSING=4","decode_end=966.333181, decode_start=3.738029, mixed=5.504942, prefill=6.197768",26dae1f99b2b50fb17118f38d8a8e95dfac3357c
Qwen/Qwen3-1.7B,Qwen3ForCausalLM,rtx_pro_6000_server,vllm,0.22.0,PASS,,"python python/aisimulate/tools/support_matrix/generate_fpe_support_matrix.py --model ""Qwen/Qwen3-1.7B"" --system ""rtx_pro_6000_server"" --backend ""vllm"" --backend-version ""0.22.0"" --forward-model op_level --max-workers 8",silicon,12,3,"PASS=8, PERF_DATA_MISSING=4","decode_end=823.752481, decode_start=3.174918, mixed=5.353732, prefill=4.517199",26dae1f99b2b50fb17118f38d8a8e95dfac3357c
Qwen/Qwen3-1.7B,Qwen3ForCausalLM,rtx_pro_6000_server,vllm,0.24.0,PASS,,"python python/aisimulate/tools/support_matrix/generate_fpe_support_matrix.py --model ""Qwen/Qwen3-1.7B"" --system ""rtx_pro_6000_server"" --backend ""vllm"" --backend-version ""0.24.0"" --forward-model op_level --max-workers 8",silicon,12,3,PASS=12,"decode_end=823.752481, decode_start=3.174918, mixed=5.353732, prefill=4.517199",26dae1f99b2b50fb17118f38d8a8e95dfac3357c
Qwen/Qwen3-235B-A22B,Qwen3MoeForCausalLM,rtx_pro_6000_server,sglang,0.5.10,PASS,,"python python/aisimulate/tools/support_matrix/generate_fpe_support_matrix.py --model ""Qwen/Qwen3-235B-A22B"" --system ""rtx_pro_6000_server"" --backend ""sglang"" --backend-version ""0.5.10"" --forward-model op_level --max-workers 8",silicon,540,135,"PASS=116, PERF_DATA_MISSING=104, SDK_UNREPRESENTABLE=320","decode_end=30052.087303, decode_start=117.826449, mixed=355.999542, prefill=318.299561",26dae1f99b2b50fb17118f38d8a8e95dfac3357c
Qwen/Qwen3-235B-A22B,Qwen3MoeForCausalLM,rtx_pro_6000_server,sglang,0.5.10rc0,FAIL,"Strict-native op-level FPE probes: PERF_DATA_MISSING=220, SDK_UNREPRESENTABLE=320; raw probes=540; topologies=135; source_sha=26dae1f99b2b50fb17118f38d8a8e95dfac3357c. Representative failure: perf database error: perf database error: no GEMM rows loaded from 1 source(s) (first: <repo>/python/aisimulate/src/aiconfigurator_core/systems/data/rtx_pro_6000_server/sglang/0.5.10rc0/gemm_perf.parquet)","python python/aisimulate/tools/support_matrix/generate_fpe_support_matrix.py --model ""Qwen/Qwen3-235B-A22B"" --system ""rtx_pro_6000_server"" --backend ""sglang"" --backend-version ""0.5.10rc0"" --forward-model op_level --max-workers 8",,540,135,"PERF_DATA_MISSING=220, SDK_UNREPRESENTABLE=320",,26dae1f99b2b50fb17118f38d8a8e95dfac3357c
Qwen/Qwen3-235B-A22B,Qwen3MoeForCausalLM,rtx_pro_6000_server,sglang,0.5.12,PASS,,"python python/aisimulate/tools/support_matrix/generate_fpe_support_matrix.py --model ""Qwen/Qwen3-235B-A22B"" --system ""rtx_pro_6000_server"" --backend ""sglang"" --backend-version ""0.5.12"" --forward-model op_level --max-workers 8",silicon,540,135,"PASS=116, PERF_DATA_MISSING=104, SDK_UNREPRESENTABLE=320","decode_end=29571.874771, decode_start=115.958551, mixed=355.425227, prefill=318.290568",26dae1f99b2b50fb17118f38d8a8e95dfac3357c
Qwen/Qwen3-235B-A22B,Qwen3MoeForCausalLM,rtx_pro_6000_server,sglang,0.5.14,PASS,,"python python/aisimulate/tools/support_matrix/generate_fpe_support_matrix.py --model ""Qwen/Qwen3-235B-A22B"" --system ""rtx_pro_6000_server"" --backend ""sglang"" --backend-version ""0.5.14"" --forward-model op_level --max-workers 8",silicon,540,135,"PASS=220, SDK_UNREPRESENTABLE=320","decode_end=29571.874771, decode_start=115.958551, mixed=355.425227, prefill=318.290568",26dae1f99b2b50fb17118f38d8a8e95dfac3357c
Qwen/Qwen3-235B-A22B,Qwen3MoeForCausalLM,rtx_pro_6000_server,sglang,0.5.16,PASS,,"python python/aisimulate/tools/support_matrix/generate_fpe_support_matrix.py --model ""Qwen/Qwen3-235B-A22B"" --system ""rtx_pro_6000_server"" --backend ""sglang"" --backend-version ""0.5.16"" --forward-model op_level --max-workers 8",silicon,540,135,"PASS=220, SDK_UNREPRESENTABLE=320","decode_end=29571.874771, decode_start=115.958551, mixed=355.425227, prefill=318.290568",26dae1f99b2b50fb17118f38d8a8e95dfac3357c
Qwen/Qwen3-235B-A22B,Qwen3MoeForCausalLM,rtx_pro_6000_server,sglang,0.5.9,FAIL,"Strict-native op-level FPE probes: PERF_DATA_MISSING=220, SDK_UNREPRESENTABLE=320; raw probes=540; topologies=135; source_sha=26dae1f99b2b50fb17118f38d8a8e95dfac3357c. Representative failure: perf database error: perf database error: no GEMM rows loaded from 1 source(s) (first: <repo>/python/aisimulate/src/aiconfigurator_core/systems/data/rtx_pro_6000_server/sglang/0.5.9/gemm_perf.parquet)","python python/aisimulate/tools/support_matrix/generate_fpe_support_matrix.py --model ""Qwen/Qwen3-235B-A22B"" --system ""rtx_pro_6000_server"" --backend ""sglang"" --backend-version ""0.5.9"" --forward-model op_level --max-workers 8",,540,135,"PERF_DATA_MISSING=220, SDK_UNREPRESENTABLE=320",,26dae1f99b2b50fb17118f38d8a8e95dfac3357c
Qwen/Qwen3-235B-A22B,Qwen3MoeForCausalLM,rtx_pro_6000_server,trtllm,1.3.0rc10,PASS,,"python python/aisimulate/tools/support_matrix/generate_fpe_support_matrix.py --model ""Qwen/Qwen3-235B-A22B"" --system ""rtx_pro_6000_server"" --backend ""trtllm"" --backend-version ""1.3.0rc10"" --forward-model op_level --max-workers 8",silicon,116,29,"PASS=68, PERF_DATA_MISSING=48","decode_end=30427.992389, decode_start=119.350792, mixed=322.364381, prefill=316.253284",26dae1f99b2b50fb17118f38d8a8e95dfac3357c
Qwen/Qwen3-235B-A22B,Qwen3MoeForCausalLM,rtx_pro_6000_server,trtllm,1.3.0rc15,PASS,,"python python/aisimulate/tools/support_matrix/generate_fpe_support_matrix.py --model ""Qwen/Qwen3-235B-A22B"" --system ""rtx_pro_6000_server"" --backend ""trtllm"" --backend-version ""1.3.0rc15"" --forward-model op_level --max-workers 8",silicon,116,29,"PASS=68, PERF_DATA_MISSING=48","decode_end=30427.992389, decode_start=119.350792, mixed=322.364381, prefill=316.253284",26dae1f99b2b50fb17118f38d8a8e95dfac3357c
Qwen/Qwen3-235B-A22B,Qwen3MoeForCausalLM,rtx_pro_6000_server,trtllm,1.3.0rc20,PASS,,"python python/aisimulate/tools/support_matrix/generate_fpe_support_matrix.py --model ""Qwen/Qwen3-235B-A22B"" --system ""rtx_pro_6000_server"" --backend ""trtllm"" --backend-version ""1.3.0rc20"" --forward-model op_level --max-workers 8",silicon,116,29,PASS=116,"decode_end=28622.456182, decode_start=112.277254, mixed=319.760652, prefill=312.835564",26dae1f99b2b50fb17118f38d8a8e95dfac3357c
Qwen/Qwen3-235B-A22B,Qwen3MoeForCausalLM,rtx_pro_6000_server,trtllm,1.3.0rc23,PASS,,"python python/aisimulate/tools/support_matrix/generate_fpe_support_matrix.py --model ""Qwen/Qwen3-235B-A22B"" --system ""rtx_pro_6000_server"" --backend ""trtllm"" --backend-version ""1.3.0rc23"" --forward-model op_level --max-workers 8",silicon,116,29,PASS=116,"decode_end=28622.456182, decode_start=112.277254, mixed=319.760652, prefill=312.835564",26dae1f99b2b50fb17118f38d8a8e95dfac3357c
Qwen/Qwen3-235B-A22B,Qwen3MoeForCausalLM,rtx_pro_6000_server,vllm,0.1.dev19262,FAIL,Strict-native op-level FPE probes: PERF_DATA_MISSING=116; raw probes=116; topologies=29; source_sha=26dae1f99b2b50fb17118f38d8a8e95dfac3357c. Representative failure: perf database error: perf database error: no GEMM rows loaded from 1 source(s) (first: <repo>/python/aisimulate/src/aiconfigurator_core/systems/data/rtx_pro_6000_server/vllm/0.1.dev19262/gemm_perf.parquet),"python python/aisimulate/tools/support_matrix/generate_fpe_support_matrix.py --model ""Qwen/Qwen3-235B-A22B"" --system ""rtx_pro_6000_server"" --backend ""vllm"" --backend-version ""0.1.dev19262"" --forward-model op_level --max-workers 8",,116,29,PERF_DATA_MISSING=116,,26dae1f99b2b50fb17118f38d8a8e95dfac3357c
Qwen/Qwen3-235B-A22B,Qwen3MoeForCausalLM,rtx_pro_6000_server,vllm,0.14.0,FAIL,Strict-native op-level FPE probes: PERF_DATA_MISSING=116; raw probes=116; topologies=29; source_sha=26dae1f99b2b50fb17118f38d8a8e95dfac3357c. Representative failure: perf database error: perf database error: no GEMM rows loaded from 1 source(s) (first: <repo>/python/aisimulate/src/aiconfigurator_core/systems/data/rtx_pro_6000_server/vllm/0.14.0/gemm_perf.parquet),"python python/aisimulate/tools/support_matrix/generate_fpe_support_matrix.py --model ""Qwen/Qwen3-235B-A22B"" --system ""rtx_pro_6000_server"" --backend ""vllm"" --backend-version ""0.14.0"" --forward-model op_level --max-workers 8",,116,29,PERF_DATA_MISSING=116,,26dae1f99b2b50fb17118f38d8a8e95dfac3357c
Qwen/Qwen3-235B-A22B,Qwen3MoeForCausalLM,rtx_pro_6000_server,vllm,0.19.0,PASS,,"python python/aisimulate/tools/support_matrix/generate_fpe_support_matrix.py --model ""Qwen/Qwen3-235B-A22B"" --system ""rtx_pro_6000_server"" --backend ""vllm"" --backend-version ""0.19.0"" --forward-model op_level --max-workers 8",silicon,116,29,"PASS=44, PERF_DATA_MISSING=72","decode_end=28465.914929, decode_start=111.605682, mixed=325.214790, prefill=319.870416",26dae1f99b2b50fb17118f38d8a8e95dfac3357c
Qwen/Qwen3-235B-A22B,Qwen3MoeForCausalLM,rtx_pro_6000_server,vllm,0.22.0,PASS,,"python python/aisimulate/tools/support_matrix/generate_fpe_support_matrix.py --model ""Qwen/Qwen3-235B-A22B"" --system ""rtx_pro_6000_server"" --backend ""vllm"" --backend-version ""0.22.0"" --forward-model op_level --max-workers 8",silicon,116,29,"PASS=44, PERF_DATA_MISSING=72","decode_end=29642.063647, decode_start=116.223998, mixed=332.585555, prefill=327.384350",26dae1f99b2b50fb17118f38d8a8e95dfac3357c
Qwen/Qwen3-235B-A22B,Qwen3MoeForCausalLM,rtx_pro_6000_server,vllm,0.24.0,PASS,,"python python/aisimulate/tools/support_matrix/generate_fpe_support_matrix.py --model ""Qwen/Qwen3-235B-A22B"" --system ""rtx_pro_6000_server"" --backend ""vllm"" --backend-version ""0.24.0"" --forward-model op_level --max-workers 8",silicon,116,29,PASS=116,"decode_end=29642.063647, decode_start=116.223998, mixed=332.585555, prefill=327.384350",26dae1f99b2b50fb17118f38d8a8e95dfac3357c
Qwen/Qwen3-235B-A22B-FP8,Qwen3MoeForCausalLM,rtx_pro_6000_server,sglang,0.5.10,FAIL,"Strict-native op-level FPE probes: BUILD_FAILED=56, PERF_DATA_MISSING=164, SDK_UNREPRESENTABLE=320; raw probes=540; topologies=135; source_sha=26dae1f99b2b50fb17118f38d8a8e95dfac3357c. Representative failure: Invalid quantized MoE configuration: (moe_intermediate_size=1536 / moe_tp_size=16) % weight_block_size=128 != 0.","python python/aisimulate/tools/support_matrix/generate_fpe_support_matrix.py --model ""Qwen/Qwen3-235B-A22B-FP8"" --system ""rtx_pro_6000_server"" --backend ""sglang"" --backend-version ""0.5.10"" --forward-model op_level --max-workers 8",,540,135,"BUILD_FAILED=56, PERF_DATA_MISSING=164, SDK_UNREPRESENTABLE=320",,26dae1f99b2b50fb17118f38d8a8e95dfac3357c
Qwen/Qwen3-235B-A22B-FP8,Qwen3MoeForCausalLM,rtx_pro_6000_server,sglang,0.5.10rc0,FAIL,"Strict-native op-level FPE probes: BUILD_FAILED=56, PERF_DATA_MISSING=164, SDK_UNREPRESENTABLE=320; raw probes=540; topologies=135; source_sha=26dae1f99b2b50fb17118f38d8a8e95dfac3357c. Representative failure: Invalid quantized MoE configuration: (moe_intermediate_size=1536 / moe_tp_size=16) % weight_block_size=128 != 0.","python python/aisimulate/tools/support_matrix/generate_fpe_support_matrix.py --model ""Qwen/Qwen3-235B-A22B-FP8"" --system ""rtx_pro_6000_server"" --backend ""sglang"" --backend-version ""0.5.10rc0"" --forward-model op_level --max-workers 8",,540,135,"BUILD_FAILED=56, PERF_DATA_MISSING=164, SDK_UNREPRESENTABLE=320",,26dae1f99b2b50fb17118f38d8a8e95dfac3357c
Qwen/Qwen3-235B-A22B-FP8,Qwen3MoeForCausalLM,rtx_pro_6000_server,sglang,0.5.12,FAIL,"Strict-native op-level FPE probes: BUILD_FAILED=56, PERF_DATA_MISSING=164, SDK_UNREPRESENTABLE=320; raw probes=540; topologies=135; source_sha=26dae1f99b2b50fb17118f38d8a8e95dfac3357c. Representative failure: Invalid quantized MoE configuration: (moe_intermediate_size=1536 / moe_tp_size=16) % weight_block_size=128 != 0.","python python/aisimulate/tools/support_matrix/generate_fpe_support_matrix.py --model ""Qwen/Qwen3-235B-A22B-FP8"" --system ""rtx_pro_6000_server"" --backend ""sglang"" --backend-version ""0.5.12"" --forward-model op_level --max-workers 8",,540,135,"BUILD_FAILED=56, PERF_DATA_MISSING=164, SDK_UNREPRESENTABLE=320",,26dae1f99b2b50fb17118f38d8a8e95dfac3357c
Qwen/Qwen3-235B-A22B-FP8,Qwen3MoeForCausalLM,rtx_pro_6000_server,sglang,0.5.14,FAIL,"Strict-native op-level FPE probes: BUILD_FAILED=56, PERF_DATA_MISSING=164, SDK_UNREPRESENTABLE=320; raw probes=540; topologies=135; source_sha=26dae1f99b2b50fb17118f38d8a8e95dfac3357c. Representative failure: Invalid quantized MoE configuration: (moe_intermediate_size=1536 / moe_tp_size=16) % weight_block_size=128 != 0.","python python/aisimulate/tools/support_matrix/generate_fpe_support_matrix.py --model ""Qwen/Qwen3-235B-A22B-FP8"" --system ""rtx_pro_6000_server"" --backend ""sglang"" --backend-version ""0.5.14"" --forward-model op_level --max-workers 8",,540,135,"BUILD_FAILED=56, PERF_DATA_MISSING=164, SDK_UNREPRESENTABLE=320",,26dae1f99b2b50fb17118f38d8a8e95dfac3357c
Qwen/Qwen3-235B-A22B-FP8,Qwen3MoeForCausalLM,rtx_pro_6000_server,sglang,0.5.16,FAIL,"Strict-native op-level FPE probes: BUILD_FAILED=56, PERF_DATA_MISSING=164, SDK_UNREPRESENTABLE=320; raw probes=540; topologies=135; source_sha=26dae1f99b2b50fb17118f38d8a8e95dfac3357c. Representative failure: Invalid quantized MoE configuration: (moe_intermediate_size=1536 / moe_tp_size=16) % weight_block_size=128 != 0.","python python/aisimulate/tools/support_matrix/generate_fpe_support_matrix.py --model ""Qwen/Qwen3-235B-A22B-FP8"" --system ""rtx_pro_6000_server"" --backend ""sglang"" --backend-version ""0.5.16"" --forward-model op_level --max-workers 8",,540,135,"BUILD_FAILED=56, PERF_DATA_MISSING=164, SDK_UNREPRESENTABLE=320",,26dae1f99b2b50fb17118f38d8a8e95dfac3357c
Qwen/Qwen3-235B-A22B-FP8,Qwen3MoeForCausalLM,rtx_pro_6000_server,sglang,0.5.9,FAIL,"Strict-native op-level FPE probes: BUILD_FAILED=56, PERF_DATA_MISSING=164, SDK_UNREPRESENTABLE=320; raw probes=540; topologies=135; source_sha=26dae1f99b2b50fb17118f38d8a8e95dfac3357c. Representative failure: Invalid quantized MoE configuration: (moe_intermediate_size=1536 / moe_tp_size=16) % weight_block_size=128 != 0.","python python/aisimulate/tools/support_matrix/generate_fpe_support_matrix.py --model ""Qwen/Qwen3-235B-A22B-FP8"" --system ""rtx_pro_6000_server"" --backend ""sglang"" --backend-version ""0.5.9"" --forward-model op_level --max-workers 8",,540,135,"BUILD_FAILED=56, PERF_DATA_MISSING=164, SDK_UNREPRESENTABLE=320",,26dae1f99b2b50fb17118f38d8a8e95dfac3357c
Qwen/Qwen3-235B-A22B-FP8,Qwen3MoeForCausalLM,rtx_pro_6000_server,trtllm,1.3.0rc10,FAIL,"Strict-native op-level FPE probes: BUILD_FAILED=24, PERF_DATA_MISSING=92; raw probes=116; topologies=29; source_sha=26dae1f99b2b50fb17118f38d8a8e95dfac3357c. Representative failure: Invalid quantized MoE configuration: (moe_intermediate_size=1536 / moe_tp_size=16) % weight_block_size=128 != 0.","python python/aisimulate/tools/support_matrix/generate_fpe_support_matrix.py --model ""Qwen/Qwen3-235B-A22B-FP8"" --system ""rtx_pro_6000_server"" --backend ""trtllm"" --backend-version ""1.3.0rc10"" --forward-model op_level --max-workers 8",,116,29,"BUILD_FAILED=24, PERF_DATA_MISSING=92",,26dae1f99b2b50fb17118f38d8a8e95dfac3357c
Qwen/Qwen3-235B-A22B-FP8,Qwen3MoeForCausalLM,rtx_pro_6000_server,trtllm,1.3.0rc15,FAIL,"Strict-native op-level FPE probes: BUILD_FAILED=24, PERF_DATA_MISSING=92; raw probes=116; topologies=29; source_sha=26dae1f99b2b50fb17118f38d8a8e95dfac3357c. Representative failure: Invalid quantized MoE configuration: (moe_intermediate_size=1536 / moe_tp_size=16) % weight_block_size=128 != 0.","python python/aisimulate/tools/support_matrix/generate_fpe_support_matrix.py --model ""Qwen/Qwen3-235B-A22B-FP8"" --system ""rtx_pro_6000_server"" --backend ""trtllm"" --backend-version ""1.3.0rc15"" --forward-model op_level --max-workers 8",,116,29,"BUILD_FAILED=24, PERF_DATA_MISSING=92",,26dae1f99b2b50fb17118f38d8a8e95dfac3357c
Qwen/Qwen3-235B-A22B-FP8,Qwen3MoeForCausalLM,rtx_pro_6000_server,trtllm,1.3.0rc20,PASS,,"python python/aisimulate/tools/support_matrix/generate_fpe_support_matrix.py --model ""Qwen/Qwen3-235B-A22B-FP8"" --system ""rtx_pro_6000_server"" --backend ""trtllm"" --backend-version ""1.3.0rc20"" --forward-model op_level --max-workers 8",silicon,116,29,"BUILD_FAILED=24, PASS=92","decode_end=21805.723625, decode_start=85.387168, mixed=239.365633, prefill=235.396313",26dae1f99b2b50fb17118f38d8a8e95dfac3357c
Qwen/Qwen3-235B-A22B-FP8,Qwen3MoeForCausalLM,rtx_pro_6000_server,trtllm,1.3.0rc23,PASS,,"python python/aisimulate/tools/support_matrix/generate_fpe_support_matrix.py --model ""Qwen/Qwen3-235B-A22B-FP8"" --system ""rtx_pro_6000_server"" --backend ""trtllm"" --backend-version ""1.3.0rc23"" --forward-model op_level --max-workers 8",silicon,116,29,"BUILD_FAILED=24, PASS=92","decode_end=21805.723625, decode_start=85.387168, mixed=239.365633, prefill=235.396313",26dae1f99b2b50fb17118f38d8a8e95dfac3357c
Qwen/Qwen3-235B-A22B-FP8,Qwen3MoeForCausalLM,rtx_pro_6000_server,vllm,0.1.dev19262,FAIL,"Strict-native op-level FPE probes: BUILD_FAILED=36, PERF_DATA_MISSING=80; raw probes=116; topologies=29; source_sha=26dae1f99b2b50fb17118f38d8a8e95dfac3357c. Representative failure: Invalid quantized MoE configuration: (moe_intermediate_size=1536 / moe_tp_size=16) % weight_block_size=128 != 0.","python python/aisimulate/tools/support_matrix/generate_fpe_support_matrix.py --model ""Qwen/Qwen3-235B-A22B-FP8"" --system ""rtx_pro_6000_server"" --backend ""vllm"" --backend-version ""0.1.dev19262"" --forward-model op_level --max-workers 8",,116,29,"BUILD_FAILED=36, PERF_DATA_MISSING=80",,26dae1f99b2b50fb17118f38d8a8e95dfac3357c
Qwen/Qwen3-235B-A22B-FP8,Qwen3MoeForCausalLM,rtx_pro_6000_server,vllm,0.14.0,FAIL,"Strict-native op-level FPE probes: BUILD_FAILED=36, PERF_DATA_MISSING=80; raw probes=116; topologies=29; source_sha=26dae1f99b2b50fb17118f38d8a8e95dfac3357c. Representative failure: Invalid quantized MoE configuration: (moe_intermediate_size=1536 / moe_tp_size=16) % weight_block_size=128 != 0.","python python/aisimulate/tools/support_matrix/generate_fpe_support_matrix.py --model ""Qwen/Qwen3-235B-A22B-FP8"" --system ""rtx_pro_6000_server"" --backend ""vllm"" --backend-version ""0.14.0"" --forward-model op_level --max-workers 8",,116,29,"BUILD_FAILED=36, PERF_DATA_MISSING=80",,26dae1f99b2b50fb17118f38d8a8e95dfac3357c
Qwen/Qwen3-235B-A22B-FP8,Qwen3MoeForCausalLM,rtx_pro_6000_server,vllm,0.19.0,PASS,,"python python/aisimulate/tools/support_matrix/generate_fpe_support_matrix.py --model ""Qwen/Qwen3-235B-A22B-FP8"" --system ""rtx_pro_6000_server"" --backend ""vllm"" --backend-version ""0.19.0"" --forward-model op_level --max-workers 8",silicon,116,29,"BUILD_FAILED=36, PASS=36, PERF_DATA_MISSING=44","decode_end=20330.571120, decode_start=79.719350, mixed=188.383251, prefill=186.274641",26dae1f99b2b50fb17118f38d8a8e95dfac3357c
Qwen/Qwen3-235B-A22B-FP8,Qwen3MoeForCausalLM,rtx_pro_6000_server,vllm,0.22.0,PASS,,"python python/aisimulate/tools/support_matrix/generate_fpe_support_matrix.py --model ""Qwen/Qwen3-235B-A22B-FP8"" --system ""rtx_pro_6000_server"" --backend ""vllm"" --backend-version ""0.22.0"" --forward-model op_level --max-workers 8",silicon,116,29,"BUILD_FAILED=36, PASS=36, PERF_DATA_MISSING=44","decode_end=20405.164143, decode_start=80.004999, mixed=189.393622, prefill=186.803757",26dae1f99b2b50fb17118f38d8a8e95dfac3357c
Qwen/Qwen3-235B-A22B-FP8,Qwen3MoeForCausalLM,rtx_pro_6000_server,vllm,0.24.0,PASS,,"python python/aisimulate/tools/support_matrix/generate_fpe_support_matrix.py --model ""Qwen/Qwen3-235B-A22B-FP8"" --system ""rtx_pro_6000_server"" --backend ""vllm"" --backend-version ""0.24.0"" --forward-model op_level --max-workers 8",silicon,116,29,"BUILD_FAILED=36, PASS=80","decode_end=20405.164143, decode_start=80.004999, mixed=189.393622, prefill=186.803757",26dae1f99b2b50fb17118f38d8a8e95dfac3357c
Qwen/Qwen3-30B-A3B,Qwen3MoeForCausalLM,rtx_pro_6000_server,sglang,0.5.10,PASS,,"python python/aisimulate/tools/support_matrix/generate_fpe_support_matrix.py --model ""Qwen/Qwen3-30B-A3B"" --system ""rtx_pro_6000_server"" --backend ""sglang"" --backend-version ""0.5.10"" --forward-model op_level --max-workers 8",silicon,540,135,"PASS=92, PERF_DATA_MISSING=128, SDK_UNREPRESENTABLE=320","decode_end=4347.919186, decode_start=17.012648, mixed=48.744747, prefill=43.718113",26dae1f99b2b50fb17118f38d8a8e95dfac3357c
Qwen/Qwen3-30B-A3B,Qwen3MoeForCausalLM,rtx_pro_6000_server,sglang,0.5.10rc0,FAIL,"Strict-native op-level FPE probes: PERF_DATA_MISSING=220, SDK_UNREPRESENTABLE=320; raw probes=540; topologies=135; source_sha=26dae1f99b2b50fb17118f38d8a8e95dfac3357c. Representative failure: perf database error: perf database error: no GEMM rows loaded from 1 source(s) (first: <repo>/python/aisimulate/src/aiconfigurator_core/systems/data/rtx_pro_6000_server/sglang/0.5.10rc0/gemm_perf.parquet)","python python/aisimulate/tools/support_matrix/generate_fpe_support_matrix.py --model ""Qwen/Qwen3-30B-A3B"" --system ""rtx_pro_6000_server"" --backend ""sglang"" --backend-version ""0.5.10rc0"" --forward-model op_level --max-workers 8",,540,135,"PERF_DATA_MISSING=220, SDK_UNREPRESENTABLE=320",,26dae1f99b2b50fb17118f38d8a8e95dfac3357c
Qwen/Qwen3-30B-A3B,Qwen3MoeForCausalLM,rtx_pro_6000_server,sglang,0.5.12,PASS,,"python python/aisimulate/tools/support_matrix/generate_fpe_support_matrix.py --model ""Qwen/Qwen3-30B-A3B"" --system ""rtx_pro_6000_server"" --backend ""sglang"" --backend-version ""0.5.12"" --forward-model op_level --max-workers 8",silicon,540,135,"PASS=116, PERF_DATA_MISSING=104, SDK_UNREPRESENTABLE=320","decode_end=4136.858869, decode_start=16.216736, mixed=48.821758, prefill=43.861813",26dae1f99b2b50fb17118f38d8a8e95dfac3357c
Qwen/Qwen3-30B-A3B,Qwen3MoeForCausalLM,rtx_pro_6000_server,sglang,0.5.14,PASS,,"python python/aisimulate/tools/support_matrix/generate_fpe_support_matrix.py --model ""Qwen/Qwen3-30B-A3B"" --system ""rtx_pro_6000_server"" --backend ""sglang"" --backend-version ""0.5.14"" --forward-model op_level --max-workers 8",silicon,540,135,"PASS=220, SDK_UNREPRESENTABLE=320","decode_end=4136.858869, decode_start=16.216736, mixed=48.821758, prefill=43.861813",26dae1f99b2b50fb17118f38d8a8e95dfac3357c
Qwen/Qwen3-30B-A3B,Qwen3MoeForCausalLM,rtx_pro_6000_server,sglang,0.5.16,PASS,,"python python/aisimulate/tools/support_matrix/generate_fpe_support_matrix.py --model ""Qwen/Qwen3-30B-A3B"" --system ""rtx_pro_6000_server"" --backend ""sglang"" --backend-version ""0.5.16"" --forward-model op_level --max-workers 8",silicon,540,135,"PASS=220, SDK_UNREPRESENTABLE=320","decode_end=4136.858869, decode_start=16.216736, mixed=48.821758, prefill=43.861813",26dae1f99b2b50fb17118f38d8a8e95dfac3357c
Qwen/Qwen3-30B-A3B,Qwen3MoeForCausalLM,rtx_pro_6000_server,sglang,0.5.9,FAIL,"Strict-native op-level FPE probes: PERF_DATA_MISSING=220, SDK_UNREPRESENTABLE=320; raw probes=540; topologies=135; source_sha=26dae1f99b2b50fb17118f38d8a8e95dfac3357c. Representative failure: perf database error: perf database error: no GEMM rows loaded from 1 source(s) (first: <repo>/python/aisimulate/src/aiconfigurator_core/systems/data/rtx_pro_6000_server/sglang/0.5.9/gemm_perf.parquet)","python python/aisimulate/tools/support_matrix/generate_fpe_support_matrix.py --model ""Qwen/Qwen3-30B-A3B"" --system ""rtx_pro_6000_server"" --backend ""sglang"" --backend-version ""0.5.9"" --forward-model op_level --max-workers 8",,540,135,"PERF_DATA_MISSING=220, SDK_UNREPRESENTABLE=320",,26dae1f99b2b50fb17118f38d8a8e95dfac3357c
Qwen/Qwen3-30B-A3B,Qwen3MoeForCausalLM,rtx_pro_6000_server,trtllm,1.3.0rc10,PASS,,"python python/aisimulate/tools/support_matrix/generate_fpe_support_matrix.py --model ""Qwen/Qwen3-30B-A3B"" --system ""rtx_pro_6000_server"" --backend ""trtllm"" --backend-version ""1.3.0rc10"" --forward-model op_level --max-workers 8",silicon,116,29,"PASS=56, PERF_DATA_MISSING=60","decode_end=4066.159810, decode_start=15.944653, mixed=45.582270, prefill=44.529978",26dae1f99b2b50fb17118f38d8a8e95dfac3357c
Qwen/Qwen3-30B-A3B,Qwen3MoeForCausalLM,rtx_pro_6000_server,trtllm,1.3.0rc15,PASS,,"python python/aisimulate/tools/support_matrix/generate_fpe_support_matrix.py --model ""Qwen/Qwen3-30B-A3B"" --system ""rtx_pro_6000_server"" --backend ""trtllm"" --backend-version ""1.3.0rc15"" --forward-model op_level --max-workers 8",silicon,116,29,"PASS=56, PERF_DATA_MISSING=60","decode_end=4066.159810, decode_start=15.944653, mixed=45.582270, prefill=44.529978",26dae1f99b2b50fb17118f38d8a8e95dfac3357c
Qwen/Qwen3-30B-A3B,Qwen3MoeForCausalLM,rtx_pro_6000_server,trtllm,1.3.0rc20,PASS,,"python python/aisimulate/tools/support_matrix/generate_fpe_support_matrix.py --model ""Qwen/Qwen3-30B-A3B"" --system ""rtx_pro_6000_server"" --backend ""trtllm"" --backend-version ""1.3.0rc20"" --forward-model op_level --max-workers 8",silicon,116,29,PASS=116,"decode_end=4086.777608, decode_start=16.028972, mixed=44.845487, prefill=43.837063",26dae1f99b2b50fb17118f38d8a8e95dfac3357c
Qwen/Qwen3-30B-A3B,Qwen3MoeForCausalLM,rtx_pro_6000_server,trtllm,1.3.0rc23,PASS,,"python python/aisimulate/tools/support_matrix/generate_fpe_support_matrix.py --model ""Qwen/Qwen3-30B-A3B"" --system ""rtx_pro_6000_server"" --backend ""trtllm"" --backend-version ""1.3.0rc23"" --forward-model op_level --max-workers 8",silicon,116,29,PASS=116,"decode_end=4086.777608, decode_start=16.028972, mixed=44.845487, prefill=43.837063",26dae1f99b2b50fb17118f38d8a8e95dfac3357c
Qwen/Qwen3-30B-A3B,Qwen3MoeForCausalLM,rtx_pro_6000_server,vllm,0.1.dev19262,FAIL,Strict-native op-level FPE probes: PERF_DATA_MISSING=116; raw probes=116; topologies=29; source_sha=26dae1f99b2b50fb17118f38d8a8e95dfac3357c. Representative failure: perf database error: perf database error: no GEMM rows loaded from 1 source(s) (first: <repo>/python/aisimulate/src/aiconfigurator_core/systems/data/rtx_pro_6000_server/vllm/0.1.dev19262/gemm_perf.parquet),"python python/aisimulate/tools/support_matrix/generate_fpe_support_matrix.py --model ""Qwen/Qwen3-30B-A3B"" --system ""rtx_pro_6000_server"" --backend ""vllm"" --backend-version ""0.1.dev19262"" --forward-model op_level --max-workers 8",,116,29,PERF_DATA_MISSING=116,,26dae1f99b2b50fb17118f38d8a8e95dfac3357c
Qwen/Qwen3-30B-A3B,Qwen3MoeForCausalLM,rtx_pro_6000_server,vllm,0.14.0,FAIL,Strict-native op-level FPE probes: PERF_DATA_MISSING=116; raw probes=116; topologies=29; source_sha=26dae1f99b2b50fb17118f38d8a8e95dfac3357c. Representative failure: perf database error: perf database error: no GEMM rows loaded from 1 source(s) (first: <repo>/python/aisimulate/src/aiconfigurator_core/systems/data/rtx_pro_6000_server/vllm/0.14.0/gemm_perf.parquet),"python python/aisimulate/tools/support_matrix/generate_fpe_support_matrix.py --model ""Qwen/Qwen3-30B-A3B"" --system ""rtx_pro_6000_server"" --backend ""vllm"" --backend-version ""0.14.0"" --forward-model op_level --max-workers 8",,116,29,PERF_DATA_MISSING=116,,26dae1f99b2b50fb17118f38d8a8e95dfac3357c
Qwen/Qwen3-30B-A3B,Qwen3MoeForCausalLM,rtx_pro_6000_server,vllm,0.19.0,PASS,,"python python/aisimulate/tools/support_matrix/generate_fpe_support_matrix.py --model ""Qwen/Qwen3-30B-A3B"" --system ""rtx_pro_6000_server"" --backend ""vllm"" --backend-version ""0.19.0"" --forward-model op_level --max-workers 8",silicon,116,29,"PASS=36, PERF_DATA_MISSING=80","decode_end=4249.494261, decode_start=16.656734, mixed=45.529206, prefill=44.177700",26dae1f99b2b50fb17118f38d8a8e95dfac3357c
Qwen/Qwen3-30B-A3B,Qwen3MoeForCausalLM,rtx_pro_6000_server,vllm,0.22.0,PASS,,"python python/aisimulate/tools/support_matrix/generate_fpe_support_matrix.py --model ""Qwen/Qwen3-30B-A3B"" --system ""rtx_pro_6000_server"" --backend ""vllm"" --backend-version ""0.22.0"" --forward-model op_level --max-workers 8",silicon,116,29,"PASS=44, PERF_DATA_MISSING=72","decode_end=4215.237849, decode_start=16.522364, mixed=45.809870, prefill=44.649654",26dae1f99b2b50fb17118f38d8a8e95dfac3357c
Qwen/Qwen3-30B-A3B,Qwen3MoeForCausalLM,rtx_pro_6000_server,vllm,0.24.0,PASS,,"python python/aisimulate/tools/support_matrix/generate_fpe_support_matrix.py --model ""Qwen/Qwen3-30B-A3B"" --system ""rtx_pro_6000_server"" --backend ""vllm"" --backend-version ""0.24.0"" --forward-model op_level --max-workers 8",silicon,116,29,PASS=116,"decode_end=4215.237849, decode_start=16.522364, mixed=45.809870, prefill=44.649654",26dae1f99b2b50fb17118f38d8a8e95dfac3357c
Qwen/Qwen3-30B-A3B-FP8,Qwen3MoeForCausalLM,rtx_pro_6000_server,sglang,0.5.10,FAIL,"Strict-native op-level FPE probes: BUILD_FAILED=104, PERF_DATA_MISSING=116, SDK_UNREPRESENTABLE=320; raw probes=540; topologies=135; source_sha=26dae1f99b2b50fb17118f38d8a8e95dfac3357c. Representative failure: Invalid quantized MoE configuration: (moe_intermediate_size=768 / moe_tp_size=16) % weight_block_size=128 != 0.","python python/aisimulate/tools/support_matrix/generate_fpe_support_matrix.py --model ""Qwen/Qwen3-30B-A3B-FP8"" --system ""rtx_pro_6000_server"" --backend ""sglang"" --backend-version ""0.5.10"" --forward-model op_level --max-workers 8",,540,135,"BUILD_FAILED=104, PERF_DATA_MISSING=116, SDK_UNREPRESENTABLE=320",,26dae1f99b2b50fb17118f38d8a8e95dfac3357c
Qwen/Qwen3-30B-A3B-FP8,Qwen3MoeForCausalLM,rtx_pro_6000_server,sglang,0.5.10rc0,FAIL,"Strict-native op-level FPE probes: BUILD_FAILED=104, PERF_DATA_MISSING=116, SDK_UNREPRESENTABLE=320; raw probes=540; topologies=135; source_sha=26dae1f99b2b50fb17118f38d8a8e95dfac3357c. Representative failure: Invalid quantized MoE configuration: (moe_intermediate_size=768 / moe_tp_size=16) % weight_block_size=128 != 0.","python python/aisimulate/tools/support_matrix/generate_fpe_support_matrix.py --model ""Qwen/Qwen3-30B-A3B-FP8"" --system ""rtx_pro_6000_server"" --backend ""sglang"" --backend-version ""0.5.10rc0"" --forward-model op_level --max-workers 8",,540,135,"BUILD_FAILED=104, PERF_DATA_MISSING=116, SDK_UNREPRESENTABLE=320",,26dae1f99b2b50fb17118f38d8a8e95dfac3357c
Qwen/Qwen3-30B-A3B-FP8,Qwen3MoeForCausalLM,rtx_pro_6000_server,sglang,0.5.12,FAIL,"Strict-native op-level FPE probes: BUILD_FAILED=104, PERF_DATA_MISSING=116, SDK_UNREPRESENTABLE=320; raw probes=540; topologies=135; source_sha=26dae1f99b2b50fb17118f38d8a8e95dfac3357c. Representative failure: Invalid quantized MoE configuration: (moe_intermediate_size=768 / moe_tp_size=16) % weight_block_size=128 != 0.","python python/aisimulate/tools/support_matrix/generate_fpe_support_matrix.py --model ""Qwen/Qwen3-30B-A3B-FP8"" --system ""rtx_pro_6000_server"" --backend ""sglang"" --backend-version ""0.5.12"" --forward-model op_level --max-workers 8",,540,135,"BUILD_FAILED=104, PERF_DATA_MISSING=116, SDK_UNREPRESENTABLE=320",,26dae1f99b2b50fb17118f38d8a8e95dfac3357c
Qwen/Qwen3-30B-A3B-FP8,Qwen3MoeForCausalLM,rtx_pro_6000_server,sglang,0.5.14,FAIL,"Strict-native op-level FPE probes: BUILD_FAILED=104, PERF_DATA_MISSING=116, SDK_UNREPRESENTABLE=320; raw probes=540; topologies=135; source_sha=26dae1f99b2b50fb17118f38d8a8e95dfac3357c. Representative failure: Invalid quantized MoE configuration: (moe_intermediate_size=768 / moe_tp_size=16) % weight_block_size=128 != 0.","python python/aisimulate/tools/support_matrix/generate_fpe_support_matrix.py --model ""Qwen/Qwen3-30B-A3B-FP8"" --system ""rtx_pro_6000_server"" --backend ""sglang"" --backend-version ""0.5.14"" --forward-model op_level --max-workers 8",,540,135,"BUILD_FAILED=104, PERF_DATA_MISSING=116, SDK_UNREPRESENTABLE=320",,26dae1f99b2b50fb17118f38d8a8e95dfac3357c
Qwen/Qwen3-30B-A3B-FP8,Qwen3MoeForCausalLM,rtx_pro_6000_server,sglang,0.5.16,FAIL,"Strict-native op-level FPE probes: BUILD_FAILED=104, PERF_DATA_MISSING=116, SDK_UNREPRESENTABLE=320; raw probes=540; topologies=135; source_sha=26dae1f99b2b50fb17118f38d8a8e95dfac3357c. Representative failure: Invalid quantized MoE configuration: (moe_intermediate_size=768 / moe_tp_size=16) % weight_block_size=128 != 0.","python python/aisimulate/tools/support_matrix/generate_fpe_support_matrix.py --model ""Qwen/Qwen3-30B-A3B-FP8"" --system ""rtx_pro_6000_server"" --backend ""sglang"" --backend-version ""0.5.16"" --forward-model op_level --max-workers 8",,540,135,"BUILD_FAILED=104, PERF_DATA_MISSING=116, SDK_UNREPRESENTABLE=320",,26dae1f99b2b50fb17118f38d8a8e95dfac3357c
Qwen/Qwen3-30B-A3B-FP8,Qwen3MoeForCausalLM,rtx_pro_6000_server,sglang,0.5.9,FAIL,"Strict-native op-level FPE probes: BUILD_FAILED=104, PERF_DATA_MISSING=116, SDK_UNREPRESENTABLE=320; raw probes=540; topologies=135; source_sha=26dae1f99b2b50fb17118f38d8a8e95dfac3357c. Representative failure: Invalid quantized MoE configuration: (moe_intermediate_size=768 / moe_tp_size=16) % weight_block_size=128 != 0.","python python/aisimulate/tools/support_matrix/generate_fpe_support_matrix.py --model ""Qwen/Qwen3-30B-A3B-FP8"" --system ""rtx_pro_6000_server"" --backend ""sglang"" --backend-version ""0.5.9"" --forward-model op_level --max-workers 8",,540,135,"BUILD_FAILED=104, PERF_DATA_MISSING=116, SDK_UNREPRESENTABLE=320",,26dae1f99b2b50fb17118f38d8a8e95dfac3357c
Qwen/Qwen3-30B-A3B-FP8,Qwen3MoeForCausalLM,rtx_pro_6000_server,trtllm,1.3.0rc10,FAIL,"Strict-native op-level FPE probes: BUILD_FAILED=48, PERF_DATA_MISSING=68; raw probes=116; topologies=29; source_sha=26dae1f99b2b50fb17118f38d8a8e95dfac3357c. Representative failure: Invalid quantized MoE configuration: (moe_intermediate_size=768 / moe_tp_size=16) % weight_block_size=128 != 0.","python python/aisimulate/tools/support_matrix/generate_fpe_support_matrix.py --model ""Qwen/Qwen3-30B-A3B-FP8"" --system ""rtx_pro_6000_server"" --backend ""trtllm"" --backend-version ""1.3.0rc10"" --forward-model op_level --max-workers 8",,116,29,"BUILD_FAILED=48, PERF_DATA_MISSING=68",,26dae1f99b2b50fb17118f38d8a8e95dfac3357c
Qwen/Qwen3-30B-A3B-FP8,Qwen3MoeForCausalLM,rtx_pro_6000_server,trtllm,1.3.0rc15,FAIL,"Strict-native op-level FPE probes: BUILD_FAILED=48, PERF_DATA_MISSING=68; raw probes=116; topologies=29; source_sha=26dae1f99b2b50fb17118f38d8a8e95dfac3357c. Representative failure: Invalid quantized MoE configuration: (moe_intermediate_size=768 / moe_tp_size=16) % weight_block_size=128 != 0.","python python/aisimulate/tools/support_matrix/generate_fpe_support_matrix.py --model ""Qwen/Qwen3-30B-A3B-FP8"" --system ""rtx_pro_6000_server"" --backend ""trtllm"" --backend-version ""1.3.0rc15"" --forward-model op_level --max-workers 8",,116,29,"BUILD_FAILED=48, PERF_DATA_MISSING=68",,26dae1f99b2b50fb17118f38d8a8e95dfac3357c
Qwen/Qwen3-30B-A3B-FP8,Qwen3MoeForCausalLM,rtx_pro_6000_server,trtllm,1.3.0rc20,PASS,,"python python/aisimulate/tools/support_matrix/generate_fpe_support_matrix.py --model ""Qwen/Qwen3-30B-A3B-FP8"" --system ""rtx_pro_6000_server"" --backend ""trtllm"" --backend-version ""1.3.0rc20"" --forward-model op_level --max-workers 8",silicon,116,29,"BUILD_FAILED=48, PASS=68","decode_end=3406.549423, decode_start=13.276601, mixed=33.691093, prefill=32.930002",26dae1f99b2b50fb17118f38d8a8e95dfac3357c
Qwen/Qwen3-30B-A3B-FP8,Qwen3MoeForCausalLM,rtx_pro_6000_server,trtllm,1.3.0rc23,PASS,,"python python/aisimulate/tools/support_matrix/generate_fpe_support_matrix.py --model ""Qwen/Qwen3-30B-A3B-FP8"" --system ""rtx_pro_6000_server"" --backend ""trtllm"" --backend-version ""1.3.0rc23"" --forward-model op_level --max-workers 8",silicon,116,29,"BUILD_FAILED=48, PASS=68","decode_end=3406.549423, decode_start=13.276601, mixed=33.691093, prefill=32.930002",26dae1f99b2b50fb17118f38d8a8e95dfac3357c
Qwen/Qwen3-30B-A3B-FP8,Qwen3MoeForCausalLM,rtx_pro_6000_server,vllm,0.1.dev19262,FAIL,"Strict-native op-level FPE probes: BUILD_FAILED=48, PERF_DATA_MISSING=68; raw probes=116; topologies=29; source_sha=26dae1f99b2b50fb17118f38d8a8e95dfac3357c. Representative failure: Invalid quantized MoE configuration: (moe_intermediate_size=768 / moe_tp_size=16) % weight_block_size=128 != 0.","python python/aisimulate/tools/support_matrix/generate_fpe_support_matrix.py --model ""Qwen/Qwen3-30B-A3B-FP8"" --system ""rtx_pro_6000_server"" --backend ""vllm"" --backend-version ""0.1.dev19262"" --forward-model op_level --max-workers 8",,116,29,"BUILD_FAILED=48, PERF_DATA_MISSING=68",,26dae1f99b2b50fb17118f38d8a8e95dfac3357c
Qwen/Qwen3-30B-A3B-FP8,Qwen3MoeForCausalLM,rtx_pro_6000_server,vllm,0.14.0,FAIL,"Strict-native op-level FPE probes: BUILD_FAILED=48, PERF_DATA_MISSING=68; raw probes=116; topologies=29; source_sha=26dae1f99b2b50fb17118f38d8a8e95dfac3357c. Representative failure: Invalid quantized MoE configuration: (moe_intermediate_size=768 / moe_tp_size=16) % weight_block_size=128 != 0.","python python/aisimulate/tools/support_matrix/generate_fpe_support_matrix.py --model ""Qwen/Qwen3-30B-A3B-FP8"" --system ""rtx_pro_6000_server"" --backend ""vllm"" --backend-version ""0.14.0"" --forward-model op_level --max-workers 8",,116,29,"BUILD_FAILED=48, PERF_DATA_MISSING=68",,26dae1f99b2b50fb17118f38d8a8e95dfac3357c
Qwen/Qwen3-30B-A3B-FP8,Qwen3MoeForCausalLM,rtx_pro_6000_server,vllm,0.19.0,PASS,,"python python/aisimulate/tools/support_matrix/generate_fpe_support_matrix.py --model ""Qwen/Qwen3-30B-A3B-FP8"" --system ""rtx_pro_6000_server"" --backend ""vllm"" --backend-version ""0.19.0"" --forward-model op_level --max-workers 8",silicon,116,29,"BUILD_FAILED=48, PASS=32, PERF_DATA_MISSING=36","decode_end=5276.578432, decode_start=20.691820, mixed=36.234000, prefill=35.604723",26dae1f99b2b50fb17118f38d8a8e95dfac3357c
Qwen/Qwen3-30B-A3B-FP8,Qwen3MoeForCausalLM,rtx_pro_6000_server,vllm,0.22.0,PASS,,"python python/aisimulate/tools/support_matrix/generate_fpe_support_matrix.py --model ""Qwen/Qwen3-30B-A3B-FP8"" --system ""rtx_pro_6000_server"" --backend ""vllm"" --backend-version ""0.22.0"" --forward-model op_level --max-workers 8",silicon,116,29,"BUILD_FAILED=48, PASS=32, PERF_DATA_MISSING=36","decode_end=5310.483563, decode_start=20.822596, mixed=36.623884, prefill=35.791816",26dae1f99b2b50fb17118f38d8a8e95dfac3357c
Qwen/Qwen3-30B-A3B-FP8,Qwen3MoeForCausalLM,rtx_pro_6000_server,vllm,0.24.0,PASS,,"python python/aisimulate/tools/support_matrix/generate_fpe_support_matrix.py --model ""Qwen/Qwen3-30B-A3B-FP8"" --system ""rtx_pro_6000_server"" --backend ""vllm"" --backend-version ""0.24.0"" --forward-model op_level --max-workers 8",silicon,116,29,"BUILD_FAILED=48, PASS=68","decode_end=5310.483563, decode_start=20.822596, mixed=36.623884, prefill=35.791816",26dae1f99b2b50fb17118f38d8a8e95dfac3357c
Qwen/Qwen3-32B,Qwen3ForCausalLM,rtx_pro_6000_server,sglang,0.5.10,PASS,,"python python/aisimulate/tools/support_matrix/generate_fpe_support_matrix.py --model ""Qwen/Qwen3-32B"" --system ""rtx_pro_6000_server"" --backend ""sglang"" --backend-version ""0.5.10"" --forward-model op_level --max-workers 8",silicon,40,10,"PASS=8, PERF_DATA_MISSING=8, SDK_UNREPRESENTABLE=24","decode_end=11727.739338, decode_start=45.930970, mixed=72.088761, prefill=58.590439",26dae1f99b2b50fb17118f38d8a8e95dfac3357c
Qwen/Qwen3-32B,Qwen3ForCausalLM,rtx_pro_6000_server,sglang,0.5.10rc0,FAIL,"Strict-native op-level FPE probes: PERF_DATA_MISSING=16, SDK_UNREPRESENTABLE=24; raw probes=40; topologies=10; source_sha=26dae1f99b2b50fb17118f38d8a8e95dfac3357c. Representative failure: perf database error: perf database error: no GEMM rows loaded from 1 source(s) (first: <repo>/python/aisimulate/src/aiconfigurator_core/systems/data/rtx_pro_6000_server/sglang/0.5.10rc0/gemm_perf.parquet)","python python/aisimulate/tools/support_matrix/generate_fpe_support_matrix.py --model ""Qwen/Qwen3-32B"" --system ""rtx_pro_6000_server"" --backend ""sglang"" --backend-version ""0.5.10rc0"" --forward-model op_level --max-workers 8",,40,10,"PERF_DATA_MISSING=16, SDK_UNREPRESENTABLE=24",,26dae1f99b2b50fb17118f38d8a8e95dfac3357c
Qwen/Qwen3-32B,Qwen3ForCausalLM,rtx_pro_6000_server,sglang,0.5.12,PASS,,"python python/aisimulate/tools/support_matrix/generate_fpe_support_matrix.py --model ""Qwen/Qwen3-32B"" --system ""rtx_pro_6000_server"" --backend ""sglang"" --backend-version ""0.5.12"" --forward-model op_level --max-workers 8",silicon,40,10,"PASS=8, PERF_DATA_MISSING=8, SDK_UNREPRESENTABLE=24","decode_end=11672.691972, decode_start=45.714435, mixed=62.344647, prefill=56.830256",26dae1f99b2b50fb17118f38d8a8e95dfac3357c
Qwen/Qwen3-32B,Qwen3ForCausalLM,rtx_pro_6000_server,sglang,0.5.14,PASS,,"python python/aisimulate/tools/support_matrix/generate_fpe_support_matrix.py --model ""Qwen/Qwen3-32B"" --system ""rtx_pro_6000_server"" --backend ""sglang"" --backend-version ""0.5.14"" --forward-model op_level --max-workers 8",silicon,40,10,"PASS=16, SDK_UNREPRESENTABLE=24","decode_end=11672.691972, decode_start=45.714435, mixed=62.344647, prefill=56.830256",26dae1f99b2b50fb17118f38d8a8e95dfac3357c
Qwen/Qwen3-32B,Qwen3ForCausalLM,rtx_pro_6000_server,sglang,0.5.16,PASS,,"python python/aisimulate/tools/support_matrix/generate_fpe_support_matrix.py --model ""Qwen/Qwen3-32B"" --system ""rtx_pro_6000_server"" --backend ""sglang"" --backend-version ""0.5.16"" --forward-model op_level --max-workers 8",silicon,40,10,"PASS=16, SDK_UNREPRESENTABLE=24","decode_end=11672.691972, decode_start=45.714435, mixed=62.344647, prefill=56.830256",26dae1f99b2b50fb17118f38d8a8e95dfac3357c
Qwen/Qwen3-32B,Qwen3ForCausalLM,rtx_pro_6000_server,sglang,0.5.9,FAIL,"Strict-native op-level FPE probes: PERF_DATA_MISSING=16, SDK_UNREPRESENTABLE=24; raw probes=40; topologies=10; source_sha=26dae1f99b2b50fb17118f38d8a8e95dfac3357c. Representative failure: perf database error: perf database error: no GEMM rows loaded from 1 source(s) (first: <repo>/python/aisimulate/src/aiconfigurator_core/systems/data/rtx_pro_6000_server/sglang/0.5.9/gemm_perf.parquet)","python python/aisimulate/tools/support_matrix/generate_fpe_support_matrix.py --model ""Qwen/Qwen3-32B"" --system ""rtx_pro_6000_server"" --backend ""sglang"" --backend-version ""0.5.9"" --forward-model op_level --max-workers 8",,40,10,"PERF_DATA_MISSING=16, SDK_UNREPRESENTABLE=24",,26dae1f99b2b50fb17118f38d8a8e95dfac3357c
Qwen/Qwen3-32B,Qwen3ForCausalLM,rtx_pro_6000_server,trtllm,1.3.0rc10,PASS,,"python python/aisimulate/tools/support_matrix/generate_fpe_support_matrix.py --model ""Qwen/Qwen3-32B"" --system ""rtx_pro_6000_server"" --backend ""trtllm"" --backend-version ""1.3.0rc10"" --forward-model op_level --max-workers 8",silicon,16,4,"PASS=8, PERF_DATA_MISSING=8","decode_end=11653.152512, decode_start=45.643879, mixed=62.652059, prefill=55.506652",26dae1f99b2b50fb17118f38d8a8e95dfac3357c
Qwen/Qwen3-32B,Qwen3ForCausalLM,rtx_pro_6000_server,trtllm,1.3.0rc15,PASS,,"python python/aisimulate/tools/support_matrix/generate_fpe_support_matrix.py --model ""Qwen/Qwen3-32B"" --system ""rtx_pro_6000_server"" --backend ""trtllm"" --backend-version ""1.3.0rc15"" --forward-model op_level --max-workers 8",silicon,16,4,"PASS=8, PERF_DATA_MISSING=8","decode_end=11653.152512, decode_start=45.643879, mixed=62.652059, prefill=55.506652",26dae1f99b2b50fb17118f38d8a8e95dfac3357c
Qwen/Qwen3-32B,Qwen3ForCausalLM,rtx_pro_6000_server,trtllm,1.3.0rc20,PASS,,"python python/aisimulate/tools/support_matrix/generate_fpe_support_matrix.py --model ""Qwen/Qwen3-32B"" --system ""rtx_pro_6000_server"" --backend ""trtllm"" --backend-version ""1.3.0rc20"" --forward-model op_level --max-workers 8",silicon,16,4,PASS=16,"decode_end=11622.056571, decode_start=45.513646, mixed=61.875648, prefill=55.500760",26dae1f99b2b50fb17118f38d8a8e95dfac3357c
Qwen/Qwen3-32B,Qwen3ForCausalLM,rtx_pro_6000_server,trtllm,1.3.0rc23,PASS,,"python python/aisimulate/tools/support_matrix/generate_fpe_support_matrix.py --model ""Qwen/Qwen3-32B"" --system ""rtx_pro_6000_server"" --backend ""trtllm"" --backend-version ""1.3.0rc23"" --forward-model op_level --max-workers 8",silicon,16,4,PASS=16,"decode_end=11622.056571, decode_start=45.513646, mixed=61.875648, prefill=55.500760",26dae1f99b2b50fb17118f38d8a8e95dfac3357c
Qwen/Qwen3-32B,Qwen3ForCausalLM,rtx_pro_6000_server,vllm,0.1.dev19262,FAIL,Strict-native op-level FPE probes: PERF_DATA_MISSING=16; raw probes=16; topologies=4; source_sha=26dae1f99b2b50fb17118f38d8a8e95dfac3357c. Representative failure: perf database error: perf database error: no GEMM rows loaded from 1 source(s) (first: <repo>/python/aisimulate/src/aiconfigurator_core/systems/data/rtx_pro_6000_server/vllm/0.1.dev19262/gemm_perf.parquet),"python python/aisimulate/tools/support_matrix/generate_fpe_support_matrix.py --model ""Qwen/Qwen3-32B"" --system ""rtx_pro_6000_server"" --backend ""vllm"" --backend-version ""0.1.dev19262"" --forward-model op_level --max-workers 8",,16,4,PERF_DATA_MISSING=16,,26dae1f99b2b50fb17118f38d8a8e95dfac3357c
Qwen/Qwen3-32B,Qwen3ForCausalLM,rtx_pro_6000_server,vllm,0.14.0,FAIL,Strict-native op-level FPE probes: PERF_DATA_MISSING=16; raw probes=16; topologies=4; source_sha=26dae1f99b2b50fb17118f38d8a8e95dfac3357c. Representative failure: perf database error: perf database error: no GEMM rows loaded from 1 source(s) (first: <repo>/python/aisimulate/src/aiconfigurator_core/systems/data/rtx_pro_6000_server/vllm/0.14.0/gemm_perf.parquet),"python python/aisimulate/tools/support_matrix/generate_fpe_support_matrix.py --model ""Qwen/Qwen3-32B"" --system ""rtx_pro_6000_server"" --backend ""vllm"" --backend-version ""0.14.0"" --forward-model op_level --max-workers 8",,16,4,PERF_DATA_MISSING=16,,26dae1f99b2b50fb17118f38d8a8e95dfac3357c
Qwen/Qwen3-32B,Qwen3ForCausalLM,rtx_pro_6000_server,vllm,0.19.0,PASS,,"python python/aisimulate/tools/support_matrix/generate_fpe_support_matrix.py --model ""Qwen/Qwen3-32B"" --system ""rtx_pro_6000_server"" --backend ""vllm"" --backend-version ""0.19.0"" --forward-model op_level --max-workers 8",silicon,16,4,"PASS=8, PERF_DATA_MISSING=8","decode_end=11935.323402, decode_start=46.673926, mixed=72.178418, prefill=58.628131",26dae1f99b2b50fb17118f38d8a8e95dfac3357c
Qwen/Qwen3-32B,Qwen3ForCausalLM,rtx_pro_6000_server,vllm,0.22.0,PASS,,"python python/aisimulate/tools/support_matrix/generate_fpe_support_matrix.py --model ""Qwen/Qwen3-32B"" --system ""rtx_pro_6000_server"" --backend ""vllm"" --backend-version ""0.22.0"" --forward-model op_level --max-workers 8",silicon,16,4,"PASS=8, PERF_DATA_MISSING=8","decode_end=11782.226297, decode_start=46.087110, mixed=61.476028, prefill=55.502880",26dae1f99b2b50fb17118f38d8a8e95dfac3357c
Qwen/Qwen3-32B,Qwen3ForCausalLM,rtx_pro_6000_server,vllm,0.24.0,PASS,,"python python/aisimulate/tools/support_matrix/generate_fpe_support_matrix.py --model ""Qwen/Qwen3-32B"" --system ""rtx_pro_6000_server"" --backend ""vllm"" --backend-version ""0.24.0"" --forward-model op_level --max-workers 8",silicon,16,4,PASS=16,"decode_end=11782.226297, decode_start=46.087110, mixed=61.476028, prefill=55.502880",26dae1f99b2b50fb17118f38d8a8e95dfac3357c
Qwen/Qwen3-32B-FP8,Qwen3ForCausalLM,rtx_pro_6000_server,sglang,0.5.10,FAIL,"Strict-native op-level FPE probes: PERF_DATA_MISSING=16, SDK_UNREPRESENTABLE=24; raw probes=40; topologies=10; source_sha=26dae1f99b2b50fb17118f38d8a8e95dfac3357c. Representative failure: perf database error: GEMM perf data missing for quant 'fp8_block' at <repo>/python/aisimulate/src/aiconfigurator_core/systems/data/rtx_pro_6000_server/sglang/0.5.10; available: [""bfloat16"", ""fp8"", ""nvfp4""]","python python/aisimulate/tools/support_matrix/generate_fpe_support_matrix.py --model ""Qwen/Qwen3-32B-FP8"" --system ""rtx_pro_6000_server"" --backend ""sglang"" --backend-version ""0.5.10"" --forward-model op_level --max-workers 8",,40,10,"PERF_DATA_MISSING=16, SDK_UNREPRESENTABLE=24",,26dae1f99b2b50fb17118f38d8a8e95dfac3357c
Qwen/Qwen3-32B-FP8,Qwen3ForCausalLM,rtx_pro_6000_server,sglang,0.5.10rc0,FAIL,"Strict-native op-level FPE probes: PERF_DATA_MISSING=16, SDK_UNREPRESENTABLE=24; raw probes=40; topologies=10; source_sha=26dae1f99b2b50fb17118f38d8a8e95dfac3357c. Representative failure: perf database error: perf database error: no GEMM rows loaded from 1 source(s) (first: <repo>/python/aisimulate/src/aiconfigurator_core/systems/data/rtx_pro_6000_server/sglang/0.5.10rc0/gemm_perf.parquet)","python python/aisimulate/tools/support_matrix/generate_fpe_support_matrix.py --model ""Qwen/Qwen3-32B-FP8"" --system ""rtx_pro_6000_server"" --backend ""sglang"" --backend-version ""0.5.10rc0"" --forward-model op_level --max-workers 8",,40,10,"PERF_DATA_MISSING=16, SDK_UNREPRESENTABLE=24",,26dae1f99b2b50fb17118f38d8a8e95dfac3357c
Qwen/Qwen3-32B-FP8,Qwen3ForCausalLM,rtx_pro_6000_server,sglang,0.5.12,FAIL,"Strict-native op-level FPE probes: PERF_DATA_MISSING=16, SDK_UNREPRESENTABLE=24; raw probes=40; topologies=10; source_sha=26dae1f99b2b50fb17118f38d8a8e95dfac3357c. Representative failure: perf database error: GEMM perf data missing for quant 'fp8_block' at <repo>/python/aisimulate/src/aiconfigurator_core/systems/data/rtx_pro_6000_server/sglang/0.5.12; available: [""bfloat16"", ""fp8"", ""nvfp4""]","python python/aisimulate/tools/support_matrix/generate_fpe_support_matrix.py --model ""Qwen/Qwen3-32B-FP8"" --system ""rtx_pro_6000_server"" --backend ""sglang"" --backend-version ""0.5.12"" --forward-model op_level --max-workers 8",,40,10,"PERF_DATA_MISSING=16, SDK_UNREPRESENTABLE=24",,26dae1f99b2b50fb17118f38d8a8e95dfac3357c
Qwen/Qwen3-32B-FP8,Qwen3ForCausalLM,rtx_pro_6000_server,sglang,0.5.14,FAIL,"Strict-native op-level FPE probes: PERF_DATA_MISSING=16, SDK_UNREPRESENTABLE=24; raw probes=40; topologies=10; source_sha=26dae1f99b2b50fb17118f38d8a8e95dfac3357c. Representative failure: perf database error: GEMM perf data missing for quant 'fp8_block' at <repo>/python/aisimulate/src/aiconfigurator_core/systems/data/rtx_pro_6000_server/sglang/0.5.14; available: [""bfloat16"", ""fp8"", ""nvfp4""]","python python/aisimulate/tools/support_matrix/generate_fpe_support_matrix.py --model ""Qwen/Qwen3-32B-FP8"" --system ""rtx_pro_6000_server"" --backend ""sglang"" --backend-version ""0.5.14"" --forward-model op_level --max-workers 8",,40,10,"PERF_DATA_MISSING=16, SDK_UNREPRESENTABLE=24",,26dae1f99b2b50fb17118f38d8a8e95dfac3357c
Qwen/Qwen3-32B-FP8,Qwen3ForCausalLM,rtx_pro_6000_server,sglang,0.5.16,FAIL,"Strict-native op-level FPE probes: PERF_DATA_MISSING=16, SDK_UNREPRESENTABLE=24; raw probes=40; topologies=10; source_sha=26dae1f99b2b50fb17118f38d8a8e95dfac3357c. Representative failure: perf database error: GEMM perf data missing for quant 'fp8_block' at <repo>/python/aisimulate/src/aiconfigurator_core/systems/data/rtx_pro_6000_server/sglang/0.5.16; available: [""bfloat16"", ""fp8"", ""nvfp4""]","python python/aisimulate/tools/support_matrix/generate_fpe_support_matrix.py --model ""Qwen/Qwen3-32B-FP8"" --system ""rtx_pro_6000_server"" --backend ""sglang"" --backend-version ""0.5.16"" --forward-model op_level --max-workers 8",,40,10,"PERF_DATA_MISSING=16, SDK_UNREPRESENTABLE=24",,26dae1f99b2b50fb17118f38d8a8e95dfac3357c
Qwen/Qwen3-32B-FP8,Qwen3ForCausalLM,rtx_pro_6000_server,sglang,0.5.9,FAIL,"Strict-native op-level FPE probes: PERF_DATA_MISSING=16, SDK_UNREPRESENTABLE=24; raw probes=40; topologies=10; source_sha=26dae1f99b2b50fb17118f38d8a8e95dfac3357c. Representative failure: perf database error: perf database error: no GEMM rows loaded from 1 source(s) (first: <repo>/python/aisimulate/src/aiconfigurator_core/systems/data/rtx_pro_6000_server/sglang/0.5.9/gemm_perf.parquet)","python python/aisimulate/tools/support_matrix/generate_fpe_support_matrix.py --model ""Qwen/Qwen3-32B-FP8"" --system ""rtx_pro_6000_server"" --backend ""sglang"" --backend-version ""0.5.9"" --forward-model op_level --max-workers 8",,40,10,"PERF_DATA_MISSING=16, SDK_UNREPRESENTABLE=24",,26dae1f99b2b50fb17118f38d8a8e95dfac3357c
Qwen/Qwen3-32B-FP8,Qwen3ForCausalLM,rtx_pro_6000_server,trtllm,1.3.0rc10,PASS,,"python python/aisimulate/tools/support_matrix/generate_fpe_support_matrix.py --model ""Qwen/Qwen3-32B-FP8"" --system ""rtx_pro_6000_server"" --backend ""trtllm"" --backend-version ""1.3.0rc10"" --forward-model op_level --max-workers 8",silicon,16,4,"PASS=8, PERF_DATA_MISSING=8","decode_end=6824.950020, decode_start=26.705716, mixed=39.260525, prefill=35.319792",26dae1f99b2b50fb17118f38d8a8e95dfac3357c
Qwen/Qwen3-32B-FP8,Qwen3ForCausalLM,rtx_pro_6000_server,trtllm,1.3.0rc15,PASS,,"python python/aisimulate/tools/support_matrix/generate_fpe_support_matrix.py --model ""Qwen/Qwen3-32B-FP8"" --system ""rtx_pro_6000_server"" --backend ""trtllm"" --backend-version ""1.3.0rc15"" --forward-model op_level --max-workers 8",silicon,16,4,"PASS=8, PERF_DATA_MISSING=8","decode_end=6824.950020, decode_start=26.705716, mixed=39.260525, prefill=35.319792",26dae1f99b2b50fb17118f38d8a8e95dfac3357c
Qwen/Qwen3-32B-FP8,Qwen3ForCausalLM,rtx_pro_6000_server,trtllm,1.3.0rc20,PASS,,"python python/aisimulate/tools/support_matrix/generate_fpe_support_matrix.py --model ""Qwen/Qwen3-32B-FP8"" --system ""rtx_pro_6000_server"" --backend ""trtllm"" --backend-version ""1.3.0rc20"" --forward-model op_level --max-workers 8",silicon,16,4,PASS=16,"decode_end=6709.193576, decode_start=26.207444, mixed=38.068352, prefill=34.406380",26dae1f99b2b50fb17118f38d8a8e95dfac3357c
Qwen/Qwen3-32B-FP8,Qwen3ForCausalLM,rtx_pro_6000_server,trtllm,1.3.0rc23,PASS,,"python python/aisimulate/tools/support_matrix/generate_fpe_support_matrix.py --model ""Qwen/Qwen3-32B-FP8"" --system ""rtx_pro_6000_server"" --backend ""trtllm"" --backend-version ""1.3.0rc23"" --forward-model op_level --max-workers 8",silicon,16,4,PASS=16,"decode_end=6709.193576, decode_start=26.207444, mixed=38.068352, prefill=34.406380",26dae1f99b2b50fb17118f38d8a8e95dfac3357c
Qwen/Qwen3-32B-FP8,Qwen3ForCausalLM,rtx_pro_6000_server,vllm,0.1.dev19262,FAIL,Strict-native op-level FPE probes: PERF_DATA_MISSING=16; raw probes=16; topologies=4; source_sha=26dae1f99b2b50fb17118f38d8a8e95dfac3357c. Representative failure: perf database error: perf database error: no GEMM rows loaded from 1 source(s) (first: <repo>/python/aisimulate/src/aiconfigurator_core/systems/data/rtx_pro_6000_server/vllm/0.1.dev19262/gemm_perf.parquet),"python python/aisimulate/tools/support_matrix/generate_fpe_support_matrix.py --model ""Qwen/Qwen3-32B-FP8"" --system ""rtx_pro_6000_server"" --backend ""vllm"" --backend-version ""0.1.dev19262"" --forward-model op_level --max-workers 8",,16,4,PERF_DATA_MISSING=16,,26dae1f99b2b50fb17118f38d8a8e95dfac3357c
Qwen/Qwen3-32B-FP8,Qwen3ForCausalLM,rtx_pro_6000_server,vllm,0.14.0,FAIL,Strict-native op-level FPE probes: PERF_DATA_MISSING=16; raw probes=16; topologies=4; source_sha=26dae1f99b2b50fb17118f38d8a8e95dfac3357c. Representative failure: perf database error: perf database error: no GEMM rows loaded from 1 source(s) (first: <repo>/python/aisimulate/src/aiconfigurator_core/systems/data/rtx_pro_6000_server/vllm/0.14.0/gemm_perf.parquet),"python python/aisimulate/tools/support_matrix/generate_fpe_support_matrix.py --model ""Qwen/Qwen3-32B-FP8"" --system ""rtx_pro_6000_server"" --backend ""vllm"" --backend-version ""0.14.0"" --forward-model op_level --max-workers 8",,16,4,PERF_DATA_MISSING=16,,26dae1f99b2b50fb17118f38d8a8e95dfac3357c
Qwen/Qwen3-32B-FP8,Qwen3ForCausalLM,rtx_pro_6000_server,vllm,0.19.0,PASS,,"python python/aisimulate/tools/support_matrix/generate_fpe_support_matrix.py --model ""Qwen/Qwen3-32B-FP8"" --system ""rtx_pro_6000_server"" --backend ""vllm"" --backend-version ""0.19.0"" --forward-model op_level --max-workers 8",silicon,16,4,"PASS=8, PERF_DATA_MISSING=8","decode_end=11253.501831, decode_start=44.127501, mixed=52.896284, prefill=50.921419",26dae1f99b2b50fb17118f38d8a8e95dfac3357c
Qwen/Qwen3-32B-FP8,Qwen3ForCausalLM,rtx_pro_6000_server,vllm,0.22.0,PASS,,"python python/aisimulate/tools/support_matrix/generate_fpe_support_matrix.py --model ""Qwen/Qwen3-32B-FP8"" --system ""rtx_pro_6000_server"" --backend ""vllm"" --backend-version ""0.22.0"" --forward-model op_level --max-workers 8",silicon,16,4,"PASS=8, PERF_DATA_MISSING=8","decode_end=11284.802547, decode_start=44.246967, mixed=53.544361, prefill=51.435866",26dae1f99b2b50fb17118f38d8a8e95dfac3357c
Qwen/Qwen3-32B-FP8,Qwen3ForCausalLM,rtx_pro_6000_server,vllm,0.24.0,PASS,,"python python/aisimulate/tools/support_matrix/generate_fpe_support_matrix.py --model ""Qwen/Qwen3-32B-FP8"" --system ""rtx_pro_6000_server"" --backend ""vllm"" --backend-version ""0.24.0"" --forward-model op_level --max-workers 8",silicon,16,4,PASS=16,"decode_end=11284.802547, decode_start=44.246967, mixed=53.544361, prefill=51.435866",26dae1f99b2b50fb17118f38d8a8e95dfac3357c
Qwen/Qwen3-32B-FP8-Static-PerTensor,Qwen3ForCausalLM,rtx_pro_6000_server,sglang,0.5.10,FAIL,"Strict-native op-level FPE probes: PERF_DATA_MISSING=16, SDK_UNREPRESENTABLE=24; raw probes=40; topologies=10; source_sha=26dae1f99b2b50fb17118f38d8a8e95dfac3357c. Representative failure: perf database error: perf database error: no rows loaded from 1 source(s) (first: <repo>/python/aisimulate/src/aiconfigurator_core/systems/data/rtx_pro_6000_server/sglang/0.5.10/computescale_perf.parquet)","python python/aisimulate/tools/support_matrix/generate_fpe_support_matrix.py --model ""Qwen/Qwen3-32B-FP8-Static-PerTensor"" --system ""rtx_pro_6000_server"" --backend ""sglang"" --backend-version ""0.5.10"" --forward-model op_level --max-workers 8",,40,10,"PERF_DATA_MISSING=16, SDK_UNREPRESENTABLE=24",,26dae1f99b2b50fb17118f38d8a8e95dfac3357c
Qwen/Qwen3-32B-FP8-Static-PerTensor,Qwen3ForCausalLM,rtx_pro_6000_server,sglang,0.5.10rc0,FAIL,"Strict-native op-level FPE probes: PERF_DATA_MISSING=16, SDK_UNREPRESENTABLE=24; raw probes=40; topologies=10; source_sha=26dae1f99b2b50fb17118f38d8a8e95dfac3357c. Representative failure: perf database error: perf database error: no GEMM rows loaded from 1 source(s) (first: <repo>/python/aisimulate/src/aiconfigurator_core/systems/data/rtx_pro_6000_server/sglang/0.5.10rc0/gemm_perf.parquet)","python python/aisimulate/tools/support_matrix/generate_fpe_support_matrix.py --model ""Qwen/Qwen3-32B-FP8-Static-PerTensor"" --system ""rtx_pro_6000_server"" --backend ""sglang"" --backend-version ""0.5.10rc0"" --forward-model op_level --max-workers 8",,40,10,"PERF_DATA_MISSING=16, SDK_UNREPRESENTABLE=24",,26dae1f99b2b50fb17118f38d8a8e95dfac3357c
Qwen/Qwen3-32B-FP8-Static-PerTensor,Qwen3ForCausalLM,rtx_pro_6000_server,sglang,0.5.12,PASS,,"python python/aisimulate/tools/support_matrix/generate_fpe_support_matrix.py --model ""Qwen/Qwen3-32B-FP8-Static-PerTensor"" --system ""rtx_pro_6000_server"" --backend ""sglang"" --backend-version ""0.5.12"" --forward-model op_level --max-workers 8",silicon,40,10,"PASS=8, PERF_DATA_MISSING=8, SDK_UNREPRESENTABLE=24","decode_end=9367.448728, decode_start=36.673074, mixed=39.428997, prefill=37.164635",26dae1f99b2b50fb17118f38d8a8e95dfac3357c
Qwen/Qwen3-32B-FP8-Static-PerTensor,Qwen3ForCausalLM,rtx_pro_6000_server,sglang,0.5.14,PASS,,"python python/aisimulate/tools/support_matrix/generate_fpe_support_matrix.py --model ""Qwen/Qwen3-32B-FP8-Static-PerTensor"" --system ""rtx_pro_6000_server"" --backend ""sglang"" --backend-version ""0.5.14"" --forward-model op_level --max-workers 8",silicon,40,10,"PASS=16, SDK_UNREPRESENTABLE=24","decode_end=9367.448728, decode_start=36.673074, mixed=39.428997, prefill=37.164635",26dae1f99b2b50fb17118f38d8a8e95dfac3357c
Qwen/Qwen3-32B-FP8-Static-PerTensor,Qwen3ForCausalLM,rtx_pro_6000_server,sglang,0.5.16,PASS,,"python python/aisimulate/tools/support_matrix/generate_fpe_support_matrix.py --model ""Qwen/Qwen3-32B-FP8-Static-PerTensor"" --system ""rtx_pro_6000_server"" --backend ""sglang"" --backend-version ""0.5.16"" --forward-model op_level --max-workers 8",silicon,40,10,"PASS=16, SDK_UNREPRESENTABLE=24","decode_end=9367.448728, decode_start=36.673074, mixed=39.428997, prefill=37.164635",26dae1f99b2b50fb17118f38d8a8e95dfac3357c
Qwen/Qwen3-32B-FP8-Static-PerTensor,Qwen3ForCausalLM,rtx_pro_6000_server,sglang,0.5.9,FAIL,"Strict-native op-level FPE probes: PERF_DATA_MISSING=16, SDK_UNREPRESENTABLE=24; raw probes=40; topologies=10; source_sha=26dae1f99b2b50fb17118f38d8a8e95dfac3357c. Representative failure: perf database error: perf database error: no GEMM rows loaded from 1 source(s) (first: <repo>/python/aisimulate/src/aiconfigurator_core/systems/data/rtx_pro_6000_server/sglang/0.5.9/gemm_perf.parquet)","python python/aisimulate/tools/support_matrix/generate_fpe_support_matrix.py --model ""Qwen/Qwen3-32B-FP8-Static-PerTensor"" --system ""rtx_pro_6000_server"" --backend ""sglang"" --backend-version ""0.5.9"" --forward-model op_level --max-workers 8",,40,10,"PERF_DATA_MISSING=16, SDK_UNREPRESENTABLE=24",,26dae1f99b2b50fb17118f38d8a8e95dfac3357c
Qwen/Qwen3-32B-FP8-Static-PerTensor,Qwen3ForCausalLM,rtx_pro_6000_server,trtllm,1.3.0rc10,PASS,,"python python/aisimulate/tools/support_matrix/generate_fpe_support_matrix.py --model ""Qwen/Qwen3-32B-FP8-Static-PerTensor"" --system ""rtx_pro_6000_server"" --backend ""trtllm"" --backend-version ""1.3.0rc10"" --forward-model op_level --max-workers 8",silicon,16,4,"PASS=8, PERF_DATA_MISSING=8","decode_end=6383.273937, decode_start=24.973653, mixed=36.324238, prefill=32.979810",26dae1f99b2b50fb17118f38d8a8e95dfac3357c
Qwen/Qwen3-32B-FP8-Static-PerTensor,Qwen3ForCausalLM,rtx_pro_6000_server,trtllm,1.3.0rc15,PASS,,"python python/aisimulate/tools/support_matrix/generate_fpe_support_matrix.py --model ""Qwen/Qwen3-32B-FP8-Static-PerTensor"" --system ""rtx_pro_6000_server"" --backend ""trtllm"" --backend-version ""1.3.0rc15"" --forward-model op_level --max-workers 8",silicon,16,4,"PASS=8, PERF_DATA_MISSING=8","decode_end=6383.273937, decode_start=24.973653, mixed=36.324238, prefill=32.979810",26dae1f99b2b50fb17118f38d8a8e95dfac3357c
Qwen/Qwen3-32B-FP8-Static-PerTensor,Qwen3ForCausalLM,rtx_pro_6000_server,trtllm,1.3.0rc20,PASS,,"python python/aisimulate/tools/support_matrix/generate_fpe_support_matrix.py --model ""Qwen/Qwen3-32B-FP8-Static-PerTensor"" --system ""rtx_pro_6000_server"" --backend ""trtllm"" --backend-version ""1.3.0rc20"" --forward-model op_level --max-workers 8",silicon,16,4,PASS=16,"decode_end=6272.691149, decode_start=24.495670, mixed=35.900997, prefill=32.290537",26dae1f99b2b50fb17118f38d8a8e95dfac3357c
Qwen/Qwen3-32B-FP8-Static-PerTensor,Qwen3ForCausalLM,rtx_pro_6000_server,trtllm,1.3.0rc23,PASS,,"python python/aisimulate/tools/support_matrix/generate_fpe_support_matrix.py --model ""Qwen/Qwen3-32B-FP8-Static-PerTensor"" --system ""rtx_pro_6000_server"" --backend ""trtllm"" --backend-version ""1.3.0rc23"" --forward-model op_level --max-workers 8",silicon,16,4,PASS=16,"decode_end=6272.691149, decode_start=24.495670, mixed=35.900997, prefill=32.290537",26dae1f99b2b50fb17118f38d8a8e95dfac3357c
Qwen/Qwen3-32B-FP8-Static-PerTensor,Qwen3ForCausalLM,rtx_pro_6000_server,vllm,0.1.dev19262,FAIL,Strict-native op-level FPE probes: PERF_DATA_MISSING=16; raw probes=16; topologies=4; source_sha=26dae1f99b2b50fb17118f38d8a8e95dfac3357c. Representative failure: perf database error: perf database error: no GEMM rows loaded from 1 source(s) (first: <repo>/python/aisimulate/src/aiconfigurator_core/systems/data/rtx_pro_6000_server/vllm/0.1.dev19262/gemm_perf.parquet),"python python/aisimulate/tools/support_matrix/generate_fpe_support_matrix.py --model ""Qwen/Qwen3-32B-FP8-Static-PerTensor"" --system ""rtx_pro_6000_server"" --backend ""vllm"" --backend-version ""0.1.dev19262"" --forward-model op_level --max-workers 8",,16,4,PERF_DATA_MISSING=16,,26dae1f99b2b50fb17118f38d8a8e95dfac3357c
Qwen/Qwen3-32B-FP8-Static-PerTensor,Qwen3ForCausalLM,rtx_pro_6000_server,vllm,0.14.0,FAIL,Strict-native op-level FPE probes: PERF_DATA_MISSING=16; raw probes=16; topologies=4; source_sha=26dae1f99b2b50fb17118f38d8a8e95dfac3357c. Representative failure: perf database error: perf database error: no GEMM rows loaded from 1 source(s) (first: <repo>/python/aisimulate/src/aiconfigurator_core/systems/data/rtx_pro_6000_server/vllm/0.14.0/gemm_perf.parquet),"python python/aisimulate/tools/support_matrix/generate_fpe_support_matrix.py --model ""Qwen/Qwen3-32B-FP8-Static-PerTensor"" --system ""rtx_pro_6000_server"" --backend ""vllm"" --backend-version ""0.14.0"" --forward-model op_level --max-workers 8",,16,4,PERF_DATA_MISSING=16,,26dae1f99b2b50fb17118f38d8a8e95dfac3357c
Qwen/Qwen3-32B-FP8-Static-PerTensor,Qwen3ForCausalLM,rtx_pro_6000_server,vllm,0.19.0,FAIL,Strict-native op-level FPE probes: PERF_DATA_MISSING=16; raw probes=16; topologies=4; source_sha=26dae1f99b2b50fb17118f38d8a8e95dfac3357c. Representative failure: perf database error: perf database error: no rows loaded from 1 source(s) (first: <repo>/python/aisimulate/src/aiconfigurator_core/systems/data/rtx_pro_6000_server/vllm/0.19.0/computescale_perf.parquet),"python python/aisimulate/tools/support_matrix/generate_fpe_support_matrix.py --model ""Qwen/Qwen3-32B-FP8-Static-PerTensor"" --system ""rtx_pro_6000_server"" --backend ""vllm"" --backend-version ""0.19.0"" --forward-model op_level --max-workers 8",,16,4,PERF_DATA_MISSING=16,,26dae1f99b2b50fb17118f38d8a8e95dfac3357c
Qwen/Qwen3-32B-FP8-Static-PerTensor,Qwen3ForCausalLM,rtx_pro_6000_server,vllm,0.22.0,PASS,,"python python/aisimulate/tools/support_matrix/generate_fpe_support_matrix.py --model ""Qwen/Qwen3-32B-FP8-Static-PerTensor"" --system ""rtx_pro_6000_server"" --backend ""vllm"" --backend-version ""0.22.0"" --forward-model op_level --max-workers 8",silicon,16,4,"PASS=8, PERF_DATA_MISSING=8","decode_end=6304.535752, decode_start=24.716509, mixed=37.668787, prefill=31.656992",26dae1f99b2b50fb17118f38d8a8e95dfac3357c
Qwen/Qwen3-32B-FP8-Static-PerTensor,Qwen3ForCausalLM,rtx_pro_6000_server,vllm,0.24.0,PASS,,"python python/aisimulate/tools/support_matrix/generate_fpe_support_matrix.py --model ""Qwen/Qwen3-32B-FP8-Static-PerTensor"" --system ""rtx_pro_6000_server"" --backend ""vllm"" --backend-version ""0.24.0"" --forward-model op_level --max-workers 8",silicon,16,4,PASS=16,"decode_end=6304.535752, decode_start=24.716509, mixed=37.668787, prefill=31.656992",26dae1f99b2b50fb17118f38d8a8e95dfac3357c
Qwen/Qwen3-8B,Qwen3ForCausalLM,rtx_pro_6000_server,sglang,0.5.10,PASS,,"python python/aisimulate/tools/support_matrix/generate_fpe_support_matrix.py --model ""Qwen/Qwen3-8B"" --system ""rtx_pro_6000_server"" --backend ""sglang"" --backend-version ""0.5.10"" --forward-model op_level --max-workers 8",silicon,24,6,"PASS=8, PERF_DATA_MISSING=4, SDK_UNREPRESENTABLE=12","decode_end=3235.696081, decode_start=12.654928, mixed=17.926258, prefill=16.750171",26dae1f99b2b50fb17118f38d8a8e95dfac3357c
Qwen/Qwen3-8B,Qwen3ForCausalLM,rtx_pro_6000_server,sglang,0.5.10rc0,FAIL,"Strict-native op-level FPE probes: PERF_DATA_MISSING=12, SDK_UNREPRESENTABLE=12; raw probes=24; topologies=6; source_sha=26dae1f99b2b50fb17118f38d8a8e95dfac3357c. Representative failure: perf database error: perf database error: no GEMM rows loaded from 1 source(s) (first: <repo>/python/aisimulate/src/aiconfigurator_core/systems/data/rtx_pro_6000_server/sglang/0.5.10rc0/gemm_perf.parquet)","python python/aisimulate/tools/support_matrix/generate_fpe_support_matrix.py --model ""Qwen/Qwen3-8B"" --system ""rtx_pro_6000_server"" --backend ""sglang"" --backend-version ""0.5.10rc0"" --forward-model op_level --max-workers 8",,24,6,"PERF_DATA_MISSING=12, SDK_UNREPRESENTABLE=12",,26dae1f99b2b50fb17118f38d8a8e95dfac3357c
Qwen/Qwen3-8B,Qwen3ForCausalLM,rtx_pro_6000_server,sglang,0.5.12,PASS,,"python python/aisimulate/tools/support_matrix/generate_fpe_support_matrix.py --model ""Qwen/Qwen3-8B"" --system ""rtx_pro_6000_server"" --backend ""sglang"" --backend-version ""0.5.12"" --forward-model op_level --max-workers 8",silicon,24,6,"PASS=8, PERF_DATA_MISSING=4, SDK_UNREPRESENTABLE=12","decode_end=2973.030403, decode_start=11.623342, mixed=17.403467, prefill=15.593410",26dae1f99b2b50fb17118f38d8a8e95dfac3357c
Qwen/Qwen3-8B,Qwen3ForCausalLM,rtx_pro_6000_server,sglang,0.5.14,PASS,,"python python/aisimulate/tools/support_matrix/generate_fpe_support_matrix.py --model ""Qwen/Qwen3-8B"" --system ""rtx_pro_6000_server"" --backend ""sglang"" --backend-version ""0.5.14"" --forward-model op_level --max-workers 8",silicon,24,6,"PASS=12, SDK_UNREPRESENTABLE=12","decode_end=2973.030403, decode_start=11.623342, mixed=17.403467, prefill=15.593410",26dae1f99b2b50fb17118f38d8a8e95dfac3357c
Qwen/Qwen3-8B,Qwen3ForCausalLM,rtx_pro_6000_server,sglang,0.5.16,PASS,,"python python/aisimulate/tools/support_matrix/generate_fpe_support_matrix.py --model ""Qwen/Qwen3-8B"" --system ""rtx_pro_6000_server"" --backend ""sglang"" --backend-version ""0.5.16"" --forward-model op_level --max-workers 8",silicon,24,6,"PASS=12, SDK_UNREPRESENTABLE=12","decode_end=2973.030403, decode_start=11.623342, mixed=17.403467, prefill=15.593410",26dae1f99b2b50fb17118f38d8a8e95dfac3357c
Qwen/Qwen3-8B,Qwen3ForCausalLM,rtx_pro_6000_server,sglang,0.5.9,FAIL,"Strict-native op-level FPE probes: PERF_DATA_MISSING=12, SDK_UNREPRESENTABLE=12; raw probes=24; topologies=6; source_sha=26dae1f99b2b50fb17118f38d8a8e95dfac3357c. Representative failure: perf database error: perf database error: no GEMM rows loaded from 1 source(s) (first: <repo>/python/aisimulate/src/aiconfigurator_core/systems/data/rtx_pro_6000_server/sglang/0.5.9/gemm_perf.parquet)","python python/aisimulate/tools/support_matrix/generate_fpe_support_matrix.py --model ""Qwen/Qwen3-8B"" --system ""rtx_pro_6000_server"" --backend ""sglang"" --backend-version ""0.5.9"" --forward-model op_level --max-workers 8",,24,6,"PERF_DATA_MISSING=12, SDK_UNREPRESENTABLE=12",,26dae1f99b2b50fb17118f38d8a8e95dfac3357c
Qwen/Qwen3-8B,Qwen3ForCausalLM,rtx_pro_6000_server,trtllm,1.3.0rc10,PASS,,"python python/aisimulate/tools/support_matrix/generate_fpe_support_matrix.py --model ""Qwen/Qwen3-8B"" --system ""rtx_pro_6000_server"" --backend ""trtllm"" --backend-version ""1.3.0rc10"" --forward-model op_level --max-workers 8",silicon,12,3,"PASS=8, PERF_DATA_MISSING=4","decode_end=2853.441316, decode_start=11.154516, mixed=17.259080, prefill=14.391345",26dae1f99b2b50fb17118f38d8a8e95dfac3357c
Qwen/Qwen3-8B,Qwen3ForCausalLM,rtx_pro_6000_server,trtllm,1.3.0rc15,PASS,,"python python/aisimulate/tools/support_matrix/generate_fpe_support_matrix.py --model ""Qwen/Qwen3-8B"" --system ""rtx_pro_6000_server"" --backend ""trtllm"" --backend-version ""1.3.0rc15"" --forward-model op_level --max-workers 8",silicon,12,3,"PASS=8, PERF_DATA_MISSING=4","decode_end=2853.441316, decode_start=11.154516, mixed=17.259080, prefill=14.391345",26dae1f99b2b50fb17118f38d8a8e95dfac3357c
Qwen/Qwen3-8B,Qwen3ForCausalLM,rtx_pro_6000_server,trtllm,1.3.0rc20,PASS,,"python python/aisimulate/tools/support_matrix/generate_fpe_support_matrix.py --model ""Qwen/Qwen3-8B"" --system ""rtx_pro_6000_server"" --backend ""trtllm"" --backend-version ""1.3.0rc20"" --forward-model op_level --max-workers 8",silicon,12,3,PASS=12,"decode_end=2835.482983, decode_start=11.083538, mixed=16.939984, prefill=14.008686",26dae1f99b2b50fb17118f38d8a8e95dfac3357c
Qwen/Qwen3-8B,Qwen3ForCausalLM,rtx_pro_6000_server,trtllm,1.3.0rc23,PASS,,"python python/aisimulate/tools/support_matrix/generate_fpe_support_matrix.py --model ""Qwen/Qwen3-8B"" --system ""rtx_pro_6000_server"" --backend ""trtllm"" --backend-version ""1.3.0rc23"" --forward-model op_level --max-workers 8",silicon,12,3,PASS=12,"decode_end=2835.482983, decode_start=11.083538, mixed=16.939984, prefill=14.008686",26dae1f99b2b50fb17118f38d8a8e95dfac3357c
Qwen/Qwen3-8B,Qwen3ForCausalLM,rtx_pro_6000_server,vllm,0.1.dev19262,FAIL,Strict-native op-level FPE probes: PERF_DATA_MISSING=12; raw probes=12; topologies=3; source_sha=26dae1f99b2b50fb17118f38d8a8e95dfac3357c. Representative failure: perf database error: perf database error: no GEMM rows loaded from 1 source(s) (first: <repo>/python/aisimulate/src/aiconfigurator_core/systems/data/rtx_pro_6000_server/vllm/0.1.dev19262/gemm_perf.parquet),"python python/aisimulate/tools/support_matrix/generate_fpe_support_matrix.py --model ""Qwen/Qwen3-8B"" --system ""rtx_pro_6000_server"" --backend ""vllm"" --backend-version ""0.1.dev19262"" --forward-model op_level --max-workers 8",,12,3,PERF_DATA_MISSING=12,,26dae1f99b2b50fb17118f38d8a8e95dfac3357c
Qwen/Qwen3-8B,Qwen3ForCausalLM,rtx_pro_6000_server,vllm,0.14.0,FAIL,Strict-native op-level FPE probes: PERF_DATA_MISSING=12; raw probes=12; topologies=3; source_sha=26dae1f99b2b50fb17118f38d8a8e95dfac3357c. Representative failure: perf database error: perf database error: no GEMM rows loaded from 1 source(s) (first: <repo>/python/aisimulate/src/aiconfigurator_core/systems/data/rtx_pro_6000_server/vllm/0.14.0/gemm_perf.parquet),"python python/aisimulate/tools/support_matrix/generate_fpe_support_matrix.py --model ""Qwen/Qwen3-8B"" --system ""rtx_pro_6000_server"" --backend ""vllm"" --backend-version ""0.14.0"" --forward-model op_level --max-workers 8",,12,3,PERF_DATA_MISSING=12,,26dae1f99b2b50fb17118f38d8a8e95dfac3357c
Qwen/Qwen3-8B,Qwen3ForCausalLM,rtx_pro_6000_server,vllm,0.19.0,PASS,,"python python/aisimulate/tools/support_matrix/generate_fpe_support_matrix.py --model ""Qwen/Qwen3-8B"" --system ""rtx_pro_6000_server"" --backend ""vllm"" --backend-version ""0.19.0"" --forward-model op_level --max-workers 8",silicon,12,3,"PASS=8, PERF_DATA_MISSING=4","decode_end=3325.528430, decode_start=12.967236, mixed=17.838952, prefill=16.496989",26dae1f99b2b50fb17118f38d8a8e95dfac3357c
Qwen/Qwen3-8B,Qwen3ForCausalLM,rtx_pro_6000_server,vllm,0.22.0,PASS,,"python python/aisimulate/tools/support_matrix/generate_fpe_support_matrix.py --model ""Qwen/Qwen3-8B"" --system ""rtx_pro_6000_server"" --backend ""vllm"" --backend-version ""0.22.0"" --forward-model op_level --max-workers 8",silicon,12,3,"PASS=8, PERF_DATA_MISSING=4","decode_end=3008.632180, decode_start=11.729537, mixed=17.006028, prefill=14.726009",26dae1f99b2b50fb17118f38d8a8e95dfac3357c
Qwen/Qwen3-8B,Qwen3ForCausalLM,rtx_pro_6000_server,vllm,0.24.0,PASS,,"python python/aisimulate/tools/support_matrix/generate_fpe_support_matrix.py --model ""Qwen/Qwen3-8B"" --system ""rtx_pro_6000_server"" --backend ""vllm"" --backend-version ""0.24.0"" --forward-model op_level --max-workers 8",silicon,12,3,PASS=12,"decode_end=3008.632180, decode_start=11.729537, mixed=17.006028, prefill=14.726009",26dae1f99b2b50fb17118f38d8a8e95dfac3357c
Qwen/Qwen3-Coder-480B-A35B-Instruct,Qwen3MoeForCausalLM,rtx_pro_6000_server,sglang,0.5.10,PASS,,"python python/aisimulate/tools/support_matrix/generate_fpe_support_matrix.py --model ""Qwen/Qwen3-Coder-480B-A35B-Instruct"" --system ""rtx_pro_6000_server"" --backend ""sglang"" --backend-version ""0.5.10"" --forward-model op_level --max-workers 8",silicon,540,135,"PASS=116, PERF_DATA_MISSING=104, SDK_UNREPRESENTABLE=320","decode_end=51829.040639, decode_start=203.194267, mixed=618.440168, prefill=614.715006",26dae1f99b2b50fb17118f38d8a8e95dfac3357c
Qwen/Qwen3-Coder-480B-A35B-Instruct,Qwen3MoeForCausalLM,rtx_pro_6000_server,sglang,0.5.10rc0,FAIL,"Strict-native op-level FPE probes: PERF_DATA_MISSING=220, SDK_UNREPRESENTABLE=320; raw probes=540; topologies=135; source_sha=26dae1f99b2b50fb17118f38d8a8e95dfac3357c. Representative failure: perf database error: perf database error: no GEMM rows loaded from 1 source(s) (first: <repo>/python/aisimulate/src/aiconfigurator_core/systems/data/rtx_pro_6000_server/sglang/0.5.10rc0/gemm_perf.parquet)","python python/aisimulate/tools/support_matrix/generate_fpe_support_matrix.py --model ""Qwen/Qwen3-Coder-480B-A35B-Instruct"" --system ""rtx_pro_6000_server"" --backend ""sglang"" --backend-version ""0.5.10rc0"" --forward-model op_level --max-workers 8",,540,135,"PERF_DATA_MISSING=220, SDK_UNREPRESENTABLE=320",,26dae1f99b2b50fb17118f38d8a8e95dfac3357c
Qwen/Qwen3-Coder-480B-A35B-Instruct,Qwen3MoeForCausalLM,rtx_pro_6000_server,sglang,0.5.12,PASS,,"python python/aisimulate/tools/support_matrix/generate_fpe_support_matrix.py --model ""Qwen/Qwen3-Coder-480B-A35B-Instruct"" --system ""rtx_pro_6000_server"" --backend ""sglang"" --backend-version ""0.5.12"" --forward-model op_level --max-workers 8",silicon,540,135,"PASS=116, PERF_DATA_MISSING=104, SDK_UNREPRESENTABLE=320","decode_end=52145.846805, decode_start=204.427325, mixed=608.457801, prefill=601.461015",26dae1f99b2b50fb17118f38d8a8e95dfac3357c
Qwen/Qwen3-Coder-480B-A35B-Instruct,Qwen3MoeForCausalLM,rtx_pro_6000_server,sglang,0.5.14,PASS,,"python python/aisimulate/tools/support_matrix/generate_fpe_support_matrix.py --model ""Qwen/Qwen3-Coder-480B-A35B-Instruct"" --system ""rtx_pro_6000_server"" --backend ""sglang"" --backend-version ""0.5.14"" --forward-model op_level --max-workers 8",silicon,540,135,"PASS=220, SDK_UNREPRESENTABLE=320","decode_end=52145.846805, decode_start=204.427325, mixed=608.457801, prefill=601.461015",26dae1f99b2b50fb17118f38d8a8e95dfac3357c
Qwen/Qwen3-Coder-480B-A35B-Instruct,Qwen3MoeForCausalLM,rtx_pro_6000_server,sglang,0.5.16,PASS,,"python python/aisimulate/tools/support_matrix/generate_fpe_support_matrix.py --model ""Qwen/Qwen3-Coder-480B-A35B-Instruct"" --system ""rtx_pro_6000_server"" --backend ""sglang"" --backend-version ""0.5.16"" --forward-model op_level --max-workers 8",silicon,540,135,"PASS=220, SDK_UNREPRESENTABLE=320","decode_end=52145.846805, decode_start=204.427325, mixed=608.457801, prefill=601.461015",26dae1f99b2b50fb17118f38d8a8e95dfac3357c
Qwen/Qwen3-Coder-480B-A35B-Instruct,Qwen3MoeForCausalLM,rtx_pro_6000_server,sglang,0.5.9,FAIL,"Strict-native op-level FPE probes: PERF_DATA_MISSING=220, SDK_UNREPRESENTABLE=320; raw probes=540; topologies=135; source_sha=26dae1f99b2b50fb17118f38d8a8e95dfac3357c. Representative failure: perf database error: perf database error: no GEMM rows loaded from 1 source(s) (first: <repo>/python/aisimulate/src/aiconfigurator_core/systems/data/rtx_pro_6000_server/sglang/0.5.9/gemm_perf.parquet)","python python/aisimulate/tools/support_matrix/generate_fpe_support_matrix.py --model ""Qwen/Qwen3-Coder-480B-A35B-Instruct"" --system ""rtx_pro_6000_server"" --backend ""sglang"" --backend-version ""0.5.9"" --forward-model op_level --max-workers 8",,540,135,"PERF_DATA_MISSING=220, SDK_UNREPRESENTABLE=320",,26dae1f99b2b50fb17118f38d8a8e95dfac3357c
Qwen/Qwen3-Coder-480B-A35B-Instruct,Qwen3MoeForCausalLM,rtx_pro_6000_server,trtllm,1.3.0rc10,PASS,,"python python/aisimulate/tools/support_matrix/generate_fpe_support_matrix.py --model ""Qwen/Qwen3-Coder-480B-A35B-Instruct"" --system ""rtx_pro_6000_server"" --backend ""trtllm"" --backend-version ""1.3.0rc10"" --forward-model op_level --max-workers 8",silicon,116,29,"PASS=68, PERF_DATA_MISSING=48","decode_end=53583.734303, decode_start=210.071923, mixed=622.534345, prefill=613.677086",26dae1f99b2b50fb17118f38d8a8e95dfac3357c
Qwen/Qwen3-Coder-480B-A35B-Instruct,Qwen3MoeForCausalLM,rtx_pro_6000_server,trtllm,1.3.0rc15,PASS,,"python python/aisimulate/tools/support_matrix/generate_fpe_support_matrix.py --model ""Qwen/Qwen3-Coder-480B-A35B-Instruct"" --system ""rtx_pro_6000_server"" --backend ""trtllm"" --backend-version ""1.3.0rc15"" --forward-model op_level --max-workers 8",silicon,116,29,"PASS=68, PERF_DATA_MISSING=48","decode_end=53583.734303, decode_start=210.071923, mixed=622.534345, prefill=613.677086",26dae1f99b2b50fb17118f38d8a8e95dfac3357c
Qwen/Qwen3-Coder-480B-A35B-Instruct,Qwen3MoeForCausalLM,rtx_pro_6000_server,trtllm,1.3.0rc20,PASS,,"python python/aisimulate/tools/support_matrix/generate_fpe_support_matrix.py --model ""Qwen/Qwen3-Coder-480B-A35B-Instruct"" --system ""rtx_pro_6000_server"" --backend ""trtllm"" --backend-version ""1.3.0rc20"" --forward-model op_level --max-workers 8",silicon,116,29,PASS=116,"decode_end=51675.948400, decode_start=202.594003, mixed=614.753749, prefill=602.318613",26dae1f99b2b50fb17118f38d8a8e95dfac3357c
Qwen/Qwen3-Coder-480B-A35B-Instruct,Qwen3MoeForCausalLM,rtx_pro_6000_server,trtllm,1.3.0rc23,PASS,,"python python/aisimulate/tools/support_matrix/generate_fpe_support_matrix.py --model ""Qwen/Qwen3-Coder-480B-A35B-Instruct"" --system ""rtx_pro_6000_server"" --backend ""trtllm"" --backend-version ""1.3.0rc23"" --forward-model op_level --max-workers 8",silicon,116,29,PASS=116,"decode_end=51675.948400, decode_start=202.594003, mixed=614.753749, prefill=602.318613",26dae1f99b2b50fb17118f38d8a8e95dfac3357c
Qwen/Qwen3-Coder-480B-A35B-Instruct,Qwen3MoeForCausalLM,rtx_pro_6000_server,vllm,0.1.dev19262,FAIL,Strict-native op-level FPE probes: PERF_DATA_MISSING=116; raw probes=116; topologies=29; source_sha=26dae1f99b2b50fb17118f38d8a8e95dfac3357c. Representative failure: perf database error: perf database error: no GEMM rows loaded from 1 source(s) (first: <repo>/python/aisimulate/src/aiconfigurator_core/systems/data/rtx_pro_6000_server/vllm/0.1.dev19262/gemm_perf.parquet),"python python/aisimulate/tools/support_matrix/generate_fpe_support_matrix.py --model ""Qwen/Qwen3-Coder-480B-A35B-Instruct"" --system ""rtx_pro_6000_server"" --backend ""vllm"" --backend-version ""0.1.dev19262"" --forward-model op_level --max-workers 8",,116,29,PERF_DATA_MISSING=116,,26dae1f99b2b50fb17118f38d8a8e95dfac3357c
Qwen/Qwen3-Coder-480B-A35B-Instruct,Qwen3MoeForCausalLM,rtx_pro_6000_server,vllm,0.14.0,FAIL,Strict-native op-level FPE probes: PERF_DATA_MISSING=116; raw probes=116; topologies=29; source_sha=26dae1f99b2b50fb17118f38d8a8e95dfac3357c. Representative failure: perf database error: perf database error: no GEMM rows loaded from 1 source(s) (first: <repo>/python/aisimulate/src/aiconfigurator_core/systems/data/rtx_pro_6000_server/vllm/0.14.0/gemm_perf.parquet),"python python/aisimulate/tools/support_matrix/generate_fpe_support_matrix.py --model ""Qwen/Qwen3-Coder-480B-A35B-Instruct"" --system ""rtx_pro_6000_server"" --backend ""vllm"" --backend-version ""0.14.0"" --forward-model op_level --max-workers 8",,116,29,PERF_DATA_MISSING=116,,26dae1f99b2b50fb17118f38d8a8e95dfac3357c
Qwen/Qwen3-Coder-480B-A35B-Instruct,Qwen3MoeForCausalLM,rtx_pro_6000_server,vllm,0.19.0,PASS,,"python python/aisimulate/tools/support_matrix/generate_fpe_support_matrix.py --model ""Qwen/Qwen3-Coder-480B-A35B-Instruct"" --system ""rtx_pro_6000_server"" --backend ""vllm"" --backend-version ""0.19.0"" --forward-model op_level --max-workers 8",silicon,116,29,"PASS=44, PERF_DATA_MISSING=72","decode_end=52220.839204, decode_start=204.677816, mixed=608.029495, prefill=603.152750",26dae1f99b2b50fb17118f38d8a8e95dfac3357c
Qwen/Qwen3-Coder-480B-A35B-Instruct,Qwen3MoeForCausalLM,rtx_pro_6000_server,vllm,0.22.0,PASS,,"python python/aisimulate/tools/support_matrix/generate_fpe_support_matrix.py --model ""Qwen/Qwen3-Coder-480B-A35B-Instruct"" --system ""rtx_pro_6000_server"" --backend ""vllm"" --backend-version ""0.22.0"" --forward-model op_level --max-workers 8",silicon,116,29,"PASS=44, PERF_DATA_MISSING=72","decode_end=52439.266653, decode_start=205.532896, mixed=622.021994, prefill=617.394659",26dae1f99b2b50fb17118f38d8a8e95dfac3357c
Qwen/Qwen3-Coder-480B-A35B-Instruct,Qwen3MoeForCausalLM,rtx_pro_6000_server,vllm,0.24.0,PASS,,"python python/aisimulate/tools/support_matrix/generate_fpe_support_matrix.py --model ""Qwen/Qwen3-Coder-480B-A35B-Instruct"" --system ""rtx_pro_6000_server"" --backend ""vllm"" --backend-version ""0.24.0"" --forward-model op_level --max-workers 8",silicon,116,29,PASS=116,"decode_end=52439.266653, decode_start=205.532896, mixed=622.021994, prefill=617.394659",26dae1f99b2b50fb17118f38d8a8e95dfac3357c
Qwen/Qwen3-VL-235B-A22B-Instruct,Qwen3VLMoeForConditionalGeneration,rtx_pro_6000_server,sglang,0.5.10,PASS,,"python python/aisimulate/tools/support_matrix/generate_fpe_support_matrix.py --model ""Qwen/Qwen3-VL-235B-A22B-Instruct"" --system ""rtx_pro_6000_server"" --backend ""sglang"" --backend-version ""0.5.10"" --forward-model op_level --max-workers 8",silicon,540,135,"PASS=116, PERF_DATA_MISSING=104, SDK_UNREPRESENTABLE=320","decode_end=30052.087303, decode_start=117.826449, mixed=353.512920, prefill=315.812938",26dae1f99b2b50fb17118f38d8a8e95dfac3357c
Qwen/Qwen3-VL-235B-A22B-Instruct,Qwen3VLMoeForConditionalGeneration,rtx_pro_6000_server,sglang,0.5.10rc0,FAIL,"Strict-native op-level FPE probes: PERF_DATA_MISSING=220, SDK_UNREPRESENTABLE=320; raw probes=540; topologies=135; source_sha=26dae1f99b2b50fb17118f38d8a8e95dfac3357c. Representative failure: perf database error: perf database error: no GEMM rows loaded from 1 source(s) (first: <repo>/python/aisimulate/src/aiconfigurator_core/systems/data/rtx_pro_6000_server/sglang/0.5.10rc0/gemm_perf.parquet)","python python/aisimulate/tools/support_matrix/generate_fpe_support_matrix.py --model ""Qwen/Qwen3-VL-235B-A22B-Instruct"" --system ""rtx_pro_6000_server"" --backend ""sglang"" --backend-version ""0.5.10rc0"" --forward-model op_level --max-workers 8",,540,135,"PERF_DATA_MISSING=220, SDK_UNREPRESENTABLE=320",,26dae1f99b2b50fb17118f38d8a8e95dfac3357c
Qwen/Qwen3-VL-235B-A22B-Instruct,Qwen3VLMoeForConditionalGeneration,rtx_pro_6000_server,sglang,0.5.12,PASS,,"python python/aisimulate/tools/support_matrix/generate_fpe_support_matrix.py --model ""Qwen/Qwen3-VL-235B-A22B-Instruct"" --system ""rtx_pro_6000_server"" --backend ""sglang"" --backend-version ""0.5.12"" --forward-model op_level --max-workers 8",silicon,540,135,"PASS=116, PERF_DATA_MISSING=104, SDK_UNREPRESENTABLE=320","decode_end=29571.874771, decode_start=115.958551, mixed=352.938605, prefill=315.803946",26dae1f99b2b50fb17118f38d8a8e95dfac3357c
Qwen/Qwen3-VL-235B-A22B-Instruct,Qwen3VLMoeForConditionalGeneration,rtx_pro_6000_server,sglang,0.5.14,PASS,,"python python/aisimulate/tools/support_matrix/generate_fpe_support_matrix.py --model ""Qwen/Qwen3-VL-235B-A22B-Instruct"" --system ""rtx_pro_6000_server"" --backend ""sglang"" --backend-version ""0.5.14"" --forward-model op_level --max-workers 8",silicon,540,135,"PASS=220, SDK_UNREPRESENTABLE=320","decode_end=29571.874771, decode_start=115.958551, mixed=352.938605, prefill=315.803946",26dae1f99b2b50fb17118f38d8a8e95dfac3357c
Qwen/Qwen3-VL-235B-A22B-Instruct,Qwen3VLMoeForConditionalGeneration,rtx_pro_6000_server,sglang,0.5.16,PASS,,"python python/aisimulate/tools/support_matrix/generate_fpe_support_matrix.py --model ""Qwen/Qwen3-VL-235B-A22B-Instruct"" --system ""rtx_pro_6000_server"" --backend ""sglang"" --backend-version ""0.5.16"" --forward-model op_level --max-workers 8",silicon,540,135,"PASS=220, SDK_UNREPRESENTABLE=320","decode_end=29571.874771, decode_start=115.958551, mixed=352.938605, prefill=315.803946",26dae1f99b2b50fb17118f38d8a8e95dfac3357c
Qwen/Qwen3-VL-235B-A22B-Instruct,Qwen3VLMoeForConditionalGeneration,rtx_pro_6000_server,sglang,0.5.9,FAIL,"Strict-native op-level FPE probes: PERF_DATA_MISSING=220, SDK_UNREPRESENTABLE=320; raw probes=540; topologies=135; source_sha=26dae1f99b2b50fb17118f38d8a8e95dfac3357c. Representative failure: perf database error: perf database error: no GEMM rows loaded from 1 source(s) (first: <repo>/python/aisimulate/src/aiconfigurator_core/systems/data/rtx_pro_6000_server/sglang/0.5.9/gemm_perf.parquet)","python python/aisimulate/tools/support_matrix/generate_fpe_support_matrix.py --model ""Qwen/Qwen3-VL-235B-A22B-Instruct"" --system ""rtx_pro_6000_server"" --backend ""sglang"" --backend-version ""0.5.9"" --forward-model op_level --max-workers 8",,540,135,"PERF_DATA_MISSING=220, SDK_UNREPRESENTABLE=320",,26dae1f99b2b50fb17118f38d8a8e95dfac3357c
Qwen/Qwen3-VL-235B-A22B-Instruct,Qwen3VLMoeForConditionalGeneration,rtx_pro_6000_server,trtllm,1.3.0rc10,PASS,,"python python/aisimulate/tools/support_matrix/generate_fpe_support_matrix.py --model ""Qwen/Qwen3-VL-235B-A22B-Instruct"" --system ""rtx_pro_6000_server"" --backend ""trtllm"" --backend-version ""1.3.0rc10"" --forward-model op_level --max-workers 8",silicon,116,29,"PASS=68, PERF_DATA_MISSING=48","decode_end=30427.992389, decode_start=119.350792, mixed=319.877759, prefill=313.766662",26dae1f99b2b50fb17118f38d8a8e95dfac3357c
Qwen/Qwen3-VL-235B-A22B-Instruct,Qwen3VLMoeForConditionalGeneration,rtx_pro_6000_server,trtllm,1.3.0rc15,PASS,,"python python/aisimulate/tools/support_matrix/generate_fpe_support_matrix.py --model ""Qwen/Qwen3-VL-235B-A22B-Instruct"" --system ""rtx_pro_6000_server"" --backend ""trtllm"" --backend-version ""1.3.0rc15"" --forward-model op_level --max-workers 8",silicon,116,29,"PASS=68, PERF_DATA_MISSING=48","decode_end=30427.992389, decode_start=119.350792, mixed=319.877759, prefill=313.766662",26dae1f99b2b50fb17118f38d8a8e95dfac3357c
Qwen/Qwen3-VL-235B-A22B-Instruct,Qwen3VLMoeForConditionalGeneration,rtx_pro_6000_server,trtllm,1.3.0rc20,PASS,,"python python/aisimulate/tools/support_matrix/generate_fpe_support_matrix.py --model ""Qwen/Qwen3-VL-235B-A22B-Instruct"" --system ""rtx_pro_6000_server"" --backend ""trtllm"" --backend-version ""1.3.0rc20"" --forward-model op_level --max-workers 8",silicon,116,29,PASS=116,"decode_end=28622.456182, decode_start=112.277254, mixed=317.274030, prefill=310.348942",26dae1f99b2b50fb17118f38d8a8e95dfac3357c
Qwen/Qwen3-VL-235B-A22B-Instruct,Qwen3VLMoeForConditionalGeneration,rtx_pro_6000_server,trtllm,1.3.0rc23,PASS,,"python python/aisimulate/tools/support_matrix/generate_fpe_support_matrix.py --model ""Qwen/Qwen3-VL-235B-A22B-Instruct"" --system ""rtx_pro_6000_server"" --backend ""trtllm"" --backend-version ""1.3.0rc23"" --forward-model op_level --max-workers 8",silicon,116,29,PASS=116,"decode_end=28622.456182, decode_start=112.277254, mixed=317.274030, prefill=310.348942",26dae1f99b2b50fb17118f38d8a8e95dfac3357c
Qwen/Qwen3-VL-235B-A22B-Instruct,Qwen3VLMoeForConditionalGeneration,rtx_pro_6000_server,vllm,0.1.dev19262,FAIL,Strict-native op-level FPE probes: PERF_DATA_MISSING=116; raw probes=116; topologies=29; source_sha=26dae1f99b2b50fb17118f38d8a8e95dfac3357c. Representative failure: perf database error: perf database error: no GEMM rows loaded from 1 source(s) (first: <repo>/python/aisimulate/src/aiconfigurator_core/systems/data/rtx_pro_6000_server/vllm/0.1.dev19262/gemm_perf.parquet),"python python/aisimulate/tools/support_matrix/generate_fpe_support_matrix.py --model ""Qwen/Qwen3-VL-235B-A22B-Instruct"" --system ""rtx_pro_6000_server"" --backend ""vllm"" --backend-version ""0.1.dev19262"" --forward-model op_level --max-workers 8",,116,29,PERF_DATA_MISSING=116,,26dae1f99b2b50fb17118f38d8a8e95dfac3357c
Qwen/Qwen3-VL-235B-A22B-Instruct,Qwen3VLMoeForConditionalGeneration,rtx_pro_6000_server,vllm,0.14.0,FAIL,Strict-native op-level FPE probes: PERF_DATA_MISSING=116; raw probes=116; topologies=29; source_sha=26dae1f99b2b50fb17118f38d8a8e95dfac3357c. Representative failure: perf database error: perf database error: no GEMM rows loaded from 1 source(s) (first: <repo>/python/aisimulate/src/aiconfigurator_core/systems/data/rtx_pro_6000_server/vllm/0.14.0/gemm_perf.parquet),"python python/aisimulate/tools/support_matrix/generate_fpe_support_matrix.py --model ""Qwen/Qwen3-VL-235B-A22B-Instruct"" --system ""rtx_pro_6000_server"" --backend ""vllm"" --backend-version ""0.14.0"" --forward-model op_level --max-workers 8",,116,29,PERF_DATA_MISSING=116,,26dae1f99b2b50fb17118f38d8a8e95dfac3357c
Qwen/Qwen3-VL-235B-A22B-Instruct,Qwen3VLMoeForConditionalGeneration,rtx_pro_6000_server,vllm,0.19.0,PASS,,"python python/aisimulate/tools/support_matrix/generate_fpe_support_matrix.py --model ""Qwen/Qwen3-VL-235B-A22B-Instruct"" --system ""rtx_pro_6000_server"" --backend ""vllm"" --backend-version ""0.19.0"" --forward-model op_level --max-workers 8",silicon,116,29,"PASS=44, PERF_DATA_MISSING=72","decode_end=28465.914929, decode_start=111.605682, mixed=322.728168, prefill=317.383793",26dae1f99b2b50fb17118f38d8a8e95dfac3357c
Qwen/Qwen3-VL-235B-A22B-Instruct,Qwen3VLMoeForConditionalGeneration,rtx_pro_6000_server,vllm,0.22.0,PASS,,"python python/aisimulate/tools/support_matrix/generate_fpe_support_matrix.py --model ""Qwen/Qwen3-VL-235B-A22B-Instruct"" --system ""rtx_pro_6000_server"" --backend ""vllm"" --backend-version ""0.22.0"" --forward-model op_level --max-workers 8",silicon,116,29,"PASS=44, PERF_DATA_MISSING=72","decode_end=29642.063647, decode_start=116.223998, mixed=330.098932, prefill=324.897728",26dae1f99b2b50fb17118f38d8a8e95dfac3357c
Qwen/Qwen3-VL-235B-A22B-Instruct,Qwen3VLMoeForConditionalGeneration,rtx_pro_6000_server,vllm,0.24.0,PASS,,"python python/aisimulate/tools/support_matrix/generate_fpe_support_matrix.py --model ""Qwen/Qwen3-VL-235B-A22B-Instruct"" --system ""rtx_pro_6000_server"" --backend ""vllm"" --backend-version ""0.24.0"" --forward-model op_level --max-workers 8",silicon,116,29,PASS=116,"decode_end=29642.063647, decode_start=116.223998, mixed=330.098932, prefill=324.897728",26dae1f99b2b50fb17118f38d8a8e95dfac3357c
Qwen/Qwen3-VL-2B-Instruct,Qwen3VLForConditionalGeneration,rtx_pro_6000_server,sglang,0.5.10,PASS,,"python python/aisimulate/tools/support_matrix/generate_fpe_support_matrix.py --model ""Qwen/Qwen3-VL-2B-Instruct"" --system ""rtx_pro_6000_server"" --backend ""sglang"" --backend-version ""0.5.10"" --forward-model op_level --max-workers 8",silicon,24,6,"PASS=8, PERF_DATA_MISSING=4, SDK_UNREPRESENTABLE=12","decode_end=927.022188, decode_start=3.610525, mixed=4.642382, prefill=5.538866",26dae1f99b2b50fb17118f38d8a8e95dfac3357c
Qwen/Qwen3-VL-2B-Instruct,Qwen3VLForConditionalGeneration,rtx_pro_6000_server,sglang,0.5.10rc0,FAIL,"Strict-native op-level FPE probes: PERF_DATA_MISSING=12, SDK_UNREPRESENTABLE=12; raw probes=24; topologies=6; source_sha=26dae1f99b2b50fb17118f38d8a8e95dfac3357c. Representative failure: perf database error: perf database error: no GEMM rows loaded from 1 source(s) (first: <repo>/python/aisimulate/src/aiconfigurator_core/systems/data/rtx_pro_6000_server/sglang/0.5.10rc0/gemm_perf.parquet)","python python/aisimulate/tools/support_matrix/generate_fpe_support_matrix.py --model ""Qwen/Qwen3-VL-2B-Instruct"" --system ""rtx_pro_6000_server"" --backend ""sglang"" --backend-version ""0.5.10rc0"" --forward-model op_level --max-workers 8",,24,6,"PERF_DATA_MISSING=12, SDK_UNREPRESENTABLE=12",,26dae1f99b2b50fb17118f38d8a8e95dfac3357c
Qwen/Qwen3-VL-2B-Instruct,Qwen3VLForConditionalGeneration,rtx_pro_6000_server,sglang,0.5.12,PASS,,"python python/aisimulate/tools/support_matrix/generate_fpe_support_matrix.py --model ""Qwen/Qwen3-VL-2B-Instruct"" --system ""rtx_pro_6000_server"" --backend ""sglang"" --backend-version ""0.5.12"" --forward-model op_level --max-workers 8",silicon,24,6,"PASS=8, PERF_DATA_MISSING=4, SDK_UNREPRESENTABLE=12","decode_end=804.180867, decode_start=3.149799, mixed=4.625411, prefill=4.027034",26dae1f99b2b50fb17118f38d8a8e95dfac3357c
Qwen/Qwen3-VL-2B-Instruct,Qwen3VLForConditionalGeneration,rtx_pro_6000_server,sglang,0.5.14,PASS,,"python python/aisimulate/tools/support_matrix/generate_fpe_support_matrix.py --model ""Qwen/Qwen3-VL-2B-Instruct"" --system ""rtx_pro_6000_server"" --backend ""sglang"" --backend-version ""0.5.14"" --forward-model op_level --max-workers 8",silicon,24,6,"PASS=12, SDK_UNREPRESENTABLE=12","decode_end=804.180867, decode_start=3.149799, mixed=4.625411, prefill=4.027034",26dae1f99b2b50fb17118f38d8a8e95dfac3357c
Qwen/Qwen3-VL-2B-Instruct,Qwen3VLForConditionalGeneration,rtx_pro_6000_server,sglang,0.5.16,PASS,,"python python/aisimulate/tools/support_matrix/generate_fpe_support_matrix.py --model ""Qwen/Qwen3-VL-2B-Instruct"" --system ""rtx_pro_6000_server"" --backend ""sglang"" --backend-version ""0.5.16"" --forward-model op_level --max-workers 8",silicon,24,6,"PASS=12, SDK_UNREPRESENTABLE=12","decode_end=804.180867, decode_start=3.149799, mixed=4.625411, prefill=4.027034",26dae1f99b2b50fb17118f38d8a8e95dfac3357c
Qwen/Qwen3-VL-2B-Instruct,Qwen3VLForConditionalGeneration,rtx_pro_6000_server,sglang,0.5.9,FAIL,"Strict-native op-level FPE probes: PERF_DATA_MISSING=12, SDK_UNREPRESENTABLE=12; raw probes=24; topologies=6; source_sha=26dae1f99b2b50fb17118f38d8a8e95dfac3357c. Representative failure: perf database error: perf database error: no GEMM rows loaded from 1 source(s) (first: <repo>/python/aisimulate/src/aiconfigurator_core/systems/data/rtx_pro_6000_server/sglang/0.5.9/gemm_perf.parquet)","python python/aisimulate/tools/support_matrix/generate_fpe_support_matrix.py --model ""Qwen/Qwen3-VL-2B-Instruct"" --system ""rtx_pro_6000_server"" --backend ""sglang"" --backend-version ""0.5.9"" --forward-model op_level --max-workers 8",,24,6,"PERF_DATA_MISSING=12, SDK_UNREPRESENTABLE=12",,26dae1f99b2b50fb17118f38d8a8e95dfac3357c
Qwen/Qwen3-VL-2B-Instruct,Qwen3VLForConditionalGeneration,rtx_pro_6000_server,trtllm,1.3.0rc10,PASS,,"python python/aisimulate/tools/support_matrix/generate_fpe_support_matrix.py --model ""Qwen/Qwen3-VL-2B-Instruct"" --system ""rtx_pro_6000_server"" --backend ""trtllm"" --backend-version ""1.3.0rc10"" --forward-model op_level --max-workers 8",silicon,12,3,"PASS=8, PERF_DATA_MISSING=4","decode_end=771.153832, decode_start=2.997616, mixed=4.671146, prefill=3.892406",26dae1f99b2b50fb17118f38d8a8e95dfac3357c
Qwen/Qwen3-VL-2B-Instruct,Qwen3VLForConditionalGeneration,rtx_pro_6000_server,trtllm,1.3.0rc15,PASS,,"python python/aisimulate/tools/support_matrix/generate_fpe_support_matrix.py --model ""Qwen/Qwen3-VL-2B-Instruct"" --system ""rtx_pro_6000_server"" --backend ""trtllm"" --backend-version ""1.3.0rc15"" --forward-model op_level --max-workers 8",silicon,12,3,"PASS=8, PERF_DATA_MISSING=4","decode_end=771.153832, decode_start=2.997616, mixed=4.671146, prefill=3.892406",26dae1f99b2b50fb17118f38d8a8e95dfac3357c
Qwen/Qwen3-VL-2B-Instruct,Qwen3VLForConditionalGeneration,rtx_pro_6000_server,trtllm,1.3.0rc20,PASS,,"python python/aisimulate/tools/support_matrix/generate_fpe_support_matrix.py --model ""Qwen/Qwen3-VL-2B-Instruct"" --system ""rtx_pro_6000_server"" --backend ""trtllm"" --backend-version ""1.3.0rc20"" --forward-model op_level --max-workers 8",silicon,12,3,PASS=12,"decode_end=732.333085, decode_start=2.845895, mixed=4.452364, prefill=3.614932",26dae1f99b2b50fb17118f38d8a8e95dfac3357c
Qwen/Qwen3-VL-2B-Instruct,Qwen3VLForConditionalGeneration,rtx_pro_6000_server,trtllm,1.3.0rc23,PASS,,"python python/aisimulate/tools/support_matrix/generate_fpe_support_matrix.py --model ""Qwen/Qwen3-VL-2B-Instruct"" --system ""rtx_pro_6000_server"" --backend ""trtllm"" --backend-version ""1.3.0rc23"" --forward-model op_level --max-workers 8",silicon,12,3,PASS=12,"decode_end=732.333085, decode_start=2.845895, mixed=4.452364, prefill=3.614932",26dae1f99b2b50fb17118f38d8a8e95dfac3357c
Qwen/Qwen3-VL-2B-Instruct,Qwen3VLForConditionalGeneration,rtx_pro_6000_server,vllm,0.1.dev19262,FAIL,Strict-native op-level FPE probes: PERF_DATA_MISSING=12; raw probes=12; topologies=3; source_sha=26dae1f99b2b50fb17118f38d8a8e95dfac3357c. Representative failure: perf database error: perf database error: no GEMM rows loaded from 1 source(s) (first: <repo>/python/aisimulate/src/aiconfigurator_core/systems/data/rtx_pro_6000_server/vllm/0.1.dev19262/gemm_perf.parquet),"python python/aisimulate/tools/support_matrix/generate_fpe_support_matrix.py --model ""Qwen/Qwen3-VL-2B-Instruct"" --system ""rtx_pro_6000_server"" --backend ""vllm"" --backend-version ""0.1.dev19262"" --forward-model op_level --max-workers 8",,12,3,PERF_DATA_MISSING=12,,26dae1f99b2b50fb17118f38d8a8e95dfac3357c
Qwen/Qwen3-VL-2B-Instruct,Qwen3VLForConditionalGeneration,rtx_pro_6000_server,vllm,0.14.0,FAIL,Strict-native op-level FPE probes: PERF_DATA_MISSING=12; raw probes=12; topologies=3; source_sha=26dae1f99b2b50fb17118f38d8a8e95dfac3357c. Representative failure: perf database error: perf database error: no GEMM rows loaded from 1 source(s) (first: <repo>/python/aisimulate/src/aiconfigurator_core/systems/data/rtx_pro_6000_server/vllm/0.14.0/gemm_perf.parquet),"python python/aisimulate/tools/support_matrix/generate_fpe_support_matrix.py --model ""Qwen/Qwen3-VL-2B-Instruct"" --system ""rtx_pro_6000_server"" --backend ""vllm"" --backend-version ""0.14.0"" --forward-model op_level --max-workers 8",,12,3,PERF_DATA_MISSING=12,,26dae1f99b2b50fb17118f38d8a8e95dfac3357c
Qwen/Qwen3-VL-2B-Instruct,Qwen3VLForConditionalGeneration,rtx_pro_6000_server,vllm,0.19.0,PASS,,"python python/aisimulate/tools/support_matrix/generate_fpe_support_matrix.py --model ""Qwen/Qwen3-VL-2B-Instruct"" --system ""rtx_pro_6000_server"" --backend ""vllm"" --backend-version ""0.19.0"" --forward-model op_level --max-workers 8",silicon,12,3,"PASS=8, PERF_DATA_MISSING=4","decode_end=966.333181, decode_start=3.738029, mixed=4.765214, prefill=5.458040",26dae1f99b2b50fb17118f38d8a8e95dfac3357c
Qwen/Qwen3-VL-2B-Instruct,Qwen3VLForConditionalGeneration,rtx_pro_6000_server,vllm,0.22.0,PASS,,"python python/aisimulate/tools/support_matrix/generate_fpe_support_matrix.py --model ""Qwen/Qwen3-VL-2B-Instruct"" --system ""rtx_pro_6000_server"" --backend ""vllm"" --backend-version ""0.22.0"" --forward-model op_level --max-workers 8",silicon,12,3,"PASS=8, PERF_DATA_MISSING=4","decode_end=823.752481, decode_start=3.174918, mixed=4.614004, prefill=3.777471",26dae1f99b2b50fb17118f38d8a8e95dfac3357c
Qwen/Qwen3-VL-2B-Instruct,Qwen3VLForConditionalGeneration,rtx_pro_6000_server,vllm,0.24.0,PASS,,"python python/aisimulate/tools/support_matrix/generate_fpe_support_matrix.py --model ""Qwen/Qwen3-VL-2B-Instruct"" --system ""rtx_pro_6000_server"" --backend ""vllm"" --backend-version ""0.24.0"" --forward-model op_level --max-workers 8",silicon,12,3,PASS=12,"decode_end=823.752481, decode_start=3.174918, mixed=4.614004, prefill=3.777471",26dae1f99b2b50fb17118f38d8a8e95dfac3357c
Qwen/Qwen3-VL-30B-A3B-Instruct,Qwen3VLMoeForConditionalGeneration,rtx_pro_6000_server,sglang,0.5.10,PASS,,"python python/aisimulate/tools/support_matrix/generate_fpe_support_matrix.py --model ""Qwen/Qwen3-VL-30B-A3B-Instruct"" --system ""rtx_pro_6000_server"" --backend ""sglang"" --backend-version ""0.5.10"" --forward-model op_level --max-workers 8",silicon,540,135,"PASS=92, PERF_DATA_MISSING=128, SDK_UNREPRESENTABLE=320","decode_end=4347.919186, decode_start=17.012648, mixed=47.476190, prefill=42.449555",26dae1f99b2b50fb17118f38d8a8e95dfac3357c
Qwen/Qwen3-VL-30B-A3B-Instruct,Qwen3VLMoeForConditionalGeneration,rtx_pro_6000_server,sglang,0.5.10rc0,FAIL,"Strict-native op-level FPE probes: PERF_DATA_MISSING=220, SDK_UNREPRESENTABLE=320; raw probes=540; topologies=135; source_sha=26dae1f99b2b50fb17118f38d8a8e95dfac3357c. Representative failure: perf database error: perf database error: no GEMM rows loaded from 1 source(s) (first: <repo>/python/aisimulate/src/aiconfigurator_core/systems/data/rtx_pro_6000_server/sglang/0.5.10rc0/gemm_perf.parquet)","python python/aisimulate/tools/support_matrix/generate_fpe_support_matrix.py --model ""Qwen/Qwen3-VL-30B-A3B-Instruct"" --system ""rtx_pro_6000_server"" --backend ""sglang"" --backend-version ""0.5.10rc0"" --forward-model op_level --max-workers 8",,540,135,"PERF_DATA_MISSING=220, SDK_UNREPRESENTABLE=320",,26dae1f99b2b50fb17118f38d8a8e95dfac3357c
Qwen/Qwen3-VL-30B-A3B-Instruct,Qwen3VLMoeForConditionalGeneration,rtx_pro_6000_server,sglang,0.5.12,PASS,,"python python/aisimulate/tools/support_matrix/generate_fpe_support_matrix.py --model ""Qwen/Qwen3-VL-30B-A3B-Instruct"" --system ""rtx_pro_6000_server"" --backend ""sglang"" --backend-version ""0.5.12"" --forward-model op_level --max-workers 8",silicon,540,135,"PASS=116, PERF_DATA_MISSING=104, SDK_UNREPRESENTABLE=320","decode_end=4136.858869, decode_start=16.216736, mixed=47.553200, prefill=42.593255",26dae1f99b2b50fb17118f38d8a8e95dfac3357c
Qwen/Qwen3-VL-30B-A3B-Instruct,Qwen3VLMoeForConditionalGeneration,rtx_pro_6000_server,sglang,0.5.14,PASS,,"python python/aisimulate/tools/support_matrix/generate_fpe_support_matrix.py --model ""Qwen/Qwen3-VL-30B-A3B-Instruct"" --system ""rtx_pro_6000_server"" --backend ""sglang"" --backend-version ""0.5.14"" --forward-model op_level --max-workers 8",silicon,540,135,"PASS=220, SDK_UNREPRESENTABLE=320","decode_end=4136.858869, decode_start=16.216736, mixed=47.553200, prefill=42.593255",26dae1f99b2b50fb17118f38d8a8e95dfac3357c
Qwen/Qwen3-VL-30B-A3B-Instruct,Qwen3VLMoeForConditionalGeneration,rtx_pro_6000_server,sglang,0.5.16,PASS,,"python python/aisimulate/tools/support_matrix/generate_fpe_support_matrix.py --model ""Qwen/Qwen3-VL-30B-A3B-Instruct"" --system ""rtx_pro_6000_server"" --backend ""sglang"" --backend-version ""0.5.16"" --forward-model op_level --max-workers 8",silicon,540,135,"PASS=220, SDK_UNREPRESENTABLE=320","decode_end=4136.858869, decode_start=16.216736, mixed=47.553200, prefill=42.593255",26dae1f99b2b50fb17118f38d8a8e95dfac3357c
Qwen/Qwen3-VL-30B-A3B-Instruct,Qwen3VLMoeForConditionalGeneration,rtx_pro_6000_server,sglang,0.5.9,FAIL,"Strict-native op-level FPE probes: PERF_DATA_MISSING=220, SDK_UNREPRESENTABLE=320; raw probes=540; topologies=135; source_sha=26dae1f99b2b50fb17118f38d8a8e95dfac3357c. Representative failure: perf database error: perf database error: no GEMM rows loaded from 1 source(s) (first: <repo>/python/aisimulate/src/aiconfigurator_core/systems/data/rtx_pro_6000_server/sglang/0.5.9/gemm_perf.parquet)","python python/aisimulate/tools/support_matrix/generate_fpe_support_matrix.py --model ""Qwen/Qwen3-VL-30B-A3B-Instruct"" --system ""rtx_pro_6000_server"" --backend ""sglang"" --backend-version ""0.5.9"" --forward-model op_level --max-workers 8",,540,135,"PERF_DATA_MISSING=220, SDK_UNREPRESENTABLE=320",,26dae1f99b2b50fb17118f38d8a8e95dfac3357c
Qwen/Qwen3-VL-30B-A3B-Instruct,Qwen3VLMoeForConditionalGeneration,rtx_pro_6000_server,trtllm,1.3.0rc10,PASS,,"python python/aisimulate/tools/support_matrix/generate_fpe_support_matrix.py --model ""Qwen/Qwen3-VL-30B-A3B-Instruct"" --system ""rtx_pro_6000_server"" --backend ""trtllm"" --backend-version ""1.3.0rc10"" --forward-model op_level --max-workers 8",silicon,116,29,"PASS=56, PERF_DATA_MISSING=60","decode_end=4066.159810, decode_start=15.944653, mixed=44.313713, prefill=43.261420",26dae1f99b2b50fb17118f38d8a8e95dfac3357c
Qwen/Qwen3-VL-30B-A3B-Instruct,Qwen3VLMoeForConditionalGeneration,rtx_pro_6000_server,trtllm,1.3.0rc15,PASS,,"python python/aisimulate/tools/support_matrix/generate_fpe_support_matrix.py --model ""Qwen/Qwen3-VL-30B-A3B-Instruct"" --system ""rtx_pro_6000_server"" --backend ""trtllm"" --backend-version ""1.3.0rc15"" --forward-model op_level --max-workers 8",silicon,116,29,"PASS=56, PERF_DATA_MISSING=60","decode_end=4066.159810, decode_start=15.944653, mixed=44.313713, prefill=43.261420",26dae1f99b2b50fb17118f38d8a8e95dfac3357c
Qwen/Qwen3-VL-30B-A3B-Instruct,Qwen3VLMoeForConditionalGeneration,rtx_pro_6000_server,trtllm,1.3.0rc20,PASS,,"python python/aisimulate/tools/support_matrix/generate_fpe_support_matrix.py --model ""Qwen/Qwen3-VL-30B-A3B-Instruct"" --system ""rtx_pro_6000_server"" --backend ""trtllm"" --backend-version ""1.3.0rc20"" --forward-model op_level --max-workers 8",silicon,116,29,PASS=116,"decode_end=4086.777608, decode_start=16.028972, mixed=43.576930, prefill=42.568505",26dae1f99b2b50fb17118f38d8a8e95dfac3357c
Qwen/Qwen3-VL-30B-A3B-Instruct,Qwen3VLMoeForConditionalGeneration,rtx_pro_6000_server,trtllm,1.3.0rc23,PASS,,"python python/aisimulate/tools/support_matrix/generate_fpe_support_matrix.py --model ""Qwen/Qwen3-VL-30B-A3B-Instruct"" --system ""rtx_pro_6000_server"" --backend ""trtllm"" --backend-version ""1.3.0rc23"" --forward-model op_level --max-workers 8",silicon,116,29,PASS=116,"decode_end=4086.777608, decode_start=16.028972, mixed=43.576930, prefill=42.568505",26dae1f99b2b50fb17118f38d8a8e95dfac3357c
Qwen/Qwen3-VL-30B-A3B-Instruct,Qwen3VLMoeForConditionalGeneration,rtx_pro_6000_server,vllm,0.1.dev19262,FAIL,Strict-native op-level FPE probes: PERF_DATA_MISSING=116; raw probes=116; topologies=29; source_sha=26dae1f99b2b50fb17118f38d8a8e95dfac3357c. Representative failure: perf database error: perf database error: no GEMM rows loaded from 1 source(s) (first: <repo>/python/aisimulate/src/aiconfigurator_core/systems/data/rtx_pro_6000_server/vllm/0.1.dev19262/gemm_perf.parquet),"python python/aisimulate/tools/support_matrix/generate_fpe_support_matrix.py --model ""Qwen/Qwen3-VL-30B-A3B-Instruct"" --system ""rtx_pro_6000_server"" --backend ""vllm"" --backend-version ""0.1.dev19262"" --forward-model op_level --max-workers 8",,116,29,PERF_DATA_MISSING=116,,26dae1f99b2b50fb17118f38d8a8e95dfac3357c
Qwen/Qwen3-VL-30B-A3B-Instruct,Qwen3VLMoeForConditionalGeneration,rtx_pro_6000_server,vllm,0.14.0,FAIL,Strict-native op-level FPE probes: PERF_DATA_MISSING=116; raw probes=116; topologies=29; source_sha=26dae1f99b2b50fb17118f38d8a8e95dfac3357c. Representative failure: perf database error: perf database error: no GEMM rows loaded from 1 source(s) (first: <repo>/python/aisimulate/src/aiconfigurator_core/systems/data/rtx_pro_6000_server/vllm/0.14.0/gemm_perf.parquet),"python python/aisimulate/tools/support_matrix/generate_fpe_support_matrix.py --model ""Qwen/Qwen3-VL-30B-A3B-Instruct"" --system ""rtx_pro_6000_server"" --backend ""vllm"" --backend-version ""0.14.0"" --forward-model op_level --max-workers 8",,116,29,PERF_DATA_MISSING=116,,26dae1f99b2b50fb17118f38d8a8e95dfac3357c
Qwen/Qwen3-VL-30B-A3B-Instruct,Qwen3VLMoeForConditionalGeneration,rtx_pro_6000_server,vllm,0.19.0,PASS,,"python python/aisimulate/tools/support_matrix/generate_fpe_support_matrix.py --model ""Qwen/Qwen3-VL-30B-A3B-Instruct"" --system ""rtx_pro_6000_server"" --backend ""vllm"" --backend-version ""0.19.0"" --forward-model op_level --max-workers 8",silicon,116,29,"PASS=36, PERF_DATA_MISSING=80","decode_end=4249.494261, decode_start=16.656734, mixed=44.260648, prefill=42.909142",26dae1f99b2b50fb17118f38d8a8e95dfac3357c
Qwen/Qwen3-VL-30B-A3B-Instruct,Qwen3VLMoeForConditionalGeneration,rtx_pro_6000_server,vllm,0.22.0,PASS,,"python python/aisimulate/tools/support_matrix/generate_fpe_support_matrix.py --model ""Qwen/Qwen3-VL-30B-A3B-Instruct"" --system ""rtx_pro_6000_server"" --backend ""vllm"" --backend-version ""0.22.0"" --forward-model op_level --max-workers 8",silicon,116,29,"PASS=44, PERF_DATA_MISSING=72","decode_end=4215.237849, decode_start=16.522364, mixed=44.541313, prefill=43.381096",26dae1f99b2b50fb17118f38d8a8e95dfac3357c
Qwen/Qwen3-VL-30B-A3B-Instruct,Qwen3VLMoeForConditionalGeneration,rtx_pro_6000_server,vllm,0.24.0,PASS,,"python python/aisimulate/tools/support_matrix/generate_fpe_support_matrix.py --model ""Qwen/Qwen3-VL-30B-A3B-Instruct"" --system ""rtx_pro_6000_server"" --backend ""vllm"" --backend-version ""0.24.0"" --forward-model op_level --max-workers 8",silicon,116,29,PASS=116,"decode_end=4215.237849, decode_start=16.522364, mixed=44.541313, prefill=43.381096",26dae1f99b2b50fb17118f38d8a8e95dfac3357c
Qwen/Qwen3-VL-32B-Instruct,Qwen3VLForConditionalGeneration,rtx_pro_6000_server,sglang,0.5.10,PASS,,"python python/aisimulate/tools/support_matrix/generate_fpe_support_matrix.py --model ""Qwen/Qwen3-VL-32B-Instruct"" --system ""rtx_pro_6000_server"" --backend ""sglang"" --backend-version ""0.5.10"" --forward-model op_level --max-workers 8",silicon,40,10,"PASS=8, PERF_DATA_MISSING=8, SDK_UNREPRESENTABLE=24","decode_end=11727.739338, decode_start=45.930970, mixed=70.395540, prefill=56.897219",26dae1f99b2b50fb17118f38d8a8e95dfac3357c
Qwen/Qwen3-VL-32B-Instruct,Qwen3VLForConditionalGeneration,rtx_pro_6000_server,sglang,0.5.10rc0,FAIL,"Strict-native op-level FPE probes: PERF_DATA_MISSING=16, SDK_UNREPRESENTABLE=24; raw probes=40; topologies=10; source_sha=26dae1f99b2b50fb17118f38d8a8e95dfac3357c. Representative failure: perf database error: perf database error: no GEMM rows loaded from 1 source(s) (first: <repo>/python/aisimulate/src/aiconfigurator_core/systems/data/rtx_pro_6000_server/sglang/0.5.10rc0/gemm_perf.parquet)","python python/aisimulate/tools/support_matrix/generate_fpe_support_matrix.py --model ""Qwen/Qwen3-VL-32B-Instruct"" --system ""rtx_pro_6000_server"" --backend ""sglang"" --backend-version ""0.5.10rc0"" --forward-model op_level --max-workers 8",,40,10,"PERF_DATA_MISSING=16, SDK_UNREPRESENTABLE=24",,26dae1f99b2b50fb17118f38d8a8e95dfac3357c
Qwen/Qwen3-VL-32B-Instruct,Qwen3VLForConditionalGeneration,rtx_pro_6000_server,sglang,0.5.12,PASS,,"python python/aisimulate/tools/support_matrix/generate_fpe_support_matrix.py --model ""Qwen/Qwen3-VL-32B-Instruct"" --system ""rtx_pro_6000_server"" --backend ""sglang"" --backend-version ""0.5.12"" --forward-model op_level --max-workers 8",silicon,40,10,"PASS=8, PERF_DATA_MISSING=8, SDK_UNREPRESENTABLE=24","decode_end=11672.691972, decode_start=45.714435, mixed=60.651427, prefill=55.137036",26dae1f99b2b50fb17118f38d8a8e95dfac3357c
Qwen/Qwen3-VL-32B-Instruct,Qwen3VLForConditionalGeneration,rtx_pro_6000_server,sglang,0.5.14,PASS,,"python python/aisimulate/tools/support_matrix/generate_fpe_support_matrix.py --model ""Qwen/Qwen3-VL-32B-Instruct"" --system ""rtx_pro_6000_server"" --backend ""sglang"" --backend-version ""0.5.14"" --forward-model op_level --max-workers 8",silicon,40,10,"PASS=16, SDK_UNREPRESENTABLE=24","decode_end=11672.691972, decode_start=45.714435, mixed=60.651427, prefill=55.137036",26dae1f99b2b50fb17118f38d8a8e95dfac3357c
Qwen/Qwen3-VL-32B-Instruct,Qwen3VLForConditionalGeneration,rtx_pro_6000_server,sglang,0.5.16,PASS,,"python python/aisimulate/tools/support_matrix/generate_fpe_support_matrix.py --model ""Qwen/Qwen3-VL-32B-Instruct"" --system ""rtx_pro_6000_server"" --backend ""sglang"" --backend-version ""0.5.16"" --forward-model op_level --max-workers 8",silicon,40,10,"PASS=16, SDK_UNREPRESENTABLE=24","decode_end=11672.691972, decode_start=45.714435, mixed=60.651427, prefill=55.137036",26dae1f99b2b50fb17118f38d8a8e95dfac3357c
Qwen/Qwen3-VL-32B-Instruct,Qwen3VLForConditionalGeneration,rtx_pro_6000_server,sglang,0.5.9,FAIL,"Strict-native op-level FPE probes: PERF_DATA_MISSING=16, SDK_UNREPRESENTABLE=24; raw probes=40; topologies=10; source_sha=26dae1f99b2b50fb17118f38d8a8e95dfac3357c. Representative failure: perf database error: perf database error: no GEMM rows loaded from 1 source(s) (first: <repo>/python/aisimulate/src/aiconfigurator_core/systems/data/rtx_pro_6000_server/sglang/0.5.9/gemm_perf.parquet)","python python/aisimulate/tools/support_matrix/generate_fpe_support_matrix.py --model ""Qwen/Qwen3-VL-32B-Instruct"" --system ""rtx_pro_6000_server"" --backend ""sglang"" --backend-version ""0.5.9"" --forward-model op_level --max-workers 8",,40,10,"PERF_DATA_MISSING=16, SDK_UNREPRESENTABLE=24",,26dae1f99b2b50fb17118f38d8a8e95dfac3357c
Qwen/Qwen3-VL-32B-Instruct,Qwen3VLForConditionalGeneration,rtx_pro_6000_server,trtllm,1.3.0rc10,PASS,,"python python/aisimulate/tools/support_matrix/generate_fpe_support_matrix.py --model ""Qwen/Qwen3-VL-32B-Instruct"" --system ""rtx_pro_6000_server"" --backend ""trtllm"" --backend-version ""1.3.0rc10"" --forward-model op_level --max-workers 8",silicon,16,4,"PASS=8, PERF_DATA_MISSING=8","decode_end=11653.152512, decode_start=45.643879, mixed=60.958838, prefill=53.813431",26dae1f99b2b50fb17118f38d8a8e95dfac3357c
Qwen/Qwen3-VL-32B-Instruct,Qwen3VLForConditionalGeneration,rtx_pro_6000_server,trtllm,1.3.0rc15,PASS,,"python python/aisimulate/tools/support_matrix/generate_fpe_support_matrix.py --model ""Qwen/Qwen3-VL-32B-Instruct"" --system ""rtx_pro_6000_server"" --backend ""trtllm"" --backend-version ""1.3.0rc15"" --forward-model op_level --max-workers 8",silicon,16,4,"PASS=8, PERF_DATA_MISSING=8","decode_end=11653.152512, decode_start=45.643879, mixed=60.958838, prefill=53.813431",26dae1f99b2b50fb17118f38d8a8e95dfac3357c
Qwen/Qwen3-VL-32B-Instruct,Qwen3VLForConditionalGeneration,rtx_pro_6000_server,trtllm,1.3.0rc20,PASS,,"python python/aisimulate/tools/support_matrix/generate_fpe_support_matrix.py --model ""Qwen/Qwen3-VL-32B-Instruct"" --system ""rtx_pro_6000_server"" --backend ""trtllm"" --backend-version ""1.3.0rc20"" --forward-model op_level --max-workers 8",silicon,16,4,PASS=16,"decode_end=11622.056571, decode_start=45.513646, mixed=60.182427, prefill=53.807539",26dae1f99b2b50fb17118f38d8a8e95dfac3357c
Qwen/Qwen3-VL-32B-Instruct,Qwen3VLForConditionalGeneration,rtx_pro_6000_server,trtllm,1.3.0rc23,PASS,,"python python/aisimulate/tools/support_matrix/generate_fpe_support_matrix.py --model ""Qwen/Qwen3-VL-32B-Instruct"" --system ""rtx_pro_6000_server"" --backend ""trtllm"" --backend-version ""1.3.0rc23"" --forward-model op_level --max-workers 8",silicon,16,4,PASS=16,"decode_end=11622.056571, decode_start=45.513646, mixed=60.182427, prefill=53.807539",26dae1f99b2b50fb17118f38d8a8e95dfac3357c
Qwen/Qwen3-VL-32B-Instruct,Qwen3VLForConditionalGeneration,rtx_pro_6000_server,vllm,0.1.dev19262,FAIL,Strict-native op-level FPE probes: PERF_DATA_MISSING=16; raw probes=16; topologies=4; source_sha=26dae1f99b2b50fb17118f38d8a8e95dfac3357c. Representative failure: perf database error: perf database error: no GEMM rows loaded from 1 source(s) (first: <repo>/python/aisimulate/src/aiconfigurator_core/systems/data/rtx_pro_6000_server/vllm/0.1.dev19262/gemm_perf.parquet),"python python/aisimulate/tools/support_matrix/generate_fpe_support_matrix.py --model ""Qwen/Qwen3-VL-32B-Instruct"" --system ""rtx_pro_6000_server"" --backend ""vllm"" --backend-version ""0.1.dev19262"" --forward-model op_level --max-workers 8",,16,4,PERF_DATA_MISSING=16,,26dae1f99b2b50fb17118f38d8a8e95dfac3357c
Qwen/Qwen3-VL-32B-Instruct,Qwen3VLForConditionalGeneration,rtx_pro_6000_server,vllm,0.14.0,FAIL,Strict-native op-level FPE probes: PERF_DATA_MISSING=16; raw probes=16; topologies=4; source_sha=26dae1f99b2b50fb17118f38d8a8e95dfac3357c. Representative failure: perf database error: perf database error: no GEMM rows loaded from 1 source(s) (first: <repo>/python/aisimulate/src/aiconfigurator_core/systems/data/rtx_pro_6000_server/vllm/0.14.0/gemm_perf.parquet),"python python/aisimulate/tools/support_matrix/generate_fpe_support_matrix.py --model ""Qwen/Qwen3-VL-32B-Instruct"" --system ""rtx_pro_6000_server"" --backend ""vllm"" --backend-version ""0.14.0"" --forward-model op_level --max-workers 8",,16,4,PERF_DATA_MISSING=16,,26dae1f99b2b50fb17118f38d8a8e95dfac3357c
Qwen/Qwen3-VL-32B-Instruct,Qwen3VLForConditionalGeneration,rtx_pro_6000_server,vllm,0.19.0,PASS,,"python python/aisimulate/tools/support_matrix/generate_fpe_support_matrix.py --model ""Qwen/Qwen3-VL-32B-Instruct"" --system ""rtx_pro_6000_server"" --backend ""vllm"" --backend-version ""0.19.0"" --forward-model op_level --max-workers 8",silicon,16,4,"PASS=8, PERF_DATA_MISSING=8","decode_end=11935.323402, decode_start=46.673926, mixed=70.485197, prefill=56.934910",26dae1f99b2b50fb17118f38d8a8e95dfac3357c
Qwen/Qwen3-VL-32B-Instruct,Qwen3VLForConditionalGeneration,rtx_pro_6000_server,vllm,0.22.0,PASS,,"python python/aisimulate/tools/support_matrix/generate_fpe_support_matrix.py --model ""Qwen/Qwen3-VL-32B-Instruct"" --system ""rtx_pro_6000_server"" --backend ""vllm"" --backend-version ""0.22.0"" --forward-model op_level --max-workers 8",silicon,16,4,"PASS=8, PERF_DATA_MISSING=8","decode_end=11782.226297, decode_start=46.087110, mixed=59.782807, prefill=53.809660",26dae1f99b2b50fb17118f38d8a8e95dfac3357c
Qwen/Qwen3-VL-32B-Instruct,Qwen3VLForConditionalGeneration,rtx_pro_6000_server,vllm,0.24.0,PASS,,"python python/aisimulate/tools/support_matrix/generate_fpe_support_matrix.py --model ""Qwen/Qwen3-VL-32B-Instruct"" --system ""rtx_pro_6000_server"" --backend ""vllm"" --backend-version ""0.24.0"" --forward-model op_level --max-workers 8",silicon,16,4,PASS=16,"decode_end=11782.226297, decode_start=46.087110, mixed=59.782807, prefill=53.809660",26dae1f99b2b50fb17118f38d8a8e95dfac3357c
Qwen/Qwen3-VL-32B-Thinking,Qwen3VLForConditionalGeneration,rtx_pro_6000_server,sglang,0.5.10,PASS,,"python python/aisimulate/tools/support_matrix/generate_fpe_support_matrix.py --model ""Qwen/Qwen3-VL-32B-Thinking"" --system ""rtx_pro_6000_server"" --backend ""sglang"" --backend-version ""0.5.10"" --forward-model op_level --max-workers 8",silicon,40,10,"PASS=8, PERF_DATA_MISSING=8, SDK_UNREPRESENTABLE=24","decode_end=11727.739338, decode_start=45.930970, mixed=70.395540, prefill=56.897219",26dae1f99b2b50fb17118f38d8a8e95dfac3357c
Qwen/Qwen3-VL-32B-Thinking,Qwen3VLForConditionalGeneration,rtx_pro_6000_server,sglang,0.5.10rc0,FAIL,"Strict-native op-level FPE probes: PERF_DATA_MISSING=16, SDK_UNREPRESENTABLE=24; raw probes=40; topologies=10; source_sha=26dae1f99b2b50fb17118f38d8a8e95dfac3357c. Representative failure: perf database error: perf database error: no GEMM rows loaded from 1 source(s) (first: <repo>/python/aisimulate/src/aiconfigurator_core/systems/data/rtx_pro_6000_server/sglang/0.5.10rc0/gemm_perf.parquet)","python python/aisimulate/tools/support_matrix/generate_fpe_support_matrix.py --model ""Qwen/Qwen3-VL-32B-Thinking"" --system ""rtx_pro_6000_server"" --backend ""sglang"" --backend-version ""0.5.10rc0"" --forward-model op_level --max-workers 8",,40,10,"PERF_DATA_MISSING=16, SDK_UNREPRESENTABLE=24",,26dae1f99b2b50fb17118f38d8a8e95dfac3357c
Qwen/Qwen3-VL-32B-Thinking,Qwen3VLForConditionalGeneration,rtx_pro_6000_server,sglang,0.5.12,PASS,,"python python/aisimulate/tools/support_matrix/generate_fpe_support_matrix.py --model ""Qwen/Qwen3-VL-32B-Thinking"" --system ""rtx_pro_6000_server"" --backend ""sglang"" --backend-version ""0.5.12"" --forward-model op_level --max-workers 8",silicon,40,10,"PASS=8, PERF_DATA_MISSING=8, SDK_UNREPRESENTABLE=24","decode_end=11672.691972, decode_start=45.714435, mixed=60.651427, prefill=55.137036",26dae1f99b2b50fb17118f38d8a8e95dfac3357c
Qwen/Qwen3-VL-32B-Thinking,Qwen3VLForConditionalGeneration,rtx_pro_6000_server,sglang,0.5.14,PASS,,"python python/aisimulate/tools/support_matrix/generate_fpe_support_matrix.py --model ""Qwen/Qwen3-VL-32B-Thinking"" --system ""rtx_pro_6000_server"" --backend ""sglang"" --backend-version ""0.5.14"" --forward-model op_level --max-workers 8",silicon,40,10,"PASS=16, SDK_UNREPRESENTABLE=24","decode_end=11672.691972, decode_start=45.714435, mixed=60.651427, prefill=55.137036",26dae1f99b2b50fb17118f38d8a8e95dfac3357c
Qwen/Qwen3-VL-32B-Thinking,Qwen3VLForConditionalGeneration,rtx_pro_6000_server,sglang,0.5.16,PASS,,"python python/aisimulate/tools/support_matrix/generate_fpe_support_matrix.py --model ""Qwen/Qwen3-VL-32B-Thinking"" --system ""rtx_pro_6000_server"" --backend ""sglang"" --backend-version ""0.5.16"" --forward-model op_level --max-workers 8",silicon,40,10,"PASS=16, SDK_UNREPRESENTABLE=24","decode_end=11672.691972, decode_start=45.714435, mixed=60.651427, prefill=55.137036",26dae1f99b2b50fb17118f38d8a8e95dfac3357c
Qwen/Qwen3-VL-32B-Thinking,Qwen3VLForConditionalGeneration,rtx_pro_6000_server,sglang,0.5.9,FAIL,"Strict-native op-level FPE probes: PERF_DATA_MISSING=16, SDK_UNREPRESENTABLE=24; raw probes=40; topologies=10; source_sha=26dae1f99b2b50fb17118f38d8a8e95dfac3357c. Representative failure: perf database error: perf database error: no GEMM rows loaded from 1 source(s) (first: <repo>/python/aisimulate/src/aiconfigurator_core/systems/data/rtx_pro_6000_server/sglang/0.5.9/gemm_perf.parquet)","python python/aisimulate/tools/support_matrix/generate_fpe_support_matrix.py --model ""Qwen/Qwen3-VL-32B-Thinking"" --system ""rtx_pro_6000_server"" --backend ""sglang"" --backend-version ""0.5.9"" --forward-model op_level --max-workers 8",,40,10,"PERF_DATA_MISSING=16, SDK_UNREPRESENTABLE=24",,26dae1f99b2b50fb17118f38d8a8e95dfac3357c
Qwen/Qwen3-VL-32B-Thinking,Qwen3VLForConditionalGeneration,rtx_pro_6000_server,trtllm,1.3.0rc10,PASS,,"python python/aisimulate/tools/support_matrix/generate_fpe_support_matrix.py --model ""Qwen/Qwen3-VL-32B-Thinking"" --system ""rtx_pro_6000_server"" --backend ""trtllm"" --backend-version ""1.3.0rc10"" --forward-model op_level --max-workers 8",silicon,16,4,"PASS=8, PERF_DATA_MISSING=8","decode_end=11653.152512, decode_start=45.643879, mixed=60.958838, prefill=53.813431",26dae1f99b2b50fb17118f38d8a8e95dfac3357c
Qwen/Qwen3-VL-32B-Thinking,Qwen3VLForConditionalGeneration,rtx_pro_6000_server,trtllm,1.3.0rc15,PASS,,"python python/aisimulate/tools/support_matrix/generate_fpe_support_matrix.py --model ""Qwen/Qwen3-VL-32B-Thinking"" --system ""rtx_pro_6000_server"" --backend ""trtllm"" --backend-version ""1.3.0rc15"" --forward-model op_level --max-workers 8",silicon,16,4,"PASS=8, PERF_DATA_MISSING=8","decode_end=11653.152512, decode_start=45.643879, mixed=60.958838, prefill=53.813431",26dae1f99b2b50fb17118f38d8a8e95dfac3357c
Qwen/Qwen3-VL-32B-Thinking,Qwen3VLForConditionalGeneration,rtx_pro_6000_server,trtllm,1.3.0rc20,PASS,,"python python/aisimulate/tools/support_matrix/generate_fpe_support_matrix.py --model ""Qwen/Qwen3-VL-32B-Thinking"" --system ""rtx_pro_6000_server"" --backend ""trtllm"" --backend-version ""1.3.0rc20"" --forward-model op_level --max-workers 8",silicon,16,4,PASS=16,"decode_end=11622.056571, decode_start=45.513646, mixed=60.182427, prefill=53.807539",26dae1f99b2b50fb17118f38d8a8e95dfac3357c
Qwen/Qwen3-VL-32B-Thinking,Qwen3VLForConditionalGeneration,rtx_pro_6000_server,trtllm,1.3.0rc23,PASS,,"python python/aisimulate/tools/support_matrix/generate_fpe_support_matrix.py --model ""Qwen/Qwen3-VL-32B-Thinking"" --system ""rtx_pro_6000_server"" --backend ""trtllm"" --backend-version ""1.3.0rc23"" --forward-model op_level --max-workers 8",silicon,16,4,PASS=16,"decode_end=11622.056571, decode_start=45.513646, mixed=60.182427, prefill=53.807539",26dae1f99b2b50fb17118f38d8a8e95dfac3357c
Qwen/Qwen3-VL-32B-Thinking,Qwen3VLForConditionalGeneration,rtx_pro_6000_server,vllm,0.1.dev19262,FAIL,Strict-native op-level FPE probes: PERF_DATA_MISSING=16; raw probes=16; topologies=4; source_sha=26dae1f99b2b50fb17118f38d8a8e95dfac3357c. Representative failure: perf database error: perf database error: no GEMM rows loaded from 1 source(s) (first: <repo>/python/aisimulate/src/aiconfigurator_core/systems/data/rtx_pro_6000_server/vllm/0.1.dev19262/gemm_perf.parquet),"python python/aisimulate/tools/support_matrix/generate_fpe_support_matrix.py --model ""Qwen/Qwen3-VL-32B-Thinking"" --system ""rtx_pro_6000_server"" --backend ""vllm"" --backend-version ""0.1.dev19262"" --forward-model op_level --max-workers 8",,16,4,PERF_DATA_MISSING=16,,26dae1f99b2b50fb17118f38d8a8e95dfac3357c
Qwen/Qwen3-VL-32B-Thinking,Qwen3VLForConditionalGeneration,rtx_pro_6000_server,vllm,0.14.0,FAIL,Strict-native op-level FPE probes: PERF_DATA_MISSING=16; raw probes=16; topologies=4; source_sha=26dae1f99b2b50fb17118f38d8a8e95dfac3357c. Representative failure: perf database error: perf database error: no GEMM rows loaded from 1 source(s) (first: <repo>/python/aisimulate/src/aiconfigurator_core/systems/data/rtx_pro_6000_server/vllm/0.14.0/gemm_perf.parquet),"python python/aisimulate/tools/support_matrix/generate_fpe_support_matrix.py --model ""Qwen/Qwen3-VL-32B-Thinking"" --system ""rtx_pro_6000_server"" --backend ""vllm"" --backend-version ""0.14.0"" --forward-model op_level --max-workers 8",,16,4,PERF_DATA_MISSING=16,,26dae1f99b2b50fb17118f38d8a8e95dfac3357c
Qwen/Qwen3-VL-32B-Thinking,Qwen3VLForConditionalGeneration,rtx_pro_6000_server,vllm,0.19.0,PASS,,"python python/aisimulate/tools/support_matrix/generate_fpe_support_matrix.py --model ""Qwen/Qwen3-VL-32B-Thinking"" --system ""rtx_pro_6000_server"" --backend ""vllm"" --backend-version ""0.19.0"" --forward-model op_level --max-workers 8",silicon,16,4,"PASS=8, PERF_DATA_MISSING=8","decode_end=11935.323402, decode_start=46.673926, mixed=70.485197, prefill=56.934910",26dae1f99b2b50fb17118f38d8a8e95dfac3357c
Qwen/Qwen3-VL-32B-Thinking,Qwen3VLForConditionalGeneration,rtx_pro_6000_server,vllm,0.22.0,PASS,,"python python/aisimulate/tools/support_matrix/generate_fpe_support_matrix.py --model ""Qwen/Qwen3-VL-32B-Thinking"" --system ""rtx_pro_6000_server"" --backend ""vllm"" --backend-version ""0.22.0"" --forward-model op_level --max-workers 8",silicon,16,4,"PASS=8, PERF_DATA_MISSING=8","decode_end=11782.226297, decode_start=46.087110, mixed=59.782807, prefill=53.809660",26dae1f99b2b50fb17118f38d8a8e95dfac3357c
Qwen/Qwen3-VL-32B-Thinking,Qwen3VLForConditionalGeneration,rtx_pro_6000_server,vllm,0.24.0,PASS,,"python python/aisimulate/tools/support_matrix/generate_fpe_support_matrix.py --model ""Qwen/Qwen3-VL-32B-Thinking"" --system ""rtx_pro_6000_server"" --backend ""vllm"" --backend-version ""0.24.0"" --forward-model op_level --max-workers 8",silicon,16,4,PASS=16,"decode_end=11782.226297, decode_start=46.087110, mixed=59.782807, prefill=53.809660",26dae1f99b2b50fb17118f38d8a8e95dfac3357c
Qwen/Qwen3-VL-4B-Instruct,Qwen3VLForConditionalGeneration,rtx_pro_6000_server,sglang,0.5.10,PASS,,"python python/aisimulate/tools/support_matrix/generate_fpe_support_matrix.py --model ""Qwen/Qwen3-VL-4B-Instruct"" --system ""rtx_pro_6000_server"" --backend ""sglang"" --backend-version ""0.5.10"" --forward-model op_level --max-workers 8",silicon,24,6,"PASS=8, PERF_DATA_MISSING=4, SDK_UNREPRESENTABLE=12","decode_end=1984.323501, decode_start=7.747584, mixed=10.477218, prefill=9.601744",26dae1f99b2b50fb17118f38d8a8e95dfac3357c
Qwen/Qwen3-VL-4B-Instruct,Qwen3VLForConditionalGeneration,rtx_pro_6000_server,sglang,0.5.10rc0,FAIL,"Strict-native op-level FPE probes: PERF_DATA_MISSING=12, SDK_UNREPRESENTABLE=12; raw probes=24; topologies=6; source_sha=26dae1f99b2b50fb17118f38d8a8e95dfac3357c. Representative failure: perf database error: perf database error: no GEMM rows loaded from 1 source(s) (first: <repo>/python/aisimulate/src/aiconfigurator_core/systems/data/rtx_pro_6000_server/sglang/0.5.10rc0/gemm_perf.parquet)","python python/aisimulate/tools/support_matrix/generate_fpe_support_matrix.py --model ""Qwen/Qwen3-VL-4B-Instruct"" --system ""rtx_pro_6000_server"" --backend ""sglang"" --backend-version ""0.5.10rc0"" --forward-model op_level --max-workers 8",,24,6,"PERF_DATA_MISSING=12, SDK_UNREPRESENTABLE=12",,26dae1f99b2b50fb17118f38d8a8e95dfac3357c
Qwen/Qwen3-VL-4B-Instruct,Qwen3VLForConditionalGeneration,rtx_pro_6000_server,sglang,0.5.12,PASS,,"python python/aisimulate/tools/support_matrix/generate_fpe_support_matrix.py --model ""Qwen/Qwen3-VL-4B-Instruct"" --system ""rtx_pro_6000_server"" --backend ""sglang"" --backend-version ""0.5.12"" --forward-model op_level --max-workers 8",silicon,24,6,"PASS=8, PERF_DATA_MISSING=4, SDK_UNREPRESENTABLE=12","decode_end=1691.212714, decode_start=6.596606, mixed=9.939957, prefill=8.404681",26dae1f99b2b50fb17118f38d8a8e95dfac3357c
Qwen/Qwen3-VL-4B-Instruct,Qwen3VLForConditionalGeneration,rtx_pro_6000_server,sglang,0.5.14,PASS,,"python python/aisimulate/tools/support_matrix/generate_fpe_support_matrix.py --model ""Qwen/Qwen3-VL-4B-Instruct"" --system ""rtx_pro_6000_server"" --backend ""sglang"" --backend-version ""0.5.14"" --forward-model op_level --max-workers 8",silicon,24,6,"PASS=12, SDK_UNREPRESENTABLE=12","decode_end=1691.212714, decode_start=6.596606, mixed=9.939957, prefill=8.404681",26dae1f99b2b50fb17118f38d8a8e95dfac3357c
Qwen/Qwen3-VL-4B-Instruct,Qwen3VLForConditionalGeneration,rtx_pro_6000_server,sglang,0.5.16,PASS,,"python python/aisimulate/tools/support_matrix/generate_fpe_support_matrix.py --model ""Qwen/Qwen3-VL-4B-Instruct"" --system ""rtx_pro_6000_server"" --backend ""sglang"" --backend-version ""0.5.16"" --forward-model op_level --max-workers 8",silicon,24,6,"PASS=12, SDK_UNREPRESENTABLE=12","decode_end=1691.212714, decode_start=6.596606, mixed=9.939957, prefill=8.404681",26dae1f99b2b50fb17118f38d8a8e95dfac3357c
Qwen/Qwen3-VL-4B-Instruct,Qwen3VLForConditionalGeneration,rtx_pro_6000_server,sglang,0.5.9,FAIL,"Strict-native op-level FPE probes: PERF_DATA_MISSING=12, SDK_UNREPRESENTABLE=12; raw probes=24; topologies=6; source_sha=26dae1f99b2b50fb17118f38d8a8e95dfac3357c. Representative failure: perf database error: perf database error: no GEMM rows loaded from 1 source(s) (first: <repo>/python/aisimulate/src/aiconfigurator_core/systems/data/rtx_pro_6000_server/sglang/0.5.9/gemm_perf.parquet)","python python/aisimulate/tools/support_matrix/generate_fpe_support_matrix.py --model ""Qwen/Qwen3-VL-4B-Instruct"" --system ""rtx_pro_6000_server"" --backend ""sglang"" --backend-version ""0.5.9"" --forward-model op_level --max-workers 8",,24,6,"PERF_DATA_MISSING=12, SDK_UNREPRESENTABLE=12",,26dae1f99b2b50fb17118f38d8a8e95dfac3357c
Qwen/Qwen3-VL-4B-Instruct,Qwen3VLForConditionalGeneration,rtx_pro_6000_server,trtllm,1.3.0rc10,PASS,,"python python/aisimulate/tools/support_matrix/generate_fpe_support_matrix.py --model ""Qwen/Qwen3-VL-4B-Instruct"" --system ""rtx_pro_6000_server"" --backend ""trtllm"" --backend-version ""1.3.0rc10"" --forward-model op_level --max-workers 8",silicon,12,3,"PASS=8, PERF_DATA_MISSING=4","decode_end=1666.862801, decode_start=6.501266, mixed=9.834933, prefill=8.168708",26dae1f99b2b50fb17118f38d8a8e95dfac3357c
Qwen/Qwen3-VL-4B-Instruct,Qwen3VLForConditionalGeneration,rtx_pro_6000_server,trtllm,1.3.0rc15,PASS,,"python python/aisimulate/tools/support_matrix/generate_fpe_support_matrix.py --model ""Qwen/Qwen3-VL-4B-Instruct"" --system ""rtx_pro_6000_server"" --backend ""trtllm"" --backend-version ""1.3.0rc15"" --forward-model op_level --max-workers 8",silicon,12,3,"PASS=8, PERF_DATA_MISSING=4","decode_end=1666.862801, decode_start=6.501266, mixed=9.834933, prefill=8.168708",26dae1f99b2b50fb17118f38d8a8e95dfac3357c
Qwen/Qwen3-VL-4B-Instruct,Qwen3VLForConditionalGeneration,rtx_pro_6000_server,trtllm,1.3.0rc20,PASS,,"python python/aisimulate/tools/support_matrix/generate_fpe_support_matrix.py --model ""Qwen/Qwen3-VL-4B-Instruct"" --system ""rtx_pro_6000_server"" --backend ""trtllm"" --backend-version ""1.3.0rc20"" --forward-model op_level --max-workers 8",silicon,12,3,PASS=12,"decode_end=1651.139802, decode_start=6.439055, mixed=9.715173, prefill=7.882224",26dae1f99b2b50fb17118f38d8a8e95dfac3357c
Qwen/Qwen3-VL-4B-Instruct,Qwen3VLForConditionalGeneration,rtx_pro_6000_server,trtllm,1.3.0rc23,PASS,,"python python/aisimulate/tools/support_matrix/generate_fpe_support_matrix.py --model ""Qwen/Qwen3-VL-4B-Instruct"" --system ""rtx_pro_6000_server"" --backend ""trtllm"" --backend-version ""1.3.0rc23"" --forward-model op_level --max-workers 8",silicon,12,3,PASS=12,"decode_end=1651.139802, decode_start=6.439055, mixed=9.715173, prefill=7.882224",26dae1f99b2b50fb17118f38d8a8e95dfac3357c
Qwen/Qwen3-VL-4B-Instruct,Qwen3VLForConditionalGeneration,rtx_pro_6000_server,vllm,0.1.dev19262,FAIL,Strict-native op-level FPE probes: PERF_DATA_MISSING=12; raw probes=12; topologies=3; source_sha=26dae1f99b2b50fb17118f38d8a8e95dfac3357c. Representative failure: perf database error: perf database error: no GEMM rows loaded from 1 source(s) (first: <repo>/python/aisimulate/src/aiconfigurator_core/systems/data/rtx_pro_6000_server/vllm/0.1.dev19262/gemm_perf.parquet),"python python/aisimulate/tools/support_matrix/generate_fpe_support_matrix.py --model ""Qwen/Qwen3-VL-4B-Instruct"" --system ""rtx_pro_6000_server"" --backend ""vllm"" --backend-version ""0.1.dev19262"" --forward-model op_level --max-workers 8",,12,3,PERF_DATA_MISSING=12,,26dae1f99b2b50fb17118f38d8a8e95dfac3357c
Qwen/Qwen3-VL-4B-Instruct,Qwen3VLForConditionalGeneration,rtx_pro_6000_server,vllm,0.14.0,FAIL,Strict-native op-level FPE probes: PERF_DATA_MISSING=12; raw probes=12; topologies=3; source_sha=26dae1f99b2b50fb17118f38d8a8e95dfac3357c. Representative failure: perf database error: perf database error: no GEMM rows loaded from 1 source(s) (first: <repo>/python/aisimulate/src/aiconfigurator_core/systems/data/rtx_pro_6000_server/vllm/0.14.0/gemm_perf.parquet),"python python/aisimulate/tools/support_matrix/generate_fpe_support_matrix.py --model ""Qwen/Qwen3-VL-4B-Instruct"" --system ""rtx_pro_6000_server"" --backend ""vllm"" --backend-version ""0.14.0"" --forward-model op_level --max-workers 8",,12,3,PERF_DATA_MISSING=12,,26dae1f99b2b50fb17118f38d8a8e95dfac3357c
Qwen/Qwen3-VL-4B-Instruct,Qwen3VLForConditionalGeneration,rtx_pro_6000_server,vllm,0.19.0,PASS,,"python python/aisimulate/tools/support_matrix/generate_fpe_support_matrix.py --model ""Qwen/Qwen3-VL-4B-Instruct"" --system ""rtx_pro_6000_server"" --backend ""vllm"" --backend-version ""0.19.0"" --forward-model op_level --max-workers 8",silicon,12,3,"PASS=8, PERF_DATA_MISSING=4","decode_end=2113.359886, decode_start=8.213634, mixed=10.638818, prefill=9.437992",26dae1f99b2b50fb17118f38d8a8e95dfac3357c
Qwen/Qwen3-VL-4B-Instruct,Qwen3VLForConditionalGeneration,rtx_pro_6000_server,vllm,0.22.0,PASS,,"python python/aisimulate/tools/support_matrix/generate_fpe_support_matrix.py --model ""Qwen/Qwen3-VL-4B-Instruct"" --system ""rtx_pro_6000_server"" --backend ""vllm"" --backend-version ""0.22.0"" --forward-model op_level --max-workers 8",silicon,12,3,"PASS=8, PERF_DATA_MISSING=4","decode_end=1751.002774, decode_start=6.797657, mixed=9.722821, prefill=7.957225",26dae1f99b2b50fb17118f38d8a8e95dfac3357c
Qwen/Qwen3-VL-4B-Instruct,Qwen3VLForConditionalGeneration,rtx_pro_6000_server,vllm,0.24.0,PASS,,"python python/aisimulate/tools/support_matrix/generate_fpe_support_matrix.py --model ""Qwen/Qwen3-VL-4B-Instruct"" --system ""rtx_pro_6000_server"" --backend ""vllm"" --backend-version ""0.24.0"" --forward-model op_level --max-workers 8",silicon,12,3,PASS=12,"decode_end=1751.002774, decode_start=6.797657, mixed=9.722821, prefill=7.957225",26dae1f99b2b50fb17118f38d8a8e95dfac3357c
Qwen/Qwen3-VL-8B-Instruct,Qwen3VLForConditionalGeneration,rtx_pro_6000_server,sglang,0.5.10,PASS,,"python python/aisimulate/tools/support_matrix/generate_fpe_support_matrix.py --model ""Qwen/Qwen3-VL-8B-Instruct"" --system ""rtx_pro_6000_server"" --backend ""sglang"" --backend-version ""0.5.10"" --forward-model op_level --max-workers 8",silicon,24,6,"PASS=8, PERF_DATA_MISSING=4, SDK_UNREPRESENTABLE=12","decode_end=3235.696081, decode_start=12.654928, mixed=16.974726, prefill=15.798639",26dae1f99b2b50fb17118f38d8a8e95dfac3357c
Qwen/Qwen3-VL-8B-Instruct,Qwen3VLForConditionalGeneration,rtx_pro_6000_server,sglang,0.5.10rc0,FAIL,"Strict-native op-level FPE probes: PERF_DATA_MISSING=12, SDK_UNREPRESENTABLE=12; raw probes=24; topologies=6; source_sha=26dae1f99b2b50fb17118f38d8a8e95dfac3357c. Representative failure: perf database error: perf database error: no GEMM rows loaded from 1 source(s) (first: <repo>/python/aisimulate/src/aiconfigurator_core/systems/data/rtx_pro_6000_server/sglang/0.5.10rc0/gemm_perf.parquet)","python python/aisimulate/tools/support_matrix/generate_fpe_support_matrix.py --model ""Qwen/Qwen3-VL-8B-Instruct"" --system ""rtx_pro_6000_server"" --backend ""sglang"" --backend-version ""0.5.10rc0"" --forward-model op_level --max-workers 8",,24,6,"PERF_DATA_MISSING=12, SDK_UNREPRESENTABLE=12",,26dae1f99b2b50fb17118f38d8a8e95dfac3357c
Qwen/Qwen3-VL-8B-Instruct,Qwen3VLForConditionalGeneration,rtx_pro_6000_server,sglang,0.5.12,PASS,,"python python/aisimulate/tools/support_matrix/generate_fpe_support_matrix.py --model ""Qwen/Qwen3-VL-8B-Instruct"" --system ""rtx_pro_6000_server"" --backend ""sglang"" --backend-version ""0.5.12"" --forward-model op_level --max-workers 8",silicon,24,6,"PASS=8, PERF_DATA_MISSING=4, SDK_UNREPRESENTABLE=12","decode_end=2973.030403, decode_start=11.623342, mixed=16.451936, prefill=14.641878",26dae1f99b2b50fb17118f38d8a8e95dfac3357c
Qwen/Qwen3-VL-8B-Instruct,Qwen3VLForConditionalGeneration,rtx_pro_6000_server,sglang,0.5.14,PASS,,"python python/aisimulate/tools/support_matrix/generate_fpe_support_matrix.py --model ""Qwen/Qwen3-VL-8B-Instruct"" --system ""rtx_pro_6000_server"" --backend ""sglang"" --backend-version ""0.5.14"" --forward-model op_level --max-workers 8",silicon,24,6,"PASS=12, SDK_UNREPRESENTABLE=12","decode_end=2973.030403, decode_start=11.623342, mixed=16.451936, prefill=14.641878",26dae1f99b2b50fb17118f38d8a8e95dfac3357c
Qwen/Qwen3-VL-8B-Instruct,Qwen3VLForConditionalGeneration,rtx_pro_6000_server,sglang,0.5.16,PASS,,"python python/aisimulate/tools/support_matrix/generate_fpe_support_matrix.py --model ""Qwen/Qwen3-VL-8B-Instruct"" --system ""rtx_pro_6000_server"" --backend ""sglang"" --backend-version ""0.5.16"" --forward-model op_level --max-workers 8",silicon,24,6,"PASS=12, SDK_UNREPRESENTABLE=12","decode_end=2973.030403, decode_start=11.623342, mixed=16.451936, prefill=14.641878",26dae1f99b2b50fb17118f38d8a8e95dfac3357c
Qwen/Qwen3-VL-8B-Instruct,Qwen3VLForConditionalGeneration,rtx_pro_6000_server,sglang,0.5.9,FAIL,"Strict-native op-level FPE probes: PERF_DATA_MISSING=12, SDK_UNREPRESENTABLE=12; raw probes=24; topologies=6; source_sha=26dae1f99b2b50fb17118f38d8a8e95dfac3357c. Representative failure: perf database error: perf database error: no GEMM rows loaded from 1 source(s) (first: <repo>/python/aisimulate/src/aiconfigurator_core/systems/data/rtx_pro_6000_server/sglang/0.5.9/gemm_perf.parquet)","python python/aisimulate/tools/support_matrix/generate_fpe_support_matrix.py --model ""Qwen/Qwen3-VL-8B-Instruct"" --system ""rtx_pro_6000_server"" --backend ""sglang"" --backend-version ""0.5.9"" --forward-model op_level --max-workers 8",,24,6,"PERF_DATA_MISSING=12, SDK_UNREPRESENTABLE=12",,26dae1f99b2b50fb17118f38d8a8e95dfac3357c
Qwen/Qwen3-VL-8B-Instruct,Qwen3VLForConditionalGeneration,rtx_pro_6000_server,trtllm,1.3.0rc10,PASS,,"python python/aisimulate/tools/support_matrix/generate_fpe_support_matrix.py --model ""Qwen/Qwen3-VL-8B-Instruct"" --system ""rtx_pro_6000_server"" --backend ""trtllm"" --backend-version ""1.3.0rc10"" --forward-model op_level --max-workers 8",silicon,12,3,"PASS=8, PERF_DATA_MISSING=4","decode_end=2853.441316, decode_start=11.154516, mixed=16.307548, prefill=13.439813",26dae1f99b2b50fb17118f38d8a8e95dfac3357c
Qwen/Qwen3-VL-8B-Instruct,Qwen3VLForConditionalGeneration,rtx_pro_6000_server,trtllm,1.3.0rc15,PASS,,"python python/aisimulate/tools/support_matrix/generate_fpe_support_matrix.py --model ""Qwen/Qwen3-VL-8B-Instruct"" --system ""rtx_pro_6000_server"" --backend ""trtllm"" --backend-version ""1.3.0rc15"" --forward-model op_level --max-workers 8",silicon,12,3,"PASS=8, PERF_DATA_MISSING=4","decode_end=2853.441316, decode_start=11.154516, mixed=16.307548, prefill=13.439813",26dae1f99b2b50fb17118f38d8a8e95dfac3357c
Qwen/Qwen3-VL-8B-Instruct,Qwen3VLForConditionalGeneration,rtx_pro_6000_server,trtllm,1.3.0rc20,PASS,,"python python/aisimulate/tools/support_matrix/generate_fpe_support_matrix.py --model ""Qwen/Qwen3-VL-8B-Instruct"" --system ""rtx_pro_6000_server"" --backend ""trtllm"" --backend-version ""1.3.0rc20"" --forward-model op_level --max-workers 8",silicon,12,3,PASS=12,"decode_end=2835.482983, decode_start=11.083538, mixed=15.988452, prefill=13.057155",26dae1f99b2b50fb17118f38d8a8e95dfac3357c
Qwen/Qwen3-VL-8B-Instruct,Qwen3VLForConditionalGeneration,rtx_pro_6000_server,trtllm,1.3.0rc23,PASS,,"python python/aisimulate/tools/support_matrix/generate_fpe_support_matrix.py --model ""Qwen/Qwen3-VL-8B-Instruct"" --system ""rtx_pro_6000_server"" --backend ""trtllm"" --backend-version ""1.3.0rc23"" --forward-model op_level --max-workers 8",silicon,12,3,PASS=12,"decode_end=2835.482983, decode_start=11.083538, mixed=15.988452, prefill=13.057155",26dae1f99b2b50fb17118f38d8a8e95dfac3357c
Qwen/Qwen3-VL-8B-Instruct,Qwen3VLForConditionalGeneration,rtx_pro_6000_server,vllm,0.1.dev19262,FAIL,Strict-native op-level FPE probes: PERF_DATA_MISSING=12; raw probes=12; topologies=3; source_sha=26dae1f99b2b50fb17118f38d8a8e95dfac3357c. Representative failure: perf database error: perf database error: no GEMM rows loaded from 1 source(s) (first: <repo>/python/aisimulate/src/aiconfigurator_core/systems/data/rtx_pro_6000_server/vllm/0.1.dev19262/gemm_perf.parquet),"python python/aisimulate/tools/support_matrix/generate_fpe_support_matrix.py --model ""Qwen/Qwen3-VL-8B-Instruct"" --system ""rtx_pro_6000_server"" --backend ""vllm"" --backend-version ""0.1.dev19262"" --forward-model op_level --max-workers 8",,12,3,PERF_DATA_MISSING=12,,26dae1f99b2b50fb17118f38d8a8e95dfac3357c
Qwen/Qwen3-VL-8B-Instruct,Qwen3VLForConditionalGeneration,rtx_pro_6000_server,vllm,0.14.0,FAIL,Strict-native op-level FPE probes: PERF_DATA_MISSING=12; raw probes=12; topologies=3; source_sha=26dae1f99b2b50fb17118f38d8a8e95dfac3357c. Representative failure: perf database error: perf database error: no GEMM rows loaded from 1 source(s) (first: <repo>/python/aisimulate/src/aiconfigurator_core/systems/data/rtx_pro_6000_server/vllm/0.14.0/gemm_perf.parquet),"python python/aisimulate/tools/support_matrix/generate_fpe_support_matrix.py --model ""Qwen/Qwen3-VL-8B-Instruct"" --system ""rtx_pro_6000_server"" --backend ""vllm"" --backend-version ""0.14.0"" --forward-model op_level --max-workers 8",,12,3,PERF_DATA_MISSING=12,,26dae1f99b2b50fb17118f38d8a8e95dfac3357c
Qwen/Qwen3-VL-8B-Instruct,Qwen3VLForConditionalGeneration,rtx_pro_6000_server,vllm,0.19.0,PASS,,"python python/aisimulate/tools/support_matrix/generate_fpe_support_matrix.py --model ""Qwen/Qwen3-VL-8B-Instruct"" --system ""rtx_pro_6000_server"" --backend ""vllm"" --backend-version ""0.19.0"" --forward-model op_level --max-workers 8",silicon,12,3,"PASS=8, PERF_DATA_MISSING=4","decode_end=3325.528430, decode_start=12.967236, mixed=16.887420, prefill=15.545457",26dae1f99b2b50fb17118f38d8a8e95dfac3357c
Qwen/Qwen3-VL-8B-Instruct,Qwen3VLForConditionalGeneration,rtx_pro_6000_server,vllm,0.22.0,PASS,,"python python/aisimulate/tools/support_matrix/generate_fpe_support_matrix.py --model ""Qwen/Qwen3-VL-8B-Instruct"" --system ""rtx_pro_6000_server"" --backend ""vllm"" --backend-version ""0.22.0"" --forward-model op_level --max-workers 8",silicon,12,3,"PASS=8, PERF_DATA_MISSING=4","decode_end=3008.632180, decode_start=11.729537, mixed=16.054497, prefill=13.774478",26dae1f99b2b50fb17118f38d8a8e95dfac3357c
Qwen/Qwen3-VL-8B-Instruct,Qwen3VLForConditionalGeneration,rtx_pro_6000_server,vllm,0.24.0,PASS,,"python python/aisimulate/tools/support_matrix/generate_fpe_support_matrix.py --model ""Qwen/Qwen3-VL-8B-Instruct"" --system ""rtx_pro_6000_server"" --backend ""vllm"" --backend-version ""0.24.0"" --forward-model op_level --max-workers 8",silicon,12,3,PASS=12,"decode_end=3008.632180, decode_start=11.729537, mixed=16.054497, prefill=13.774478",26dae1f99b2b50fb17118f38d8a8e95dfac3357c
Qwen/Qwen3.5-27B,Qwen3_5ForConditionalGeneration,rtx_pro_6000_server,sglang,0.5.10,PASS,,"python python/aisimulate/tools/support_matrix/generate_fpe_support_matrix.py --model ""Qwen/Qwen3.5-27B"" --system ""rtx_pro_6000_server"" --backend ""sglang"" --backend-version ""0.5.10"" --forward-model op_level --max-workers 8",silicon,16,4,"PASS=8, PERF_DATA_MISSING=8","decode_end=9874.242454, decode_start=38.700990, mixed=53.345692, prefill=49.658479",26dae1f99b2b50fb17118f38d8a8e95dfac3357c
Qwen/Qwen3.5-27B,Qwen3_5ForConditionalGeneration,rtx_pro_6000_server,sglang,0.5.10rc0,FAIL,Strict-native op-level FPE probes: PERF_DATA_MISSING=16; raw probes=16; topologies=4; source_sha=26dae1f99b2b50fb17118f38d8a8e95dfac3357c. Representative failure: perf database error: perf database error: no GEMM rows loaded from 1 source(s) (first: <repo>/python/aisimulate/src/aiconfigurator_core/systems/data/rtx_pro_6000_server/sglang/0.5.10rc0/gemm_perf.parquet),"python python/aisimulate/tools/support_matrix/generate_fpe_support_matrix.py --model ""Qwen/Qwen3.5-27B"" --system ""rtx_pro_6000_server"" --backend ""sglang"" --backend-version ""0.5.10rc0"" --forward-model op_level --max-workers 8",,16,4,PERF_DATA_MISSING=16,,26dae1f99b2b50fb17118f38d8a8e95dfac3357c
Qwen/Qwen3.5-27B,Qwen3_5ForConditionalGeneration,rtx_pro_6000_server,sglang,0.5.12,PASS,,"python python/aisimulate/tools/support_matrix/generate_fpe_support_matrix.py --model ""Qwen/Qwen3.5-27B"" --system ""rtx_pro_6000_server"" --backend ""sglang"" --backend-version ""0.5.12"" --forward-model op_level --max-workers 8",silicon,16,4,"PASS=8, PERF_DATA_MISSING=8","decode_end=9542.580921, decode_start=37.419488, mixed=49.327881, prefill=44.296599",26dae1f99b2b50fb17118f38d8a8e95dfac3357c
Qwen/Qwen3.5-27B,Qwen3_5ForConditionalGeneration,rtx_pro_6000_server,sglang,0.5.14,PASS,,"python python/aisimulate/tools/support_matrix/generate_fpe_support_matrix.py --model ""Qwen/Qwen3.5-27B"" --system ""rtx_pro_6000_server"" --backend ""sglang"" --backend-version ""0.5.14"" --forward-model op_level --max-workers 8",silicon,16,4,PASS=16,"decode_end=9542.580921, decode_start=37.419488, mixed=49.327881, prefill=44.296599",26dae1f99b2b50fb17118f38d8a8e95dfac3357c
Qwen/Qwen3.5-27B,Qwen3_5ForConditionalGeneration,rtx_pro_6000_server,sglang,0.5.16,PASS,,"python python/aisimulate/tools/support_matrix/generate_fpe_support_matrix.py --model ""Qwen/Qwen3.5-27B"" --system ""rtx_pro_6000_server"" --backend ""sglang"" --backend-version ""0.5.16"" --forward-model op_level --max-workers 8",silicon,16,4,PASS=16,"decode_end=9542.580921, decode_start=37.419488, mixed=49.327881, prefill=44.296599",26dae1f99b2b50fb17118f38d8a8e95dfac3357c
Qwen/Qwen3.5-27B,Qwen3_5ForConditionalGeneration,rtx_pro_6000_server,sglang,0.5.9,FAIL,Strict-native op-level FPE probes: PERF_DATA_MISSING=16; raw probes=16; topologies=4; source_sha=26dae1f99b2b50fb17118f38d8a8e95dfac3357c. Representative failure: perf database error: perf database error: no GEMM rows loaded from 1 source(s) (first: <repo>/python/aisimulate/src/aiconfigurator_core/systems/data/rtx_pro_6000_server/sglang/0.5.9/gemm_perf.parquet),"python python/aisimulate/tools/support_matrix/generate_fpe_support_matrix.py --model ""Qwen/Qwen3.5-27B"" --system ""rtx_pro_6000_server"" --backend ""sglang"" --backend-version ""0.5.9"" --forward-model op_level --max-workers 8",,16,4,PERF_DATA_MISSING=16,,26dae1f99b2b50fb17118f38d8a8e95dfac3357c
Qwen/Qwen3.5-27B,Qwen3_5ForConditionalGeneration,rtx_pro_6000_server,trtllm,1.3.0rc10,PASS,,"python python/aisimulate/tools/support_matrix/generate_fpe_support_matrix.py --model ""Qwen/Qwen3.5-27B"" --system ""rtx_pro_6000_server"" --backend ""trtllm"" --backend-version ""1.3.0rc10"" --forward-model op_level --max-workers 8",silicon,16,4,"PASS=8, PERF_DATA_MISSING=8","decode_end=9723.219989, decode_start=38.130903, mixed=49.687980, prefill=44.093159",26dae1f99b2b50fb17118f38d8a8e95dfac3357c
Qwen/Qwen3.5-27B,Qwen3_5ForConditionalGeneration,rtx_pro_6000_server,trtllm,1.3.0rc15,PASS,,"python python/aisimulate/tools/support_matrix/generate_fpe_support_matrix.py --model ""Qwen/Qwen3.5-27B"" --system ""rtx_pro_6000_server"" --backend ""trtllm"" --backend-version ""1.3.0rc15"" --forward-model op_level --max-workers 8",silicon,16,4,"PASS=8, PERF_DATA_MISSING=8","decode_end=9723.219989, decode_start=38.130903, mixed=49.687980, prefill=44.093159",26dae1f99b2b50fb17118f38d8a8e95dfac3357c
Qwen/Qwen3.5-27B,Qwen3_5ForConditionalGeneration,rtx_pro_6000_server,trtllm,1.3.0rc20,PASS,,"python python/aisimulate/tools/support_matrix/generate_fpe_support_matrix.py --model ""Qwen/Qwen3.5-27B"" --system ""rtx_pro_6000_server"" --backend ""trtllm"" --backend-version ""1.3.0rc20"" --forward-model op_level --max-workers 8",silicon,16,4,PASS=16,"decode_end=9595.010442, decode_start=37.630380, mixed=48.999112, prefill=43.867392",26dae1f99b2b50fb17118f38d8a8e95dfac3357c
Qwen/Qwen3.5-27B,Qwen3_5ForConditionalGeneration,rtx_pro_6000_server,trtllm,1.3.0rc23,PASS,,"python python/aisimulate/tools/support_matrix/generate_fpe_support_matrix.py --model ""Qwen/Qwen3.5-27B"" --system ""rtx_pro_6000_server"" --backend ""trtllm"" --backend-version ""1.3.0rc23"" --forward-model op_level --max-workers 8",silicon,16,4,PASS=16,"decode_end=9595.010442, decode_start=37.630380, mixed=48.999112, prefill=43.867392",26dae1f99b2b50fb17118f38d8a8e95dfac3357c
Qwen/Qwen3.5-27B,Qwen3_5ForConditionalGeneration,rtx_pro_6000_server,vllm,0.1.dev19262,FAIL,Strict-native op-level FPE probes: PERF_DATA_MISSING=16; raw probes=16; topologies=4; source_sha=26dae1f99b2b50fb17118f38d8a8e95dfac3357c. Representative failure: perf database error: perf database error: no GEMM rows loaded from 1 source(s) (first: <repo>/python/aisimulate/src/aiconfigurator_core/systems/data/rtx_pro_6000_server/vllm/0.1.dev19262/gemm_perf.parquet),"python python/aisimulate/tools/support_matrix/generate_fpe_support_matrix.py --model ""Qwen/Qwen3.5-27B"" --system ""rtx_pro_6000_server"" --backend ""vllm"" --backend-version ""0.1.dev19262"" --forward-model op_level --max-workers 8",,16,4,PERF_DATA_MISSING=16,,26dae1f99b2b50fb17118f38d8a8e95dfac3357c
Qwen/Qwen3.5-27B,Qwen3_5ForConditionalGeneration,rtx_pro_6000_server,vllm,0.14.0,FAIL,Strict-native op-level FPE probes: PERF_DATA_MISSING=16; raw probes=16; topologies=4; source_sha=26dae1f99b2b50fb17118f38d8a8e95dfac3357c. Representative failure: perf database error: perf database error: no GEMM rows loaded from 1 source(s) (first: <repo>/python/aisimulate/src/aiconfigurator_core/systems/data/rtx_pro_6000_server/vllm/0.14.0/gemm_perf.parquet),"python python/aisimulate/tools/support_matrix/generate_fpe_support_matrix.py --model ""Qwen/Qwen3.5-27B"" --system ""rtx_pro_6000_server"" --backend ""vllm"" --backend-version ""0.14.0"" --forward-model op_level --max-workers 8",,16,4,PERF_DATA_MISSING=16,,26dae1f99b2b50fb17118f38d8a8e95dfac3357c
Qwen/Qwen3.5-27B,Qwen3_5ForConditionalGeneration,rtx_pro_6000_server,vllm,0.19.0,PASS,,"python python/aisimulate/tools/support_matrix/generate_fpe_support_matrix.py --model ""Qwen/Qwen3.5-27B"" --system ""rtx_pro_6000_server"" --backend ""vllm"" --backend-version ""0.19.0"" --forward-model op_level --max-workers 8",silicon,16,4,"PASS=8, PERF_DATA_MISSING=8","decode_end=9888.974117, decode_start=38.739857, mixed=53.723072, prefill=49.701891",26dae1f99b2b50fb17118f38d8a8e95dfac3357c
Qwen/Qwen3.5-27B,Qwen3_5ForConditionalGeneration,rtx_pro_6000_server,vllm,0.22.0,PASS,,"python python/aisimulate/tools/support_matrix/generate_fpe_support_matrix.py --model ""Qwen/Qwen3.5-27B"" --system ""rtx_pro_6000_server"" --backend ""vllm"" --backend-version ""0.22.0"" --forward-model op_level --max-workers 8",silicon,16,4,"PASS=8, PERF_DATA_MISSING=8","decode_end=9552.193403, decode_start=37.418552, mixed=49.130160, prefill=44.504041",26dae1f99b2b50fb17118f38d8a8e95dfac3357c
Qwen/Qwen3.5-27B,Qwen3_5ForConditionalGeneration,rtx_pro_6000_server,vllm,0.24.0,PASS,,"python python/aisimulate/tools/support_matrix/generate_fpe_support_matrix.py --model ""Qwen/Qwen3.5-27B"" --system ""rtx_pro_6000_server"" --backend ""vllm"" --backend-version ""0.24.0"" --forward-model op_level --max-workers 8",silicon,16,4,PASS=16,"decode_end=9552.193403, decode_start=37.418552, mixed=49.142965, prefill=44.507927",26dae1f99b2b50fb17118f38d8a8e95dfac3357c
Qwen/Qwen3.5-35B-A3B,Qwen3_5MoeForConditionalGeneration,rtx_pro_6000_server,sglang,0.5.10,FAIL,"Strict-native op-level FPE probes: PERF_DATA_MISSING=220; raw probes=220; topologies=55; source_sha=26dae1f99b2b50fb17118f38d8a8e95dfac3357c. Representative failure: perf database error: MoE data missing for MoeKey { quant: ""bfloat16"", distribution: ""power_law_1.2"", topk: 8, num_experts: 256, hidden_size: 2048, inter_size: 512, moe_tp_size: 1, moe_ep_size: 1 } at <repo>/python/aisimulate/src/aiconfigurator_core/systems/data/rtx_pro_6000_server/sglang/0.5.10","python python/aisimulate/tools/support_matrix/generate_fpe_support_matrix.py --model ""Qwen/Qwen3.5-35B-A3B"" --system ""rtx_pro_6000_server"" --backend ""sglang"" --backend-version ""0.5.10"" --forward-model op_level --max-workers 8",,220,55,PERF_DATA_MISSING=220,,26dae1f99b2b50fb17118f38d8a8e95dfac3357c
Qwen/Qwen3.5-35B-A3B,Qwen3_5MoeForConditionalGeneration,rtx_pro_6000_server,sglang,0.5.10rc0,FAIL,Strict-native op-level FPE probes: PERF_DATA_MISSING=220; raw probes=220; topologies=55; source_sha=26dae1f99b2b50fb17118f38d8a8e95dfac3357c. Representative failure: perf database error: perf database error: no GEMM rows loaded from 1 source(s) (first: <repo>/python/aisimulate/src/aiconfigurator_core/systems/data/rtx_pro_6000_server/sglang/0.5.10rc0/gemm_perf.parquet),"python python/aisimulate/tools/support_matrix/generate_fpe_support_matrix.py --model ""Qwen/Qwen3.5-35B-A3B"" --system ""rtx_pro_6000_server"" --backend ""sglang"" --backend-version ""0.5.10rc0"" --forward-model op_level --max-workers 8",,220,55,PERF_DATA_MISSING=220,,26dae1f99b2b50fb17118f38d8a8e95dfac3357c
Qwen/Qwen3.5-35B-A3B,Qwen3_5MoeForConditionalGeneration,rtx_pro_6000_server,sglang,0.5.12,PASS,,"python python/aisimulate/tools/support_matrix/generate_fpe_support_matrix.py --model ""Qwen/Qwen3.5-35B-A3B"" --system ""rtx_pro_6000_server"" --backend ""sglang"" --backend-version ""0.5.12"" --forward-model op_level --max-workers 8",silicon,220,55,"PASS=116, PERF_DATA_MISSING=104","decode_end=3461.164935, decode_start=13.566874, mixed=41.565018, prefill=40.784095",26dae1f99b2b50fb17118f38d8a8e95dfac3357c
Qwen/Qwen3.5-35B-A3B,Qwen3_5MoeForConditionalGeneration,rtx_pro_6000_server,sglang,0.5.14,PASS,,"python python/aisimulate/tools/support_matrix/generate_fpe_support_matrix.py --model ""Qwen/Qwen3.5-35B-A3B"" --system ""rtx_pro_6000_server"" --backend ""sglang"" --backend-version ""0.5.14"" --forward-model op_level --max-workers 8",silicon,220,55,PASS=220,"decode_end=3461.164935, decode_start=13.566874, mixed=41.565018, prefill=40.784095",26dae1f99b2b50fb17118f38d8a8e95dfac3357c
Qwen/Qwen3.5-35B-A3B,Qwen3_5MoeForConditionalGeneration,rtx_pro_6000_server,sglang,0.5.16,PASS,,"python python/aisimulate/tools/support_matrix/generate_fpe_support_matrix.py --model ""Qwen/Qwen3.5-35B-A3B"" --system ""rtx_pro_6000_server"" --backend ""sglang"" --backend-version ""0.5.16"" --forward-model op_level --max-workers 8",silicon,220,55,PASS=220,"decode_end=3461.164935, decode_start=13.566874, mixed=41.565018, prefill=40.784095",26dae1f99b2b50fb17118f38d8a8e95dfac3357c
Qwen/Qwen3.5-35B-A3B,Qwen3_5MoeForConditionalGeneration,rtx_pro_6000_server,sglang,0.5.9,FAIL,Strict-native op-level FPE probes: PERF_DATA_MISSING=220; raw probes=220; topologies=55; source_sha=26dae1f99b2b50fb17118f38d8a8e95dfac3357c. Representative failure: perf database error: perf database error: no GEMM rows loaded from 1 source(s) (first: <repo>/python/aisimulate/src/aiconfigurator_core/systems/data/rtx_pro_6000_server/sglang/0.5.9/gemm_perf.parquet),"python python/aisimulate/tools/support_matrix/generate_fpe_support_matrix.py --model ""Qwen/Qwen3.5-35B-A3B"" --system ""rtx_pro_6000_server"" --backend ""sglang"" --backend-version ""0.5.9"" --forward-model op_level --max-workers 8",,220,55,PERF_DATA_MISSING=220,,26dae1f99b2b50fb17118f38d8a8e95dfac3357c
Qwen/Qwen3.5-35B-A3B,Qwen3_5MoeForConditionalGeneration,rtx_pro_6000_server,trtllm,1.3.0rc10,FAIL,"Strict-native op-level FPE probes: PERF_DATA_MISSING=116; raw probes=116; topologies=29; source_sha=26dae1f99b2b50fb17118f38d8a8e95dfac3357c. Representative failure: perf database error: MoE data missing for MoeKey { quant: ""bfloat16"", distribution: ""power_law_1.2"", topk: 8, num_experts: 256, hidden_size: 2048, inter_size: 512, moe_tp_size: 1, moe_ep_size: 1 } at <repo>/python/aisimulate/src/aiconfigurator_core/systems/data/rtx_pro_6000_server/trtllm/1.3.0rc10","python python/aisimulate/tools/support_matrix/generate_fpe_support_matrix.py --model ""Qwen/Qwen3.5-35B-A3B"" --system ""rtx_pro_6000_server"" --backend ""trtllm"" --backend-version ""1.3.0rc10"" --forward-model op_level --max-workers 8",,116,29,PERF_DATA_MISSING=116,,26dae1f99b2b50fb17118f38d8a8e95dfac3357c
Qwen/Qwen3.5-35B-A3B,Qwen3_5MoeForConditionalGeneration,rtx_pro_6000_server,trtllm,1.3.0rc15,FAIL,"Strict-native op-level FPE probes: PERF_DATA_MISSING=116; raw probes=116; topologies=29; source_sha=26dae1f99b2b50fb17118f38d8a8e95dfac3357c. Representative failure: perf database error: MoE data missing for MoeKey { quant: ""bfloat16"", distribution: ""power_law_1.2"", topk: 8, num_experts: 256, hidden_size: 2048, inter_size: 512, moe_tp_size: 1, moe_ep_size: 1 } at <repo>/python/aisimulate/src/aiconfigurator_core/systems/data/rtx_pro_6000_server/trtllm/1.3.0rc15","python python/aisimulate/tools/support_matrix/generate_fpe_support_matrix.py --model ""Qwen/Qwen3.5-35B-A3B"" --system ""rtx_pro_6000_server"" --backend ""trtllm"" --backend-version ""1.3.0rc15"" --forward-model op_level --max-workers 8",,116,29,PERF_DATA_MISSING=116,,26dae1f99b2b50fb17118f38d8a8e95dfac3357c
Qwen/Qwen3.5-35B-A3B,Qwen3_5MoeForConditionalGeneration,rtx_pro_6000_server,trtllm,1.3.0rc20,PASS,,"python python/aisimulate/tools/support_matrix/generate_fpe_support_matrix.py --model ""Qwen/Qwen3.5-35B-A3B"" --system ""rtx_pro_6000_server"" --backend ""trtllm"" --backend-version ""1.3.0rc20"" --forward-model op_level --max-workers 8",silicon,116,29,PASS=116,"decode_end=3754.726442, decode_start=14.764294, mixed=42.054231, prefill=40.923720",26dae1f99b2b50fb17118f38d8a8e95dfac3357c
Qwen/Qwen3.5-35B-A3B,Qwen3_5MoeForConditionalGeneration,rtx_pro_6000_server,trtllm,1.3.0rc23,PASS,,"python python/aisimulate/tools/support_matrix/generate_fpe_support_matrix.py --model ""Qwen/Qwen3.5-35B-A3B"" --system ""rtx_pro_6000_server"" --backend ""trtllm"" --backend-version ""1.3.0rc23"" --forward-model op_level --max-workers 8",silicon,116,29,PASS=116,"decode_end=3754.726442, decode_start=14.764294, mixed=42.054231, prefill=40.923720",26dae1f99b2b50fb17118f38d8a8e95dfac3357c
Qwen/Qwen3.5-35B-A3B,Qwen3_5MoeForConditionalGeneration,rtx_pro_6000_server,vllm,0.1.dev19262,FAIL,Strict-native op-level FPE probes: PERF_DATA_MISSING=116; raw probes=116; topologies=29; source_sha=26dae1f99b2b50fb17118f38d8a8e95dfac3357c. Representative failure: perf database error: perf database error: no GEMM rows loaded from 1 source(s) (first: <repo>/python/aisimulate/src/aiconfigurator_core/systems/data/rtx_pro_6000_server/vllm/0.1.dev19262/gemm_perf.parquet),"python python/aisimulate/tools/support_matrix/generate_fpe_support_matrix.py --model ""Qwen/Qwen3.5-35B-A3B"" --system ""rtx_pro_6000_server"" --backend ""vllm"" --backend-version ""0.1.dev19262"" --forward-model op_level --max-workers 8",,116,29,PERF_DATA_MISSING=116,,26dae1f99b2b50fb17118f38d8a8e95dfac3357c
Qwen/Qwen3.5-35B-A3B,Qwen3_5MoeForConditionalGeneration,rtx_pro_6000_server,vllm,0.14.0,FAIL,Strict-native op-level FPE probes: PERF_DATA_MISSING=116; raw probes=116; topologies=29; source_sha=26dae1f99b2b50fb17118f38d8a8e95dfac3357c. Representative failure: perf database error: perf database error: no GEMM rows loaded from 1 source(s) (first: <repo>/python/aisimulate/src/aiconfigurator_core/systems/data/rtx_pro_6000_server/vllm/0.14.0/gemm_perf.parquet),"python python/aisimulate/tools/support_matrix/generate_fpe_support_matrix.py --model ""Qwen/Qwen3.5-35B-A3B"" --system ""rtx_pro_6000_server"" --backend ""vllm"" --backend-version ""0.14.0"" --forward-model op_level --max-workers 8",,116,29,PERF_DATA_MISSING=116,,26dae1f99b2b50fb17118f38d8a8e95dfac3357c
Qwen/Qwen3.5-35B-A3B,Qwen3_5MoeForConditionalGeneration,rtx_pro_6000_server,vllm,0.19.0,FAIL,"Strict-native op-level FPE probes: PERF_DATA_MISSING=116; raw probes=116; topologies=29; source_sha=26dae1f99b2b50fb17118f38d8a8e95dfac3357c. Representative failure: perf database error: MoE data missing for MoeKey { quant: ""bfloat16"", distribution: ""power_law_1.2"", topk: 8, num_experts: 256, hidden_size: 2048, inter_size: 512, moe_tp_size: 1, moe_ep_size: 1 } at <repo>/python/aisimulate/src/aiconfigurator_core/systems/data/rtx_pro_6000_server/vllm/0.19.0","python python/aisimulate/tools/support_matrix/generate_fpe_support_matrix.py --model ""Qwen/Qwen3.5-35B-A3B"" --system ""rtx_pro_6000_server"" --backend ""vllm"" --backend-version ""0.19.0"" --forward-model op_level --max-workers 8",,116,29,PERF_DATA_MISSING=116,,26dae1f99b2b50fb17118f38d8a8e95dfac3357c
Qwen/Qwen3.5-35B-A3B,Qwen3_5MoeForConditionalGeneration,rtx_pro_6000_server,vllm,0.22.0,PASS,,"python python/aisimulate/tools/support_matrix/generate_fpe_support_matrix.py --model ""Qwen/Qwen3.5-35B-A3B"" --system ""rtx_pro_6000_server"" --backend ""vllm"" --backend-version ""0.22.0"" --forward-model op_level --max-workers 8",silicon,116,29,"PASS=44, PERF_DATA_MISSING=72","decode_end=3621.026348, decode_start=14.192407, mixed=43.585963, prefill=42.884805",26dae1f99b2b50fb17118f38d8a8e95dfac3357c
Qwen/Qwen3.5-35B-A3B,Qwen3_5MoeForConditionalGeneration,rtx_pro_6000_server,vllm,0.24.0,PASS,,"python python/aisimulate/tools/support_matrix/generate_fpe_support_matrix.py --model ""Qwen/Qwen3.5-35B-A3B"" --system ""rtx_pro_6000_server"" --backend ""vllm"" --backend-version ""0.24.0"" --forward-model op_level --max-workers 8",silicon,116,29,PASS=116,"decode_end=3621.026348, decode_start=14.192407, mixed=43.637778, prefill=42.933919",26dae1f99b2b50fb17118f38d8a8e95dfac3357c
Qwen/Qwen3.5-397B-A17B,Qwen3_5MoeForConditionalGeneration,rtx_pro_6000_server,sglang,0.5.10,PASS,,"python python/aisimulate/tools/support_matrix/generate_fpe_support_matrix.py --model ""Qwen/Qwen3.5-397B-A17B"" --system ""rtx_pro_6000_server"" --backend ""sglang"" --backend-version ""0.5.10"" --forward-model op_level --max-workers 8",silicon,220,55,"PASS=116, PERF_DATA_MISSING=104","decode_end=24106.984505, decode_start=94.523593, mixed=388.309259, prefill=386.132064",26dae1f99b2b50fb17118f38d8a8e95dfac3357c
Qwen/Qwen3.5-397B-A17B,Qwen3_5MoeForConditionalGeneration,rtx_pro_6000_server,sglang,0.5.10rc0,FAIL,Strict-native op-level FPE probes: PERF_DATA_MISSING=220; raw probes=220; topologies=55; source_sha=26dae1f99b2b50fb17118f38d8a8e95dfac3357c. Representative failure: perf database error: perf database error: no GEMM rows loaded from 1 source(s) (first: <repo>/python/aisimulate/src/aiconfigurator_core/systems/data/rtx_pro_6000_server/sglang/0.5.10rc0/gemm_perf.parquet),"python python/aisimulate/tools/support_matrix/generate_fpe_support_matrix.py --model ""Qwen/Qwen3.5-397B-A17B"" --system ""rtx_pro_6000_server"" --backend ""sglang"" --backend-version ""0.5.10rc0"" --forward-model op_level --max-workers 8",,220,55,PERF_DATA_MISSING=220,,26dae1f99b2b50fb17118f38d8a8e95dfac3357c
Qwen/Qwen3.5-397B-A17B,Qwen3_5MoeForConditionalGeneration,rtx_pro_6000_server,sglang,0.5.12,PASS,,"python python/aisimulate/tools/support_matrix/generate_fpe_support_matrix.py --model ""Qwen/Qwen3.5-397B-A17B"" --system ""rtx_pro_6000_server"" --backend ""sglang"" --backend-version ""0.5.12"" --forward-model op_level --max-workers 8",silicon,220,55,"PASS=116, PERF_DATA_MISSING=104","decode_end=23684.221388, decode_start=92.877080, mixed=391.566744, prefill=386.906744",26dae1f99b2b50fb17118f38d8a8e95dfac3357c
Qwen/Qwen3.5-397B-A17B,Qwen3_5MoeForConditionalGeneration,rtx_pro_6000_server,sglang,0.5.14,PASS,,"python python/aisimulate/tools/support_matrix/generate_fpe_support_matrix.py --model ""Qwen/Qwen3.5-397B-A17B"" --system ""rtx_pro_6000_server"" --backend ""sglang"" --backend-version ""0.5.14"" --forward-model op_level --max-workers 8",silicon,220,55,PASS=220,"decode_end=23684.221388, decode_start=92.877080, mixed=391.566744, prefill=386.906744",26dae1f99b2b50fb17118f38d8a8e95dfac3357c
Qwen/Qwen3.5-397B-A17B,Qwen3_5MoeForConditionalGeneration,rtx_pro_6000_server,sglang,0.5.16,PASS,,"python python/aisimulate/tools/support_matrix/generate_fpe_support_matrix.py --model ""Qwen/Qwen3.5-397B-A17B"" --system ""rtx_pro_6000_server"" --backend ""sglang"" --backend-version ""0.5.16"" --forward-model op_level --max-workers 8",silicon,220,55,PASS=220,"decode_end=23684.221388, decode_start=92.877080, mixed=391.566744, prefill=386.906744",26dae1f99b2b50fb17118f38d8a8e95dfac3357c
Qwen/Qwen3.5-397B-A17B,Qwen3_5MoeForConditionalGeneration,rtx_pro_6000_server,sglang,0.5.9,FAIL,Strict-native op-level FPE probes: PERF_DATA_MISSING=220; raw probes=220; topologies=55; source_sha=26dae1f99b2b50fb17118f38d8a8e95dfac3357c. Representative failure: perf database error: perf database error: no GEMM rows loaded from 1 source(s) (first: <repo>/python/aisimulate/src/aiconfigurator_core/systems/data/rtx_pro_6000_server/sglang/0.5.9/gemm_perf.parquet),"python python/aisimulate/tools/support_matrix/generate_fpe_support_matrix.py --model ""Qwen/Qwen3.5-397B-A17B"" --system ""rtx_pro_6000_server"" --backend ""sglang"" --backend-version ""0.5.9"" --forward-model op_level --max-workers 8",,220,55,PERF_DATA_MISSING=220,,26dae1f99b2b50fb17118f38d8a8e95dfac3357c
Qwen/Qwen3.5-397B-A17B,Qwen3_5MoeForConditionalGeneration,rtx_pro_6000_server,trtllm,1.3.0rc10,PASS,,"python python/aisimulate/tools/support_matrix/generate_fpe_support_matrix.py --model ""Qwen/Qwen3.5-397B-A17B"" --system ""rtx_pro_6000_server"" --backend ""trtllm"" --backend-version ""1.3.0rc10"" --forward-model op_level --max-workers 8",silicon,116,29,"PASS=68, PERF_DATA_MISSING=48","decode_end=24258.454576, decode_start=95.185507, mixed=382.564216, prefill=373.376380",26dae1f99b2b50fb17118f38d8a8e95dfac3357c
Qwen/Qwen3.5-397B-A17B,Qwen3_5MoeForConditionalGeneration,rtx_pro_6000_server,trtllm,1.3.0rc15,PASS,,"python python/aisimulate/tools/support_matrix/generate_fpe_support_matrix.py --model ""Qwen/Qwen3.5-397B-A17B"" --system ""rtx_pro_6000_server"" --backend ""trtllm"" --backend-version ""1.3.0rc15"" --forward-model op_level --max-workers 8",silicon,116,29,"PASS=68, PERF_DATA_MISSING=48","decode_end=24258.454576, decode_start=95.185507, mixed=382.564216, prefill=373.376380",26dae1f99b2b50fb17118f38d8a8e95dfac3357c
Qwen/Qwen3.5-397B-A17B,Qwen3_5MoeForConditionalGeneration,rtx_pro_6000_server,trtllm,1.3.0rc20,PASS,,"python python/aisimulate/tools/support_matrix/generate_fpe_support_matrix.py --model ""Qwen/Qwen3.5-397B-A17B"" --system ""rtx_pro_6000_server"" --backend ""trtllm"" --backend-version ""1.3.0rc20"" --forward-model op_level --max-workers 8",silicon,116,29,PASS=116,"decode_end=23978.649676, decode_start=94.101535, mixed=383.030816, prefill=372.872975",26dae1f99b2b50fb17118f38d8a8e95dfac3357c
Qwen/Qwen3.5-397B-A17B,Qwen3_5MoeForConditionalGeneration,rtx_pro_6000_server,trtllm,1.3.0rc23,PASS,,"python python/aisimulate/tools/support_matrix/generate_fpe_support_matrix.py --model ""Qwen/Qwen3.5-397B-A17B"" --system ""rtx_pro_6000_server"" --backend ""trtllm"" --backend-version ""1.3.0rc23"" --forward-model op_level --max-workers 8",silicon,116,29,PASS=116,"decode_end=23978.649676, decode_start=94.101535, mixed=383.030816, prefill=372.872975",26dae1f99b2b50fb17118f38d8a8e95dfac3357c
Qwen/Qwen3.5-397B-A17B,Qwen3_5MoeForConditionalGeneration,rtx_pro_6000_server,vllm,0.1.dev19262,FAIL,Strict-native op-level FPE probes: PERF_DATA_MISSING=116; raw probes=116; topologies=29; source_sha=26dae1f99b2b50fb17118f38d8a8e95dfac3357c. Representative failure: perf database error: perf database error: no GEMM rows loaded from 1 source(s) (first: <repo>/python/aisimulate/src/aiconfigurator_core/systems/data/rtx_pro_6000_server/vllm/0.1.dev19262/gemm_perf.parquet),"python python/aisimulate/tools/support_matrix/generate_fpe_support_matrix.py --model ""Qwen/Qwen3.5-397B-A17B"" --system ""rtx_pro_6000_server"" --backend ""vllm"" --backend-version ""0.1.dev19262"" --forward-model op_level --max-workers 8",,116,29,PERF_DATA_MISSING=116,,26dae1f99b2b50fb17118f38d8a8e95dfac3357c
Qwen/Qwen3.5-397B-A17B,Qwen3_5MoeForConditionalGeneration,rtx_pro_6000_server,vllm,0.14.0,FAIL,Strict-native op-level FPE probes: PERF_DATA_MISSING=116; raw probes=116; topologies=29; source_sha=26dae1f99b2b50fb17118f38d8a8e95dfac3357c. Representative failure: perf database error: perf database error: no GEMM rows loaded from 1 source(s) (first: <repo>/python/aisimulate/src/aiconfigurator_core/systems/data/rtx_pro_6000_server/vllm/0.14.0/gemm_perf.parquet),"python python/aisimulate/tools/support_matrix/generate_fpe_support_matrix.py --model ""Qwen/Qwen3.5-397B-A17B"" --system ""rtx_pro_6000_server"" --backend ""vllm"" --backend-version ""0.14.0"" --forward-model op_level --max-workers 8",,116,29,PERF_DATA_MISSING=116,,26dae1f99b2b50fb17118f38d8a8e95dfac3357c
Qwen/Qwen3.5-397B-A17B,Qwen3_5MoeForConditionalGeneration,rtx_pro_6000_server,vllm,0.19.0,PASS,,"python python/aisimulate/tools/support_matrix/generate_fpe_support_matrix.py --model ""Qwen/Qwen3.5-397B-A17B"" --system ""rtx_pro_6000_server"" --backend ""vllm"" --backend-version ""0.19.0"" --forward-model op_level --max-workers 8",silicon,116,29,"PASS=44, PERF_DATA_MISSING=72","decode_end=24022.570671, decode_start=94.193932, mixed=385.277399, prefill=381.431834",26dae1f99b2b50fb17118f38d8a8e95dfac3357c
Qwen/Qwen3.5-397B-A17B,Qwen3_5MoeForConditionalGeneration,rtx_pro_6000_server,vllm,0.22.0,PASS,,"python python/aisimulate/tools/support_matrix/generate_fpe_support_matrix.py --model ""Qwen/Qwen3.5-397B-A17B"" --system ""rtx_pro_6000_server"" --backend ""vllm"" --backend-version ""0.22.0"" --forward-model op_level --max-workers 8",silicon,116,29,"PASS=44, PERF_DATA_MISSING=72","decode_end=24032.630947, decode_start=94.236382, mixed=391.850021, prefill=386.709775",26dae1f99b2b50fb17118f38d8a8e95dfac3357c
Qwen/Qwen3.5-397B-A17B,Qwen3_5MoeForConditionalGeneration,rtx_pro_6000_server,vllm,0.24.0,PASS,,"python python/aisimulate/tools/support_matrix/generate_fpe_support_matrix.py --model ""Qwen/Qwen3.5-397B-A17B"" --system ""rtx_pro_6000_server"" --backend ""vllm"" --backend-version ""0.24.0"" --forward-model op_level --max-workers 8",silicon,116,29,PASS=116,"decode_end=24032.630947, decode_start=94.236382, mixed=391.959558, prefill=386.801791",26dae1f99b2b50fb17118f38d8a8e95dfac3357c
XiaomiMiMo/MiMo-7B-Base,MiMoForCausalLM,rtx_pro_6000_server,sglang,0.5.10,PASS,,"python python/aisimulate/tools/support_matrix/generate_fpe_support_matrix.py --model ""XiaomiMiMo/MiMo-7B-Base"" --system ""rtx_pro_6000_server"" --backend ""sglang"" --backend-version ""0.5.10"" --forward-model op_level --max-workers 8",silicon,24,6,"PASS=8, PERF_DATA_MISSING=4, SDK_UNREPRESENTABLE=12","decode_end=3019.315266, decode_start=11.806376, mixed=16.053333, prefill=14.724988",26dae1f99b2b50fb17118f38d8a8e95dfac3357c
XiaomiMiMo/MiMo-7B-Base,MiMoForCausalLM,rtx_pro_6000_server,sglang,0.5.10rc0,FAIL,"Strict-native op-level FPE probes: PERF_DATA_MISSING=12, SDK_UNREPRESENTABLE=12; raw probes=24; topologies=6; source_sha=26dae1f99b2b50fb17118f38d8a8e95dfac3357c. Representative failure: perf database error: perf database error: no GEMM rows loaded from 1 source(s) (first: <repo>/python/aisimulate/src/aiconfigurator_core/systems/data/rtx_pro_6000_server/sglang/0.5.10rc0/gemm_perf.parquet)","python python/aisimulate/tools/support_matrix/generate_fpe_support_matrix.py --model ""XiaomiMiMo/MiMo-7B-Base"" --system ""rtx_pro_6000_server"" --backend ""sglang"" --backend-version ""0.5.10rc0"" --forward-model op_level --max-workers 8",,24,6,"PERF_DATA_MISSING=12, SDK_UNREPRESENTABLE=12",,26dae1f99b2b50fb17118f38d8a8e95dfac3357c
XiaomiMiMo/MiMo-7B-Base,MiMoForCausalLM,rtx_pro_6000_server,sglang,0.5.12,PASS,,"python python/aisimulate/tools/support_matrix/generate_fpe_support_matrix.py --model ""XiaomiMiMo/MiMo-7B-Base"" --system ""rtx_pro_6000_server"" --backend ""sglang"" --backend-version ""0.5.12"" --forward-model op_level --max-workers 8",silicon,24,6,"PASS=8, PERF_DATA_MISSING=4, SDK_UNREPRESENTABLE=12","decode_end=2777.121442, decode_start=10.855072, mixed=15.232544, prefill=13.707795",26dae1f99b2b50fb17118f38d8a8e95dfac3357c
XiaomiMiMo/MiMo-7B-Base,MiMoForCausalLM,rtx_pro_6000_server,sglang,0.5.14,PASS,,"python python/aisimulate/tools/support_matrix/generate_fpe_support_matrix.py --model ""XiaomiMiMo/MiMo-7B-Base"" --system ""rtx_pro_6000_server"" --backend ""sglang"" --backend-version ""0.5.14"" --forward-model op_level --max-workers 8",silicon,24,6,"PASS=12, SDK_UNREPRESENTABLE=12","decode_end=2777.121442, decode_start=10.855072, mixed=15.232544, prefill=13.707795",26dae1f99b2b50fb17118f38d8a8e95dfac3357c
XiaomiMiMo/MiMo-7B-Base,MiMoForCausalLM,rtx_pro_6000_server,sglang,0.5.16,PASS,,"python python/aisimulate/tools/support_matrix/generate_fpe_support_matrix.py --model ""XiaomiMiMo/MiMo-7B-Base"" --system ""rtx_pro_6000_server"" --backend ""sglang"" --backend-version ""0.5.16"" --forward-model op_level --max-workers 8",silicon,24,6,"PASS=12, SDK_UNREPRESENTABLE=12","decode_end=2777.121442, decode_start=10.855072, mixed=15.232544, prefill=13.707795",26dae1f99b2b50fb17118f38d8a8e95dfac3357c
XiaomiMiMo/MiMo-7B-Base,MiMoForCausalLM,rtx_pro_6000_server,sglang,0.5.9,FAIL,"Strict-native op-level FPE probes: PERF_DATA_MISSING=12, SDK_UNREPRESENTABLE=12; raw probes=24; topologies=6; source_sha=26dae1f99b2b50fb17118f38d8a8e95dfac3357c. Representative failure: perf database error: perf database error: no GEMM rows loaded from 1 source(s) (first: <repo>/python/aisimulate/src/aiconfigurator_core/systems/data/rtx_pro_6000_server/sglang/0.5.9/gemm_perf.parquet)","python python/aisimulate/tools/support_matrix/generate_fpe_support_matrix.py --model ""XiaomiMiMo/MiMo-7B-Base"" --system ""rtx_pro_6000_server"" --backend ""sglang"" --backend-version ""0.5.9"" --forward-model op_level --max-workers 8",,24,6,"PERF_DATA_MISSING=12, SDK_UNREPRESENTABLE=12",,26dae1f99b2b50fb17118f38d8a8e95dfac3357c
XiaomiMiMo/MiMo-7B-Base,MiMoForCausalLM,rtx_pro_6000_server,trtllm,1.3.0rc10,PASS,,"python python/aisimulate/tools/support_matrix/generate_fpe_support_matrix.py --model ""XiaomiMiMo/MiMo-7B-Base"" --system ""rtx_pro_6000_server"" --backend ""trtllm"" --backend-version ""1.3.0rc10"" --forward-model op_level --max-workers 8",silicon,12,3,"PASS=8, PERF_DATA_MISSING=4","decode_end=2654.831322, decode_start=10.375653, mixed=15.058046, prefill=12.468679",26dae1f99b2b50fb17118f38d8a8e95dfac3357c
XiaomiMiMo/MiMo-7B-Base,MiMoForCausalLM,rtx_pro_6000_server,trtllm,1.3.0rc15,PASS,,"python python/aisimulate/tools/support_matrix/generate_fpe_support_matrix.py --model ""XiaomiMiMo/MiMo-7B-Base"" --system ""rtx_pro_6000_server"" --backend ""trtllm"" --backend-version ""1.3.0rc15"" --forward-model op_level --max-workers 8",silicon,12,3,"PASS=8, PERF_DATA_MISSING=4","decode_end=2654.831322, decode_start=10.375653, mixed=15.058046, prefill=12.468679",26dae1f99b2b50fb17118f38d8a8e95dfac3357c
XiaomiMiMo/MiMo-7B-Base,MiMoForCausalLM,rtx_pro_6000_server,trtllm,1.3.0rc20,PASS,,"python python/aisimulate/tools/support_matrix/generate_fpe_support_matrix.py --model ""XiaomiMiMo/MiMo-7B-Base"" --system ""rtx_pro_6000_server"" --backend ""trtllm"" --backend-version ""1.3.0rc20"" --forward-model op_level --max-workers 8",silicon,12,3,PASS=12,"decode_end=2635.102485, decode_start=10.297732, mixed=14.768676, prefill=12.133557",26dae1f99b2b50fb17118f38d8a8e95dfac3357c
XiaomiMiMo/MiMo-7B-Base,MiMoForCausalLM,rtx_pro_6000_server,trtllm,1.3.0rc23,PASS,,"python python/aisimulate/tools/support_matrix/generate_fpe_support_matrix.py --model ""XiaomiMiMo/MiMo-7B-Base"" --system ""rtx_pro_6000_server"" --backend ""trtllm"" --backend-version ""1.3.0rc23"" --forward-model op_level --max-workers 8",silicon,12,3,PASS=12,"decode_end=2635.102485, decode_start=10.297732, mixed=14.768676, prefill=12.133557",26dae1f99b2b50fb17118f38d8a8e95dfac3357c
XiaomiMiMo/MiMo-7B-Base,MiMoForCausalLM,rtx_pro_6000_server,vllm,0.1.dev19262,FAIL,Strict-native op-level FPE probes: PERF_DATA_MISSING=12; raw probes=12; topologies=3; source_sha=26dae1f99b2b50fb17118f38d8a8e95dfac3357c. Representative failure: perf database error: perf database error: no GEMM rows loaded from 1 source(s) (first: <repo>/python/aisimulate/src/aiconfigurator_core/systems/data/rtx_pro_6000_server/vllm/0.1.dev19262/gemm_perf.parquet),"python python/aisimulate/tools/support_matrix/generate_fpe_support_matrix.py --model ""XiaomiMiMo/MiMo-7B-Base"" --system ""rtx_pro_6000_server"" --backend ""vllm"" --backend-version ""0.1.dev19262"" --forward-model op_level --max-workers 8",,12,3,PERF_DATA_MISSING=12,,26dae1f99b2b50fb17118f38d8a8e95dfac3357c
XiaomiMiMo/MiMo-7B-Base,MiMoForCausalLM,rtx_pro_6000_server,vllm,0.14.0,FAIL,Strict-native op-level FPE probes: PERF_DATA_MISSING=12; raw probes=12; topologies=3; source_sha=26dae1f99b2b50fb17118f38d8a8e95dfac3357c. Representative failure: perf database error: perf database error: no GEMM rows loaded from 1 source(s) (first: <repo>/python/aisimulate/src/aiconfigurator_core/systems/data/rtx_pro_6000_server/vllm/0.14.0/gemm_perf.parquet),"python python/aisimulate/tools/support_matrix/generate_fpe_support_matrix.py --model ""XiaomiMiMo/MiMo-7B-Base"" --system ""rtx_pro_6000_server"" --backend ""vllm"" --backend-version ""0.14.0"" --forward-model op_level --max-workers 8",,12,3,PERF_DATA_MISSING=12,,26dae1f99b2b50fb17118f38d8a8e95dfac3357c
XiaomiMiMo/MiMo-7B-Base,MiMoForCausalLM,rtx_pro_6000_server,vllm,0.19.0,PASS,,"python python/aisimulate/tools/support_matrix/generate_fpe_support_matrix.py --model ""XiaomiMiMo/MiMo-7B-Base"" --system ""rtx_pro_6000_server"" --backend ""vllm"" --backend-version ""0.19.0"" --forward-model op_level --max-workers 8",silicon,12,3,"PASS=8, PERF_DATA_MISSING=4","decode_end=3089.155883, decode_start=12.040285, mixed=16.001227, prefill=14.498035",26dae1f99b2b50fb17118f38d8a8e95dfac3357c
XiaomiMiMo/MiMo-7B-Base,MiMoForCausalLM,rtx_pro_6000_server,vllm,0.22.0,PASS,,"python python/aisimulate/tools/support_matrix/generate_fpe_support_matrix.py --model ""XiaomiMiMo/MiMo-7B-Base"" --system ""rtx_pro_6000_server"" --backend ""vllm"" --backend-version ""0.22.0"" --forward-model op_level --max-workers 8",silicon,12,3,"PASS=8, PERF_DATA_MISSING=4","decode_end=2805.952405, decode_start=10.934715, mixed=14.854353, prefill=12.733860",26dae1f99b2b50fb17118f38d8a8e95dfac3357c
XiaomiMiMo/MiMo-7B-Base,MiMoForCausalLM,rtx_pro_6000_server,vllm,0.24.0,PASS,,"python python/aisimulate/tools/support_matrix/generate_fpe_support_matrix.py --model ""XiaomiMiMo/MiMo-7B-Base"" --system ""rtx_pro_6000_server"" --backend ""vllm"" --backend-version ""0.24.0"" --forward-model op_level --max-workers 8",silicon,12,3,PASS=12,"decode_end=2805.952405, decode_start=10.934715, mixed=14.854353, prefill=12.733860",26dae1f99b2b50fb17118f38d8a8e95dfac3357c
XiaomiMiMo/MiMo-V2-Flash,MiMoV2FlashForCausalLM,rtx_pro_6000_server,sglang,0.5.10,FAIL,"Strict-native op-level FPE probes: PERF_DATA_MISSING=220, SDK_UNREPRESENTABLE=320; raw probes=540; topologies=135; source_sha=26dae1f99b2b50fb17118f38d8a8e95dfac3357c. Representative failure: perf database error: GEMM perf data missing for quant 'fp8_block' at <repo>/python/aisimulate/src/aiconfigurator_core/systems/data/rtx_pro_6000_server/sglang/0.5.10; available: [""bfloat16"", ""fp8"", ""nvfp4""]","python python/aisimulate/tools/support_matrix/generate_fpe_support_matrix.py --model ""XiaomiMiMo/MiMo-V2-Flash"" --system ""rtx_pro_6000_server"" --backend ""sglang"" --backend-version ""0.5.10"" --forward-model op_level --max-workers 8",,540,135,"PERF_DATA_MISSING=220, SDK_UNREPRESENTABLE=320",,26dae1f99b2b50fb17118f38d8a8e95dfac3357c
XiaomiMiMo/MiMo-V2-Flash,MiMoV2FlashForCausalLM,rtx_pro_6000_server,sglang,0.5.10rc0,FAIL,"Strict-native op-level FPE probes: PERF_DATA_MISSING=220, SDK_UNREPRESENTABLE=320; raw probes=540; topologies=135; source_sha=26dae1f99b2b50fb17118f38d8a8e95dfac3357c. Representative failure: perf database error: perf database error: no GEMM rows loaded from 1 source(s) (first: <repo>/python/aisimulate/src/aiconfigurator_core/systems/data/rtx_pro_6000_server/sglang/0.5.10rc0/gemm_perf.parquet)","python python/aisimulate/tools/support_matrix/generate_fpe_support_matrix.py --model ""XiaomiMiMo/MiMo-V2-Flash"" --system ""rtx_pro_6000_server"" --backend ""sglang"" --backend-version ""0.5.10rc0"" --forward-model op_level --max-workers 8",,540,135,"PERF_DATA_MISSING=220, SDK_UNREPRESENTABLE=320",,26dae1f99b2b50fb17118f38d8a8e95dfac3357c
XiaomiMiMo/MiMo-V2-Flash,MiMoV2FlashForCausalLM,rtx_pro_6000_server,sglang,0.5.12,FAIL,"Strict-native op-level FPE probes: PERF_DATA_MISSING=220, SDK_UNREPRESENTABLE=320; raw probes=540; topologies=135; source_sha=26dae1f99b2b50fb17118f38d8a8e95dfac3357c. Representative failure: perf database error: GEMM perf data missing for quant 'fp8_block' at <repo>/python/aisimulate/src/aiconfigurator_core/systems/data/rtx_pro_6000_server/sglang/0.5.12; available: [""bfloat16"", ""fp8"", ""nvfp4""]","python python/aisimulate/tools/support_matrix/generate_fpe_support_matrix.py --model ""XiaomiMiMo/MiMo-V2-Flash"" --system ""rtx_pro_6000_server"" --backend ""sglang"" --backend-version ""0.5.12"" --forward-model op_level --max-workers 8",,540,135,"PERF_DATA_MISSING=220, SDK_UNREPRESENTABLE=320",,26dae1f99b2b50fb17118f38d8a8e95dfac3357c
XiaomiMiMo/MiMo-V2-Flash,MiMoV2FlashForCausalLM,rtx_pro_6000_server,sglang,0.5.14,FAIL,"Strict-native op-level FPE probes: PERF_DATA_MISSING=220, SDK_UNREPRESENTABLE=320; raw probes=540; topologies=135; source_sha=26dae1f99b2b50fb17118f38d8a8e95dfac3357c. Representative failure: perf database error: GEMM perf data missing for quant 'fp8_block' at <repo>/python/aisimulate/src/aiconfigurator_core/systems/data/rtx_pro_6000_server/sglang/0.5.14; available: [""bfloat16"", ""fp8"", ""nvfp4""]","python python/aisimulate/tools/support_matrix/generate_fpe_support_matrix.py --model ""XiaomiMiMo/MiMo-V2-Flash"" --system ""rtx_pro_6000_server"" --backend ""sglang"" --backend-version ""0.5.14"" --forward-model op_level --max-workers 8",,540,135,"PERF_DATA_MISSING=220, SDK_UNREPRESENTABLE=320",,26dae1f99b2b50fb17118f38d8a8e95dfac3357c
XiaomiMiMo/MiMo-V2-Flash,MiMoV2FlashForCausalLM,rtx_pro_6000_server,sglang,0.5.16,FAIL,"Strict-native op-level FPE probes: PERF_DATA_MISSING=220, SDK_UNREPRESENTABLE=320; raw probes=540; topologies=135; source_sha=26dae1f99b2b50fb17118f38d8a8e95dfac3357c. Representative failure: perf database error: GEMM perf data missing for quant 'fp8_block' at <repo>/python/aisimulate/src/aiconfigurator_core/systems/data/rtx_pro_6000_server/sglang/0.5.16; available: [""bfloat16"", ""fp8"", ""nvfp4""]","python python/aisimulate/tools/support_matrix/generate_fpe_support_matrix.py --model ""XiaomiMiMo/MiMo-V2-Flash"" --system ""rtx_pro_6000_server"" --backend ""sglang"" --backend-version ""0.5.16"" --forward-model op_level --max-workers 8",,540,135,"PERF_DATA_MISSING=220, SDK_UNREPRESENTABLE=320",,26dae1f99b2b50fb17118f38d8a8e95dfac3357c
XiaomiMiMo/MiMo-V2-Flash,MiMoV2FlashForCausalLM,rtx_pro_6000_server,sglang,0.5.9,FAIL,"Strict-native op-level FPE probes: PERF_DATA_MISSING=220, SDK_UNREPRESENTABLE=320; raw probes=540; topologies=135; source_sha=26dae1f99b2b50fb17118f38d8a8e95dfac3357c. Representative failure: perf database error: perf database error: no GEMM rows loaded from 1 source(s) (first: <repo>/python/aisimulate/src/aiconfigurator_core/systems/data/rtx_pro_6000_server/sglang/0.5.9/gemm_perf.parquet)","python python/aisimulate/tools/support_matrix/generate_fpe_support_matrix.py --model ""XiaomiMiMo/MiMo-V2-Flash"" --system ""rtx_pro_6000_server"" --backend ""sglang"" --backend-version ""0.5.9"" --forward-model op_level --max-workers 8",,540,135,"PERF_DATA_MISSING=220, SDK_UNREPRESENTABLE=320",,26dae1f99b2b50fb17118f38d8a8e95dfac3357c
XiaomiMiMo/MiMo-V2-Flash,MiMoV2FlashForCausalLM,rtx_pro_6000_server,trtllm,1.3.0rc10,FAIL,"Strict-native op-level FPE probes: PERF_DATA_MISSING=116; raw probes=116; topologies=29; source_sha=26dae1f99b2b50fb17118f38d8a8e95dfac3357c. Representative failure: perf database error: MoE data missing for MoeKey { quant: ""fp8_block"", distribution: ""uniform"", topk: 8, num_experts: 256, hidden_size: 4096, inter_size: 2048, moe_tp_size: 1, moe_ep_size: 1 } at <repo>/python/aisimulate/src/aiconfigurator_core/systems/data/rtx_pro_6000_server/trtllm/1.3.0rc10","python python/aisimulate/tools/support_matrix/generate_fpe_support_matrix.py --model ""XiaomiMiMo/MiMo-V2-Flash"" --system ""rtx_pro_6000_server"" --backend ""trtllm"" --backend-version ""1.3.0rc10"" --forward-model op_level --max-workers 8",,116,29,PERF_DATA_MISSING=116,,26dae1f99b2b50fb17118f38d8a8e95dfac3357c
XiaomiMiMo/MiMo-V2-Flash,MiMoV2FlashForCausalLM,rtx_pro_6000_server,trtllm,1.3.0rc15,FAIL,"Strict-native op-level FPE probes: PERF_DATA_MISSING=116; raw probes=116; topologies=29; source_sha=26dae1f99b2b50fb17118f38d8a8e95dfac3357c. Representative failure: perf database error: MoE data missing for MoeKey { quant: ""fp8_block"", distribution: ""uniform"", topk: 8, num_experts: 256, hidden_size: 4096, inter_size: 2048, moe_tp_size: 1, moe_ep_size: 1 } at <repo>/python/aisimulate/src/aiconfigurator_core/systems/data/rtx_pro_6000_server/trtllm/1.3.0rc15","python python/aisimulate/tools/support_matrix/generate_fpe_support_matrix.py --model ""XiaomiMiMo/MiMo-V2-Flash"" --system ""rtx_pro_6000_server"" --backend ""trtllm"" --backend-version ""1.3.0rc15"" --forward-model op_level --max-workers 8",,116,29,PERF_DATA_MISSING=116,,26dae1f99b2b50fb17118f38d8a8e95dfac3357c
XiaomiMiMo/MiMo-V2-Flash,MiMoV2FlashForCausalLM,rtx_pro_6000_server,trtllm,1.3.0rc20,PASS,,"python python/aisimulate/tools/support_matrix/generate_fpe_support_matrix.py --model ""XiaomiMiMo/MiMo-V2-Flash"" --system ""rtx_pro_6000_server"" --backend ""trtllm"" --backend-version ""1.3.0rc20"" --forward-model op_level --max-workers 8",silicon,116,29,PASS=116,"decode_end=20911.179521, decode_start=81.932525, mixed=261.366825, prefill=260.034698",26dae1f99b2b50fb17118f38d8a8e95dfac3357c
XiaomiMiMo/MiMo-V2-Flash,MiMoV2FlashForCausalLM,rtx_pro_6000_server,trtllm,1.3.0rc23,PASS,,"python python/aisimulate/tools/support_matrix/generate_fpe_support_matrix.py --model ""XiaomiMiMo/MiMo-V2-Flash"" --system ""rtx_pro_6000_server"" --backend ""trtllm"" --backend-version ""1.3.0rc23"" --forward-model op_level --max-workers 8",silicon,116,29,PASS=116,"decode_end=20911.179521, decode_start=81.932525, mixed=261.366825, prefill=260.034698",26dae1f99b2b50fb17118f38d8a8e95dfac3357c
XiaomiMiMo/MiMo-V2-Flash,MiMoV2FlashForCausalLM,rtx_pro_6000_server,vllm,0.1.dev19262,FAIL,Strict-native op-level FPE probes: PERF_DATA_MISSING=116; raw probes=116; topologies=29; source_sha=26dae1f99b2b50fb17118f38d8a8e95dfac3357c. Representative failure: perf database error: perf database error: no GEMM rows loaded from 1 source(s) (first: <repo>/python/aisimulate/src/aiconfigurator_core/systems/data/rtx_pro_6000_server/vllm/0.1.dev19262/gemm_perf.parquet),"python python/aisimulate/tools/support_matrix/generate_fpe_support_matrix.py --model ""XiaomiMiMo/MiMo-V2-Flash"" --system ""rtx_pro_6000_server"" --backend ""vllm"" --backend-version ""0.1.dev19262"" --forward-model op_level --max-workers 8",,116,29,PERF_DATA_MISSING=116,,26dae1f99b2b50fb17118f38d8a8e95dfac3357c
XiaomiMiMo/MiMo-V2-Flash,MiMoV2FlashForCausalLM,rtx_pro_6000_server,vllm,0.14.0,FAIL,Strict-native op-level FPE probes: PERF_DATA_MISSING=116; raw probes=116; topologies=29; source_sha=26dae1f99b2b50fb17118f38d8a8e95dfac3357c. Representative failure: perf database error: perf database error: no GEMM rows loaded from 1 source(s) (first: <repo>/python/aisimulate/src/aiconfigurator_core/systems/data/rtx_pro_6000_server/vllm/0.14.0/gemm_perf.parquet),"python python/aisimulate/tools/support_matrix/generate_fpe_support_matrix.py --model ""XiaomiMiMo/MiMo-V2-Flash"" --system ""rtx_pro_6000_server"" --backend ""vllm"" --backend-version ""0.14.0"" --forward-model op_level --max-workers 8",,116,29,PERF_DATA_MISSING=116,,26dae1f99b2b50fb17118f38d8a8e95dfac3357c
XiaomiMiMo/MiMo-V2-Flash,MiMoV2FlashForCausalLM,rtx_pro_6000_server,vllm,0.19.0,FAIL,"Strict-native op-level FPE probes: PERF_DATA_MISSING=116; raw probes=116; topologies=29; source_sha=26dae1f99b2b50fb17118f38d8a8e95dfac3357c. Representative failure: perf database error: MoE data missing for MoeKey { quant: ""fp8_block"", distribution: ""power_law_1.01"", topk: 8, num_experts: 256, hidden_size: 4096, inter_size: 2048, moe_tp_size: 1, moe_ep_size: 1 } at <repo>/python/aisimulate/src/aiconfigurator_core/systems/data/rtx_pro_6000_server/vllm/0.19.0","python python/aisimulate/tools/support_matrix/generate_fpe_support_matrix.py --model ""XiaomiMiMo/MiMo-V2-Flash"" --system ""rtx_pro_6000_server"" --backend ""vllm"" --backend-version ""0.19.0"" --forward-model op_level --max-workers 8",,116,29,PERF_DATA_MISSING=116,,26dae1f99b2b50fb17118f38d8a8e95dfac3357c
XiaomiMiMo/MiMo-V2-Flash,MiMoV2FlashForCausalLM,rtx_pro_6000_server,vllm,0.22.0,FAIL,"Strict-native op-level FPE probes: PERF_DATA_MISSING=116; raw probes=116; topologies=29; source_sha=26dae1f99b2b50fb17118f38d8a8e95dfac3357c. Representative failure: perf database error: MoE data missing for MoeKey { quant: ""fp8_block"", distribution: ""power_law_1.01"", topk: 8, num_experts: 256, hidden_size: 4096, inter_size: 2048, moe_tp_size: 1, moe_ep_size: 1 } at <repo>/python/aisimulate/src/aiconfigurator_core/systems/data/rtx_pro_6000_server/vllm/0.22.0","python python/aisimulate/tools/support_matrix/generate_fpe_support_matrix.py --model ""XiaomiMiMo/MiMo-V2-Flash"" --system ""rtx_pro_6000_server"" --backend ""vllm"" --backend-version ""0.22.0"" --forward-model op_level --max-workers 8",,116,29,PERF_DATA_MISSING=116,,26dae1f99b2b50fb17118f38d8a8e95dfac3357c
XiaomiMiMo/MiMo-V2-Flash,MiMoV2FlashForCausalLM,rtx_pro_6000_server,vllm,0.24.0,FAIL,"Strict-native op-level FPE probes: PERF_DATA_MISSING=116; raw probes=116; topologies=29; source_sha=26dae1f99b2b50fb17118f38d8a8e95dfac3357c. Representative failure: perf database error: MoE data missing for MoeKey { quant: ""fp8_block"", distribution: ""power_law_1.01"", topk: 8, num_experts: 256, hidden_size: 4096, inter_size: 2048, moe_tp_size: 1, moe_ep_size: 1 } at <repo>/python/aisimulate/src/aiconfigurator_core/systems/data/rtx_pro_6000_server/vllm/0.24.0","python python/aisimulate/tools/support_matrix/generate_fpe_support_matrix.py --model ""XiaomiMiMo/MiMo-V2-Flash"" --system ""rtx_pro_6000_server"" --backend ""vllm"" --backend-version ""0.24.0"" --forward-model op_level --max-workers 8",,116,29,PERF_DATA_MISSING=116,,26dae1f99b2b50fb17118f38d8a8e95dfac3357c
deepseek-ai/DeepSeek-R1,DeepseekV3ForCausalLM,rtx_pro_6000_server,sglang,0.5.10,FAIL,"Strict-native op-level FPE probes: PERF_DATA_MISSING=220, SDK_UNREPRESENTABLE=320; raw probes=540; topologies=135; source_sha=26dae1f99b2b50fb17118f38d8a8e95dfac3357c. Representative failure: perf database error: GEMM perf data missing for quant 'fp8_block' at <repo>/python/aisimulate/src/aiconfigurator_core/systems/data/rtx_pro_6000_server/sglang/0.5.10; available: [""bfloat16"", ""fp8"", ""nvfp4""]","python python/aisimulate/tools/support_matrix/generate_fpe_support_matrix.py --model ""deepseek-ai/DeepSeek-R1"" --system ""rtx_pro_6000_server"" --backend ""sglang"" --backend-version ""0.5.10"" --forward-model op_level --max-workers 8",,540,135,"PERF_DATA_MISSING=220, SDK_UNREPRESENTABLE=320",,26dae1f99b2b50fb17118f38d8a8e95dfac3357c
deepseek-ai/DeepSeek-R1,DeepseekV3ForCausalLM,rtx_pro_6000_server,sglang,0.5.10rc0,FAIL,"Strict-native op-level FPE probes: PERF_DATA_MISSING=220, SDK_UNREPRESENTABLE=320; raw probes=540; topologies=135; source_sha=26dae1f99b2b50fb17118f38d8a8e95dfac3357c. Representative failure: perf database error: perf database error: no GEMM rows loaded from 1 source(s) (first: <repo>/python/aisimulate/src/aiconfigurator_core/systems/data/rtx_pro_6000_server/sglang/0.5.10rc0/gemm_perf.parquet)","python python/aisimulate/tools/support_matrix/generate_fpe_support_matrix.py --model ""deepseek-ai/DeepSeek-R1"" --system ""rtx_pro_6000_server"" --backend ""sglang"" --backend-version ""0.5.10rc0"" --forward-model op_level --max-workers 8",,540,135,"PERF_DATA_MISSING=220, SDK_UNREPRESENTABLE=320",,26dae1f99b2b50fb17118f38d8a8e95dfac3357c
deepseek-ai/DeepSeek-R1,DeepseekV3ForCausalLM,rtx_pro_6000_server,sglang,0.5.12,FAIL,"Strict-native op-level FPE probes: PERF_DATA_MISSING=220, SDK_UNREPRESENTABLE=320; raw probes=540; topologies=135; source_sha=26dae1f99b2b50fb17118f38d8a8e95dfac3357c. Representative failure: perf database error: GEMM perf data missing for quant 'fp8_block' at <repo>/python/aisimulate/src/aiconfigurator_core/systems/data/rtx_pro_6000_server/sglang/0.5.12; available: [""bfloat16"", ""fp8"", ""nvfp4""]","python python/aisimulate/tools/support_matrix/generate_fpe_support_matrix.py --model ""deepseek-ai/DeepSeek-R1"" --system ""rtx_pro_6000_server"" --backend ""sglang"" --backend-version ""0.5.12"" --forward-model op_level --max-workers 8",,540,135,"PERF_DATA_MISSING=220, SDK_UNREPRESENTABLE=320",,26dae1f99b2b50fb17118f38d8a8e95dfac3357c
deepseek-ai/DeepSeek-R1,DeepseekV3ForCausalLM,rtx_pro_6000_server,sglang,0.5.14,FAIL,"Strict-native op-level FPE probes: PERF_DATA_MISSING=220, SDK_UNREPRESENTABLE=320; raw probes=540; topologies=135; source_sha=26dae1f99b2b50fb17118f38d8a8e95dfac3357c. Representative failure: perf database error: GEMM perf data missing for quant 'fp8_block' at <repo>/python/aisimulate/src/aiconfigurator_core/systems/data/rtx_pro_6000_server/sglang/0.5.14; available: [""bfloat16"", ""fp8"", ""nvfp4""]","python python/aisimulate/tools/support_matrix/generate_fpe_support_matrix.py --model ""deepseek-ai/DeepSeek-R1"" --system ""rtx_pro_6000_server"" --backend ""sglang"" --backend-version ""0.5.14"" --forward-model op_level --max-workers 8",,540,135,"PERF_DATA_MISSING=220, SDK_UNREPRESENTABLE=320",,26dae1f99b2b50fb17118f38d8a8e95dfac3357c
deepseek-ai/DeepSeek-R1,DeepseekV3ForCausalLM,rtx_pro_6000_server,sglang,0.5.16,FAIL,"Strict-native op-level FPE probes: PERF_DATA_MISSING=220, SDK_UNREPRESENTABLE=320; raw probes=540; topologies=135; source_sha=26dae1f99b2b50fb17118f38d8a8e95dfac3357c. Representative failure: perf database error: GEMM perf data missing for quant 'fp8_block' at <repo>/python/aisimulate/src/aiconfigurator_core/systems/data/rtx_pro_6000_server/sglang/0.5.16; available: [""bfloat16"", ""fp8"", ""nvfp4""]","python python/aisimulate/tools/support_matrix/generate_fpe_support_matrix.py --model ""deepseek-ai/DeepSeek-R1"" --system ""rtx_pro_6000_server"" --backend ""sglang"" --backend-version ""0.5.16"" --forward-model op_level --max-workers 8",,540,135,"PERF_DATA_MISSING=220, SDK_UNREPRESENTABLE=320",,26dae1f99b2b50fb17118f38d8a8e95dfac3357c
deepseek-ai/DeepSeek-R1,DeepseekV3ForCausalLM,rtx_pro_6000_server,sglang,0.5.9,FAIL,"Strict-native op-level FPE probes: PERF_DATA_MISSING=220, SDK_UNREPRESENTABLE=320; raw probes=540; topologies=135; source_sha=26dae1f99b2b50fb17118f38d8a8e95dfac3357c. Representative failure: perf database error: perf database error: no GEMM rows loaded from 1 source(s) (first: <repo>/python/aisimulate/src/aiconfigurator_core/systems/data/rtx_pro_6000_server/sglang/0.5.9/gemm_perf.parquet)","python python/aisimulate/tools/support_matrix/generate_fpe_support_matrix.py --model ""deepseek-ai/DeepSeek-R1"" --system ""rtx_pro_6000_server"" --backend ""sglang"" --backend-version ""0.5.9"" --forward-model op_level --max-workers 8",,540,135,"PERF_DATA_MISSING=220, SDK_UNREPRESENTABLE=320",,26dae1f99b2b50fb17118f38d8a8e95dfac3357c
deepseek-ai/DeepSeek-R1,DeepseekV3ForCausalLM,rtx_pro_6000_server,trtllm,1.3.0rc10,FAIL,"Strict-native op-level FPE probes: PERF_DATA_MISSING=116; raw probes=116; topologies=29; source_sha=26dae1f99b2b50fb17118f38d8a8e95dfac3357c. Representative failure: perf database error: MoE data missing for MoeKey { quant: ""fp8_block"", distribution: ""uniform"", topk: 8, num_experts: 256, hidden_size: 7168, inter_size: 2048, moe_tp_size: 1, moe_ep_size: 1 } at <repo>/python/aisimulate/src/aiconfigurator_core/systems/data/rtx_pro_6000_server/trtllm/1.3.0rc10","python python/aisimulate/tools/support_matrix/generate_fpe_support_matrix.py --model ""deepseek-ai/DeepSeek-R1"" --system ""rtx_pro_6000_server"" --backend ""trtllm"" --backend-version ""1.3.0rc10"" --forward-model op_level --max-workers 8",,116,29,PERF_DATA_MISSING=116,,26dae1f99b2b50fb17118f38d8a8e95dfac3357c
deepseek-ai/DeepSeek-R1,DeepseekV3ForCausalLM,rtx_pro_6000_server,trtllm,1.3.0rc15,FAIL,"Strict-native op-level FPE probes: PERF_DATA_MISSING=116; raw probes=116; topologies=29; source_sha=26dae1f99b2b50fb17118f38d8a8e95dfac3357c. Representative failure: perf database error: MoE data missing for MoeKey { quant: ""fp8_block"", distribution: ""uniform"", topk: 8, num_experts: 256, hidden_size: 7168, inter_size: 2048, moe_tp_size: 1, moe_ep_size: 1 } at <repo>/python/aisimulate/src/aiconfigurator_core/systems/data/rtx_pro_6000_server/trtllm/1.3.0rc15","python python/aisimulate/tools/support_matrix/generate_fpe_support_matrix.py --model ""deepseek-ai/DeepSeek-R1"" --system ""rtx_pro_6000_server"" --backend ""trtllm"" --backend-version ""1.3.0rc15"" --forward-model op_level --max-workers 8",,116,29,PERF_DATA_MISSING=116,,26dae1f99b2b50fb17118f38d8a8e95dfac3357c
deepseek-ai/DeepSeek-R1,DeepseekV3ForCausalLM,rtx_pro_6000_server,trtllm,1.3.0rc20,FAIL,"Strict-native op-level FPE probes: PASS=58, PERF_DATA_MISSING=58; raw probes=116; topologies=29; source_sha=26dae1f99b2b50fb17118f38d8a8e95dfac3357c. Representative failure: perf database error: context MLA data missing for ContextKey { fmha_quant: ""fp8"", kv_quant: ""fp8"" } at <repo>/python/aisimulate/src/aiconfigurator_core/systems/data/rtx_pro_6000_server/trtllm/1.3.0rc20","python python/aisimulate/tools/support_matrix/generate_fpe_support_matrix.py --model ""deepseek-ai/DeepSeek-R1"" --system ""rtx_pro_6000_server"" --backend ""trtllm"" --backend-version ""1.3.0rc20"" --forward-model op_level --max-workers 8",,116,29,"PASS=58, PERF_DATA_MISSING=58",,26dae1f99b2b50fb17118f38d8a8e95dfac3357c
deepseek-ai/DeepSeek-R1,DeepseekV3ForCausalLM,rtx_pro_6000_server,trtllm,1.3.0rc23,FAIL,"Strict-native op-level FPE probes: PASS=58, PERF_DATA_MISSING=58; raw probes=116; topologies=29; source_sha=26dae1f99b2b50fb17118f38d8a8e95dfac3357c. Representative failure: perf database error: context MLA data missing for ContextKey { fmha_quant: ""fp8"", kv_quant: ""fp8"" } at <repo>/python/aisimulate/src/aiconfigurator_core/systems/data/rtx_pro_6000_server/trtllm/1.3.0rc23","python python/aisimulate/tools/support_matrix/generate_fpe_support_matrix.py --model ""deepseek-ai/DeepSeek-R1"" --system ""rtx_pro_6000_server"" --backend ""trtllm"" --backend-version ""1.3.0rc23"" --forward-model op_level --max-workers 8",,116,29,"PASS=58, PERF_DATA_MISSING=58",,26dae1f99b2b50fb17118f38d8a8e95dfac3357c
deepseek-ai/DeepSeek-R1,DeepseekV3ForCausalLM,rtx_pro_6000_server,vllm,0.1.dev19262,FAIL,Strict-native op-level FPE probes: PERF_DATA_MISSING=116; raw probes=116; topologies=29; source_sha=26dae1f99b2b50fb17118f38d8a8e95dfac3357c. Representative failure: perf database error: perf database error: no GEMM rows loaded from 1 source(s) (first: <repo>/python/aisimulate/src/aiconfigurator_core/systems/data/rtx_pro_6000_server/vllm/0.1.dev19262/gemm_perf.parquet),"python python/aisimulate/tools/support_matrix/generate_fpe_support_matrix.py --model ""deepseek-ai/DeepSeek-R1"" --system ""rtx_pro_6000_server"" --backend ""vllm"" --backend-version ""0.1.dev19262"" --forward-model op_level --max-workers 8",,116,29,PERF_DATA_MISSING=116,,26dae1f99b2b50fb17118f38d8a8e95dfac3357c
deepseek-ai/DeepSeek-R1,DeepseekV3ForCausalLM,rtx_pro_6000_server,vllm,0.14.0,FAIL,Strict-native op-level FPE probes: PERF_DATA_MISSING=116; raw probes=116; topologies=29; source_sha=26dae1f99b2b50fb17118f38d8a8e95dfac3357c. Representative failure: perf database error: perf database error: no GEMM rows loaded from 1 source(s) (first: <repo>/python/aisimulate/src/aiconfigurator_core/systems/data/rtx_pro_6000_server/vllm/0.14.0/gemm_perf.parquet),"python python/aisimulate/tools/support_matrix/generate_fpe_support_matrix.py --model ""deepseek-ai/DeepSeek-R1"" --system ""rtx_pro_6000_server"" --backend ""vllm"" --backend-version ""0.14.0"" --forward-model op_level --max-workers 8",,116,29,PERF_DATA_MISSING=116,,26dae1f99b2b50fb17118f38d8a8e95dfac3357c
deepseek-ai/DeepSeek-R1,DeepseekV3ForCausalLM,rtx_pro_6000_server,vllm,0.19.0,PASS,,"python python/aisimulate/tools/support_matrix/generate_fpe_support_matrix.py --model ""deepseek-ai/DeepSeek-R1"" --system ""rtx_pro_6000_server"" --backend ""vllm"" --backend-version ""0.19.0"" --forward-model op_level --max-workers 8",silicon,116,29,"PASS=44, PERF_DATA_MISSING=72","decode_end=32741.984368, decode_start=128.285632, mixed=413.914206, prefill=411.792225",26dae1f99b2b50fb17118f38d8a8e95dfac3357c
deepseek-ai/DeepSeek-R1,DeepseekV3ForCausalLM,rtx_pro_6000_server,vllm,0.22.0,PASS,,"python python/aisimulate/tools/support_matrix/generate_fpe_support_matrix.py --model ""deepseek-ai/DeepSeek-R1"" --system ""rtx_pro_6000_server"" --backend ""vllm"" --backend-version ""0.22.0"" --forward-model op_level --max-workers 8",silicon,116,29,"PASS=44, PERF_DATA_MISSING=72","decode_end=32717.852870, decode_start=128.190999, mixed=413.954782, prefill=411.655088",26dae1f99b2b50fb17118f38d8a8e95dfac3357c
deepseek-ai/DeepSeek-R1,DeepseekV3ForCausalLM,rtx_pro_6000_server,vllm,0.24.0,PASS,,"python python/aisimulate/tools/support_matrix/generate_fpe_support_matrix.py --model ""deepseek-ai/DeepSeek-R1"" --system ""rtx_pro_6000_server"" --backend ""vllm"" --backend-version ""0.24.0"" --forward-model op_level --max-workers 8",silicon,116,29,PASS=116,"decode_end=32717.852870, decode_start=128.190999, mixed=413.954782, prefill=411.655088",26dae1f99b2b50fb17118f38d8a8e95dfac3357c
deepseek-ai/DeepSeek-V3,DeepseekV3ForCausalLM,rtx_pro_6000_server,sglang,0.5.10,FAIL,"Strict-native op-level FPE probes: PERF_DATA_MISSING=220, SDK_UNREPRESENTABLE=320; raw probes=540; topologies=135; source_sha=26dae1f99b2b50fb17118f38d8a8e95dfac3357c. Representative failure: perf database error: GEMM perf data missing for quant 'fp8_block' at <repo>/python/aisimulate/src/aiconfigurator_core/systems/data/rtx_pro_6000_server/sglang/0.5.10; available: [""bfloat16"", ""fp8"", ""nvfp4""]","python python/aisimulate/tools/support_matrix/generate_fpe_support_matrix.py --model ""deepseek-ai/DeepSeek-V3"" --system ""rtx_pro_6000_server"" --backend ""sglang"" --backend-version ""0.5.10"" --forward-model op_level --max-workers 8",,540,135,"PERF_DATA_MISSING=220, SDK_UNREPRESENTABLE=320",,26dae1f99b2b50fb17118f38d8a8e95dfac3357c
deepseek-ai/DeepSeek-V3,DeepseekV3ForCausalLM,rtx_pro_6000_server,sglang,0.5.10rc0,FAIL,"Strict-native op-level FPE probes: PERF_DATA_MISSING=220, SDK_UNREPRESENTABLE=320; raw probes=540; topologies=135; source_sha=26dae1f99b2b50fb17118f38d8a8e95dfac3357c. Representative failure: perf database error: perf database error: no GEMM rows loaded from 1 source(s) (first: <repo>/python/aisimulate/src/aiconfigurator_core/systems/data/rtx_pro_6000_server/sglang/0.5.10rc0/gemm_perf.parquet)","python python/aisimulate/tools/support_matrix/generate_fpe_support_matrix.py --model ""deepseek-ai/DeepSeek-V3"" --system ""rtx_pro_6000_server"" --backend ""sglang"" --backend-version ""0.5.10rc0"" --forward-model op_level --max-workers 8",,540,135,"PERF_DATA_MISSING=220, SDK_UNREPRESENTABLE=320",,26dae1f99b2b50fb17118f38d8a8e95dfac3357c
deepseek-ai/DeepSeek-V3,DeepseekV3ForCausalLM,rtx_pro_6000_server,sglang,0.5.12,FAIL,"Strict-native op-level FPE probes: PERF_DATA_MISSING=220, SDK_UNREPRESENTABLE=320; raw probes=540; topologies=135; source_sha=26dae1f99b2b50fb17118f38d8a8e95dfac3357c. Representative failure: perf database error: GEMM perf data missing for quant 'fp8_block' at <repo>/python/aisimulate/src/aiconfigurator_core/systems/data/rtx_pro_6000_server/sglang/0.5.12; available: [""bfloat16"", ""fp8"", ""nvfp4""]","python python/aisimulate/tools/support_matrix/generate_fpe_support_matrix.py --model ""deepseek-ai/DeepSeek-V3"" --system ""rtx_pro_6000_server"" --backend ""sglang"" --backend-version ""0.5.12"" --forward-model op_level --max-workers 8",,540,135,"PERF_DATA_MISSING=220, SDK_UNREPRESENTABLE=320",,26dae1f99b2b50fb17118f38d8a8e95dfac3357c
deepseek-ai/DeepSeek-V3,DeepseekV3ForCausalLM,rtx_pro_6000_server,sglang,0.5.14,FAIL,"Strict-native op-level FPE probes: PERF_DATA_MISSING=220, SDK_UNREPRESENTABLE=320; raw probes=540; topologies=135; source_sha=26dae1f99b2b50fb17118f38d8a8e95dfac3357c. Representative failure: perf database error: GEMM perf data missing for quant 'fp8_block' at <repo>/python/aisimulate/src/aiconfigurator_core/systems/data/rtx_pro_6000_server/sglang/0.5.14; available: [""bfloat16"", ""fp8"", ""nvfp4""]","python python/aisimulate/tools/support_matrix/generate_fpe_support_matrix.py --model ""deepseek-ai/DeepSeek-V3"" --system ""rtx_pro_6000_server"" --backend ""sglang"" --backend-version ""0.5.14"" --forward-model op_level --max-workers 8",,540,135,"PERF_DATA_MISSING=220, SDK_UNREPRESENTABLE=320",,26dae1f99b2b50fb17118f38d8a8e95dfac3357c
deepseek-ai/DeepSeek-V3,DeepseekV3ForCausalLM,rtx_pro_6000_server,sglang,0.5.16,FAIL,"Strict-native op-level FPE probes: PERF_DATA_MISSING=220, SDK_UNREPRESENTABLE=320; raw probes=540; topologies=135; source_sha=26dae1f99b2b50fb17118f38d8a8e95dfac3357c. Representative failure: perf database error: GEMM perf data missing for quant 'fp8_block' at <repo>/python/aisimulate/src/aiconfigurator_core/systems/data/rtx_pro_6000_server/sglang/0.5.16; available: [""bfloat16"", ""fp8"", ""nvfp4""]","python python/aisimulate/tools/support_matrix/generate_fpe_support_matrix.py --model ""deepseek-ai/DeepSeek-V3"" --system ""rtx_pro_6000_server"" --backend ""sglang"" --backend-version ""0.5.16"" --forward-model op_level --max-workers 8",,540,135,"PERF_DATA_MISSING=220, SDK_UNREPRESENTABLE=320",,26dae1f99b2b50fb17118f38d8a8e95dfac3357c
deepseek-ai/DeepSeek-V3,DeepseekV3ForCausalLM,rtx_pro_6000_server,sglang,0.5.9,FAIL,"Strict-native op-level FPE probes: PERF_DATA_MISSING=220, SDK_UNREPRESENTABLE=320; raw probes=540; topologies=135; source_sha=26dae1f99b2b50fb17118f38d8a8e95dfac3357c. Representative failure: perf database error: perf database error: no GEMM rows loaded from 1 source(s) (first: <repo>/python/aisimulate/src/aiconfigurator_core/systems/data/rtx_pro_6000_server/sglang/0.5.9/gemm_perf.parquet)","python python/aisimulate/tools/support_matrix/generate_fpe_support_matrix.py --model ""deepseek-ai/DeepSeek-V3"" --system ""rtx_pro_6000_server"" --backend ""sglang"" --backend-version ""0.5.9"" --forward-model op_level --max-workers 8",,540,135,"PERF_DATA_MISSING=220, SDK_UNREPRESENTABLE=320",,26dae1f99b2b50fb17118f38d8a8e95dfac3357c
deepseek-ai/DeepSeek-V3,DeepseekV3ForCausalLM,rtx_pro_6000_server,trtllm,1.3.0rc10,FAIL,"Strict-native op-level FPE probes: PERF_DATA_MISSING=116; raw probes=116; topologies=29; source_sha=26dae1f99b2b50fb17118f38d8a8e95dfac3357c. Representative failure: perf database error: MoE data missing for MoeKey { quant: ""fp8_block"", distribution: ""uniform"", topk: 8, num_experts: 256, hidden_size: 7168, inter_size: 2048, moe_tp_size: 1, moe_ep_size: 1 } at <repo>/python/aisimulate/src/aiconfigurator_core/systems/data/rtx_pro_6000_server/trtllm/1.3.0rc10","python python/aisimulate/tools/support_matrix/generate_fpe_support_matrix.py --model ""deepseek-ai/DeepSeek-V3"" --system ""rtx_pro_6000_server"" --backend ""trtllm"" --backend-version ""1.3.0rc10"" --forward-model op_level --max-workers 8",,116,29,PERF_DATA_MISSING=116,,26dae1f99b2b50fb17118f38d8a8e95dfac3357c
deepseek-ai/DeepSeek-V3,DeepseekV3ForCausalLM,rtx_pro_6000_server,trtllm,1.3.0rc15,FAIL,"Strict-native op-level FPE probes: PERF_DATA_MISSING=116; raw probes=116; topologies=29; source_sha=26dae1f99b2b50fb17118f38d8a8e95dfac3357c. Representative failure: perf database error: MoE data missing for MoeKey { quant: ""fp8_block"", distribution: ""uniform"", topk: 8, num_experts: 256, hidden_size: 7168, inter_size: 2048, moe_tp_size: 1, moe_ep_size: 1 } at <repo>/python/aisimulate/src/aiconfigurator_core/systems/data/rtx_pro_6000_server/trtllm/1.3.0rc15","python python/aisimulate/tools/support_matrix/generate_fpe_support_matrix.py --model ""deepseek-ai/DeepSeek-V3"" --system ""rtx_pro_6000_server"" --backend ""trtllm"" --backend-version ""1.3.0rc15"" --forward-model op_level --max-workers 8",,116,29,PERF_DATA_MISSING=116,,26dae1f99b2b50fb17118f38d8a8e95dfac3357c
deepseek-ai/DeepSeek-V3,DeepseekV3ForCausalLM,rtx_pro_6000_server,trtllm,1.3.0rc20,FAIL,"Strict-native op-level FPE probes: PASS=58, PERF_DATA_MISSING=58; raw probes=116; topologies=29; source_sha=26dae1f99b2b50fb17118f38d8a8e95dfac3357c. Representative failure: perf database error: context MLA data missing for ContextKey { fmha_quant: ""fp8"", kv_quant: ""fp8"" } at <repo>/python/aisimulate/src/aiconfigurator_core/systems/data/rtx_pro_6000_server/trtllm/1.3.0rc20","python python/aisimulate/tools/support_matrix/generate_fpe_support_matrix.py --model ""deepseek-ai/DeepSeek-V3"" --system ""rtx_pro_6000_server"" --backend ""trtllm"" --backend-version ""1.3.0rc20"" --forward-model op_level --max-workers 8",,116,29,"PASS=58, PERF_DATA_MISSING=58",,26dae1f99b2b50fb17118f38d8a8e95dfac3357c
deepseek-ai/DeepSeek-V3,DeepseekV3ForCausalLM,rtx_pro_6000_server,trtllm,1.3.0rc23,FAIL,"Strict-native op-level FPE probes: PASS=58, PERF_DATA_MISSING=58; raw probes=116; topologies=29; source_sha=26dae1f99b2b50fb17118f38d8a8e95dfac3357c. Representative failure: perf database error: context MLA data missing for ContextKey { fmha_quant: ""fp8"", kv_quant: ""fp8"" } at <repo>/python/aisimulate/src/aiconfigurator_core/systems/data/rtx_pro_6000_server/trtllm/1.3.0rc23","python python/aisimulate/tools/support_matrix/generate_fpe_support_matrix.py --model ""deepseek-ai/DeepSeek-V3"" --system ""rtx_pro_6000_server"" --backend ""trtllm"" --backend-version ""1.3.0rc23"" --forward-model op_level --max-workers 8",,116,29,"PASS=58, PERF_DATA_MISSING=58",,26dae1f99b2b50fb17118f38d8a8e95dfac3357c
deepseek-ai/DeepSeek-V3,DeepseekV3ForCausalLM,rtx_pro_6000_server,vllm,0.1.dev19262,FAIL,Strict-native op-level FPE probes: PERF_DATA_MISSING=116; raw probes=116; topologies=29; source_sha=26dae1f99b2b50fb17118f38d8a8e95dfac3357c. Representative failure: perf database error: perf database error: no GEMM rows loaded from 1 source(s) (first: <repo>/python/aisimulate/src/aiconfigurator_core/systems/data/rtx_pro_6000_server/vllm/0.1.dev19262/gemm_perf.parquet),"python python/aisimulate/tools/support_matrix/generate_fpe_support_matrix.py --model ""deepseek-ai/DeepSeek-V3"" --system ""rtx_pro_6000_server"" --backend ""vllm"" --backend-version ""0.1.dev19262"" --forward-model op_level --max-workers 8",,116,29,PERF_DATA_MISSING=116,,26dae1f99b2b50fb17118f38d8a8e95dfac3357c
deepseek-ai/DeepSeek-V3,DeepseekV3ForCausalLM,rtx_pro_6000_server,vllm,0.14.0,FAIL,Strict-native op-level FPE probes: PERF_DATA_MISSING=116; raw probes=116; topologies=29; source_sha=26dae1f99b2b50fb17118f38d8a8e95dfac3357c. Representative failure: perf database error: perf database error: no GEMM rows loaded from 1 source(s) (first: <repo>/python/aisimulate/src/aiconfigurator_core/systems/data/rtx_pro_6000_server/vllm/0.14.0/gemm_perf.parquet),"python python/aisimulate/tools/support_matrix/generate_fpe_support_matrix.py --model ""deepseek-ai/DeepSeek-V3"" --system ""rtx_pro_6000_server"" --backend ""vllm"" --backend-version ""0.14.0"" --forward-model op_level --max-workers 8",,116,29,PERF_DATA_MISSING=116,,26dae1f99b2b50fb17118f38d8a8e95dfac3357c
deepseek-ai/DeepSeek-V3,DeepseekV3ForCausalLM,rtx_pro_6000_server,vllm,0.19.0,PASS,,"python python/aisimulate/tools/support_matrix/generate_fpe_support_matrix.py --model ""deepseek-ai/DeepSeek-V3"" --system ""rtx_pro_6000_server"" --backend ""vllm"" --backend-version ""0.19.0"" --forward-model op_level --max-workers 8",silicon,116,29,"PASS=44, PERF_DATA_MISSING=72","decode_end=32741.984368, decode_start=128.285632, mixed=413.914206, prefill=411.792225",26dae1f99b2b50fb17118f38d8a8e95dfac3357c
deepseek-ai/DeepSeek-V3,DeepseekV3ForCausalLM,rtx_pro_6000_server,vllm,0.22.0,PASS,,"python python/aisimulate/tools/support_matrix/generate_fpe_support_matrix.py --model ""deepseek-ai/DeepSeek-V3"" --system ""rtx_pro_6000_server"" --backend ""vllm"" --backend-version ""0.22.0"" --forward-model op_level --max-workers 8",silicon,116,29,"PASS=44, PERF_DATA_MISSING=72","decode_end=32717.852870, decode_start=128.190999, mixed=413.954782, prefill=411.655088",26dae1f99b2b50fb17118f38d8a8e95dfac3357c
deepseek-ai/DeepSeek-V3,DeepseekV3ForCausalLM,rtx_pro_6000_server,vllm,0.24.0,PASS,,"python python/aisimulate/tools/support_matrix/generate_fpe_support_matrix.py --model ""deepseek-ai/DeepSeek-V3"" --system ""rtx_pro_6000_server"" --backend ""vllm"" --backend-version ""0.24.0"" --forward-model op_level --max-workers 8",silicon,116,29,PASS=116,"decode_end=32717.852870, decode_start=128.190999, mixed=413.954782, prefill=411.655088",26dae1f99b2b50fb17118f38d8a8e95dfac3357c
deepseek-ai/DeepSeek-V3.2,DeepseekV32ForCausalLM,rtx_pro_6000_server,sglang,0.5.10,FAIL,"Strict-native op-level FPE probes: PERF_DATA_MISSING=340, SDK_UNREPRESENTABLE=460; raw probes=800; topologies=200; source_sha=26dae1f99b2b50fb17118f38d8a8e95dfac3357c. Representative failure: perf database error: GEMM perf data missing for quant 'fp8_block' at <repo>/python/aisimulate/src/aiconfigurator_core/systems/data/rtx_pro_6000_server/sglang/0.5.10; available: [""bfloat16"", ""fp8"", ""nvfp4""]","python python/aisimulate/tools/support_matrix/generate_fpe_support_matrix.py --model ""deepseek-ai/DeepSeek-V3.2"" --system ""rtx_pro_6000_server"" --backend ""sglang"" --backend-version ""0.5.10"" --forward-model op_level --max-workers 8",,800,200,"PERF_DATA_MISSING=340, SDK_UNREPRESENTABLE=460",,26dae1f99b2b50fb17118f38d8a8e95dfac3357c
deepseek-ai/DeepSeek-V3.2,DeepseekV32ForCausalLM,rtx_pro_6000_server,sglang,0.5.10rc0,FAIL,"Strict-native op-level FPE probes: PERF_DATA_MISSING=340, SDK_UNREPRESENTABLE=460; raw probes=800; topologies=200; source_sha=26dae1f99b2b50fb17118f38d8a8e95dfac3357c. Representative failure: perf database error: perf database error: no GEMM rows loaded from 1 source(s) (first: <repo>/python/aisimulate/src/aiconfigurator_core/systems/data/rtx_pro_6000_server/sglang/0.5.10rc0/gemm_perf.parquet)","python python/aisimulate/tools/support_matrix/generate_fpe_support_matrix.py --model ""deepseek-ai/DeepSeek-V3.2"" --system ""rtx_pro_6000_server"" --backend ""sglang"" --backend-version ""0.5.10rc0"" --forward-model op_level --max-workers 8",,800,200,"PERF_DATA_MISSING=340, SDK_UNREPRESENTABLE=460",,26dae1f99b2b50fb17118f38d8a8e95dfac3357c
deepseek-ai/DeepSeek-V3.2,DeepseekV32ForCausalLM,rtx_pro_6000_server,sglang,0.5.12,FAIL,"Strict-native op-level FPE probes: PERF_DATA_MISSING=340, SDK_UNREPRESENTABLE=460; raw probes=800; topologies=200; source_sha=26dae1f99b2b50fb17118f38d8a8e95dfac3357c. Representative failure: perf database error: GEMM perf data missing for quant 'fp8_block' at <repo>/python/aisimulate/src/aiconfigurator_core/systems/data/rtx_pro_6000_server/sglang/0.5.12; available: [""bfloat16"", ""fp8"", ""nvfp4""]","python python/aisimulate/tools/support_matrix/generate_fpe_support_matrix.py --model ""deepseek-ai/DeepSeek-V3.2"" --system ""rtx_pro_6000_server"" --backend ""sglang"" --backend-version ""0.5.12"" --forward-model op_level --max-workers 8",,800,200,"PERF_DATA_MISSING=340, SDK_UNREPRESENTABLE=460",,26dae1f99b2b50fb17118f38d8a8e95dfac3357c
deepseek-ai/DeepSeek-V3.2,DeepseekV32ForCausalLM,rtx_pro_6000_server,sglang,0.5.14,FAIL,"Strict-native op-level FPE probes: PERF_DATA_MISSING=340, SDK_UNREPRESENTABLE=460; raw probes=800; topologies=200; source_sha=26dae1f99b2b50fb17118f38d8a8e95dfac3357c. Representative failure: perf database error: GEMM perf data missing for quant 'fp8_block' at <repo>/python/aisimulate/src/aiconfigurator_core/systems/data/rtx_pro_6000_server/sglang/0.5.14; available: [""bfloat16"", ""fp8"", ""nvfp4""]","python python/aisimulate/tools/support_matrix/generate_fpe_support_matrix.py --model ""deepseek-ai/DeepSeek-V3.2"" --system ""rtx_pro_6000_server"" --backend ""sglang"" --backend-version ""0.5.14"" --forward-model op_level --max-workers 8",,800,200,"PERF_DATA_MISSING=340, SDK_UNREPRESENTABLE=460",,26dae1f99b2b50fb17118f38d8a8e95dfac3357c
deepseek-ai/DeepSeek-V3.2,DeepseekV32ForCausalLM,rtx_pro_6000_server,sglang,0.5.16,FAIL,"Strict-native op-level FPE probes: PERF_DATA_MISSING=340, SDK_UNREPRESENTABLE=460; raw probes=800; topologies=200; source_sha=26dae1f99b2b50fb17118f38d8a8e95dfac3357c. Representative failure: perf database error: GEMM perf data missing for quant 'fp8_block' at <repo>/python/aisimulate/src/aiconfigurator_core/systems/data/rtx_pro_6000_server/sglang/0.5.16; available: [""bfloat16"", ""fp8"", ""nvfp4""]","python python/aisimulate/tools/support_matrix/generate_fpe_support_matrix.py --model ""deepseek-ai/DeepSeek-V3.2"" --system ""rtx_pro_6000_server"" --backend ""sglang"" --backend-version ""0.5.16"" --forward-model op_level --max-workers 8",,800,200,"PERF_DATA_MISSING=340, SDK_UNREPRESENTABLE=460",,26dae1f99b2b50fb17118f38d8a8e95dfac3357c
deepseek-ai/DeepSeek-V3.2,DeepseekV32ForCausalLM,rtx_pro_6000_server,sglang,0.5.9,FAIL,"Strict-native op-level FPE probes: PERF_DATA_MISSING=340, SDK_UNREPRESENTABLE=460; raw probes=800; topologies=200; source_sha=26dae1f99b2b50fb17118f38d8a8e95dfac3357c. Representative failure: perf database error: perf database error: no GEMM rows loaded from 1 source(s) (first: <repo>/python/aisimulate/src/aiconfigurator_core/systems/data/rtx_pro_6000_server/sglang/0.5.9/gemm_perf.parquet)","python python/aisimulate/tools/support_matrix/generate_fpe_support_matrix.py --model ""deepseek-ai/DeepSeek-V3.2"" --system ""rtx_pro_6000_server"" --backend ""sglang"" --backend-version ""0.5.9"" --forward-model op_level --max-workers 8",,800,200,"PERF_DATA_MISSING=340, SDK_UNREPRESENTABLE=460",,26dae1f99b2b50fb17118f38d8a8e95dfac3357c
deepseek-ai/DeepSeek-V3.2,DeepseekV32ForCausalLM,rtx_pro_6000_server,trtllm,1.3.0rc10,FAIL,"Strict-native op-level FPE probes: PERF_DATA_MISSING=192; raw probes=192; topologies=48; source_sha=26dae1f99b2b50fb17118f38d8a8e95dfac3357c. Representative failure: perf database error: MoE data missing for MoeKey { quant: ""fp8_block"", distribution: ""uniform"", topk: 8, num_experts: 256, hidden_size: 7168, inter_size: 2048, moe_tp_size: 1, moe_ep_size: 1 } at <repo>/python/aisimulate/src/aiconfigurator_core/systems/data/rtx_pro_6000_server/trtllm/1.3.0rc10","python python/aisimulate/tools/support_matrix/generate_fpe_support_matrix.py --model ""deepseek-ai/DeepSeek-V3.2"" --system ""rtx_pro_6000_server"" --backend ""trtllm"" --backend-version ""1.3.0rc10"" --forward-model op_level --max-workers 8",,192,48,PERF_DATA_MISSING=192,,26dae1f99b2b50fb17118f38d8a8e95dfac3357c
deepseek-ai/DeepSeek-V3.2,DeepseekV32ForCausalLM,rtx_pro_6000_server,trtllm,1.3.0rc15,FAIL,"Strict-native op-level FPE probes: PERF_DATA_MISSING=192; raw probes=192; topologies=48; source_sha=26dae1f99b2b50fb17118f38d8a8e95dfac3357c. Representative failure: perf database error: MoE data missing for MoeKey { quant: ""fp8_block"", distribution: ""uniform"", topk: 8, num_experts: 256, hidden_size: 7168, inter_size: 2048, moe_tp_size: 1, moe_ep_size: 1 } at <repo>/python/aisimulate/src/aiconfigurator_core/systems/data/rtx_pro_6000_server/trtllm/1.3.0rc15","python python/aisimulate/tools/support_matrix/generate_fpe_support_matrix.py --model ""deepseek-ai/DeepSeek-V3.2"" --system ""rtx_pro_6000_server"" --backend ""trtllm"" --backend-version ""1.3.0rc15"" --forward-model op_level --max-workers 8",,192,48,PERF_DATA_MISSING=192,,26dae1f99b2b50fb17118f38d8a8e95dfac3357c
deepseek-ai/DeepSeek-V3.2,DeepseekV32ForCausalLM,rtx_pro_6000_server,trtllm,1.3.0rc20,FAIL,Strict-native op-level FPE probes: PERF_DATA_MISSING=192; raw probes=192; topologies=48; source_sha=26dae1f99b2b50fb17118f38d8a8e95dfac3357c. Representative failure: perf database error: perf database error: perf database error: no DSA module rows loaded from 1 source(s) (first: <repo>/python/aisimulate/src/aiconfigurator_core/systems/data/rtx_pro_6000_server/trtllm/1.3.0rc20/dsa_context_module_perf.parquet),"python python/aisimulate/tools/support_matrix/generate_fpe_support_matrix.py --model ""deepseek-ai/DeepSeek-V3.2"" --system ""rtx_pro_6000_server"" --backend ""trtllm"" --backend-version ""1.3.0rc20"" --forward-model op_level --max-workers 8",,192,48,PERF_DATA_MISSING=192,,26dae1f99b2b50fb17118f38d8a8e95dfac3357c
deepseek-ai/DeepSeek-V3.2,DeepseekV32ForCausalLM,rtx_pro_6000_server,trtllm,1.3.0rc23,FAIL,Strict-native op-level FPE probes: PERF_DATA_MISSING=192; raw probes=192; topologies=48; source_sha=26dae1f99b2b50fb17118f38d8a8e95dfac3357c. Representative failure: perf database error: perf database error: perf database error: no DSA module rows loaded from 1 source(s) (first: <repo>/python/aisimulate/src/aiconfigurator_core/systems/data/rtx_pro_6000_server/trtllm/1.3.0rc23/dsa_context_module_perf.parquet),"python python/aisimulate/tools/support_matrix/generate_fpe_support_matrix.py --model ""deepseek-ai/DeepSeek-V3.2"" --system ""rtx_pro_6000_server"" --backend ""trtllm"" --backend-version ""1.3.0rc23"" --forward-model op_level --max-workers 8",,192,48,PERF_DATA_MISSING=192,,26dae1f99b2b50fb17118f38d8a8e95dfac3357c
deepseek-ai/DeepSeek-V3.2,DeepseekV32ForCausalLM,rtx_pro_6000_server,vllm,0.1.dev19262,FAIL,Strict-native op-level FPE probes: PERF_DATA_MISSING=192; raw probes=192; topologies=48; source_sha=26dae1f99b2b50fb17118f38d8a8e95dfac3357c. Representative failure: perf database error: perf database error: no GEMM rows loaded from 1 source(s) (first: <repo>/python/aisimulate/src/aiconfigurator_core/systems/data/rtx_pro_6000_server/vllm/0.1.dev19262/gemm_perf.parquet),"python python/aisimulate/tools/support_matrix/generate_fpe_support_matrix.py --model ""deepseek-ai/DeepSeek-V3.2"" --system ""rtx_pro_6000_server"" --backend ""vllm"" --backend-version ""0.1.dev19262"" --forward-model op_level --max-workers 8",,192,48,PERF_DATA_MISSING=192,,26dae1f99b2b50fb17118f38d8a8e95dfac3357c
deepseek-ai/DeepSeek-V3.2,DeepseekV32ForCausalLM,rtx_pro_6000_server,vllm,0.14.0,FAIL,Strict-native op-level FPE probes: PERF_DATA_MISSING=192; raw probes=192; topologies=48; source_sha=26dae1f99b2b50fb17118f38d8a8e95dfac3357c. Representative failure: perf database error: perf database error: no GEMM rows loaded from 1 source(s) (first: <repo>/python/aisimulate/src/aiconfigurator_core/systems/data/rtx_pro_6000_server/vllm/0.14.0/gemm_perf.parquet),"python python/aisimulate/tools/support_matrix/generate_fpe_support_matrix.py --model ""deepseek-ai/DeepSeek-V3.2"" --system ""rtx_pro_6000_server"" --backend ""vllm"" --backend-version ""0.14.0"" --forward-model op_level --max-workers 8",,192,48,PERF_DATA_MISSING=192,,26dae1f99b2b50fb17118f38d8a8e95dfac3357c
deepseek-ai/DeepSeek-V3.2,DeepseekV32ForCausalLM,rtx_pro_6000_server,vllm,0.19.0,FAIL,"Strict-native op-level FPE probes: PERF_DATA_MISSING=192; raw probes=192; topologies=48; source_sha=26dae1f99b2b50fb17118f38d8a8e95dfac3357c. Representative failure: perf database error: custom_allreduce data missing for (""half"", 4) at <repo>/python/aisimulate/src/aiconfigurator_core/systems/data/rtx_pro_6000_server/vllm/0.19.0","python python/aisimulate/tools/support_matrix/generate_fpe_support_matrix.py --model ""deepseek-ai/DeepSeek-V3.2"" --system ""rtx_pro_6000_server"" --backend ""vllm"" --backend-version ""0.19.0"" --forward-model op_level --max-workers 8",,192,48,PERF_DATA_MISSING=192,,26dae1f99b2b50fb17118f38d8a8e95dfac3357c
deepseek-ai/DeepSeek-V3.2,DeepseekV32ForCausalLM,rtx_pro_6000_server,vllm,0.22.0,FAIL,"Strict-native op-level FPE probes: PERF_DATA_MISSING=192; raw probes=192; topologies=48; source_sha=26dae1f99b2b50fb17118f38d8a8e95dfac3357c. Representative failure: perf database error: custom_allreduce data missing for (""half"", 4) at <repo>/python/aisimulate/src/aiconfigurator_core/systems/data/rtx_pro_6000_server/vllm/0.22.0","python python/aisimulate/tools/support_matrix/generate_fpe_support_matrix.py --model ""deepseek-ai/DeepSeek-V3.2"" --system ""rtx_pro_6000_server"" --backend ""vllm"" --backend-version ""0.22.0"" --forward-model op_level --max-workers 8",,192,48,PERF_DATA_MISSING=192,,26dae1f99b2b50fb17118f38d8a8e95dfac3357c
deepseek-ai/DeepSeek-V3.2,DeepseekV32ForCausalLM,rtx_pro_6000_server,vllm,0.24.0,FAIL,Strict-native op-level FPE probes: PERF_DATA_MISSING=192; raw probes=192; topologies=48; source_sha=26dae1f99b2b50fb17118f38d8a8e95dfac3357c. Representative failure: perf database error: perf database error: perf database error: no DSA module rows loaded from 1 source(s) (first: <repo>/python/aisimulate/src/aiconfigurator_core/systems/data/rtx_pro_6000_server/vllm/0.24.0/dsa_context_module_perf.parquet),"python python/aisimulate/tools/support_matrix/generate_fpe_support_matrix.py --model ""deepseek-ai/DeepSeek-V3.2"" --system ""rtx_pro_6000_server"" --backend ""vllm"" --backend-version ""0.24.0"" --forward-model op_level --max-workers 8",,192,48,PERF_DATA_MISSING=192,,26dae1f99b2b50fb17118f38d8a8e95dfac3357c
deepseek-ai/DeepSeek-V4-Flash,DeepseekV4ForCausalLM,rtx_pro_6000_server,sglang,0.5.10,FAIL,"Strict-native op-level FPE probes: PERF_DATA_MISSING=340, SDK_UNREPRESENTABLE=460; raw probes=800; topologies=200; source_sha=26dae1f99b2b50fb17118f38d8a8e95dfac3357c. Representative failure: perf database error: GEMM perf data missing for quant 'fp8_block' at <repo>/python/aisimulate/src/aiconfigurator_core/systems/data/rtx_pro_6000_server/sglang/0.5.10; available: [""bfloat16"", ""fp8"", ""nvfp4""]","python python/aisimulate/tools/support_matrix/generate_fpe_support_matrix.py --model ""deepseek-ai/DeepSeek-V4-Flash"" --system ""rtx_pro_6000_server"" --backend ""sglang"" --backend-version ""0.5.10"" --forward-model op_level --max-workers 8",,800,200,"PERF_DATA_MISSING=340, SDK_UNREPRESENTABLE=460",,26dae1f99b2b50fb17118f38d8a8e95dfac3357c
deepseek-ai/DeepSeek-V4-Flash,DeepseekV4ForCausalLM,rtx_pro_6000_server,sglang,0.5.10rc0,FAIL,"Strict-native op-level FPE probes: PERF_DATA_MISSING=340, SDK_UNREPRESENTABLE=460; raw probes=800; topologies=200; source_sha=26dae1f99b2b50fb17118f38d8a8e95dfac3357c. Representative failure: perf database error: perf database error: no DSV4 module rows loaded from 1 source(s) (first: <repo>/python/aisimulate/src/aiconfigurator_core/systems/data/rtx_pro_6000_server/sglang/0.5.10rc0/dsv4_csa_context_module_perf.parquet)","python python/aisimulate/tools/support_matrix/generate_fpe_support_matrix.py --model ""deepseek-ai/DeepSeek-V4-Flash"" --system ""rtx_pro_6000_server"" --backend ""sglang"" --backend-version ""0.5.10rc0"" --forward-model op_level --max-workers 8",,800,200,"PERF_DATA_MISSING=340, SDK_UNREPRESENTABLE=460",,26dae1f99b2b50fb17118f38d8a8e95dfac3357c
deepseek-ai/DeepSeek-V4-Flash,DeepseekV4ForCausalLM,rtx_pro_6000_server,sglang,0.5.12,FAIL,"Strict-native op-level FPE probes: PERF_DATA_MISSING=340, SDK_UNREPRESENTABLE=460; raw probes=800; topologies=200; source_sha=26dae1f99b2b50fb17118f38d8a8e95dfac3357c. Representative failure: perf database error: GEMM perf data missing for quant 'fp8_block' at <repo>/python/aisimulate/src/aiconfigurator_core/systems/data/rtx_pro_6000_server/sglang/0.5.12; available: [""bfloat16"", ""fp8"", ""nvfp4""]","python python/aisimulate/tools/support_matrix/generate_fpe_support_matrix.py --model ""deepseek-ai/DeepSeek-V4-Flash"" --system ""rtx_pro_6000_server"" --backend ""sglang"" --backend-version ""0.5.12"" --forward-model op_level --max-workers 8",,800,200,"PERF_DATA_MISSING=340, SDK_UNREPRESENTABLE=460",,26dae1f99b2b50fb17118f38d8a8e95dfac3357c
deepseek-ai/DeepSeek-V4-Flash,DeepseekV4ForCausalLM,rtx_pro_6000_server,sglang,0.5.14,FAIL,"Strict-native op-level FPE probes: PERF_DATA_MISSING=340, SDK_UNREPRESENTABLE=460; raw probes=800; topologies=200; source_sha=26dae1f99b2b50fb17118f38d8a8e95dfac3357c. Representative failure: perf database error: GEMM perf data missing for quant 'fp8_block' at <repo>/python/aisimulate/src/aiconfigurator_core/systems/data/rtx_pro_6000_server/sglang/0.5.14; available: [""bfloat16"", ""fp8"", ""nvfp4""]","python python/aisimulate/tools/support_matrix/generate_fpe_support_matrix.py --model ""deepseek-ai/DeepSeek-V4-Flash"" --system ""rtx_pro_6000_server"" --backend ""sglang"" --backend-version ""0.5.14"" --forward-model op_level --max-workers 8",,800,200,"PERF_DATA_MISSING=340, SDK_UNREPRESENTABLE=460",,26dae1f99b2b50fb17118f38d8a8e95dfac3357c
deepseek-ai/DeepSeek-V4-Flash,DeepseekV4ForCausalLM,rtx_pro_6000_server,sglang,0.5.16,FAIL,"Strict-native op-level FPE probes: PERF_DATA_MISSING=340, SDK_UNREPRESENTABLE=460; raw probes=800; topologies=200; source_sha=26dae1f99b2b50fb17118f38d8a8e95dfac3357c. Representative failure: perf database error: GEMM perf data missing for quant 'fp8_block' at <repo>/python/aisimulate/src/aiconfigurator_core/systems/data/rtx_pro_6000_server/sglang/0.5.16; available: [""bfloat16"", ""fp8"", ""nvfp4""]","python python/aisimulate/tools/support_matrix/generate_fpe_support_matrix.py --model ""deepseek-ai/DeepSeek-V4-Flash"" --system ""rtx_pro_6000_server"" --backend ""sglang"" --backend-version ""0.5.16"" --forward-model op_level --max-workers 8",,800,200,"PERF_DATA_MISSING=340, SDK_UNREPRESENTABLE=460",,26dae1f99b2b50fb17118f38d8a8e95dfac3357c
deepseek-ai/DeepSeek-V4-Flash,DeepseekV4ForCausalLM,rtx_pro_6000_server,sglang,0.5.9,FAIL,"Strict-native op-level FPE probes: PERF_DATA_MISSING=340, SDK_UNREPRESENTABLE=460; raw probes=800; topologies=200; source_sha=26dae1f99b2b50fb17118f38d8a8e95dfac3357c. Representative failure: perf database error: perf database error: no MHC module rows loaded from 1 source(s) (first: <repo>/python/aisimulate/src/aiconfigurator_core/systems/data/rtx_pro_6000_server/sglang/0.5.9/mhc_module_perf.parquet)","python python/aisimulate/tools/support_matrix/generate_fpe_support_matrix.py --model ""deepseek-ai/DeepSeek-V4-Flash"" --system ""rtx_pro_6000_server"" --backend ""sglang"" --backend-version ""0.5.9"" --forward-model op_level --max-workers 8",,800,200,"PERF_DATA_MISSING=340, SDK_UNREPRESENTABLE=460",,26dae1f99b2b50fb17118f38d8a8e95dfac3357c
deepseek-ai/DeepSeek-V4-Flash,DeepseekV4ForCausalLM,rtx_pro_6000_server,trtllm,1.3.0rc10,FAIL,Strict-native op-level FPE probes: PERF_DATA_MISSING=192; raw probes=192; topologies=48; source_sha=26dae1f99b2b50fb17118f38d8a8e95dfac3357c. Representative failure: perf database error: perf database error: no MHC module rows loaded from 1 source(s) (first: <repo>/python/aisimulate/src/aiconfigurator_core/systems/data/rtx_pro_6000_server/trtllm/1.3.0rc10/mhc_module_perf.parquet),"python python/aisimulate/tools/support_matrix/generate_fpe_support_matrix.py --model ""deepseek-ai/DeepSeek-V4-Flash"" --system ""rtx_pro_6000_server"" --backend ""trtllm"" --backend-version ""1.3.0rc10"" --forward-model op_level --max-workers 8",,192,48,PERF_DATA_MISSING=192,,26dae1f99b2b50fb17118f38d8a8e95dfac3357c
deepseek-ai/DeepSeek-V4-Flash,DeepseekV4ForCausalLM,rtx_pro_6000_server,trtllm,1.3.0rc15,FAIL,Strict-native op-level FPE probes: PERF_DATA_MISSING=192; raw probes=192; topologies=48; source_sha=26dae1f99b2b50fb17118f38d8a8e95dfac3357c. Representative failure: perf database error: perf database error: no MHC module rows loaded from 1 source(s) (first: <repo>/python/aisimulate/src/aiconfigurator_core/systems/data/rtx_pro_6000_server/trtllm/1.3.0rc15/mhc_module_perf.parquet),"python python/aisimulate/tools/support_matrix/generate_fpe_support_matrix.py --model ""deepseek-ai/DeepSeek-V4-Flash"" --system ""rtx_pro_6000_server"" --backend ""trtllm"" --backend-version ""1.3.0rc15"" --forward-model op_level --max-workers 8",,192,48,PERF_DATA_MISSING=192,,26dae1f99b2b50fb17118f38d8a8e95dfac3357c
deepseek-ai/DeepSeek-V4-Flash,DeepseekV4ForCausalLM,rtx_pro_6000_server,trtllm,1.3.0rc20,FAIL,"Strict-native op-level FPE probes: PERF_DATA_MISSING=192; raw probes=192; topologies=48; source_sha=26dae1f99b2b50fb17118f38d8a8e95dfac3357c. Representative failure: perf database error: MoE data missing for MoeKey { quant: ""w4a8_mxfp4_mxfp8"", distribution: ""power_law_1.01"", topk: 6, num_experts: 256, hidden_size: 4096, inter_size: 2048, moe_tp_size: 1, moe_ep_size: 1 } at <repo>/python/aisimulate/src/aiconfigurator_core/systems/data/rtx_pro_6000_server/trtllm/1.3.0rc20","python python/aisimulate/tools/support_matrix/generate_fpe_support_matrix.py --model ""deepseek-ai/DeepSeek-V4-Flash"" --system ""rtx_pro_6000_server"" --backend ""trtllm"" --backend-version ""1.3.0rc20"" --forward-model op_level --max-workers 8",,192,48,PERF_DATA_MISSING=192,,26dae1f99b2b50fb17118f38d8a8e95dfac3357c
deepseek-ai/DeepSeek-V4-Flash,DeepseekV4ForCausalLM,rtx_pro_6000_server,trtllm,1.3.0rc23,FAIL,"Strict-native op-level FPE probes: PERF_DATA_MISSING=192; raw probes=192; topologies=48; source_sha=26dae1f99b2b50fb17118f38d8a8e95dfac3357c. Representative failure: perf database error: MoE data missing for MoeKey { quant: ""w4a8_mxfp4_mxfp8"", distribution: ""power_law_1.01"", topk: 6, num_experts: 256, hidden_size: 4096, inter_size: 2048, moe_tp_size: 1, moe_ep_size: 1 } at <repo>/python/aisimulate/src/aiconfigurator_core/systems/data/rtx_pro_6000_server/trtllm/1.3.0rc23","python python/aisimulate/tools/support_matrix/generate_fpe_support_matrix.py --model ""deepseek-ai/DeepSeek-V4-Flash"" --system ""rtx_pro_6000_server"" --backend ""trtllm"" --backend-version ""1.3.0rc23"" --forward-model op_level --max-workers 8",,192,48,PERF_DATA_MISSING=192,,26dae1f99b2b50fb17118f38d8a8e95dfac3357c
deepseek-ai/DeepSeek-V4-Flash,DeepseekV4ForCausalLM,rtx_pro_6000_server,vllm,0.1.dev19262,FAIL,Strict-native op-level FPE probes: PERF_DATA_MISSING=192; raw probes=192; topologies=48; source_sha=26dae1f99b2b50fb17118f38d8a8e95dfac3357c. Representative failure: perf database error: perf database error: no MHC module rows loaded from 1 source(s) (first: <repo>/python/aisimulate/src/aiconfigurator_core/systems/data/rtx_pro_6000_server/vllm/0.1.dev19262/mhc_module_perf.parquet),"python python/aisimulate/tools/support_matrix/generate_fpe_support_matrix.py --model ""deepseek-ai/DeepSeek-V4-Flash"" --system ""rtx_pro_6000_server"" --backend ""vllm"" --backend-version ""0.1.dev19262"" --forward-model op_level --max-workers 8",,192,48,PERF_DATA_MISSING=192,,26dae1f99b2b50fb17118f38d8a8e95dfac3357c
deepseek-ai/DeepSeek-V4-Flash,DeepseekV4ForCausalLM,rtx_pro_6000_server,vllm,0.14.0,FAIL,Strict-native op-level FPE probes: PERF_DATA_MISSING=192; raw probes=192; topologies=48; source_sha=26dae1f99b2b50fb17118f38d8a8e95dfac3357c. Representative failure: perf database error: perf database error: no MHC module rows loaded from 1 source(s) (first: <repo>/python/aisimulate/src/aiconfigurator_core/systems/data/rtx_pro_6000_server/vllm/0.14.0/mhc_module_perf.parquet),"python python/aisimulate/tools/support_matrix/generate_fpe_support_matrix.py --model ""deepseek-ai/DeepSeek-V4-Flash"" --system ""rtx_pro_6000_server"" --backend ""vllm"" --backend-version ""0.14.0"" --forward-model op_level --max-workers 8",,192,48,PERF_DATA_MISSING=192,,26dae1f99b2b50fb17118f38d8a8e95dfac3357c
deepseek-ai/DeepSeek-V4-Flash,DeepseekV4ForCausalLM,rtx_pro_6000_server,vllm,0.19.0,FAIL,Strict-native op-level FPE probes: PERF_DATA_MISSING=192; raw probes=192; topologies=48; source_sha=26dae1f99b2b50fb17118f38d8a8e95dfac3357c. Representative failure: perf database error: perf database error: no MHC module rows loaded from 1 source(s) (first: <repo>/python/aisimulate/src/aiconfigurator_core/systems/data/rtx_pro_6000_server/vllm/0.19.0/mhc_module_perf.parquet),"python python/aisimulate/tools/support_matrix/generate_fpe_support_matrix.py --model ""deepseek-ai/DeepSeek-V4-Flash"" --system ""rtx_pro_6000_server"" --backend ""vllm"" --backend-version ""0.19.0"" --forward-model op_level --max-workers 8",,192,48,PERF_DATA_MISSING=192,,26dae1f99b2b50fb17118f38d8a8e95dfac3357c
deepseek-ai/DeepSeek-V4-Flash,DeepseekV4ForCausalLM,rtx_pro_6000_server,vllm,0.22.0,FAIL,Strict-native op-level FPE probes: PERF_DATA_MISSING=192; raw probes=192; topologies=48; source_sha=26dae1f99b2b50fb17118f38d8a8e95dfac3357c. Representative failure: perf database error: perf database error: no MHC module rows loaded from 1 source(s) (first: <repo>/python/aisimulate/src/aiconfigurator_core/systems/data/rtx_pro_6000_server/vllm/0.22.0/mhc_module_perf.parquet),"python python/aisimulate/tools/support_matrix/generate_fpe_support_matrix.py --model ""deepseek-ai/DeepSeek-V4-Flash"" --system ""rtx_pro_6000_server"" --backend ""vllm"" --backend-version ""0.22.0"" --forward-model op_level --max-workers 8",,192,48,PERF_DATA_MISSING=192,,26dae1f99b2b50fb17118f38d8a8e95dfac3357c
deepseek-ai/DeepSeek-V4-Flash,DeepseekV4ForCausalLM,rtx_pro_6000_server,vllm,0.24.0,FAIL,Strict-native op-level FPE probes: PERF_DATA_MISSING=192; raw probes=192; topologies=48; source_sha=26dae1f99b2b50fb17118f38d8a8e95dfac3357c. Representative failure: perf database error: perf database error: no MHC module rows loaded from 1 source(s) (first: <repo>/python/aisimulate/src/aiconfigurator_core/systems/data/rtx_pro_6000_server/vllm/0.24.0/mhc_module_perf.parquet),"python python/aisimulate/tools/support_matrix/generate_fpe_support_matrix.py --model ""deepseek-ai/DeepSeek-V4-Flash"" --system ""rtx_pro_6000_server"" --backend ""vllm"" --backend-version ""0.24.0"" --forward-model op_level --max-workers 8",,192,48,PERF_DATA_MISSING=192,,26dae1f99b2b50fb17118f38d8a8e95dfac3357c
deepseek-ai/DeepSeek-V4-Pro,DeepseekV4ForCausalLM,rtx_pro_6000_server,sglang,0.5.10,FAIL,"Strict-native op-level FPE probes: PERF_DATA_MISSING=340, SDK_UNREPRESENTABLE=460; raw probes=800; topologies=200; source_sha=26dae1f99b2b50fb17118f38d8a8e95dfac3357c. Representative failure: perf database error: GEMM perf data missing for quant 'fp8_block' at <repo>/python/aisimulate/src/aiconfigurator_core/systems/data/rtx_pro_6000_server/sglang/0.5.10; available: [""bfloat16"", ""fp8"", ""nvfp4""]","python python/aisimulate/tools/support_matrix/generate_fpe_support_matrix.py --model ""deepseek-ai/DeepSeek-V4-Pro"" --system ""rtx_pro_6000_server"" --backend ""sglang"" --backend-version ""0.5.10"" --forward-model op_level --max-workers 8",,800,200,"PERF_DATA_MISSING=340, SDK_UNREPRESENTABLE=460",,26dae1f99b2b50fb17118f38d8a8e95dfac3357c
deepseek-ai/DeepSeek-V4-Pro,DeepseekV4ForCausalLM,rtx_pro_6000_server,sglang,0.5.10rc0,FAIL,"Strict-native op-level FPE probes: PERF_DATA_MISSING=340, SDK_UNREPRESENTABLE=460; raw probes=800; topologies=200; source_sha=26dae1f99b2b50fb17118f38d8a8e95dfac3357c. Representative failure: perf database error: perf database error: no DSV4 module rows loaded from 1 source(s) (first: <repo>/python/aisimulate/src/aiconfigurator_core/systems/data/rtx_pro_6000_server/sglang/0.5.10rc0/dsv4_hca_context_module_perf.parquet)","python python/aisimulate/tools/support_matrix/generate_fpe_support_matrix.py --model ""deepseek-ai/DeepSeek-V4-Pro"" --system ""rtx_pro_6000_server"" --backend ""sglang"" --backend-version ""0.5.10rc0"" --forward-model op_level --max-workers 8",,800,200,"PERF_DATA_MISSING=340, SDK_UNREPRESENTABLE=460",,26dae1f99b2b50fb17118f38d8a8e95dfac3357c
deepseek-ai/DeepSeek-V4-Pro,DeepseekV4ForCausalLM,rtx_pro_6000_server,sglang,0.5.12,FAIL,"Strict-native op-level FPE probes: PERF_DATA_MISSING=340, SDK_UNREPRESENTABLE=460; raw probes=800; topologies=200; source_sha=26dae1f99b2b50fb17118f38d8a8e95dfac3357c. Representative failure: perf database error: GEMM perf data missing for quant 'fp8_block' at <repo>/python/aisimulate/src/aiconfigurator_core/systems/data/rtx_pro_6000_server/sglang/0.5.12; available: [""bfloat16"", ""fp8"", ""nvfp4""]","python python/aisimulate/tools/support_matrix/generate_fpe_support_matrix.py --model ""deepseek-ai/DeepSeek-V4-Pro"" --system ""rtx_pro_6000_server"" --backend ""sglang"" --backend-version ""0.5.12"" --forward-model op_level --max-workers 8",,800,200,"PERF_DATA_MISSING=340, SDK_UNREPRESENTABLE=460",,26dae1f99b2b50fb17118f38d8a8e95dfac3357c
deepseek-ai/DeepSeek-V4-Pro,DeepseekV4ForCausalLM,rtx_pro_6000_server,sglang,0.5.14,FAIL,"Strict-native op-level FPE probes: PERF_DATA_MISSING=340, SDK_UNREPRESENTABLE=460; raw probes=800; topologies=200; source_sha=26dae1f99b2b50fb17118f38d8a8e95dfac3357c. Representative failure: perf database error: GEMM perf data missing for quant 'fp8_block' at <repo>/python/aisimulate/src/aiconfigurator_core/systems/data/rtx_pro_6000_server/sglang/0.5.14; available: [""bfloat16"", ""fp8"", ""nvfp4""]","python python/aisimulate/tools/support_matrix/generate_fpe_support_matrix.py --model ""deepseek-ai/DeepSeek-V4-Pro"" --system ""rtx_pro_6000_server"" --backend ""sglang"" --backend-version ""0.5.14"" --forward-model op_level --max-workers 8",,800,200,"PERF_DATA_MISSING=340, SDK_UNREPRESENTABLE=460",,26dae1f99b2b50fb17118f38d8a8e95dfac3357c
deepseek-ai/DeepSeek-V4-Pro,DeepseekV4ForCausalLM,rtx_pro_6000_server,sglang,0.5.16,FAIL,"Strict-native op-level FPE probes: PERF_DATA_MISSING=340, SDK_UNREPRESENTABLE=460; raw probes=800; topologies=200; source_sha=26dae1f99b2b50fb17118f38d8a8e95dfac3357c. Representative failure: perf database error: GEMM perf data missing for quant 'fp8_block' at <repo>/python/aisimulate/src/aiconfigurator_core/systems/data/rtx_pro_6000_server/sglang/0.5.16; available: [""bfloat16"", ""fp8"", ""nvfp4""]","python python/aisimulate/tools/support_matrix/generate_fpe_support_matrix.py --model ""deepseek-ai/DeepSeek-V4-Pro"" --system ""rtx_pro_6000_server"" --backend ""sglang"" --backend-version ""0.5.16"" --forward-model op_level --max-workers 8",,800,200,"PERF_DATA_MISSING=340, SDK_UNREPRESENTABLE=460",,26dae1f99b2b50fb17118f38d8a8e95dfac3357c
deepseek-ai/DeepSeek-V4-Pro,DeepseekV4ForCausalLM,rtx_pro_6000_server,sglang,0.5.9,FAIL,"Strict-native op-level FPE probes: PERF_DATA_MISSING=340, SDK_UNREPRESENTABLE=460; raw probes=800; topologies=200; source_sha=26dae1f99b2b50fb17118f38d8a8e95dfac3357c. Representative failure: perf database error: perf database error: no MHC module rows loaded from 1 source(s) (first: <repo>/python/aisimulate/src/aiconfigurator_core/systems/data/rtx_pro_6000_server/sglang/0.5.9/mhc_module_perf.parquet)","python python/aisimulate/tools/support_matrix/generate_fpe_support_matrix.py --model ""deepseek-ai/DeepSeek-V4-Pro"" --system ""rtx_pro_6000_server"" --backend ""sglang"" --backend-version ""0.5.9"" --forward-model op_level --max-workers 8",,800,200,"PERF_DATA_MISSING=340, SDK_UNREPRESENTABLE=460",,26dae1f99b2b50fb17118f38d8a8e95dfac3357c
deepseek-ai/DeepSeek-V4-Pro,DeepseekV4ForCausalLM,rtx_pro_6000_server,trtllm,1.3.0rc10,FAIL,Strict-native op-level FPE probes: PERF_DATA_MISSING=192; raw probes=192; topologies=48; source_sha=26dae1f99b2b50fb17118f38d8a8e95dfac3357c. Representative failure: perf database error: perf database error: no MHC module rows loaded from 1 source(s) (first: <repo>/python/aisimulate/src/aiconfigurator_core/systems/data/rtx_pro_6000_server/trtllm/1.3.0rc10/mhc_module_perf.parquet),"python python/aisimulate/tools/support_matrix/generate_fpe_support_matrix.py --model ""deepseek-ai/DeepSeek-V4-Pro"" --system ""rtx_pro_6000_server"" --backend ""trtllm"" --backend-version ""1.3.0rc10"" --forward-model op_level --max-workers 8",,192,48,PERF_DATA_MISSING=192,,26dae1f99b2b50fb17118f38d8a8e95dfac3357c
deepseek-ai/DeepSeek-V4-Pro,DeepseekV4ForCausalLM,rtx_pro_6000_server,trtllm,1.3.0rc15,FAIL,Strict-native op-level FPE probes: PERF_DATA_MISSING=192; raw probes=192; topologies=48; source_sha=26dae1f99b2b50fb17118f38d8a8e95dfac3357c. Representative failure: perf database error: perf database error: no MHC module rows loaded from 1 source(s) (first: <repo>/python/aisimulate/src/aiconfigurator_core/systems/data/rtx_pro_6000_server/trtllm/1.3.0rc15/mhc_module_perf.parquet),"python python/aisimulate/tools/support_matrix/generate_fpe_support_matrix.py --model ""deepseek-ai/DeepSeek-V4-Pro"" --system ""rtx_pro_6000_server"" --backend ""trtllm"" --backend-version ""1.3.0rc15"" --forward-model op_level --max-workers 8",,192,48,PERF_DATA_MISSING=192,,26dae1f99b2b50fb17118f38d8a8e95dfac3357c
deepseek-ai/DeepSeek-V4-Pro,DeepseekV4ForCausalLM,rtx_pro_6000_server,trtllm,1.3.0rc20,FAIL,"Strict-native op-level FPE probes: PERF_DATA_MISSING=192; raw probes=192; topologies=48; source_sha=26dae1f99b2b50fb17118f38d8a8e95dfac3357c. Representative failure: perf database error: MoE data missing for MoeKey { quant: ""w4a8_mxfp4_mxfp8"", distribution: ""power_law_1.01"", topk: 6, num_experts: 384, hidden_size: 7168, inter_size: 3072, moe_tp_size: 1, moe_ep_size: 1 } at <repo>/python/aisimulate/src/aiconfigurator_core/systems/data/rtx_pro_6000_server/trtllm/1.3.0rc20","python python/aisimulate/tools/support_matrix/generate_fpe_support_matrix.py --model ""deepseek-ai/DeepSeek-V4-Pro"" --system ""rtx_pro_6000_server"" --backend ""trtllm"" --backend-version ""1.3.0rc20"" --forward-model op_level --max-workers 8",,192,48,PERF_DATA_MISSING=192,,26dae1f99b2b50fb17118f38d8a8e95dfac3357c
deepseek-ai/DeepSeek-V4-Pro,DeepseekV4ForCausalLM,rtx_pro_6000_server,trtllm,1.3.0rc23,FAIL,"Strict-native op-level FPE probes: PERF_DATA_MISSING=192; raw probes=192; topologies=48; source_sha=26dae1f99b2b50fb17118f38d8a8e95dfac3357c. Representative failure: perf database error: MoE data missing for MoeKey { quant: ""w4a8_mxfp4_mxfp8"", distribution: ""power_law_1.01"", topk: 6, num_experts: 384, hidden_size: 7168, inter_size: 3072, moe_tp_size: 1, moe_ep_size: 1 } at <repo>/python/aisimulate/src/aiconfigurator_core/systems/data/rtx_pro_6000_server/trtllm/1.3.0rc23","python python/aisimulate/tools/support_matrix/generate_fpe_support_matrix.py --model ""deepseek-ai/DeepSeek-V4-Pro"" --system ""rtx_pro_6000_server"" --backend ""trtllm"" --backend-version ""1.3.0rc23"" --forward-model op_level --max-workers 8",,192,48,PERF_DATA_MISSING=192,,26dae1f99b2b50fb17118f38d8a8e95dfac3357c
deepseek-ai/DeepSeek-V4-Pro,DeepseekV4ForCausalLM,rtx_pro_6000_server,vllm,0.1.dev19262,FAIL,Strict-native op-level FPE probes: PERF_DATA_MISSING=192; raw probes=192; topologies=48; source_sha=26dae1f99b2b50fb17118f38d8a8e95dfac3357c. Representative failure: perf database error: perf database error: no MHC module rows loaded from 1 source(s) (first: <repo>/python/aisimulate/src/aiconfigurator_core/systems/data/rtx_pro_6000_server/vllm/0.1.dev19262/mhc_module_perf.parquet),"python python/aisimulate/tools/support_matrix/generate_fpe_support_matrix.py --model ""deepseek-ai/DeepSeek-V4-Pro"" --system ""rtx_pro_6000_server"" --backend ""vllm"" --backend-version ""0.1.dev19262"" --forward-model op_level --max-workers 8",,192,48,PERF_DATA_MISSING=192,,26dae1f99b2b50fb17118f38d8a8e95dfac3357c
deepseek-ai/DeepSeek-V4-Pro,DeepseekV4ForCausalLM,rtx_pro_6000_server,vllm,0.14.0,FAIL,Strict-native op-level FPE probes: PERF_DATA_MISSING=192; raw probes=192; topologies=48; source_sha=26dae1f99b2b50fb17118f38d8a8e95dfac3357c. Representative failure: perf database error: perf database error: no MHC module rows loaded from 1 source(s) (first: <repo>/python/aisimulate/src/aiconfigurator_core/systems/data/rtx_pro_6000_server/vllm/0.14.0/mhc_module_perf.parquet),"python python/aisimulate/tools/support_matrix/generate_fpe_support_matrix.py --model ""deepseek-ai/DeepSeek-V4-Pro"" --system ""rtx_pro_6000_server"" --backend ""vllm"" --backend-version ""0.14.0"" --forward-model op_level --max-workers 8",,192,48,PERF_DATA_MISSING=192,,26dae1f99b2b50fb17118f38d8a8e95dfac3357c
deepseek-ai/DeepSeek-V4-Pro,DeepseekV4ForCausalLM,rtx_pro_6000_server,vllm,0.19.0,FAIL,Strict-native op-level FPE probes: PERF_DATA_MISSING=192; raw probes=192; topologies=48; source_sha=26dae1f99b2b50fb17118f38d8a8e95dfac3357c. Representative failure: perf database error: perf database error: no MHC module rows loaded from 1 source(s) (first: <repo>/python/aisimulate/src/aiconfigurator_core/systems/data/rtx_pro_6000_server/vllm/0.19.0/mhc_module_perf.parquet),"python python/aisimulate/tools/support_matrix/generate_fpe_support_matrix.py --model ""deepseek-ai/DeepSeek-V4-Pro"" --system ""rtx_pro_6000_server"" --backend ""vllm"" --backend-version ""0.19.0"" --forward-model op_level --max-workers 8",,192,48,PERF_DATA_MISSING=192,,26dae1f99b2b50fb17118f38d8a8e95dfac3357c
deepseek-ai/DeepSeek-V4-Pro,DeepseekV4ForCausalLM,rtx_pro_6000_server,vllm,0.22.0,FAIL,Strict-native op-level FPE probes: PERF_DATA_MISSING=192; raw probes=192; topologies=48; source_sha=26dae1f99b2b50fb17118f38d8a8e95dfac3357c. Representative failure: perf database error: perf database error: no MHC module rows loaded from 1 source(s) (first: <repo>/python/aisimulate/src/aiconfigurator_core/systems/data/rtx_pro_6000_server/vllm/0.22.0/mhc_module_perf.parquet),"python python/aisimulate/tools/support_matrix/generate_fpe_support_matrix.py --model ""deepseek-ai/DeepSeek-V4-Pro"" --system ""rtx_pro_6000_server"" --backend ""vllm"" --backend-version ""0.22.0"" --forward-model op_level --max-workers 8",,192,48,PERF_DATA_MISSING=192,,26dae1f99b2b50fb17118f38d8a8e95dfac3357c
deepseek-ai/DeepSeek-V4-Pro,DeepseekV4ForCausalLM,rtx_pro_6000_server,vllm,0.24.0,FAIL,Strict-native op-level FPE probes: PERF_DATA_MISSING=192; raw probes=192; topologies=48; source_sha=26dae1f99b2b50fb17118f38d8a8e95dfac3357c. Representative failure: perf database error: perf database error: no MHC module rows loaded from 1 source(s) (first: <repo>/python/aisimulate/src/aiconfigurator_core/systems/data/rtx_pro_6000_server/vllm/0.24.0/mhc_module_perf.parquet),"python python/aisimulate/tools/support_matrix/generate_fpe_support_matrix.py --model ""deepseek-ai/DeepSeek-V4-Pro"" --system ""rtx_pro_6000_server"" --backend ""vllm"" --backend-version ""0.24.0"" --forward-model op_level --max-workers 8",,192,48,PERF_DATA_MISSING=192,,26dae1f99b2b50fb17118f38d8a8e95dfac3357c
google/gemma-4-26B-A4B,Gemma4ForConditionalGeneration,rtx_pro_6000_server,sglang,0.5.10,FAIL,"Strict-native op-level FPE probes: PERF_DATA_MISSING=220, SDK_UNREPRESENTABLE=320; raw probes=540; topologies=135; source_sha=26dae1f99b2b50fb17118f38d8a8e95dfac3357c. Representative failure: perf database error: MoE data missing for MoeKey { quant: ""bfloat16"", distribution: ""power_law_1.01"", topk: 8, num_experts: 128, hidden_size: 2816, inter_size: 704, moe_tp_size: 1, moe_ep_size: 1 } at <repo>/python/aisimulate/src/aiconfigurator_core/systems/data/rtx_pro_6000_server/sglang/0.5.10","python python/aisimulate/tools/support_matrix/generate_fpe_support_matrix.py --model ""google/gemma-4-26B-A4B"" --system ""rtx_pro_6000_server"" --backend ""sglang"" --backend-version ""0.5.10"" --forward-model op_level --max-workers 8",,540,135,"PERF_DATA_MISSING=220, SDK_UNREPRESENTABLE=320",,26dae1f99b2b50fb17118f38d8a8e95dfac3357c
google/gemma-4-26B-A4B,Gemma4ForConditionalGeneration,rtx_pro_6000_server,sglang,0.5.10rc0,FAIL,"Strict-native op-level FPE probes: PERF_DATA_MISSING=220, SDK_UNREPRESENTABLE=320; raw probes=540; topologies=135; source_sha=26dae1f99b2b50fb17118f38d8a8e95dfac3357c. Representative failure: perf database error: perf database error: no GEMM rows loaded from 1 source(s) (first: <repo>/python/aisimulate/src/aiconfigurator_core/systems/data/rtx_pro_6000_server/sglang/0.5.10rc0/gemm_perf.parquet)","python python/aisimulate/tools/support_matrix/generate_fpe_support_matrix.py --model ""google/gemma-4-26B-A4B"" --system ""rtx_pro_6000_server"" --backend ""sglang"" --backend-version ""0.5.10rc0"" --forward-model op_level --max-workers 8",,540,135,"PERF_DATA_MISSING=220, SDK_UNREPRESENTABLE=320",,26dae1f99b2b50fb17118f38d8a8e95dfac3357c
google/gemma-4-26B-A4B,Gemma4ForConditionalGeneration,rtx_pro_6000_server,sglang,0.5.12,PASS,,"python python/aisimulate/tools/support_matrix/generate_fpe_support_matrix.py --model ""google/gemma-4-26B-A4B"" --system ""rtx_pro_6000_server"" --backend ""sglang"" --backend-version ""0.5.12"" --forward-model op_level --max-workers 8",silicon,540,135,"PASS=128, PERF_DATA_MISSING=92, SDK_UNREPRESENTABLE=320","decode_end=4198.626465, decode_start=16.393433, mixed=41.102929, prefill=36.592242",26dae1f99b2b50fb17118f38d8a8e95dfac3357c
google/gemma-4-26B-A4B,Gemma4ForConditionalGeneration,rtx_pro_6000_server,sglang,0.5.14,PASS,,"python python/aisimulate/tools/support_matrix/generate_fpe_support_matrix.py --model ""google/gemma-4-26B-A4B"" --system ""rtx_pro_6000_server"" --backend ""sglang"" --backend-version ""0.5.14"" --forward-model op_level --max-workers 8",silicon,540,135,"PASS=164, PERF_DATA_MISSING=56, SDK_UNREPRESENTABLE=320","decode_end=4198.626465, decode_start=16.393433, mixed=41.102929, prefill=36.592242",26dae1f99b2b50fb17118f38d8a8e95dfac3357c
google/gemma-4-26B-A4B,Gemma4ForConditionalGeneration,rtx_pro_6000_server,sglang,0.5.16,PASS,,"python python/aisimulate/tools/support_matrix/generate_fpe_support_matrix.py --model ""google/gemma-4-26B-A4B"" --system ""rtx_pro_6000_server"" --backend ""sglang"" --backend-version ""0.5.16"" --forward-model op_level --max-workers 8",silicon,540,135,"PASS=164, PERF_DATA_MISSING=56, SDK_UNREPRESENTABLE=320","decode_end=4198.626465, decode_start=16.393433, mixed=41.102929, prefill=36.592242",26dae1f99b2b50fb17118f38d8a8e95dfac3357c
google/gemma-4-26B-A4B,Gemma4ForConditionalGeneration,rtx_pro_6000_server,sglang,0.5.9,FAIL,"Strict-native op-level FPE probes: PERF_DATA_MISSING=220, SDK_UNREPRESENTABLE=320; raw probes=540; topologies=135; source_sha=26dae1f99b2b50fb17118f38d8a8e95dfac3357c. Representative failure: perf database error: perf database error: no GEMM rows loaded from 1 source(s) (first: <repo>/python/aisimulate/src/aiconfigurator_core/systems/data/rtx_pro_6000_server/sglang/0.5.9/gemm_perf.parquet)","python python/aisimulate/tools/support_matrix/generate_fpe_support_matrix.py --model ""google/gemma-4-26B-A4B"" --system ""rtx_pro_6000_server"" --backend ""sglang"" --backend-version ""0.5.9"" --forward-model op_level --max-workers 8",,540,135,"PERF_DATA_MISSING=220, SDK_UNREPRESENTABLE=320",,26dae1f99b2b50fb17118f38d8a8e95dfac3357c
google/gemma-4-26B-A4B,Gemma4ForConditionalGeneration,rtx_pro_6000_server,trtllm,1.3.0rc10,FAIL,"Strict-native op-level FPE probes: PERF_DATA_MISSING=116; raw probes=116; topologies=29; source_sha=26dae1f99b2b50fb17118f38d8a8e95dfac3357c. Representative failure: perf database error: MoE data missing for MoeKey { quant: ""bfloat16"", distribution: ""power_law_1.01"", topk: 8, num_experts: 128, hidden_size: 2816, inter_size: 704, moe_tp_size: 1, moe_ep_size: 1 } at <repo>/python/aisimulate/src/aiconfigurator_core/systems/data/rtx_pro_6000_server/trtllm/1.3.0rc10","python python/aisimulate/tools/support_matrix/generate_fpe_support_matrix.py --model ""google/gemma-4-26B-A4B"" --system ""rtx_pro_6000_server"" --backend ""trtllm"" --backend-version ""1.3.0rc10"" --forward-model op_level --max-workers 8",,116,29,PERF_DATA_MISSING=116,,26dae1f99b2b50fb17118f38d8a8e95dfac3357c
google/gemma-4-26B-A4B,Gemma4ForConditionalGeneration,rtx_pro_6000_server,trtllm,1.3.0rc15,FAIL,"Strict-native op-level FPE probes: PERF_DATA_MISSING=116; raw probes=116; topologies=29; source_sha=26dae1f99b2b50fb17118f38d8a8e95dfac3357c. Representative failure: perf database error: MoE data missing for MoeKey { quant: ""bfloat16"", distribution: ""power_law_1.01"", topk: 8, num_experts: 128, hidden_size: 2816, inter_size: 704, moe_tp_size: 1, moe_ep_size: 1 } at <repo>/python/aisimulate/src/aiconfigurator_core/systems/data/rtx_pro_6000_server/trtllm/1.3.0rc15","python python/aisimulate/tools/support_matrix/generate_fpe_support_matrix.py --model ""google/gemma-4-26B-A4B"" --system ""rtx_pro_6000_server"" --backend ""trtllm"" --backend-version ""1.3.0rc15"" --forward-model op_level --max-workers 8",,116,29,PERF_DATA_MISSING=116,,26dae1f99b2b50fb17118f38d8a8e95dfac3357c
google/gemma-4-26B-A4B,Gemma4ForConditionalGeneration,rtx_pro_6000_server,trtllm,1.3.0rc20,FAIL,"Strict-native op-level FPE probes: PERF_DATA_MISSING=116; raw probes=116; topologies=29; source_sha=26dae1f99b2b50fb17118f38d8a8e95dfac3357c. Representative failure: perf database error: MoE data missing for MoeKey { quant: ""bfloat16"", distribution: ""power_law_1.01"", topk: 8, num_experts: 128, hidden_size: 2816, inter_size: 704, moe_tp_size: 16, moe_ep_size: 1 } at <repo>/python/aisimulate/src/aiconfigurator_core/systems/data/rtx_pro_6000_server/trtllm/1.3.0rc20","python python/aisimulate/tools/support_matrix/generate_fpe_support_matrix.py --model ""google/gemma-4-26B-A4B"" --system ""rtx_pro_6000_server"" --backend ""trtllm"" --backend-version ""1.3.0rc20"" --forward-model op_level --max-workers 8",,116,29,PERF_DATA_MISSING=116,,26dae1f99b2b50fb17118f38d8a8e95dfac3357c
google/gemma-4-26B-A4B,Gemma4ForConditionalGeneration,rtx_pro_6000_server,trtllm,1.3.0rc23,FAIL,"Strict-native op-level FPE probes: PERF_DATA_MISSING=116; raw probes=116; topologies=29; source_sha=26dae1f99b2b50fb17118f38d8a8e95dfac3357c. Representative failure: perf database error: MoE data missing for MoeKey { quant: ""bfloat16"", distribution: ""power_law_1.01"", topk: 8, num_experts: 128, hidden_size: 2816, inter_size: 704, moe_tp_size: 16, moe_ep_size: 1 } at <repo>/python/aisimulate/src/aiconfigurator_core/systems/data/rtx_pro_6000_server/trtllm/1.3.0rc23","python python/aisimulate/tools/support_matrix/generate_fpe_support_matrix.py --model ""google/gemma-4-26B-A4B"" --system ""rtx_pro_6000_server"" --backend ""trtllm"" --backend-version ""1.3.0rc23"" --forward-model op_level --max-workers 8",,116,29,PERF_DATA_MISSING=116,,26dae1f99b2b50fb17118f38d8a8e95dfac3357c
google/gemma-4-26B-A4B,Gemma4ForConditionalGeneration,rtx_pro_6000_server,vllm,0.1.dev19262,FAIL,Strict-native op-level FPE probes: PERF_DATA_MISSING=116; raw probes=116; topologies=29; source_sha=26dae1f99b2b50fb17118f38d8a8e95dfac3357c. Representative failure: perf database error: perf database error: no GEMM rows loaded from 1 source(s) (first: <repo>/python/aisimulate/src/aiconfigurator_core/systems/data/rtx_pro_6000_server/vllm/0.1.dev19262/gemm_perf.parquet),"python python/aisimulate/tools/support_matrix/generate_fpe_support_matrix.py --model ""google/gemma-4-26B-A4B"" --system ""rtx_pro_6000_server"" --backend ""vllm"" --backend-version ""0.1.dev19262"" --forward-model op_level --max-workers 8",,116,29,PERF_DATA_MISSING=116,,26dae1f99b2b50fb17118f38d8a8e95dfac3357c
google/gemma-4-26B-A4B,Gemma4ForConditionalGeneration,rtx_pro_6000_server,vllm,0.14.0,FAIL,Strict-native op-level FPE probes: PERF_DATA_MISSING=116; raw probes=116; topologies=29; source_sha=26dae1f99b2b50fb17118f38d8a8e95dfac3357c. Representative failure: perf database error: perf database error: no GEMM rows loaded from 1 source(s) (first: <repo>/python/aisimulate/src/aiconfigurator_core/systems/data/rtx_pro_6000_server/vllm/0.14.0/gemm_perf.parquet),"python python/aisimulate/tools/support_matrix/generate_fpe_support_matrix.py --model ""google/gemma-4-26B-A4B"" --system ""rtx_pro_6000_server"" --backend ""vllm"" --backend-version ""0.14.0"" --forward-model op_level --max-workers 8",,116,29,PERF_DATA_MISSING=116,,26dae1f99b2b50fb17118f38d8a8e95dfac3357c
google/gemma-4-26B-A4B,Gemma4ForConditionalGeneration,rtx_pro_6000_server,vllm,0.19.0,FAIL,"Strict-native op-level FPE probes: PERF_DATA_MISSING=116; raw probes=116; topologies=29; source_sha=26dae1f99b2b50fb17118f38d8a8e95dfac3357c. Representative failure: perf database error: MoE data missing for MoeKey { quant: ""bfloat16"", distribution: ""power_law_1.01"", topk: 8, num_experts: 128, hidden_size: 2816, inter_size: 704, moe_tp_size: 1, moe_ep_size: 1 } at <repo>/python/aisimulate/src/aiconfigurator_core/systems/data/rtx_pro_6000_server/vllm/0.19.0","python python/aisimulate/tools/support_matrix/generate_fpe_support_matrix.py --model ""google/gemma-4-26B-A4B"" --system ""rtx_pro_6000_server"" --backend ""vllm"" --backend-version ""0.19.0"" --forward-model op_level --max-workers 8",,116,29,PERF_DATA_MISSING=116,,26dae1f99b2b50fb17118f38d8a8e95dfac3357c
google/gemma-4-26B-A4B,Gemma4ForConditionalGeneration,rtx_pro_6000_server,vllm,0.22.0,FAIL,"Strict-native op-level FPE probes: PERF_DATA_MISSING=116; raw probes=116; topologies=29; source_sha=26dae1f99b2b50fb17118f38d8a8e95dfac3357c. Representative failure: perf database error: MoE data missing for MoeKey { quant: ""bfloat16"", distribution: ""power_law_1.01"", topk: 8, num_experts: 128, hidden_size: 2816, inter_size: 704, moe_tp_size: 16, moe_ep_size: 1 } at <repo>/python/aisimulate/src/aiconfigurator_core/systems/data/rtx_pro_6000_server/vllm/0.22.0","python python/aisimulate/tools/support_matrix/generate_fpe_support_matrix.py --model ""google/gemma-4-26B-A4B"" --system ""rtx_pro_6000_server"" --backend ""vllm"" --backend-version ""0.22.0"" --forward-model op_level --max-workers 8",,116,29,PERF_DATA_MISSING=116,,26dae1f99b2b50fb17118f38d8a8e95dfac3357c
google/gemma-4-26B-A4B,Gemma4ForConditionalGeneration,rtx_pro_6000_server,vllm,0.24.0,FAIL,"Strict-native op-level FPE probes: PERF_DATA_MISSING=116; raw probes=116; topologies=29; source_sha=26dae1f99b2b50fb17118f38d8a8e95dfac3357c. Representative failure: perf database error: MoE data missing for MoeKey { quant: ""bfloat16"", distribution: ""power_law_1.01"", topk: 8, num_experts: 128, hidden_size: 2816, inter_size: 704, moe_tp_size: 16, moe_ep_size: 1 } at <repo>/python/aisimulate/src/aiconfigurator_core/systems/data/rtx_pro_6000_server/vllm/0.24.0","python python/aisimulate/tools/support_matrix/generate_fpe_support_matrix.py --model ""google/gemma-4-26B-A4B"" --system ""rtx_pro_6000_server"" --backend ""vllm"" --backend-version ""0.24.0"" --forward-model op_level --max-workers 8",,116,29,PERF_DATA_MISSING=116,,26dae1f99b2b50fb17118f38d8a8e95dfac3357c
meta-llama/Llama-4-Maverick-17B-128E-Instruct,Llama4ForConditionalGeneration,rtx_pro_6000_server,sglang,0.5.10,FAIL,"Strict-native op-level FPE probes: BUILD_FAILED=20, PERF_DATA_MISSING=200, SDK_UNREPRESENTABLE=320; raw probes=540; topologies=135; source_sha=26dae1f99b2b50fb17118f38d8a8e95dfac3357c. Representative failure: num_heads 40 should be divisible by tp_size 16","python python/aisimulate/tools/support_matrix/generate_fpe_support_matrix.py --model ""meta-llama/Llama-4-Maverick-17B-128E-Instruct"" --system ""rtx_pro_6000_server"" --backend ""sglang"" --backend-version ""0.5.10"" --forward-model op_level --max-workers 8",,540,135,"BUILD_FAILED=20, PERF_DATA_MISSING=200, SDK_UNREPRESENTABLE=320",,26dae1f99b2b50fb17118f38d8a8e95dfac3357c
meta-llama/Llama-4-Maverick-17B-128E-Instruct,Llama4ForConditionalGeneration,rtx_pro_6000_server,sglang,0.5.10rc0,FAIL,"Strict-native op-level FPE probes: BUILD_FAILED=20, PERF_DATA_MISSING=200, SDK_UNREPRESENTABLE=320; raw probes=540; topologies=135; source_sha=26dae1f99b2b50fb17118f38d8a8e95dfac3357c. Representative failure: num_heads 40 should be divisible by tp_size 16","python python/aisimulate/tools/support_matrix/generate_fpe_support_matrix.py --model ""meta-llama/Llama-4-Maverick-17B-128E-Instruct"" --system ""rtx_pro_6000_server"" --backend ""sglang"" --backend-version ""0.5.10rc0"" --forward-model op_level --max-workers 8",,540,135,"BUILD_FAILED=20, PERF_DATA_MISSING=200, SDK_UNREPRESENTABLE=320",,26dae1f99b2b50fb17118f38d8a8e95dfac3357c
meta-llama/Llama-4-Maverick-17B-128E-Instruct,Llama4ForConditionalGeneration,rtx_pro_6000_server,sglang,0.5.12,PASS,,"python python/aisimulate/tools/support_matrix/generate_fpe_support_matrix.py --model ""meta-llama/Llama-4-Maverick-17B-128E-Instruct"" --system ""rtx_pro_6000_server"" --backend ""sglang"" --backend-version ""0.5.12"" --forward-model op_level --max-workers 8",silicon,540,135,"BUILD_FAILED=20, PASS=172, PERF_DATA_MISSING=28, SDK_UNREPRESENTABLE=320","decode_end=12054.152094, decode_start=47.265696, mixed=333.492407, prefill=286.385482",26dae1f99b2b50fb17118f38d8a8e95dfac3357c
meta-llama/Llama-4-Maverick-17B-128E-Instruct,Llama4ForConditionalGeneration,rtx_pro_6000_server,sglang,0.5.14,PASS,,"python python/aisimulate/tools/support_matrix/generate_fpe_support_matrix.py --model ""meta-llama/Llama-4-Maverick-17B-128E-Instruct"" --system ""rtx_pro_6000_server"" --backend ""sglang"" --backend-version ""0.5.14"" --forward-model op_level --max-workers 8",silicon,540,135,"BUILD_FAILED=20, PASS=200, SDK_UNREPRESENTABLE=320","decode_end=12054.152094, decode_start=47.265696, mixed=333.492407, prefill=286.385482",26dae1f99b2b50fb17118f38d8a8e95dfac3357c
meta-llama/Llama-4-Maverick-17B-128E-Instruct,Llama4ForConditionalGeneration,rtx_pro_6000_server,sglang,0.5.16,PASS,,"python python/aisimulate/tools/support_matrix/generate_fpe_support_matrix.py --model ""meta-llama/Llama-4-Maverick-17B-128E-Instruct"" --system ""rtx_pro_6000_server"" --backend ""sglang"" --backend-version ""0.5.16"" --forward-model op_level --max-workers 8",silicon,540,135,"BUILD_FAILED=20, PASS=200, SDK_UNREPRESENTABLE=320","decode_end=12054.152094, decode_start=47.265696, mixed=333.492407, prefill=286.385482",26dae1f99b2b50fb17118f38d8a8e95dfac3357c
meta-llama/Llama-4-Maverick-17B-128E-Instruct,Llama4ForConditionalGeneration,rtx_pro_6000_server,sglang,0.5.9,FAIL,"Strict-native op-level FPE probes: BUILD_FAILED=20, PERF_DATA_MISSING=200, SDK_UNREPRESENTABLE=320; raw probes=540; topologies=135; source_sha=26dae1f99b2b50fb17118f38d8a8e95dfac3357c. Representative failure: num_heads 40 should be divisible by tp_size 16","python python/aisimulate/tools/support_matrix/generate_fpe_support_matrix.py --model ""meta-llama/Llama-4-Maverick-17B-128E-Instruct"" --system ""rtx_pro_6000_server"" --backend ""sglang"" --backend-version ""0.5.9"" --forward-model op_level --max-workers 8",,540,135,"BUILD_FAILED=20, PERF_DATA_MISSING=200, SDK_UNREPRESENTABLE=320",,26dae1f99b2b50fb17118f38d8a8e95dfac3357c
meta-llama/Llama-4-Maverick-17B-128E-Instruct,Llama4ForConditionalGeneration,rtx_pro_6000_server,trtllm,1.3.0rc10,FAIL,"Strict-native op-level FPE probes: BUILD_FAILED=20, PERF_DATA_MISSING=96; raw probes=116; topologies=29; source_sha=26dae1f99b2b50fb17118f38d8a8e95dfac3357c. Representative failure: num_heads 40 should be divisible by tp_size 16","python python/aisimulate/tools/support_matrix/generate_fpe_support_matrix.py --model ""meta-llama/Llama-4-Maverick-17B-128E-Instruct"" --system ""rtx_pro_6000_server"" --backend ""trtllm"" --backend-version ""1.3.0rc10"" --forward-model op_level --max-workers 8",,116,29,"BUILD_FAILED=20, PERF_DATA_MISSING=96",,26dae1f99b2b50fb17118f38d8a8e95dfac3357c
meta-llama/Llama-4-Maverick-17B-128E-Instruct,Llama4ForConditionalGeneration,rtx_pro_6000_server,trtllm,1.3.0rc15,FAIL,"Strict-native op-level FPE probes: BUILD_FAILED=20, PERF_DATA_MISSING=96; raw probes=116; topologies=29; source_sha=26dae1f99b2b50fb17118f38d8a8e95dfac3357c. Representative failure: num_heads 40 should be divisible by tp_size 16","python python/aisimulate/tools/support_matrix/generate_fpe_support_matrix.py --model ""meta-llama/Llama-4-Maverick-17B-128E-Instruct"" --system ""rtx_pro_6000_server"" --backend ""trtllm"" --backend-version ""1.3.0rc15"" --forward-model op_level --max-workers 8",,116,29,"BUILD_FAILED=20, PERF_DATA_MISSING=96",,26dae1f99b2b50fb17118f38d8a8e95dfac3357c
meta-llama/Llama-4-Maverick-17B-128E-Instruct,Llama4ForConditionalGeneration,rtx_pro_6000_server,trtllm,1.3.0rc20,PASS,,"python python/aisimulate/tools/support_matrix/generate_fpe_support_matrix.py --model ""meta-llama/Llama-4-Maverick-17B-128E-Instruct"" --system ""rtx_pro_6000_server"" --backend ""trtllm"" --backend-version ""1.3.0rc20"" --forward-model op_level --max-workers 8",silicon,116,29,"BUILD_FAILED=20, PASS=96","decode_end=12122.741080, decode_start=47.496490, mixed=279.565251, prefill=268.801099",26dae1f99b2b50fb17118f38d8a8e95dfac3357c
meta-llama/Llama-4-Maverick-17B-128E-Instruct,Llama4ForConditionalGeneration,rtx_pro_6000_server,trtllm,1.3.0rc23,PASS,,"python python/aisimulate/tools/support_matrix/generate_fpe_support_matrix.py --model ""meta-llama/Llama-4-Maverick-17B-128E-Instruct"" --system ""rtx_pro_6000_server"" --backend ""trtllm"" --backend-version ""1.3.0rc23"" --forward-model op_level --max-workers 8",silicon,116,29,"BUILD_FAILED=20, PASS=96","decode_end=12122.741080, decode_start=47.496490, mixed=279.565251, prefill=268.801099",26dae1f99b2b50fb17118f38d8a8e95dfac3357c
meta-llama/Llama-4-Maverick-17B-128E-Instruct,Llama4ForConditionalGeneration,rtx_pro_6000_server,vllm,0.1.dev19262,FAIL,"Strict-native op-level FPE probes: BUILD_FAILED=8, PERF_DATA_MISSING=108; raw probes=116; topologies=29; source_sha=26dae1f99b2b50fb17118f38d8a8e95dfac3357c. Representative failure: num_heads 40 should be divisible by tp_size 16","python python/aisimulate/tools/support_matrix/generate_fpe_support_matrix.py --model ""meta-llama/Llama-4-Maverick-17B-128E-Instruct"" --system ""rtx_pro_6000_server"" --backend ""vllm"" --backend-version ""0.1.dev19262"" --forward-model op_level --max-workers 8",,116,29,"BUILD_FAILED=8, PERF_DATA_MISSING=108",,26dae1f99b2b50fb17118f38d8a8e95dfac3357c
meta-llama/Llama-4-Maverick-17B-128E-Instruct,Llama4ForConditionalGeneration,rtx_pro_6000_server,vllm,0.14.0,FAIL,"Strict-native op-level FPE probes: BUILD_FAILED=8, PERF_DATA_MISSING=108; raw probes=116; topologies=29; source_sha=26dae1f99b2b50fb17118f38d8a8e95dfac3357c. Representative failure: num_heads 40 should be divisible by tp_size 16","python python/aisimulate/tools/support_matrix/generate_fpe_support_matrix.py --model ""meta-llama/Llama-4-Maverick-17B-128E-Instruct"" --system ""rtx_pro_6000_server"" --backend ""vllm"" --backend-version ""0.14.0"" --forward-model op_level --max-workers 8",,116,29,"BUILD_FAILED=8, PERF_DATA_MISSING=108",,26dae1f99b2b50fb17118f38d8a8e95dfac3357c
meta-llama/Llama-4-Maverick-17B-128E-Instruct,Llama4ForConditionalGeneration,rtx_pro_6000_server,vllm,0.19.0,FAIL,"Strict-native op-level FPE probes: BUILD_FAILED=8, PERF_DATA_MISSING=108; raw probes=116; topologies=29; source_sha=26dae1f99b2b50fb17118f38d8a8e95dfac3357c. Representative failure: num_heads 40 should be divisible by tp_size 16","python python/aisimulate/tools/support_matrix/generate_fpe_support_matrix.py --model ""meta-llama/Llama-4-Maverick-17B-128E-Instruct"" --system ""rtx_pro_6000_server"" --backend ""vllm"" --backend-version ""0.19.0"" --forward-model op_level --max-workers 8",,116,29,"BUILD_FAILED=8, PERF_DATA_MISSING=108",,26dae1f99b2b50fb17118f38d8a8e95dfac3357c
meta-llama/Llama-4-Maverick-17B-128E-Instruct,Llama4ForConditionalGeneration,rtx_pro_6000_server,vllm,0.22.0,PASS,,"python python/aisimulate/tools/support_matrix/generate_fpe_support_matrix.py --model ""meta-llama/Llama-4-Maverick-17B-128E-Instruct"" --system ""rtx_pro_6000_server"" --backend ""vllm"" --backend-version ""0.22.0"" --forward-model op_level --max-workers 8",silicon,116,29,"BUILD_FAILED=8, PASS=44, PERF_DATA_MISSING=64","decode_end=12326.400437, decode_start=48.187533, mixed=291.058053, prefill=279.563022",26dae1f99b2b50fb17118f38d8a8e95dfac3357c
meta-llama/Llama-4-Maverick-17B-128E-Instruct,Llama4ForConditionalGeneration,rtx_pro_6000_server,vllm,0.24.0,PASS,,"python python/aisimulate/tools/support_matrix/generate_fpe_support_matrix.py --model ""meta-llama/Llama-4-Maverick-17B-128E-Instruct"" --system ""rtx_pro_6000_server"" --backend ""vllm"" --backend-version ""0.24.0"" --forward-model op_level --max-workers 8",silicon,116,29,"BUILD_FAILED=8, PASS=108","decode_end=12326.400437, decode_start=48.187533, mixed=291.058053, prefill=279.563022",26dae1f99b2b50fb17118f38d8a8e95dfac3357c
meta-llama/Llama-4-Scout-17B-16E-Instruct,Llama4ForConditionalGeneration,rtx_pro_6000_server,sglang,0.5.10,FAIL,"Strict-native op-level FPE probes: BUILD_FAILED=20, PERF_DATA_MISSING=200, SDK_UNREPRESENTABLE=320; raw probes=540; topologies=135; source_sha=26dae1f99b2b50fb17118f38d8a8e95dfac3357c. Representative failure: num_heads 40 should be divisible by tp_size 16","python python/aisimulate/tools/support_matrix/generate_fpe_support_matrix.py --model ""meta-llama/Llama-4-Scout-17B-16E-Instruct"" --system ""rtx_pro_6000_server"" --backend ""sglang"" --backend-version ""0.5.10"" --forward-model op_level --max-workers 8",,540,135,"BUILD_FAILED=20, PERF_DATA_MISSING=200, SDK_UNREPRESENTABLE=320",,26dae1f99b2b50fb17118f38d8a8e95dfac3357c
meta-llama/Llama-4-Scout-17B-16E-Instruct,Llama4ForConditionalGeneration,rtx_pro_6000_server,sglang,0.5.10rc0,FAIL,"Strict-native op-level FPE probes: BUILD_FAILED=20, PERF_DATA_MISSING=200, SDK_UNREPRESENTABLE=320; raw probes=540; topologies=135; source_sha=26dae1f99b2b50fb17118f38d8a8e95dfac3357c. Representative failure: num_heads 40 should be divisible by tp_size 16","python python/aisimulate/tools/support_matrix/generate_fpe_support_matrix.py --model ""meta-llama/Llama-4-Scout-17B-16E-Instruct"" --system ""rtx_pro_6000_server"" --backend ""sglang"" --backend-version ""0.5.10rc0"" --forward-model op_level --max-workers 8",,540,135,"BUILD_FAILED=20, PERF_DATA_MISSING=200, SDK_UNREPRESENTABLE=320",,26dae1f99b2b50fb17118f38d8a8e95dfac3357c
meta-llama/Llama-4-Scout-17B-16E-Instruct,Llama4ForConditionalGeneration,rtx_pro_6000_server,sglang,0.5.12,PASS,,"python python/aisimulate/tools/support_matrix/generate_fpe_support_matrix.py --model ""meta-llama/Llama-4-Scout-17B-16E-Instruct"" --system ""rtx_pro_6000_server"" --backend ""sglang"" --backend-version ""0.5.12"" --forward-model op_level --max-workers 8",silicon,540,135,"BUILD_FAILED=20, PASS=172, PERF_DATA_MISSING=28, SDK_UNREPRESENTABLE=320","decode_end=14211.947090, decode_start=55.727637, mixed=199.477377, prefill=197.071650",26dae1f99b2b50fb17118f38d8a8e95dfac3357c
meta-llama/Llama-4-Scout-17B-16E-Instruct,Llama4ForConditionalGeneration,rtx_pro_6000_server,sglang,0.5.14,PASS,,"python python/aisimulate/tools/support_matrix/generate_fpe_support_matrix.py --model ""meta-llama/Llama-4-Scout-17B-16E-Instruct"" --system ""rtx_pro_6000_server"" --backend ""sglang"" --backend-version ""0.5.14"" --forward-model op_level --max-workers 8",silicon,540,135,"BUILD_FAILED=20, PASS=200, SDK_UNREPRESENTABLE=320","decode_end=14211.947090, decode_start=55.727637, mixed=199.477377, prefill=197.071650",26dae1f99b2b50fb17118f38d8a8e95dfac3357c
meta-llama/Llama-4-Scout-17B-16E-Instruct,Llama4ForConditionalGeneration,rtx_pro_6000_server,sglang,0.5.16,PASS,,"python python/aisimulate/tools/support_matrix/generate_fpe_support_matrix.py --model ""meta-llama/Llama-4-Scout-17B-16E-Instruct"" --system ""rtx_pro_6000_server"" --backend ""sglang"" --backend-version ""0.5.16"" --forward-model op_level --max-workers 8",silicon,540,135,"BUILD_FAILED=20, PASS=200, SDK_UNREPRESENTABLE=320","decode_end=14211.947090, decode_start=55.727637, mixed=199.477377, prefill=197.071650",26dae1f99b2b50fb17118f38d8a8e95dfac3357c
meta-llama/Llama-4-Scout-17B-16E-Instruct,Llama4ForConditionalGeneration,rtx_pro_6000_server,sglang,0.5.9,FAIL,"Strict-native op-level FPE probes: BUILD_FAILED=20, PERF_DATA_MISSING=200, SDK_UNREPRESENTABLE=320; raw probes=540; topologies=135; source_sha=26dae1f99b2b50fb17118f38d8a8e95dfac3357c. Representative failure: num_heads 40 should be divisible by tp_size 16","python python/aisimulate/tools/support_matrix/generate_fpe_support_matrix.py --model ""meta-llama/Llama-4-Scout-17B-16E-Instruct"" --system ""rtx_pro_6000_server"" --backend ""sglang"" --backend-version ""0.5.9"" --forward-model op_level --max-workers 8",,540,135,"BUILD_FAILED=20, PERF_DATA_MISSING=200, SDK_UNREPRESENTABLE=320",,26dae1f99b2b50fb17118f38d8a8e95dfac3357c
meta-llama/Llama-4-Scout-17B-16E-Instruct,Llama4ForConditionalGeneration,rtx_pro_6000_server,trtllm,1.3.0rc10,FAIL,"Strict-native op-level FPE probes: BUILD_FAILED=20, PERF_DATA_MISSING=96; raw probes=116; topologies=29; source_sha=26dae1f99b2b50fb17118f38d8a8e95dfac3357c. Representative failure: num_heads 40 should be divisible by tp_size 16","python python/aisimulate/tools/support_matrix/generate_fpe_support_matrix.py --model ""meta-llama/Llama-4-Scout-17B-16E-Instruct"" --system ""rtx_pro_6000_server"" --backend ""trtllm"" --backend-version ""1.3.0rc10"" --forward-model op_level --max-workers 8",,116,29,"BUILD_FAILED=20, PERF_DATA_MISSING=96",,26dae1f99b2b50fb17118f38d8a8e95dfac3357c
meta-llama/Llama-4-Scout-17B-16E-Instruct,Llama4ForConditionalGeneration,rtx_pro_6000_server,trtllm,1.3.0rc15,FAIL,"Strict-native op-level FPE probes: BUILD_FAILED=20, PERF_DATA_MISSING=96; raw probes=116; topologies=29; source_sha=26dae1f99b2b50fb17118f38d8a8e95dfac3357c. Representative failure: num_heads 40 should be divisible by tp_size 16","python python/aisimulate/tools/support_matrix/generate_fpe_support_matrix.py --model ""meta-llama/Llama-4-Scout-17B-16E-Instruct"" --system ""rtx_pro_6000_server"" --backend ""trtllm"" --backend-version ""1.3.0rc15"" --forward-model op_level --max-workers 8",,116,29,"BUILD_FAILED=20, PERF_DATA_MISSING=96",,26dae1f99b2b50fb17118f38d8a8e95dfac3357c
meta-llama/Llama-4-Scout-17B-16E-Instruct,Llama4ForConditionalGeneration,rtx_pro_6000_server,trtllm,1.3.0rc20,PASS,,"python python/aisimulate/tools/support_matrix/generate_fpe_support_matrix.py --model ""meta-llama/Llama-4-Scout-17B-16E-Instruct"" --system ""rtx_pro_6000_server"" --backend ""trtllm"" --backend-version ""1.3.0rc20"" --forward-model op_level --max-workers 8",silicon,116,29,"BUILD_FAILED=20, PASS=96","decode_end=14098.828156, decode_start=55.245851, mixed=135.703015, prefill=135.216771",26dae1f99b2b50fb17118f38d8a8e95dfac3357c
meta-llama/Llama-4-Scout-17B-16E-Instruct,Llama4ForConditionalGeneration,rtx_pro_6000_server,trtllm,1.3.0rc23,PASS,,"python python/aisimulate/tools/support_matrix/generate_fpe_support_matrix.py --model ""meta-llama/Llama-4-Scout-17B-16E-Instruct"" --system ""rtx_pro_6000_server"" --backend ""trtllm"" --backend-version ""1.3.0rc23"" --forward-model op_level --max-workers 8",silicon,116,29,"BUILD_FAILED=20, PASS=96","decode_end=14098.828156, decode_start=55.245851, mixed=135.703015, prefill=135.216771",26dae1f99b2b50fb17118f38d8a8e95dfac3357c
meta-llama/Llama-4-Scout-17B-16E-Instruct,Llama4ForConditionalGeneration,rtx_pro_6000_server,vllm,0.1.dev19262,FAIL,"Strict-native op-level FPE probes: BUILD_FAILED=8, PERF_DATA_MISSING=108; raw probes=116; topologies=29; source_sha=26dae1f99b2b50fb17118f38d8a8e95dfac3357c. Representative failure: num_heads 40 should be divisible by tp_size 16","python python/aisimulate/tools/support_matrix/generate_fpe_support_matrix.py --model ""meta-llama/Llama-4-Scout-17B-16E-Instruct"" --system ""rtx_pro_6000_server"" --backend ""vllm"" --backend-version ""0.1.dev19262"" --forward-model op_level --max-workers 8",,116,29,"BUILD_FAILED=8, PERF_DATA_MISSING=108",,26dae1f99b2b50fb17118f38d8a8e95dfac3357c
meta-llama/Llama-4-Scout-17B-16E-Instruct,Llama4ForConditionalGeneration,rtx_pro_6000_server,vllm,0.14.0,FAIL,"Strict-native op-level FPE probes: BUILD_FAILED=8, PERF_DATA_MISSING=108; raw probes=116; topologies=29; source_sha=26dae1f99b2b50fb17118f38d8a8e95dfac3357c. Representative failure: num_heads 40 should be divisible by tp_size 16","python python/aisimulate/tools/support_matrix/generate_fpe_support_matrix.py --model ""meta-llama/Llama-4-Scout-17B-16E-Instruct"" --system ""rtx_pro_6000_server"" --backend ""vllm"" --backend-version ""0.14.0"" --forward-model op_level --max-workers 8",,116,29,"BUILD_FAILED=8, PERF_DATA_MISSING=108",,26dae1f99b2b50fb17118f38d8a8e95dfac3357c
meta-llama/Llama-4-Scout-17B-16E-Instruct,Llama4ForConditionalGeneration,rtx_pro_6000_server,vllm,0.19.0,FAIL,"Strict-native op-level FPE probes: BUILD_FAILED=8, PERF_DATA_MISSING=108; raw probes=116; topologies=29; source_sha=26dae1f99b2b50fb17118f38d8a8e95dfac3357c. Representative failure: num_heads 40 should be divisible by tp_size 16","python python/aisimulate/tools/support_matrix/generate_fpe_support_matrix.py --model ""meta-llama/Llama-4-Scout-17B-16E-Instruct"" --system ""rtx_pro_6000_server"" --backend ""vllm"" --backend-version ""0.19.0"" --forward-model op_level --max-workers 8",,116,29,"BUILD_FAILED=8, PERF_DATA_MISSING=108",,26dae1f99b2b50fb17118f38d8a8e95dfac3357c
meta-llama/Llama-4-Scout-17B-16E-Instruct,Llama4ForConditionalGeneration,rtx_pro_6000_server,vllm,0.22.0,PASS,,"python python/aisimulate/tools/support_matrix/generate_fpe_support_matrix.py --model ""meta-llama/Llama-4-Scout-17B-16E-Instruct"" --system ""rtx_pro_6000_server"" --backend ""vllm"" --backend-version ""0.22.0"" --forward-model op_level --max-workers 8",silicon,116,29,"BUILD_FAILED=8, PASS=44, PERF_DATA_MISSING=64","decode_end=13692.083849, decode_start=53.543154, mixed=138.244814, prefill=136.692351",26dae1f99b2b50fb17118f38d8a8e95dfac3357c
meta-llama/Llama-4-Scout-17B-16E-Instruct,Llama4ForConditionalGeneration,rtx_pro_6000_server,vllm,0.24.0,PASS,,"python python/aisimulate/tools/support_matrix/generate_fpe_support_matrix.py --model ""meta-llama/Llama-4-Scout-17B-16E-Instruct"" --system ""rtx_pro_6000_server"" --backend ""vllm"" --backend-version ""0.24.0"" --forward-model op_level --max-workers 8",silicon,116,29,"BUILD_FAILED=8, PASS=108","decode_end=13692.083849, decode_start=53.543154, mixed=138.244814, prefill=136.692351",26dae1f99b2b50fb17118f38d8a8e95dfac3357c
meta-llama/Meta-Llama-3.1-405B,LlamaForCausalLM,rtx_pro_6000_server,sglang,0.5.10,PASS,,"python python/aisimulate/tools/support_matrix/generate_fpe_support_matrix.py --model ""meta-llama/Meta-Llama-3.1-405B"" --system ""rtx_pro_6000_server"" --backend ""sglang"" --backend-version ""0.5.10"" --forward-model op_level --max-workers 8",silicon,40,10,"PASS=8, PERF_DATA_MISSING=8, SDK_UNREPRESENTABLE=24","decode_end=138621.993158, decode_start=543.496012, mixed=659.248096, prefill=638.228214",26dae1f99b2b50fb17118f38d8a8e95dfac3357c
meta-llama/Meta-Llama-3.1-405B,LlamaForCausalLM,rtx_pro_6000_server,sglang,0.5.10rc0,FAIL,"Strict-native op-level FPE probes: PERF_DATA_MISSING=16, SDK_UNREPRESENTABLE=24; raw probes=40; topologies=10; source_sha=26dae1f99b2b50fb17118f38d8a8e95dfac3357c. Representative failure: perf database error: perf database error: no GEMM rows loaded from 1 source(s) (first: <repo>/python/aisimulate/src/aiconfigurator_core/systems/data/rtx_pro_6000_server/sglang/0.5.10rc0/gemm_perf.parquet)","python python/aisimulate/tools/support_matrix/generate_fpe_support_matrix.py --model ""meta-llama/Meta-Llama-3.1-405B"" --system ""rtx_pro_6000_server"" --backend ""sglang"" --backend-version ""0.5.10rc0"" --forward-model op_level --max-workers 8",,40,10,"PERF_DATA_MISSING=16, SDK_UNREPRESENTABLE=24",,26dae1f99b2b50fb17118f38d8a8e95dfac3357c
meta-llama/Meta-Llama-3.1-405B,LlamaForCausalLM,rtx_pro_6000_server,sglang,0.5.12,PASS,,"python python/aisimulate/tools/support_matrix/generate_fpe_support_matrix.py --model ""meta-llama/Meta-Llama-3.1-405B"" --system ""rtx_pro_6000_server"" --backend ""sglang"" --backend-version ""0.5.12"" --forward-model op_level --max-workers 8",silicon,40,10,"PASS=8, PERF_DATA_MISSING=8, SDK_UNREPRESENTABLE=24","decode_end=137842.285822, decode_start=540.332706, mixed=616.194206, prefill=579.992731",26dae1f99b2b50fb17118f38d8a8e95dfac3357c
meta-llama/Meta-Llama-3.1-405B,LlamaForCausalLM,rtx_pro_6000_server,sglang,0.5.14,PASS,,"python python/aisimulate/tools/support_matrix/generate_fpe_support_matrix.py --model ""meta-llama/Meta-Llama-3.1-405B"" --system ""rtx_pro_6000_server"" --backend ""sglang"" --backend-version ""0.5.14"" --forward-model op_level --max-workers 8",silicon,40,10,"PASS=16, SDK_UNREPRESENTABLE=24","decode_end=137842.285822, decode_start=540.332706, mixed=616.194206, prefill=579.992731",26dae1f99b2b50fb17118f38d8a8e95dfac3357c
meta-llama/Meta-Llama-3.1-405B,LlamaForCausalLM,rtx_pro_6000_server,sglang,0.5.16,PASS,,"python python/aisimulate/tools/support_matrix/generate_fpe_support_matrix.py --model ""meta-llama/Meta-Llama-3.1-405B"" --system ""rtx_pro_6000_server"" --backend ""sglang"" --backend-version ""0.5.16"" --forward-model op_level --max-workers 8",silicon,40,10,"PASS=16, SDK_UNREPRESENTABLE=24","decode_end=137842.285822, decode_start=540.332706, mixed=616.194206, prefill=579.992731",26dae1f99b2b50fb17118f38d8a8e95dfac3357c
meta-llama/Meta-Llama-3.1-405B,LlamaForCausalLM,rtx_pro_6000_server,sglang,0.5.9,FAIL,"Strict-native op-level FPE probes: PERF_DATA_MISSING=16, SDK_UNREPRESENTABLE=24; raw probes=40; topologies=10; source_sha=26dae1f99b2b50fb17118f38d8a8e95dfac3357c. Representative failure: perf database error: perf database error: no GEMM rows loaded from 1 source(s) (first: <repo>/python/aisimulate/src/aiconfigurator_core/systems/data/rtx_pro_6000_server/sglang/0.5.9/gemm_perf.parquet)","python python/aisimulate/tools/support_matrix/generate_fpe_support_matrix.py --model ""meta-llama/Meta-Llama-3.1-405B"" --system ""rtx_pro_6000_server"" --backend ""sglang"" --backend-version ""0.5.9"" --forward-model op_level --max-workers 8",,40,10,"PERF_DATA_MISSING=16, SDK_UNREPRESENTABLE=24",,26dae1f99b2b50fb17118f38d8a8e95dfac3357c
meta-llama/Meta-Llama-3.1-405B,LlamaForCausalLM,rtx_pro_6000_server,trtllm,1.3.0rc10,PASS,,"python python/aisimulate/tools/support_matrix/generate_fpe_support_matrix.py --model ""meta-llama/Meta-Llama-3.1-405B"" --system ""rtx_pro_6000_server"" --backend ""trtllm"" --backend-version ""1.3.0rc10"" --forward-model op_level --max-workers 8",silicon,16,4,"PASS=8, PERF_DATA_MISSING=8","decode_end=138041.101777, decode_start=541.184975, mixed=615.708516, prefill=581.819946",26dae1f99b2b50fb17118f38d8a8e95dfac3357c
meta-llama/Meta-Llama-3.1-405B,LlamaForCausalLM,rtx_pro_6000_server,trtllm,1.3.0rc15,PASS,,"python python/aisimulate/tools/support_matrix/generate_fpe_support_matrix.py --model ""meta-llama/Meta-Llama-3.1-405B"" --system ""rtx_pro_6000_server"" --backend ""trtllm"" --backend-version ""1.3.0rc15"" --forward-model op_level --max-workers 8",silicon,16,4,"PASS=8, PERF_DATA_MISSING=8","decode_end=138041.101777, decode_start=541.184975, mixed=615.708516, prefill=581.819946",26dae1f99b2b50fb17118f38d8a8e95dfac3357c
meta-llama/Meta-Llama-3.1-405B,LlamaForCausalLM,rtx_pro_6000_server,trtllm,1.3.0rc20,PASS,,"python python/aisimulate/tools/support_matrix/generate_fpe_support_matrix.py --model ""meta-llama/Meta-Llama-3.1-405B"" --system ""rtx_pro_6000_server"" --backend ""trtllm"" --backend-version ""1.3.0rc20"" --forward-model op_level --max-workers 8",silicon,16,4,PASS=16,"decode_end=138275.303508, decode_start=542.144712, mixed=618.784845, prefill=581.690621",26dae1f99b2b50fb17118f38d8a8e95dfac3357c
meta-llama/Meta-Llama-3.1-405B,LlamaForCausalLM,rtx_pro_6000_server,trtllm,1.3.0rc23,PASS,,"python python/aisimulate/tools/support_matrix/generate_fpe_support_matrix.py --model ""meta-llama/Meta-Llama-3.1-405B"" --system ""rtx_pro_6000_server"" --backend ""trtllm"" --backend-version ""1.3.0rc23"" --forward-model op_level --max-workers 8",silicon,16,4,PASS=16,"decode_end=138275.303508, decode_start=542.144712, mixed=618.784845, prefill=581.690621",26dae1f99b2b50fb17118f38d8a8e95dfac3357c
meta-llama/Meta-Llama-3.1-405B,LlamaForCausalLM,rtx_pro_6000_server,vllm,0.1.dev19262,FAIL,Strict-native op-level FPE probes: PERF_DATA_MISSING=16; raw probes=16; topologies=4; source_sha=26dae1f99b2b50fb17118f38d8a8e95dfac3357c. Representative failure: perf database error: perf database error: no GEMM rows loaded from 1 source(s) (first: <repo>/python/aisimulate/src/aiconfigurator_core/systems/data/rtx_pro_6000_server/vllm/0.1.dev19262/gemm_perf.parquet),"python python/aisimulate/tools/support_matrix/generate_fpe_support_matrix.py --model ""meta-llama/Meta-Llama-3.1-405B"" --system ""rtx_pro_6000_server"" --backend ""vllm"" --backend-version ""0.1.dev19262"" --forward-model op_level --max-workers 8",,16,4,PERF_DATA_MISSING=16,,26dae1f99b2b50fb17118f38d8a8e95dfac3357c
meta-llama/Meta-Llama-3.1-405B,LlamaForCausalLM,rtx_pro_6000_server,vllm,0.14.0,FAIL,Strict-native op-level FPE probes: PERF_DATA_MISSING=16; raw probes=16; topologies=4; source_sha=26dae1f99b2b50fb17118f38d8a8e95dfac3357c. Representative failure: perf database error: perf database error: no GEMM rows loaded from 1 source(s) (first: <repo>/python/aisimulate/src/aiconfigurator_core/systems/data/rtx_pro_6000_server/vllm/0.14.0/gemm_perf.parquet),"python python/aisimulate/tools/support_matrix/generate_fpe_support_matrix.py --model ""meta-llama/Meta-Llama-3.1-405B"" --system ""rtx_pro_6000_server"" --backend ""vllm"" --backend-version ""0.14.0"" --forward-model op_level --max-workers 8",,16,4,PERF_DATA_MISSING=16,,26dae1f99b2b50fb17118f38d8a8e95dfac3357c
meta-llama/Meta-Llama-3.1-405B,LlamaForCausalLM,rtx_pro_6000_server,vllm,0.19.0,PASS,,"python python/aisimulate/tools/support_matrix/generate_fpe_support_matrix.py --model ""meta-llama/Meta-Llama-3.1-405B"" --system ""rtx_pro_6000_server"" --backend ""vllm"" --backend-version ""0.19.0"" --forward-model op_level --max-workers 8",silicon,16,4,"PASS=8, PERF_DATA_MISSING=8","decode_end=138951.175411, decode_start=544.687237, mixed=664.428082, prefill=645.682058",26dae1f99b2b50fb17118f38d8a8e95dfac3357c
meta-llama/Meta-Llama-3.1-405B,LlamaForCausalLM,rtx_pro_6000_server,vllm,0.22.0,PASS,,"python python/aisimulate/tools/support_matrix/generate_fpe_support_matrix.py --model ""meta-llama/Meta-Llama-3.1-405B"" --system ""rtx_pro_6000_server"" --backend ""vllm"" --backend-version ""0.22.0"" --forward-model op_level --max-workers 8",silicon,16,4,"PASS=8, PERF_DATA_MISSING=8","decode_end=141178.266297, decode_start=553.445084, mixed=613.109437, prefill=579.541761",26dae1f99b2b50fb17118f38d8a8e95dfac3357c
meta-llama/Meta-Llama-3.1-405B,LlamaForCausalLM,rtx_pro_6000_server,vllm,0.24.0,PASS,,"python python/aisimulate/tools/support_matrix/generate_fpe_support_matrix.py --model ""meta-llama/Meta-Llama-3.1-405B"" --system ""rtx_pro_6000_server"" --backend ""vllm"" --backend-version ""0.24.0"" --forward-model op_level --max-workers 8",silicon,16,4,PASS=16,"decode_end=141178.266297, decode_start=553.445084, mixed=613.109437, prefill=579.541761",26dae1f99b2b50fb17118f38d8a8e95dfac3357c
meta-llama/Meta-Llama-3.1-70B,LlamaForCausalLM,rtx_pro_6000_server,sglang,0.5.10,PASS,,"python python/aisimulate/tools/support_matrix/generate_fpe_support_matrix.py --model ""meta-llama/Meta-Llama-3.1-70B"" --system ""rtx_pro_6000_server"" --backend ""sglang"" --backend-version ""0.5.10"" --forward-model op_level --max-workers 8",silicon,40,10,"PASS=8, PERF_DATA_MISSING=8, SDK_UNREPRESENTABLE=24","decode_end=24424.509217, decode_start=95.707184, mixed=121.203027, prefill=114.866129",26dae1f99b2b50fb17118f38d8a8e95dfac3357c
meta-llama/Meta-Llama-3.1-70B,LlamaForCausalLM,rtx_pro_6000_server,sglang,0.5.10rc0,FAIL,"Strict-native op-level FPE probes: PERF_DATA_MISSING=16, SDK_UNREPRESENTABLE=24; raw probes=40; topologies=10; source_sha=26dae1f99b2b50fb17118f38d8a8e95dfac3357c. Representative failure: perf database error: perf database error: no GEMM rows loaded from 1 source(s) (first: <repo>/python/aisimulate/src/aiconfigurator_core/systems/data/rtx_pro_6000_server/sglang/0.5.10rc0/gemm_perf.parquet)","python python/aisimulate/tools/support_matrix/generate_fpe_support_matrix.py --model ""meta-llama/Meta-Llama-3.1-70B"" --system ""rtx_pro_6000_server"" --backend ""sglang"" --backend-version ""0.5.10rc0"" --forward-model op_level --max-workers 8",,40,10,"PERF_DATA_MISSING=16, SDK_UNREPRESENTABLE=24",,26dae1f99b2b50fb17118f38d8a8e95dfac3357c
meta-llama/Meta-Llama-3.1-70B,LlamaForCausalLM,rtx_pro_6000_server,sglang,0.5.12,PASS,,"python python/aisimulate/tools/support_matrix/generate_fpe_support_matrix.py --model ""meta-llama/Meta-Llama-3.1-70B"" --system ""rtx_pro_6000_server"" --backend ""sglang"" --backend-version ""0.5.12"" --forward-model op_level --max-workers 8",silicon,40,10,"PASS=8, PERF_DATA_MISSING=8, SDK_UNREPRESENTABLE=24","decode_end=24399.914652, decode_start=95.609905, mixed=117.093069, prefill=110.308514",26dae1f99b2b50fb17118f38d8a8e95dfac3357c
meta-llama/Meta-Llama-3.1-70B,LlamaForCausalLM,rtx_pro_6000_server,sglang,0.5.14,PASS,,"python python/aisimulate/tools/support_matrix/generate_fpe_support_matrix.py --model ""meta-llama/Meta-Llama-3.1-70B"" --system ""rtx_pro_6000_server"" --backend ""sglang"" --backend-version ""0.5.14"" --forward-model op_level --max-workers 8",silicon,40,10,"PASS=16, SDK_UNREPRESENTABLE=24","decode_end=24399.914652, decode_start=95.609905, mixed=117.093069, prefill=110.308514",26dae1f99b2b50fb17118f38d8a8e95dfac3357c
meta-llama/Meta-Llama-3.1-70B,LlamaForCausalLM,rtx_pro_6000_server,sglang,0.5.16,PASS,,"python python/aisimulate/tools/support_matrix/generate_fpe_support_matrix.py --model ""meta-llama/Meta-Llama-3.1-70B"" --system ""rtx_pro_6000_server"" --backend ""sglang"" --backend-version ""0.5.16"" --forward-model op_level --max-workers 8",silicon,40,10,"PASS=16, SDK_UNREPRESENTABLE=24","decode_end=24399.914652, decode_start=95.609905, mixed=117.093069, prefill=110.308514",26dae1f99b2b50fb17118f38d8a8e95dfac3357c
meta-llama/Meta-Llama-3.1-70B,LlamaForCausalLM,rtx_pro_6000_server,sglang,0.5.9,FAIL,"Strict-native op-level FPE probes: PERF_DATA_MISSING=16, SDK_UNREPRESENTABLE=24; raw probes=40; topologies=10; source_sha=26dae1f99b2b50fb17118f38d8a8e95dfac3357c. Representative failure: perf database error: perf database error: no GEMM rows loaded from 1 source(s) (first: <repo>/python/aisimulate/src/aiconfigurator_core/systems/data/rtx_pro_6000_server/sglang/0.5.9/gemm_perf.parquet)","python python/aisimulate/tools/support_matrix/generate_fpe_support_matrix.py --model ""meta-llama/Meta-Llama-3.1-70B"" --system ""rtx_pro_6000_server"" --backend ""sglang"" --backend-version ""0.5.9"" --forward-model op_level --max-workers 8",,40,10,"PERF_DATA_MISSING=16, SDK_UNREPRESENTABLE=24",,26dae1f99b2b50fb17118f38d8a8e95dfac3357c
meta-llama/Meta-Llama-3.1-70B,LlamaForCausalLM,rtx_pro_6000_server,trtllm,1.3.0rc10,PASS,,"python python/aisimulate/tools/support_matrix/generate_fpe_support_matrix.py --model ""meta-llama/Meta-Llama-3.1-70B"" --system ""rtx_pro_6000_server"" --backend ""trtllm"" --backend-version ""1.3.0rc10"" --forward-model op_level --max-workers 8",silicon,16,4,"PASS=8, PERF_DATA_MISSING=8","decode_end=24238.067086, decode_start=94.982796, mixed=116.567083, prefill=107.324536",26dae1f99b2b50fb17118f38d8a8e95dfac3357c
meta-llama/Meta-Llama-3.1-70B,LlamaForCausalLM,rtx_pro_6000_server,trtllm,1.3.0rc15,PASS,,"python python/aisimulate/tools/support_matrix/generate_fpe_support_matrix.py --model ""meta-llama/Meta-Llama-3.1-70B"" --system ""rtx_pro_6000_server"" --backend ""trtllm"" --backend-version ""1.3.0rc15"" --forward-model op_level --max-workers 8",silicon,16,4,"PASS=8, PERF_DATA_MISSING=8","decode_end=24238.067086, decode_start=94.982796, mixed=116.567083, prefill=107.324536",26dae1f99b2b50fb17118f38d8a8e95dfac3357c
meta-llama/Meta-Llama-3.1-70B,LlamaForCausalLM,rtx_pro_6000_server,trtllm,1.3.0rc20,PASS,,"python python/aisimulate/tools/support_matrix/generate_fpe_support_matrix.py --model ""meta-llama/Meta-Llama-3.1-70B"" --system ""rtx_pro_6000_server"" --backend ""trtllm"" --backend-version ""1.3.0rc20"" --forward-model op_level --max-workers 8",silicon,16,4,PASS=16,"decode_end=24042.328297, decode_start=94.204833, mixed=116.163954, prefill=106.822523",26dae1f99b2b50fb17118f38d8a8e95dfac3357c
meta-llama/Meta-Llama-3.1-70B,LlamaForCausalLM,rtx_pro_6000_server,trtllm,1.3.0rc23,PASS,,"python python/aisimulate/tools/support_matrix/generate_fpe_support_matrix.py --model ""meta-llama/Meta-Llama-3.1-70B"" --system ""rtx_pro_6000_server"" --backend ""trtllm"" --backend-version ""1.3.0rc23"" --forward-model op_level --max-workers 8",silicon,16,4,PASS=16,"decode_end=24042.328297, decode_start=94.204833, mixed=116.163954, prefill=106.822523",26dae1f99b2b50fb17118f38d8a8e95dfac3357c
meta-llama/Meta-Llama-3.1-70B,LlamaForCausalLM,rtx_pro_6000_server,vllm,0.1.dev19262,FAIL,Strict-native op-level FPE probes: PERF_DATA_MISSING=16; raw probes=16; topologies=4; source_sha=26dae1f99b2b50fb17118f38d8a8e95dfac3357c. Representative failure: perf database error: perf database error: no GEMM rows loaded from 1 source(s) (first: <repo>/python/aisimulate/src/aiconfigurator_core/systems/data/rtx_pro_6000_server/vllm/0.1.dev19262/gemm_perf.parquet),"python python/aisimulate/tools/support_matrix/generate_fpe_support_matrix.py --model ""meta-llama/Meta-Llama-3.1-70B"" --system ""rtx_pro_6000_server"" --backend ""vllm"" --backend-version ""0.1.dev19262"" --forward-model op_level --max-workers 8",,16,4,PERF_DATA_MISSING=16,,26dae1f99b2b50fb17118f38d8a8e95dfac3357c
meta-llama/Meta-Llama-3.1-70B,LlamaForCausalLM,rtx_pro_6000_server,vllm,0.14.0,FAIL,Strict-native op-level FPE probes: PERF_DATA_MISSING=16; raw probes=16; topologies=4; source_sha=26dae1f99b2b50fb17118f38d8a8e95dfac3357c. Representative failure: perf database error: perf database error: no GEMM rows loaded from 1 source(s) (first: <repo>/python/aisimulate/src/aiconfigurator_core/systems/data/rtx_pro_6000_server/vllm/0.14.0/gemm_perf.parquet),"python python/aisimulate/tools/support_matrix/generate_fpe_support_matrix.py --model ""meta-llama/Meta-Llama-3.1-70B"" --system ""rtx_pro_6000_server"" --backend ""vllm"" --backend-version ""0.14.0"" --forward-model op_level --max-workers 8",,16,4,PERF_DATA_MISSING=16,,26dae1f99b2b50fb17118f38d8a8e95dfac3357c
meta-llama/Meta-Llama-3.1-70B,LlamaForCausalLM,rtx_pro_6000_server,vllm,0.19.0,PASS,,"python python/aisimulate/tools/support_matrix/generate_fpe_support_matrix.py --model ""meta-llama/Meta-Llama-3.1-70B"" --system ""rtx_pro_6000_server"" --backend ""vllm"" --backend-version ""0.19.0"" --forward-model op_level --max-workers 8",silicon,16,4,"PASS=8, PERF_DATA_MISSING=8","decode_end=24613.890283, decode_start=96.360980, mixed=122.534471, prefill=115.427393",26dae1f99b2b50fb17118f38d8a8e95dfac3357c
meta-llama/Meta-Llama-3.1-70B,LlamaForCausalLM,rtx_pro_6000_server,vllm,0.22.0,PASS,,"python python/aisimulate/tools/support_matrix/generate_fpe_support_matrix.py --model ""meta-llama/Meta-Llama-3.1-70B"" --system ""rtx_pro_6000_server"" --backend ""vllm"" --backend-version ""0.22.0"" --forward-model op_level --max-workers 8",silicon,16,4,"PASS=8, PERF_DATA_MISSING=8","decode_end=24469.959936, decode_start=95.813503, mixed=115.827752, prefill=110.143929",26dae1f99b2b50fb17118f38d8a8e95dfac3357c
meta-llama/Meta-Llama-3.1-70B,LlamaForCausalLM,rtx_pro_6000_server,vllm,0.24.0,PASS,,"python python/aisimulate/tools/support_matrix/generate_fpe_support_matrix.py --model ""meta-llama/Meta-Llama-3.1-70B"" --system ""rtx_pro_6000_server"" --backend ""vllm"" --backend-version ""0.24.0"" --forward-model op_level --max-workers 8",silicon,16,4,PASS=16,"decode_end=24469.959936, decode_start=95.813503, mixed=115.827752, prefill=110.143929",26dae1f99b2b50fb17118f38d8a8e95dfac3357c
meta-llama/Meta-Llama-3.1-8B,LlamaForCausalLM,rtx_pro_6000_server,sglang,0.5.10,PASS,,"python python/aisimulate/tools/support_matrix/generate_fpe_support_matrix.py --model ""meta-llama/Meta-Llama-3.1-8B"" --system ""rtx_pro_6000_server"" --backend ""sglang"" --backend-version ""0.5.10"" --forward-model op_level --max-workers 8",silicon,24,6,"PASS=8, PERF_DATA_MISSING=4, SDK_UNREPRESENTABLE=12","decode_end=3036.045061, decode_start=11.875769, mixed=16.397079, prefill=14.738737",26dae1f99b2b50fb17118f38d8a8e95dfac3357c
meta-llama/Meta-Llama-3.1-8B,LlamaForCausalLM,rtx_pro_6000_server,sglang,0.5.10rc0,FAIL,"Strict-native op-level FPE probes: PERF_DATA_MISSING=12, SDK_UNREPRESENTABLE=12; raw probes=24; topologies=6; source_sha=26dae1f99b2b50fb17118f38d8a8e95dfac3357c. Representative failure: perf database error: perf database error: no GEMM rows loaded from 1 source(s) (first: <repo>/python/aisimulate/src/aiconfigurator_core/systems/data/rtx_pro_6000_server/sglang/0.5.10rc0/gemm_perf.parquet)","python python/aisimulate/tools/support_matrix/generate_fpe_support_matrix.py --model ""meta-llama/Meta-Llama-3.1-8B"" --system ""rtx_pro_6000_server"" --backend ""sglang"" --backend-version ""0.5.10rc0"" --forward-model op_level --max-workers 8",,24,6,"PERF_DATA_MISSING=12, SDK_UNREPRESENTABLE=12",,26dae1f99b2b50fb17118f38d8a8e95dfac3357c
meta-llama/Meta-Llama-3.1-8B,LlamaForCausalLM,rtx_pro_6000_server,sglang,0.5.12,PASS,,"python python/aisimulate/tools/support_matrix/generate_fpe_support_matrix.py --model ""meta-llama/Meta-Llama-3.1-8B"" --system ""rtx_pro_6000_server"" --backend ""sglang"" --backend-version ""0.5.12"" --forward-model op_level --max-workers 8",silicon,24,6,"PASS=8, PERF_DATA_MISSING=4, SDK_UNREPRESENTABLE=12","decode_end=2889.490370, decode_start=11.299690, mixed=15.322361, prefill=13.916049",26dae1f99b2b50fb17118f38d8a8e95dfac3357c
meta-llama/Meta-Llama-3.1-8B,LlamaForCausalLM,rtx_pro_6000_server,sglang,0.5.14,PASS,,"python python/aisimulate/tools/support_matrix/generate_fpe_support_matrix.py --model ""meta-llama/Meta-Llama-3.1-8B"" --system ""rtx_pro_6000_server"" --backend ""sglang"" --backend-version ""0.5.14"" --forward-model op_level --max-workers 8",silicon,24,6,"PASS=12, SDK_UNREPRESENTABLE=12","decode_end=2889.490370, decode_start=11.299690, mixed=15.322361, prefill=13.916049",26dae1f99b2b50fb17118f38d8a8e95dfac3357c
meta-llama/Meta-Llama-3.1-8B,LlamaForCausalLM,rtx_pro_6000_server,sglang,0.5.16,PASS,,"python python/aisimulate/tools/support_matrix/generate_fpe_support_matrix.py --model ""meta-llama/Meta-Llama-3.1-8B"" --system ""rtx_pro_6000_server"" --backend ""sglang"" --backend-version ""0.5.16"" --forward-model op_level --max-workers 8",silicon,24,6,"PASS=12, SDK_UNREPRESENTABLE=12","decode_end=2889.490370, decode_start=11.299690, mixed=15.322361, prefill=13.916049",26dae1f99b2b50fb17118f38d8a8e95dfac3357c
meta-llama/Meta-Llama-3.1-8B,LlamaForCausalLM,rtx_pro_6000_server,sglang,0.5.9,FAIL,"Strict-native op-level FPE probes: PERF_DATA_MISSING=12, SDK_UNREPRESENTABLE=12; raw probes=24; topologies=6; source_sha=26dae1f99b2b50fb17118f38d8a8e95dfac3357c. Representative failure: perf database error: perf database error: no GEMM rows loaded from 1 source(s) (first: <repo>/python/aisimulate/src/aiconfigurator_core/systems/data/rtx_pro_6000_server/sglang/0.5.9/gemm_perf.parquet)","python python/aisimulate/tools/support_matrix/generate_fpe_support_matrix.py --model ""meta-llama/Meta-Llama-3.1-8B"" --system ""rtx_pro_6000_server"" --backend ""sglang"" --backend-version ""0.5.9"" --forward-model op_level --max-workers 8",,24,6,"PERF_DATA_MISSING=12, SDK_UNREPRESENTABLE=12",,26dae1f99b2b50fb17118f38d8a8e95dfac3357c
meta-llama/Meta-Llama-3.1-8B,LlamaForCausalLM,rtx_pro_6000_server,trtllm,1.3.0rc10,PASS,,"python python/aisimulate/tools/support_matrix/generate_fpe_support_matrix.py --model ""meta-llama/Meta-Llama-3.1-8B"" --system ""rtx_pro_6000_server"" --backend ""trtllm"" --backend-version ""1.3.0rc10"" --forward-model op_level --max-workers 8",silicon,12,3,"PASS=8, PERF_DATA_MISSING=4","decode_end=2722.672831, decode_start=10.645637, mixed=15.181527, prefill=12.546416",26dae1f99b2b50fb17118f38d8a8e95dfac3357c
meta-llama/Meta-Llama-3.1-8B,LlamaForCausalLM,rtx_pro_6000_server,trtllm,1.3.0rc15,PASS,,"python python/aisimulate/tools/support_matrix/generate_fpe_support_matrix.py --model ""meta-llama/Meta-Llama-3.1-8B"" --system ""rtx_pro_6000_server"" --backend ""trtllm"" --backend-version ""1.3.0rc15"" --forward-model op_level --max-workers 8",silicon,12,3,"PASS=8, PERF_DATA_MISSING=4","decode_end=2722.672831, decode_start=10.645637, mixed=15.181527, prefill=12.546416",26dae1f99b2b50fb17118f38d8a8e95dfac3357c
meta-llama/Meta-Llama-3.1-8B,LlamaForCausalLM,rtx_pro_6000_server,trtllm,1.3.0rc20,PASS,,"python python/aisimulate/tools/support_matrix/generate_fpe_support_matrix.py --model ""meta-llama/Meta-Llama-3.1-8B"" --system ""rtx_pro_6000_server"" --backend ""trtllm"" --backend-version ""1.3.0rc20"" --forward-model op_level --max-workers 8",silicon,12,3,PASS=12,"decode_end=2709.629271, decode_start=10.593995, mixed=14.873212, prefill=12.245381",26dae1f99b2b50fb17118f38d8a8e95dfac3357c
meta-llama/Meta-Llama-3.1-8B,LlamaForCausalLM,rtx_pro_6000_server,trtllm,1.3.0rc23,PASS,,"python python/aisimulate/tools/support_matrix/generate_fpe_support_matrix.py --model ""meta-llama/Meta-Llama-3.1-8B"" --system ""rtx_pro_6000_server"" --backend ""trtllm"" --backend-version ""1.3.0rc23"" --forward-model op_level --max-workers 8",silicon,12,3,PASS=12,"decode_end=2709.629271, decode_start=10.593995, mixed=14.873212, prefill=12.245381",26dae1f99b2b50fb17118f38d8a8e95dfac3357c
meta-llama/Meta-Llama-3.1-8B,LlamaForCausalLM,rtx_pro_6000_server,vllm,0.1.dev19262,FAIL,Strict-native op-level FPE probes: PERF_DATA_MISSING=12; raw probes=12; topologies=3; source_sha=26dae1f99b2b50fb17118f38d8a8e95dfac3357c. Representative failure: perf database error: perf database error: no GEMM rows loaded from 1 source(s) (first: <repo>/python/aisimulate/src/aiconfigurator_core/systems/data/rtx_pro_6000_server/vllm/0.1.dev19262/gemm_perf.parquet),"python python/aisimulate/tools/support_matrix/generate_fpe_support_matrix.py --model ""meta-llama/Meta-Llama-3.1-8B"" --system ""rtx_pro_6000_server"" --backend ""vllm"" --backend-version ""0.1.dev19262"" --forward-model op_level --max-workers 8",,12,3,PERF_DATA_MISSING=12,,26dae1f99b2b50fb17118f38d8a8e95dfac3357c
meta-llama/Meta-Llama-3.1-8B,LlamaForCausalLM,rtx_pro_6000_server,vllm,0.14.0,FAIL,Strict-native op-level FPE probes: PERF_DATA_MISSING=12; raw probes=12; topologies=3; source_sha=26dae1f99b2b50fb17118f38d8a8e95dfac3357c. Representative failure: perf database error: perf database error: no GEMM rows loaded from 1 source(s) (first: <repo>/python/aisimulate/src/aiconfigurator_core/systems/data/rtx_pro_6000_server/vllm/0.14.0/gemm_perf.parquet),"python python/aisimulate/tools/support_matrix/generate_fpe_support_matrix.py --model ""meta-llama/Meta-Llama-3.1-8B"" --system ""rtx_pro_6000_server"" --backend ""vllm"" --backend-version ""0.14.0"" --forward-model op_level --max-workers 8",,12,3,PERF_DATA_MISSING=12,,26dae1f99b2b50fb17118f38d8a8e95dfac3357c
meta-llama/Meta-Llama-3.1-8B,LlamaForCausalLM,rtx_pro_6000_server,vllm,0.19.0,PASS,,"python python/aisimulate/tools/support_matrix/generate_fpe_support_matrix.py --model ""meta-llama/Meta-Llama-3.1-8B"" --system ""rtx_pro_6000_server"" --backend ""vllm"" --backend-version ""0.19.0"" --forward-model op_level --max-workers 8",silicon,12,3,"PASS=8, PERF_DATA_MISSING=4","decode_end=3108.433101, decode_start=12.124110, mixed=16.453017, prefill=14.530097",26dae1f99b2b50fb17118f38d8a8e95dfac3357c
meta-llama/Meta-Llama-3.1-8B,LlamaForCausalLM,rtx_pro_6000_server,vllm,0.22.0,PASS,,"python python/aisimulate/tools/support_matrix/generate_fpe_support_matrix.py --model ""meta-llama/Meta-Llama-3.1-8B"" --system ""rtx_pro_6000_server"" --backend ""vllm"" --backend-version ""0.22.0"" --forward-model op_level --max-workers 8",silicon,12,3,"PASS=8, PERF_DATA_MISSING=4","decode_end=2919.784872, decode_start=11.388785, mixed=15.030210, prefill=13.196475",26dae1f99b2b50fb17118f38d8a8e95dfac3357c
meta-llama/Meta-Llama-3.1-8B,LlamaForCausalLM,rtx_pro_6000_server,vllm,0.24.0,PASS,,"python python/aisimulate/tools/support_matrix/generate_fpe_support_matrix.py --model ""meta-llama/Meta-Llama-3.1-8B"" --system ""rtx_pro_6000_server"" --backend ""vllm"" --backend-version ""0.24.0"" --forward-model op_level --max-workers 8",silicon,12,3,PASS=12,"decode_end=2919.784872, decode_start=11.388785, mixed=15.030210, prefill=13.196475",26dae1f99b2b50fb17118f38d8a8e95dfac3357c
moonshotai/Kimi-K2.5,KimiK25ForConditionalGeneration,rtx_pro_6000_server,sglang,0.5.10,PASS,,"python python/aisimulate/tools/support_matrix/generate_fpe_support_matrix.py --model ""moonshotai/Kimi-K2.5"" --system ""rtx_pro_6000_server"" --backend ""sglang"" --backend-version ""0.5.10"" --forward-model op_level --max-workers 8",silicon,540,135,"PASS=156, PERF_DATA_MISSING=64, SDK_UNREPRESENTABLE=320","decode_end=19241.870762, decode_start=75.123160, mixed=328.036074, prefill=320.781261",26dae1f99b2b50fb17118f38d8a8e95dfac3357c
moonshotai/Kimi-K2.5,KimiK25ForConditionalGeneration,rtx_pro_6000_server,sglang,0.5.10rc0,FAIL,"Strict-native op-level FPE probes: PERF_DATA_MISSING=220, SDK_UNREPRESENTABLE=320; raw probes=540; topologies=135; source_sha=26dae1f99b2b50fb17118f38d8a8e95dfac3357c. Representative failure: perf database error: perf database error: no GEMM rows loaded from 1 source(s) (first: <repo>/python/aisimulate/src/aiconfigurator_core/systems/data/rtx_pro_6000_server/sglang/0.5.10rc0/gemm_perf.parquet)","python python/aisimulate/tools/support_matrix/generate_fpe_support_matrix.py --model ""moonshotai/Kimi-K2.5"" --system ""rtx_pro_6000_server"" --backend ""sglang"" --backend-version ""0.5.10rc0"" --forward-model op_level --max-workers 8",,540,135,"PERF_DATA_MISSING=220, SDK_UNREPRESENTABLE=320",,26dae1f99b2b50fb17118f38d8a8e95dfac3357c
moonshotai/Kimi-K2.5,KimiK25ForConditionalGeneration,rtx_pro_6000_server,sglang,0.5.12,PASS,,"python python/aisimulate/tools/support_matrix/generate_fpe_support_matrix.py --model ""moonshotai/Kimi-K2.5"" --system ""rtx_pro_6000_server"" --backend ""sglang"" --backend-version ""0.5.12"" --forward-model op_level --max-workers 8",silicon,540,135,"PASS=172, PERF_DATA_MISSING=48, SDK_UNREPRESENTABLE=320","decode_end=20362.760408, decode_start=79.579883, mixed=356.355190, prefill=347.145450",26dae1f99b2b50fb17118f38d8a8e95dfac3357c
moonshotai/Kimi-K2.5,KimiK25ForConditionalGeneration,rtx_pro_6000_server,sglang,0.5.14,PASS,,"python python/aisimulate/tools/support_matrix/generate_fpe_support_matrix.py --model ""moonshotai/Kimi-K2.5"" --system ""rtx_pro_6000_server"" --backend ""sglang"" --backend-version ""0.5.14"" --forward-model op_level --max-workers 8",silicon,540,135,"PASS=220, SDK_UNREPRESENTABLE=320","decode_end=20362.760408, decode_start=79.579883, mixed=356.355190, prefill=347.145450",26dae1f99b2b50fb17118f38d8a8e95dfac3357c
moonshotai/Kimi-K2.5,KimiK25ForConditionalGeneration,rtx_pro_6000_server,sglang,0.5.16,PASS,,"python python/aisimulate/tools/support_matrix/generate_fpe_support_matrix.py --model ""moonshotai/Kimi-K2.5"" --system ""rtx_pro_6000_server"" --backend ""sglang"" --backend-version ""0.5.16"" --forward-model op_level --max-workers 8",silicon,540,135,"PASS=220, SDK_UNREPRESENTABLE=320","decode_end=20362.760408, decode_start=79.579883, mixed=356.355190, prefill=347.145450",26dae1f99b2b50fb17118f38d8a8e95dfac3357c
moonshotai/Kimi-K2.5,KimiK25ForConditionalGeneration,rtx_pro_6000_server,sglang,0.5.9,FAIL,"Strict-native op-level FPE probes: PERF_DATA_MISSING=220, SDK_UNREPRESENTABLE=320; raw probes=540; topologies=135; source_sha=26dae1f99b2b50fb17118f38d8a8e95dfac3357c. Representative failure: perf database error: perf database error: no GEMM rows loaded from 1 source(s) (first: <repo>/python/aisimulate/src/aiconfigurator_core/systems/data/rtx_pro_6000_server/sglang/0.5.9/gemm_perf.parquet)","python python/aisimulate/tools/support_matrix/generate_fpe_support_matrix.py --model ""moonshotai/Kimi-K2.5"" --system ""rtx_pro_6000_server"" --backend ""sglang"" --backend-version ""0.5.9"" --forward-model op_level --max-workers 8",,540,135,"PERF_DATA_MISSING=220, SDK_UNREPRESENTABLE=320",,26dae1f99b2b50fb17118f38d8a8e95dfac3357c
moonshotai/Kimi-K2.5,KimiK25ForConditionalGeneration,rtx_pro_6000_server,trtllm,1.3.0rc10,FAIL,"Strict-native op-level FPE probes: PERF_DATA_MISSING=116; raw probes=116; topologies=29; source_sha=26dae1f99b2b50fb17118f38d8a8e95dfac3357c. Representative failure: perf database error: MoE data missing for MoeKey { quant: ""int4_wo"", distribution: ""uniform"", topk: 8, num_experts: 384, hidden_size: 7168, inter_size: 2048, moe_tp_size: 1, moe_ep_size: 1 } at <repo>/python/aisimulate/src/aiconfigurator_core/systems/data/rtx_pro_6000_server/trtllm/1.3.0rc10","python python/aisimulate/tools/support_matrix/generate_fpe_support_matrix.py --model ""moonshotai/Kimi-K2.5"" --system ""rtx_pro_6000_server"" --backend ""trtllm"" --backend-version ""1.3.0rc10"" --forward-model op_level --max-workers 8",,116,29,PERF_DATA_MISSING=116,,26dae1f99b2b50fb17118f38d8a8e95dfac3357c
moonshotai/Kimi-K2.5,KimiK25ForConditionalGeneration,rtx_pro_6000_server,trtllm,1.3.0rc15,FAIL,"Strict-native op-level FPE probes: PERF_DATA_MISSING=116; raw probes=116; topologies=29; source_sha=26dae1f99b2b50fb17118f38d8a8e95dfac3357c. Representative failure: perf database error: MoE data missing for MoeKey { quant: ""int4_wo"", distribution: ""uniform"", topk: 8, num_experts: 384, hidden_size: 7168, inter_size: 2048, moe_tp_size: 1, moe_ep_size: 1 } at <repo>/python/aisimulate/src/aiconfigurator_core/systems/data/rtx_pro_6000_server/trtllm/1.3.0rc15","python python/aisimulate/tools/support_matrix/generate_fpe_support_matrix.py --model ""moonshotai/Kimi-K2.5"" --system ""rtx_pro_6000_server"" --backend ""trtllm"" --backend-version ""1.3.0rc15"" --forward-model op_level --max-workers 8",,116,29,PERF_DATA_MISSING=116,,26dae1f99b2b50fb17118f38d8a8e95dfac3357c
moonshotai/Kimi-K2.5,KimiK25ForConditionalGeneration,rtx_pro_6000_server,trtllm,1.3.0rc20,FAIL,"Strict-native op-level FPE probes: PERF_DATA_MISSING=116; raw probes=116; topologies=29; source_sha=26dae1f99b2b50fb17118f38d8a8e95dfac3357c. Representative failure: perf database error: MoE data missing for MoeKey { quant: ""int4_wo"", distribution: ""uniform"", topk: 8, num_experts: 384, hidden_size: 7168, inter_size: 2048, moe_tp_size: 1, moe_ep_size: 1 } at <repo>/python/aisimulate/src/aiconfigurator_core/systems/data/rtx_pro_6000_server/trtllm/1.3.0rc20","python python/aisimulate/tools/support_matrix/generate_fpe_support_matrix.py --model ""moonshotai/Kimi-K2.5"" --system ""rtx_pro_6000_server"" --backend ""trtllm"" --backend-version ""1.3.0rc20"" --forward-model op_level --max-workers 8",,116,29,PERF_DATA_MISSING=116,,26dae1f99b2b50fb17118f38d8a8e95dfac3357c
moonshotai/Kimi-K2.5,KimiK25ForConditionalGeneration,rtx_pro_6000_server,trtllm,1.3.0rc23,FAIL,"Strict-native op-level FPE probes: PERF_DATA_MISSING=116; raw probes=116; topologies=29; source_sha=26dae1f99b2b50fb17118f38d8a8e95dfac3357c. Representative failure: perf database error: MoE data missing for MoeKey { quant: ""int4_wo"", distribution: ""uniform"", topk: 8, num_experts: 384, hidden_size: 7168, inter_size: 2048, moe_tp_size: 1, moe_ep_size: 1 } at <repo>/python/aisimulate/src/aiconfigurator_core/systems/data/rtx_pro_6000_server/trtllm/1.3.0rc23","python python/aisimulate/tools/support_matrix/generate_fpe_support_matrix.py --model ""moonshotai/Kimi-K2.5"" --system ""rtx_pro_6000_server"" --backend ""trtllm"" --backend-version ""1.3.0rc23"" --forward-model op_level --max-workers 8",,116,29,PERF_DATA_MISSING=116,,26dae1f99b2b50fb17118f38d8a8e95dfac3357c
moonshotai/Kimi-K2.5,KimiK25ForConditionalGeneration,rtx_pro_6000_server,vllm,0.1.dev19262,FAIL,Strict-native op-level FPE probes: PERF_DATA_MISSING=116; raw probes=116; topologies=29; source_sha=26dae1f99b2b50fb17118f38d8a8e95dfac3357c. Representative failure: perf database error: perf database error: no GEMM rows loaded from 1 source(s) (first: <repo>/python/aisimulate/src/aiconfigurator_core/systems/data/rtx_pro_6000_server/vllm/0.1.dev19262/gemm_perf.parquet),"python python/aisimulate/tools/support_matrix/generate_fpe_support_matrix.py --model ""moonshotai/Kimi-K2.5"" --system ""rtx_pro_6000_server"" --backend ""vllm"" --backend-version ""0.1.dev19262"" --forward-model op_level --max-workers 8",,116,29,PERF_DATA_MISSING=116,,26dae1f99b2b50fb17118f38d8a8e95dfac3357c
moonshotai/Kimi-K2.5,KimiK25ForConditionalGeneration,rtx_pro_6000_server,vllm,0.14.0,FAIL,Strict-native op-level FPE probes: PERF_DATA_MISSING=116; raw probes=116; topologies=29; source_sha=26dae1f99b2b50fb17118f38d8a8e95dfac3357c. Representative failure: perf database error: perf database error: no GEMM rows loaded from 1 source(s) (first: <repo>/python/aisimulate/src/aiconfigurator_core/systems/data/rtx_pro_6000_server/vllm/0.14.0/gemm_perf.parquet),"python python/aisimulate/tools/support_matrix/generate_fpe_support_matrix.py --model ""moonshotai/Kimi-K2.5"" --system ""rtx_pro_6000_server"" --backend ""vllm"" --backend-version ""0.14.0"" --forward-model op_level --max-workers 8",,116,29,PERF_DATA_MISSING=116,,26dae1f99b2b50fb17118f38d8a8e95dfac3357c
moonshotai/Kimi-K2.5,KimiK25ForConditionalGeneration,rtx_pro_6000_server,vllm,0.19.0,PASS,,"python python/aisimulate/tools/support_matrix/generate_fpe_support_matrix.py --model ""moonshotai/Kimi-K2.5"" --system ""rtx_pro_6000_server"" --backend ""vllm"" --backend-version ""0.19.0"" --forward-model op_level --max-workers 8",silicon,116,29,"PASS=44, PERF_DATA_MISSING=72","decode_end=50637.744336, decode_start=198.425209, mixed=1046.698781, prefill=1024.625354",26dae1f99b2b50fb17118f38d8a8e95dfac3357c
moonshotai/Kimi-K2.5,KimiK25ForConditionalGeneration,rtx_pro_6000_server,vllm,0.22.0,PASS,,"python python/aisimulate/tools/support_matrix/generate_fpe_support_matrix.py --model ""moonshotai/Kimi-K2.5"" --system ""rtx_pro_6000_server"" --backend ""vllm"" --backend-version ""0.22.0"" --forward-model op_level --max-workers 8",silicon,116,29,"PASS=44, PERF_DATA_MISSING=72","decode_end=21064.054843, decode_start=81.979440, mixed=316.832312, prefill=313.495896",26dae1f99b2b50fb17118f38d8a8e95dfac3357c
moonshotai/Kimi-K2.5,KimiK25ForConditionalGeneration,rtx_pro_6000_server,vllm,0.24.0,PASS,,"python python/aisimulate/tools/support_matrix/generate_fpe_support_matrix.py --model ""moonshotai/Kimi-K2.5"" --system ""rtx_pro_6000_server"" --backend ""vllm"" --backend-version ""0.24.0"" --forward-model op_level --max-workers 8",silicon,116,29,PASS=116,"decode_end=21064.054843, decode_start=81.979440, mixed=316.832312, prefill=313.495896",26dae1f99b2b50fb17118f38d8a8e95dfac3357c
moonshotai/Kimi-K3,KimiK3ForConditionalGeneration,rtx_pro_6000_server,sglang,0.5.10,FAIL,"Strict-native op-level FPE probes: PERF_DATA_MISSING=220; raw probes=220; topologies=55; source_sha=26dae1f99b2b50fb17118f38d8a8e95dfac3357c. Representative failure: perf database error: MoE data missing for MoeKey { quant: ""w4a8_mxfp4_mxfp8"", distribution: ""uniform"", topk: 16, num_experts: 896, hidden_size: 3584, inter_size: 3072, moe_tp_size: 1, moe_ep_size: 1 } at <repo>/python/aisimulate/src/aiconfigurator_core/systems/data/rtx_pro_6000_server/sglang/0.5.10","python python/aisimulate/tools/support_matrix/generate_fpe_support_matrix.py --model ""moonshotai/Kimi-K3"" --system ""rtx_pro_6000_server"" --backend ""sglang"" --backend-version ""0.5.10"" --forward-model op_level --max-workers 8",,220,55,PERF_DATA_MISSING=220,,26dae1f99b2b50fb17118f38d8a8e95dfac3357c
moonshotai/Kimi-K3,KimiK3ForConditionalGeneration,rtx_pro_6000_server,sglang,0.5.10rc0,FAIL,Strict-native op-level FPE probes: PERF_DATA_MISSING=220; raw probes=220; topologies=55; source_sha=26dae1f99b2b50fb17118f38d8a8e95dfac3357c. Representative failure: perf database error: perf database error: no GEMM rows loaded from 1 source(s) (first: <repo>/python/aisimulate/src/aiconfigurator_core/systems/data/rtx_pro_6000_server/sglang/0.5.10rc0/gemm_perf.parquet),"python python/aisimulate/tools/support_matrix/generate_fpe_support_matrix.py --model ""moonshotai/Kimi-K3"" --system ""rtx_pro_6000_server"" --backend ""sglang"" --backend-version ""0.5.10rc0"" --forward-model op_level --max-workers 8",,220,55,PERF_DATA_MISSING=220,,26dae1f99b2b50fb17118f38d8a8e95dfac3357c
moonshotai/Kimi-K3,KimiK3ForConditionalGeneration,rtx_pro_6000_server,sglang,0.5.12,FAIL,"Strict-native op-level FPE probes: PERF_DATA_MISSING=220; raw probes=220; topologies=55; source_sha=26dae1f99b2b50fb17118f38d8a8e95dfac3357c. Representative failure: perf database error: MoE data missing for MoeKey { quant: ""w4a8_mxfp4_mxfp8"", distribution: ""uniform"", topk: 16, num_experts: 896, hidden_size: 3584, inter_size: 3072, moe_tp_size: 1, moe_ep_size: 1 } at <repo>/python/aisimulate/src/aiconfigurator_core/systems/data/rtx_pro_6000_server/sglang/0.5.12","python python/aisimulate/tools/support_matrix/generate_fpe_support_matrix.py --model ""moonshotai/Kimi-K3"" --system ""rtx_pro_6000_server"" --backend ""sglang"" --backend-version ""0.5.12"" --forward-model op_level --max-workers 8",,220,55,PERF_DATA_MISSING=220,,26dae1f99b2b50fb17118f38d8a8e95dfac3357c
moonshotai/Kimi-K3,KimiK3ForConditionalGeneration,rtx_pro_6000_server,sglang,0.5.14,FAIL,"Strict-native op-level FPE probes: PERF_DATA_MISSING=220; raw probes=220; topologies=55; source_sha=26dae1f99b2b50fb17118f38d8a8e95dfac3357c. Representative failure: perf database error: MoE data missing for MoeKey { quant: ""w4a8_mxfp4_mxfp8"", distribution: ""uniform"", topk: 16, num_experts: 896, hidden_size: 3584, inter_size: 3072, moe_tp_size: 1, moe_ep_size: 1 } at <repo>/python/aisimulate/src/aiconfigurator_core/systems/data/rtx_pro_6000_server/sglang/0.5.14","python python/aisimulate/tools/support_matrix/generate_fpe_support_matrix.py --model ""moonshotai/Kimi-K3"" --system ""rtx_pro_6000_server"" --backend ""sglang"" --backend-version ""0.5.14"" --forward-model op_level --max-workers 8",,220,55,PERF_DATA_MISSING=220,,26dae1f99b2b50fb17118f38d8a8e95dfac3357c
moonshotai/Kimi-K3,KimiK3ForConditionalGeneration,rtx_pro_6000_server,sglang,0.5.16,FAIL,"Strict-native op-level FPE probes: PERF_DATA_MISSING=220; raw probes=220; topologies=55; source_sha=26dae1f99b2b50fb17118f38d8a8e95dfac3357c. Representative failure: perf database error: MoE data missing for MoeKey { quant: ""w4a8_mxfp4_mxfp8"", distribution: ""uniform"", topk: 16, num_experts: 896, hidden_size: 3584, inter_size: 3072, moe_tp_size: 1, moe_ep_size: 1 } at <repo>/python/aisimulate/src/aiconfigurator_core/systems/data/rtx_pro_6000_server/sglang/0.5.16","python python/aisimulate/tools/support_matrix/generate_fpe_support_matrix.py --model ""moonshotai/Kimi-K3"" --system ""rtx_pro_6000_server"" --backend ""sglang"" --backend-version ""0.5.16"" --forward-model op_level --max-workers 8",,220,55,PERF_DATA_MISSING=220,,26dae1f99b2b50fb17118f38d8a8e95dfac3357c
moonshotai/Kimi-K3,KimiK3ForConditionalGeneration,rtx_pro_6000_server,sglang,0.5.9,FAIL,Strict-native op-level FPE probes: PERF_DATA_MISSING=220; raw probes=220; topologies=55; source_sha=26dae1f99b2b50fb17118f38d8a8e95dfac3357c. Representative failure: perf database error: perf database error: no GEMM rows loaded from 1 source(s) (first: <repo>/python/aisimulate/src/aiconfigurator_core/systems/data/rtx_pro_6000_server/sglang/0.5.9/gemm_perf.parquet),"python python/aisimulate/tools/support_matrix/generate_fpe_support_matrix.py --model ""moonshotai/Kimi-K3"" --system ""rtx_pro_6000_server"" --backend ""sglang"" --backend-version ""0.5.9"" --forward-model op_level --max-workers 8",,220,55,PERF_DATA_MISSING=220,,26dae1f99b2b50fb17118f38d8a8e95dfac3357c
moonshotai/Kimi-K3,KimiK3ForConditionalGeneration,rtx_pro_6000_server,trtllm,1.3.0rc10,FAIL,"Strict-native op-level FPE probes: PERF_DATA_MISSING=116; raw probes=116; topologies=29; source_sha=26dae1f99b2b50fb17118f38d8a8e95dfac3357c. Representative failure: perf database error: MoE data missing for MoeKey { quant: ""w4a16_mxfp4"", distribution: ""uniform"", topk: 16, num_experts: 896, hidden_size: 3584, inter_size: 3072, moe_tp_size: 1, moe_ep_size: 1 } at <repo>/python/aisimulate/src/aiconfigurator_core/systems/data/rtx_pro_6000_server/trtllm/1.3.0rc10","python python/aisimulate/tools/support_matrix/generate_fpe_support_matrix.py --model ""moonshotai/Kimi-K3"" --system ""rtx_pro_6000_server"" --backend ""trtllm"" --backend-version ""1.3.0rc10"" --forward-model op_level --max-workers 8",,116,29,PERF_DATA_MISSING=116,,26dae1f99b2b50fb17118f38d8a8e95dfac3357c
moonshotai/Kimi-K3,KimiK3ForConditionalGeneration,rtx_pro_6000_server,trtllm,1.3.0rc15,FAIL,"Strict-native op-level FPE probes: PERF_DATA_MISSING=116; raw probes=116; topologies=29; source_sha=26dae1f99b2b50fb17118f38d8a8e95dfac3357c. Representative failure: perf database error: MoE data missing for MoeKey { quant: ""w4a16_mxfp4"", distribution: ""uniform"", topk: 16, num_experts: 896, hidden_size: 3584, inter_size: 3072, moe_tp_size: 1, moe_ep_size: 1 } at <repo>/python/aisimulate/src/aiconfigurator_core/systems/data/rtx_pro_6000_server/trtllm/1.3.0rc15","python python/aisimulate/tools/support_matrix/generate_fpe_support_matrix.py --model ""moonshotai/Kimi-K3"" --system ""rtx_pro_6000_server"" --backend ""trtllm"" --backend-version ""1.3.0rc15"" --forward-model op_level --max-workers 8",,116,29,PERF_DATA_MISSING=116,,26dae1f99b2b50fb17118f38d8a8e95dfac3357c
moonshotai/Kimi-K3,KimiK3ForConditionalGeneration,rtx_pro_6000_server,trtllm,1.3.0rc20,FAIL,"Strict-native op-level FPE probes: PERF_DATA_MISSING=116; raw probes=116; topologies=29; source_sha=26dae1f99b2b50fb17118f38d8a8e95dfac3357c. Representative failure: perf database error: MoE data missing for MoeKey { quant: ""w4a16_mxfp4"", distribution: ""uniform"", topk: 16, num_experts: 896, hidden_size: 3584, inter_size: 3072, moe_tp_size: 1, moe_ep_size: 1 } at <repo>/python/aisimulate/src/aiconfigurator_core/systems/data/rtx_pro_6000_server/trtllm/1.3.0rc20","python python/aisimulate/tools/support_matrix/generate_fpe_support_matrix.py --model ""moonshotai/Kimi-K3"" --system ""rtx_pro_6000_server"" --backend ""trtllm"" --backend-version ""1.3.0rc20"" --forward-model op_level --max-workers 8",,116,29,PERF_DATA_MISSING=116,,26dae1f99b2b50fb17118f38d8a8e95dfac3357c
moonshotai/Kimi-K3,KimiK3ForConditionalGeneration,rtx_pro_6000_server,trtllm,1.3.0rc23,FAIL,"Strict-native op-level FPE probes: PERF_DATA_MISSING=116; raw probes=116; topologies=29; source_sha=26dae1f99b2b50fb17118f38d8a8e95dfac3357c. Representative failure: perf database error: MoE data missing for MoeKey { quant: ""w4a16_mxfp4"", distribution: ""uniform"", topk: 16, num_experts: 896, hidden_size: 3584, inter_size: 3072, moe_tp_size: 1, moe_ep_size: 1 } at <repo>/python/aisimulate/src/aiconfigurator_core/systems/data/rtx_pro_6000_server/trtllm/1.3.0rc23","python python/aisimulate/tools/support_matrix/generate_fpe_support_matrix.py --model ""moonshotai/Kimi-K3"" --system ""rtx_pro_6000_server"" --backend ""trtllm"" --backend-version ""1.3.0rc23"" --forward-model op_level --max-workers 8",,116,29,PERF_DATA_MISSING=116,,26dae1f99b2b50fb17118f38d8a8e95dfac3357c
moonshotai/Kimi-K3,KimiK3ForConditionalGeneration,rtx_pro_6000_server,vllm,0.1.dev19262,FAIL,Strict-native op-level FPE probes: PERF_DATA_MISSING=116; raw probes=116; topologies=29; source_sha=26dae1f99b2b50fb17118f38d8a8e95dfac3357c. Representative failure: perf database error: perf database error: no GEMM rows loaded from 1 source(s) (first: <repo>/python/aisimulate/src/aiconfigurator_core/systems/data/rtx_pro_6000_server/vllm/0.1.dev19262/gemm_perf.parquet),"python python/aisimulate/tools/support_matrix/generate_fpe_support_matrix.py --model ""moonshotai/Kimi-K3"" --system ""rtx_pro_6000_server"" --backend ""vllm"" --backend-version ""0.1.dev19262"" --forward-model op_level --max-workers 8",,116,29,PERF_DATA_MISSING=116,,26dae1f99b2b50fb17118f38d8a8e95dfac3357c
moonshotai/Kimi-K3,KimiK3ForConditionalGeneration,rtx_pro_6000_server,vllm,0.14.0,FAIL,Strict-native op-level FPE probes: PERF_DATA_MISSING=116; raw probes=116; topologies=29; source_sha=26dae1f99b2b50fb17118f38d8a8e95dfac3357c. Representative failure: perf database error: perf database error: no GEMM rows loaded from 1 source(s) (first: <repo>/python/aisimulate/src/aiconfigurator_core/systems/data/rtx_pro_6000_server/vllm/0.14.0/gemm_perf.parquet),"python python/aisimulate/tools/support_matrix/generate_fpe_support_matrix.py --model ""moonshotai/Kimi-K3"" --system ""rtx_pro_6000_server"" --backend ""vllm"" --backend-version ""0.14.0"" --forward-model op_level --max-workers 8",,116,29,PERF_DATA_MISSING=116,,26dae1f99b2b50fb17118f38d8a8e95dfac3357c
moonshotai/Kimi-K3,KimiK3ForConditionalGeneration,rtx_pro_6000_server,vllm,0.19.0,FAIL,"Strict-native op-level FPE probes: PERF_DATA_MISSING=116; raw probes=116; topologies=29; source_sha=26dae1f99b2b50fb17118f38d8a8e95dfac3357c. Representative failure: perf database error: MoE data missing for MoeKey { quant: ""w4a16_mxfp4"", distribution: ""uniform"", topk: 16, num_experts: 896, hidden_size: 3584, inter_size: 3072, moe_tp_size: 1, moe_ep_size: 1 } at <repo>/python/aisimulate/src/aiconfigurator_core/systems/data/rtx_pro_6000_server/vllm/0.19.0","python python/aisimulate/tools/support_matrix/generate_fpe_support_matrix.py --model ""moonshotai/Kimi-K3"" --system ""rtx_pro_6000_server"" --backend ""vllm"" --backend-version ""0.19.0"" --forward-model op_level --max-workers 8",,116,29,PERF_DATA_MISSING=116,,26dae1f99b2b50fb17118f38d8a8e95dfac3357c
moonshotai/Kimi-K3,KimiK3ForConditionalGeneration,rtx_pro_6000_server,vllm,0.22.0,FAIL,"Strict-native op-level FPE probes: PERF_DATA_MISSING=116; raw probes=116; topologies=29; source_sha=26dae1f99b2b50fb17118f38d8a8e95dfac3357c. Representative failure: perf database error: MoE data missing for MoeKey { quant: ""w4a16_mxfp4"", distribution: ""power_law_1.01"", topk: 16, num_experts: 896, hidden_size: 3584, inter_size: 3072, moe_tp_size: 1, moe_ep_size: 1 } at <repo>/python/aisimulate/src/aiconfigurator_core/systems/data/rtx_pro_6000_server/vllm/0.22.0","python python/aisimulate/tools/support_matrix/generate_fpe_support_matrix.py --model ""moonshotai/Kimi-K3"" --system ""rtx_pro_6000_server"" --backend ""vllm"" --backend-version ""0.22.0"" --forward-model op_level --max-workers 8",,116,29,PERF_DATA_MISSING=116,,26dae1f99b2b50fb17118f38d8a8e95dfac3357c
moonshotai/Kimi-K3,KimiK3ForConditionalGeneration,rtx_pro_6000_server,vllm,0.24.0,FAIL,"Strict-native op-level FPE probes: PERF_DATA_MISSING=116; raw probes=116; topologies=29; source_sha=26dae1f99b2b50fb17118f38d8a8e95dfac3357c. Representative failure: perf database error: MoE data missing for MoeKey { quant: ""w4a16_mxfp4"", distribution: ""power_law_1.01"", topk: 16, num_experts: 896, hidden_size: 3584, inter_size: 3072, moe_tp_size: 1, moe_ep_size: 1 } at <repo>/python/aisimulate/src/aiconfigurator_core/systems/data/rtx_pro_6000_server/vllm/0.24.0","python python/aisimulate/tools/support_matrix/generate_fpe_support_matrix.py --model ""moonshotai/Kimi-K3"" --system ""rtx_pro_6000_server"" --backend ""vllm"" --backend-version ""0.24.0"" --forward-model op_level --max-workers 8",,116,29,PERF_DATA_MISSING=116,,26dae1f99b2b50fb17118f38d8a8e95dfac3357c
nvidia/DeepSeek-V3.1-NVFP4,DeepseekV3ForCausalLM,rtx_pro_6000_server,sglang,0.5.10,FAIL,"Strict-native op-level FPE probes: PERF_DATA_MISSING=220, SDK_UNREPRESENTABLE=320; raw probes=540; topologies=135; source_sha=26dae1f99b2b50fb17118f38d8a8e95dfac3357c. Representative failure: perf database error: MoE data missing for MoeKey { quant: ""nvfp4"", distribution: ""uniform"", topk: 8, num_experts: 256, hidden_size: 7168, inter_size: 2048, moe_tp_size: 1, moe_ep_size: 1 } at <repo>/python/aisimulate/src/aiconfigurator_core/systems/data/rtx_pro_6000_server/sglang/0.5.10","python python/aisimulate/tools/support_matrix/generate_fpe_support_matrix.py --model ""nvidia/DeepSeek-V3.1-NVFP4"" --system ""rtx_pro_6000_server"" --backend ""sglang"" --backend-version ""0.5.10"" --forward-model op_level --max-workers 8",,540,135,"PERF_DATA_MISSING=220, SDK_UNREPRESENTABLE=320",,26dae1f99b2b50fb17118f38d8a8e95dfac3357c
nvidia/DeepSeek-V3.1-NVFP4,DeepseekV3ForCausalLM,rtx_pro_6000_server,sglang,0.5.10rc0,FAIL,"Strict-native op-level FPE probes: PERF_DATA_MISSING=220, SDK_UNREPRESENTABLE=320; raw probes=540; topologies=135; source_sha=26dae1f99b2b50fb17118f38d8a8e95dfac3357c. Representative failure: perf database error: perf database error: no GEMM rows loaded from 1 source(s) (first: <repo>/python/aisimulate/src/aiconfigurator_core/systems/data/rtx_pro_6000_server/sglang/0.5.10rc0/gemm_perf.parquet)","python python/aisimulate/tools/support_matrix/generate_fpe_support_matrix.py --model ""nvidia/DeepSeek-V3.1-NVFP4"" --system ""rtx_pro_6000_server"" --backend ""sglang"" --backend-version ""0.5.10rc0"" --forward-model op_level --max-workers 8",,540,135,"PERF_DATA_MISSING=220, SDK_UNREPRESENTABLE=320",,26dae1f99b2b50fb17118f38d8a8e95dfac3357c
nvidia/DeepSeek-V3.1-NVFP4,DeepseekV3ForCausalLM,rtx_pro_6000_server,sglang,0.5.12,FAIL,"Strict-native op-level FPE probes: PERF_DATA_MISSING=220, SDK_UNREPRESENTABLE=320; raw probes=540; topologies=135; source_sha=26dae1f99b2b50fb17118f38d8a8e95dfac3357c. Representative failure: perf database error: context MLA data missing for ContextKey { fmha_quant: ""fp8"", kv_quant: ""fp8"" } at <repo>/python/aisimulate/src/aiconfigurator_core/systems/data/rtx_pro_6000_server/sglang/0.5.12","python python/aisimulate/tools/support_matrix/generate_fpe_support_matrix.py --model ""nvidia/DeepSeek-V3.1-NVFP4"" --system ""rtx_pro_6000_server"" --backend ""sglang"" --backend-version ""0.5.12"" --forward-model op_level --max-workers 8",,540,135,"PERF_DATA_MISSING=220, SDK_UNREPRESENTABLE=320",,26dae1f99b2b50fb17118f38d8a8e95dfac3357c
nvidia/DeepSeek-V3.1-NVFP4,DeepseekV3ForCausalLM,rtx_pro_6000_server,sglang,0.5.14,FAIL,"Strict-native op-level FPE probes: PERF_DATA_MISSING=220, SDK_UNREPRESENTABLE=320; raw probes=540; topologies=135; source_sha=26dae1f99b2b50fb17118f38d8a8e95dfac3357c. Representative failure: perf database error: context MLA data missing for ContextKey { fmha_quant: ""fp8"", kv_quant: ""fp8"" } at <repo>/python/aisimulate/src/aiconfigurator_core/systems/data/rtx_pro_6000_server/sglang/0.5.14","python python/aisimulate/tools/support_matrix/generate_fpe_support_matrix.py --model ""nvidia/DeepSeek-V3.1-NVFP4"" --system ""rtx_pro_6000_server"" --backend ""sglang"" --backend-version ""0.5.14"" --forward-model op_level --max-workers 8",,540,135,"PERF_DATA_MISSING=220, SDK_UNREPRESENTABLE=320",,26dae1f99b2b50fb17118f38d8a8e95dfac3357c
nvidia/DeepSeek-V3.1-NVFP4,DeepseekV3ForCausalLM,rtx_pro_6000_server,sglang,0.5.16,FAIL,"Strict-native op-level FPE probes: PERF_DATA_MISSING=220, SDK_UNREPRESENTABLE=320; raw probes=540; topologies=135; source_sha=26dae1f99b2b50fb17118f38d8a8e95dfac3357c. Representative failure: perf database error: context MLA data missing for ContextKey { fmha_quant: ""fp8"", kv_quant: ""fp8"" } at <repo>/python/aisimulate/src/aiconfigurator_core/systems/data/rtx_pro_6000_server/sglang/0.5.16","python python/aisimulate/tools/support_matrix/generate_fpe_support_matrix.py --model ""nvidia/DeepSeek-V3.1-NVFP4"" --system ""rtx_pro_6000_server"" --backend ""sglang"" --backend-version ""0.5.16"" --forward-model op_level --max-workers 8",,540,135,"PERF_DATA_MISSING=220, SDK_UNREPRESENTABLE=320",,26dae1f99b2b50fb17118f38d8a8e95dfac3357c
nvidia/DeepSeek-V3.1-NVFP4,DeepseekV3ForCausalLM,rtx_pro_6000_server,sglang,0.5.9,FAIL,"Strict-native op-level FPE probes: PERF_DATA_MISSING=220, SDK_UNREPRESENTABLE=320; raw probes=540; topologies=135; source_sha=26dae1f99b2b50fb17118f38d8a8e95dfac3357c. Representative failure: perf database error: perf database error: no GEMM rows loaded from 1 source(s) (first: <repo>/python/aisimulate/src/aiconfigurator_core/systems/data/rtx_pro_6000_server/sglang/0.5.9/gemm_perf.parquet)","python python/aisimulate/tools/support_matrix/generate_fpe_support_matrix.py --model ""nvidia/DeepSeek-V3.1-NVFP4"" --system ""rtx_pro_6000_server"" --backend ""sglang"" --backend-version ""0.5.9"" --forward-model op_level --max-workers 8",,540,135,"PERF_DATA_MISSING=220, SDK_UNREPRESENTABLE=320",,26dae1f99b2b50fb17118f38d8a8e95dfac3357c
nvidia/DeepSeek-V3.1-NVFP4,DeepseekV3ForCausalLM,rtx_pro_6000_server,trtllm,1.3.0rc10,PASS,,"python python/aisimulate/tools/support_matrix/generate_fpe_support_matrix.py --model ""nvidia/DeepSeek-V3.1-NVFP4"" --system ""rtx_pro_6000_server"" --backend ""trtllm"" --backend-version ""1.3.0rc10"" --forward-model op_level --max-workers 8",silicon,116,29,"PASS=68, PERF_DATA_MISSING=48","decode_end=21212.889523, decode_start=83.105714, mixed=246.219564, prefill=238.084815",26dae1f99b2b50fb17118f38d8a8e95dfac3357c
nvidia/DeepSeek-V3.1-NVFP4,DeepseekV3ForCausalLM,rtx_pro_6000_server,trtllm,1.3.0rc15,PASS,,"python python/aisimulate/tools/support_matrix/generate_fpe_support_matrix.py --model ""nvidia/DeepSeek-V3.1-NVFP4"" --system ""rtx_pro_6000_server"" --backend ""trtllm"" --backend-version ""1.3.0rc15"" --forward-model op_level --max-workers 8",silicon,116,29,"PASS=68, PERF_DATA_MISSING=48","decode_end=21212.889523, decode_start=83.105714, mixed=246.219564, prefill=238.084815",26dae1f99b2b50fb17118f38d8a8e95dfac3357c
nvidia/DeepSeek-V3.1-NVFP4,DeepseekV3ForCausalLM,rtx_pro_6000_server,trtllm,1.3.0rc20,PASS,,"python python/aisimulate/tools/support_matrix/generate_fpe_support_matrix.py --model ""nvidia/DeepSeek-V3.1-NVFP4"" --system ""rtx_pro_6000_server"" --backend ""trtllm"" --backend-version ""1.3.0rc20"" --forward-model op_level --max-workers 8",silicon,116,29,PASS=116,"decode_end=21205.365084, decode_start=83.054799, mixed=246.380036, prefill=241.241071",26dae1f99b2b50fb17118f38d8a8e95dfac3357c
nvidia/DeepSeek-V3.1-NVFP4,DeepseekV3ForCausalLM,rtx_pro_6000_server,trtllm,1.3.0rc23,PASS,,"python python/aisimulate/tools/support_matrix/generate_fpe_support_matrix.py --model ""nvidia/DeepSeek-V3.1-NVFP4"" --system ""rtx_pro_6000_server"" --backend ""trtllm"" --backend-version ""1.3.0rc23"" --forward-model op_level --max-workers 8",silicon,116,29,PASS=116,"decode_end=21205.365084, decode_start=83.054799, mixed=246.380036, prefill=241.241071",26dae1f99b2b50fb17118f38d8a8e95dfac3357c
nvidia/DeepSeek-V3.1-NVFP4,DeepseekV3ForCausalLM,rtx_pro_6000_server,vllm,0.1.dev19262,FAIL,Strict-native op-level FPE probes: PERF_DATA_MISSING=116; raw probes=116; topologies=29; source_sha=26dae1f99b2b50fb17118f38d8a8e95dfac3357c. Representative failure: perf database error: perf database error: no GEMM rows loaded from 1 source(s) (first: <repo>/python/aisimulate/src/aiconfigurator_core/systems/data/rtx_pro_6000_server/vllm/0.1.dev19262/gemm_perf.parquet),"python python/aisimulate/tools/support_matrix/generate_fpe_support_matrix.py --model ""nvidia/DeepSeek-V3.1-NVFP4"" --system ""rtx_pro_6000_server"" --backend ""vllm"" --backend-version ""0.1.dev19262"" --forward-model op_level --max-workers 8",,116,29,PERF_DATA_MISSING=116,,26dae1f99b2b50fb17118f38d8a8e95dfac3357c
nvidia/DeepSeek-V3.1-NVFP4,DeepseekV3ForCausalLM,rtx_pro_6000_server,vllm,0.14.0,FAIL,Strict-native op-level FPE probes: PERF_DATA_MISSING=116; raw probes=116; topologies=29; source_sha=26dae1f99b2b50fb17118f38d8a8e95dfac3357c. Representative failure: perf database error: perf database error: no GEMM rows loaded from 1 source(s) (first: <repo>/python/aisimulate/src/aiconfigurator_core/systems/data/rtx_pro_6000_server/vllm/0.14.0/gemm_perf.parquet),"python python/aisimulate/tools/support_matrix/generate_fpe_support_matrix.py --model ""nvidia/DeepSeek-V3.1-NVFP4"" --system ""rtx_pro_6000_server"" --backend ""vllm"" --backend-version ""0.14.0"" --forward-model op_level --max-workers 8",,116,29,PERF_DATA_MISSING=116,,26dae1f99b2b50fb17118f38d8a8e95dfac3357c
nvidia/DeepSeek-V3.1-NVFP4,DeepseekV3ForCausalLM,rtx_pro_6000_server,vllm,0.19.0,FAIL,"Strict-native op-level FPE probes: PERF_DATA_MISSING=116; raw probes=116; topologies=29; source_sha=26dae1f99b2b50fb17118f38d8a8e95dfac3357c. Representative failure: perf database error: MoE data missing for MoeKey { quant: ""nvfp4"", distribution: ""uniform"", topk: 8, num_experts: 256, hidden_size: 7168, inter_size: 2048, moe_tp_size: 1, moe_ep_size: 1 } at <repo>/python/aisimulate/src/aiconfigurator_core/systems/data/rtx_pro_6000_server/vllm/0.19.0","python python/aisimulate/tools/support_matrix/generate_fpe_support_matrix.py --model ""nvidia/DeepSeek-V3.1-NVFP4"" --system ""rtx_pro_6000_server"" --backend ""vllm"" --backend-version ""0.19.0"" --forward-model op_level --max-workers 8",,116,29,PERF_DATA_MISSING=116,,26dae1f99b2b50fb17118f38d8a8e95dfac3357c
nvidia/DeepSeek-V3.1-NVFP4,DeepseekV3ForCausalLM,rtx_pro_6000_server,vllm,0.22.0,PASS,,"python python/aisimulate/tools/support_matrix/generate_fpe_support_matrix.py --model ""nvidia/DeepSeek-V3.1-NVFP4"" --system ""rtx_pro_6000_server"" --backend ""vllm"" --backend-version ""0.22.0"" --forward-model op_level --max-workers 8",silicon,116,29,"PASS=44, PERF_DATA_MISSING=72","decode_end=20025.794064, decode_start=78.162239, mixed=244.457444, prefill=228.885609",26dae1f99b2b50fb17118f38d8a8e95dfac3357c
nvidia/DeepSeek-V3.1-NVFP4,DeepseekV3ForCausalLM,rtx_pro_6000_server,vllm,0.24.0,PASS,,"python python/aisimulate/tools/support_matrix/generate_fpe_support_matrix.py --model ""nvidia/DeepSeek-V3.1-NVFP4"" --system ""rtx_pro_6000_server"" --backend ""vllm"" --backend-version ""0.24.0"" --forward-model op_level --max-workers 8",silicon,116,29,PASS=116,"decode_end=20025.794064, decode_start=78.162239, mixed=244.457444, prefill=228.885609",26dae1f99b2b50fb17118f38d8a8e95dfac3357c
nvidia/DeepSeek-V3.2-NVFP4,DeepseekV32ForCausalLM,rtx_pro_6000_server,sglang,0.5.10,FAIL,"Strict-native op-level FPE probes: PERF_DATA_MISSING=340, SDK_UNREPRESENTABLE=460; raw probes=800; topologies=200; source_sha=26dae1f99b2b50fb17118f38d8a8e95dfac3357c. Representative failure: perf database error: MoE data missing for MoeKey { quant: ""nvfp4"", distribution: ""uniform"", topk: 8, num_experts: 256, hidden_size: 7168, inter_size: 2048, moe_tp_size: 1, moe_ep_size: 1 } at <repo>/python/aisimulate/src/aiconfigurator_core/systems/data/rtx_pro_6000_server/sglang/0.5.10","python python/aisimulate/tools/support_matrix/generate_fpe_support_matrix.py --model ""nvidia/DeepSeek-V3.2-NVFP4"" --system ""rtx_pro_6000_server"" --backend ""sglang"" --backend-version ""0.5.10"" --forward-model op_level --max-workers 8",,800,200,"PERF_DATA_MISSING=340, SDK_UNREPRESENTABLE=460",,26dae1f99b2b50fb17118f38d8a8e95dfac3357c
nvidia/DeepSeek-V3.2-NVFP4,DeepseekV32ForCausalLM,rtx_pro_6000_server,sglang,0.5.10rc0,FAIL,"Strict-native op-level FPE probes: PERF_DATA_MISSING=340, SDK_UNREPRESENTABLE=460; raw probes=800; topologies=200; source_sha=26dae1f99b2b50fb17118f38d8a8e95dfac3357c. Representative failure: perf database error: perf database error: no GEMM rows loaded from 1 source(s) (first: <repo>/python/aisimulate/src/aiconfigurator_core/systems/data/rtx_pro_6000_server/sglang/0.5.10rc0/gemm_perf.parquet)","python python/aisimulate/tools/support_matrix/generate_fpe_support_matrix.py --model ""nvidia/DeepSeek-V3.2-NVFP4"" --system ""rtx_pro_6000_server"" --backend ""sglang"" --backend-version ""0.5.10rc0"" --forward-model op_level --max-workers 8",,800,200,"PERF_DATA_MISSING=340, SDK_UNREPRESENTABLE=460",,26dae1f99b2b50fb17118f38d8a8e95dfac3357c
nvidia/DeepSeek-V3.2-NVFP4,DeepseekV32ForCausalLM,rtx_pro_6000_server,sglang,0.5.12,FAIL,"Strict-native op-level FPE probes: PERF_DATA_MISSING=340, SDK_UNREPRESENTABLE=460; raw probes=800; topologies=200; source_sha=26dae1f99b2b50fb17118f38d8a8e95dfac3357c. Representative failure: perf database error: custom_allreduce data missing for (""half"", 4) at <repo>/python/aisimulate/src/aiconfigurator_core/systems/data/rtx_pro_6000_server/sglang/0.5.12","python python/aisimulate/tools/support_matrix/generate_fpe_support_matrix.py --model ""nvidia/DeepSeek-V3.2-NVFP4"" --system ""rtx_pro_6000_server"" --backend ""sglang"" --backend-version ""0.5.12"" --forward-model op_level --max-workers 8",,800,200,"PERF_DATA_MISSING=340, SDK_UNREPRESENTABLE=460",,26dae1f99b2b50fb17118f38d8a8e95dfac3357c
nvidia/DeepSeek-V3.2-NVFP4,DeepseekV32ForCausalLM,rtx_pro_6000_server,sglang,0.5.14,FAIL,"Strict-native op-level FPE probes: PERF_DATA_MISSING=340, SDK_UNREPRESENTABLE=460; raw probes=800; topologies=200; source_sha=26dae1f99b2b50fb17118f38d8a8e95dfac3357c. Representative failure: perf database error: perf database error: perf database error: no DSA module rows loaded from 1 source(s) (first: <repo>/python/aisimulate/src/aiconfigurator_core/systems/data/rtx_pro_6000_server/sglang/0.5.14/dsa_context_module_perf.parquet)","python python/aisimulate/tools/support_matrix/generate_fpe_support_matrix.py --model ""nvidia/DeepSeek-V3.2-NVFP4"" --system ""rtx_pro_6000_server"" --backend ""sglang"" --backend-version ""0.5.14"" --forward-model op_level --max-workers 8",,800,200,"PERF_DATA_MISSING=340, SDK_UNREPRESENTABLE=460",,26dae1f99b2b50fb17118f38d8a8e95dfac3357c
nvidia/DeepSeek-V3.2-NVFP4,DeepseekV32ForCausalLM,rtx_pro_6000_server,sglang,0.5.16,FAIL,"Strict-native op-level FPE probes: PERF_DATA_MISSING=340, SDK_UNREPRESENTABLE=460; raw probes=800; topologies=200; source_sha=26dae1f99b2b50fb17118f38d8a8e95dfac3357c. Representative failure: perf database error: perf database error: perf database error: no DSA module rows loaded from 1 source(s) (first: <repo>/python/aisimulate/src/aiconfigurator_core/systems/data/rtx_pro_6000_server/sglang/0.5.16/dsa_context_module_perf.parquet)","python python/aisimulate/tools/support_matrix/generate_fpe_support_matrix.py --model ""nvidia/DeepSeek-V3.2-NVFP4"" --system ""rtx_pro_6000_server"" --backend ""sglang"" --backend-version ""0.5.16"" --forward-model op_level --max-workers 8",,800,200,"PERF_DATA_MISSING=340, SDK_UNREPRESENTABLE=460",,26dae1f99b2b50fb17118f38d8a8e95dfac3357c
nvidia/DeepSeek-V3.2-NVFP4,DeepseekV32ForCausalLM,rtx_pro_6000_server,sglang,0.5.9,FAIL,"Strict-native op-level FPE probes: PERF_DATA_MISSING=340, SDK_UNREPRESENTABLE=460; raw probes=800; topologies=200; source_sha=26dae1f99b2b50fb17118f38d8a8e95dfac3357c. Representative failure: perf database error: perf database error: no GEMM rows loaded from 1 source(s) (first: <repo>/python/aisimulate/src/aiconfigurator_core/systems/data/rtx_pro_6000_server/sglang/0.5.9/gemm_perf.parquet)","python python/aisimulate/tools/support_matrix/generate_fpe_support_matrix.py --model ""nvidia/DeepSeek-V3.2-NVFP4"" --system ""rtx_pro_6000_server"" --backend ""sglang"" --backend-version ""0.5.9"" --forward-model op_level --max-workers 8",,800,200,"PERF_DATA_MISSING=340, SDK_UNREPRESENTABLE=460",,26dae1f99b2b50fb17118f38d8a8e95dfac3357c
nvidia/DeepSeek-V3.2-NVFP4,DeepseekV32ForCausalLM,rtx_pro_6000_server,trtllm,1.3.0rc10,FAIL,"Strict-native op-level FPE probes: PERF_DATA_MISSING=192; raw probes=192; topologies=48; source_sha=26dae1f99b2b50fb17118f38d8a8e95dfac3357c. Representative failure: perf database error: custom_allreduce data missing for (""half"", 4) at <repo>/python/aisimulate/src/aiconfigurator_core/systems/data/rtx_pro_6000_server/trtllm/1.3.0rc10","python python/aisimulate/tools/support_matrix/generate_fpe_support_matrix.py --model ""nvidia/DeepSeek-V3.2-NVFP4"" --system ""rtx_pro_6000_server"" --backend ""trtllm"" --backend-version ""1.3.0rc10"" --forward-model op_level --max-workers 8",,192,48,PERF_DATA_MISSING=192,,26dae1f99b2b50fb17118f38d8a8e95dfac3357c
nvidia/DeepSeek-V3.2-NVFP4,DeepseekV32ForCausalLM,rtx_pro_6000_server,trtllm,1.3.0rc15,FAIL,"Strict-native op-level FPE probes: PERF_DATA_MISSING=192; raw probes=192; topologies=48; source_sha=26dae1f99b2b50fb17118f38d8a8e95dfac3357c. Representative failure: perf database error: custom_allreduce data missing for (""half"", 4) at <repo>/python/aisimulate/src/aiconfigurator_core/systems/data/rtx_pro_6000_server/trtllm/1.3.0rc15","python python/aisimulate/tools/support_matrix/generate_fpe_support_matrix.py --model ""nvidia/DeepSeek-V3.2-NVFP4"" --system ""rtx_pro_6000_server"" --backend ""trtllm"" --backend-version ""1.3.0rc15"" --forward-model op_level --max-workers 8",,192,48,PERF_DATA_MISSING=192,,26dae1f99b2b50fb17118f38d8a8e95dfac3357c
nvidia/DeepSeek-V3.2-NVFP4,DeepseekV32ForCausalLM,rtx_pro_6000_server,trtllm,1.3.0rc20,FAIL,Strict-native op-level FPE probes: PERF_DATA_MISSING=192; raw probes=192; topologies=48; source_sha=26dae1f99b2b50fb17118f38d8a8e95dfac3357c. Representative failure: perf database error: perf database error: perf database error: no DSA module rows loaded from 1 source(s) (first: <repo>/python/aisimulate/src/aiconfigurator_core/systems/data/rtx_pro_6000_server/trtllm/1.3.0rc20/dsa_context_module_perf.parquet),"python python/aisimulate/tools/support_matrix/generate_fpe_support_matrix.py --model ""nvidia/DeepSeek-V3.2-NVFP4"" --system ""rtx_pro_6000_server"" --backend ""trtllm"" --backend-version ""1.3.0rc20"" --forward-model op_level --max-workers 8",,192,48,PERF_DATA_MISSING=192,,26dae1f99b2b50fb17118f38d8a8e95dfac3357c
nvidia/DeepSeek-V3.2-NVFP4,DeepseekV32ForCausalLM,rtx_pro_6000_server,trtllm,1.3.0rc23,FAIL,Strict-native op-level FPE probes: PERF_DATA_MISSING=192; raw probes=192; topologies=48; source_sha=26dae1f99b2b50fb17118f38d8a8e95dfac3357c. Representative failure: perf database error: perf database error: perf database error: no DSA module rows loaded from 1 source(s) (first: <repo>/python/aisimulate/src/aiconfigurator_core/systems/data/rtx_pro_6000_server/trtllm/1.3.0rc23/dsa_context_module_perf.parquet),"python python/aisimulate/tools/support_matrix/generate_fpe_support_matrix.py --model ""nvidia/DeepSeek-V3.2-NVFP4"" --system ""rtx_pro_6000_server"" --backend ""trtllm"" --backend-version ""1.3.0rc23"" --forward-model op_level --max-workers 8",,192,48,PERF_DATA_MISSING=192,,26dae1f99b2b50fb17118f38d8a8e95dfac3357c
nvidia/DeepSeek-V3.2-NVFP4,DeepseekV32ForCausalLM,rtx_pro_6000_server,vllm,0.1.dev19262,FAIL,Strict-native op-level FPE probes: PERF_DATA_MISSING=192; raw probes=192; topologies=48; source_sha=26dae1f99b2b50fb17118f38d8a8e95dfac3357c. Representative failure: perf database error: perf database error: no GEMM rows loaded from 1 source(s) (first: <repo>/python/aisimulate/src/aiconfigurator_core/systems/data/rtx_pro_6000_server/vllm/0.1.dev19262/gemm_perf.parquet),"python python/aisimulate/tools/support_matrix/generate_fpe_support_matrix.py --model ""nvidia/DeepSeek-V3.2-NVFP4"" --system ""rtx_pro_6000_server"" --backend ""vllm"" --backend-version ""0.1.dev19262"" --forward-model op_level --max-workers 8",,192,48,PERF_DATA_MISSING=192,,26dae1f99b2b50fb17118f38d8a8e95dfac3357c
nvidia/DeepSeek-V3.2-NVFP4,DeepseekV32ForCausalLM,rtx_pro_6000_server,vllm,0.14.0,FAIL,Strict-native op-level FPE probes: PERF_DATA_MISSING=192; raw probes=192; topologies=48; source_sha=26dae1f99b2b50fb17118f38d8a8e95dfac3357c. Representative failure: perf database error: perf database error: no GEMM rows loaded from 1 source(s) (first: <repo>/python/aisimulate/src/aiconfigurator_core/systems/data/rtx_pro_6000_server/vllm/0.14.0/gemm_perf.parquet),"python python/aisimulate/tools/support_matrix/generate_fpe_support_matrix.py --model ""nvidia/DeepSeek-V3.2-NVFP4"" --system ""rtx_pro_6000_server"" --backend ""vllm"" --backend-version ""0.14.0"" --forward-model op_level --max-workers 8",,192,48,PERF_DATA_MISSING=192,,26dae1f99b2b50fb17118f38d8a8e95dfac3357c
nvidia/DeepSeek-V3.2-NVFP4,DeepseekV32ForCausalLM,rtx_pro_6000_server,vllm,0.19.0,FAIL,"Strict-native op-level FPE probes: PERF_DATA_MISSING=192; raw probes=192; topologies=48; source_sha=26dae1f99b2b50fb17118f38d8a8e95dfac3357c. Representative failure: perf database error: MoE data missing for MoeKey { quant: ""nvfp4"", distribution: ""uniform"", topk: 8, num_experts: 256, hidden_size: 7168, inter_size: 2048, moe_tp_size: 1, moe_ep_size: 1 } at <repo>/python/aisimulate/src/aiconfigurator_core/systems/data/rtx_pro_6000_server/vllm/0.19.0","python python/aisimulate/tools/support_matrix/generate_fpe_support_matrix.py --model ""nvidia/DeepSeek-V3.2-NVFP4"" --system ""rtx_pro_6000_server"" --backend ""vllm"" --backend-version ""0.19.0"" --forward-model op_level --max-workers 8",,192,48,PERF_DATA_MISSING=192,,26dae1f99b2b50fb17118f38d8a8e95dfac3357c
nvidia/DeepSeek-V3.2-NVFP4,DeepseekV32ForCausalLM,rtx_pro_6000_server,vllm,0.22.0,FAIL,"Strict-native op-level FPE probes: PERF_DATA_MISSING=192; raw probes=192; topologies=48; source_sha=26dae1f99b2b50fb17118f38d8a8e95dfac3357c. Representative failure: perf database error: custom_allreduce data missing for (""half"", 4) at <repo>/python/aisimulate/src/aiconfigurator_core/systems/data/rtx_pro_6000_server/vllm/0.22.0","python python/aisimulate/tools/support_matrix/generate_fpe_support_matrix.py --model ""nvidia/DeepSeek-V3.2-NVFP4"" --system ""rtx_pro_6000_server"" --backend ""vllm"" --backend-version ""0.22.0"" --forward-model op_level --max-workers 8",,192,48,PERF_DATA_MISSING=192,,26dae1f99b2b50fb17118f38d8a8e95dfac3357c
nvidia/DeepSeek-V3.2-NVFP4,DeepseekV32ForCausalLM,rtx_pro_6000_server,vllm,0.24.0,FAIL,Strict-native op-level FPE probes: PERF_DATA_MISSING=192; raw probes=192; topologies=48; source_sha=26dae1f99b2b50fb17118f38d8a8e95dfac3357c. Representative failure: perf database error: perf database error: perf database error: no DSA module rows loaded from 1 source(s) (first: <repo>/python/aisimulate/src/aiconfigurator_core/systems/data/rtx_pro_6000_server/vllm/0.24.0/dsa_context_module_perf.parquet),"python python/aisimulate/tools/support_matrix/generate_fpe_support_matrix.py --model ""nvidia/DeepSeek-V3.2-NVFP4"" --system ""rtx_pro_6000_server"" --backend ""vllm"" --backend-version ""0.24.0"" --forward-model op_level --max-workers 8",,192,48,PERF_DATA_MISSING=192,,26dae1f99b2b50fb17118f38d8a8e95dfac3357c
nvidia/DeepSeek-V4-Flash-NVFP4,DeepseekV4ForCausalLM,rtx_pro_6000_server,sglang,0.5.10,FAIL,"Strict-native op-level FPE probes: PERF_DATA_MISSING=340, SDK_UNREPRESENTABLE=460; raw probes=800; topologies=200; source_sha=26dae1f99b2b50fb17118f38d8a8e95dfac3357c. Representative failure: perf database error: GEMM perf data missing for quant 'fp8_block' at <repo>/python/aisimulate/src/aiconfigurator_core/systems/data/rtx_pro_6000_server/sglang/0.5.10; available: [""bfloat16"", ""fp8"", ""nvfp4""]","python python/aisimulate/tools/support_matrix/generate_fpe_support_matrix.py --model ""nvidia/DeepSeek-V4-Flash-NVFP4"" --system ""rtx_pro_6000_server"" --backend ""sglang"" --backend-version ""0.5.10"" --forward-model op_level --max-workers 8",,800,200,"PERF_DATA_MISSING=340, SDK_UNREPRESENTABLE=460",,26dae1f99b2b50fb17118f38d8a8e95dfac3357c
nvidia/DeepSeek-V4-Flash-NVFP4,DeepseekV4ForCausalLM,rtx_pro_6000_server,sglang,0.5.10rc0,FAIL,"Strict-native op-level FPE probes: PERF_DATA_MISSING=340, SDK_UNREPRESENTABLE=460; raw probes=800; topologies=200; source_sha=26dae1f99b2b50fb17118f38d8a8e95dfac3357c. Representative failure: perf database error: perf database error: no DSV4 module rows loaded from 1 source(s) (first: <repo>/python/aisimulate/src/aiconfigurator_core/systems/data/rtx_pro_6000_server/sglang/0.5.10rc0/dsv4_csa_context_module_perf.parquet)","python python/aisimulate/tools/support_matrix/generate_fpe_support_matrix.py --model ""nvidia/DeepSeek-V4-Flash-NVFP4"" --system ""rtx_pro_6000_server"" --backend ""sglang"" --backend-version ""0.5.10rc0"" --forward-model op_level --max-workers 8",,800,200,"PERF_DATA_MISSING=340, SDK_UNREPRESENTABLE=460",,26dae1f99b2b50fb17118f38d8a8e95dfac3357c
nvidia/DeepSeek-V4-Flash-NVFP4,DeepseekV4ForCausalLM,rtx_pro_6000_server,sglang,0.5.12,FAIL,"Strict-native op-level FPE probes: PERF_DATA_MISSING=340, SDK_UNREPRESENTABLE=460; raw probes=800; topologies=200; source_sha=26dae1f99b2b50fb17118f38d8a8e95dfac3357c. Representative failure: perf database error: GEMM perf data missing for quant 'fp8_block' at <repo>/python/aisimulate/src/aiconfigurator_core/systems/data/rtx_pro_6000_server/sglang/0.5.12; available: [""bfloat16"", ""fp8"", ""nvfp4""]","python python/aisimulate/tools/support_matrix/generate_fpe_support_matrix.py --model ""nvidia/DeepSeek-V4-Flash-NVFP4"" --system ""rtx_pro_6000_server"" --backend ""sglang"" --backend-version ""0.5.12"" --forward-model op_level --max-workers 8",,800,200,"PERF_DATA_MISSING=340, SDK_UNREPRESENTABLE=460",,26dae1f99b2b50fb17118f38d8a8e95dfac3357c
nvidia/DeepSeek-V4-Flash-NVFP4,DeepseekV4ForCausalLM,rtx_pro_6000_server,sglang,0.5.14,FAIL,"Strict-native op-level FPE probes: PERF_DATA_MISSING=340, SDK_UNREPRESENTABLE=460; raw probes=800; topologies=200; source_sha=26dae1f99b2b50fb17118f38d8a8e95dfac3357c. Representative failure: perf database error: GEMM perf data missing for quant 'fp8_block' at <repo>/python/aisimulate/src/aiconfigurator_core/systems/data/rtx_pro_6000_server/sglang/0.5.14; available: [""bfloat16"", ""fp8"", ""nvfp4""]","python python/aisimulate/tools/support_matrix/generate_fpe_support_matrix.py --model ""nvidia/DeepSeek-V4-Flash-NVFP4"" --system ""rtx_pro_6000_server"" --backend ""sglang"" --backend-version ""0.5.14"" --forward-model op_level --max-workers 8",,800,200,"PERF_DATA_MISSING=340, SDK_UNREPRESENTABLE=460",,26dae1f99b2b50fb17118f38d8a8e95dfac3357c
nvidia/DeepSeek-V4-Flash-NVFP4,DeepseekV4ForCausalLM,rtx_pro_6000_server,sglang,0.5.16,FAIL,"Strict-native op-level FPE probes: PERF_DATA_MISSING=340, SDK_UNREPRESENTABLE=460; raw probes=800; topologies=200; source_sha=26dae1f99b2b50fb17118f38d8a8e95dfac3357c. Representative failure: perf database error: GEMM perf data missing for quant 'fp8_block' at <repo>/python/aisimulate/src/aiconfigurator_core/systems/data/rtx_pro_6000_server/sglang/0.5.16; available: [""bfloat16"", ""fp8"", ""nvfp4""]","python python/aisimulate/tools/support_matrix/generate_fpe_support_matrix.py --model ""nvidia/DeepSeek-V4-Flash-NVFP4"" --system ""rtx_pro_6000_server"" --backend ""sglang"" --backend-version ""0.5.16"" --forward-model op_level --max-workers 8",,800,200,"PERF_DATA_MISSING=340, SDK_UNREPRESENTABLE=460",,26dae1f99b2b50fb17118f38d8a8e95dfac3357c
nvidia/DeepSeek-V4-Flash-NVFP4,DeepseekV4ForCausalLM,rtx_pro_6000_server,sglang,0.5.9,FAIL,"Strict-native op-level FPE probes: PERF_DATA_MISSING=340, SDK_UNREPRESENTABLE=460; raw probes=800; topologies=200; source_sha=26dae1f99b2b50fb17118f38d8a8e95dfac3357c. Representative failure: perf database error: perf database error: no MHC module rows loaded from 1 source(s) (first: <repo>/python/aisimulate/src/aiconfigurator_core/systems/data/rtx_pro_6000_server/sglang/0.5.9/mhc_module_perf.parquet)","python python/aisimulate/tools/support_matrix/generate_fpe_support_matrix.py --model ""nvidia/DeepSeek-V4-Flash-NVFP4"" --system ""rtx_pro_6000_server"" --backend ""sglang"" --backend-version ""0.5.9"" --forward-model op_level --max-workers 8",,800,200,"PERF_DATA_MISSING=340, SDK_UNREPRESENTABLE=460",,26dae1f99b2b50fb17118f38d8a8e95dfac3357c
nvidia/DeepSeek-V4-Flash-NVFP4,DeepseekV4ForCausalLM,rtx_pro_6000_server,trtllm,1.3.0rc10,FAIL,Strict-native op-level FPE probes: PERF_DATA_MISSING=192; raw probes=192; topologies=48; source_sha=26dae1f99b2b50fb17118f38d8a8e95dfac3357c. Representative failure: perf database error: perf database error: no MHC module rows loaded from 1 source(s) (first: <repo>/python/aisimulate/src/aiconfigurator_core/systems/data/rtx_pro_6000_server/trtllm/1.3.0rc10/mhc_module_perf.parquet),"python python/aisimulate/tools/support_matrix/generate_fpe_support_matrix.py --model ""nvidia/DeepSeek-V4-Flash-NVFP4"" --system ""rtx_pro_6000_server"" --backend ""trtllm"" --backend-version ""1.3.0rc10"" --forward-model op_level --max-workers 8",,192,48,PERF_DATA_MISSING=192,,26dae1f99b2b50fb17118f38d8a8e95dfac3357c
nvidia/DeepSeek-V4-Flash-NVFP4,DeepseekV4ForCausalLM,rtx_pro_6000_server,trtllm,1.3.0rc15,FAIL,Strict-native op-level FPE probes: PERF_DATA_MISSING=192; raw probes=192; topologies=48; source_sha=26dae1f99b2b50fb17118f38d8a8e95dfac3357c. Representative failure: perf database error: perf database error: no MHC module rows loaded from 1 source(s) (first: <repo>/python/aisimulate/src/aiconfigurator_core/systems/data/rtx_pro_6000_server/trtllm/1.3.0rc15/mhc_module_perf.parquet),"python python/aisimulate/tools/support_matrix/generate_fpe_support_matrix.py --model ""nvidia/DeepSeek-V4-Flash-NVFP4"" --system ""rtx_pro_6000_server"" --backend ""trtllm"" --backend-version ""1.3.0rc15"" --forward-model op_level --max-workers 8",,192,48,PERF_DATA_MISSING=192,,26dae1f99b2b50fb17118f38d8a8e95dfac3357c
nvidia/DeepSeek-V4-Flash-NVFP4,DeepseekV4ForCausalLM,rtx_pro_6000_server,trtllm,1.3.0rc20,FAIL,Strict-native op-level FPE probes: PERF_DATA_MISSING=192; raw probes=192; topologies=48; source_sha=26dae1f99b2b50fb17118f38d8a8e95dfac3357c. Representative failure: perf database error: perf database error: no DSV4 module rows loaded from 1 source(s) (first: <repo>/python/aisimulate/src/aiconfigurator_core/systems/data/rtx_pro_6000_server/trtllm/1.3.0rc20/dsv4_csa_context_module_perf.parquet),"python python/aisimulate/tools/support_matrix/generate_fpe_support_matrix.py --model ""nvidia/DeepSeek-V4-Flash-NVFP4"" --system ""rtx_pro_6000_server"" --backend ""trtllm"" --backend-version ""1.3.0rc20"" --forward-model op_level --max-workers 8",,192,48,PERF_DATA_MISSING=192,,26dae1f99b2b50fb17118f38d8a8e95dfac3357c
nvidia/DeepSeek-V4-Flash-NVFP4,DeepseekV4ForCausalLM,rtx_pro_6000_server,trtllm,1.3.0rc23,FAIL,Strict-native op-level FPE probes: PERF_DATA_MISSING=192; raw probes=192; topologies=48; source_sha=26dae1f99b2b50fb17118f38d8a8e95dfac3357c. Representative failure: perf database error: perf database error: no DSV4 module rows loaded from 1 source(s) (first: <repo>/python/aisimulate/src/aiconfigurator_core/systems/data/rtx_pro_6000_server/trtllm/1.3.0rc23/dsv4_csa_context_module_perf.parquet),"python python/aisimulate/tools/support_matrix/generate_fpe_support_matrix.py --model ""nvidia/DeepSeek-V4-Flash-NVFP4"" --system ""rtx_pro_6000_server"" --backend ""trtllm"" --backend-version ""1.3.0rc23"" --forward-model op_level --max-workers 8",,192,48,PERF_DATA_MISSING=192,,26dae1f99b2b50fb17118f38d8a8e95dfac3357c
nvidia/DeepSeek-V4-Flash-NVFP4,DeepseekV4ForCausalLM,rtx_pro_6000_server,vllm,0.1.dev19262,FAIL,Strict-native op-level FPE probes: PERF_DATA_MISSING=192; raw probes=192; topologies=48; source_sha=26dae1f99b2b50fb17118f38d8a8e95dfac3357c. Representative failure: perf database error: perf database error: no MHC module rows loaded from 1 source(s) (first: <repo>/python/aisimulate/src/aiconfigurator_core/systems/data/rtx_pro_6000_server/vllm/0.1.dev19262/mhc_module_perf.parquet),"python python/aisimulate/tools/support_matrix/generate_fpe_support_matrix.py --model ""nvidia/DeepSeek-V4-Flash-NVFP4"" --system ""rtx_pro_6000_server"" --backend ""vllm"" --backend-version ""0.1.dev19262"" --forward-model op_level --max-workers 8",,192,48,PERF_DATA_MISSING=192,,26dae1f99b2b50fb17118f38d8a8e95dfac3357c
nvidia/DeepSeek-V4-Flash-NVFP4,DeepseekV4ForCausalLM,rtx_pro_6000_server,vllm,0.14.0,FAIL,Strict-native op-level FPE probes: PERF_DATA_MISSING=192; raw probes=192; topologies=48; source_sha=26dae1f99b2b50fb17118f38d8a8e95dfac3357c. Representative failure: perf database error: perf database error: no MHC module rows loaded from 1 source(s) (first: <repo>/python/aisimulate/src/aiconfigurator_core/systems/data/rtx_pro_6000_server/vllm/0.14.0/mhc_module_perf.parquet),"python python/aisimulate/tools/support_matrix/generate_fpe_support_matrix.py --model ""nvidia/DeepSeek-V4-Flash-NVFP4"" --system ""rtx_pro_6000_server"" --backend ""vllm"" --backend-version ""0.14.0"" --forward-model op_level --max-workers 8",,192,48,PERF_DATA_MISSING=192,,26dae1f99b2b50fb17118f38d8a8e95dfac3357c
nvidia/DeepSeek-V4-Flash-NVFP4,DeepseekV4ForCausalLM,rtx_pro_6000_server,vllm,0.19.0,FAIL,Strict-native op-level FPE probes: PERF_DATA_MISSING=192; raw probes=192; topologies=48; source_sha=26dae1f99b2b50fb17118f38d8a8e95dfac3357c. Representative failure: perf database error: perf database error: no MHC module rows loaded from 1 source(s) (first: <repo>/python/aisimulate/src/aiconfigurator_core/systems/data/rtx_pro_6000_server/vllm/0.19.0/mhc_module_perf.parquet),"python python/aisimulate/tools/support_matrix/generate_fpe_support_matrix.py --model ""nvidia/DeepSeek-V4-Flash-NVFP4"" --system ""rtx_pro_6000_server"" --backend ""vllm"" --backend-version ""0.19.0"" --forward-model op_level --max-workers 8",,192,48,PERF_DATA_MISSING=192,,26dae1f99b2b50fb17118f38d8a8e95dfac3357c
nvidia/DeepSeek-V4-Flash-NVFP4,DeepseekV4ForCausalLM,rtx_pro_6000_server,vllm,0.22.0,FAIL,Strict-native op-level FPE probes: PERF_DATA_MISSING=192; raw probes=192; topologies=48; source_sha=26dae1f99b2b50fb17118f38d8a8e95dfac3357c. Representative failure: perf database error: perf database error: no MHC module rows loaded from 1 source(s) (first: <repo>/python/aisimulate/src/aiconfigurator_core/systems/data/rtx_pro_6000_server/vllm/0.22.0/mhc_module_perf.parquet),"python python/aisimulate/tools/support_matrix/generate_fpe_support_matrix.py --model ""nvidia/DeepSeek-V4-Flash-NVFP4"" --system ""rtx_pro_6000_server"" --backend ""vllm"" --backend-version ""0.22.0"" --forward-model op_level --max-workers 8",,192,48,PERF_DATA_MISSING=192,,26dae1f99b2b50fb17118f38d8a8e95dfac3357c
nvidia/DeepSeek-V4-Flash-NVFP4,DeepseekV4ForCausalLM,rtx_pro_6000_server,vllm,0.24.0,FAIL,Strict-native op-level FPE probes: PERF_DATA_MISSING=192; raw probes=192; topologies=48; source_sha=26dae1f99b2b50fb17118f38d8a8e95dfac3357c. Representative failure: perf database error: perf database error: no MHC module rows loaded from 1 source(s) (first: <repo>/python/aisimulate/src/aiconfigurator_core/systems/data/rtx_pro_6000_server/vllm/0.24.0/mhc_module_perf.parquet),"python python/aisimulate/tools/support_matrix/generate_fpe_support_matrix.py --model ""nvidia/DeepSeek-V4-Flash-NVFP4"" --system ""rtx_pro_6000_server"" --backend ""vllm"" --backend-version ""0.24.0"" --forward-model op_level --max-workers 8",,192,48,PERF_DATA_MISSING=192,,26dae1f99b2b50fb17118f38d8a8e95dfac3357c
nvidia/DeepSeek-V4-Pro-NVFP4,DeepseekV4ForCausalLM,rtx_pro_6000_server,sglang,0.5.10,FAIL,"Strict-native op-level FPE probes: PERF_DATA_MISSING=340, SDK_UNREPRESENTABLE=460; raw probes=800; topologies=200; source_sha=26dae1f99b2b50fb17118f38d8a8e95dfac3357c. Representative failure: perf database error: GEMM perf data missing for quant 'fp8_block' at <repo>/python/aisimulate/src/aiconfigurator_core/systems/data/rtx_pro_6000_server/sglang/0.5.10; available: [""bfloat16"", ""fp8"", ""nvfp4""]","python python/aisimulate/tools/support_matrix/generate_fpe_support_matrix.py --model ""nvidia/DeepSeek-V4-Pro-NVFP4"" --system ""rtx_pro_6000_server"" --backend ""sglang"" --backend-version ""0.5.10"" --forward-model op_level --max-workers 8",,800,200,"PERF_DATA_MISSING=340, SDK_UNREPRESENTABLE=460",,26dae1f99b2b50fb17118f38d8a8e95dfac3357c
nvidia/DeepSeek-V4-Pro-NVFP4,DeepseekV4ForCausalLM,rtx_pro_6000_server,sglang,0.5.10rc0,FAIL,"Strict-native op-level FPE probes: PERF_DATA_MISSING=340, SDK_UNREPRESENTABLE=460; raw probes=800; topologies=200; source_sha=26dae1f99b2b50fb17118f38d8a8e95dfac3357c. Representative failure: perf database error: perf database error: no DSV4 module rows loaded from 1 source(s) (first: <repo>/python/aisimulate/src/aiconfigurator_core/systems/data/rtx_pro_6000_server/sglang/0.5.10rc0/dsv4_hca_context_module_perf.parquet)","python python/aisimulate/tools/support_matrix/generate_fpe_support_matrix.py --model ""nvidia/DeepSeek-V4-Pro-NVFP4"" --system ""rtx_pro_6000_server"" --backend ""sglang"" --backend-version ""0.5.10rc0"" --forward-model op_level --max-workers 8",,800,200,"PERF_DATA_MISSING=340, SDK_UNREPRESENTABLE=460",,26dae1f99b2b50fb17118f38d8a8e95dfac3357c
nvidia/DeepSeek-V4-Pro-NVFP4,DeepseekV4ForCausalLM,rtx_pro_6000_server,sglang,0.5.12,FAIL,"Strict-native op-level FPE probes: PERF_DATA_MISSING=340, SDK_UNREPRESENTABLE=460; raw probes=800; topologies=200; source_sha=26dae1f99b2b50fb17118f38d8a8e95dfac3357c. Representative failure: perf database error: GEMM perf data missing for quant 'fp8_block' at <repo>/python/aisimulate/src/aiconfigurator_core/systems/data/rtx_pro_6000_server/sglang/0.5.12; available: [""bfloat16"", ""fp8"", ""nvfp4""]","python python/aisimulate/tools/support_matrix/generate_fpe_support_matrix.py --model ""nvidia/DeepSeek-V4-Pro-NVFP4"" --system ""rtx_pro_6000_server"" --backend ""sglang"" --backend-version ""0.5.12"" --forward-model op_level --max-workers 8",,800,200,"PERF_DATA_MISSING=340, SDK_UNREPRESENTABLE=460",,26dae1f99b2b50fb17118f38d8a8e95dfac3357c
nvidia/DeepSeek-V4-Pro-NVFP4,DeepseekV4ForCausalLM,rtx_pro_6000_server,sglang,0.5.14,FAIL,"Strict-native op-level FPE probes: PERF_DATA_MISSING=340, SDK_UNREPRESENTABLE=460; raw probes=800; topologies=200; source_sha=26dae1f99b2b50fb17118f38d8a8e95dfac3357c. Representative failure: perf database error: GEMM perf data missing for quant 'fp8_block' at <repo>/python/aisimulate/src/aiconfigurator_core/systems/data/rtx_pro_6000_server/sglang/0.5.14; available: [""bfloat16"", ""fp8"", ""nvfp4""]","python python/aisimulate/tools/support_matrix/generate_fpe_support_matrix.py --model ""nvidia/DeepSeek-V4-Pro-NVFP4"" --system ""rtx_pro_6000_server"" --backend ""sglang"" --backend-version ""0.5.14"" --forward-model op_level --max-workers 8",,800,200,"PERF_DATA_MISSING=340, SDK_UNREPRESENTABLE=460",,26dae1f99b2b50fb17118f38d8a8e95dfac3357c
nvidia/DeepSeek-V4-Pro-NVFP4,DeepseekV4ForCausalLM,rtx_pro_6000_server,sglang,0.5.16,FAIL,"Strict-native op-level FPE probes: PERF_DATA_MISSING=340, SDK_UNREPRESENTABLE=460; raw probes=800; topologies=200; source_sha=26dae1f99b2b50fb17118f38d8a8e95dfac3357c. Representative failure: perf database error: GEMM perf data missing for quant 'fp8_block' at <repo>/python/aisimulate/src/aiconfigurator_core/systems/data/rtx_pro_6000_server/sglang/0.5.16; available: [""bfloat16"", ""fp8"", ""nvfp4""]","python python/aisimulate/tools/support_matrix/generate_fpe_support_matrix.py --model ""nvidia/DeepSeek-V4-Pro-NVFP4"" --system ""rtx_pro_6000_server"" --backend ""sglang"" --backend-version ""0.5.16"" --forward-model op_level --max-workers 8",,800,200,"PERF_DATA_MISSING=340, SDK_UNREPRESENTABLE=460",,26dae1f99b2b50fb17118f38d8a8e95dfac3357c
nvidia/DeepSeek-V4-Pro-NVFP4,DeepseekV4ForCausalLM,rtx_pro_6000_server,sglang,0.5.9,FAIL,"Strict-native op-level FPE probes: PERF_DATA_MISSING=340, SDK_UNREPRESENTABLE=460; raw probes=800; topologies=200; source_sha=26dae1f99b2b50fb17118f38d8a8e95dfac3357c. Representative failure: perf database error: perf database error: no MHC module rows loaded from 1 source(s) (first: <repo>/python/aisimulate/src/aiconfigurator_core/systems/data/rtx_pro_6000_server/sglang/0.5.9/mhc_module_perf.parquet)","python python/aisimulate/tools/support_matrix/generate_fpe_support_matrix.py --model ""nvidia/DeepSeek-V4-Pro-NVFP4"" --system ""rtx_pro_6000_server"" --backend ""sglang"" --backend-version ""0.5.9"" --forward-model op_level --max-workers 8",,800,200,"PERF_DATA_MISSING=340, SDK_UNREPRESENTABLE=460",,26dae1f99b2b50fb17118f38d8a8e95dfac3357c
nvidia/DeepSeek-V4-Pro-NVFP4,DeepseekV4ForCausalLM,rtx_pro_6000_server,trtllm,1.3.0rc10,FAIL,Strict-native op-level FPE probes: PERF_DATA_MISSING=192; raw probes=192; topologies=48; source_sha=26dae1f99b2b50fb17118f38d8a8e95dfac3357c. Representative failure: perf database error: perf database error: no MHC module rows loaded from 1 source(s) (first: <repo>/python/aisimulate/src/aiconfigurator_core/systems/data/rtx_pro_6000_server/trtllm/1.3.0rc10/mhc_module_perf.parquet),"python python/aisimulate/tools/support_matrix/generate_fpe_support_matrix.py --model ""nvidia/DeepSeek-V4-Pro-NVFP4"" --system ""rtx_pro_6000_server"" --backend ""trtllm"" --backend-version ""1.3.0rc10"" --forward-model op_level --max-workers 8",,192,48,PERF_DATA_MISSING=192,,26dae1f99b2b50fb17118f38d8a8e95dfac3357c
nvidia/DeepSeek-V4-Pro-NVFP4,DeepseekV4ForCausalLM,rtx_pro_6000_server,trtllm,1.3.0rc15,FAIL,Strict-native op-level FPE probes: PERF_DATA_MISSING=192; raw probes=192; topologies=48; source_sha=26dae1f99b2b50fb17118f38d8a8e95dfac3357c. Representative failure: perf database error: perf database error: no MHC module rows loaded from 1 source(s) (first: <repo>/python/aisimulate/src/aiconfigurator_core/systems/data/rtx_pro_6000_server/trtllm/1.3.0rc15/mhc_module_perf.parquet),"python python/aisimulate/tools/support_matrix/generate_fpe_support_matrix.py --model ""nvidia/DeepSeek-V4-Pro-NVFP4"" --system ""rtx_pro_6000_server"" --backend ""trtllm"" --backend-version ""1.3.0rc15"" --forward-model op_level --max-workers 8",,192,48,PERF_DATA_MISSING=192,,26dae1f99b2b50fb17118f38d8a8e95dfac3357c
nvidia/DeepSeek-V4-Pro-NVFP4,DeepseekV4ForCausalLM,rtx_pro_6000_server,trtllm,1.3.0rc20,FAIL,Strict-native op-level FPE probes: PERF_DATA_MISSING=192; raw probes=192; topologies=48; source_sha=26dae1f99b2b50fb17118f38d8a8e95dfac3357c. Representative failure: perf database error: perf database error: no DSV4 module rows loaded from 1 source(s) (first: <repo>/python/aisimulate/src/aiconfigurator_core/systems/data/rtx_pro_6000_server/trtllm/1.3.0rc20/dsv4_hca_context_module_perf.parquet),"python python/aisimulate/tools/support_matrix/generate_fpe_support_matrix.py --model ""nvidia/DeepSeek-V4-Pro-NVFP4"" --system ""rtx_pro_6000_server"" --backend ""trtllm"" --backend-version ""1.3.0rc20"" --forward-model op_level --max-workers 8",,192,48,PERF_DATA_MISSING=192,,26dae1f99b2b50fb17118f38d8a8e95dfac3357c
nvidia/DeepSeek-V4-Pro-NVFP4,DeepseekV4ForCausalLM,rtx_pro_6000_server,trtllm,1.3.0rc23,FAIL,Strict-native op-level FPE probes: PERF_DATA_MISSING=192; raw probes=192; topologies=48; source_sha=26dae1f99b2b50fb17118f38d8a8e95dfac3357c. Representative failure: perf database error: perf database error: no DSV4 module rows loaded from 1 source(s) (first: <repo>/python/aisimulate/src/aiconfigurator_core/systems/data/rtx_pro_6000_server/trtllm/1.3.0rc23/dsv4_hca_context_module_perf.parquet),"python python/aisimulate/tools/support_matrix/generate_fpe_support_matrix.py --model ""nvidia/DeepSeek-V4-Pro-NVFP4"" --system ""rtx_pro_6000_server"" --backend ""trtllm"" --backend-version ""1.3.0rc23"" --forward-model op_level --max-workers 8",,192,48,PERF_DATA_MISSING=192,,26dae1f99b2b50fb17118f38d8a8e95dfac3357c
nvidia/DeepSeek-V4-Pro-NVFP4,DeepseekV4ForCausalLM,rtx_pro_6000_server,vllm,0.1.dev19262,FAIL,Strict-native op-level FPE probes: PERF_DATA_MISSING=192; raw probes=192; topologies=48; source_sha=26dae1f99b2b50fb17118f38d8a8e95dfac3357c. Representative failure: perf database error: perf database error: no MHC module rows loaded from 1 source(s) (first: <repo>/python/aisimulate/src/aiconfigurator_core/systems/data/rtx_pro_6000_server/vllm/0.1.dev19262/mhc_module_perf.parquet),"python python/aisimulate/tools/support_matrix/generate_fpe_support_matrix.py --model ""nvidia/DeepSeek-V4-Pro-NVFP4"" --system ""rtx_pro_6000_server"" --backend ""vllm"" --backend-version ""0.1.dev19262"" --forward-model op_level --max-workers 8",,192,48,PERF_DATA_MISSING=192,,26dae1f99b2b50fb17118f38d8a8e95dfac3357c
nvidia/DeepSeek-V4-Pro-NVFP4,DeepseekV4ForCausalLM,rtx_pro_6000_server,vllm,0.14.0,FAIL,Strict-native op-level FPE probes: PERF_DATA_MISSING=192; raw probes=192; topologies=48; source_sha=26dae1f99b2b50fb17118f38d8a8e95dfac3357c. Representative failure: perf database error: perf database error: no MHC module rows loaded from 1 source(s) (first: <repo>/python/aisimulate/src/aiconfigurator_core/systems/data/rtx_pro_6000_server/vllm/0.14.0/mhc_module_perf.parquet),"python python/aisimulate/tools/support_matrix/generate_fpe_support_matrix.py --model ""nvidia/DeepSeek-V4-Pro-NVFP4"" --system ""rtx_pro_6000_server"" --backend ""vllm"" --backend-version ""0.14.0"" --forward-model op_level --max-workers 8",,192,48,PERF_DATA_MISSING=192,,26dae1f99b2b50fb17118f38d8a8e95dfac3357c
nvidia/DeepSeek-V4-Pro-NVFP4,DeepseekV4ForCausalLM,rtx_pro_6000_server,vllm,0.19.0,FAIL,Strict-native op-level FPE probes: PERF_DATA_MISSING=192; raw probes=192; topologies=48; source_sha=26dae1f99b2b50fb17118f38d8a8e95dfac3357c. Representative failure: perf database error: perf database error: no MHC module rows loaded from 1 source(s) (first: <repo>/python/aisimulate/src/aiconfigurator_core/systems/data/rtx_pro_6000_server/vllm/0.19.0/mhc_module_perf.parquet),"python python/aisimulate/tools/support_matrix/generate_fpe_support_matrix.py --model ""nvidia/DeepSeek-V4-Pro-NVFP4"" --system ""rtx_pro_6000_server"" --backend ""vllm"" --backend-version ""0.19.0"" --forward-model op_level --max-workers 8",,192,48,PERF_DATA_MISSING=192,,26dae1f99b2b50fb17118f38d8a8e95dfac3357c
nvidia/DeepSeek-V4-Pro-NVFP4,DeepseekV4ForCausalLM,rtx_pro_6000_server,vllm,0.22.0,FAIL,Strict-native op-level FPE probes: PERF_DATA_MISSING=192; raw probes=192; topologies=48; source_sha=26dae1f99b2b50fb17118f38d8a8e95dfac3357c. Representative failure: perf database error: perf database error: no MHC module rows loaded from 1 source(s) (first: <repo>/python/aisimulate/src/aiconfigurator_core/systems/data/rtx_pro_6000_server/vllm/0.22.0/mhc_module_perf.parquet),"python python/aisimulate/tools/support_matrix/generate_fpe_support_matrix.py --model ""nvidia/DeepSeek-V4-Pro-NVFP4"" --system ""rtx_pro_6000_server"" --backend ""vllm"" --backend-version ""0.22.0"" --forward-model op_level --max-workers 8",,192,48,PERF_DATA_MISSING=192,,26dae1f99b2b50fb17118f38d8a8e95dfac3357c
nvidia/DeepSeek-V4-Pro-NVFP4,DeepseekV4ForCausalLM,rtx_pro_6000_server,vllm,0.24.0,FAIL,Strict-native op-level FPE probes: PERF_DATA_MISSING=192; raw probes=192; topologies=48; source_sha=26dae1f99b2b50fb17118f38d8a8e95dfac3357c. Representative failure: perf database error: perf database error: no MHC module rows loaded from 1 source(s) (first: <repo>/python/aisimulate/src/aiconfigurator_core/systems/data/rtx_pro_6000_server/vllm/0.24.0/mhc_module_perf.parquet),"python python/aisimulate/tools/support_matrix/generate_fpe_support_matrix.py --model ""nvidia/DeepSeek-V4-Pro-NVFP4"" --system ""rtx_pro_6000_server"" --backend ""vllm"" --backend-version ""0.24.0"" --forward-model op_level --max-workers 8",,192,48,PERF_DATA_MISSING=192,,26dae1f99b2b50fb17118f38d8a8e95dfac3357c
nvidia/GLM-5.2-NVFP4,GlmMoeDsaForCausalLM,rtx_pro_6000_server,sglang,0.5.10,FAIL,"Strict-native op-level FPE probes: PERF_DATA_MISSING=340, SDK_UNREPRESENTABLE=460; raw probes=800; topologies=200; source_sha=26dae1f99b2b50fb17118f38d8a8e95dfac3357c. Representative failure: perf database error: MoE data missing for MoeKey { quant: ""nvfp4"", distribution: ""uniform"", topk: 8, num_experts: 256, hidden_size: 6144, inter_size: 2048, moe_tp_size: 1, moe_ep_size: 1 } at <repo>/python/aisimulate/src/aiconfigurator_core/systems/data/rtx_pro_6000_server/sglang/0.5.10","python python/aisimulate/tools/support_matrix/generate_fpe_support_matrix.py --model ""nvidia/GLM-5.2-NVFP4"" --system ""rtx_pro_6000_server"" --backend ""sglang"" --backend-version ""0.5.10"" --forward-model op_level --max-workers 8",,800,200,"PERF_DATA_MISSING=340, SDK_UNREPRESENTABLE=460",,26dae1f99b2b50fb17118f38d8a8e95dfac3357c
nvidia/GLM-5.2-NVFP4,GlmMoeDsaForCausalLM,rtx_pro_6000_server,sglang,0.5.10rc0,FAIL,"Strict-native op-level FPE probes: PERF_DATA_MISSING=340, SDK_UNREPRESENTABLE=460; raw probes=800; topologies=200; source_sha=26dae1f99b2b50fb17118f38d8a8e95dfac3357c. Representative failure: perf database error: perf database error: no GEMM rows loaded from 1 source(s) (first: <repo>/python/aisimulate/src/aiconfigurator_core/systems/data/rtx_pro_6000_server/sglang/0.5.10rc0/gemm_perf.parquet)","python python/aisimulate/tools/support_matrix/generate_fpe_support_matrix.py --model ""nvidia/GLM-5.2-NVFP4"" --system ""rtx_pro_6000_server"" --backend ""sglang"" --backend-version ""0.5.10rc0"" --forward-model op_level --max-workers 8",,800,200,"PERF_DATA_MISSING=340, SDK_UNREPRESENTABLE=460",,26dae1f99b2b50fb17118f38d8a8e95dfac3357c
nvidia/GLM-5.2-NVFP4,GlmMoeDsaForCausalLM,rtx_pro_6000_server,sglang,0.5.12,FAIL,"Strict-native op-level FPE probes: PERF_DATA_MISSING=340, SDK_UNREPRESENTABLE=460; raw probes=800; topologies=200; source_sha=26dae1f99b2b50fb17118f38d8a8e95dfac3357c. Representative failure: perf database error: custom_allreduce data missing for (""half"", 4) at <repo>/python/aisimulate/src/aiconfigurator_core/systems/data/rtx_pro_6000_server/sglang/0.5.12","python python/aisimulate/tools/support_matrix/generate_fpe_support_matrix.py --model ""nvidia/GLM-5.2-NVFP4"" --system ""rtx_pro_6000_server"" --backend ""sglang"" --backend-version ""0.5.12"" --forward-model op_level --max-workers 8",,800,200,"PERF_DATA_MISSING=340, SDK_UNREPRESENTABLE=460",,26dae1f99b2b50fb17118f38d8a8e95dfac3357c
nvidia/GLM-5.2-NVFP4,GlmMoeDsaForCausalLM,rtx_pro_6000_server,sglang,0.5.14,FAIL,"Strict-native op-level FPE probes: PERF_DATA_MISSING=340, SDK_UNREPRESENTABLE=460; raw probes=800; topologies=200; source_sha=26dae1f99b2b50fb17118f38d8a8e95dfac3357c. Representative failure: perf database error: perf database error: perf database error: no DSA module rows loaded from 1 source(s) (first: <repo>/python/aisimulate/src/aiconfigurator_core/systems/data/rtx_pro_6000_server/sglang/0.5.14/dsa_context_module_perf.parquet)","python python/aisimulate/tools/support_matrix/generate_fpe_support_matrix.py --model ""nvidia/GLM-5.2-NVFP4"" --system ""rtx_pro_6000_server"" --backend ""sglang"" --backend-version ""0.5.14"" --forward-model op_level --max-workers 8",,800,200,"PERF_DATA_MISSING=340, SDK_UNREPRESENTABLE=460",,26dae1f99b2b50fb17118f38d8a8e95dfac3357c
nvidia/GLM-5.2-NVFP4,GlmMoeDsaForCausalLM,rtx_pro_6000_server,sglang,0.5.16,FAIL,"Strict-native op-level FPE probes: PERF_DATA_MISSING=340, SDK_UNREPRESENTABLE=460; raw probes=800; topologies=200; source_sha=26dae1f99b2b50fb17118f38d8a8e95dfac3357c. Representative failure: perf database error: perf database error: perf database error: no DSA module rows loaded from 1 source(s) (first: <repo>/python/aisimulate/src/aiconfigurator_core/systems/data/rtx_pro_6000_server/sglang/0.5.16/dsa_context_module_perf.parquet)","python python/aisimulate/tools/support_matrix/generate_fpe_support_matrix.py --model ""nvidia/GLM-5.2-NVFP4"" --system ""rtx_pro_6000_server"" --backend ""sglang"" --backend-version ""0.5.16"" --forward-model op_level --max-workers 8",,800,200,"PERF_DATA_MISSING=340, SDK_UNREPRESENTABLE=460",,26dae1f99b2b50fb17118f38d8a8e95dfac3357c
nvidia/GLM-5.2-NVFP4,GlmMoeDsaForCausalLM,rtx_pro_6000_server,sglang,0.5.9,FAIL,"Strict-native op-level FPE probes: PERF_DATA_MISSING=340, SDK_UNREPRESENTABLE=460; raw probes=800; topologies=200; source_sha=26dae1f99b2b50fb17118f38d8a8e95dfac3357c. Representative failure: perf database error: perf database error: no GEMM rows loaded from 1 source(s) (first: <repo>/python/aisimulate/src/aiconfigurator_core/systems/data/rtx_pro_6000_server/sglang/0.5.9/gemm_perf.parquet)","python python/aisimulate/tools/support_matrix/generate_fpe_support_matrix.py --model ""nvidia/GLM-5.2-NVFP4"" --system ""rtx_pro_6000_server"" --backend ""sglang"" --backend-version ""0.5.9"" --forward-model op_level --max-workers 8",,800,200,"PERF_DATA_MISSING=340, SDK_UNREPRESENTABLE=460",,26dae1f99b2b50fb17118f38d8a8e95dfac3357c
nvidia/GLM-5.2-NVFP4,GlmMoeDsaForCausalLM,rtx_pro_6000_server,trtllm,1.3.0rc10,FAIL,"Strict-native op-level FPE probes: PERF_DATA_MISSING=192; raw probes=192; topologies=48; source_sha=26dae1f99b2b50fb17118f38d8a8e95dfac3357c. Representative failure: perf database error: custom_allreduce data missing for (""half"", 4) at <repo>/python/aisimulate/src/aiconfigurator_core/systems/data/rtx_pro_6000_server/trtllm/1.3.0rc10","python python/aisimulate/tools/support_matrix/generate_fpe_support_matrix.py --model ""nvidia/GLM-5.2-NVFP4"" --system ""rtx_pro_6000_server"" --backend ""trtllm"" --backend-version ""1.3.0rc10"" --forward-model op_level --max-workers 8",,192,48,PERF_DATA_MISSING=192,,26dae1f99b2b50fb17118f38d8a8e95dfac3357c
nvidia/GLM-5.2-NVFP4,GlmMoeDsaForCausalLM,rtx_pro_6000_server,trtllm,1.3.0rc15,FAIL,"Strict-native op-level FPE probes: PERF_DATA_MISSING=192; raw probes=192; topologies=48; source_sha=26dae1f99b2b50fb17118f38d8a8e95dfac3357c. Representative failure: perf database error: custom_allreduce data missing for (""half"", 4) at <repo>/python/aisimulate/src/aiconfigurator_core/systems/data/rtx_pro_6000_server/trtllm/1.3.0rc15","python python/aisimulate/tools/support_matrix/generate_fpe_support_matrix.py --model ""nvidia/GLM-5.2-NVFP4"" --system ""rtx_pro_6000_server"" --backend ""trtllm"" --backend-version ""1.3.0rc15"" --forward-model op_level --max-workers 8",,192,48,PERF_DATA_MISSING=192,,26dae1f99b2b50fb17118f38d8a8e95dfac3357c
nvidia/GLM-5.2-NVFP4,GlmMoeDsaForCausalLM,rtx_pro_6000_server,trtllm,1.3.0rc20,FAIL,Strict-native op-level FPE probes: PERF_DATA_MISSING=192; raw probes=192; topologies=48; source_sha=26dae1f99b2b50fb17118f38d8a8e95dfac3357c. Representative failure: perf database error: perf database error: perf database error: no DSA module rows loaded from 1 source(s) (first: <repo>/python/aisimulate/src/aiconfigurator_core/systems/data/rtx_pro_6000_server/trtllm/1.3.0rc20/dsa_context_module_perf.parquet),"python python/aisimulate/tools/support_matrix/generate_fpe_support_matrix.py --model ""nvidia/GLM-5.2-NVFP4"" --system ""rtx_pro_6000_server"" --backend ""trtllm"" --backend-version ""1.3.0rc20"" --forward-model op_level --max-workers 8",,192,48,PERF_DATA_MISSING=192,,26dae1f99b2b50fb17118f38d8a8e95dfac3357c
nvidia/GLM-5.2-NVFP4,GlmMoeDsaForCausalLM,rtx_pro_6000_server,trtllm,1.3.0rc23,FAIL,Strict-native op-level FPE probes: PERF_DATA_MISSING=192; raw probes=192; topologies=48; source_sha=26dae1f99b2b50fb17118f38d8a8e95dfac3357c. Representative failure: perf database error: perf database error: perf database error: no DSA module rows loaded from 1 source(s) (first: <repo>/python/aisimulate/src/aiconfigurator_core/systems/data/rtx_pro_6000_server/trtllm/1.3.0rc23/dsa_context_module_perf.parquet),"python python/aisimulate/tools/support_matrix/generate_fpe_support_matrix.py --model ""nvidia/GLM-5.2-NVFP4"" --system ""rtx_pro_6000_server"" --backend ""trtllm"" --backend-version ""1.3.0rc23"" --forward-model op_level --max-workers 8",,192,48,PERF_DATA_MISSING=192,,26dae1f99b2b50fb17118f38d8a8e95dfac3357c
nvidia/GLM-5.2-NVFP4,GlmMoeDsaForCausalLM,rtx_pro_6000_server,vllm,0.1.dev19262,FAIL,Strict-native op-level FPE probes: PERF_DATA_MISSING=192; raw probes=192; topologies=48; source_sha=26dae1f99b2b50fb17118f38d8a8e95dfac3357c. Representative failure: perf database error: perf database error: no GEMM rows loaded from 1 source(s) (first: <repo>/python/aisimulate/src/aiconfigurator_core/systems/data/rtx_pro_6000_server/vllm/0.1.dev19262/gemm_perf.parquet),"python python/aisimulate/tools/support_matrix/generate_fpe_support_matrix.py --model ""nvidia/GLM-5.2-NVFP4"" --system ""rtx_pro_6000_server"" --backend ""vllm"" --backend-version ""0.1.dev19262"" --forward-model op_level --max-workers 8",,192,48,PERF_DATA_MISSING=192,,26dae1f99b2b50fb17118f38d8a8e95dfac3357c
nvidia/GLM-5.2-NVFP4,GlmMoeDsaForCausalLM,rtx_pro_6000_server,vllm,0.14.0,FAIL,Strict-native op-level FPE probes: PERF_DATA_MISSING=192; raw probes=192; topologies=48; source_sha=26dae1f99b2b50fb17118f38d8a8e95dfac3357c. Representative failure: perf database error: perf database error: no GEMM rows loaded from 1 source(s) (first: <repo>/python/aisimulate/src/aiconfigurator_core/systems/data/rtx_pro_6000_server/vllm/0.14.0/gemm_perf.parquet),"python python/aisimulate/tools/support_matrix/generate_fpe_support_matrix.py --model ""nvidia/GLM-5.2-NVFP4"" --system ""rtx_pro_6000_server"" --backend ""vllm"" --backend-version ""0.14.0"" --forward-model op_level --max-workers 8",,192,48,PERF_DATA_MISSING=192,,26dae1f99b2b50fb17118f38d8a8e95dfac3357c
nvidia/GLM-5.2-NVFP4,GlmMoeDsaForCausalLM,rtx_pro_6000_server,vllm,0.19.0,FAIL,"Strict-native op-level FPE probes: PERF_DATA_MISSING=192; raw probes=192; topologies=48; source_sha=26dae1f99b2b50fb17118f38d8a8e95dfac3357c. Representative failure: perf database error: MoE data missing for MoeKey { quant: ""nvfp4"", distribution: ""uniform"", topk: 8, num_experts: 256, hidden_size: 6144, inter_size: 2048, moe_tp_size: 1, moe_ep_size: 1 } at <repo>/python/aisimulate/src/aiconfigurator_core/systems/data/rtx_pro_6000_server/vllm/0.19.0","python python/aisimulate/tools/support_matrix/generate_fpe_support_matrix.py --model ""nvidia/GLM-5.2-NVFP4"" --system ""rtx_pro_6000_server"" --backend ""vllm"" --backend-version ""0.19.0"" --forward-model op_level --max-workers 8",,192,48,PERF_DATA_MISSING=192,,26dae1f99b2b50fb17118f38d8a8e95dfac3357c
nvidia/GLM-5.2-NVFP4,GlmMoeDsaForCausalLM,rtx_pro_6000_server,vllm,0.22.0,FAIL,"Strict-native op-level FPE probes: PERF_DATA_MISSING=192; raw probes=192; topologies=48; source_sha=26dae1f99b2b50fb17118f38d8a8e95dfac3357c. Representative failure: perf database error: custom_allreduce data missing for (""half"", 4) at <repo>/python/aisimulate/src/aiconfigurator_core/systems/data/rtx_pro_6000_server/vllm/0.22.0","python python/aisimulate/tools/support_matrix/generate_fpe_support_matrix.py --model ""nvidia/GLM-5.2-NVFP4"" --system ""rtx_pro_6000_server"" --backend ""vllm"" --backend-version ""0.22.0"" --forward-model op_level --max-workers 8",,192,48,PERF_DATA_MISSING=192,,26dae1f99b2b50fb17118f38d8a8e95dfac3357c
nvidia/GLM-5.2-NVFP4,GlmMoeDsaForCausalLM,rtx_pro_6000_server,vllm,0.24.0,FAIL,Strict-native op-level FPE probes: PERF_DATA_MISSING=192; raw probes=192; topologies=48; source_sha=26dae1f99b2b50fb17118f38d8a8e95dfac3357c. Representative failure: perf database error: perf database error: perf database error: no DSA module rows loaded from 1 source(s) (first: <repo>/python/aisimulate/src/aiconfigurator_core/systems/data/rtx_pro_6000_server/vllm/0.24.0/dsa_context_module_perf.parquet),"python python/aisimulate/tools/support_matrix/generate_fpe_support_matrix.py --model ""nvidia/GLM-5.2-NVFP4"" --system ""rtx_pro_6000_server"" --backend ""vllm"" --backend-version ""0.24.0"" --forward-model op_level --max-workers 8",,192,48,PERF_DATA_MISSING=192,,26dae1f99b2b50fb17118f38d8a8e95dfac3357c
nvidia/Gemma-4-26B-A4B-NVFP4,Gemma4ForConditionalGeneration,rtx_pro_6000_server,sglang,0.5.10,FAIL,"Strict-native op-level FPE probes: PERF_DATA_MISSING=220, SDK_UNREPRESENTABLE=320; raw probes=540; topologies=135; source_sha=26dae1f99b2b50fb17118f38d8a8e95dfac3357c. Representative failure: perf database error: MoE data missing for MoeKey { quant: ""nvfp4"", distribution: ""uniform"", topk: 8, num_experts: 128, hidden_size: 2816, inter_size: 704, moe_tp_size: 1, moe_ep_size: 1 } at <repo>/python/aisimulate/src/aiconfigurator_core/systems/data/rtx_pro_6000_server/sglang/0.5.10","python python/aisimulate/tools/support_matrix/generate_fpe_support_matrix.py --model ""nvidia/Gemma-4-26B-A4B-NVFP4"" --system ""rtx_pro_6000_server"" --backend ""sglang"" --backend-version ""0.5.10"" --forward-model op_level --max-workers 8",,540,135,"PERF_DATA_MISSING=220, SDK_UNREPRESENTABLE=320",,26dae1f99b2b50fb17118f38d8a8e95dfac3357c
nvidia/Gemma-4-26B-A4B-NVFP4,Gemma4ForConditionalGeneration,rtx_pro_6000_server,sglang,0.5.10rc0,FAIL,"Strict-native op-level FPE probes: PERF_DATA_MISSING=220, SDK_UNREPRESENTABLE=320; raw probes=540; topologies=135; source_sha=26dae1f99b2b50fb17118f38d8a8e95dfac3357c. Representative failure: perf database error: perf database error: no GEMM rows loaded from 1 source(s) (first: <repo>/python/aisimulate/src/aiconfigurator_core/systems/data/rtx_pro_6000_server/sglang/0.5.10rc0/gemm_perf.parquet)","python python/aisimulate/tools/support_matrix/generate_fpe_support_matrix.py --model ""nvidia/Gemma-4-26B-A4B-NVFP4"" --system ""rtx_pro_6000_server"" --backend ""sglang"" --backend-version ""0.5.10rc0"" --forward-model op_level --max-workers 8",,540,135,"PERF_DATA_MISSING=220, SDK_UNREPRESENTABLE=320",,26dae1f99b2b50fb17118f38d8a8e95dfac3357c
nvidia/Gemma-4-26B-A4B-NVFP4,Gemma4ForConditionalGeneration,rtx_pro_6000_server,sglang,0.5.12,FAIL,"Strict-native op-level FPE probes: PERF_DATA_MISSING=220, SDK_UNREPRESENTABLE=320; raw probes=540; topologies=135; source_sha=26dae1f99b2b50fb17118f38d8a8e95dfac3357c. Representative failure: perf database error: MoE data missing for MoeKey { quant: ""nvfp4"", distribution: ""power_law_1.01"", topk: 8, num_experts: 128, hidden_size: 2816, inter_size: 704, moe_tp_size: 1, moe_ep_size: 1 } at <repo>/python/aisimulate/src/aiconfigurator_core/systems/data/rtx_pro_6000_server/sglang/0.5.12","python python/aisimulate/tools/support_matrix/generate_fpe_support_matrix.py --model ""nvidia/Gemma-4-26B-A4B-NVFP4"" --system ""rtx_pro_6000_server"" --backend ""sglang"" --backend-version ""0.5.12"" --forward-model op_level --max-workers 8",,540,135,"PERF_DATA_MISSING=220, SDK_UNREPRESENTABLE=320",,26dae1f99b2b50fb17118f38d8a8e95dfac3357c
nvidia/Gemma-4-26B-A4B-NVFP4,Gemma4ForConditionalGeneration,rtx_pro_6000_server,sglang,0.5.14,FAIL,"Strict-native op-level FPE probes: PERF_DATA_MISSING=220, SDK_UNREPRESENTABLE=320; raw probes=540; topologies=135; source_sha=26dae1f99b2b50fb17118f38d8a8e95dfac3357c. Representative failure: perf database error: MoE data missing for MoeKey { quant: ""nvfp4"", distribution: ""power_law_1.01"", topk: 8, num_experts: 128, hidden_size: 2816, inter_size: 704, moe_tp_size: 1, moe_ep_size: 1 } at <repo>/python/aisimulate/src/aiconfigurator_core/systems/data/rtx_pro_6000_server/sglang/0.5.14","python python/aisimulate/tools/support_matrix/generate_fpe_support_matrix.py --model ""nvidia/Gemma-4-26B-A4B-NVFP4"" --system ""rtx_pro_6000_server"" --backend ""sglang"" --backend-version ""0.5.14"" --forward-model op_level --max-workers 8",,540,135,"PERF_DATA_MISSING=220, SDK_UNREPRESENTABLE=320",,26dae1f99b2b50fb17118f38d8a8e95dfac3357c
nvidia/Gemma-4-26B-A4B-NVFP4,Gemma4ForConditionalGeneration,rtx_pro_6000_server,sglang,0.5.16,FAIL,"Strict-native op-level FPE probes: PERF_DATA_MISSING=220, SDK_UNREPRESENTABLE=320; raw probes=540; topologies=135; source_sha=26dae1f99b2b50fb17118f38d8a8e95dfac3357c. Representative failure: perf database error: MoE data missing for MoeKey { quant: ""nvfp4"", distribution: ""power_law_1.01"", topk: 8, num_experts: 128, hidden_size: 2816, inter_size: 704, moe_tp_size: 1, moe_ep_size: 1 } at <repo>/python/aisimulate/src/aiconfigurator_core/systems/data/rtx_pro_6000_server/sglang/0.5.16","python python/aisimulate/tools/support_matrix/generate_fpe_support_matrix.py --model ""nvidia/Gemma-4-26B-A4B-NVFP4"" --system ""rtx_pro_6000_server"" --backend ""sglang"" --backend-version ""0.5.16"" --forward-model op_level --max-workers 8",,540,135,"PERF_DATA_MISSING=220, SDK_UNREPRESENTABLE=320",,26dae1f99b2b50fb17118f38d8a8e95dfac3357c
nvidia/Gemma-4-26B-A4B-NVFP4,Gemma4ForConditionalGeneration,rtx_pro_6000_server,sglang,0.5.9,FAIL,"Strict-native op-level FPE probes: PERF_DATA_MISSING=220, SDK_UNREPRESENTABLE=320; raw probes=540; topologies=135; source_sha=26dae1f99b2b50fb17118f38d8a8e95dfac3357c. Representative failure: perf database error: perf database error: no GEMM rows loaded from 1 source(s) (first: <repo>/python/aisimulate/src/aiconfigurator_core/systems/data/rtx_pro_6000_server/sglang/0.5.9/gemm_perf.parquet)","python python/aisimulate/tools/support_matrix/generate_fpe_support_matrix.py --model ""nvidia/Gemma-4-26B-A4B-NVFP4"" --system ""rtx_pro_6000_server"" --backend ""sglang"" --backend-version ""0.5.9"" --forward-model op_level --max-workers 8",,540,135,"PERF_DATA_MISSING=220, SDK_UNREPRESENTABLE=320",,26dae1f99b2b50fb17118f38d8a8e95dfac3357c
nvidia/Gemma-4-26B-A4B-NVFP4,Gemma4ForConditionalGeneration,rtx_pro_6000_server,trtllm,1.3.0rc10,FAIL,"Strict-native op-level FPE probes: PERF_DATA_MISSING=116; raw probes=116; topologies=29; source_sha=26dae1f99b2b50fb17118f38d8a8e95dfac3357c. Representative failure: perf database error: MoE data missing for MoeKey { quant: ""nvfp4"", distribution: ""power_law_1.01"", topk: 8, num_experts: 128, hidden_size: 2816, inter_size: 704, moe_tp_size: 1, moe_ep_size: 1 } at <repo>/python/aisimulate/src/aiconfigurator_core/systems/data/rtx_pro_6000_server/trtllm/1.3.0rc10","python python/aisimulate/tools/support_matrix/generate_fpe_support_matrix.py --model ""nvidia/Gemma-4-26B-A4B-NVFP4"" --system ""rtx_pro_6000_server"" --backend ""trtllm"" --backend-version ""1.3.0rc10"" --forward-model op_level --max-workers 8",,116,29,PERF_DATA_MISSING=116,,26dae1f99b2b50fb17118f38d8a8e95dfac3357c
nvidia/Gemma-4-26B-A4B-NVFP4,Gemma4ForConditionalGeneration,rtx_pro_6000_server,trtllm,1.3.0rc15,FAIL,"Strict-native op-level FPE probes: PERF_DATA_MISSING=116; raw probes=116; topologies=29; source_sha=26dae1f99b2b50fb17118f38d8a8e95dfac3357c. Representative failure: perf database error: MoE data missing for MoeKey { quant: ""nvfp4"", distribution: ""power_law_1.01"", topk: 8, num_experts: 128, hidden_size: 2816, inter_size: 704, moe_tp_size: 1, moe_ep_size: 1 } at <repo>/python/aisimulate/src/aiconfigurator_core/systems/data/rtx_pro_6000_server/trtllm/1.3.0rc15","python python/aisimulate/tools/support_matrix/generate_fpe_support_matrix.py --model ""nvidia/Gemma-4-26B-A4B-NVFP4"" --system ""rtx_pro_6000_server"" --backend ""trtllm"" --backend-version ""1.3.0rc15"" --forward-model op_level --max-workers 8",,116,29,PERF_DATA_MISSING=116,,26dae1f99b2b50fb17118f38d8a8e95dfac3357c
nvidia/Gemma-4-26B-A4B-NVFP4,Gemma4ForConditionalGeneration,rtx_pro_6000_server,trtllm,1.3.0rc20,FAIL,"Strict-native op-level FPE probes: PERF_DATA_MISSING=116; raw probes=116; topologies=29; source_sha=26dae1f99b2b50fb17118f38d8a8e95dfac3357c. Representative failure: perf database error: MoE data missing for MoeKey { quant: ""nvfp4"", distribution: ""power_law_1.01"", topk: 8, num_experts: 128, hidden_size: 2816, inter_size: 704, moe_tp_size: 16, moe_ep_size: 1 } at <repo>/python/aisimulate/src/aiconfigurator_core/systems/data/rtx_pro_6000_server/trtllm/1.3.0rc20","python python/aisimulate/tools/support_matrix/generate_fpe_support_matrix.py --model ""nvidia/Gemma-4-26B-A4B-NVFP4"" --system ""rtx_pro_6000_server"" --backend ""trtllm"" --backend-version ""1.3.0rc20"" --forward-model op_level --max-workers 8",,116,29,PERF_DATA_MISSING=116,,26dae1f99b2b50fb17118f38d8a8e95dfac3357c
nvidia/Gemma-4-26B-A4B-NVFP4,Gemma4ForConditionalGeneration,rtx_pro_6000_server,trtllm,1.3.0rc23,FAIL,"Strict-native op-level FPE probes: PERF_DATA_MISSING=116; raw probes=116; topologies=29; source_sha=26dae1f99b2b50fb17118f38d8a8e95dfac3357c. Representative failure: perf database error: MoE data missing for MoeKey { quant: ""nvfp4"", distribution: ""power_law_1.01"", topk: 8, num_experts: 128, hidden_size: 2816, inter_size: 704, moe_tp_size: 16, moe_ep_size: 1 } at <repo>/python/aisimulate/src/aiconfigurator_core/systems/data/rtx_pro_6000_server/trtllm/1.3.0rc23","python python/aisimulate/tools/support_matrix/generate_fpe_support_matrix.py --model ""nvidia/Gemma-4-26B-A4B-NVFP4"" --system ""rtx_pro_6000_server"" --backend ""trtllm"" --backend-version ""1.3.0rc23"" --forward-model op_level --max-workers 8",,116,29,PERF_DATA_MISSING=116,,26dae1f99b2b50fb17118f38d8a8e95dfac3357c
nvidia/Gemma-4-26B-A4B-NVFP4,Gemma4ForConditionalGeneration,rtx_pro_6000_server,vllm,0.1.dev19262,FAIL,Strict-native op-level FPE probes: PERF_DATA_MISSING=116; raw probes=116; topologies=29; source_sha=26dae1f99b2b50fb17118f38d8a8e95dfac3357c. Representative failure: perf database error: perf database error: no GEMM rows loaded from 1 source(s) (first: <repo>/python/aisimulate/src/aiconfigurator_core/systems/data/rtx_pro_6000_server/vllm/0.1.dev19262/gemm_perf.parquet),"python python/aisimulate/tools/support_matrix/generate_fpe_support_matrix.py --model ""nvidia/Gemma-4-26B-A4B-NVFP4"" --system ""rtx_pro_6000_server"" --backend ""vllm"" --backend-version ""0.1.dev19262"" --forward-model op_level --max-workers 8",,116,29,PERF_DATA_MISSING=116,,26dae1f99b2b50fb17118f38d8a8e95dfac3357c
nvidia/Gemma-4-26B-A4B-NVFP4,Gemma4ForConditionalGeneration,rtx_pro_6000_server,vllm,0.14.0,FAIL,Strict-native op-level FPE probes: PERF_DATA_MISSING=116; raw probes=116; topologies=29; source_sha=26dae1f99b2b50fb17118f38d8a8e95dfac3357c. Representative failure: perf database error: perf database error: no GEMM rows loaded from 1 source(s) (first: <repo>/python/aisimulate/src/aiconfigurator_core/systems/data/rtx_pro_6000_server/vllm/0.14.0/gemm_perf.parquet),"python python/aisimulate/tools/support_matrix/generate_fpe_support_matrix.py --model ""nvidia/Gemma-4-26B-A4B-NVFP4"" --system ""rtx_pro_6000_server"" --backend ""vllm"" --backend-version ""0.14.0"" --forward-model op_level --max-workers 8",,116,29,PERF_DATA_MISSING=116,,26dae1f99b2b50fb17118f38d8a8e95dfac3357c
nvidia/Gemma-4-26B-A4B-NVFP4,Gemma4ForConditionalGeneration,rtx_pro_6000_server,vllm,0.19.0,FAIL,"Strict-native op-level FPE probes: PERF_DATA_MISSING=116; raw probes=116; topologies=29; source_sha=26dae1f99b2b50fb17118f38d8a8e95dfac3357c. Representative failure: perf database error: MoE data missing for MoeKey { quant: ""nvfp4"", distribution: ""uniform"", topk: 8, num_experts: 128, hidden_size: 2816, inter_size: 704, moe_tp_size: 1, moe_ep_size: 1 } at <repo>/python/aisimulate/src/aiconfigurator_core/systems/data/rtx_pro_6000_server/vllm/0.19.0","python python/aisimulate/tools/support_matrix/generate_fpe_support_matrix.py --model ""nvidia/Gemma-4-26B-A4B-NVFP4"" --system ""rtx_pro_6000_server"" --backend ""vllm"" --backend-version ""0.19.0"" --forward-model op_level --max-workers 8",,116,29,PERF_DATA_MISSING=116,,26dae1f99b2b50fb17118f38d8a8e95dfac3357c
nvidia/Gemma-4-26B-A4B-NVFP4,Gemma4ForConditionalGeneration,rtx_pro_6000_server,vllm,0.22.0,FAIL,"Strict-native op-level FPE probes: PERF_DATA_MISSING=116; raw probes=116; topologies=29; source_sha=26dae1f99b2b50fb17118f38d8a8e95dfac3357c. Representative failure: perf database error: MoE data missing for MoeKey { quant: ""nvfp4"", distribution: ""power_law_1.01"", topk: 8, num_experts: 128, hidden_size: 2816, inter_size: 704, moe_tp_size: 16, moe_ep_size: 1 } at <repo>/python/aisimulate/src/aiconfigurator_core/systems/data/rtx_pro_6000_server/vllm/0.22.0","python python/aisimulate/tools/support_matrix/generate_fpe_support_matrix.py --model ""nvidia/Gemma-4-26B-A4B-NVFP4"" --system ""rtx_pro_6000_server"" --backend ""vllm"" --backend-version ""0.22.0"" --forward-model op_level --max-workers 8",,116,29,PERF_DATA_MISSING=116,,26dae1f99b2b50fb17118f38d8a8e95dfac3357c
nvidia/Gemma-4-26B-A4B-NVFP4,Gemma4ForConditionalGeneration,rtx_pro_6000_server,vllm,0.24.0,FAIL,"Strict-native op-level FPE probes: PERF_DATA_MISSING=116; raw probes=116; topologies=29; source_sha=26dae1f99b2b50fb17118f38d8a8e95dfac3357c. Representative failure: perf database error: MoE data missing for MoeKey { quant: ""nvfp4"", distribution: ""power_law_1.01"", topk: 8, num_experts: 128, hidden_size: 2816, inter_size: 704, moe_tp_size: 16, moe_ep_size: 1 } at <repo>/python/aisimulate/src/aiconfigurator_core/systems/data/rtx_pro_6000_server/vllm/0.24.0","python python/aisimulate/tools/support_matrix/generate_fpe_support_matrix.py --model ""nvidia/Gemma-4-26B-A4B-NVFP4"" --system ""rtx_pro_6000_server"" --backend ""vllm"" --backend-version ""0.24.0"" --forward-model op_level --max-workers 8",,116,29,PERF_DATA_MISSING=116,,26dae1f99b2b50fb17118f38d8a8e95dfac3357c
nvidia/Gemma-4-31B-IT-NVFP4,Gemma4ForConditionalGeneration,rtx_pro_6000_server,sglang,0.5.10,FAIL,"Strict-native op-level FPE probes: BUILD_FAILED=160, PERF_DATA_MISSING=60, SDK_UNREPRESENTABLE=320; raw probes=540; topologies=135; source_sha=26dae1f99b2b50fb17118f38d8a8e95dfac3357c. Representative failure: dense Gemma 4 variants require moe_ep_size=1, got 16","python python/aisimulate/tools/support_matrix/generate_fpe_support_matrix.py --model ""nvidia/Gemma-4-31B-IT-NVFP4"" --system ""rtx_pro_6000_server"" --backend ""sglang"" --backend-version ""0.5.10"" --forward-model op_level --max-workers 8",,540,135,"BUILD_FAILED=160, PERF_DATA_MISSING=60, SDK_UNREPRESENTABLE=320",,26dae1f99b2b50fb17118f38d8a8e95dfac3357c
nvidia/Gemma-4-31B-IT-NVFP4,Gemma4ForConditionalGeneration,rtx_pro_6000_server,sglang,0.5.10rc0,FAIL,"Strict-native op-level FPE probes: BUILD_FAILED=160, PERF_DATA_MISSING=60, SDK_UNREPRESENTABLE=320; raw probes=540; topologies=135; source_sha=26dae1f99b2b50fb17118f38d8a8e95dfac3357c. Representative failure: dense Gemma 4 variants require moe_ep_size=1, got 16","python python/aisimulate/tools/support_matrix/generate_fpe_support_matrix.py --model ""nvidia/Gemma-4-31B-IT-NVFP4"" --system ""rtx_pro_6000_server"" --backend ""sglang"" --backend-version ""0.5.10rc0"" --forward-model op_level --max-workers 8",,540,135,"BUILD_FAILED=160, PERF_DATA_MISSING=60, SDK_UNREPRESENTABLE=320",,26dae1f99b2b50fb17118f38d8a8e95dfac3357c
nvidia/Gemma-4-31B-IT-NVFP4,Gemma4ForConditionalGeneration,rtx_pro_6000_server,sglang,0.5.12,PASS,,"python python/aisimulate/tools/support_matrix/generate_fpe_support_matrix.py --model ""nvidia/Gemma-4-31B-IT-NVFP4"" --system ""rtx_pro_6000_server"" --backend ""sglang"" --backend-version ""0.5.12"" --forward-model op_level --max-workers 8",silicon,540,135,"BUILD_FAILED=160, PASS=40, PERF_DATA_MISSING=20, SDK_UNREPRESENTABLE=320","decode_end=3027.342901, decode_start=11.813802, mixed=16.077408, prefill=13.812599",26dae1f99b2b50fb17118f38d8a8e95dfac3357c
nvidia/Gemma-4-31B-IT-NVFP4,Gemma4ForConditionalGeneration,rtx_pro_6000_server,sglang,0.5.14,PASS,,"python python/aisimulate/tools/support_matrix/generate_fpe_support_matrix.py --model ""nvidia/Gemma-4-31B-IT-NVFP4"" --system ""rtx_pro_6000_server"" --backend ""sglang"" --backend-version ""0.5.14"" --forward-model op_level --max-workers 8",silicon,540,135,"BUILD_FAILED=160, PASS=40, PERF_DATA_MISSING=20, SDK_UNREPRESENTABLE=320","decode_end=3027.342901, decode_start=11.813802, mixed=16.077408, prefill=13.812599",26dae1f99b2b50fb17118f38d8a8e95dfac3357c
nvidia/Gemma-4-31B-IT-NVFP4,Gemma4ForConditionalGeneration,rtx_pro_6000_server,sglang,0.5.16,PASS,,"python python/aisimulate/tools/support_matrix/generate_fpe_support_matrix.py --model ""nvidia/Gemma-4-31B-IT-NVFP4"" --system ""rtx_pro_6000_server"" --backend ""sglang"" --backend-version ""0.5.16"" --forward-model op_level --max-workers 8",silicon,540,135,"BUILD_FAILED=160, PASS=40, PERF_DATA_MISSING=20, SDK_UNREPRESENTABLE=320","decode_end=3027.342901, decode_start=11.813802, mixed=16.077408, prefill=13.812599",26dae1f99b2b50fb17118f38d8a8e95dfac3357c
nvidia/Gemma-4-31B-IT-NVFP4,Gemma4ForConditionalGeneration,rtx_pro_6000_server,sglang,0.5.9,FAIL,"Strict-native op-level FPE probes: BUILD_FAILED=160, PERF_DATA_MISSING=60, SDK_UNREPRESENTABLE=320; raw probes=540; topologies=135; source_sha=26dae1f99b2b50fb17118f38d8a8e95dfac3357c. Representative failure: dense Gemma 4 variants require moe_ep_size=1, got 16","python python/aisimulate/tools/support_matrix/generate_fpe_support_matrix.py --model ""nvidia/Gemma-4-31B-IT-NVFP4"" --system ""rtx_pro_6000_server"" --backend ""sglang"" --backend-version ""0.5.9"" --forward-model op_level --max-workers 8",,540,135,"BUILD_FAILED=160, PERF_DATA_MISSING=60, SDK_UNREPRESENTABLE=320",,26dae1f99b2b50fb17118f38d8a8e95dfac3357c
nvidia/Gemma-4-31B-IT-NVFP4,Gemma4ForConditionalGeneration,rtx_pro_6000_server,trtllm,1.3.0rc10,FAIL,"Strict-native op-level FPE probes: BUILD_FAILED=80, PERF_DATA_MISSING=36; raw probes=116; topologies=29; source_sha=26dae1f99b2b50fb17118f38d8a8e95dfac3357c. Representative failure: dense Gemma 4 variants require moe_ep_size=1, got 16","python python/aisimulate/tools/support_matrix/generate_fpe_support_matrix.py --model ""nvidia/Gemma-4-31B-IT-NVFP4"" --system ""rtx_pro_6000_server"" --backend ""trtllm"" --backend-version ""1.3.0rc10"" --forward-model op_level --max-workers 8",,116,29,"BUILD_FAILED=80, PERF_DATA_MISSING=36",,26dae1f99b2b50fb17118f38d8a8e95dfac3357c
nvidia/Gemma-4-31B-IT-NVFP4,Gemma4ForConditionalGeneration,rtx_pro_6000_server,trtllm,1.3.0rc15,FAIL,"Strict-native op-level FPE probes: BUILD_FAILED=80, PERF_DATA_MISSING=36; raw probes=116; topologies=29; source_sha=26dae1f99b2b50fb17118f38d8a8e95dfac3357c. Representative failure: dense Gemma 4 variants require moe_ep_size=1, got 16","python python/aisimulate/tools/support_matrix/generate_fpe_support_matrix.py --model ""nvidia/Gemma-4-31B-IT-NVFP4"" --system ""rtx_pro_6000_server"" --backend ""trtllm"" --backend-version ""1.3.0rc15"" --forward-model op_level --max-workers 8",,116,29,"BUILD_FAILED=80, PERF_DATA_MISSING=36",,26dae1f99b2b50fb17118f38d8a8e95dfac3357c
nvidia/Gemma-4-31B-IT-NVFP4,Gemma4ForConditionalGeneration,rtx_pro_6000_server,trtllm,1.3.0rc20,FAIL,"Strict-native op-level FPE probes: BUILD_FAILED=80, PERF_DATA_MISSING=36; raw probes=116; topologies=29; source_sha=26dae1f99b2b50fb17118f38d8a8e95dfac3357c. Representative failure: dense Gemma 4 variants require moe_ep_size=1, got 16","python python/aisimulate/tools/support_matrix/generate_fpe_support_matrix.py --model ""nvidia/Gemma-4-31B-IT-NVFP4"" --system ""rtx_pro_6000_server"" --backend ""trtllm"" --backend-version ""1.3.0rc20"" --forward-model op_level --max-workers 8",,116,29,"BUILD_FAILED=80, PERF_DATA_MISSING=36",,26dae1f99b2b50fb17118f38d8a8e95dfac3357c
nvidia/Gemma-4-31B-IT-NVFP4,Gemma4ForConditionalGeneration,rtx_pro_6000_server,trtllm,1.3.0rc23,FAIL,"Strict-native op-level FPE probes: BUILD_FAILED=80, PERF_DATA_MISSING=36; raw probes=116; topologies=29; source_sha=26dae1f99b2b50fb17118f38d8a8e95dfac3357c. Representative failure: dense Gemma 4 variants require moe_ep_size=1, got 16","python python/aisimulate/tools/support_matrix/generate_fpe_support_matrix.py --model ""nvidia/Gemma-4-31B-IT-NVFP4"" --system ""rtx_pro_6000_server"" --backend ""trtllm"" --backend-version ""1.3.0rc23"" --forward-model op_level --max-workers 8",,116,29,"BUILD_FAILED=80, PERF_DATA_MISSING=36",,26dae1f99b2b50fb17118f38d8a8e95dfac3357c
nvidia/Gemma-4-31B-IT-NVFP4,Gemma4ForConditionalGeneration,rtx_pro_6000_server,vllm,0.1.dev19262,FAIL,"Strict-native op-level FPE probes: BUILD_FAILED=56, PERF_DATA_MISSING=60; raw probes=116; topologies=29; source_sha=26dae1f99b2b50fb17118f38d8a8e95dfac3357c. Representative failure: dense Gemma 4 variants require moe_ep_size=1, got 16","python python/aisimulate/tools/support_matrix/generate_fpe_support_matrix.py --model ""nvidia/Gemma-4-31B-IT-NVFP4"" --system ""rtx_pro_6000_server"" --backend ""vllm"" --backend-version ""0.1.dev19262"" --forward-model op_level --max-workers 8",,116,29,"BUILD_FAILED=56, PERF_DATA_MISSING=60",,26dae1f99b2b50fb17118f38d8a8e95dfac3357c
nvidia/Gemma-4-31B-IT-NVFP4,Gemma4ForConditionalGeneration,rtx_pro_6000_server,vllm,0.14.0,FAIL,"Strict-native op-level FPE probes: BUILD_FAILED=56, PERF_DATA_MISSING=60; raw probes=116; topologies=29; source_sha=26dae1f99b2b50fb17118f38d8a8e95dfac3357c. Representative failure: dense Gemma 4 variants require moe_ep_size=1, got 16","python python/aisimulate/tools/support_matrix/generate_fpe_support_matrix.py --model ""nvidia/Gemma-4-31B-IT-NVFP4"" --system ""rtx_pro_6000_server"" --backend ""vllm"" --backend-version ""0.14.0"" --forward-model op_level --max-workers 8",,116,29,"BUILD_FAILED=56, PERF_DATA_MISSING=60",,26dae1f99b2b50fb17118f38d8a8e95dfac3357c
nvidia/Gemma-4-31B-IT-NVFP4,Gemma4ForConditionalGeneration,rtx_pro_6000_server,vllm,0.19.0,FAIL,"Strict-native op-level FPE probes: BUILD_FAILED=56, PERF_DATA_MISSING=60; raw probes=116; topologies=29; source_sha=26dae1f99b2b50fb17118f38d8a8e95dfac3357c. Representative failure: dense Gemma 4 variants require moe_ep_size=1, got 16","python python/aisimulate/tools/support_matrix/generate_fpe_support_matrix.py --model ""nvidia/Gemma-4-31B-IT-NVFP4"" --system ""rtx_pro_6000_server"" --backend ""vllm"" --backend-version ""0.19.0"" --forward-model op_level --max-workers 8",,116,29,"BUILD_FAILED=56, PERF_DATA_MISSING=60",,26dae1f99b2b50fb17118f38d8a8e95dfac3357c
nvidia/Gemma-4-31B-IT-NVFP4,Gemma4ForConditionalGeneration,rtx_pro_6000_server,vllm,0.22.0,FAIL,"Strict-native op-level FPE probes: BUILD_FAILED=56, PERF_DATA_MISSING=60; raw probes=116; topologies=29; source_sha=26dae1f99b2b50fb17118f38d8a8e95dfac3357c. Representative failure: dense Gemma 4 variants require moe_ep_size=1, got 16","python python/aisimulate/tools/support_matrix/generate_fpe_support_matrix.py --model ""nvidia/Gemma-4-31B-IT-NVFP4"" --system ""rtx_pro_6000_server"" --backend ""vllm"" --backend-version ""0.22.0"" --forward-model op_level --max-workers 8",,116,29,"BUILD_FAILED=56, PERF_DATA_MISSING=60",,26dae1f99b2b50fb17118f38d8a8e95dfac3357c
nvidia/Gemma-4-31B-IT-NVFP4,Gemma4ForConditionalGeneration,rtx_pro_6000_server,vllm,0.24.0,FAIL,"Strict-native op-level FPE probes: BUILD_FAILED=56, PERF_DATA_MISSING=60; raw probes=116; topologies=29; source_sha=26dae1f99b2b50fb17118f38d8a8e95dfac3357c. Representative failure: dense Gemma 4 variants require moe_ep_size=1, got 16","python python/aisimulate/tools/support_matrix/generate_fpe_support_matrix.py --model ""nvidia/Gemma-4-31B-IT-NVFP4"" --system ""rtx_pro_6000_server"" --backend ""vllm"" --backend-version ""0.24.0"" --forward-model op_level --max-workers 8",,116,29,"BUILD_FAILED=56, PERF_DATA_MISSING=60",,26dae1f99b2b50fb17118f38d8a8e95dfac3357c
nvidia/Kimi-K2.5-NVFP4,KimiK25ForConditionalGeneration,rtx_pro_6000_server,sglang,0.5.10,FAIL,"Strict-native op-level FPE probes: PERF_DATA_MISSING=220, SDK_UNREPRESENTABLE=320; raw probes=540; topologies=135; source_sha=26dae1f99b2b50fb17118f38d8a8e95dfac3357c. Representative failure: perf database error: context MLA data missing for ContextKey { fmha_quant: ""fp8"", kv_quant: ""fp8"" } at <repo>/python/aisimulate/src/aiconfigurator_core/systems/data/rtx_pro_6000_server/sglang/0.5.10","python python/aisimulate/tools/support_matrix/generate_fpe_support_matrix.py --model ""nvidia/Kimi-K2.5-NVFP4"" --system ""rtx_pro_6000_server"" --backend ""sglang"" --backend-version ""0.5.10"" --forward-model op_level --max-workers 8",,540,135,"PERF_DATA_MISSING=220, SDK_UNREPRESENTABLE=320",,26dae1f99b2b50fb17118f38d8a8e95dfac3357c
nvidia/Kimi-K2.5-NVFP4,KimiK25ForConditionalGeneration,rtx_pro_6000_server,sglang,0.5.10rc0,FAIL,"Strict-native op-level FPE probes: PERF_DATA_MISSING=220, SDK_UNREPRESENTABLE=320; raw probes=540; topologies=135; source_sha=26dae1f99b2b50fb17118f38d8a8e95dfac3357c. Representative failure: perf database error: perf database error: no GEMM rows loaded from 1 source(s) (first: <repo>/python/aisimulate/src/aiconfigurator_core/systems/data/rtx_pro_6000_server/sglang/0.5.10rc0/gemm_perf.parquet)","python python/aisimulate/tools/support_matrix/generate_fpe_support_matrix.py --model ""nvidia/Kimi-K2.5-NVFP4"" --system ""rtx_pro_6000_server"" --backend ""sglang"" --backend-version ""0.5.10rc0"" --forward-model op_level --max-workers 8",,540,135,"PERF_DATA_MISSING=220, SDK_UNREPRESENTABLE=320",,26dae1f99b2b50fb17118f38d8a8e95dfac3357c
nvidia/Kimi-K2.5-NVFP4,KimiK25ForConditionalGeneration,rtx_pro_6000_server,sglang,0.5.12,FAIL,"Strict-native op-level FPE probes: PERF_DATA_MISSING=220, SDK_UNREPRESENTABLE=320; raw probes=540; topologies=135; source_sha=26dae1f99b2b50fb17118f38d8a8e95dfac3357c. Representative failure: perf database error: context MLA data missing for ContextKey { fmha_quant: ""fp8"", kv_quant: ""fp8"" } at <repo>/python/aisimulate/src/aiconfigurator_core/systems/data/rtx_pro_6000_server/sglang/0.5.12","python python/aisimulate/tools/support_matrix/generate_fpe_support_matrix.py --model ""nvidia/Kimi-K2.5-NVFP4"" --system ""rtx_pro_6000_server"" --backend ""sglang"" --backend-version ""0.5.12"" --forward-model op_level --max-workers 8",,540,135,"PERF_DATA_MISSING=220, SDK_UNREPRESENTABLE=320",,26dae1f99b2b50fb17118f38d8a8e95dfac3357c
nvidia/Kimi-K2.5-NVFP4,KimiK25ForConditionalGeneration,rtx_pro_6000_server,sglang,0.5.14,FAIL,"Strict-native op-level FPE probes: PERF_DATA_MISSING=220, SDK_UNREPRESENTABLE=320; raw probes=540; topologies=135; source_sha=26dae1f99b2b50fb17118f38d8a8e95dfac3357c. Representative failure: perf database error: context MLA data missing for ContextKey { fmha_quant: ""fp8"", kv_quant: ""fp8"" } at <repo>/python/aisimulate/src/aiconfigurator_core/systems/data/rtx_pro_6000_server/sglang/0.5.14","python python/aisimulate/tools/support_matrix/generate_fpe_support_matrix.py --model ""nvidia/Kimi-K2.5-NVFP4"" --system ""rtx_pro_6000_server"" --backend ""sglang"" --backend-version ""0.5.14"" --forward-model op_level --max-workers 8",,540,135,"PERF_DATA_MISSING=220, SDK_UNREPRESENTABLE=320",,26dae1f99b2b50fb17118f38d8a8e95dfac3357c
nvidia/Kimi-K2.5-NVFP4,KimiK25ForConditionalGeneration,rtx_pro_6000_server,sglang,0.5.16,FAIL,"Strict-native op-level FPE probes: PERF_DATA_MISSING=220, SDK_UNREPRESENTABLE=320; raw probes=540; topologies=135; source_sha=26dae1f99b2b50fb17118f38d8a8e95dfac3357c. Representative failure: perf database error: context MLA data missing for ContextKey { fmha_quant: ""fp8"", kv_quant: ""fp8"" } at <repo>/python/aisimulate/src/aiconfigurator_core/systems/data/rtx_pro_6000_server/sglang/0.5.16","python python/aisimulate/tools/support_matrix/generate_fpe_support_matrix.py --model ""nvidia/Kimi-K2.5-NVFP4"" --system ""rtx_pro_6000_server"" --backend ""sglang"" --backend-version ""0.5.16"" --forward-model op_level --max-workers 8",,540,135,"PERF_DATA_MISSING=220, SDK_UNREPRESENTABLE=320",,26dae1f99b2b50fb17118f38d8a8e95dfac3357c
nvidia/Kimi-K2.5-NVFP4,KimiK25ForConditionalGeneration,rtx_pro_6000_server,sglang,0.5.9,FAIL,"Strict-native op-level FPE probes: PERF_DATA_MISSING=220, SDK_UNREPRESENTABLE=320; raw probes=540; topologies=135; source_sha=26dae1f99b2b50fb17118f38d8a8e95dfac3357c. Representative failure: perf database error: perf database error: no GEMM rows loaded from 1 source(s) (first: <repo>/python/aisimulate/src/aiconfigurator_core/systems/data/rtx_pro_6000_server/sglang/0.5.9/gemm_perf.parquet)","python python/aisimulate/tools/support_matrix/generate_fpe_support_matrix.py --model ""nvidia/Kimi-K2.5-NVFP4"" --system ""rtx_pro_6000_server"" --backend ""sglang"" --backend-version ""0.5.9"" --forward-model op_level --max-workers 8",,540,135,"PERF_DATA_MISSING=220, SDK_UNREPRESENTABLE=320",,26dae1f99b2b50fb17118f38d8a8e95dfac3357c
nvidia/Kimi-K2.5-NVFP4,KimiK25ForConditionalGeneration,rtx_pro_6000_server,trtllm,1.3.0rc10,PASS,,"python python/aisimulate/tools/support_matrix/generate_fpe_support_matrix.py --model ""nvidia/Kimi-K2.5-NVFP4"" --system ""rtx_pro_6000_server"" --backend ""trtllm"" --backend-version ""1.3.0rc10"" --forward-model op_level --max-workers 8",silicon,116,29,"PASS=68, PERF_DATA_MISSING=48","decode_end=22384.939999, decode_start=87.600657, mixed=322.597330, prefill=319.206919",26dae1f99b2b50fb17118f38d8a8e95dfac3357c
nvidia/Kimi-K2.5-NVFP4,KimiK25ForConditionalGeneration,rtx_pro_6000_server,trtllm,1.3.0rc15,PASS,,"python python/aisimulate/tools/support_matrix/generate_fpe_support_matrix.py --model ""nvidia/Kimi-K2.5-NVFP4"" --system ""rtx_pro_6000_server"" --backend ""trtllm"" --backend-version ""1.3.0rc15"" --forward-model op_level --max-workers 8",silicon,116,29,"PASS=68, PERF_DATA_MISSING=48","decode_end=22384.939999, decode_start=87.600657, mixed=322.597330, prefill=319.206919",26dae1f99b2b50fb17118f38d8a8e95dfac3357c
nvidia/Kimi-K2.5-NVFP4,KimiK25ForConditionalGeneration,rtx_pro_6000_server,trtllm,1.3.0rc20,PASS,,"python python/aisimulate/tools/support_matrix/generate_fpe_support_matrix.py --model ""nvidia/Kimi-K2.5-NVFP4"" --system ""rtx_pro_6000_server"" --backend ""trtllm"" --backend-version ""1.3.0rc20"" --forward-model op_level --max-workers 8",silicon,116,29,PASS=116,"decode_end=21403.507639, decode_start=83.448858, mixed=322.975645, prefill=319.811805",26dae1f99b2b50fb17118f38d8a8e95dfac3357c
nvidia/Kimi-K2.5-NVFP4,KimiK25ForConditionalGeneration,rtx_pro_6000_server,trtllm,1.3.0rc23,PASS,,"python python/aisimulate/tools/support_matrix/generate_fpe_support_matrix.py --model ""nvidia/Kimi-K2.5-NVFP4"" --system ""rtx_pro_6000_server"" --backend ""trtllm"" --backend-version ""1.3.0rc23"" --forward-model op_level --max-workers 8",silicon,116,29,PASS=116,"decode_end=21403.507639, decode_start=83.448858, mixed=322.975645, prefill=319.811805",26dae1f99b2b50fb17118f38d8a8e95dfac3357c
nvidia/Kimi-K2.5-NVFP4,KimiK25ForConditionalGeneration,rtx_pro_6000_server,vllm,0.1.dev19262,FAIL,Strict-native op-level FPE probes: PERF_DATA_MISSING=116; raw probes=116; topologies=29; source_sha=26dae1f99b2b50fb17118f38d8a8e95dfac3357c. Representative failure: perf database error: perf database error: no GEMM rows loaded from 1 source(s) (first: <repo>/python/aisimulate/src/aiconfigurator_core/systems/data/rtx_pro_6000_server/vllm/0.1.dev19262/gemm_perf.parquet),"python python/aisimulate/tools/support_matrix/generate_fpe_support_matrix.py --model ""nvidia/Kimi-K2.5-NVFP4"" --system ""rtx_pro_6000_server"" --backend ""vllm"" --backend-version ""0.1.dev19262"" --forward-model op_level --max-workers 8",,116,29,PERF_DATA_MISSING=116,,26dae1f99b2b50fb17118f38d8a8e95dfac3357c
nvidia/Kimi-K2.5-NVFP4,KimiK25ForConditionalGeneration,rtx_pro_6000_server,vllm,0.14.0,FAIL,Strict-native op-level FPE probes: PERF_DATA_MISSING=116; raw probes=116; topologies=29; source_sha=26dae1f99b2b50fb17118f38d8a8e95dfac3357c. Representative failure: perf database error: perf database error: no GEMM rows loaded from 1 source(s) (first: <repo>/python/aisimulate/src/aiconfigurator_core/systems/data/rtx_pro_6000_server/vllm/0.14.0/gemm_perf.parquet),"python python/aisimulate/tools/support_matrix/generate_fpe_support_matrix.py --model ""nvidia/Kimi-K2.5-NVFP4"" --system ""rtx_pro_6000_server"" --backend ""vllm"" --backend-version ""0.14.0"" --forward-model op_level --max-workers 8",,116,29,PERF_DATA_MISSING=116,,26dae1f99b2b50fb17118f38d8a8e95dfac3357c
nvidia/Kimi-K2.5-NVFP4,KimiK25ForConditionalGeneration,rtx_pro_6000_server,vllm,0.19.0,FAIL,"Strict-native op-level FPE probes: PERF_DATA_MISSING=116; raw probes=116; topologies=29; source_sha=26dae1f99b2b50fb17118f38d8a8e95dfac3357c. Representative failure: perf database error: MoE data missing for MoeKey { quant: ""nvfp4"", distribution: ""uniform"", topk: 8, num_experts: 384, hidden_size: 7168, inter_size: 2048, moe_tp_size: 1, moe_ep_size: 1 } at <repo>/python/aisimulate/src/aiconfigurator_core/systems/data/rtx_pro_6000_server/vllm/0.19.0","python python/aisimulate/tools/support_matrix/generate_fpe_support_matrix.py --model ""nvidia/Kimi-K2.5-NVFP4"" --system ""rtx_pro_6000_server"" --backend ""vllm"" --backend-version ""0.19.0"" --forward-model op_level --max-workers 8",,116,29,PERF_DATA_MISSING=116,,26dae1f99b2b50fb17118f38d8a8e95dfac3357c
nvidia/Kimi-K2.5-NVFP4,KimiK25ForConditionalGeneration,rtx_pro_6000_server,vllm,0.22.0,PASS,,"python python/aisimulate/tools/support_matrix/generate_fpe_support_matrix.py --model ""nvidia/Kimi-K2.5-NVFP4"" --system ""rtx_pro_6000_server"" --backend ""vllm"" --backend-version ""0.22.0"" --forward-model op_level --max-workers 8",silicon,116,29,"PASS=44, PERF_DATA_MISSING=72","decode_end=22190.753980, decode_start=86.839143, mixed=323.990922, prefill=322.951195",26dae1f99b2b50fb17118f38d8a8e95dfac3357c
nvidia/Kimi-K2.5-NVFP4,KimiK25ForConditionalGeneration,rtx_pro_6000_server,vllm,0.24.0,PASS,,"python python/aisimulate/tools/support_matrix/generate_fpe_support_matrix.py --model ""nvidia/Kimi-K2.5-NVFP4"" --system ""rtx_pro_6000_server"" --backend ""vllm"" --backend-version ""0.24.0"" --forward-model op_level --max-workers 8",silicon,116,29,PASS=116,"decode_end=22190.753980, decode_start=86.839143, mixed=323.990922, prefill=322.951195",26dae1f99b2b50fb17118f38d8a8e95dfac3357c
nvidia/Kimi-K2.6-NVFP4,KimiK25ForConditionalGeneration,rtx_pro_6000_server,sglang,0.5.10,FAIL,"Strict-native op-level FPE probes: PERF_DATA_MISSING=220, SDK_UNREPRESENTABLE=320; raw probes=540; topologies=135; source_sha=26dae1f99b2b50fb17118f38d8a8e95dfac3357c. Representative failure: perf database error: context MLA data missing for ContextKey { fmha_quant: ""fp8"", kv_quant: ""fp8"" } at <repo>/python/aisimulate/src/aiconfigurator_core/systems/data/rtx_pro_6000_server/sglang/0.5.10","python python/aisimulate/tools/support_matrix/generate_fpe_support_matrix.py --model ""nvidia/Kimi-K2.6-NVFP4"" --system ""rtx_pro_6000_server"" --backend ""sglang"" --backend-version ""0.5.10"" --forward-model op_level --max-workers 8",,540,135,"PERF_DATA_MISSING=220, SDK_UNREPRESENTABLE=320",,26dae1f99b2b50fb17118f38d8a8e95dfac3357c
nvidia/Kimi-K2.6-NVFP4,KimiK25ForConditionalGeneration,rtx_pro_6000_server,sglang,0.5.10rc0,FAIL,"Strict-native op-level FPE probes: PERF_DATA_MISSING=220, SDK_UNREPRESENTABLE=320; raw probes=540; topologies=135; source_sha=26dae1f99b2b50fb17118f38d8a8e95dfac3357c. Representative failure: perf database error: perf database error: no GEMM rows loaded from 1 source(s) (first: <repo>/python/aisimulate/src/aiconfigurator_core/systems/data/rtx_pro_6000_server/sglang/0.5.10rc0/gemm_perf.parquet)","python python/aisimulate/tools/support_matrix/generate_fpe_support_matrix.py --model ""nvidia/Kimi-K2.6-NVFP4"" --system ""rtx_pro_6000_server"" --backend ""sglang"" --backend-version ""0.5.10rc0"" --forward-model op_level --max-workers 8",,540,135,"PERF_DATA_MISSING=220, SDK_UNREPRESENTABLE=320",,26dae1f99b2b50fb17118f38d8a8e95dfac3357c
nvidia/Kimi-K2.6-NVFP4,KimiK25ForConditionalGeneration,rtx_pro_6000_server,sglang,0.5.12,FAIL,"Strict-native op-level FPE probes: PERF_DATA_MISSING=220, SDK_UNREPRESENTABLE=320; raw probes=540; topologies=135; source_sha=26dae1f99b2b50fb17118f38d8a8e95dfac3357c. Representative failure: perf database error: context MLA data missing for ContextKey { fmha_quant: ""fp8"", kv_quant: ""fp8"" } at <repo>/python/aisimulate/src/aiconfigurator_core/systems/data/rtx_pro_6000_server/sglang/0.5.12","python python/aisimulate/tools/support_matrix/generate_fpe_support_matrix.py --model ""nvidia/Kimi-K2.6-NVFP4"" --system ""rtx_pro_6000_server"" --backend ""sglang"" --backend-version ""0.5.12"" --forward-model op_level --max-workers 8",,540,135,"PERF_DATA_MISSING=220, SDK_UNREPRESENTABLE=320",,26dae1f99b2b50fb17118f38d8a8e95dfac3357c
nvidia/Kimi-K2.6-NVFP4,KimiK25ForConditionalGeneration,rtx_pro_6000_server,sglang,0.5.14,FAIL,"Strict-native op-level FPE probes: PERF_DATA_MISSING=220, SDK_UNREPRESENTABLE=320; raw probes=540; topologies=135; source_sha=26dae1f99b2b50fb17118f38d8a8e95dfac3357c. Representative failure: perf database error: context MLA data missing for ContextKey { fmha_quant: ""fp8"", kv_quant: ""fp8"" } at <repo>/python/aisimulate/src/aiconfigurator_core/systems/data/rtx_pro_6000_server/sglang/0.5.14","python python/aisimulate/tools/support_matrix/generate_fpe_support_matrix.py --model ""nvidia/Kimi-K2.6-NVFP4"" --system ""rtx_pro_6000_server"" --backend ""sglang"" --backend-version ""0.5.14"" --forward-model op_level --max-workers 8",,540,135,"PERF_DATA_MISSING=220, SDK_UNREPRESENTABLE=320",,26dae1f99b2b50fb17118f38d8a8e95dfac3357c
nvidia/Kimi-K2.6-NVFP4,KimiK25ForConditionalGeneration,rtx_pro_6000_server,sglang,0.5.16,FAIL,"Strict-native op-level FPE probes: PERF_DATA_MISSING=220, SDK_UNREPRESENTABLE=320; raw probes=540; topologies=135; source_sha=26dae1f99b2b50fb17118f38d8a8e95dfac3357c. Representative failure: perf database error: context MLA data missing for ContextKey { fmha_quant: ""fp8"", kv_quant: ""fp8"" } at <repo>/python/aisimulate/src/aiconfigurator_core/systems/data/rtx_pro_6000_server/sglang/0.5.16","python python/aisimulate/tools/support_matrix/generate_fpe_support_matrix.py --model ""nvidia/Kimi-K2.6-NVFP4"" --system ""rtx_pro_6000_server"" --backend ""sglang"" --backend-version ""0.5.16"" --forward-model op_level --max-workers 8",,540,135,"PERF_DATA_MISSING=220, SDK_UNREPRESENTABLE=320",,26dae1f99b2b50fb17118f38d8a8e95dfac3357c
nvidia/Kimi-K2.6-NVFP4,KimiK25ForConditionalGeneration,rtx_pro_6000_server,sglang,0.5.9,FAIL,"Strict-native op-level FPE probes: PERF_DATA_MISSING=220, SDK_UNREPRESENTABLE=320; raw probes=540; topologies=135; source_sha=26dae1f99b2b50fb17118f38d8a8e95dfac3357c. Representative failure: perf database error: perf database error: no GEMM rows loaded from 1 source(s) (first: <repo>/python/aisimulate/src/aiconfigurator_core/systems/data/rtx_pro_6000_server/sglang/0.5.9/gemm_perf.parquet)","python python/aisimulate/tools/support_matrix/generate_fpe_support_matrix.py --model ""nvidia/Kimi-K2.6-NVFP4"" --system ""rtx_pro_6000_server"" --backend ""sglang"" --backend-version ""0.5.9"" --forward-model op_level --max-workers 8",,540,135,"PERF_DATA_MISSING=220, SDK_UNREPRESENTABLE=320",,26dae1f99b2b50fb17118f38d8a8e95dfac3357c
nvidia/Kimi-K2.6-NVFP4,KimiK25ForConditionalGeneration,rtx_pro_6000_server,trtllm,1.3.0rc10,PASS,,"python python/aisimulate/tools/support_matrix/generate_fpe_support_matrix.py --model ""nvidia/Kimi-K2.6-NVFP4"" --system ""rtx_pro_6000_server"" --backend ""trtllm"" --backend-version ""1.3.0rc10"" --forward-model op_level --max-workers 8",silicon,116,29,"PASS=68, PERF_DATA_MISSING=48","decode_end=22384.939999, decode_start=87.600657, mixed=322.597330, prefill=319.206919",26dae1f99b2b50fb17118f38d8a8e95dfac3357c
nvidia/Kimi-K2.6-NVFP4,KimiK25ForConditionalGeneration,rtx_pro_6000_server,trtllm,1.3.0rc15,PASS,,"python python/aisimulate/tools/support_matrix/generate_fpe_support_matrix.py --model ""nvidia/Kimi-K2.6-NVFP4"" --system ""rtx_pro_6000_server"" --backend ""trtllm"" --backend-version ""1.3.0rc15"" --forward-model op_level --max-workers 8",silicon,116,29,"PASS=68, PERF_DATA_MISSING=48","decode_end=22384.939999, decode_start=87.600657, mixed=322.597330, prefill=319.206919",26dae1f99b2b50fb17118f38d8a8e95dfac3357c
nvidia/Kimi-K2.6-NVFP4,KimiK25ForConditionalGeneration,rtx_pro_6000_server,trtllm,1.3.0rc20,PASS,,"python python/aisimulate/tools/support_matrix/generate_fpe_support_matrix.py --model ""nvidia/Kimi-K2.6-NVFP4"" --system ""rtx_pro_6000_server"" --backend ""trtllm"" --backend-version ""1.3.0rc20"" --forward-model op_level --max-workers 8",silicon,116,29,PASS=116,"decode_end=21403.507639, decode_start=83.448858, mixed=322.975645, prefill=319.811805",26dae1f99b2b50fb17118f38d8a8e95dfac3357c
nvidia/Kimi-K2.6-NVFP4,KimiK25ForConditionalGeneration,rtx_pro_6000_server,trtllm,1.3.0rc23,PASS,,"python python/aisimulate/tools/support_matrix/generate_fpe_support_matrix.py --model ""nvidia/Kimi-K2.6-NVFP4"" --system ""rtx_pro_6000_server"" --backend ""trtllm"" --backend-version ""1.3.0rc23"" --forward-model op_level --max-workers 8",silicon,116,29,PASS=116,"decode_end=21403.507639, decode_start=83.448858, mixed=322.975645, prefill=319.811805",26dae1f99b2b50fb17118f38d8a8e95dfac3357c
nvidia/Kimi-K2.6-NVFP4,KimiK25ForConditionalGeneration,rtx_pro_6000_server,vllm,0.1.dev19262,FAIL,Strict-native op-level FPE probes: PERF_DATA_MISSING=116; raw probes=116; topologies=29; source_sha=26dae1f99b2b50fb17118f38d8a8e95dfac3357c. Representative failure: perf database error: perf database error: no GEMM rows loaded from 1 source(s) (first: <repo>/python/aisimulate/src/aiconfigurator_core/systems/data/rtx_pro_6000_server/vllm/0.1.dev19262/gemm_perf.parquet),"python python/aisimulate/tools/support_matrix/generate_fpe_support_matrix.py --model ""nvidia/Kimi-K2.6-NVFP4"" --system ""rtx_pro_6000_server"" --backend ""vllm"" --backend-version ""0.1.dev19262"" --forward-model op_level --max-workers 8",,116,29,PERF_DATA_MISSING=116,,26dae1f99b2b50fb17118f38d8a8e95dfac3357c
nvidia/Kimi-K2.6-NVFP4,KimiK25ForConditionalGeneration,rtx_pro_6000_server,vllm,0.14.0,FAIL,Strict-native op-level FPE probes: PERF_DATA_MISSING=116; raw probes=116; topologies=29; source_sha=26dae1f99b2b50fb17118f38d8a8e95dfac3357c. Representative failure: perf database error: perf database error: no GEMM rows loaded from 1 source(s) (first: <repo>/python/aisimulate/src/aiconfigurator_core/systems/data/rtx_pro_6000_server/vllm/0.14.0/gemm_perf.parquet),"python python/aisimulate/tools/support_matrix/generate_fpe_support_matrix.py --model ""nvidia/Kimi-K2.6-NVFP4"" --system ""rtx_pro_6000_server"" --backend ""vllm"" --backend-version ""0.14.0"" --forward-model op_level --max-workers 8",,116,29,PERF_DATA_MISSING=116,,26dae1f99b2b50fb17118f38d8a8e95dfac3357c
nvidia/Kimi-K2.6-NVFP4,KimiK25ForConditionalGeneration,rtx_pro_6000_server,vllm,0.19.0,FAIL,"Strict-native op-level FPE probes: PERF_DATA_MISSING=116; raw probes=116; topologies=29; source_sha=26dae1f99b2b50fb17118f38d8a8e95dfac3357c. Representative failure: perf database error: MoE data missing for MoeKey { quant: ""nvfp4"", distribution: ""uniform"", topk: 8, num_experts: 384, hidden_size: 7168, inter_size: 2048, moe_tp_size: 1, moe_ep_size: 1 } at <repo>/python/aisimulate/src/aiconfigurator_core/systems/data/rtx_pro_6000_server/vllm/0.19.0","python python/aisimulate/tools/support_matrix/generate_fpe_support_matrix.py --model ""nvidia/Kimi-K2.6-NVFP4"" --system ""rtx_pro_6000_server"" --backend ""vllm"" --backend-version ""0.19.0"" --forward-model op_level --max-workers 8",,116,29,PERF_DATA_MISSING=116,,26dae1f99b2b50fb17118f38d8a8e95dfac3357c
nvidia/Kimi-K2.6-NVFP4,KimiK25ForConditionalGeneration,rtx_pro_6000_server,vllm,0.22.0,PASS,,"python python/aisimulate/tools/support_matrix/generate_fpe_support_matrix.py --model ""nvidia/Kimi-K2.6-NVFP4"" --system ""rtx_pro_6000_server"" --backend ""vllm"" --backend-version ""0.22.0"" --forward-model op_level --max-workers 8",silicon,116,29,"PASS=44, PERF_DATA_MISSING=72","decode_end=22190.753980, decode_start=86.839143, mixed=323.990922, prefill=322.951195",26dae1f99b2b50fb17118f38d8a8e95dfac3357c
nvidia/Kimi-K2.6-NVFP4,KimiK25ForConditionalGeneration,rtx_pro_6000_server,vllm,0.24.0,PASS,,"python python/aisimulate/tools/support_matrix/generate_fpe_support_matrix.py --model ""nvidia/Kimi-K2.6-NVFP4"" --system ""rtx_pro_6000_server"" --backend ""vllm"" --backend-version ""0.24.0"" --forward-model op_level --max-workers 8",silicon,116,29,PASS=116,"decode_end=22190.753980, decode_start=86.839143, mixed=323.990922, prefill=322.951195",26dae1f99b2b50fb17118f38d8a8e95dfac3357c
nvidia/Kimi-K2.7-Code-NVFP4,KimiK25ForConditionalGeneration,rtx_pro_6000_server,sglang,0.5.10,FAIL,"Strict-native op-level FPE probes: PERF_DATA_MISSING=220, SDK_UNREPRESENTABLE=320; raw probes=540; topologies=135; source_sha=26dae1f99b2b50fb17118f38d8a8e95dfac3357c. Representative failure: perf database error: context MLA data missing for ContextKey { fmha_quant: ""fp8"", kv_quant: ""fp8"" } at <repo>/python/aisimulate/src/aiconfigurator_core/systems/data/rtx_pro_6000_server/sglang/0.5.10","python python/aisimulate/tools/support_matrix/generate_fpe_support_matrix.py --model ""nvidia/Kimi-K2.7-Code-NVFP4"" --system ""rtx_pro_6000_server"" --backend ""sglang"" --backend-version ""0.5.10"" --forward-model op_level --max-workers 8",,540,135,"PERF_DATA_MISSING=220, SDK_UNREPRESENTABLE=320",,26dae1f99b2b50fb17118f38d8a8e95dfac3357c
nvidia/Kimi-K2.7-Code-NVFP4,KimiK25ForConditionalGeneration,rtx_pro_6000_server,sglang,0.5.10rc0,FAIL,"Strict-native op-level FPE probes: PERF_DATA_MISSING=220, SDK_UNREPRESENTABLE=320; raw probes=540; topologies=135; source_sha=26dae1f99b2b50fb17118f38d8a8e95dfac3357c. Representative failure: perf database error: perf database error: no GEMM rows loaded from 1 source(s) (first: <repo>/python/aisimulate/src/aiconfigurator_core/systems/data/rtx_pro_6000_server/sglang/0.5.10rc0/gemm_perf.parquet)","python python/aisimulate/tools/support_matrix/generate_fpe_support_matrix.py --model ""nvidia/Kimi-K2.7-Code-NVFP4"" --system ""rtx_pro_6000_server"" --backend ""sglang"" --backend-version ""0.5.10rc0"" --forward-model op_level --max-workers 8",,540,135,"PERF_DATA_MISSING=220, SDK_UNREPRESENTABLE=320",,26dae1f99b2b50fb17118f38d8a8e95dfac3357c
nvidia/Kimi-K2.7-Code-NVFP4,KimiK25ForConditionalGeneration,rtx_pro_6000_server,sglang,0.5.12,FAIL,"Strict-native op-level FPE probes: PERF_DATA_MISSING=220, SDK_UNREPRESENTABLE=320; raw probes=540; topologies=135; source_sha=26dae1f99b2b50fb17118f38d8a8e95dfac3357c. Representative failure: perf database error: context MLA data missing for ContextKey { fmha_quant: ""fp8"", kv_quant: ""fp8"" } at <repo>/python/aisimulate/src/aiconfigurator_core/systems/data/rtx_pro_6000_server/sglang/0.5.12","python python/aisimulate/tools/support_matrix/generate_fpe_support_matrix.py --model ""nvidia/Kimi-K2.7-Code-NVFP4"" --system ""rtx_pro_6000_server"" --backend ""sglang"" --backend-version ""0.5.12"" --forward-model op_level --max-workers 8",,540,135,"PERF_DATA_MISSING=220, SDK_UNREPRESENTABLE=320",,26dae1f99b2b50fb17118f38d8a8e95dfac3357c
nvidia/Kimi-K2.7-Code-NVFP4,KimiK25ForConditionalGeneration,rtx_pro_6000_server,sglang,0.5.14,FAIL,"Strict-native op-level FPE probes: PERF_DATA_MISSING=220, SDK_UNREPRESENTABLE=320; raw probes=540; topologies=135; source_sha=26dae1f99b2b50fb17118f38d8a8e95dfac3357c. Representative failure: perf database error: context MLA data missing for ContextKey { fmha_quant: ""fp8"", kv_quant: ""fp8"" } at <repo>/python/aisimulate/src/aiconfigurator_core/systems/data/rtx_pro_6000_server/sglang/0.5.14","python python/aisimulate/tools/support_matrix/generate_fpe_support_matrix.py --model ""nvidia/Kimi-K2.7-Code-NVFP4"" --system ""rtx_pro_6000_server"" --backend ""sglang"" --backend-version ""0.5.14"" --forward-model op_level --max-workers 8",,540,135,"PERF_DATA_MISSING=220, SDK_UNREPRESENTABLE=320",,26dae1f99b2b50fb17118f38d8a8e95dfac3357c
nvidia/Kimi-K2.7-Code-NVFP4,KimiK25ForConditionalGeneration,rtx_pro_6000_server,sglang,0.5.16,FAIL,"Strict-native op-level FPE probes: PERF_DATA_MISSING=220, SDK_UNREPRESENTABLE=320; raw probes=540; topologies=135; source_sha=26dae1f99b2b50fb17118f38d8a8e95dfac3357c. Representative failure: perf database error: context MLA data missing for ContextKey { fmha_quant: ""fp8"", kv_quant: ""fp8"" } at <repo>/python/aisimulate/src/aiconfigurator_core/systems/data/rtx_pro_6000_server/sglang/0.5.16","python python/aisimulate/tools/support_matrix/generate_fpe_support_matrix.py --model ""nvidia/Kimi-K2.7-Code-NVFP4"" --system ""rtx_pro_6000_server"" --backend ""sglang"" --backend-version ""0.5.16"" --forward-model op_level --max-workers 8",,540,135,"PERF_DATA_MISSING=220, SDK_UNREPRESENTABLE=320",,26dae1f99b2b50fb17118f38d8a8e95dfac3357c
nvidia/Kimi-K2.7-Code-NVFP4,KimiK25ForConditionalGeneration,rtx_pro_6000_server,sglang,0.5.9,FAIL,"Strict-native op-level FPE probes: PERF_DATA_MISSING=220, SDK_UNREPRESENTABLE=320; raw probes=540; topologies=135; source_sha=26dae1f99b2b50fb17118f38d8a8e95dfac3357c. Representative failure: perf database error: perf database error: no GEMM rows loaded from 1 source(s) (first: <repo>/python/aisimulate/src/aiconfigurator_core/systems/data/rtx_pro_6000_server/sglang/0.5.9/gemm_perf.parquet)","python python/aisimulate/tools/support_matrix/generate_fpe_support_matrix.py --model ""nvidia/Kimi-K2.7-Code-NVFP4"" --system ""rtx_pro_6000_server"" --backend ""sglang"" --backend-version ""0.5.9"" --forward-model op_level --max-workers 8",,540,135,"PERF_DATA_MISSING=220, SDK_UNREPRESENTABLE=320",,26dae1f99b2b50fb17118f38d8a8e95dfac3357c
nvidia/Kimi-K2.7-Code-NVFP4,KimiK25ForConditionalGeneration,rtx_pro_6000_server,trtllm,1.3.0rc10,PASS,,"python python/aisimulate/tools/support_matrix/generate_fpe_support_matrix.py --model ""nvidia/Kimi-K2.7-Code-NVFP4"" --system ""rtx_pro_6000_server"" --backend ""trtllm"" --backend-version ""1.3.0rc10"" --forward-model op_level --max-workers 8",silicon,116,29,"PASS=68, PERF_DATA_MISSING=48","decode_end=22384.939999, decode_start=87.600657, mixed=322.597330, prefill=319.206919",26dae1f99b2b50fb17118f38d8a8e95dfac3357c
nvidia/Kimi-K2.7-Code-NVFP4,KimiK25ForConditionalGeneration,rtx_pro_6000_server,trtllm,1.3.0rc15,PASS,,"python python/aisimulate/tools/support_matrix/generate_fpe_support_matrix.py --model ""nvidia/Kimi-K2.7-Code-NVFP4"" --system ""rtx_pro_6000_server"" --backend ""trtllm"" --backend-version ""1.3.0rc15"" --forward-model op_level --max-workers 8",silicon,116,29,"PASS=68, PERF_DATA_MISSING=48","decode_end=22384.939999, decode_start=87.600657, mixed=322.597330, prefill=319.206919",26dae1f99b2b50fb17118f38d8a8e95dfac3357c
nvidia/Kimi-K2.7-Code-NVFP4,KimiK25ForConditionalGeneration,rtx_pro_6000_server,trtllm,1.3.0rc20,PASS,,"python python/aisimulate/tools/support_matrix/generate_fpe_support_matrix.py --model ""nvidia/Kimi-K2.7-Code-NVFP4"" --system ""rtx_pro_6000_server"" --backend ""trtllm"" --backend-version ""1.3.0rc20"" --forward-model op_level --max-workers 8",silicon,116,29,PASS=116,"decode_end=21403.507639, decode_start=83.448858, mixed=322.975645, prefill=319.811805",26dae1f99b2b50fb17118f38d8a8e95dfac3357c
nvidia/Kimi-K2.7-Code-NVFP4,KimiK25ForConditionalGeneration,rtx_pro_6000_server,trtllm,1.3.0rc23,PASS,,"python python/aisimulate/tools/support_matrix/generate_fpe_support_matrix.py --model ""nvidia/Kimi-K2.7-Code-NVFP4"" --system ""rtx_pro_6000_server"" --backend ""trtllm"" --backend-version ""1.3.0rc23"" --forward-model op_level --max-workers 8",silicon,116,29,PASS=116,"decode_end=21403.507639, decode_start=83.448858, mixed=322.975645, prefill=319.811805",26dae1f99b2b50fb17118f38d8a8e95dfac3357c
nvidia/Kimi-K2.7-Code-NVFP4,KimiK25ForConditionalGeneration,rtx_pro_6000_server,vllm,0.1.dev19262,FAIL,Strict-native op-level FPE probes: PERF_DATA_MISSING=116; raw probes=116; topologies=29; source_sha=26dae1f99b2b50fb17118f38d8a8e95dfac3357c. Representative failure: perf database error: perf database error: no GEMM rows loaded from 1 source(s) (first: <repo>/python/aisimulate/src/aiconfigurator_core/systems/data/rtx_pro_6000_server/vllm/0.1.dev19262/gemm_perf.parquet),"python python/aisimulate/tools/support_matrix/generate_fpe_support_matrix.py --model ""nvidia/Kimi-K2.7-Code-NVFP4"" --system ""rtx_pro_6000_server"" --backend ""vllm"" --backend-version ""0.1.dev19262"" --forward-model op_level --max-workers 8",,116,29,PERF_DATA_MISSING=116,,26dae1f99b2b50fb17118f38d8a8e95dfac3357c
nvidia/Kimi-K2.7-Code-NVFP4,KimiK25ForConditionalGeneration,rtx_pro_6000_server,vllm,0.14.0,FAIL,Strict-native op-level FPE probes: PERF_DATA_MISSING=116; raw probes=116; topologies=29; source_sha=26dae1f99b2b50fb17118f38d8a8e95dfac3357c. Representative failure: perf database error: perf database error: no GEMM rows loaded from 1 source(s) (first: <repo>/python/aisimulate/src/aiconfigurator_core/systems/data/rtx_pro_6000_server/vllm/0.14.0/gemm_perf.parquet),"python python/aisimulate/tools/support_matrix/generate_fpe_support_matrix.py --model ""nvidia/Kimi-K2.7-Code-NVFP4"" --system ""rtx_pro_6000_server"" --backend ""vllm"" --backend-version ""0.14.0"" --forward-model op_level --max-workers 8",,116,29,PERF_DATA_MISSING=116,,26dae1f99b2b50fb17118f38d8a8e95dfac3357c
nvidia/Kimi-K2.7-Code-NVFP4,KimiK25ForConditionalGeneration,rtx_pro_6000_server,vllm,0.19.0,FAIL,"Strict-native op-level FPE probes: PERF_DATA_MISSING=116; raw probes=116; topologies=29; source_sha=26dae1f99b2b50fb17118f38d8a8e95dfac3357c. Representative failure: perf database error: MoE data missing for MoeKey { quant: ""nvfp4"", distribution: ""uniform"", topk: 8, num_experts: 384, hidden_size: 7168, inter_size: 2048, moe_tp_size: 1, moe_ep_size: 1 } at <repo>/python/aisimulate/src/aiconfigurator_core/systems/data/rtx_pro_6000_server/vllm/0.19.0","python python/aisimulate/tools/support_matrix/generate_fpe_support_matrix.py --model ""nvidia/Kimi-K2.7-Code-NVFP4"" --system ""rtx_pro_6000_server"" --backend ""vllm"" --backend-version ""0.19.0"" --forward-model op_level --max-workers 8",,116,29,PERF_DATA_MISSING=116,,26dae1f99b2b50fb17118f38d8a8e95dfac3357c
nvidia/Kimi-K2.7-Code-NVFP4,KimiK25ForConditionalGeneration,rtx_pro_6000_server,vllm,0.22.0,PASS,,"python python/aisimulate/tools/support_matrix/generate_fpe_support_matrix.py --model ""nvidia/Kimi-K2.7-Code-NVFP4"" --system ""rtx_pro_6000_server"" --backend ""vllm"" --backend-version ""0.22.0"" --forward-model op_level --max-workers 8",silicon,116,29,"PASS=44, PERF_DATA_MISSING=72","decode_end=22190.753980, decode_start=86.839143, mixed=323.990922, prefill=322.951195",26dae1f99b2b50fb17118f38d8a8e95dfac3357c
nvidia/Kimi-K2.7-Code-NVFP4,KimiK25ForConditionalGeneration,rtx_pro_6000_server,vllm,0.24.0,PASS,,"python python/aisimulate/tools/support_matrix/generate_fpe_support_matrix.py --model ""nvidia/Kimi-K2.7-Code-NVFP4"" --system ""rtx_pro_6000_server"" --backend ""vllm"" --backend-version ""0.24.0"" --forward-model op_level --max-workers 8",silicon,116,29,PASS=116,"decode_end=22190.753980, decode_start=86.839143, mixed=323.990922, prefill=322.951195",26dae1f99b2b50fb17118f38d8a8e95dfac3357c
nvidia/Llama-3.1-70B-Instruct-FP8,LlamaForCausalLM,rtx_pro_6000_server,sglang,0.5.10,FAIL,"Strict-native op-level FPE probes: PERF_DATA_MISSING=16, SDK_UNREPRESENTABLE=24; raw probes=40; topologies=10; source_sha=26dae1f99b2b50fb17118f38d8a8e95dfac3357c. Representative failure: perf database error: perf database error: no rows loaded from 1 source(s) (first: <repo>/python/aisimulate/src/aiconfigurator_core/systems/data/rtx_pro_6000_server/sglang/0.5.10/computescale_perf.parquet)","python python/aisimulate/tools/support_matrix/generate_fpe_support_matrix.py --model ""nvidia/Llama-3.1-70B-Instruct-FP8"" --system ""rtx_pro_6000_server"" --backend ""sglang"" --backend-version ""0.5.10"" --forward-model op_level --max-workers 8",,40,10,"PERF_DATA_MISSING=16, SDK_UNREPRESENTABLE=24",,26dae1f99b2b50fb17118f38d8a8e95dfac3357c
nvidia/Llama-3.1-70B-Instruct-FP8,LlamaForCausalLM,rtx_pro_6000_server,sglang,0.5.10rc0,FAIL,"Strict-native op-level FPE probes: PERF_DATA_MISSING=16, SDK_UNREPRESENTABLE=24; raw probes=40; topologies=10; source_sha=26dae1f99b2b50fb17118f38d8a8e95dfac3357c. Representative failure: perf database error: perf database error: no GEMM rows loaded from 1 source(s) (first: <repo>/python/aisimulate/src/aiconfigurator_core/systems/data/rtx_pro_6000_server/sglang/0.5.10rc0/gemm_perf.parquet)","python python/aisimulate/tools/support_matrix/generate_fpe_support_matrix.py --model ""nvidia/Llama-3.1-70B-Instruct-FP8"" --system ""rtx_pro_6000_server"" --backend ""sglang"" --backend-version ""0.5.10rc0"" --forward-model op_level --max-workers 8",,40,10,"PERF_DATA_MISSING=16, SDK_UNREPRESENTABLE=24",,26dae1f99b2b50fb17118f38d8a8e95dfac3357c
nvidia/Llama-3.1-70B-Instruct-FP8,LlamaForCausalLM,rtx_pro_6000_server,sglang,0.5.12,PASS,,"python python/aisimulate/tools/support_matrix/generate_fpe_support_matrix.py --model ""nvidia/Llama-3.1-70B-Instruct-FP8"" --system ""rtx_pro_6000_server"" --backend ""sglang"" --backend-version ""0.5.12"" --forward-model op_level --max-workers 8",silicon,40,10,"PASS=8, PERF_DATA_MISSING=8, SDK_UNREPRESENTABLE=24","decode_end=16898.992474, decode_start=66.193035, mixed=65.400074, prefill=62.011152",26dae1f99b2b50fb17118f38d8a8e95dfac3357c
nvidia/Llama-3.1-70B-Instruct-FP8,LlamaForCausalLM,rtx_pro_6000_server,sglang,0.5.14,PASS,,"python python/aisimulate/tools/support_matrix/generate_fpe_support_matrix.py --model ""nvidia/Llama-3.1-70B-Instruct-FP8"" --system ""rtx_pro_6000_server"" --backend ""sglang"" --backend-version ""0.5.14"" --forward-model op_level --max-workers 8",silicon,40,10,"PASS=16, SDK_UNREPRESENTABLE=24","decode_end=16898.992474, decode_start=66.193035, mixed=65.400074, prefill=62.011152",26dae1f99b2b50fb17118f38d8a8e95dfac3357c
nvidia/Llama-3.1-70B-Instruct-FP8,LlamaForCausalLM,rtx_pro_6000_server,sglang,0.5.16,PASS,,"python python/aisimulate/tools/support_matrix/generate_fpe_support_matrix.py --model ""nvidia/Llama-3.1-70B-Instruct-FP8"" --system ""rtx_pro_6000_server"" --backend ""sglang"" --backend-version ""0.5.16"" --forward-model op_level --max-workers 8",silicon,40,10,"PASS=16, SDK_UNREPRESENTABLE=24","decode_end=16898.992474, decode_start=66.193035, mixed=65.400074, prefill=62.011152",26dae1f99b2b50fb17118f38d8a8e95dfac3357c
nvidia/Llama-3.1-70B-Instruct-FP8,LlamaForCausalLM,rtx_pro_6000_server,sglang,0.5.9,FAIL,"Strict-native op-level FPE probes: PERF_DATA_MISSING=16, SDK_UNREPRESENTABLE=24; raw probes=40; topologies=10; source_sha=26dae1f99b2b50fb17118f38d8a8e95dfac3357c. Representative failure: perf database error: perf database error: no GEMM rows loaded from 1 source(s) (first: <repo>/python/aisimulate/src/aiconfigurator_core/systems/data/rtx_pro_6000_server/sglang/0.5.9/gemm_perf.parquet)","python python/aisimulate/tools/support_matrix/generate_fpe_support_matrix.py --model ""nvidia/Llama-3.1-70B-Instruct-FP8"" --system ""rtx_pro_6000_server"" --backend ""sglang"" --backend-version ""0.5.9"" --forward-model op_level --max-workers 8",,40,10,"PERF_DATA_MISSING=16, SDK_UNREPRESENTABLE=24",,26dae1f99b2b50fb17118f38d8a8e95dfac3357c
nvidia/Llama-3.1-70B-Instruct-FP8,LlamaForCausalLM,rtx_pro_6000_server,trtllm,1.3.0rc10,PASS,,"python python/aisimulate/tools/support_matrix/generate_fpe_support_matrix.py --model ""nvidia/Llama-3.1-70B-Instruct-FP8"" --system ""rtx_pro_6000_server"" --backend ""trtllm"" --backend-version ""1.3.0rc10"" --forward-model op_level --max-workers 8",silicon,16,4,"PASS=8, PERF_DATA_MISSING=8","decode_end=12494.939370, decode_start=48.926270, mixed=66.751530, prefill=59.819495",26dae1f99b2b50fb17118f38d8a8e95dfac3357c
nvidia/Llama-3.1-70B-Instruct-FP8,LlamaForCausalLM,rtx_pro_6000_server,trtllm,1.3.0rc15,PASS,,"python python/aisimulate/tools/support_matrix/generate_fpe_support_matrix.py --model ""nvidia/Llama-3.1-70B-Instruct-FP8"" --system ""rtx_pro_6000_server"" --backend ""trtllm"" --backend-version ""1.3.0rc15"" --forward-model op_level --max-workers 8",silicon,16,4,"PASS=8, PERF_DATA_MISSING=8","decode_end=12494.939370, decode_start=48.926270, mixed=66.751530, prefill=59.819495",26dae1f99b2b50fb17118f38d8a8e95dfac3357c
nvidia/Llama-3.1-70B-Instruct-FP8,LlamaForCausalLM,rtx_pro_6000_server,trtllm,1.3.0rc20,PASS,,"python python/aisimulate/tools/support_matrix/generate_fpe_support_matrix.py --model ""nvidia/Llama-3.1-70B-Instruct-FP8"" --system ""rtx_pro_6000_server"" --backend ""trtllm"" --backend-version ""1.3.0rc20"" --forward-model op_level --max-workers 8",silicon,16,4,PASS=16,"decode_end=12339.848972, decode_start=48.262666, mixed=66.167177, prefill=58.335405",26dae1f99b2b50fb17118f38d8a8e95dfac3357c
nvidia/Llama-3.1-70B-Instruct-FP8,LlamaForCausalLM,rtx_pro_6000_server,trtllm,1.3.0rc23,PASS,,"python python/aisimulate/tools/support_matrix/generate_fpe_support_matrix.py --model ""nvidia/Llama-3.1-70B-Instruct-FP8"" --system ""rtx_pro_6000_server"" --backend ""trtllm"" --backend-version ""1.3.0rc23"" --forward-model op_level --max-workers 8",silicon,16,4,PASS=16,"decode_end=12339.848972, decode_start=48.262666, mixed=66.167177, prefill=58.335405",26dae1f99b2b50fb17118f38d8a8e95dfac3357c
nvidia/Llama-3.1-70B-Instruct-FP8,LlamaForCausalLM,rtx_pro_6000_server,vllm,0.1.dev19262,FAIL,Strict-native op-level FPE probes: PERF_DATA_MISSING=16; raw probes=16; topologies=4; source_sha=26dae1f99b2b50fb17118f38d8a8e95dfac3357c. Representative failure: perf database error: perf database error: no GEMM rows loaded from 1 source(s) (first: <repo>/python/aisimulate/src/aiconfigurator_core/systems/data/rtx_pro_6000_server/vllm/0.1.dev19262/gemm_perf.parquet),"python python/aisimulate/tools/support_matrix/generate_fpe_support_matrix.py --model ""nvidia/Llama-3.1-70B-Instruct-FP8"" --system ""rtx_pro_6000_server"" --backend ""vllm"" --backend-version ""0.1.dev19262"" --forward-model op_level --max-workers 8",,16,4,PERF_DATA_MISSING=16,,26dae1f99b2b50fb17118f38d8a8e95dfac3357c
nvidia/Llama-3.1-70B-Instruct-FP8,LlamaForCausalLM,rtx_pro_6000_server,vllm,0.14.0,FAIL,Strict-native op-level FPE probes: PERF_DATA_MISSING=16; raw probes=16; topologies=4; source_sha=26dae1f99b2b50fb17118f38d8a8e95dfac3357c. Representative failure: perf database error: perf database error: no GEMM rows loaded from 1 source(s) (first: <repo>/python/aisimulate/src/aiconfigurator_core/systems/data/rtx_pro_6000_server/vllm/0.14.0/gemm_perf.parquet),"python python/aisimulate/tools/support_matrix/generate_fpe_support_matrix.py --model ""nvidia/Llama-3.1-70B-Instruct-FP8"" --system ""rtx_pro_6000_server"" --backend ""vllm"" --backend-version ""0.14.0"" --forward-model op_level --max-workers 8",,16,4,PERF_DATA_MISSING=16,,26dae1f99b2b50fb17118f38d8a8e95dfac3357c
nvidia/Llama-3.1-70B-Instruct-FP8,LlamaForCausalLM,rtx_pro_6000_server,vllm,0.19.0,FAIL,Strict-native op-level FPE probes: PERF_DATA_MISSING=16; raw probes=16; topologies=4; source_sha=26dae1f99b2b50fb17118f38d8a8e95dfac3357c. Representative failure: perf database error: perf database error: no rows loaded from 1 source(s) (first: <repo>/python/aisimulate/src/aiconfigurator_core/systems/data/rtx_pro_6000_server/vllm/0.19.0/computescale_perf.parquet),"python python/aisimulate/tools/support_matrix/generate_fpe_support_matrix.py --model ""nvidia/Llama-3.1-70B-Instruct-FP8"" --system ""rtx_pro_6000_server"" --backend ""vllm"" --backend-version ""0.19.0"" --forward-model op_level --max-workers 8",,16,4,PERF_DATA_MISSING=16,,26dae1f99b2b50fb17118f38d8a8e95dfac3357c
nvidia/Llama-3.1-70B-Instruct-FP8,LlamaForCausalLM,rtx_pro_6000_server,vllm,0.22.0,PASS,,"python python/aisimulate/tools/support_matrix/generate_fpe_support_matrix.py --model ""nvidia/Llama-3.1-70B-Instruct-FP8"" --system ""rtx_pro_6000_server"" --backend ""vllm"" --backend-version ""0.22.0"" --forward-model op_level --max-workers 8",silicon,16,4,"PASS=8, PERF_DATA_MISSING=8","decode_end=12821.857599, decode_start=50.272844, mixed=70.118663, prefill=59.080709",26dae1f99b2b50fb17118f38d8a8e95dfac3357c
nvidia/Llama-3.1-70B-Instruct-FP8,LlamaForCausalLM,rtx_pro_6000_server,vllm,0.24.0,PASS,,"python python/aisimulate/tools/support_matrix/generate_fpe_support_matrix.py --model ""nvidia/Llama-3.1-70B-Instruct-FP8"" --system ""rtx_pro_6000_server"" --backend ""vllm"" --backend-version ""0.24.0"" --forward-model op_level --max-workers 8",silicon,16,4,PASS=16,"decode_end=12821.857599, decode_start=50.272844, mixed=70.118663, prefill=59.080709",26dae1f99b2b50fb17118f38d8a8e95dfac3357c
nvidia/MiniMax-M2.7-NVFP4,MiniMaxM2ForCausalLM,rtx_pro_6000_server,sglang,0.5.10,FAIL,"Strict-native op-level FPE probes: PERF_DATA_MISSING=220, SDK_UNREPRESENTABLE=320; raw probes=540; topologies=135; source_sha=26dae1f99b2b50fb17118f38d8a8e95dfac3357c. Representative failure: perf database error: MoE data missing for MoeKey { quant: ""nvfp4"", distribution: ""uniform"", topk: 8, num_experts: 256, hidden_size: 3072, inter_size: 1536, moe_tp_size: 1, moe_ep_size: 1 } at <repo>/python/aisimulate/src/aiconfigurator_core/systems/data/rtx_pro_6000_server/sglang/0.5.10","python python/aisimulate/tools/support_matrix/generate_fpe_support_matrix.py --model ""nvidia/MiniMax-M2.7-NVFP4"" --system ""rtx_pro_6000_server"" --backend ""sglang"" --backend-version ""0.5.10"" --forward-model op_level --max-workers 8",,540,135,"PERF_DATA_MISSING=220, SDK_UNREPRESENTABLE=320",,26dae1f99b2b50fb17118f38d8a8e95dfac3357c
nvidia/MiniMax-M2.7-NVFP4,MiniMaxM2ForCausalLM,rtx_pro_6000_server,sglang,0.5.10rc0,FAIL,"Strict-native op-level FPE probes: PERF_DATA_MISSING=220, SDK_UNREPRESENTABLE=320; raw probes=540; topologies=135; source_sha=26dae1f99b2b50fb17118f38d8a8e95dfac3357c. Representative failure: perf database error: perf database error: no GEMM rows loaded from 1 source(s) (first: <repo>/python/aisimulate/src/aiconfigurator_core/systems/data/rtx_pro_6000_server/sglang/0.5.10rc0/gemm_perf.parquet)","python python/aisimulate/tools/support_matrix/generate_fpe_support_matrix.py --model ""nvidia/MiniMax-M2.7-NVFP4"" --system ""rtx_pro_6000_server"" --backend ""sglang"" --backend-version ""0.5.10rc0"" --forward-model op_level --max-workers 8",,540,135,"PERF_DATA_MISSING=220, SDK_UNREPRESENTABLE=320",,26dae1f99b2b50fb17118f38d8a8e95dfac3357c
nvidia/MiniMax-M2.7-NVFP4,MiniMaxM2ForCausalLM,rtx_pro_6000_server,sglang,0.5.12,PASS,,"python python/aisimulate/tools/support_matrix/generate_fpe_support_matrix.py --model ""nvidia/MiniMax-M2.7-NVFP4"" --system ""rtx_pro_6000_server"" --backend ""sglang"" --backend-version ""0.5.12"" --forward-model op_level --max-workers 8",silicon,540,135,"PASS=108, PERF_DATA_MISSING=112, SDK_UNREPRESENTABLE=320","decode_end=7018.976556, decode_start=27.466239, mixed=85.291844, prefill=83.616709",26dae1f99b2b50fb17118f38d8a8e95dfac3357c
nvidia/MiniMax-M2.7-NVFP4,MiniMaxM2ForCausalLM,rtx_pro_6000_server,sglang,0.5.14,PASS,,"python python/aisimulate/tools/support_matrix/generate_fpe_support_matrix.py --model ""nvidia/MiniMax-M2.7-NVFP4"" --system ""rtx_pro_6000_server"" --backend ""sglang"" --backend-version ""0.5.14"" --forward-model op_level --max-workers 8",silicon,540,135,"PASS=200, PERF_DATA_MISSING=20, SDK_UNREPRESENTABLE=320","decode_end=7018.976556, decode_start=27.466239, mixed=85.291844, prefill=83.616709",26dae1f99b2b50fb17118f38d8a8e95dfac3357c
nvidia/MiniMax-M2.7-NVFP4,MiniMaxM2ForCausalLM,rtx_pro_6000_server,sglang,0.5.16,PASS,,"python python/aisimulate/tools/support_matrix/generate_fpe_support_matrix.py --model ""nvidia/MiniMax-M2.7-NVFP4"" --system ""rtx_pro_6000_server"" --backend ""sglang"" --backend-version ""0.5.16"" --forward-model op_level --max-workers 8",silicon,540,135,"PASS=200, PERF_DATA_MISSING=20, SDK_UNREPRESENTABLE=320","decode_end=7018.976556, decode_start=27.466239, mixed=85.291844, prefill=83.616709",26dae1f99b2b50fb17118f38d8a8e95dfac3357c
nvidia/MiniMax-M2.7-NVFP4,MiniMaxM2ForCausalLM,rtx_pro_6000_server,sglang,0.5.9,FAIL,"Strict-native op-level FPE probes: PERF_DATA_MISSING=220, SDK_UNREPRESENTABLE=320; raw probes=540; topologies=135; source_sha=26dae1f99b2b50fb17118f38d8a8e95dfac3357c. Representative failure: perf database error: perf database error: no GEMM rows loaded from 1 source(s) (first: <repo>/python/aisimulate/src/aiconfigurator_core/systems/data/rtx_pro_6000_server/sglang/0.5.9/gemm_perf.parquet)","python python/aisimulate/tools/support_matrix/generate_fpe_support_matrix.py --model ""nvidia/MiniMax-M2.7-NVFP4"" --system ""rtx_pro_6000_server"" --backend ""sglang"" --backend-version ""0.5.9"" --forward-model op_level --max-workers 8",,540,135,"PERF_DATA_MISSING=220, SDK_UNREPRESENTABLE=320",,26dae1f99b2b50fb17118f38d8a8e95dfac3357c
nvidia/MiniMax-M2.7-NVFP4,MiniMaxM2ForCausalLM,rtx_pro_6000_server,trtllm,1.3.0rc10,PASS,,"python python/aisimulate/tools/support_matrix/generate_fpe_support_matrix.py --model ""nvidia/MiniMax-M2.7-NVFP4"" --system ""rtx_pro_6000_server"" --backend ""trtllm"" --backend-version ""1.3.0rc10"" --forward-model op_level --max-workers 8",silicon,116,29,"PASS=64, PERF_DATA_MISSING=52","decode_end=7506.617617, decode_start=29.378614, mixed=84.954946, prefill=82.809038",26dae1f99b2b50fb17118f38d8a8e95dfac3357c
nvidia/MiniMax-M2.7-NVFP4,MiniMaxM2ForCausalLM,rtx_pro_6000_server,trtllm,1.3.0rc15,PASS,,"python python/aisimulate/tools/support_matrix/generate_fpe_support_matrix.py --model ""nvidia/MiniMax-M2.7-NVFP4"" --system ""rtx_pro_6000_server"" --backend ""trtllm"" --backend-version ""1.3.0rc15"" --forward-model op_level --max-workers 8",silicon,116,29,"PASS=64, PERF_DATA_MISSING=52","decode_end=7506.617617, decode_start=29.378614, mixed=84.954946, prefill=82.809038",26dae1f99b2b50fb17118f38d8a8e95dfac3357c
nvidia/MiniMax-M2.7-NVFP4,MiniMaxM2ForCausalLM,rtx_pro_6000_server,trtllm,1.3.0rc20,PASS,,"python python/aisimulate/tools/support_matrix/generate_fpe_support_matrix.py --model ""nvidia/MiniMax-M2.7-NVFP4"" --system ""rtx_pro_6000_server"" --backend ""trtllm"" --backend-version ""1.3.0rc20"" --forward-model op_level --max-workers 8",silicon,116,29,"PASS=108, PERF_DATA_MISSING=8","decode_end=7144.572679, decode_start=27.934037, mixed=82.248093, prefill=80.698147",26dae1f99b2b50fb17118f38d8a8e95dfac3357c
nvidia/MiniMax-M2.7-NVFP4,MiniMaxM2ForCausalLM,rtx_pro_6000_server,trtllm,1.3.0rc23,PASS,,"python python/aisimulate/tools/support_matrix/generate_fpe_support_matrix.py --model ""nvidia/MiniMax-M2.7-NVFP4"" --system ""rtx_pro_6000_server"" --backend ""trtllm"" --backend-version ""1.3.0rc23"" --forward-model op_level --max-workers 8",silicon,116,29,"PASS=108, PERF_DATA_MISSING=8","decode_end=7144.572679, decode_start=27.934037, mixed=82.248093, prefill=80.698147",26dae1f99b2b50fb17118f38d8a8e95dfac3357c
nvidia/MiniMax-M2.7-NVFP4,MiniMaxM2ForCausalLM,rtx_pro_6000_server,vllm,0.1.dev19262,FAIL,Strict-native op-level FPE probes: PERF_DATA_MISSING=116; raw probes=116; topologies=29; source_sha=26dae1f99b2b50fb17118f38d8a8e95dfac3357c. Representative failure: perf database error: perf database error: no GEMM rows loaded from 1 source(s) (first: <repo>/python/aisimulate/src/aiconfigurator_core/systems/data/rtx_pro_6000_server/vllm/0.1.dev19262/gemm_perf.parquet),"python python/aisimulate/tools/support_matrix/generate_fpe_support_matrix.py --model ""nvidia/MiniMax-M2.7-NVFP4"" --system ""rtx_pro_6000_server"" --backend ""vllm"" --backend-version ""0.1.dev19262"" --forward-model op_level --max-workers 8",,116,29,PERF_DATA_MISSING=116,,26dae1f99b2b50fb17118f38d8a8e95dfac3357c
nvidia/MiniMax-M2.7-NVFP4,MiniMaxM2ForCausalLM,rtx_pro_6000_server,vllm,0.14.0,FAIL,Strict-native op-level FPE probes: PERF_DATA_MISSING=116; raw probes=116; topologies=29; source_sha=26dae1f99b2b50fb17118f38d8a8e95dfac3357c. Representative failure: perf database error: perf database error: no GEMM rows loaded from 1 source(s) (first: <repo>/python/aisimulate/src/aiconfigurator_core/systems/data/rtx_pro_6000_server/vllm/0.14.0/gemm_perf.parquet),"python python/aisimulate/tools/support_matrix/generate_fpe_support_matrix.py --model ""nvidia/MiniMax-M2.7-NVFP4"" --system ""rtx_pro_6000_server"" --backend ""vllm"" --backend-version ""0.14.0"" --forward-model op_level --max-workers 8",,116,29,PERF_DATA_MISSING=116,,26dae1f99b2b50fb17118f38d8a8e95dfac3357c
nvidia/MiniMax-M2.7-NVFP4,MiniMaxM2ForCausalLM,rtx_pro_6000_server,vllm,0.19.0,FAIL,"Strict-native op-level FPE probes: PERF_DATA_MISSING=116; raw probes=116; topologies=29; source_sha=26dae1f99b2b50fb17118f38d8a8e95dfac3357c. Representative failure: perf database error: MoE data missing for MoeKey { quant: ""nvfp4"", distribution: ""uniform"", topk: 8, num_experts: 256, hidden_size: 3072, inter_size: 1536, moe_tp_size: 1, moe_ep_size: 1 } at <repo>/python/aisimulate/src/aiconfigurator_core/systems/data/rtx_pro_6000_server/vllm/0.19.0","python python/aisimulate/tools/support_matrix/generate_fpe_support_matrix.py --model ""nvidia/MiniMax-M2.7-NVFP4"" --system ""rtx_pro_6000_server"" --backend ""vllm"" --backend-version ""0.19.0"" --forward-model op_level --max-workers 8",,116,29,PERF_DATA_MISSING=116,,26dae1f99b2b50fb17118f38d8a8e95dfac3357c
nvidia/MiniMax-M2.7-NVFP4,MiniMaxM2ForCausalLM,rtx_pro_6000_server,vllm,0.22.0,PASS,,"python python/aisimulate/tools/support_matrix/generate_fpe_support_matrix.py --model ""nvidia/MiniMax-M2.7-NVFP4"" --system ""rtx_pro_6000_server"" --backend ""vllm"" --backend-version ""0.22.0"" --forward-model op_level --max-workers 8",silicon,116,29,"PASS=40, PERF_DATA_MISSING=76","decode_end=7137.761817, decode_start=27.981738, mixed=84.904870, prefill=83.572055",26dae1f99b2b50fb17118f38d8a8e95dfac3357c
nvidia/MiniMax-M2.7-NVFP4,MiniMaxM2ForCausalLM,rtx_pro_6000_server,vllm,0.24.0,PASS,,"python python/aisimulate/tools/support_matrix/generate_fpe_support_matrix.py --model ""nvidia/MiniMax-M2.7-NVFP4"" --system ""rtx_pro_6000_server"" --backend ""vllm"" --backend-version ""0.24.0"" --forward-model op_level --max-workers 8",silicon,116,29,"PASS=96, PERF_DATA_MISSING=20","decode_end=7137.761817, decode_start=27.981738, mixed=84.904870, prefill=83.572055",26dae1f99b2b50fb17118f38d8a8e95dfac3357c
nvidia/MiniMax-M3-NVFP4,MiniMaxM3SparseForConditionalGeneration,rtx_pro_6000_server,sglang,0.5.10,FAIL,"Strict-native op-level FPE probes: PERF_DATA_MISSING=220; raw probes=220; topologies=55; source_sha=26dae1f99b2b50fb17118f38d8a8e95dfac3357c. Representative failure: perf database error: GEMM perf data missing for quant 'fp8_block' at <repo>/python/aisimulate/src/aiconfigurator_core/systems/data/rtx_pro_6000_server/sglang/0.5.10; available: [""bfloat16"", ""fp8"", ""nvfp4""]","python python/aisimulate/tools/support_matrix/generate_fpe_support_matrix.py --model ""nvidia/MiniMax-M3-NVFP4"" --system ""rtx_pro_6000_server"" --backend ""sglang"" --backend-version ""0.5.10"" --forward-model op_level --max-workers 8",,220,55,PERF_DATA_MISSING=220,,26dae1f99b2b50fb17118f38d8a8e95dfac3357c
nvidia/MiniMax-M3-NVFP4,MiniMaxM3SparseForConditionalGeneration,rtx_pro_6000_server,sglang,0.5.10rc0,FAIL,Strict-native op-level FPE probes: PERF_DATA_MISSING=220; raw probes=220; topologies=55; source_sha=26dae1f99b2b50fb17118f38d8a8e95dfac3357c. Representative failure: perf database error: perf database error: no GEMM rows loaded from 1 source(s) (first: <repo>/python/aisimulate/src/aiconfigurator_core/systems/data/rtx_pro_6000_server/sglang/0.5.10rc0/gemm_perf.parquet),"python python/aisimulate/tools/support_matrix/generate_fpe_support_matrix.py --model ""nvidia/MiniMax-M3-NVFP4"" --system ""rtx_pro_6000_server"" --backend ""sglang"" --backend-version ""0.5.10rc0"" --forward-model op_level --max-workers 8",,220,55,PERF_DATA_MISSING=220,,26dae1f99b2b50fb17118f38d8a8e95dfac3357c
nvidia/MiniMax-M3-NVFP4,MiniMaxM3SparseForConditionalGeneration,rtx_pro_6000_server,sglang,0.5.12,FAIL,"Strict-native op-level FPE probes: PERF_DATA_MISSING=220; raw probes=220; topologies=55; source_sha=26dae1f99b2b50fb17118f38d8a8e95dfac3357c. Representative failure: perf database error: GEMM perf data missing for quant 'fp8_block' at <repo>/python/aisimulate/src/aiconfigurator_core/systems/data/rtx_pro_6000_server/sglang/0.5.12; available: [""bfloat16"", ""fp8"", ""nvfp4""]","python python/aisimulate/tools/support_matrix/generate_fpe_support_matrix.py --model ""nvidia/MiniMax-M3-NVFP4"" --system ""rtx_pro_6000_server"" --backend ""sglang"" --backend-version ""0.5.12"" --forward-model op_level --max-workers 8",,220,55,PERF_DATA_MISSING=220,,26dae1f99b2b50fb17118f38d8a8e95dfac3357c
nvidia/MiniMax-M3-NVFP4,MiniMaxM3SparseForConditionalGeneration,rtx_pro_6000_server,sglang,0.5.14,FAIL,"Strict-native op-level FPE probes: PERF_DATA_MISSING=220; raw probes=220; topologies=55; source_sha=26dae1f99b2b50fb17118f38d8a8e95dfac3357c. Representative failure: perf database error: GEMM perf data missing for quant 'fp8_block' at <repo>/python/aisimulate/src/aiconfigurator_core/systems/data/rtx_pro_6000_server/sglang/0.5.14; available: [""bfloat16"", ""fp8"", ""nvfp4""]","python python/aisimulate/tools/support_matrix/generate_fpe_support_matrix.py --model ""nvidia/MiniMax-M3-NVFP4"" --system ""rtx_pro_6000_server"" --backend ""sglang"" --backend-version ""0.5.14"" --forward-model op_level --max-workers 8",,220,55,PERF_DATA_MISSING=220,,26dae1f99b2b50fb17118f38d8a8e95dfac3357c
nvidia/MiniMax-M3-NVFP4,MiniMaxM3SparseForConditionalGeneration,rtx_pro_6000_server,sglang,0.5.16,FAIL,"Strict-native op-level FPE probes: PERF_DATA_MISSING=220; raw probes=220; topologies=55; source_sha=26dae1f99b2b50fb17118f38d8a8e95dfac3357c. Representative failure: perf database error: GEMM perf data missing for quant 'fp8_block' at <repo>/python/aisimulate/src/aiconfigurator_core/systems/data/rtx_pro_6000_server/sglang/0.5.16; available: [""bfloat16"", ""fp8"", ""nvfp4""]","python python/aisimulate/tools/support_matrix/generate_fpe_support_matrix.py --model ""nvidia/MiniMax-M3-NVFP4"" --system ""rtx_pro_6000_server"" --backend ""sglang"" --backend-version ""0.5.16"" --forward-model op_level --max-workers 8",,220,55,PERF_DATA_MISSING=220,,26dae1f99b2b50fb17118f38d8a8e95dfac3357c
nvidia/MiniMax-M3-NVFP4,MiniMaxM3SparseForConditionalGeneration,rtx_pro_6000_server,sglang,0.5.9,FAIL,Strict-native op-level FPE probes: PERF_DATA_MISSING=220; raw probes=220; topologies=55; source_sha=26dae1f99b2b50fb17118f38d8a8e95dfac3357c. Representative failure: perf database error: perf database error: no GEMM rows loaded from 1 source(s) (first: <repo>/python/aisimulate/src/aiconfigurator_core/systems/data/rtx_pro_6000_server/sglang/0.5.9/gemm_perf.parquet),"python python/aisimulate/tools/support_matrix/generate_fpe_support_matrix.py --model ""nvidia/MiniMax-M3-NVFP4"" --system ""rtx_pro_6000_server"" --backend ""sglang"" --backend-version ""0.5.9"" --forward-model op_level --max-workers 8",,220,55,PERF_DATA_MISSING=220,,26dae1f99b2b50fb17118f38d8a8e95dfac3357c
nvidia/MiniMax-M3-NVFP4,MiniMaxM3SparseForConditionalGeneration,rtx_pro_6000_server,trtllm,1.3.0rc10,FAIL,"Strict-native op-level FPE probes: PERF_DATA_MISSING=116; raw probes=116; topologies=29; source_sha=26dae1f99b2b50fb17118f38d8a8e95dfac3357c. Representative failure: perf database error: MoE data missing for MoeKey { quant: ""nvfp4"", distribution: ""power_law_1.01"", topk: 4, num_experts: 128, hidden_size: 6144, inter_size: 3072, moe_tp_size: 1, moe_ep_size: 1 } at <repo>/python/aisimulate/src/aiconfigurator_core/systems/data/rtx_pro_6000_server/trtllm/1.3.0rc10","python python/aisimulate/tools/support_matrix/generate_fpe_support_matrix.py --model ""nvidia/MiniMax-M3-NVFP4"" --system ""rtx_pro_6000_server"" --backend ""trtllm"" --backend-version ""1.3.0rc10"" --forward-model op_level --max-workers 8",,116,29,PERF_DATA_MISSING=116,,26dae1f99b2b50fb17118f38d8a8e95dfac3357c
nvidia/MiniMax-M3-NVFP4,MiniMaxM3SparseForConditionalGeneration,rtx_pro_6000_server,trtllm,1.3.0rc15,FAIL,"Strict-native op-level FPE probes: PERF_DATA_MISSING=116; raw probes=116; topologies=29; source_sha=26dae1f99b2b50fb17118f38d8a8e95dfac3357c. Representative failure: perf database error: MoE data missing for MoeKey { quant: ""nvfp4"", distribution: ""power_law_1.01"", topk: 4, num_experts: 128, hidden_size: 6144, inter_size: 3072, moe_tp_size: 1, moe_ep_size: 1 } at <repo>/python/aisimulate/src/aiconfigurator_core/systems/data/rtx_pro_6000_server/trtllm/1.3.0rc15","python python/aisimulate/tools/support_matrix/generate_fpe_support_matrix.py --model ""nvidia/MiniMax-M3-NVFP4"" --system ""rtx_pro_6000_server"" --backend ""trtllm"" --backend-version ""1.3.0rc15"" --forward-model op_level --max-workers 8",,116,29,PERF_DATA_MISSING=116,,26dae1f99b2b50fb17118f38d8a8e95dfac3357c
nvidia/MiniMax-M3-NVFP4,MiniMaxM3SparseForConditionalGeneration,rtx_pro_6000_server,trtllm,1.3.0rc20,FAIL,Strict-native op-level FPE probes: PERF_DATA_MISSING=116; raw probes=116; topologies=29; source_sha=26dae1f99b2b50fb17118f38d8a8e95dfac3357c. Representative failure: perf database error: perf database error: perf database error: no DSA module rows loaded from 1 source(s) (first: <repo>/python/aisimulate/src/aiconfigurator_core/systems/data/rtx_pro_6000_server/trtllm/1.3.0rc20/msa_context_module_perf.parquet),"python python/aisimulate/tools/support_matrix/generate_fpe_support_matrix.py --model ""nvidia/MiniMax-M3-NVFP4"" --system ""rtx_pro_6000_server"" --backend ""trtllm"" --backend-version ""1.3.0rc20"" --forward-model op_level --max-workers 8",,116,29,PERF_DATA_MISSING=116,,26dae1f99b2b50fb17118f38d8a8e95dfac3357c
nvidia/MiniMax-M3-NVFP4,MiniMaxM3SparseForConditionalGeneration,rtx_pro_6000_server,trtllm,1.3.0rc23,FAIL,Strict-native op-level FPE probes: PERF_DATA_MISSING=116; raw probes=116; topologies=29; source_sha=26dae1f99b2b50fb17118f38d8a8e95dfac3357c. Representative failure: perf database error: perf database error: perf database error: no DSA module rows loaded from 1 source(s) (first: <repo>/python/aisimulate/src/aiconfigurator_core/systems/data/rtx_pro_6000_server/trtllm/1.3.0rc23/msa_context_module_perf.parquet),"python python/aisimulate/tools/support_matrix/generate_fpe_support_matrix.py --model ""nvidia/MiniMax-M3-NVFP4"" --system ""rtx_pro_6000_server"" --backend ""trtllm"" --backend-version ""1.3.0rc23"" --forward-model op_level --max-workers 8",,116,29,PERF_DATA_MISSING=116,,26dae1f99b2b50fb17118f38d8a8e95dfac3357c
nvidia/MiniMax-M3-NVFP4,MiniMaxM3SparseForConditionalGeneration,rtx_pro_6000_server,vllm,0.1.dev19262,FAIL,Strict-native op-level FPE probes: PERF_DATA_MISSING=116; raw probes=116; topologies=29; source_sha=26dae1f99b2b50fb17118f38d8a8e95dfac3357c. Representative failure: perf database error: perf database error: no GEMM rows loaded from 1 source(s) (first: <repo>/python/aisimulate/src/aiconfigurator_core/systems/data/rtx_pro_6000_server/vllm/0.1.dev19262/gemm_perf.parquet),"python python/aisimulate/tools/support_matrix/generate_fpe_support_matrix.py --model ""nvidia/MiniMax-M3-NVFP4"" --system ""rtx_pro_6000_server"" --backend ""vllm"" --backend-version ""0.1.dev19262"" --forward-model op_level --max-workers 8",,116,29,PERF_DATA_MISSING=116,,26dae1f99b2b50fb17118f38d8a8e95dfac3357c
nvidia/MiniMax-M3-NVFP4,MiniMaxM3SparseForConditionalGeneration,rtx_pro_6000_server,vllm,0.14.0,FAIL,Strict-native op-level FPE probes: PERF_DATA_MISSING=116; raw probes=116; topologies=29; source_sha=26dae1f99b2b50fb17118f38d8a8e95dfac3357c. Representative failure: perf database error: perf database error: no GEMM rows loaded from 1 source(s) (first: <repo>/python/aisimulate/src/aiconfigurator_core/systems/data/rtx_pro_6000_server/vllm/0.14.0/gemm_perf.parquet),"python python/aisimulate/tools/support_matrix/generate_fpe_support_matrix.py --model ""nvidia/MiniMax-M3-NVFP4"" --system ""rtx_pro_6000_server"" --backend ""vllm"" --backend-version ""0.14.0"" --forward-model op_level --max-workers 8",,116,29,PERF_DATA_MISSING=116,,26dae1f99b2b50fb17118f38d8a8e95dfac3357c
nvidia/MiniMax-M3-NVFP4,MiniMaxM3SparseForConditionalGeneration,rtx_pro_6000_server,vllm,0.19.0,FAIL,"Strict-native op-level FPE probes: PERF_DATA_MISSING=116; raw probes=116; topologies=29; source_sha=26dae1f99b2b50fb17118f38d8a8e95dfac3357c. Representative failure: perf database error: MoE data missing for MoeKey { quant: ""nvfp4"", distribution: ""uniform"", topk: 4, num_experts: 128, hidden_size: 6144, inter_size: 3072, moe_tp_size: 1, moe_ep_size: 1 } at <repo>/python/aisimulate/src/aiconfigurator_core/systems/data/rtx_pro_6000_server/vllm/0.19.0","python python/aisimulate/tools/support_matrix/generate_fpe_support_matrix.py --model ""nvidia/MiniMax-M3-NVFP4"" --system ""rtx_pro_6000_server"" --backend ""vllm"" --backend-version ""0.19.0"" --forward-model op_level --max-workers 8",,116,29,PERF_DATA_MISSING=116,,26dae1f99b2b50fb17118f38d8a8e95dfac3357c
nvidia/MiniMax-M3-NVFP4,MiniMaxM3SparseForConditionalGeneration,rtx_pro_6000_server,vllm,0.22.0,FAIL,"Strict-native op-level FPE probes: PERF_DATA_MISSING=116; raw probes=116; topologies=29; source_sha=26dae1f99b2b50fb17118f38d8a8e95dfac3357c. Representative failure: perf database error: custom_allreduce data missing for (""half"", 4) at <repo>/python/aisimulate/src/aiconfigurator_core/systems/data/rtx_pro_6000_server/vllm/0.22.0","python python/aisimulate/tools/support_matrix/generate_fpe_support_matrix.py --model ""nvidia/MiniMax-M3-NVFP4"" --system ""rtx_pro_6000_server"" --backend ""vllm"" --backend-version ""0.22.0"" --forward-model op_level --max-workers 8",,116,29,PERF_DATA_MISSING=116,,26dae1f99b2b50fb17118f38d8a8e95dfac3357c
nvidia/MiniMax-M3-NVFP4,MiniMaxM3SparseForConditionalGeneration,rtx_pro_6000_server,vllm,0.24.0,FAIL,"Strict-native op-level FPE probes: PERF_DATA_MISSING=116; raw probes=116; topologies=29; source_sha=26dae1f99b2b50fb17118f38d8a8e95dfac3357c. Representative failure: perf database error: context MSA module data missing for DsaKey { architecture: ""MiniMaxM3ForCausalLM"", fmha_quant: ""bfloat16"", kv_quant: ""bfloat16"", gemm_quant: ""fp8_block"" } at <repo>/python/aisimulate/src/aiconfigurator_core/systems/data/rtx_pro_6000_server/vllm/0.24.0","python python/aisimulate/tools/support_matrix/generate_fpe_support_matrix.py --model ""nvidia/MiniMax-M3-NVFP4"" --system ""rtx_pro_6000_server"" --backend ""vllm"" --backend-version ""0.24.0"" --forward-model op_level --max-workers 8",,116,29,PERF_DATA_MISSING=116,,26dae1f99b2b50fb17118f38d8a8e95dfac3357c
nvidia/NVIDIA-Nemotron-3-Nano-30B-A3B-BF16,NemotronHForCausalLM,rtx_pro_6000_server,sglang,0.5.10,PASS,,"python python/aisimulate/tools/support_matrix/generate_fpe_support_matrix.py --model ""nvidia/NVIDIA-Nemotron-3-Nano-30B-A3B-BF16"" --system ""rtx_pro_6000_server"" --backend ""sglang"" --backend-version ""0.5.10"" --forward-model op_level --max-workers 8",silicon,220,55,"PASS=116, PERF_DATA_MISSING=104","decode_end=5825.208112, decode_start=22.839157, mixed=64.936709, prefill=56.763534",26dae1f99b2b50fb17118f38d8a8e95dfac3357c
nvidia/NVIDIA-Nemotron-3-Nano-30B-A3B-BF16,NemotronHForCausalLM,rtx_pro_6000_server,sglang,0.5.10rc0,FAIL,Strict-native op-level FPE probes: PERF_DATA_MISSING=220; raw probes=220; topologies=55; source_sha=26dae1f99b2b50fb17118f38d8a8e95dfac3357c. Representative failure: perf database error: perf database error: no GEMM rows loaded from 1 source(s) (first: <repo>/python/aisimulate/src/aiconfigurator_core/systems/data/rtx_pro_6000_server/sglang/0.5.10rc0/gemm_perf.parquet),"python python/aisimulate/tools/support_matrix/generate_fpe_support_matrix.py --model ""nvidia/NVIDIA-Nemotron-3-Nano-30B-A3B-BF16"" --system ""rtx_pro_6000_server"" --backend ""sglang"" --backend-version ""0.5.10rc0"" --forward-model op_level --max-workers 8",,220,55,PERF_DATA_MISSING=220,,26dae1f99b2b50fb17118f38d8a8e95dfac3357c
nvidia/NVIDIA-Nemotron-3-Nano-30B-A3B-BF16,NemotronHForCausalLM,rtx_pro_6000_server,sglang,0.5.12,PASS,,"python python/aisimulate/tools/support_matrix/generate_fpe_support_matrix.py --model ""nvidia/NVIDIA-Nemotron-3-Nano-30B-A3B-BF16"" --system ""rtx_pro_6000_server"" --backend ""sglang"" --backend-version ""0.5.12"" --forward-model op_level --max-workers 8",silicon,220,55,"PASS=116, PERF_DATA_MISSING=104","decode_end=4011.284655, decode_start=15.730176, mixed=39.812571, prefill=38.983626",26dae1f99b2b50fb17118f38d8a8e95dfac3357c
nvidia/NVIDIA-Nemotron-3-Nano-30B-A3B-BF16,NemotronHForCausalLM,rtx_pro_6000_server,sglang,0.5.14,PASS,,"python python/aisimulate/tools/support_matrix/generate_fpe_support_matrix.py --model ""nvidia/NVIDIA-Nemotron-3-Nano-30B-A3B-BF16"" --system ""rtx_pro_6000_server"" --backend ""sglang"" --backend-version ""0.5.14"" --forward-model op_level --max-workers 8",silicon,220,55,PASS=220,"decode_end=4011.284655, decode_start=15.730176, mixed=39.812571, prefill=38.983626",26dae1f99b2b50fb17118f38d8a8e95dfac3357c
nvidia/NVIDIA-Nemotron-3-Nano-30B-A3B-BF16,NemotronHForCausalLM,rtx_pro_6000_server,sglang,0.5.16,PASS,,"python python/aisimulate/tools/support_matrix/generate_fpe_support_matrix.py --model ""nvidia/NVIDIA-Nemotron-3-Nano-30B-A3B-BF16"" --system ""rtx_pro_6000_server"" --backend ""sglang"" --backend-version ""0.5.16"" --forward-model op_level --max-workers 8",silicon,220,55,PASS=220,"decode_end=4011.284655, decode_start=15.730176, mixed=39.812571, prefill=38.983626",26dae1f99b2b50fb17118f38d8a8e95dfac3357c
nvidia/NVIDIA-Nemotron-3-Nano-30B-A3B-BF16,NemotronHForCausalLM,rtx_pro_6000_server,sglang,0.5.9,FAIL,Strict-native op-level FPE probes: PERF_DATA_MISSING=220; raw probes=220; topologies=55; source_sha=26dae1f99b2b50fb17118f38d8a8e95dfac3357c. Representative failure: perf database error: perf database error: no GEMM rows loaded from 1 source(s) (first: <repo>/python/aisimulate/src/aiconfigurator_core/systems/data/rtx_pro_6000_server/sglang/0.5.9/gemm_perf.parquet),"python python/aisimulate/tools/support_matrix/generate_fpe_support_matrix.py --model ""nvidia/NVIDIA-Nemotron-3-Nano-30B-A3B-BF16"" --system ""rtx_pro_6000_server"" --backend ""sglang"" --backend-version ""0.5.9"" --forward-model op_level --max-workers 8",,220,55,PERF_DATA_MISSING=220,,26dae1f99b2b50fb17118f38d8a8e95dfac3357c
nvidia/NVIDIA-Nemotron-3-Nano-30B-A3B-BF16,NemotronHForCausalLM,rtx_pro_6000_server,trtllm,1.3.0rc10,PASS,,"python python/aisimulate/tools/support_matrix/generate_fpe_support_matrix.py --model ""nvidia/NVIDIA-Nemotron-3-Nano-30B-A3B-BF16"" --system ""rtx_pro_6000_server"" --backend ""trtllm"" --backend-version ""1.3.0rc10"" --forward-model op_level --max-workers 8",silicon,116,29,"PASS=56, PERF_DATA_MISSING=60","decode_end=4110.589456, decode_start=16.131475, mixed=40.603931, prefill=39.906909",26dae1f99b2b50fb17118f38d8a8e95dfac3357c
nvidia/NVIDIA-Nemotron-3-Nano-30B-A3B-BF16,NemotronHForCausalLM,rtx_pro_6000_server,trtllm,1.3.0rc15,PASS,,"python python/aisimulate/tools/support_matrix/generate_fpe_support_matrix.py --model ""nvidia/NVIDIA-Nemotron-3-Nano-30B-A3B-BF16"" --system ""rtx_pro_6000_server"" --backend ""trtllm"" --backend-version ""1.3.0rc15"" --forward-model op_level --max-workers 8",silicon,116,29,"PASS=56, PERF_DATA_MISSING=60","decode_end=4110.589456, decode_start=16.131475, mixed=40.603931, prefill=39.906909",26dae1f99b2b50fb17118f38d8a8e95dfac3357c
nvidia/NVIDIA-Nemotron-3-Nano-30B-A3B-BF16,NemotronHForCausalLM,rtx_pro_6000_server,trtllm,1.3.0rc20,PASS,,"python python/aisimulate/tools/support_matrix/generate_fpe_support_matrix.py --model ""nvidia/NVIDIA-Nemotron-3-Nano-30B-A3B-BF16"" --system ""rtx_pro_6000_server"" --backend ""trtllm"" --backend-version ""1.3.0rc20"" --forward-model op_level --max-workers 8",silicon,116,29,"PASS=92, PERF_DATA_MISSING=24","decode_end=4032.126172, decode_start=15.826368, mixed=40.165486, prefill=39.411585",26dae1f99b2b50fb17118f38d8a8e95dfac3357c
nvidia/NVIDIA-Nemotron-3-Nano-30B-A3B-BF16,NemotronHForCausalLM,rtx_pro_6000_server,trtllm,1.3.0rc23,PASS,,"python python/aisimulate/tools/support_matrix/generate_fpe_support_matrix.py --model ""nvidia/NVIDIA-Nemotron-3-Nano-30B-A3B-BF16"" --system ""rtx_pro_6000_server"" --backend ""trtllm"" --backend-version ""1.3.0rc23"" --forward-model op_level --max-workers 8",silicon,116,29,"PASS=92, PERF_DATA_MISSING=24","decode_end=4032.126172, decode_start=15.826368, mixed=40.165486, prefill=39.411585",26dae1f99b2b50fb17118f38d8a8e95dfac3357c
nvidia/NVIDIA-Nemotron-3-Nano-30B-A3B-BF16,NemotronHForCausalLM,rtx_pro_6000_server,vllm,0.1.dev19262,FAIL,Strict-native op-level FPE probes: PERF_DATA_MISSING=116; raw probes=116; topologies=29; source_sha=26dae1f99b2b50fb17118f38d8a8e95dfac3357c. Representative failure: perf database error: perf database error: no GEMM rows loaded from 1 source(s) (first: <repo>/python/aisimulate/src/aiconfigurator_core/systems/data/rtx_pro_6000_server/vllm/0.1.dev19262/gemm_perf.parquet),"python python/aisimulate/tools/support_matrix/generate_fpe_support_matrix.py --model ""nvidia/NVIDIA-Nemotron-3-Nano-30B-A3B-BF16"" --system ""rtx_pro_6000_server"" --backend ""vllm"" --backend-version ""0.1.dev19262"" --forward-model op_level --max-workers 8",,116,29,PERF_DATA_MISSING=116,,26dae1f99b2b50fb17118f38d8a8e95dfac3357c
nvidia/NVIDIA-Nemotron-3-Nano-30B-A3B-BF16,NemotronHForCausalLM,rtx_pro_6000_server,vllm,0.14.0,FAIL,Strict-native op-level FPE probes: PERF_DATA_MISSING=116; raw probes=116; topologies=29; source_sha=26dae1f99b2b50fb17118f38d8a8e95dfac3357c. Representative failure: perf database error: perf database error: no GEMM rows loaded from 1 source(s) (first: <repo>/python/aisimulate/src/aiconfigurator_core/systems/data/rtx_pro_6000_server/vllm/0.14.0/gemm_perf.parquet),"python python/aisimulate/tools/support_matrix/generate_fpe_support_matrix.py --model ""nvidia/NVIDIA-Nemotron-3-Nano-30B-A3B-BF16"" --system ""rtx_pro_6000_server"" --backend ""vllm"" --backend-version ""0.14.0"" --forward-model op_level --max-workers 8",,116,29,PERF_DATA_MISSING=116,,26dae1f99b2b50fb17118f38d8a8e95dfac3357c
nvidia/NVIDIA-Nemotron-3-Nano-30B-A3B-BF16,NemotronHForCausalLM,rtx_pro_6000_server,vllm,0.19.0,PASS,,"python python/aisimulate/tools/support_matrix/generate_fpe_support_matrix.py --model ""nvidia/NVIDIA-Nemotron-3-Nano-30B-A3B-BF16"" --system ""rtx_pro_6000_server"" --backend ""vllm"" --backend-version ""0.19.0"" --forward-model op_level --max-workers 8",silicon,116,29,"PASS=44, PERF_DATA_MISSING=72","decode_end=5817.202950, decode_start=22.810393, mixed=59.127493, prefill=56.729754",26dae1f99b2b50fb17118f38d8a8e95dfac3357c
nvidia/NVIDIA-Nemotron-3-Nano-30B-A3B-BF16,NemotronHForCausalLM,rtx_pro_6000_server,vllm,0.22.0,PASS,,"python python/aisimulate/tools/support_matrix/generate_fpe_support_matrix.py --model ""nvidia/NVIDIA-Nemotron-3-Nano-30B-A3B-BF16"" --system ""rtx_pro_6000_server"" --backend ""vllm"" --backend-version ""0.22.0"" --forward-model op_level --max-workers 8",silicon,116,29,"PASS=44, PERF_DATA_MISSING=72","decode_end=4156.838946, decode_start=16.300479, mixed=40.221885, prefill=39.502476",26dae1f99b2b50fb17118f38d8a8e95dfac3357c
nvidia/NVIDIA-Nemotron-3-Nano-30B-A3B-BF16,NemotronHForCausalLM,rtx_pro_6000_server,vllm,0.24.0,PASS,,"python python/aisimulate/tools/support_matrix/generate_fpe_support_matrix.py --model ""nvidia/NVIDIA-Nemotron-3-Nano-30B-A3B-BF16"" --system ""rtx_pro_6000_server"" --backend ""vllm"" --backend-version ""0.24.0"" --forward-model op_level --max-workers 8",silicon,116,29,PASS=116,"decode_end=4156.838946, decode_start=16.300479, mixed=40.221885, prefill=39.502476",26dae1f99b2b50fb17118f38d8a8e95dfac3357c
nvidia/NVIDIA-Nemotron-3-Nano-30B-A3B-NVFP4,NemotronHForCausalLM,rtx_pro_6000_server,sglang,0.5.10,FAIL,"Strict-native op-level FPE probes: PERF_DATA_MISSING=220; raw probes=220; topologies=55; source_sha=26dae1f99b2b50fb17118f38d8a8e95dfac3357c. Representative failure: perf database error: MoE data missing for MoeKey { quant: ""nvfp4"", distribution: ""uniform"", topk: 6, num_experts: 128, hidden_size: 2688, inter_size: 1856, moe_tp_size: 1, moe_ep_size: 1 } at <repo>/python/aisimulate/src/aiconfigurator_core/systems/data/rtx_pro_6000_server/sglang/0.5.10","python python/aisimulate/tools/support_matrix/generate_fpe_support_matrix.py --model ""nvidia/NVIDIA-Nemotron-3-Nano-30B-A3B-NVFP4"" --system ""rtx_pro_6000_server"" --backend ""sglang"" --backend-version ""0.5.10"" --forward-model op_level --max-workers 8",,220,55,PERF_DATA_MISSING=220,,26dae1f99b2b50fb17118f38d8a8e95dfac3357c
nvidia/NVIDIA-Nemotron-3-Nano-30B-A3B-NVFP4,NemotronHForCausalLM,rtx_pro_6000_server,sglang,0.5.10rc0,FAIL,Strict-native op-level FPE probes: PERF_DATA_MISSING=220; raw probes=220; topologies=55; source_sha=26dae1f99b2b50fb17118f38d8a8e95dfac3357c. Representative failure: perf database error: perf database error: no GEMM rows loaded from 1 source(s) (first: <repo>/python/aisimulate/src/aiconfigurator_core/systems/data/rtx_pro_6000_server/sglang/0.5.10rc0/gemm_perf.parquet),"python python/aisimulate/tools/support_matrix/generate_fpe_support_matrix.py --model ""nvidia/NVIDIA-Nemotron-3-Nano-30B-A3B-NVFP4"" --system ""rtx_pro_6000_server"" --backend ""sglang"" --backend-version ""0.5.10rc0"" --forward-model op_level --max-workers 8",,220,55,PERF_DATA_MISSING=220,,26dae1f99b2b50fb17118f38d8a8e95dfac3357c
nvidia/NVIDIA-Nemotron-3-Nano-30B-A3B-NVFP4,NemotronHForCausalLM,rtx_pro_6000_server,sglang,0.5.12,FAIL,"Strict-native op-level FPE probes: PERF_DATA_MISSING=220; raw probes=220; topologies=55; source_sha=26dae1f99b2b50fb17118f38d8a8e95dfac3357c. Representative failure: perf database error: MoE data missing for MoeKey { quant: ""nvfp4"", distribution: ""power_law_1.01"", topk: 6, num_experts: 128, hidden_size: 2688, inter_size: 1856, moe_tp_size: 1, moe_ep_size: 1 } at <repo>/python/aisimulate/src/aiconfigurator_core/systems/data/rtx_pro_6000_server/sglang/0.5.12","python python/aisimulate/tools/support_matrix/generate_fpe_support_matrix.py --model ""nvidia/NVIDIA-Nemotron-3-Nano-30B-A3B-NVFP4"" --system ""rtx_pro_6000_server"" --backend ""sglang"" --backend-version ""0.5.12"" --forward-model op_level --max-workers 8",,220,55,PERF_DATA_MISSING=220,,26dae1f99b2b50fb17118f38d8a8e95dfac3357c
nvidia/NVIDIA-Nemotron-3-Nano-30B-A3B-NVFP4,NemotronHForCausalLM,rtx_pro_6000_server,sglang,0.5.14,FAIL,"Strict-native op-level FPE probes: PERF_DATA_MISSING=220; raw probes=220; topologies=55; source_sha=26dae1f99b2b50fb17118f38d8a8e95dfac3357c. Representative failure: perf database error: MoE data missing for MoeKey { quant: ""nvfp4"", distribution: ""power_law_1.01"", topk: 6, num_experts: 128, hidden_size: 2688, inter_size: 1856, moe_tp_size: 1, moe_ep_size: 1 } at <repo>/python/aisimulate/src/aiconfigurator_core/systems/data/rtx_pro_6000_server/sglang/0.5.14","python python/aisimulate/tools/support_matrix/generate_fpe_support_matrix.py --model ""nvidia/NVIDIA-Nemotron-3-Nano-30B-A3B-NVFP4"" --system ""rtx_pro_6000_server"" --backend ""sglang"" --backend-version ""0.5.14"" --forward-model op_level --max-workers 8",,220,55,PERF_DATA_MISSING=220,,26dae1f99b2b50fb17118f38d8a8e95dfac3357c
nvidia/NVIDIA-Nemotron-3-Nano-30B-A3B-NVFP4,NemotronHForCausalLM,rtx_pro_6000_server,sglang,0.5.16,FAIL,"Strict-native op-level FPE probes: PERF_DATA_MISSING=220; raw probes=220; topologies=55; source_sha=26dae1f99b2b50fb17118f38d8a8e95dfac3357c. Representative failure: perf database error: MoE data missing for MoeKey { quant: ""nvfp4"", distribution: ""power_law_1.01"", topk: 6, num_experts: 128, hidden_size: 2688, inter_size: 1856, moe_tp_size: 1, moe_ep_size: 1 } at <repo>/python/aisimulate/src/aiconfigurator_core/systems/data/rtx_pro_6000_server/sglang/0.5.16","python python/aisimulate/tools/support_matrix/generate_fpe_support_matrix.py --model ""nvidia/NVIDIA-Nemotron-3-Nano-30B-A3B-NVFP4"" --system ""rtx_pro_6000_server"" --backend ""sglang"" --backend-version ""0.5.16"" --forward-model op_level --max-workers 8",,220,55,PERF_DATA_MISSING=220,,26dae1f99b2b50fb17118f38d8a8e95dfac3357c
nvidia/NVIDIA-Nemotron-3-Nano-30B-A3B-NVFP4,NemotronHForCausalLM,rtx_pro_6000_server,sglang,0.5.9,FAIL,Strict-native op-level FPE probes: PERF_DATA_MISSING=220; raw probes=220; topologies=55; source_sha=26dae1f99b2b50fb17118f38d8a8e95dfac3357c. Representative failure: perf database error: perf database error: no GEMM rows loaded from 1 source(s) (first: <repo>/python/aisimulate/src/aiconfigurator_core/systems/data/rtx_pro_6000_server/sglang/0.5.9/gemm_perf.parquet),"python python/aisimulate/tools/support_matrix/generate_fpe_support_matrix.py --model ""nvidia/NVIDIA-Nemotron-3-Nano-30B-A3B-NVFP4"" --system ""rtx_pro_6000_server"" --backend ""sglang"" --backend-version ""0.5.9"" --forward-model op_level --max-workers 8",,220,55,PERF_DATA_MISSING=220,,26dae1f99b2b50fb17118f38d8a8e95dfac3357c
nvidia/NVIDIA-Nemotron-3-Nano-30B-A3B-NVFP4,NemotronHForCausalLM,rtx_pro_6000_server,trtllm,1.3.0rc10,PASS,,"python python/aisimulate/tools/support_matrix/generate_fpe_support_matrix.py --model ""nvidia/NVIDIA-Nemotron-3-Nano-30B-A3B-NVFP4"" --system ""rtx_pro_6000_server"" --backend ""trtllm"" --backend-version ""1.3.0rc10"" --forward-model op_level --max-workers 8",silicon,116,29,"PASS=24, PERF_DATA_MISSING=92","decode_end=2024.183769, decode_start=7.932273, mixed=15.435615, prefill=14.935502",26dae1f99b2b50fb17118f38d8a8e95dfac3357c
nvidia/NVIDIA-Nemotron-3-Nano-30B-A3B-NVFP4,NemotronHForCausalLM,rtx_pro_6000_server,trtllm,1.3.0rc15,PASS,,"python python/aisimulate/tools/support_matrix/generate_fpe_support_matrix.py --model ""nvidia/NVIDIA-Nemotron-3-Nano-30B-A3B-NVFP4"" --system ""rtx_pro_6000_server"" --backend ""trtllm"" --backend-version ""1.3.0rc15"" --forward-model op_level --max-workers 8",silicon,116,29,"PASS=24, PERF_DATA_MISSING=92","decode_end=2024.183769, decode_start=7.932273, mixed=15.435615, prefill=14.935502",26dae1f99b2b50fb17118f38d8a8e95dfac3357c
nvidia/NVIDIA-Nemotron-3-Nano-30B-A3B-NVFP4,NemotronHForCausalLM,rtx_pro_6000_server,trtllm,1.3.0rc20,PASS,,"python python/aisimulate/tools/support_matrix/generate_fpe_support_matrix.py --model ""nvidia/NVIDIA-Nemotron-3-Nano-30B-A3B-NVFP4"" --system ""rtx_pro_6000_server"" --backend ""trtllm"" --backend-version ""1.3.0rc20"" --forward-model op_level --max-workers 8",silicon,116,29,"PASS=36, PERF_DATA_MISSING=80","decode_end=2018.998518, decode_start=7.908182, mixed=15.066977, prefill=14.847132",26dae1f99b2b50fb17118f38d8a8e95dfac3357c
nvidia/NVIDIA-Nemotron-3-Nano-30B-A3B-NVFP4,NemotronHForCausalLM,rtx_pro_6000_server,trtllm,1.3.0rc23,PASS,,"python python/aisimulate/tools/support_matrix/generate_fpe_support_matrix.py --model ""nvidia/NVIDIA-Nemotron-3-Nano-30B-A3B-NVFP4"" --system ""rtx_pro_6000_server"" --backend ""trtllm"" --backend-version ""1.3.0rc23"" --forward-model op_level --max-workers 8",silicon,116,29,"PASS=36, PERF_DATA_MISSING=80","decode_end=2018.998518, decode_start=7.908182, mixed=15.066977, prefill=14.847132",26dae1f99b2b50fb17118f38d8a8e95dfac3357c
nvidia/NVIDIA-Nemotron-3-Nano-30B-A3B-NVFP4,NemotronHForCausalLM,rtx_pro_6000_server,vllm,0.1.dev19262,FAIL,Strict-native op-level FPE probes: PERF_DATA_MISSING=116; raw probes=116; topologies=29; source_sha=26dae1f99b2b50fb17118f38d8a8e95dfac3357c. Representative failure: perf database error: perf database error: no GEMM rows loaded from 1 source(s) (first: <repo>/python/aisimulate/src/aiconfigurator_core/systems/data/rtx_pro_6000_server/vllm/0.1.dev19262/gemm_perf.parquet),"python python/aisimulate/tools/support_matrix/generate_fpe_support_matrix.py --model ""nvidia/NVIDIA-Nemotron-3-Nano-30B-A3B-NVFP4"" --system ""rtx_pro_6000_server"" --backend ""vllm"" --backend-version ""0.1.dev19262"" --forward-model op_level --max-workers 8",,116,29,PERF_DATA_MISSING=116,,26dae1f99b2b50fb17118f38d8a8e95dfac3357c
nvidia/NVIDIA-Nemotron-3-Nano-30B-A3B-NVFP4,NemotronHForCausalLM,rtx_pro_6000_server,vllm,0.14.0,FAIL,Strict-native op-level FPE probes: PERF_DATA_MISSING=116; raw probes=116; topologies=29; source_sha=26dae1f99b2b50fb17118f38d8a8e95dfac3357c. Representative failure: perf database error: perf database error: no GEMM rows loaded from 1 source(s) (first: <repo>/python/aisimulate/src/aiconfigurator_core/systems/data/rtx_pro_6000_server/vllm/0.14.0/gemm_perf.parquet),"python python/aisimulate/tools/support_matrix/generate_fpe_support_matrix.py --model ""nvidia/NVIDIA-Nemotron-3-Nano-30B-A3B-NVFP4"" --system ""rtx_pro_6000_server"" --backend ""vllm"" --backend-version ""0.14.0"" --forward-model op_level --max-workers 8",,116,29,PERF_DATA_MISSING=116,,26dae1f99b2b50fb17118f38d8a8e95dfac3357c
nvidia/NVIDIA-Nemotron-3-Nano-30B-A3B-NVFP4,NemotronHForCausalLM,rtx_pro_6000_server,vllm,0.19.0,FAIL,"Strict-native op-level FPE probes: PERF_DATA_MISSING=116; raw probes=116; topologies=29; source_sha=26dae1f99b2b50fb17118f38d8a8e95dfac3357c. Representative failure: perf database error: MoE data missing for MoeKey { quant: ""nvfp4"", distribution: ""uniform"", topk: 6, num_experts: 128, hidden_size: 2688, inter_size: 1856, moe_tp_size: 1, moe_ep_size: 1 } at <repo>/python/aisimulate/src/aiconfigurator_core/systems/data/rtx_pro_6000_server/vllm/0.19.0","python python/aisimulate/tools/support_matrix/generate_fpe_support_matrix.py --model ""nvidia/NVIDIA-Nemotron-3-Nano-30B-A3B-NVFP4"" --system ""rtx_pro_6000_server"" --backend ""vllm"" --backend-version ""0.19.0"" --forward-model op_level --max-workers 8",,116,29,PERF_DATA_MISSING=116,,26dae1f99b2b50fb17118f38d8a8e95dfac3357c
nvidia/NVIDIA-Nemotron-3-Nano-30B-A3B-NVFP4,NemotronHForCausalLM,rtx_pro_6000_server,vllm,0.22.0,FAIL,"Strict-native op-level FPE probes: PERF_DATA_MISSING=116; raw probes=116; topologies=29; source_sha=26dae1f99b2b50fb17118f38d8a8e95dfac3357c. Representative failure: perf database error: MoE data missing for MoeKey { quant: ""nvfp4"", distribution: ""power_law_1.01"", topk: 6, num_experts: 128, hidden_size: 2688, inter_size: 1856, moe_tp_size: 1, moe_ep_size: 1 } at <repo>/python/aisimulate/src/aiconfigurator_core/systems/data/rtx_pro_6000_server/vllm/0.22.0","python python/aisimulate/tools/support_matrix/generate_fpe_support_matrix.py --model ""nvidia/NVIDIA-Nemotron-3-Nano-30B-A3B-NVFP4"" --system ""rtx_pro_6000_server"" --backend ""vllm"" --backend-version ""0.22.0"" --forward-model op_level --max-workers 8",,116,29,PERF_DATA_MISSING=116,,26dae1f99b2b50fb17118f38d8a8e95dfac3357c
nvidia/NVIDIA-Nemotron-3-Nano-30B-A3B-NVFP4,NemotronHForCausalLM,rtx_pro_6000_server,vllm,0.24.0,FAIL,"Strict-native op-level FPE probes: PERF_DATA_MISSING=116; raw probes=116; topologies=29; source_sha=26dae1f99b2b50fb17118f38d8a8e95dfac3357c. Representative failure: perf database error: MoE data missing for MoeKey { quant: ""nvfp4"", distribution: ""power_law_1.01"", topk: 6, num_experts: 128, hidden_size: 2688, inter_size: 1856, moe_tp_size: 1, moe_ep_size: 1 } at <repo>/python/aisimulate/src/aiconfigurator_core/systems/data/rtx_pro_6000_server/vllm/0.24.0","python python/aisimulate/tools/support_matrix/generate_fpe_support_matrix.py --model ""nvidia/NVIDIA-Nemotron-3-Nano-30B-A3B-NVFP4"" --system ""rtx_pro_6000_server"" --backend ""vllm"" --backend-version ""0.24.0"" --forward-model op_level --max-workers 8",,116,29,PERF_DATA_MISSING=116,,26dae1f99b2b50fb17118f38d8a8e95dfac3357c
nvidia/NVIDIA-Nemotron-3-Super-120B-A12B-FP8,NemotronHForCausalLM,rtx_pro_6000_server,sglang,0.5.10,FAIL,Strict-native op-level FPE probes: PERF_DATA_MISSING=220; raw probes=220; topologies=55; source_sha=26dae1f99b2b50fb17118f38d8a8e95dfac3357c. Representative failure: perf database error: perf database error: no rows loaded from 1 source(s) (first: <repo>/python/aisimulate/src/aiconfigurator_core/systems/data/rtx_pro_6000_server/sglang/0.5.10/computescale_perf.parquet),"python python/aisimulate/tools/support_matrix/generate_fpe_support_matrix.py --model ""nvidia/NVIDIA-Nemotron-3-Super-120B-A12B-FP8"" --system ""rtx_pro_6000_server"" --backend ""sglang"" --backend-version ""0.5.10"" --forward-model op_level --max-workers 8",,220,55,PERF_DATA_MISSING=220,,26dae1f99b2b50fb17118f38d8a8e95dfac3357c
nvidia/NVIDIA-Nemotron-3-Super-120B-A12B-FP8,NemotronHForCausalLM,rtx_pro_6000_server,sglang,0.5.10rc0,FAIL,Strict-native op-level FPE probes: PERF_DATA_MISSING=220; raw probes=220; topologies=55; source_sha=26dae1f99b2b50fb17118f38d8a8e95dfac3357c. Representative failure: perf database error: perf database error: no GEMM rows loaded from 1 source(s) (first: <repo>/python/aisimulate/src/aiconfigurator_core/systems/data/rtx_pro_6000_server/sglang/0.5.10rc0/gemm_perf.parquet),"python python/aisimulate/tools/support_matrix/generate_fpe_support_matrix.py --model ""nvidia/NVIDIA-Nemotron-3-Super-120B-A12B-FP8"" --system ""rtx_pro_6000_server"" --backend ""sglang"" --backend-version ""0.5.10rc0"" --forward-model op_level --max-workers 8",,220,55,PERF_DATA_MISSING=220,,26dae1f99b2b50fb17118f38d8a8e95dfac3357c
nvidia/NVIDIA-Nemotron-3-Super-120B-A12B-FP8,NemotronHForCausalLM,rtx_pro_6000_server,sglang,0.5.12,FAIL,"Strict-native op-level FPE probes: PERF_DATA_MISSING=220; raw probes=220; topologies=55; source_sha=26dae1f99b2b50fb17118f38d8a8e95dfac3357c. Representative failure: perf database error: MoE data missing for MoeKey { quant: ""fp8"", distribution: ""uniform"", topk: 22, num_experts: 512, hidden_size: 1024, inter_size: 2688, moe_tp_size: 1, moe_ep_size: 1 } at <repo>/python/aisimulate/src/aiconfigurator_core/systems/data/rtx_pro_6000_server/sglang/0.5.12","python python/aisimulate/tools/support_matrix/generate_fpe_support_matrix.py --model ""nvidia/NVIDIA-Nemotron-3-Super-120B-A12B-FP8"" --system ""rtx_pro_6000_server"" --backend ""sglang"" --backend-version ""0.5.12"" --forward-model op_level --max-workers 8",,220,55,PERF_DATA_MISSING=220,,26dae1f99b2b50fb17118f38d8a8e95dfac3357c
nvidia/NVIDIA-Nemotron-3-Super-120B-A12B-FP8,NemotronHForCausalLM,rtx_pro_6000_server,sglang,0.5.14,FAIL,"Strict-native op-level FPE probes: PERF_DATA_MISSING=220; raw probes=220; topologies=55; source_sha=26dae1f99b2b50fb17118f38d8a8e95dfac3357c. Representative failure: perf database error: MoE data missing for MoeKey { quant: ""fp8"", distribution: ""uniform"", topk: 22, num_experts: 512, hidden_size: 1024, inter_size: 2688, moe_tp_size: 1, moe_ep_size: 1 } at <repo>/python/aisimulate/src/aiconfigurator_core/systems/data/rtx_pro_6000_server/sglang/0.5.14","python python/aisimulate/tools/support_matrix/generate_fpe_support_matrix.py --model ""nvidia/NVIDIA-Nemotron-3-Super-120B-A12B-FP8"" --system ""rtx_pro_6000_server"" --backend ""sglang"" --backend-version ""0.5.14"" --forward-model op_level --max-workers 8",,220,55,PERF_DATA_MISSING=220,,26dae1f99b2b50fb17118f38d8a8e95dfac3357c
nvidia/NVIDIA-Nemotron-3-Super-120B-A12B-FP8,NemotronHForCausalLM,rtx_pro_6000_server,sglang,0.5.16,FAIL,"Strict-native op-level FPE probes: PERF_DATA_MISSING=220; raw probes=220; topologies=55; source_sha=26dae1f99b2b50fb17118f38d8a8e95dfac3357c. Representative failure: perf database error: MoE data missing for MoeKey { quant: ""fp8"", distribution: ""uniform"", topk: 22, num_experts: 512, hidden_size: 1024, inter_size: 2688, moe_tp_size: 1, moe_ep_size: 1 } at <repo>/python/aisimulate/src/aiconfigurator_core/systems/data/rtx_pro_6000_server/sglang/0.5.16","python python/aisimulate/tools/support_matrix/generate_fpe_support_matrix.py --model ""nvidia/NVIDIA-Nemotron-3-Super-120B-A12B-FP8"" --system ""rtx_pro_6000_server"" --backend ""sglang"" --backend-version ""0.5.16"" --forward-model op_level --max-workers 8",,220,55,PERF_DATA_MISSING=220,,26dae1f99b2b50fb17118f38d8a8e95dfac3357c
nvidia/NVIDIA-Nemotron-3-Super-120B-A12B-FP8,NemotronHForCausalLM,rtx_pro_6000_server,sglang,0.5.9,FAIL,Strict-native op-level FPE probes: PERF_DATA_MISSING=220; raw probes=220; topologies=55; source_sha=26dae1f99b2b50fb17118f38d8a8e95dfac3357c. Representative failure: perf database error: perf database error: no GEMM rows loaded from 1 source(s) (first: <repo>/python/aisimulate/src/aiconfigurator_core/systems/data/rtx_pro_6000_server/sglang/0.5.9/gemm_perf.parquet),"python python/aisimulate/tools/support_matrix/generate_fpe_support_matrix.py --model ""nvidia/NVIDIA-Nemotron-3-Super-120B-A12B-FP8"" --system ""rtx_pro_6000_server"" --backend ""sglang"" --backend-version ""0.5.9"" --forward-model op_level --max-workers 8",,220,55,PERF_DATA_MISSING=220,,26dae1f99b2b50fb17118f38d8a8e95dfac3357c
nvidia/NVIDIA-Nemotron-3-Super-120B-A12B-FP8,NemotronHForCausalLM,rtx_pro_6000_server,trtllm,1.3.0rc10,FAIL,"Strict-native op-level FPE probes: PERF_DATA_MISSING=116; raw probes=116; topologies=29; source_sha=26dae1f99b2b50fb17118f38d8a8e95dfac3357c. Representative failure: perf database error: MoE data missing for MoeKey { quant: ""fp8"", distribution: ""power_law_1.01"", topk: 22, num_experts: 512, hidden_size: 1024, inter_size: 2688, moe_tp_size: 1, moe_ep_size: 1 } at <repo>/python/aisimulate/src/aiconfigurator_core/systems/data/rtx_pro_6000_server/trtllm/1.3.0rc10","python python/aisimulate/tools/support_matrix/generate_fpe_support_matrix.py --model ""nvidia/NVIDIA-Nemotron-3-Super-120B-A12B-FP8"" --system ""rtx_pro_6000_server"" --backend ""trtllm"" --backend-version ""1.3.0rc10"" --forward-model op_level --max-workers 8",,116,29,PERF_DATA_MISSING=116,,26dae1f99b2b50fb17118f38d8a8e95dfac3357c
nvidia/NVIDIA-Nemotron-3-Super-120B-A12B-FP8,NemotronHForCausalLM,rtx_pro_6000_server,trtllm,1.3.0rc15,FAIL,"Strict-native op-level FPE probes: PERF_DATA_MISSING=116; raw probes=116; topologies=29; source_sha=26dae1f99b2b50fb17118f38d8a8e95dfac3357c. Representative failure: perf database error: MoE data missing for MoeKey { quant: ""fp8"", distribution: ""power_law_1.01"", topk: 22, num_experts: 512, hidden_size: 1024, inter_size: 2688, moe_tp_size: 1, moe_ep_size: 1 } at <repo>/python/aisimulate/src/aiconfigurator_core/systems/data/rtx_pro_6000_server/trtllm/1.3.0rc15","python python/aisimulate/tools/support_matrix/generate_fpe_support_matrix.py --model ""nvidia/NVIDIA-Nemotron-3-Super-120B-A12B-FP8"" --system ""rtx_pro_6000_server"" --backend ""trtllm"" --backend-version ""1.3.0rc15"" --forward-model op_level --max-workers 8",,116,29,PERF_DATA_MISSING=116,,26dae1f99b2b50fb17118f38d8a8e95dfac3357c
nvidia/NVIDIA-Nemotron-3-Super-120B-A12B-FP8,NemotronHForCausalLM,rtx_pro_6000_server,trtllm,1.3.0rc20,FAIL,"Strict-native op-level FPE probes: PERF_DATA_MISSING=116; raw probes=116; topologies=29; source_sha=26dae1f99b2b50fb17118f38d8a8e95dfac3357c. Representative failure: perf database error: MoE data missing for MoeKey { quant: ""fp8"", distribution: ""power_law_1.01"", topk: 22, num_experts: 512, hidden_size: 1024, inter_size: 2688, moe_tp_size: 1, moe_ep_size: 1 } at <repo>/python/aisimulate/src/aiconfigurator_core/systems/data/rtx_pro_6000_server/trtllm/1.3.0rc20","python python/aisimulate/tools/support_matrix/generate_fpe_support_matrix.py --model ""nvidia/NVIDIA-Nemotron-3-Super-120B-A12B-FP8"" --system ""rtx_pro_6000_server"" --backend ""trtllm"" --backend-version ""1.3.0rc20"" --forward-model op_level --max-workers 8",,116,29,PERF_DATA_MISSING=116,,26dae1f99b2b50fb17118f38d8a8e95dfac3357c
nvidia/NVIDIA-Nemotron-3-Super-120B-A12B-FP8,NemotronHForCausalLM,rtx_pro_6000_server,trtllm,1.3.0rc23,FAIL,"Strict-native op-level FPE probes: PERF_DATA_MISSING=116; raw probes=116; topologies=29; source_sha=26dae1f99b2b50fb17118f38d8a8e95dfac3357c. Representative failure: perf database error: MoE data missing for MoeKey { quant: ""fp8"", distribution: ""power_law_1.01"", topk: 22, num_experts: 512, hidden_size: 1024, inter_size: 2688, moe_tp_size: 1, moe_ep_size: 1 } at <repo>/python/aisimulate/src/aiconfigurator_core/systems/data/rtx_pro_6000_server/trtllm/1.3.0rc23","python python/aisimulate/tools/support_matrix/generate_fpe_support_matrix.py --model ""nvidia/NVIDIA-Nemotron-3-Super-120B-A12B-FP8"" --system ""rtx_pro_6000_server"" --backend ""trtllm"" --backend-version ""1.3.0rc23"" --forward-model op_level --max-workers 8",,116,29,PERF_DATA_MISSING=116,,26dae1f99b2b50fb17118f38d8a8e95dfac3357c
nvidia/NVIDIA-Nemotron-3-Super-120B-A12B-FP8,NemotronHForCausalLM,rtx_pro_6000_server,vllm,0.1.dev19262,FAIL,Strict-native op-level FPE probes: PERF_DATA_MISSING=116; raw probes=116; topologies=29; source_sha=26dae1f99b2b50fb17118f38d8a8e95dfac3357c. Representative failure: perf database error: perf database error: no GEMM rows loaded from 1 source(s) (first: <repo>/python/aisimulate/src/aiconfigurator_core/systems/data/rtx_pro_6000_server/vllm/0.1.dev19262/gemm_perf.parquet),"python python/aisimulate/tools/support_matrix/generate_fpe_support_matrix.py --model ""nvidia/NVIDIA-Nemotron-3-Super-120B-A12B-FP8"" --system ""rtx_pro_6000_server"" --backend ""vllm"" --backend-version ""0.1.dev19262"" --forward-model op_level --max-workers 8",,116,29,PERF_DATA_MISSING=116,,26dae1f99b2b50fb17118f38d8a8e95dfac3357c
nvidia/NVIDIA-Nemotron-3-Super-120B-A12B-FP8,NemotronHForCausalLM,rtx_pro_6000_server,vllm,0.14.0,FAIL,Strict-native op-level FPE probes: PERF_DATA_MISSING=116; raw probes=116; topologies=29; source_sha=26dae1f99b2b50fb17118f38d8a8e95dfac3357c. Representative failure: perf database error: perf database error: no GEMM rows loaded from 1 source(s) (first: <repo>/python/aisimulate/src/aiconfigurator_core/systems/data/rtx_pro_6000_server/vllm/0.14.0/gemm_perf.parquet),"python python/aisimulate/tools/support_matrix/generate_fpe_support_matrix.py --model ""nvidia/NVIDIA-Nemotron-3-Super-120B-A12B-FP8"" --system ""rtx_pro_6000_server"" --backend ""vllm"" --backend-version ""0.14.0"" --forward-model op_level --max-workers 8",,116,29,PERF_DATA_MISSING=116,,26dae1f99b2b50fb17118f38d8a8e95dfac3357c
nvidia/NVIDIA-Nemotron-3-Super-120B-A12B-FP8,NemotronHForCausalLM,rtx_pro_6000_server,vllm,0.19.0,FAIL,Strict-native op-level FPE probes: PERF_DATA_MISSING=116; raw probes=116; topologies=29; source_sha=26dae1f99b2b50fb17118f38d8a8e95dfac3357c. Representative failure: perf database error: perf database error: no rows loaded from 1 source(s) (first: <repo>/python/aisimulate/src/aiconfigurator_core/systems/data/rtx_pro_6000_server/vllm/0.19.0/computescale_perf.parquet),"python python/aisimulate/tools/support_matrix/generate_fpe_support_matrix.py --model ""nvidia/NVIDIA-Nemotron-3-Super-120B-A12B-FP8"" --system ""rtx_pro_6000_server"" --backend ""vllm"" --backend-version ""0.19.0"" --forward-model op_level --max-workers 8",,116,29,PERF_DATA_MISSING=116,,26dae1f99b2b50fb17118f38d8a8e95dfac3357c
nvidia/NVIDIA-Nemotron-3-Super-120B-A12B-FP8,NemotronHForCausalLM,rtx_pro_6000_server,vllm,0.22.0,FAIL,"Strict-native op-level FPE probes: PERF_DATA_MISSING=116; raw probes=116; topologies=29; source_sha=26dae1f99b2b50fb17118f38d8a8e95dfac3357c. Representative failure: perf database error: MoE data missing for MoeKey { quant: ""fp8"", distribution: ""power_law_1.01"", topk: 22, num_experts: 512, hidden_size: 1024, inter_size: 2688, moe_tp_size: 1, moe_ep_size: 1 } at <repo>/python/aisimulate/src/aiconfigurator_core/systems/data/rtx_pro_6000_server/vllm/0.22.0","python python/aisimulate/tools/support_matrix/generate_fpe_support_matrix.py --model ""nvidia/NVIDIA-Nemotron-3-Super-120B-A12B-FP8"" --system ""rtx_pro_6000_server"" --backend ""vllm"" --backend-version ""0.22.0"" --forward-model op_level --max-workers 8",,116,29,PERF_DATA_MISSING=116,,26dae1f99b2b50fb17118f38d8a8e95dfac3357c
nvidia/NVIDIA-Nemotron-3-Super-120B-A12B-FP8,NemotronHForCausalLM,rtx_pro_6000_server,vllm,0.24.0,FAIL,"Strict-native op-level FPE probes: PERF_DATA_MISSING=116; raw probes=116; topologies=29; source_sha=26dae1f99b2b50fb17118f38d8a8e95dfac3357c. Representative failure: perf database error: MoE data missing for MoeKey { quant: ""fp8"", distribution: ""power_law_1.01"", topk: 22, num_experts: 512, hidden_size: 1024, inter_size: 2688, moe_tp_size: 1, moe_ep_size: 1 } at <repo>/python/aisimulate/src/aiconfigurator_core/systems/data/rtx_pro_6000_server/vllm/0.24.0","python python/aisimulate/tools/support_matrix/generate_fpe_support_matrix.py --model ""nvidia/NVIDIA-Nemotron-3-Super-120B-A12B-FP8"" --system ""rtx_pro_6000_server"" --backend ""vllm"" --backend-version ""0.24.0"" --forward-model op_level --max-workers 8",,116,29,PERF_DATA_MISSING=116,,26dae1f99b2b50fb17118f38d8a8e95dfac3357c
nvidia/NVIDIA-Nemotron-3-Super-120B-A12B-NVFP4,NemotronHForCausalLM,rtx_pro_6000_server,sglang,0.5.10,FAIL,"Strict-native op-level FPE probes: PERF_DATA_MISSING=220; raw probes=220; topologies=55; source_sha=26dae1f99b2b50fb17118f38d8a8e95dfac3357c. Representative failure: perf database error: MoE data missing for MoeKey { quant: ""nvfp4"", distribution: ""uniform"", topk: 22, num_experts: 512, hidden_size: 1024, inter_size: 2688, moe_tp_size: 1, moe_ep_size: 1 } at <repo>/python/aisimulate/src/aiconfigurator_core/systems/data/rtx_pro_6000_server/sglang/0.5.10","python python/aisimulate/tools/support_matrix/generate_fpe_support_matrix.py --model ""nvidia/NVIDIA-Nemotron-3-Super-120B-A12B-NVFP4"" --system ""rtx_pro_6000_server"" --backend ""sglang"" --backend-version ""0.5.10"" --forward-model op_level --max-workers 8",,220,55,PERF_DATA_MISSING=220,,26dae1f99b2b50fb17118f38d8a8e95dfac3357c
nvidia/NVIDIA-Nemotron-3-Super-120B-A12B-NVFP4,NemotronHForCausalLM,rtx_pro_6000_server,sglang,0.5.10rc0,FAIL,Strict-native op-level FPE probes: PERF_DATA_MISSING=220; raw probes=220; topologies=55; source_sha=26dae1f99b2b50fb17118f38d8a8e95dfac3357c. Representative failure: perf database error: perf database error: no GEMM rows loaded from 1 source(s) (first: <repo>/python/aisimulate/src/aiconfigurator_core/systems/data/rtx_pro_6000_server/sglang/0.5.10rc0/gemm_perf.parquet),"python python/aisimulate/tools/support_matrix/generate_fpe_support_matrix.py --model ""nvidia/NVIDIA-Nemotron-3-Super-120B-A12B-NVFP4"" --system ""rtx_pro_6000_server"" --backend ""sglang"" --backend-version ""0.5.10rc0"" --forward-model op_level --max-workers 8",,220,55,PERF_DATA_MISSING=220,,26dae1f99b2b50fb17118f38d8a8e95dfac3357c
nvidia/NVIDIA-Nemotron-3-Super-120B-A12B-NVFP4,NemotronHForCausalLM,rtx_pro_6000_server,sglang,0.5.12,PASS,,"python python/aisimulate/tools/support_matrix/generate_fpe_support_matrix.py --model ""nvidia/NVIDIA-Nemotron-3-Super-120B-A12B-NVFP4"" --system ""rtx_pro_6000_server"" --backend ""sglang"" --backend-version ""0.5.12"" --forward-model op_level --max-workers 8",silicon,220,55,"PASS=116, PERF_DATA_MISSING=104","decode_end=6163.697017, decode_start=24.170498, mixed=52.540716, prefill=51.197604",26dae1f99b2b50fb17118f38d8a8e95dfac3357c
nvidia/NVIDIA-Nemotron-3-Super-120B-A12B-NVFP4,NemotronHForCausalLM,rtx_pro_6000_server,sglang,0.5.14,PASS,,"python python/aisimulate/tools/support_matrix/generate_fpe_support_matrix.py --model ""nvidia/NVIDIA-Nemotron-3-Super-120B-A12B-NVFP4"" --system ""rtx_pro_6000_server"" --backend ""sglang"" --backend-version ""0.5.14"" --forward-model op_level --max-workers 8",silicon,220,55,PASS=220,"decode_end=6163.697017, decode_start=24.170498, mixed=52.540716, prefill=51.197604",26dae1f99b2b50fb17118f38d8a8e95dfac3357c
nvidia/NVIDIA-Nemotron-3-Super-120B-A12B-NVFP4,NemotronHForCausalLM,rtx_pro_6000_server,sglang,0.5.16,PASS,,"python python/aisimulate/tools/support_matrix/generate_fpe_support_matrix.py --model ""nvidia/NVIDIA-Nemotron-3-Super-120B-A12B-NVFP4"" --system ""rtx_pro_6000_server"" --backend ""sglang"" --backend-version ""0.5.16"" --forward-model op_level --max-workers 8",silicon,220,55,PASS=220,"decode_end=6163.697017, decode_start=24.170498, mixed=52.540716, prefill=51.197604",26dae1f99b2b50fb17118f38d8a8e95dfac3357c
nvidia/NVIDIA-Nemotron-3-Super-120B-A12B-NVFP4,NemotronHForCausalLM,rtx_pro_6000_server,sglang,0.5.9,FAIL,Strict-native op-level FPE probes: PERF_DATA_MISSING=220; raw probes=220; topologies=55; source_sha=26dae1f99b2b50fb17118f38d8a8e95dfac3357c. Representative failure: perf database error: perf database error: no GEMM rows loaded from 1 source(s) (first: <repo>/python/aisimulate/src/aiconfigurator_core/systems/data/rtx_pro_6000_server/sglang/0.5.9/gemm_perf.parquet),"python python/aisimulate/tools/support_matrix/generate_fpe_support_matrix.py --model ""nvidia/NVIDIA-Nemotron-3-Super-120B-A12B-NVFP4"" --system ""rtx_pro_6000_server"" --backend ""sglang"" --backend-version ""0.5.9"" --forward-model op_level --max-workers 8",,220,55,PERF_DATA_MISSING=220,,26dae1f99b2b50fb17118f38d8a8e95dfac3357c
nvidia/NVIDIA-Nemotron-3-Super-120B-A12B-NVFP4,NemotronHForCausalLM,rtx_pro_6000_server,trtllm,1.3.0rc10,FAIL,"Strict-native op-level FPE probes: PERF_DATA_MISSING=116; raw probes=116; topologies=29; source_sha=26dae1f99b2b50fb17118f38d8a8e95dfac3357c. Representative failure: perf database error: MoE data missing for MoeKey { quant: ""nvfp4"", distribution: ""power_law_1.01"", topk: 22, num_experts: 512, hidden_size: 1024, inter_size: 2688, moe_tp_size: 1, moe_ep_size: 1 } at <repo>/python/aisimulate/src/aiconfigurator_core/systems/data/rtx_pro_6000_server/trtllm/1.3.0rc10","python python/aisimulate/tools/support_matrix/generate_fpe_support_matrix.py --model ""nvidia/NVIDIA-Nemotron-3-Super-120B-A12B-NVFP4"" --system ""rtx_pro_6000_server"" --backend ""trtllm"" --backend-version ""1.3.0rc10"" --forward-model op_level --max-workers 8",,116,29,PERF_DATA_MISSING=116,,26dae1f99b2b50fb17118f38d8a8e95dfac3357c
nvidia/NVIDIA-Nemotron-3-Super-120B-A12B-NVFP4,NemotronHForCausalLM,rtx_pro_6000_server,trtllm,1.3.0rc15,FAIL,"Strict-native op-level FPE probes: PERF_DATA_MISSING=116; raw probes=116; topologies=29; source_sha=26dae1f99b2b50fb17118f38d8a8e95dfac3357c. Representative failure: perf database error: MoE data missing for MoeKey { quant: ""nvfp4"", distribution: ""power_law_1.01"", topk: 22, num_experts: 512, hidden_size: 1024, inter_size: 2688, moe_tp_size: 1, moe_ep_size: 1 } at <repo>/python/aisimulate/src/aiconfigurator_core/systems/data/rtx_pro_6000_server/trtllm/1.3.0rc15","python python/aisimulate/tools/support_matrix/generate_fpe_support_matrix.py --model ""nvidia/NVIDIA-Nemotron-3-Super-120B-A12B-NVFP4"" --system ""rtx_pro_6000_server"" --backend ""trtllm"" --backend-version ""1.3.0rc15"" --forward-model op_level --max-workers 8",,116,29,PERF_DATA_MISSING=116,,26dae1f99b2b50fb17118f38d8a8e95dfac3357c
nvidia/NVIDIA-Nemotron-3-Super-120B-A12B-NVFP4,NemotronHForCausalLM,rtx_pro_6000_server,trtllm,1.3.0rc20,PASS,,"python python/aisimulate/tools/support_matrix/generate_fpe_support_matrix.py --model ""nvidia/NVIDIA-Nemotron-3-Super-120B-A12B-NVFP4"" --system ""rtx_pro_6000_server"" --backend ""trtllm"" --backend-version ""1.3.0rc20"" --forward-model op_level --max-workers 8",silicon,116,29,"PASS=68, PERF_DATA_MISSING=48","decode_end=6550.289481, decode_start=25.674798, mixed=53.004931, prefill=51.993945",26dae1f99b2b50fb17118f38d8a8e95dfac3357c
nvidia/NVIDIA-Nemotron-3-Super-120B-A12B-NVFP4,NemotronHForCausalLM,rtx_pro_6000_server,trtllm,1.3.0rc23,PASS,,"python python/aisimulate/tools/support_matrix/generate_fpe_support_matrix.py --model ""nvidia/NVIDIA-Nemotron-3-Super-120B-A12B-NVFP4"" --system ""rtx_pro_6000_server"" --backend ""trtllm"" --backend-version ""1.3.0rc23"" --forward-model op_level --max-workers 8",silicon,116,29,"PASS=68, PERF_DATA_MISSING=48","decode_end=6550.289481, decode_start=25.674798, mixed=53.004931, prefill=51.993945",26dae1f99b2b50fb17118f38d8a8e95dfac3357c
nvidia/NVIDIA-Nemotron-3-Super-120B-A12B-NVFP4,NemotronHForCausalLM,rtx_pro_6000_server,vllm,0.1.dev19262,FAIL,Strict-native op-level FPE probes: PERF_DATA_MISSING=116; raw probes=116; topologies=29; source_sha=26dae1f99b2b50fb17118f38d8a8e95dfac3357c. Representative failure: perf database error: perf database error: no GEMM rows loaded from 1 source(s) (first: <repo>/python/aisimulate/src/aiconfigurator_core/systems/data/rtx_pro_6000_server/vllm/0.1.dev19262/gemm_perf.parquet),"python python/aisimulate/tools/support_matrix/generate_fpe_support_matrix.py --model ""nvidia/NVIDIA-Nemotron-3-Super-120B-A12B-NVFP4"" --system ""rtx_pro_6000_server"" --backend ""vllm"" --backend-version ""0.1.dev19262"" --forward-model op_level --max-workers 8",,116,29,PERF_DATA_MISSING=116,,26dae1f99b2b50fb17118f38d8a8e95dfac3357c
nvidia/NVIDIA-Nemotron-3-Super-120B-A12B-NVFP4,NemotronHForCausalLM,rtx_pro_6000_server,vllm,0.14.0,FAIL,Strict-native op-level FPE probes: PERF_DATA_MISSING=116; raw probes=116; topologies=29; source_sha=26dae1f99b2b50fb17118f38d8a8e95dfac3357c. Representative failure: perf database error: perf database error: no GEMM rows loaded from 1 source(s) (first: <repo>/python/aisimulate/src/aiconfigurator_core/systems/data/rtx_pro_6000_server/vllm/0.14.0/gemm_perf.parquet),"python python/aisimulate/tools/support_matrix/generate_fpe_support_matrix.py --model ""nvidia/NVIDIA-Nemotron-3-Super-120B-A12B-NVFP4"" --system ""rtx_pro_6000_server"" --backend ""vllm"" --backend-version ""0.14.0"" --forward-model op_level --max-workers 8",,116,29,PERF_DATA_MISSING=116,,26dae1f99b2b50fb17118f38d8a8e95dfac3357c
nvidia/NVIDIA-Nemotron-3-Super-120B-A12B-NVFP4,NemotronHForCausalLM,rtx_pro_6000_server,vllm,0.19.0,FAIL,"Strict-native op-level FPE probes: PERF_DATA_MISSING=116; raw probes=116; topologies=29; source_sha=26dae1f99b2b50fb17118f38d8a8e95dfac3357c. Representative failure: perf database error: MoE data missing for MoeKey { quant: ""nvfp4"", distribution: ""uniform"", topk: 22, num_experts: 512, hidden_size: 1024, inter_size: 2688, moe_tp_size: 1, moe_ep_size: 1 } at <repo>/python/aisimulate/src/aiconfigurator_core/systems/data/rtx_pro_6000_server/vllm/0.19.0","python python/aisimulate/tools/support_matrix/generate_fpe_support_matrix.py --model ""nvidia/NVIDIA-Nemotron-3-Super-120B-A12B-NVFP4"" --system ""rtx_pro_6000_server"" --backend ""vllm"" --backend-version ""0.19.0"" --forward-model op_level --max-workers 8",,116,29,PERF_DATA_MISSING=116,,26dae1f99b2b50fb17118f38d8a8e95dfac3357c
nvidia/NVIDIA-Nemotron-3-Super-120B-A12B-NVFP4,NemotronHForCausalLM,rtx_pro_6000_server,vllm,0.22.0,FAIL,"Strict-native op-level FPE probes: PERF_DATA_MISSING=116; raw probes=116; topologies=29; source_sha=26dae1f99b2b50fb17118f38d8a8e95dfac3357c. Representative failure: perf database error: MoE data missing for MoeKey { quant: ""nvfp4"", distribution: ""power_law_1.01"", topk: 22, num_experts: 512, hidden_size: 1024, inter_size: 2688, moe_tp_size: 1, moe_ep_size: 1 } at <repo>/python/aisimulate/src/aiconfigurator_core/systems/data/rtx_pro_6000_server/vllm/0.22.0","python python/aisimulate/tools/support_matrix/generate_fpe_support_matrix.py --model ""nvidia/NVIDIA-Nemotron-3-Super-120B-A12B-NVFP4"" --system ""rtx_pro_6000_server"" --backend ""vllm"" --backend-version ""0.22.0"" --forward-model op_level --max-workers 8",,116,29,PERF_DATA_MISSING=116,,26dae1f99b2b50fb17118f38d8a8e95dfac3357c
nvidia/NVIDIA-Nemotron-3-Super-120B-A12B-NVFP4,NemotronHForCausalLM,rtx_pro_6000_server,vllm,0.24.0,FAIL,"Strict-native op-level FPE probes: PERF_DATA_MISSING=116; raw probes=116; topologies=29; source_sha=26dae1f99b2b50fb17118f38d8a8e95dfac3357c. Representative failure: perf database error: MoE data missing for MoeKey { quant: ""nvfp4"", distribution: ""power_law_1.01"", topk: 22, num_experts: 512, hidden_size: 1024, inter_size: 2688, moe_tp_size: 1, moe_ep_size: 1 } at <repo>/python/aisimulate/src/aiconfigurator_core/systems/data/rtx_pro_6000_server/vllm/0.24.0","python python/aisimulate/tools/support_matrix/generate_fpe_support_matrix.py --model ""nvidia/NVIDIA-Nemotron-3-Super-120B-A12B-NVFP4"" --system ""rtx_pro_6000_server"" --backend ""vllm"" --backend-version ""0.24.0"" --forward-model op_level --max-workers 8",,116,29,PERF_DATA_MISSING=116,,26dae1f99b2b50fb17118f38d8a8e95dfac3357c
nvidia/NVIDIA-Nemotron-3-Ultra-550B-A55B-BF16,NemotronHForCausalLM,rtx_pro_6000_server,sglang,0.5.10,FAIL,"Strict-native op-level FPE probes: PERF_DATA_MISSING=220; raw probes=220; topologies=55; source_sha=26dae1f99b2b50fb17118f38d8a8e95dfac3357c. Representative failure: perf database error: MoE data missing for MoeKey { quant: ""bfloat16"", distribution: ""power_law_1.01"", topk: 22, num_experts: 512, hidden_size: 2048, inter_size: 5120, moe_tp_size: 1, moe_ep_size: 1 } at <repo>/python/aisimulate/src/aiconfigurator_core/systems/data/rtx_pro_6000_server/sglang/0.5.10","python python/aisimulate/tools/support_matrix/generate_fpe_support_matrix.py --model ""nvidia/NVIDIA-Nemotron-3-Ultra-550B-A55B-BF16"" --system ""rtx_pro_6000_server"" --backend ""sglang"" --backend-version ""0.5.10"" --forward-model op_level --max-workers 8",,220,55,PERF_DATA_MISSING=220,,26dae1f99b2b50fb17118f38d8a8e95dfac3357c
nvidia/NVIDIA-Nemotron-3-Ultra-550B-A55B-BF16,NemotronHForCausalLM,rtx_pro_6000_server,sglang,0.5.10rc0,FAIL,Strict-native op-level FPE probes: PERF_DATA_MISSING=220; raw probes=220; topologies=55; source_sha=26dae1f99b2b50fb17118f38d8a8e95dfac3357c. Representative failure: perf database error: perf database error: no GEMM rows loaded from 1 source(s) (first: <repo>/python/aisimulate/src/aiconfigurator_core/systems/data/rtx_pro_6000_server/sglang/0.5.10rc0/gemm_perf.parquet),"python python/aisimulate/tools/support_matrix/generate_fpe_support_matrix.py --model ""nvidia/NVIDIA-Nemotron-3-Ultra-550B-A55B-BF16"" --system ""rtx_pro_6000_server"" --backend ""sglang"" --backend-version ""0.5.10rc0"" --forward-model op_level --max-workers 8",,220,55,PERF_DATA_MISSING=220,,26dae1f99b2b50fb17118f38d8a8e95dfac3357c
nvidia/NVIDIA-Nemotron-3-Ultra-550B-A55B-BF16,NemotronHForCausalLM,rtx_pro_6000_server,sglang,0.5.12,PASS,,"python python/aisimulate/tools/support_matrix/generate_fpe_support_matrix.py --model ""nvidia/NVIDIA-Nemotron-3-Ultra-550B-A55B-BF16"" --system ""rtx_pro_6000_server"" --backend ""sglang"" --backend-version ""0.5.12"" --forward-model op_level --max-workers 8",silicon,220,55,"PASS=116, PERF_DATA_MISSING=104","decode_end=66459.609104, decode_start=260.625007, mixed=659.264213, prefill=652.071454",26dae1f99b2b50fb17118f38d8a8e95dfac3357c
nvidia/NVIDIA-Nemotron-3-Ultra-550B-A55B-BF16,NemotronHForCausalLM,rtx_pro_6000_server,sglang,0.5.14,PASS,,"python python/aisimulate/tools/support_matrix/generate_fpe_support_matrix.py --model ""nvidia/NVIDIA-Nemotron-3-Ultra-550B-A55B-BF16"" --system ""rtx_pro_6000_server"" --backend ""sglang"" --backend-version ""0.5.14"" --forward-model op_level --max-workers 8",silicon,220,55,PASS=220,"decode_end=66459.609104, decode_start=260.625007, mixed=659.264213, prefill=652.071454",26dae1f99b2b50fb17118f38d8a8e95dfac3357c
nvidia/NVIDIA-Nemotron-3-Ultra-550B-A55B-BF16,NemotronHForCausalLM,rtx_pro_6000_server,sglang,0.5.16,PASS,,"python python/aisimulate/tools/support_matrix/generate_fpe_support_matrix.py --model ""nvidia/NVIDIA-Nemotron-3-Ultra-550B-A55B-BF16"" --system ""rtx_pro_6000_server"" --backend ""sglang"" --backend-version ""0.5.16"" --forward-model op_level --max-workers 8",silicon,220,55,PASS=220,"decode_end=66459.609104, decode_start=260.625007, mixed=659.264213, prefill=652.071454",26dae1f99b2b50fb17118f38d8a8e95dfac3357c
nvidia/NVIDIA-Nemotron-3-Ultra-550B-A55B-BF16,NemotronHForCausalLM,rtx_pro_6000_server,sglang,0.5.9,FAIL,Strict-native op-level FPE probes: PERF_DATA_MISSING=220; raw probes=220; topologies=55; source_sha=26dae1f99b2b50fb17118f38d8a8e95dfac3357c. Representative failure: perf database error: perf database error: no GEMM rows loaded from 1 source(s) (first: <repo>/python/aisimulate/src/aiconfigurator_core/systems/data/rtx_pro_6000_server/sglang/0.5.9/gemm_perf.parquet),"python python/aisimulate/tools/support_matrix/generate_fpe_support_matrix.py --model ""nvidia/NVIDIA-Nemotron-3-Ultra-550B-A55B-BF16"" --system ""rtx_pro_6000_server"" --backend ""sglang"" --backend-version ""0.5.9"" --forward-model op_level --max-workers 8",,220,55,PERF_DATA_MISSING=220,,26dae1f99b2b50fb17118f38d8a8e95dfac3357c
nvidia/NVIDIA-Nemotron-3-Ultra-550B-A55B-BF16,NemotronHForCausalLM,rtx_pro_6000_server,trtllm,1.3.0rc10,FAIL,"Strict-native op-level FPE probes: PERF_DATA_MISSING=116; raw probes=116; topologies=29; source_sha=26dae1f99b2b50fb17118f38d8a8e95dfac3357c. Representative failure: perf database error: MoE data missing for MoeKey { quant: ""bfloat16"", distribution: ""power_law_1.01"", topk: 22, num_experts: 512, hidden_size: 2048, inter_size: 5120, moe_tp_size: 1, moe_ep_size: 1 } at <repo>/python/aisimulate/src/aiconfigurator_core/systems/data/rtx_pro_6000_server/trtllm/1.3.0rc10","python python/aisimulate/tools/support_matrix/generate_fpe_support_matrix.py --model ""nvidia/NVIDIA-Nemotron-3-Ultra-550B-A55B-BF16"" --system ""rtx_pro_6000_server"" --backend ""trtllm"" --backend-version ""1.3.0rc10"" --forward-model op_level --max-workers 8",,116,29,PERF_DATA_MISSING=116,,26dae1f99b2b50fb17118f38d8a8e95dfac3357c
nvidia/NVIDIA-Nemotron-3-Ultra-550B-A55B-BF16,NemotronHForCausalLM,rtx_pro_6000_server,trtllm,1.3.0rc15,FAIL,"Strict-native op-level FPE probes: PERF_DATA_MISSING=116; raw probes=116; topologies=29; source_sha=26dae1f99b2b50fb17118f38d8a8e95dfac3357c. Representative failure: perf database error: MoE data missing for MoeKey { quant: ""bfloat16"", distribution: ""power_law_1.01"", topk: 22, num_experts: 512, hidden_size: 2048, inter_size: 5120, moe_tp_size: 1, moe_ep_size: 1 } at <repo>/python/aisimulate/src/aiconfigurator_core/systems/data/rtx_pro_6000_server/trtllm/1.3.0rc15","python python/aisimulate/tools/support_matrix/generate_fpe_support_matrix.py --model ""nvidia/NVIDIA-Nemotron-3-Ultra-550B-A55B-BF16"" --system ""rtx_pro_6000_server"" --backend ""trtllm"" --backend-version ""1.3.0rc15"" --forward-model op_level --max-workers 8",,116,29,PERF_DATA_MISSING=116,,26dae1f99b2b50fb17118f38d8a8e95dfac3357c
nvidia/NVIDIA-Nemotron-3-Ultra-550B-A55B-BF16,NemotronHForCausalLM,rtx_pro_6000_server,trtllm,1.3.0rc20,PASS,,"python python/aisimulate/tools/support_matrix/generate_fpe_support_matrix.py --model ""nvidia/NVIDIA-Nemotron-3-Ultra-550B-A55B-BF16"" --system ""rtx_pro_6000_server"" --backend ""trtllm"" --backend-version ""1.3.0rc20"" --forward-model op_level --max-workers 8",silicon,116,29,PASS=116,"decode_end=64662.957733, decode_start=253.635844, mixed=657.449572, prefill=648.146916",26dae1f99b2b50fb17118f38d8a8e95dfac3357c
nvidia/NVIDIA-Nemotron-3-Ultra-550B-A55B-BF16,NemotronHForCausalLM,rtx_pro_6000_server,trtllm,1.3.0rc23,PASS,,"python python/aisimulate/tools/support_matrix/generate_fpe_support_matrix.py --model ""nvidia/NVIDIA-Nemotron-3-Ultra-550B-A55B-BF16"" --system ""rtx_pro_6000_server"" --backend ""trtllm"" --backend-version ""1.3.0rc23"" --forward-model op_level --max-workers 8",silicon,116,29,PASS=116,"decode_end=64662.957733, decode_start=253.635844, mixed=657.449572, prefill=648.146916",26dae1f99b2b50fb17118f38d8a8e95dfac3357c
nvidia/NVIDIA-Nemotron-3-Ultra-550B-A55B-BF16,NemotronHForCausalLM,rtx_pro_6000_server,vllm,0.1.dev19262,FAIL,Strict-native op-level FPE probes: PERF_DATA_MISSING=116; raw probes=116; topologies=29; source_sha=26dae1f99b2b50fb17118f38d8a8e95dfac3357c. Representative failure: perf database error: perf database error: no GEMM rows loaded from 1 source(s) (first: <repo>/python/aisimulate/src/aiconfigurator_core/systems/data/rtx_pro_6000_server/vllm/0.1.dev19262/gemm_perf.parquet),"python python/aisimulate/tools/support_matrix/generate_fpe_support_matrix.py --model ""nvidia/NVIDIA-Nemotron-3-Ultra-550B-A55B-BF16"" --system ""rtx_pro_6000_server"" --backend ""vllm"" --backend-version ""0.1.dev19262"" --forward-model op_level --max-workers 8",,116,29,PERF_DATA_MISSING=116,,26dae1f99b2b50fb17118f38d8a8e95dfac3357c
nvidia/NVIDIA-Nemotron-3-Ultra-550B-A55B-BF16,NemotronHForCausalLM,rtx_pro_6000_server,vllm,0.14.0,FAIL,Strict-native op-level FPE probes: PERF_DATA_MISSING=116; raw probes=116; topologies=29; source_sha=26dae1f99b2b50fb17118f38d8a8e95dfac3357c. Representative failure: perf database error: perf database error: no GEMM rows loaded from 1 source(s) (first: <repo>/python/aisimulate/src/aiconfigurator_core/systems/data/rtx_pro_6000_server/vllm/0.14.0/gemm_perf.parquet),"python python/aisimulate/tools/support_matrix/generate_fpe_support_matrix.py --model ""nvidia/NVIDIA-Nemotron-3-Ultra-550B-A55B-BF16"" --system ""rtx_pro_6000_server"" --backend ""vllm"" --backend-version ""0.14.0"" --forward-model op_level --max-workers 8",,116,29,PERF_DATA_MISSING=116,,26dae1f99b2b50fb17118f38d8a8e95dfac3357c
nvidia/NVIDIA-Nemotron-3-Ultra-550B-A55B-BF16,NemotronHForCausalLM,rtx_pro_6000_server,vllm,0.19.0,FAIL,"Strict-native op-level FPE probes: PERF_DATA_MISSING=116; raw probes=116; topologies=29; source_sha=26dae1f99b2b50fb17118f38d8a8e95dfac3357c. Representative failure: perf database error: MoE data missing for MoeKey { quant: ""bfloat16"", distribution: ""power_law_1.01"", topk: 22, num_experts: 512, hidden_size: 2048, inter_size: 5120, moe_tp_size: 1, moe_ep_size: 1 } at <repo>/python/aisimulate/src/aiconfigurator_core/systems/data/rtx_pro_6000_server/vllm/0.19.0","python python/aisimulate/tools/support_matrix/generate_fpe_support_matrix.py --model ""nvidia/NVIDIA-Nemotron-3-Ultra-550B-A55B-BF16"" --system ""rtx_pro_6000_server"" --backend ""vllm"" --backend-version ""0.19.0"" --forward-model op_level --max-workers 8",,116,29,PERF_DATA_MISSING=116,,26dae1f99b2b50fb17118f38d8a8e95dfac3357c
nvidia/NVIDIA-Nemotron-3-Ultra-550B-A55B-BF16,NemotronHForCausalLM,rtx_pro_6000_server,vllm,0.22.0,PASS,,"python python/aisimulate/tools/support_matrix/generate_fpe_support_matrix.py --model ""nvidia/NVIDIA-Nemotron-3-Ultra-550B-A55B-BF16"" --system ""rtx_pro_6000_server"" --backend ""vllm"" --backend-version ""0.22.0"" --forward-model op_level --max-workers 8",silicon,116,29,"PASS=44, PERF_DATA_MISSING=72","decode_end=64170.999848, decode_start=251.649663, mixed=663.708076, prefill=657.113351",26dae1f99b2b50fb17118f38d8a8e95dfac3357c
nvidia/NVIDIA-Nemotron-3-Ultra-550B-A55B-BF16,NemotronHForCausalLM,rtx_pro_6000_server,vllm,0.24.0,PASS,,"python python/aisimulate/tools/support_matrix/generate_fpe_support_matrix.py --model ""nvidia/NVIDIA-Nemotron-3-Ultra-550B-A55B-BF16"" --system ""rtx_pro_6000_server"" --backend ""vllm"" --backend-version ""0.24.0"" --forward-model op_level --max-workers 8",silicon,116,29,PASS=116,"decode_end=64170.999848, decode_start=251.649663, mixed=663.708076, prefill=657.113351",26dae1f99b2b50fb17118f38d8a8e95dfac3357c
nvidia/NVIDIA-Nemotron-3-Ultra-550B-A55B-FP8,NemotronHForCausalLM,rtx_pro_6000_server,sglang,0.5.10,FAIL,Strict-native op-level FPE probes: PERF_DATA_MISSING=220; raw probes=220; topologies=55; source_sha=26dae1f99b2b50fb17118f38d8a8e95dfac3357c. Representative failure: perf database error: perf database error: no rows loaded from 1 source(s) (first: <repo>/python/aisimulate/src/aiconfigurator_core/systems/data/rtx_pro_6000_server/sglang/0.5.10/computescale_perf.parquet),"python python/aisimulate/tools/support_matrix/generate_fpe_support_matrix.py --model ""nvidia/NVIDIA-Nemotron-3-Ultra-550B-A55B-FP8"" --system ""rtx_pro_6000_server"" --backend ""sglang"" --backend-version ""0.5.10"" --forward-model op_level --max-workers 8",,220,55,PERF_DATA_MISSING=220,,26dae1f99b2b50fb17118f38d8a8e95dfac3357c
nvidia/NVIDIA-Nemotron-3-Ultra-550B-A55B-FP8,NemotronHForCausalLM,rtx_pro_6000_server,sglang,0.5.10rc0,FAIL,Strict-native op-level FPE probes: PERF_DATA_MISSING=220; raw probes=220; topologies=55; source_sha=26dae1f99b2b50fb17118f38d8a8e95dfac3357c. Representative failure: perf database error: perf database error: no GEMM rows loaded from 1 source(s) (first: <repo>/python/aisimulate/src/aiconfigurator_core/systems/data/rtx_pro_6000_server/sglang/0.5.10rc0/gemm_perf.parquet),"python python/aisimulate/tools/support_matrix/generate_fpe_support_matrix.py --model ""nvidia/NVIDIA-Nemotron-3-Ultra-550B-A55B-FP8"" --system ""rtx_pro_6000_server"" --backend ""sglang"" --backend-version ""0.5.10rc0"" --forward-model op_level --max-workers 8",,220,55,PERF_DATA_MISSING=220,,26dae1f99b2b50fb17118f38d8a8e95dfac3357c
nvidia/NVIDIA-Nemotron-3-Ultra-550B-A55B-FP8,NemotronHForCausalLM,rtx_pro_6000_server,sglang,0.5.12,FAIL,"Strict-native op-level FPE probes: PERF_DATA_MISSING=220; raw probes=220; topologies=55; source_sha=26dae1f99b2b50fb17118f38d8a8e95dfac3357c. Representative failure: perf database error: MoE data missing for MoeKey { quant: ""fp8"", distribution: ""uniform"", topk: 22, num_experts: 512, hidden_size: 2048, inter_size: 5120, moe_tp_size: 1, moe_ep_size: 1 } at <repo>/python/aisimulate/src/aiconfigurator_core/systems/data/rtx_pro_6000_server/sglang/0.5.12","python python/aisimulate/tools/support_matrix/generate_fpe_support_matrix.py --model ""nvidia/NVIDIA-Nemotron-3-Ultra-550B-A55B-FP8"" --system ""rtx_pro_6000_server"" --backend ""sglang"" --backend-version ""0.5.12"" --forward-model op_level --max-workers 8",,220,55,PERF_DATA_MISSING=220,,26dae1f99b2b50fb17118f38d8a8e95dfac3357c
nvidia/NVIDIA-Nemotron-3-Ultra-550B-A55B-FP8,NemotronHForCausalLM,rtx_pro_6000_server,sglang,0.5.14,FAIL,"Strict-native op-level FPE probes: PERF_DATA_MISSING=220; raw probes=220; topologies=55; source_sha=26dae1f99b2b50fb17118f38d8a8e95dfac3357c. Representative failure: perf database error: MoE data missing for MoeKey { quant: ""fp8"", distribution: ""uniform"", topk: 22, num_experts: 512, hidden_size: 2048, inter_size: 5120, moe_tp_size: 1, moe_ep_size: 1 } at <repo>/python/aisimulate/src/aiconfigurator_core/systems/data/rtx_pro_6000_server/sglang/0.5.14","python python/aisimulate/tools/support_matrix/generate_fpe_support_matrix.py --model ""nvidia/NVIDIA-Nemotron-3-Ultra-550B-A55B-FP8"" --system ""rtx_pro_6000_server"" --backend ""sglang"" --backend-version ""0.5.14"" --forward-model op_level --max-workers 8",,220,55,PERF_DATA_MISSING=220,,26dae1f99b2b50fb17118f38d8a8e95dfac3357c
nvidia/NVIDIA-Nemotron-3-Ultra-550B-A55B-FP8,NemotronHForCausalLM,rtx_pro_6000_server,sglang,0.5.16,FAIL,"Strict-native op-level FPE probes: PERF_DATA_MISSING=220; raw probes=220; topologies=55; source_sha=26dae1f99b2b50fb17118f38d8a8e95dfac3357c. Representative failure: perf database error: MoE data missing for MoeKey { quant: ""fp8"", distribution: ""uniform"", topk: 22, num_experts: 512, hidden_size: 2048, inter_size: 5120, moe_tp_size: 1, moe_ep_size: 1 } at <repo>/python/aisimulate/src/aiconfigurator_core/systems/data/rtx_pro_6000_server/sglang/0.5.16","python python/aisimulate/tools/support_matrix/generate_fpe_support_matrix.py --model ""nvidia/NVIDIA-Nemotron-3-Ultra-550B-A55B-FP8"" --system ""rtx_pro_6000_server"" --backend ""sglang"" --backend-version ""0.5.16"" --forward-model op_level --max-workers 8",,220,55,PERF_DATA_MISSING=220,,26dae1f99b2b50fb17118f38d8a8e95dfac3357c
nvidia/NVIDIA-Nemotron-3-Ultra-550B-A55B-FP8,NemotronHForCausalLM,rtx_pro_6000_server,sglang,0.5.9,FAIL,Strict-native op-level FPE probes: PERF_DATA_MISSING=220; raw probes=220; topologies=55; source_sha=26dae1f99b2b50fb17118f38d8a8e95dfac3357c. Representative failure: perf database error: perf database error: no GEMM rows loaded from 1 source(s) (first: <repo>/python/aisimulate/src/aiconfigurator_core/systems/data/rtx_pro_6000_server/sglang/0.5.9/gemm_perf.parquet),"python python/aisimulate/tools/support_matrix/generate_fpe_support_matrix.py --model ""nvidia/NVIDIA-Nemotron-3-Ultra-550B-A55B-FP8"" --system ""rtx_pro_6000_server"" --backend ""sglang"" --backend-version ""0.5.9"" --forward-model op_level --max-workers 8",,220,55,PERF_DATA_MISSING=220,,26dae1f99b2b50fb17118f38d8a8e95dfac3357c
nvidia/NVIDIA-Nemotron-3-Ultra-550B-A55B-FP8,NemotronHForCausalLM,rtx_pro_6000_server,trtllm,1.3.0rc10,FAIL,"Strict-native op-level FPE probes: PERF_DATA_MISSING=116; raw probes=116; topologies=29; source_sha=26dae1f99b2b50fb17118f38d8a8e95dfac3357c. Representative failure: perf database error: MoE data missing for MoeKey { quant: ""fp8"", distribution: ""power_law_1.01"", topk: 22, num_experts: 512, hidden_size: 2048, inter_size: 5120, moe_tp_size: 1, moe_ep_size: 1 } at <repo>/python/aisimulate/src/aiconfigurator_core/systems/data/rtx_pro_6000_server/trtllm/1.3.0rc10","python python/aisimulate/tools/support_matrix/generate_fpe_support_matrix.py --model ""nvidia/NVIDIA-Nemotron-3-Ultra-550B-A55B-FP8"" --system ""rtx_pro_6000_server"" --backend ""trtllm"" --backend-version ""1.3.0rc10"" --forward-model op_level --max-workers 8",,116,29,PERF_DATA_MISSING=116,,26dae1f99b2b50fb17118f38d8a8e95dfac3357c
nvidia/NVIDIA-Nemotron-3-Ultra-550B-A55B-FP8,NemotronHForCausalLM,rtx_pro_6000_server,trtllm,1.3.0rc15,FAIL,"Strict-native op-level FPE probes: PERF_DATA_MISSING=116; raw probes=116; topologies=29; source_sha=26dae1f99b2b50fb17118f38d8a8e95dfac3357c. Representative failure: perf database error: MoE data missing for MoeKey { quant: ""fp8"", distribution: ""power_law_1.01"", topk: 22, num_experts: 512, hidden_size: 2048, inter_size: 5120, moe_tp_size: 1, moe_ep_size: 1 } at <repo>/python/aisimulate/src/aiconfigurator_core/systems/data/rtx_pro_6000_server/trtllm/1.3.0rc15","python python/aisimulate/tools/support_matrix/generate_fpe_support_matrix.py --model ""nvidia/NVIDIA-Nemotron-3-Ultra-550B-A55B-FP8"" --system ""rtx_pro_6000_server"" --backend ""trtllm"" --backend-version ""1.3.0rc15"" --forward-model op_level --max-workers 8",,116,29,PERF_DATA_MISSING=116,,26dae1f99b2b50fb17118f38d8a8e95dfac3357c
nvidia/NVIDIA-Nemotron-3-Ultra-550B-A55B-FP8,NemotronHForCausalLM,rtx_pro_6000_server,trtllm,1.3.0rc20,PASS,,"python python/aisimulate/tools/support_matrix/generate_fpe_support_matrix.py --model ""nvidia/NVIDIA-Nemotron-3-Ultra-550B-A55B-FP8"" --system ""rtx_pro_6000_server"" --backend ""trtllm"" --backend-version ""1.3.0rc20"" --forward-model op_level --max-workers 8",silicon,116,29,PASS=116,"decode_end=33723.993916, decode_start=132.230900, mixed=343.272402, prefill=339.684125",26dae1f99b2b50fb17118f38d8a8e95dfac3357c
nvidia/NVIDIA-Nemotron-3-Ultra-550B-A55B-FP8,NemotronHForCausalLM,rtx_pro_6000_server,trtllm,1.3.0rc23,PASS,,"python python/aisimulate/tools/support_matrix/generate_fpe_support_matrix.py --model ""nvidia/NVIDIA-Nemotron-3-Ultra-550B-A55B-FP8"" --system ""rtx_pro_6000_server"" --backend ""trtllm"" --backend-version ""1.3.0rc23"" --forward-model op_level --max-workers 8",silicon,116,29,PASS=116,"decode_end=33723.993916, decode_start=132.230900, mixed=343.272402, prefill=339.684125",26dae1f99b2b50fb17118f38d8a8e95dfac3357c
nvidia/NVIDIA-Nemotron-3-Ultra-550B-A55B-FP8,NemotronHForCausalLM,rtx_pro_6000_server,vllm,0.1.dev19262,FAIL,Strict-native op-level FPE probes: PERF_DATA_MISSING=116; raw probes=116; topologies=29; source_sha=26dae1f99b2b50fb17118f38d8a8e95dfac3357c. Representative failure: perf database error: perf database error: no GEMM rows loaded from 1 source(s) (first: <repo>/python/aisimulate/src/aiconfigurator_core/systems/data/rtx_pro_6000_server/vllm/0.1.dev19262/gemm_perf.parquet),"python python/aisimulate/tools/support_matrix/generate_fpe_support_matrix.py --model ""nvidia/NVIDIA-Nemotron-3-Ultra-550B-A55B-FP8"" --system ""rtx_pro_6000_server"" --backend ""vllm"" --backend-version ""0.1.dev19262"" --forward-model op_level --max-workers 8",,116,29,PERF_DATA_MISSING=116,,26dae1f99b2b50fb17118f38d8a8e95dfac3357c
nvidia/NVIDIA-Nemotron-3-Ultra-550B-A55B-FP8,NemotronHForCausalLM,rtx_pro_6000_server,vllm,0.14.0,FAIL,Strict-native op-level FPE probes: PERF_DATA_MISSING=116; raw probes=116; topologies=29; source_sha=26dae1f99b2b50fb17118f38d8a8e95dfac3357c. Representative failure: perf database error: perf database error: no GEMM rows loaded from 1 source(s) (first: <repo>/python/aisimulate/src/aiconfigurator_core/systems/data/rtx_pro_6000_server/vllm/0.14.0/gemm_perf.parquet),"python python/aisimulate/tools/support_matrix/generate_fpe_support_matrix.py --model ""nvidia/NVIDIA-Nemotron-3-Ultra-550B-A55B-FP8"" --system ""rtx_pro_6000_server"" --backend ""vllm"" --backend-version ""0.14.0"" --forward-model op_level --max-workers 8",,116,29,PERF_DATA_MISSING=116,,26dae1f99b2b50fb17118f38d8a8e95dfac3357c
nvidia/NVIDIA-Nemotron-3-Ultra-550B-A55B-FP8,NemotronHForCausalLM,rtx_pro_6000_server,vllm,0.19.0,FAIL,Strict-native op-level FPE probes: PERF_DATA_MISSING=116; raw probes=116; topologies=29; source_sha=26dae1f99b2b50fb17118f38d8a8e95dfac3357c. Representative failure: perf database error: perf database error: no rows loaded from 1 source(s) (first: <repo>/python/aisimulate/src/aiconfigurator_core/systems/data/rtx_pro_6000_server/vllm/0.19.0/computescale_perf.parquet),"python python/aisimulate/tools/support_matrix/generate_fpe_support_matrix.py --model ""nvidia/NVIDIA-Nemotron-3-Ultra-550B-A55B-FP8"" --system ""rtx_pro_6000_server"" --backend ""vllm"" --backend-version ""0.19.0"" --forward-model op_level --max-workers 8",,116,29,PERF_DATA_MISSING=116,,26dae1f99b2b50fb17118f38d8a8e95dfac3357c
nvidia/NVIDIA-Nemotron-3-Ultra-550B-A55B-FP8,NemotronHForCausalLM,rtx_pro_6000_server,vllm,0.22.0,PASS,,"python python/aisimulate/tools/support_matrix/generate_fpe_support_matrix.py --model ""nvidia/NVIDIA-Nemotron-3-Ultra-550B-A55B-FP8"" --system ""rtx_pro_6000_server"" --backend ""vllm"" --backend-version ""0.22.0"" --forward-model op_level --max-workers 8",silicon,116,29,"PASS=44, PERF_DATA_MISSING=72","decode_end=33843.175610, decode_start=132.719132, mixed=349.230277, prefill=342.030484",26dae1f99b2b50fb17118f38d8a8e95dfac3357c
nvidia/NVIDIA-Nemotron-3-Ultra-550B-A55B-FP8,NemotronHForCausalLM,rtx_pro_6000_server,vllm,0.24.0,PASS,,"python python/aisimulate/tools/support_matrix/generate_fpe_support_matrix.py --model ""nvidia/NVIDIA-Nemotron-3-Ultra-550B-A55B-FP8"" --system ""rtx_pro_6000_server"" --backend ""vllm"" --backend-version ""0.24.0"" --forward-model op_level --max-workers 8",silicon,116,29,PASS=116,"decode_end=33843.175610, decode_start=132.719132, mixed=349.230277, prefill=342.030484",26dae1f99b2b50fb17118f38d8a8e95dfac3357c
nvidia/NVIDIA-Nemotron-3-Ultra-550B-A55B-NVFP4,NemotronHForCausalLM,rtx_pro_6000_server,sglang,0.5.10,FAIL,"Strict-native op-level FPE probes: PERF_DATA_MISSING=220; raw probes=220; topologies=55; source_sha=26dae1f99b2b50fb17118f38d8a8e95dfac3357c. Representative failure: perf database error: MoE data missing for MoeKey { quant: ""nvfp4"", distribution: ""uniform"", topk: 22, num_experts: 512, hidden_size: 2048, inter_size: 5120, moe_tp_size: 1, moe_ep_size: 1 } at <repo>/python/aisimulate/src/aiconfigurator_core/systems/data/rtx_pro_6000_server/sglang/0.5.10","python python/aisimulate/tools/support_matrix/generate_fpe_support_matrix.py --model ""nvidia/NVIDIA-Nemotron-3-Ultra-550B-A55B-NVFP4"" --system ""rtx_pro_6000_server"" --backend ""sglang"" --backend-version ""0.5.10"" --forward-model op_level --max-workers 8",,220,55,PERF_DATA_MISSING=220,,26dae1f99b2b50fb17118f38d8a8e95dfac3357c
nvidia/NVIDIA-Nemotron-3-Ultra-550B-A55B-NVFP4,NemotronHForCausalLM,rtx_pro_6000_server,sglang,0.5.10rc0,FAIL,Strict-native op-level FPE probes: PERF_DATA_MISSING=220; raw probes=220; topologies=55; source_sha=26dae1f99b2b50fb17118f38d8a8e95dfac3357c. Representative failure: perf database error: perf database error: no GEMM rows loaded from 1 source(s) (first: <repo>/python/aisimulate/src/aiconfigurator_core/systems/data/rtx_pro_6000_server/sglang/0.5.10rc0/gemm_perf.parquet),"python python/aisimulate/tools/support_matrix/generate_fpe_support_matrix.py --model ""nvidia/NVIDIA-Nemotron-3-Ultra-550B-A55B-NVFP4"" --system ""rtx_pro_6000_server"" --backend ""sglang"" --backend-version ""0.5.10rc0"" --forward-model op_level --max-workers 8",,220,55,PERF_DATA_MISSING=220,,26dae1f99b2b50fb17118f38d8a8e95dfac3357c
nvidia/NVIDIA-Nemotron-3-Ultra-550B-A55B-NVFP4,NemotronHForCausalLM,rtx_pro_6000_server,sglang,0.5.12,PASS,,"python python/aisimulate/tools/support_matrix/generate_fpe_support_matrix.py --model ""nvidia/NVIDIA-Nemotron-3-Ultra-550B-A55B-NVFP4"" --system ""rtx_pro_6000_server"" --backend ""sglang"" --backend-version ""0.5.12"" --forward-model op_level --max-workers 8",silicon,220,55,"PASS=116, PERF_DATA_MISSING=104","decode_end=21817.061416, decode_start=85.555635, mixed=203.003739, prefill=200.312905",26dae1f99b2b50fb17118f38d8a8e95dfac3357c
nvidia/NVIDIA-Nemotron-3-Ultra-550B-A55B-NVFP4,NemotronHForCausalLM,rtx_pro_6000_server,sglang,0.5.14,PASS,,"python python/aisimulate/tools/support_matrix/generate_fpe_support_matrix.py --model ""nvidia/NVIDIA-Nemotron-3-Ultra-550B-A55B-NVFP4"" --system ""rtx_pro_6000_server"" --backend ""sglang"" --backend-version ""0.5.14"" --forward-model op_level --max-workers 8",silicon,220,55,PASS=220,"decode_end=21817.061416, decode_start=85.555635, mixed=203.003739, prefill=200.312905",26dae1f99b2b50fb17118f38d8a8e95dfac3357c
nvidia/NVIDIA-Nemotron-3-Ultra-550B-A55B-NVFP4,NemotronHForCausalLM,rtx_pro_6000_server,sglang,0.5.16,PASS,,"python python/aisimulate/tools/support_matrix/generate_fpe_support_matrix.py --model ""nvidia/NVIDIA-Nemotron-3-Ultra-550B-A55B-NVFP4"" --system ""rtx_pro_6000_server"" --backend ""sglang"" --backend-version ""0.5.16"" --forward-model op_level --max-workers 8",silicon,220,55,PASS=220,"decode_end=21817.061416, decode_start=85.555635, mixed=203.003739, prefill=200.312905",26dae1f99b2b50fb17118f38d8a8e95dfac3357c
nvidia/NVIDIA-Nemotron-3-Ultra-550B-A55B-NVFP4,NemotronHForCausalLM,rtx_pro_6000_server,sglang,0.5.9,FAIL,Strict-native op-level FPE probes: PERF_DATA_MISSING=220; raw probes=220; topologies=55; source_sha=26dae1f99b2b50fb17118f38d8a8e95dfac3357c. Representative failure: perf database error: perf database error: no GEMM rows loaded from 1 source(s) (first: <repo>/python/aisimulate/src/aiconfigurator_core/systems/data/rtx_pro_6000_server/sglang/0.5.9/gemm_perf.parquet),"python python/aisimulate/tools/support_matrix/generate_fpe_support_matrix.py --model ""nvidia/NVIDIA-Nemotron-3-Ultra-550B-A55B-NVFP4"" --system ""rtx_pro_6000_server"" --backend ""sglang"" --backend-version ""0.5.9"" --forward-model op_level --max-workers 8",,220,55,PERF_DATA_MISSING=220,,26dae1f99b2b50fb17118f38d8a8e95dfac3357c
nvidia/NVIDIA-Nemotron-3-Ultra-550B-A55B-NVFP4,NemotronHForCausalLM,rtx_pro_6000_server,trtllm,1.3.0rc10,FAIL,"Strict-native op-level FPE probes: PERF_DATA_MISSING=116; raw probes=116; topologies=29; source_sha=26dae1f99b2b50fb17118f38d8a8e95dfac3357c. Representative failure: perf database error: MoE data missing for MoeKey { quant: ""nvfp4"", distribution: ""power_law_1.01"", topk: 22, num_experts: 512, hidden_size: 2048, inter_size: 5120, moe_tp_size: 1, moe_ep_size: 1 } at <repo>/python/aisimulate/src/aiconfigurator_core/systems/data/rtx_pro_6000_server/trtllm/1.3.0rc10","python python/aisimulate/tools/support_matrix/generate_fpe_support_matrix.py --model ""nvidia/NVIDIA-Nemotron-3-Ultra-550B-A55B-NVFP4"" --system ""rtx_pro_6000_server"" --backend ""trtllm"" --backend-version ""1.3.0rc10"" --forward-model op_level --max-workers 8",,116,29,PERF_DATA_MISSING=116,,26dae1f99b2b50fb17118f38d8a8e95dfac3357c
nvidia/NVIDIA-Nemotron-3-Ultra-550B-A55B-NVFP4,NemotronHForCausalLM,rtx_pro_6000_server,trtllm,1.3.0rc15,FAIL,"Strict-native op-level FPE probes: PERF_DATA_MISSING=116; raw probes=116; topologies=29; source_sha=26dae1f99b2b50fb17118f38d8a8e95dfac3357c. Representative failure: perf database error: MoE data missing for MoeKey { quant: ""nvfp4"", distribution: ""power_law_1.01"", topk: 22, num_experts: 512, hidden_size: 2048, inter_size: 5120, moe_tp_size: 1, moe_ep_size: 1 } at <repo>/python/aisimulate/src/aiconfigurator_core/systems/data/rtx_pro_6000_server/trtllm/1.3.0rc15","python python/aisimulate/tools/support_matrix/generate_fpe_support_matrix.py --model ""nvidia/NVIDIA-Nemotron-3-Ultra-550B-A55B-NVFP4"" --system ""rtx_pro_6000_server"" --backend ""trtllm"" --backend-version ""1.3.0rc15"" --forward-model op_level --max-workers 8",,116,29,PERF_DATA_MISSING=116,,26dae1f99b2b50fb17118f38d8a8e95dfac3357c
nvidia/NVIDIA-Nemotron-3-Ultra-550B-A55B-NVFP4,NemotronHForCausalLM,rtx_pro_6000_server,trtllm,1.3.0rc20,PASS,,"python python/aisimulate/tools/support_matrix/generate_fpe_support_matrix.py --model ""nvidia/NVIDIA-Nemotron-3-Ultra-550B-A55B-NVFP4"" --system ""rtx_pro_6000_server"" --backend ""trtllm"" --backend-version ""1.3.0rc20"" --forward-model op_level --max-workers 8",silicon,116,29,PASS=116,"decode_end=22729.143983, decode_start=89.113841, mixed=205.418854, prefill=203.782812",26dae1f99b2b50fb17118f38d8a8e95dfac3357c
nvidia/NVIDIA-Nemotron-3-Ultra-550B-A55B-NVFP4,NemotronHForCausalLM,rtx_pro_6000_server,trtllm,1.3.0rc23,PASS,,"python python/aisimulate/tools/support_matrix/generate_fpe_support_matrix.py --model ""nvidia/NVIDIA-Nemotron-3-Ultra-550B-A55B-NVFP4"" --system ""rtx_pro_6000_server"" --backend ""trtllm"" --backend-version ""1.3.0rc23"" --forward-model op_level --max-workers 8",silicon,116,29,PASS=116,"decode_end=22729.143983, decode_start=89.113841, mixed=205.418854, prefill=203.782812",26dae1f99b2b50fb17118f38d8a8e95dfac3357c
nvidia/NVIDIA-Nemotron-3-Ultra-550B-A55B-NVFP4,NemotronHForCausalLM,rtx_pro_6000_server,vllm,0.1.dev19262,FAIL,Strict-native op-level FPE probes: PERF_DATA_MISSING=116; raw probes=116; topologies=29; source_sha=26dae1f99b2b50fb17118f38d8a8e95dfac3357c. Representative failure: perf database error: perf database error: no GEMM rows loaded from 1 source(s) (first: <repo>/python/aisimulate/src/aiconfigurator_core/systems/data/rtx_pro_6000_server/vllm/0.1.dev19262/gemm_perf.parquet),"python python/aisimulate/tools/support_matrix/generate_fpe_support_matrix.py --model ""nvidia/NVIDIA-Nemotron-3-Ultra-550B-A55B-NVFP4"" --system ""rtx_pro_6000_server"" --backend ""vllm"" --backend-version ""0.1.dev19262"" --forward-model op_level --max-workers 8",,116,29,PERF_DATA_MISSING=116,,26dae1f99b2b50fb17118f38d8a8e95dfac3357c
nvidia/NVIDIA-Nemotron-3-Ultra-550B-A55B-NVFP4,NemotronHForCausalLM,rtx_pro_6000_server,vllm,0.14.0,FAIL,Strict-native op-level FPE probes: PERF_DATA_MISSING=116; raw probes=116; topologies=29; source_sha=26dae1f99b2b50fb17118f38d8a8e95dfac3357c. Representative failure: perf database error: perf database error: no GEMM rows loaded from 1 source(s) (first: <repo>/python/aisimulate/src/aiconfigurator_core/systems/data/rtx_pro_6000_server/vllm/0.14.0/gemm_perf.parquet),"python python/aisimulate/tools/support_matrix/generate_fpe_support_matrix.py --model ""nvidia/NVIDIA-Nemotron-3-Ultra-550B-A55B-NVFP4"" --system ""rtx_pro_6000_server"" --backend ""vllm"" --backend-version ""0.14.0"" --forward-model op_level --max-workers 8",,116,29,PERF_DATA_MISSING=116,,26dae1f99b2b50fb17118f38d8a8e95dfac3357c
nvidia/NVIDIA-Nemotron-3-Ultra-550B-A55B-NVFP4,NemotronHForCausalLM,rtx_pro_6000_server,vllm,0.19.0,FAIL,"Strict-native op-level FPE probes: PERF_DATA_MISSING=116; raw probes=116; topologies=29; source_sha=26dae1f99b2b50fb17118f38d8a8e95dfac3357c. Representative failure: perf database error: MoE data missing for MoeKey { quant: ""nvfp4"", distribution: ""uniform"", topk: 22, num_experts: 512, hidden_size: 2048, inter_size: 5120, moe_tp_size: 1, moe_ep_size: 1 } at <repo>/python/aisimulate/src/aiconfigurator_core/systems/data/rtx_pro_6000_server/vllm/0.19.0","python python/aisimulate/tools/support_matrix/generate_fpe_support_matrix.py --model ""nvidia/NVIDIA-Nemotron-3-Ultra-550B-A55B-NVFP4"" --system ""rtx_pro_6000_server"" --backend ""vllm"" --backend-version ""0.19.0"" --forward-model op_level --max-workers 8",,116,29,PERF_DATA_MISSING=116,,26dae1f99b2b50fb17118f38d8a8e95dfac3357c
nvidia/NVIDIA-Nemotron-3-Ultra-550B-A55B-NVFP4,NemotronHForCausalLM,rtx_pro_6000_server,vllm,0.22.0,FAIL,"Strict-native op-level FPE probes: PERF_DATA_MISSING=116; raw probes=116; topologies=29; source_sha=26dae1f99b2b50fb17118f38d8a8e95dfac3357c. Representative failure: perf database error: MoE data missing for MoeKey { quant: ""nvfp4"", distribution: ""power_law_1.01"", topk: 22, num_experts: 512, hidden_size: 2048, inter_size: 5120, moe_tp_size: 1, moe_ep_size: 1 } at <repo>/python/aisimulate/src/aiconfigurator_core/systems/data/rtx_pro_6000_server/vllm/0.22.0","python python/aisimulate/tools/support_matrix/generate_fpe_support_matrix.py --model ""nvidia/NVIDIA-Nemotron-3-Ultra-550B-A55B-NVFP4"" --system ""rtx_pro_6000_server"" --backend ""vllm"" --backend-version ""0.22.0"" --forward-model op_level --max-workers 8",,116,29,PERF_DATA_MISSING=116,,26dae1f99b2b50fb17118f38d8a8e95dfac3357c
nvidia/NVIDIA-Nemotron-3-Ultra-550B-A55B-NVFP4,NemotronHForCausalLM,rtx_pro_6000_server,vllm,0.24.0,FAIL,"Strict-native op-level FPE probes: PERF_DATA_MISSING=116; raw probes=116; topologies=29; source_sha=26dae1f99b2b50fb17118f38d8a8e95dfac3357c. Representative failure: perf database error: MoE data missing for MoeKey { quant: ""nvfp4"", distribution: ""power_law_1.01"", topk: 22, num_experts: 512, hidden_size: 2048, inter_size: 5120, moe_tp_size: 1, moe_ep_size: 1 } at <repo>/python/aisimulate/src/aiconfigurator_core/systems/data/rtx_pro_6000_server/vllm/0.24.0","python python/aisimulate/tools/support_matrix/generate_fpe_support_matrix.py --model ""nvidia/NVIDIA-Nemotron-3-Ultra-550B-A55B-NVFP4"" --system ""rtx_pro_6000_server"" --backend ""vllm"" --backend-version ""0.24.0"" --forward-model op_level --max-workers 8",,116,29,PERF_DATA_MISSING=116,,26dae1f99b2b50fb17118f38d8a8e95dfac3357c
nvidia/Qwen3-235B-A22B-NVFP4,Qwen3MoeForCausalLM,rtx_pro_6000_server,sglang,0.5.10,FAIL,"Strict-native op-level FPE probes: PERF_DATA_MISSING=220, SDK_UNREPRESENTABLE=320; raw probes=540; topologies=135; source_sha=26dae1f99b2b50fb17118f38d8a8e95dfac3357c. Representative failure: perf database error: MoE data missing for MoeKey { quant: ""nvfp4"", distribution: ""uniform"", topk: 8, num_experts: 128, hidden_size: 4096, inter_size: 1536, moe_tp_size: 1, moe_ep_size: 1 } at <repo>/python/aisimulate/src/aiconfigurator_core/systems/data/rtx_pro_6000_server/sglang/0.5.10","python python/aisimulate/tools/support_matrix/generate_fpe_support_matrix.py --model ""nvidia/Qwen3-235B-A22B-NVFP4"" --system ""rtx_pro_6000_server"" --backend ""sglang"" --backend-version ""0.5.10"" --forward-model op_level --max-workers 8",,540,135,"PERF_DATA_MISSING=220, SDK_UNREPRESENTABLE=320",,26dae1f99b2b50fb17118f38d8a8e95dfac3357c
nvidia/Qwen3-235B-A22B-NVFP4,Qwen3MoeForCausalLM,rtx_pro_6000_server,sglang,0.5.10rc0,FAIL,"Strict-native op-level FPE probes: PERF_DATA_MISSING=220, SDK_UNREPRESENTABLE=320; raw probes=540; topologies=135; source_sha=26dae1f99b2b50fb17118f38d8a8e95dfac3357c. Representative failure: perf database error: perf database error: no GEMM rows loaded from 1 source(s) (first: <repo>/python/aisimulate/src/aiconfigurator_core/systems/data/rtx_pro_6000_server/sglang/0.5.10rc0/gemm_perf.parquet)","python python/aisimulate/tools/support_matrix/generate_fpe_support_matrix.py --model ""nvidia/Qwen3-235B-A22B-NVFP4"" --system ""rtx_pro_6000_server"" --backend ""sglang"" --backend-version ""0.5.10rc0"" --forward-model op_level --max-workers 8",,540,135,"PERF_DATA_MISSING=220, SDK_UNREPRESENTABLE=320",,26dae1f99b2b50fb17118f38d8a8e95dfac3357c
nvidia/Qwen3-235B-A22B-NVFP4,Qwen3MoeForCausalLM,rtx_pro_6000_server,sglang,0.5.12,PASS,,"python python/aisimulate/tools/support_matrix/generate_fpe_support_matrix.py --model ""nvidia/Qwen3-235B-A22B-NVFP4"" --system ""rtx_pro_6000_server"" --backend ""sglang"" --backend-version ""0.5.12"" --forward-model op_level --max-workers 8",silicon,540,135,"PASS=108, PERF_DATA_MISSING=112, SDK_UNREPRESENTABLE=320","decode_end=10818.862266, decode_start=42.415663, mixed=106.312443, prefill=104.489743",26dae1f99b2b50fb17118f38d8a8e95dfac3357c
nvidia/Qwen3-235B-A22B-NVFP4,Qwen3MoeForCausalLM,rtx_pro_6000_server,sglang,0.5.14,PASS,,"python python/aisimulate/tools/support_matrix/generate_fpe_support_matrix.py --model ""nvidia/Qwen3-235B-A22B-NVFP4"" --system ""rtx_pro_6000_server"" --backend ""sglang"" --backend-version ""0.5.14"" --forward-model op_level --max-workers 8",silicon,540,135,"PASS=200, PERF_DATA_MISSING=20, SDK_UNREPRESENTABLE=320","decode_end=10818.862266, decode_start=42.415663, mixed=106.312443, prefill=104.489743",26dae1f99b2b50fb17118f38d8a8e95dfac3357c
nvidia/Qwen3-235B-A22B-NVFP4,Qwen3MoeForCausalLM,rtx_pro_6000_server,sglang,0.5.16,PASS,,"python python/aisimulate/tools/support_matrix/generate_fpe_support_matrix.py --model ""nvidia/Qwen3-235B-A22B-NVFP4"" --system ""rtx_pro_6000_server"" --backend ""sglang"" --backend-version ""0.5.16"" --forward-model op_level --max-workers 8",silicon,540,135,"PASS=200, PERF_DATA_MISSING=20, SDK_UNREPRESENTABLE=320","decode_end=10818.862266, decode_start=42.415663, mixed=106.312443, prefill=104.489743",26dae1f99b2b50fb17118f38d8a8e95dfac3357c
nvidia/Qwen3-235B-A22B-NVFP4,Qwen3MoeForCausalLM,rtx_pro_6000_server,sglang,0.5.9,FAIL,"Strict-native op-level FPE probes: PERF_DATA_MISSING=220, SDK_UNREPRESENTABLE=320; raw probes=540; topologies=135; source_sha=26dae1f99b2b50fb17118f38d8a8e95dfac3357c. Representative failure: perf database error: perf database error: no GEMM rows loaded from 1 source(s) (first: <repo>/python/aisimulate/src/aiconfigurator_core/systems/data/rtx_pro_6000_server/sglang/0.5.9/gemm_perf.parquet)","python python/aisimulate/tools/support_matrix/generate_fpe_support_matrix.py --model ""nvidia/Qwen3-235B-A22B-NVFP4"" --system ""rtx_pro_6000_server"" --backend ""sglang"" --backend-version ""0.5.9"" --forward-model op_level --max-workers 8",,540,135,"PERF_DATA_MISSING=220, SDK_UNREPRESENTABLE=320",,26dae1f99b2b50fb17118f38d8a8e95dfac3357c
nvidia/Qwen3-235B-A22B-NVFP4,Qwen3MoeForCausalLM,rtx_pro_6000_server,trtllm,1.3.0rc10,PASS,,"python python/aisimulate/tools/support_matrix/generate_fpe_support_matrix.py --model ""nvidia/Qwen3-235B-A22B-NVFP4"" --system ""rtx_pro_6000_server"" --backend ""trtllm"" --backend-version ""1.3.0rc10"" --forward-model op_level --max-workers 8",silicon,116,29,"PASS=64, PERF_DATA_MISSING=52","decode_end=11156.552319, decode_start=43.660735, mixed=108.717878, prefill=105.631135",26dae1f99b2b50fb17118f38d8a8e95dfac3357c
nvidia/Qwen3-235B-A22B-NVFP4,Qwen3MoeForCausalLM,rtx_pro_6000_server,trtllm,1.3.0rc15,PASS,,"python python/aisimulate/tools/support_matrix/generate_fpe_support_matrix.py --model ""nvidia/Qwen3-235B-A22B-NVFP4"" --system ""rtx_pro_6000_server"" --backend ""trtllm"" --backend-version ""1.3.0rc15"" --forward-model op_level --max-workers 8",silicon,116,29,"PASS=64, PERF_DATA_MISSING=52","decode_end=11156.552319, decode_start=43.660735, mixed=108.717878, prefill=105.631135",26dae1f99b2b50fb17118f38d8a8e95dfac3357c
nvidia/Qwen3-235B-A22B-NVFP4,Qwen3MoeForCausalLM,rtx_pro_6000_server,trtllm,1.3.0rc20,PASS,,"python python/aisimulate/tools/support_matrix/generate_fpe_support_matrix.py --model ""nvidia/Qwen3-235B-A22B-NVFP4"" --system ""rtx_pro_6000_server"" --backend ""trtllm"" --backend-version ""1.3.0rc20"" --forward-model op_level --max-workers 8",silicon,116,29,"PASS=108, PERF_DATA_MISSING=8","decode_end=11040.795818, decode_start=43.171765, mixed=104.915109, prefill=103.108191",26dae1f99b2b50fb17118f38d8a8e95dfac3357c
nvidia/Qwen3-235B-A22B-NVFP4,Qwen3MoeForCausalLM,rtx_pro_6000_server,trtllm,1.3.0rc23,PASS,,"python python/aisimulate/tools/support_matrix/generate_fpe_support_matrix.py --model ""nvidia/Qwen3-235B-A22B-NVFP4"" --system ""rtx_pro_6000_server"" --backend ""trtllm"" --backend-version ""1.3.0rc23"" --forward-model op_level --max-workers 8",silicon,116,29,"PASS=108, PERF_DATA_MISSING=8","decode_end=11040.795818, decode_start=43.171765, mixed=104.915109, prefill=103.108191",26dae1f99b2b50fb17118f38d8a8e95dfac3357c
nvidia/Qwen3-235B-A22B-NVFP4,Qwen3MoeForCausalLM,rtx_pro_6000_server,vllm,0.1.dev19262,FAIL,Strict-native op-level FPE probes: PERF_DATA_MISSING=116; raw probes=116; topologies=29; source_sha=26dae1f99b2b50fb17118f38d8a8e95dfac3357c. Representative failure: perf database error: perf database error: no GEMM rows loaded from 1 source(s) (first: <repo>/python/aisimulate/src/aiconfigurator_core/systems/data/rtx_pro_6000_server/vllm/0.1.dev19262/gemm_perf.parquet),"python python/aisimulate/tools/support_matrix/generate_fpe_support_matrix.py --model ""nvidia/Qwen3-235B-A22B-NVFP4"" --system ""rtx_pro_6000_server"" --backend ""vllm"" --backend-version ""0.1.dev19262"" --forward-model op_level --max-workers 8",,116,29,PERF_DATA_MISSING=116,,26dae1f99b2b50fb17118f38d8a8e95dfac3357c
nvidia/Qwen3-235B-A22B-NVFP4,Qwen3MoeForCausalLM,rtx_pro_6000_server,vllm,0.14.0,FAIL,Strict-native op-level FPE probes: PERF_DATA_MISSING=116; raw probes=116; topologies=29; source_sha=26dae1f99b2b50fb17118f38d8a8e95dfac3357c. Representative failure: perf database error: perf database error: no GEMM rows loaded from 1 source(s) (first: <repo>/python/aisimulate/src/aiconfigurator_core/systems/data/rtx_pro_6000_server/vllm/0.14.0/gemm_perf.parquet),"python python/aisimulate/tools/support_matrix/generate_fpe_support_matrix.py --model ""nvidia/Qwen3-235B-A22B-NVFP4"" --system ""rtx_pro_6000_server"" --backend ""vllm"" --backend-version ""0.14.0"" --forward-model op_level --max-workers 8",,116,29,PERF_DATA_MISSING=116,,26dae1f99b2b50fb17118f38d8a8e95dfac3357c
nvidia/Qwen3-235B-A22B-NVFP4,Qwen3MoeForCausalLM,rtx_pro_6000_server,vllm,0.19.0,FAIL,"Strict-native op-level FPE probes: PERF_DATA_MISSING=116; raw probes=116; topologies=29; source_sha=26dae1f99b2b50fb17118f38d8a8e95dfac3357c. Representative failure: perf database error: MoE data missing for MoeKey { quant: ""nvfp4"", distribution: ""uniform"", topk: 8, num_experts: 128, hidden_size: 4096, inter_size: 1536, moe_tp_size: 1, moe_ep_size: 1 } at <repo>/python/aisimulate/src/aiconfigurator_core/systems/data/rtx_pro_6000_server/vllm/0.19.0","python python/aisimulate/tools/support_matrix/generate_fpe_support_matrix.py --model ""nvidia/Qwen3-235B-A22B-NVFP4"" --system ""rtx_pro_6000_server"" --backend ""vllm"" --backend-version ""0.19.0"" --forward-model op_level --max-workers 8",,116,29,PERF_DATA_MISSING=116,,26dae1f99b2b50fb17118f38d8a8e95dfac3357c
nvidia/Qwen3-235B-A22B-NVFP4,Qwen3MoeForCausalLM,rtx_pro_6000_server,vllm,0.22.0,PASS,,"python python/aisimulate/tools/support_matrix/generate_fpe_support_matrix.py --model ""nvidia/Qwen3-235B-A22B-NVFP4"" --system ""rtx_pro_6000_server"" --backend ""vllm"" --backend-version ""0.22.0"" --forward-model op_level --max-workers 8",silicon,116,29,"PASS=40, PERF_DATA_MISSING=76","decode_end=11025.691609, decode_start=43.222754, mixed=110.436594, prefill=108.411132",26dae1f99b2b50fb17118f38d8a8e95dfac3357c
nvidia/Qwen3-235B-A22B-NVFP4,Qwen3MoeForCausalLM,rtx_pro_6000_server,vllm,0.24.0,PASS,,"python python/aisimulate/tools/support_matrix/generate_fpe_support_matrix.py --model ""nvidia/Qwen3-235B-A22B-NVFP4"" --system ""rtx_pro_6000_server"" --backend ""vllm"" --backend-version ""0.24.0"" --forward-model op_level --max-workers 8",silicon,116,29,"PASS=96, PERF_DATA_MISSING=20","decode_end=11025.691609, decode_start=43.222754, mixed=110.436594, prefill=108.411132",26dae1f99b2b50fb17118f38d8a8e95dfac3357c
nvidia/Qwen3.5-122B-A10B-NVFP4,Qwen3_5MoeForConditionalGeneration,rtx_pro_6000_server,sglang,0.5.10,FAIL,"Strict-native op-level FPE probes: PERF_DATA_MISSING=220; raw probes=220; topologies=55; source_sha=26dae1f99b2b50fb17118f38d8a8e95dfac3357c. Representative failure: perf database error: MoE data missing for MoeKey { quant: ""nvfp4"", distribution: ""uniform"", topk: 8, num_experts: 256, hidden_size: 3072, inter_size: 1024, moe_tp_size: 1, moe_ep_size: 1 } at <repo>/python/aisimulate/src/aiconfigurator_core/systems/data/rtx_pro_6000_server/sglang/0.5.10","python python/aisimulate/tools/support_matrix/generate_fpe_support_matrix.py --model ""nvidia/Qwen3.5-122B-A10B-NVFP4"" --system ""rtx_pro_6000_server"" --backend ""sglang"" --backend-version ""0.5.10"" --forward-model op_level --max-workers 8",,220,55,PERF_DATA_MISSING=220,,26dae1f99b2b50fb17118f38d8a8e95dfac3357c
nvidia/Qwen3.5-122B-A10B-NVFP4,Qwen3_5MoeForConditionalGeneration,rtx_pro_6000_server,sglang,0.5.10rc0,FAIL,Strict-native op-level FPE probes: PERF_DATA_MISSING=220; raw probes=220; topologies=55; source_sha=26dae1f99b2b50fb17118f38d8a8e95dfac3357c. Representative failure: perf database error: perf database error: no GEMM rows loaded from 1 source(s) (first: <repo>/python/aisimulate/src/aiconfigurator_core/systems/data/rtx_pro_6000_server/sglang/0.5.10rc0/gemm_perf.parquet),"python python/aisimulate/tools/support_matrix/generate_fpe_support_matrix.py --model ""nvidia/Qwen3.5-122B-A10B-NVFP4"" --system ""rtx_pro_6000_server"" --backend ""sglang"" --backend-version ""0.5.10rc0"" --forward-model op_level --max-workers 8",,220,55,PERF_DATA_MISSING=220,,26dae1f99b2b50fb17118f38d8a8e95dfac3357c
nvidia/Qwen3.5-122B-A10B-NVFP4,Qwen3_5MoeForConditionalGeneration,rtx_pro_6000_server,sglang,0.5.12,FAIL,"Strict-native op-level FPE probes: PERF_DATA_MISSING=220; raw probes=220; topologies=55; source_sha=26dae1f99b2b50fb17118f38d8a8e95dfac3357c. Representative failure: perf database error: MoE data missing for MoeKey { quant: ""nvfp4"", distribution: ""power_law_1.2"", topk: 8, num_experts: 256, hidden_size: 3072, inter_size: 1024, moe_tp_size: 1, moe_ep_size: 1 } at <repo>/python/aisimulate/src/aiconfigurator_core/systems/data/rtx_pro_6000_server/sglang/0.5.12","python python/aisimulate/tools/support_matrix/generate_fpe_support_matrix.py --model ""nvidia/Qwen3.5-122B-A10B-NVFP4"" --system ""rtx_pro_6000_server"" --backend ""sglang"" --backend-version ""0.5.12"" --forward-model op_level --max-workers 8",,220,55,PERF_DATA_MISSING=220,,26dae1f99b2b50fb17118f38d8a8e95dfac3357c
nvidia/Qwen3.5-122B-A10B-NVFP4,Qwen3_5MoeForConditionalGeneration,rtx_pro_6000_server,sglang,0.5.14,FAIL,"Strict-native op-level FPE probes: PERF_DATA_MISSING=220; raw probes=220; topologies=55; source_sha=26dae1f99b2b50fb17118f38d8a8e95dfac3357c. Representative failure: perf database error: MoE data missing for MoeKey { quant: ""nvfp4"", distribution: ""power_law_1.2"", topk: 8, num_experts: 256, hidden_size: 3072, inter_size: 1024, moe_tp_size: 1, moe_ep_size: 1 } at <repo>/python/aisimulate/src/aiconfigurator_core/systems/data/rtx_pro_6000_server/sglang/0.5.14","python python/aisimulate/tools/support_matrix/generate_fpe_support_matrix.py --model ""nvidia/Qwen3.5-122B-A10B-NVFP4"" --system ""rtx_pro_6000_server"" --backend ""sglang"" --backend-version ""0.5.14"" --forward-model op_level --max-workers 8",,220,55,PERF_DATA_MISSING=220,,26dae1f99b2b50fb17118f38d8a8e95dfac3357c
nvidia/Qwen3.5-122B-A10B-NVFP4,Qwen3_5MoeForConditionalGeneration,rtx_pro_6000_server,sglang,0.5.16,FAIL,"Strict-native op-level FPE probes: PERF_DATA_MISSING=220; raw probes=220; topologies=55; source_sha=26dae1f99b2b50fb17118f38d8a8e95dfac3357c. Representative failure: perf database error: MoE data missing for MoeKey { quant: ""nvfp4"", distribution: ""power_law_1.2"", topk: 8, num_experts: 256, hidden_size: 3072, inter_size: 1024, moe_tp_size: 1, moe_ep_size: 1 } at <repo>/python/aisimulate/src/aiconfigurator_core/systems/data/rtx_pro_6000_server/sglang/0.5.16","python python/aisimulate/tools/support_matrix/generate_fpe_support_matrix.py --model ""nvidia/Qwen3.5-122B-A10B-NVFP4"" --system ""rtx_pro_6000_server"" --backend ""sglang"" --backend-version ""0.5.16"" --forward-model op_level --max-workers 8",,220,55,PERF_DATA_MISSING=220,,26dae1f99b2b50fb17118f38d8a8e95dfac3357c
nvidia/Qwen3.5-122B-A10B-NVFP4,Qwen3_5MoeForConditionalGeneration,rtx_pro_6000_server,sglang,0.5.9,FAIL,Strict-native op-level FPE probes: PERF_DATA_MISSING=220; raw probes=220; topologies=55; source_sha=26dae1f99b2b50fb17118f38d8a8e95dfac3357c. Representative failure: perf database error: perf database error: no GEMM rows loaded from 1 source(s) (first: <repo>/python/aisimulate/src/aiconfigurator_core/systems/data/rtx_pro_6000_server/sglang/0.5.9/gemm_perf.parquet),"python python/aisimulate/tools/support_matrix/generate_fpe_support_matrix.py --model ""nvidia/Qwen3.5-122B-A10B-NVFP4"" --system ""rtx_pro_6000_server"" --backend ""sglang"" --backend-version ""0.5.9"" --forward-model op_level --max-workers 8",,220,55,PERF_DATA_MISSING=220,,26dae1f99b2b50fb17118f38d8a8e95dfac3357c
nvidia/Qwen3.5-122B-A10B-NVFP4,Qwen3_5MoeForConditionalGeneration,rtx_pro_6000_server,trtllm,1.3.0rc10,FAIL,"Strict-native op-level FPE probes: PERF_DATA_MISSING=116; raw probes=116; topologies=29; source_sha=26dae1f99b2b50fb17118f38d8a8e95dfac3357c. Representative failure: perf database error: MoE data missing for MoeKey { quant: ""nvfp4"", distribution: ""power_law_1.2"", topk: 8, num_experts: 256, hidden_size: 3072, inter_size: 1024, moe_tp_size: 1, moe_ep_size: 1 } at <repo>/python/aisimulate/src/aiconfigurator_core/systems/data/rtx_pro_6000_server/trtllm/1.3.0rc10","python python/aisimulate/tools/support_matrix/generate_fpe_support_matrix.py --model ""nvidia/Qwen3.5-122B-A10B-NVFP4"" --system ""rtx_pro_6000_server"" --backend ""trtllm"" --backend-version ""1.3.0rc10"" --forward-model op_level --max-workers 8",,116,29,PERF_DATA_MISSING=116,,26dae1f99b2b50fb17118f38d8a8e95dfac3357c
nvidia/Qwen3.5-122B-A10B-NVFP4,Qwen3_5MoeForConditionalGeneration,rtx_pro_6000_server,trtllm,1.3.0rc15,FAIL,"Strict-native op-level FPE probes: PERF_DATA_MISSING=116; raw probes=116; topologies=29; source_sha=26dae1f99b2b50fb17118f38d8a8e95dfac3357c. Representative failure: perf database error: MoE data missing for MoeKey { quant: ""nvfp4"", distribution: ""power_law_1.2"", topk: 8, num_experts: 256, hidden_size: 3072, inter_size: 1024, moe_tp_size: 1, moe_ep_size: 1 } at <repo>/python/aisimulate/src/aiconfigurator_core/systems/data/rtx_pro_6000_server/trtllm/1.3.0rc15","python python/aisimulate/tools/support_matrix/generate_fpe_support_matrix.py --model ""nvidia/Qwen3.5-122B-A10B-NVFP4"" --system ""rtx_pro_6000_server"" --backend ""trtllm"" --backend-version ""1.3.0rc15"" --forward-model op_level --max-workers 8",,116,29,PERF_DATA_MISSING=116,,26dae1f99b2b50fb17118f38d8a8e95dfac3357c
nvidia/Qwen3.5-122B-A10B-NVFP4,Qwen3_5MoeForConditionalGeneration,rtx_pro_6000_server,trtllm,1.3.0rc20,PASS,,"python python/aisimulate/tools/support_matrix/generate_fpe_support_matrix.py --model ""nvidia/Qwen3.5-122B-A10B-NVFP4"" --system ""rtx_pro_6000_server"" --backend ""trtllm"" --backend-version ""1.3.0rc20"" --forward-model op_level --max-workers 8",silicon,116,29,PASS=116,"decode_end=5509.268138, decode_start=21.583629, mixed=51.072128, prefill=50.231264",26dae1f99b2b50fb17118f38d8a8e95dfac3357c
nvidia/Qwen3.5-122B-A10B-NVFP4,Qwen3_5MoeForConditionalGeneration,rtx_pro_6000_server,trtllm,1.3.0rc23,PASS,,"python python/aisimulate/tools/support_matrix/generate_fpe_support_matrix.py --model ""nvidia/Qwen3.5-122B-A10B-NVFP4"" --system ""rtx_pro_6000_server"" --backend ""trtllm"" --backend-version ""1.3.0rc23"" --forward-model op_level --max-workers 8",silicon,116,29,PASS=116,"decode_end=5509.268138, decode_start=21.583629, mixed=51.072128, prefill=50.231264",26dae1f99b2b50fb17118f38d8a8e95dfac3357c
nvidia/Qwen3.5-122B-A10B-NVFP4,Qwen3_5MoeForConditionalGeneration,rtx_pro_6000_server,vllm,0.1.dev19262,FAIL,Strict-native op-level FPE probes: PERF_DATA_MISSING=116; raw probes=116; topologies=29; source_sha=26dae1f99b2b50fb17118f38d8a8e95dfac3357c. Representative failure: perf database error: perf database error: no GEMM rows loaded from 1 source(s) (first: <repo>/python/aisimulate/src/aiconfigurator_core/systems/data/rtx_pro_6000_server/vllm/0.1.dev19262/gemm_perf.parquet),"python python/aisimulate/tools/support_matrix/generate_fpe_support_matrix.py --model ""nvidia/Qwen3.5-122B-A10B-NVFP4"" --system ""rtx_pro_6000_server"" --backend ""vllm"" --backend-version ""0.1.dev19262"" --forward-model op_level --max-workers 8",,116,29,PERF_DATA_MISSING=116,,26dae1f99b2b50fb17118f38d8a8e95dfac3357c
nvidia/Qwen3.5-122B-A10B-NVFP4,Qwen3_5MoeForConditionalGeneration,rtx_pro_6000_server,vllm,0.14.0,FAIL,Strict-native op-level FPE probes: PERF_DATA_MISSING=116; raw probes=116; topologies=29; source_sha=26dae1f99b2b50fb17118f38d8a8e95dfac3357c. Representative failure: perf database error: perf database error: no GEMM rows loaded from 1 source(s) (first: <repo>/python/aisimulate/src/aiconfigurator_core/systems/data/rtx_pro_6000_server/vllm/0.14.0/gemm_perf.parquet),"python python/aisimulate/tools/support_matrix/generate_fpe_support_matrix.py --model ""nvidia/Qwen3.5-122B-A10B-NVFP4"" --system ""rtx_pro_6000_server"" --backend ""vllm"" --backend-version ""0.14.0"" --forward-model op_level --max-workers 8",,116,29,PERF_DATA_MISSING=116,,26dae1f99b2b50fb17118f38d8a8e95dfac3357c
nvidia/Qwen3.5-122B-A10B-NVFP4,Qwen3_5MoeForConditionalGeneration,rtx_pro_6000_server,vllm,0.19.0,FAIL,"Strict-native op-level FPE probes: PERF_DATA_MISSING=116; raw probes=116; topologies=29; source_sha=26dae1f99b2b50fb17118f38d8a8e95dfac3357c. Representative failure: perf database error: MoE data missing for MoeKey { quant: ""nvfp4"", distribution: ""uniform"", topk: 8, num_experts: 256, hidden_size: 3072, inter_size: 1024, moe_tp_size: 1, moe_ep_size: 1 } at <repo>/python/aisimulate/src/aiconfigurator_core/systems/data/rtx_pro_6000_server/vllm/0.19.0","python python/aisimulate/tools/support_matrix/generate_fpe_support_matrix.py --model ""nvidia/Qwen3.5-122B-A10B-NVFP4"" --system ""rtx_pro_6000_server"" --backend ""vllm"" --backend-version ""0.19.0"" --forward-model op_level --max-workers 8",,116,29,PERF_DATA_MISSING=116,,26dae1f99b2b50fb17118f38d8a8e95dfac3357c
nvidia/Qwen3.5-122B-A10B-NVFP4,Qwen3_5MoeForConditionalGeneration,rtx_pro_6000_server,vllm,0.22.0,PASS,,"python python/aisimulate/tools/support_matrix/generate_fpe_support_matrix.py --model ""nvidia/Qwen3.5-122B-A10B-NVFP4"" --system ""rtx_pro_6000_server"" --backend ""vllm"" --backend-version ""0.22.0"" --forward-model op_level --max-workers 8",silicon,116,29,"PASS=44, PERF_DATA_MISSING=72","decode_end=4875.103386, decode_start=19.116367, mixed=51.812546, prefill=50.231061",26dae1f99b2b50fb17118f38d8a8e95dfac3357c
nvidia/Qwen3.5-122B-A10B-NVFP4,Qwen3_5MoeForConditionalGeneration,rtx_pro_6000_server,vllm,0.24.0,PASS,,"python python/aisimulate/tools/support_matrix/generate_fpe_support_matrix.py --model ""nvidia/Qwen3.5-122B-A10B-NVFP4"" --system ""rtx_pro_6000_server"" --backend ""vllm"" --backend-version ""0.24.0"" --forward-model op_level --max-workers 8",silicon,116,29,PASS=116,"decode_end=4875.103386, decode_start=19.116367, mixed=51.899645, prefill=50.303257",26dae1f99b2b50fb17118f38d8a8e95dfac3357c
nvidia/Qwen3.5-397B-A17B-NVFP4,Qwen3_5MoeForConditionalGeneration,rtx_pro_6000_server,sglang,0.5.10,FAIL,"Strict-native op-level FPE probes: PERF_DATA_MISSING=220; raw probes=220; topologies=55; source_sha=26dae1f99b2b50fb17118f38d8a8e95dfac3357c. Representative failure: perf database error: MoE data missing for MoeKey { quant: ""nvfp4"", distribution: ""uniform"", topk: 10, num_experts: 512, hidden_size: 4096, inter_size: 1024, moe_tp_size: 1, moe_ep_size: 1 } at <repo>/python/aisimulate/src/aiconfigurator_core/systems/data/rtx_pro_6000_server/sglang/0.5.10","python python/aisimulate/tools/support_matrix/generate_fpe_support_matrix.py --model ""nvidia/Qwen3.5-397B-A17B-NVFP4"" --system ""rtx_pro_6000_server"" --backend ""sglang"" --backend-version ""0.5.10"" --forward-model op_level --max-workers 8",,220,55,PERF_DATA_MISSING=220,,26dae1f99b2b50fb17118f38d8a8e95dfac3357c
nvidia/Qwen3.5-397B-A17B-NVFP4,Qwen3_5MoeForConditionalGeneration,rtx_pro_6000_server,sglang,0.5.10rc0,FAIL,Strict-native op-level FPE probes: PERF_DATA_MISSING=220; raw probes=220; topologies=55; source_sha=26dae1f99b2b50fb17118f38d8a8e95dfac3357c. Representative failure: perf database error: perf database error: no GEMM rows loaded from 1 source(s) (first: <repo>/python/aisimulate/src/aiconfigurator_core/systems/data/rtx_pro_6000_server/sglang/0.5.10rc0/gemm_perf.parquet),"python python/aisimulate/tools/support_matrix/generate_fpe_support_matrix.py --model ""nvidia/Qwen3.5-397B-A17B-NVFP4"" --system ""rtx_pro_6000_server"" --backend ""sglang"" --backend-version ""0.5.10rc0"" --forward-model op_level --max-workers 8",,220,55,PERF_DATA_MISSING=220,,26dae1f99b2b50fb17118f38d8a8e95dfac3357c
nvidia/Qwen3.5-397B-A17B-NVFP4,Qwen3_5MoeForConditionalGeneration,rtx_pro_6000_server,sglang,0.5.12,FAIL,"Strict-native op-level FPE probes: PERF_DATA_MISSING=220; raw probes=220; topologies=55; source_sha=26dae1f99b2b50fb17118f38d8a8e95dfac3357c. Representative failure: perf database error: MoE data missing for MoeKey { quant: ""nvfp4"", distribution: ""power_law_1.2"", topk: 10, num_experts: 512, hidden_size: 4096, inter_size: 1024, moe_tp_size: 1, moe_ep_size: 1 } at <repo>/python/aisimulate/src/aiconfigurator_core/systems/data/rtx_pro_6000_server/sglang/0.5.12","python python/aisimulate/tools/support_matrix/generate_fpe_support_matrix.py --model ""nvidia/Qwen3.5-397B-A17B-NVFP4"" --system ""rtx_pro_6000_server"" --backend ""sglang"" --backend-version ""0.5.12"" --forward-model op_level --max-workers 8",,220,55,PERF_DATA_MISSING=220,,26dae1f99b2b50fb17118f38d8a8e95dfac3357c
nvidia/Qwen3.5-397B-A17B-NVFP4,Qwen3_5MoeForConditionalGeneration,rtx_pro_6000_server,sglang,0.5.14,FAIL,"Strict-native op-level FPE probes: PERF_DATA_MISSING=220; raw probes=220; topologies=55; source_sha=26dae1f99b2b50fb17118f38d8a8e95dfac3357c. Representative failure: perf database error: MoE data missing for MoeKey { quant: ""nvfp4"", distribution: ""power_law_1.2"", topk: 10, num_experts: 512, hidden_size: 4096, inter_size: 1024, moe_tp_size: 1, moe_ep_size: 1 } at <repo>/python/aisimulate/src/aiconfigurator_core/systems/data/rtx_pro_6000_server/sglang/0.5.14","python python/aisimulate/tools/support_matrix/generate_fpe_support_matrix.py --model ""nvidia/Qwen3.5-397B-A17B-NVFP4"" --system ""rtx_pro_6000_server"" --backend ""sglang"" --backend-version ""0.5.14"" --forward-model op_level --max-workers 8",,220,55,PERF_DATA_MISSING=220,,26dae1f99b2b50fb17118f38d8a8e95dfac3357c
nvidia/Qwen3.5-397B-A17B-NVFP4,Qwen3_5MoeForConditionalGeneration,rtx_pro_6000_server,sglang,0.5.16,FAIL,"Strict-native op-level FPE probes: PERF_DATA_MISSING=220; raw probes=220; topologies=55; source_sha=26dae1f99b2b50fb17118f38d8a8e95dfac3357c. Representative failure: perf database error: MoE data missing for MoeKey { quant: ""nvfp4"", distribution: ""power_law_1.2"", topk: 10, num_experts: 512, hidden_size: 4096, inter_size: 1024, moe_tp_size: 1, moe_ep_size: 1 } at <repo>/python/aisimulate/src/aiconfigurator_core/systems/data/rtx_pro_6000_server/sglang/0.5.16","python python/aisimulate/tools/support_matrix/generate_fpe_support_matrix.py --model ""nvidia/Qwen3.5-397B-A17B-NVFP4"" --system ""rtx_pro_6000_server"" --backend ""sglang"" --backend-version ""0.5.16"" --forward-model op_level --max-workers 8",,220,55,PERF_DATA_MISSING=220,,26dae1f99b2b50fb17118f38d8a8e95dfac3357c
nvidia/Qwen3.5-397B-A17B-NVFP4,Qwen3_5MoeForConditionalGeneration,rtx_pro_6000_server,sglang,0.5.9,FAIL,Strict-native op-level FPE probes: PERF_DATA_MISSING=220; raw probes=220; topologies=55; source_sha=26dae1f99b2b50fb17118f38d8a8e95dfac3357c. Representative failure: perf database error: perf database error: no GEMM rows loaded from 1 source(s) (first: <repo>/python/aisimulate/src/aiconfigurator_core/systems/data/rtx_pro_6000_server/sglang/0.5.9/gemm_perf.parquet),"python python/aisimulate/tools/support_matrix/generate_fpe_support_matrix.py --model ""nvidia/Qwen3.5-397B-A17B-NVFP4"" --system ""rtx_pro_6000_server"" --backend ""sglang"" --backend-version ""0.5.9"" --forward-model op_level --max-workers 8",,220,55,PERF_DATA_MISSING=220,,26dae1f99b2b50fb17118f38d8a8e95dfac3357c
nvidia/Qwen3.5-397B-A17B-NVFP4,Qwen3_5MoeForConditionalGeneration,rtx_pro_6000_server,trtllm,1.3.0rc10,PASS,,"python python/aisimulate/tools/support_matrix/generate_fpe_support_matrix.py --model ""nvidia/Qwen3.5-397B-A17B-NVFP4"" --system ""rtx_pro_6000_server"" --backend ""trtllm"" --backend-version ""1.3.0rc10"" --forward-model op_level --max-workers 8",silicon,116,29,"PASS=68, PERF_DATA_MISSING=48","decode_end=10494.235112, decode_start=41.126881, mixed=131.477417, prefill=128.496673",26dae1f99b2b50fb17118f38d8a8e95dfac3357c
nvidia/Qwen3.5-397B-A17B-NVFP4,Qwen3_5MoeForConditionalGeneration,rtx_pro_6000_server,trtllm,1.3.0rc15,PASS,,"python python/aisimulate/tools/support_matrix/generate_fpe_support_matrix.py --model ""nvidia/Qwen3.5-397B-A17B-NVFP4"" --system ""rtx_pro_6000_server"" --backend ""trtllm"" --backend-version ""1.3.0rc15"" --forward-model op_level --max-workers 8",silicon,116,29,"PASS=68, PERF_DATA_MISSING=48","decode_end=10494.235112, decode_start=41.126881, mixed=131.477417, prefill=128.496673",26dae1f99b2b50fb17118f38d8a8e95dfac3357c
nvidia/Qwen3.5-397B-A17B-NVFP4,Qwen3_5MoeForConditionalGeneration,rtx_pro_6000_server,trtllm,1.3.0rc20,PASS,,"python python/aisimulate/tools/support_matrix/generate_fpe_support_matrix.py --model ""nvidia/Qwen3.5-397B-A17B-NVFP4"" --system ""rtx_pro_6000_server"" --backend ""trtllm"" --backend-version ""1.3.0rc20"" --forward-model op_level --max-workers 8",silicon,116,29,PASS=116,"decode_end=10201.865201, decode_start=39.980634, mixed=127.863730, prefill=125.959341",26dae1f99b2b50fb17118f38d8a8e95dfac3357c
nvidia/Qwen3.5-397B-A17B-NVFP4,Qwen3_5MoeForConditionalGeneration,rtx_pro_6000_server,trtllm,1.3.0rc23,PASS,,"python python/aisimulate/tools/support_matrix/generate_fpe_support_matrix.py --model ""nvidia/Qwen3.5-397B-A17B-NVFP4"" --system ""rtx_pro_6000_server"" --backend ""trtllm"" --backend-version ""1.3.0rc23"" --forward-model op_level --max-workers 8",silicon,116,29,PASS=116,"decode_end=10201.865201, decode_start=39.980634, mixed=127.863730, prefill=125.959341",26dae1f99b2b50fb17118f38d8a8e95dfac3357c
nvidia/Qwen3.5-397B-A17B-NVFP4,Qwen3_5MoeForConditionalGeneration,rtx_pro_6000_server,vllm,0.1.dev19262,FAIL,Strict-native op-level FPE probes: PERF_DATA_MISSING=116; raw probes=116; topologies=29; source_sha=26dae1f99b2b50fb17118f38d8a8e95dfac3357c. Representative failure: perf database error: perf database error: no GEMM rows loaded from 1 source(s) (first: <repo>/python/aisimulate/src/aiconfigurator_core/systems/data/rtx_pro_6000_server/vllm/0.1.dev19262/gemm_perf.parquet),"python python/aisimulate/tools/support_matrix/generate_fpe_support_matrix.py --model ""nvidia/Qwen3.5-397B-A17B-NVFP4"" --system ""rtx_pro_6000_server"" --backend ""vllm"" --backend-version ""0.1.dev19262"" --forward-model op_level --max-workers 8",,116,29,PERF_DATA_MISSING=116,,26dae1f99b2b50fb17118f38d8a8e95dfac3357c
nvidia/Qwen3.5-397B-A17B-NVFP4,Qwen3_5MoeForConditionalGeneration,rtx_pro_6000_server,vllm,0.14.0,FAIL,Strict-native op-level FPE probes: PERF_DATA_MISSING=116; raw probes=116; topologies=29; source_sha=26dae1f99b2b50fb17118f38d8a8e95dfac3357c. Representative failure: perf database error: perf database error: no GEMM rows loaded from 1 source(s) (first: <repo>/python/aisimulate/src/aiconfigurator_core/systems/data/rtx_pro_6000_server/vllm/0.14.0/gemm_perf.parquet),"python python/aisimulate/tools/support_matrix/generate_fpe_support_matrix.py --model ""nvidia/Qwen3.5-397B-A17B-NVFP4"" --system ""rtx_pro_6000_server"" --backend ""vllm"" --backend-version ""0.14.0"" --forward-model op_level --max-workers 8",,116,29,PERF_DATA_MISSING=116,,26dae1f99b2b50fb17118f38d8a8e95dfac3357c
nvidia/Qwen3.5-397B-A17B-NVFP4,Qwen3_5MoeForConditionalGeneration,rtx_pro_6000_server,vllm,0.19.0,FAIL,"Strict-native op-level FPE probes: PERF_DATA_MISSING=116; raw probes=116; topologies=29; source_sha=26dae1f99b2b50fb17118f38d8a8e95dfac3357c. Representative failure: perf database error: MoE data missing for MoeKey { quant: ""nvfp4"", distribution: ""uniform"", topk: 10, num_experts: 512, hidden_size: 4096, inter_size: 1024, moe_tp_size: 1, moe_ep_size: 1 } at <repo>/python/aisimulate/src/aiconfigurator_core/systems/data/rtx_pro_6000_server/vllm/0.19.0","python python/aisimulate/tools/support_matrix/generate_fpe_support_matrix.py --model ""nvidia/Qwen3.5-397B-A17B-NVFP4"" --system ""rtx_pro_6000_server"" --backend ""vllm"" --backend-version ""0.19.0"" --forward-model op_level --max-workers 8",,116,29,PERF_DATA_MISSING=116,,26dae1f99b2b50fb17118f38d8a8e95dfac3357c
nvidia/Qwen3.5-397B-A17B-NVFP4,Qwen3_5MoeForConditionalGeneration,rtx_pro_6000_server,vllm,0.22.0,PASS,,"python python/aisimulate/tools/support_matrix/generate_fpe_support_matrix.py --model ""nvidia/Qwen3.5-397B-A17B-NVFP4"" --system ""rtx_pro_6000_server"" --backend ""vllm"" --backend-version ""0.22.0"" --forward-model op_level --max-workers 8",silicon,116,29,"PASS=44, PERF_DATA_MISSING=72","decode_end=9283.282604, decode_start=36.402923, mixed=126.170610, prefill=123.082192",26dae1f99b2b50fb17118f38d8a8e95dfac3357c
nvidia/Qwen3.5-397B-A17B-NVFP4,Qwen3_5MoeForConditionalGeneration,rtx_pro_6000_server,vllm,0.24.0,PASS,,"python python/aisimulate/tools/support_matrix/generate_fpe_support_matrix.py --model ""nvidia/Qwen3.5-397B-A17B-NVFP4"" --system ""rtx_pro_6000_server"" --backend ""vllm"" --backend-version ""0.24.0"" --forward-model op_level --max-workers 8",silicon,116,29,PASS=116,"decode_end=9283.282604, decode_start=36.402923, mixed=126.280148, prefill=123.174208",26dae1f99b2b50fb17118f38d8a8e95dfac3357c
nvidia/Qwen3.6-27B-NVFP4,Qwen3_5ForConditionalGeneration,rtx_pro_6000_server,sglang,0.5.10,FAIL,"Strict-native op-level FPE probes: PERF_DATA_MISSING=16; raw probes=16; topologies=4; source_sha=26dae1f99b2b50fb17118f38d8a8e95dfac3357c. Representative failure: perf database error: custom_allreduce data missing for (""half"", 4) at <repo>/python/aisimulate/src/aiconfigurator_core/systems/data/rtx_pro_6000_server/sglang/0.5.10","python python/aisimulate/tools/support_matrix/generate_fpe_support_matrix.py --model ""nvidia/Qwen3.6-27B-NVFP4"" --system ""rtx_pro_6000_server"" --backend ""sglang"" --backend-version ""0.5.10"" --forward-model op_level --max-workers 8",,16,4,PERF_DATA_MISSING=16,,26dae1f99b2b50fb17118f38d8a8e95dfac3357c
nvidia/Qwen3.6-27B-NVFP4,Qwen3_5ForConditionalGeneration,rtx_pro_6000_server,sglang,0.5.10rc0,FAIL,Strict-native op-level FPE probes: PERF_DATA_MISSING=16; raw probes=16; topologies=4; source_sha=26dae1f99b2b50fb17118f38d8a8e95dfac3357c. Representative failure: perf database error: perf database error: no GEMM rows loaded from 1 source(s) (first: <repo>/python/aisimulate/src/aiconfigurator_core/systems/data/rtx_pro_6000_server/sglang/0.5.10rc0/gemm_perf.parquet),"python python/aisimulate/tools/support_matrix/generate_fpe_support_matrix.py --model ""nvidia/Qwen3.6-27B-NVFP4"" --system ""rtx_pro_6000_server"" --backend ""sglang"" --backend-version ""0.5.10rc0"" --forward-model op_level --max-workers 8",,16,4,PERF_DATA_MISSING=16,,26dae1f99b2b50fb17118f38d8a8e95dfac3357c
nvidia/Qwen3.6-27B-NVFP4,Qwen3_5ForConditionalGeneration,rtx_pro_6000_server,sglang,0.5.12,PASS,,"python python/aisimulate/tools/support_matrix/generate_fpe_support_matrix.py --model ""nvidia/Qwen3.6-27B-NVFP4"" --system ""rtx_pro_6000_server"" --backend ""sglang"" --backend-version ""0.5.12"" --forward-model op_level --max-workers 8",silicon,16,4,"PASS=8, PERF_DATA_MISSING=8","decode_end=7982.030299, decode_start=31.300442, mixed=34.388151, prefill=31.714535",26dae1f99b2b50fb17118f38d8a8e95dfac3357c
nvidia/Qwen3.6-27B-NVFP4,Qwen3_5ForConditionalGeneration,rtx_pro_6000_server,sglang,0.5.14,PASS,,"python python/aisimulate/tools/support_matrix/generate_fpe_support_matrix.py --model ""nvidia/Qwen3.6-27B-NVFP4"" --system ""rtx_pro_6000_server"" --backend ""sglang"" --backend-version ""0.5.14"" --forward-model op_level --max-workers 8",silicon,16,4,PASS=16,"decode_end=7982.030299, decode_start=31.300442, mixed=34.388151, prefill=31.714535",26dae1f99b2b50fb17118f38d8a8e95dfac3357c
nvidia/Qwen3.6-27B-NVFP4,Qwen3_5ForConditionalGeneration,rtx_pro_6000_server,sglang,0.5.16,PASS,,"python python/aisimulate/tools/support_matrix/generate_fpe_support_matrix.py --model ""nvidia/Qwen3.6-27B-NVFP4"" --system ""rtx_pro_6000_server"" --backend ""sglang"" --backend-version ""0.5.16"" --forward-model op_level --max-workers 8",silicon,16,4,PASS=16,"decode_end=7982.030299, decode_start=31.300442, mixed=34.388151, prefill=31.714535",26dae1f99b2b50fb17118f38d8a8e95dfac3357c
nvidia/Qwen3.6-27B-NVFP4,Qwen3_5ForConditionalGeneration,rtx_pro_6000_server,sglang,0.5.9,FAIL,Strict-native op-level FPE probes: PERF_DATA_MISSING=16; raw probes=16; topologies=4; source_sha=26dae1f99b2b50fb17118f38d8a8e95dfac3357c. Representative failure: perf database error: perf database error: no GEMM rows loaded from 1 source(s) (first: <repo>/python/aisimulate/src/aiconfigurator_core/systems/data/rtx_pro_6000_server/sglang/0.5.9/gemm_perf.parquet),"python python/aisimulate/tools/support_matrix/generate_fpe_support_matrix.py --model ""nvidia/Qwen3.6-27B-NVFP4"" --system ""rtx_pro_6000_server"" --backend ""sglang"" --backend-version ""0.5.9"" --forward-model op_level --max-workers 8",,16,4,PERF_DATA_MISSING=16,,26dae1f99b2b50fb17118f38d8a8e95dfac3357c
nvidia/Qwen3.6-27B-NVFP4,Qwen3_5ForConditionalGeneration,rtx_pro_6000_server,trtllm,1.3.0rc10,PASS,,"python python/aisimulate/tools/support_matrix/generate_fpe_support_matrix.py --model ""nvidia/Qwen3.6-27B-NVFP4"" --system ""rtx_pro_6000_server"" --backend ""trtllm"" --backend-version ""1.3.0rc10"" --forward-model op_level --max-workers 8",silicon,16,4,"PASS=8, PERF_DATA_MISSING=8","decode_end=5454.453454, decode_start=21.360667, mixed=28.859746, prefill=27.349627",26dae1f99b2b50fb17118f38d8a8e95dfac3357c
nvidia/Qwen3.6-27B-NVFP4,Qwen3_5ForConditionalGeneration,rtx_pro_6000_server,trtllm,1.3.0rc15,PASS,,"python python/aisimulate/tools/support_matrix/generate_fpe_support_matrix.py --model ""nvidia/Qwen3.6-27B-NVFP4"" --system ""rtx_pro_6000_server"" --backend ""trtllm"" --backend-version ""1.3.0rc15"" --forward-model op_level --max-workers 8",silicon,16,4,"PASS=8, PERF_DATA_MISSING=8","decode_end=5454.453454, decode_start=21.360667, mixed=28.859746, prefill=27.349627",26dae1f99b2b50fb17118f38d8a8e95dfac3357c
nvidia/Qwen3.6-27B-NVFP4,Qwen3_5ForConditionalGeneration,rtx_pro_6000_server,trtllm,1.3.0rc20,PASS,,"python python/aisimulate/tools/support_matrix/generate_fpe_support_matrix.py --model ""nvidia/Qwen3.6-27B-NVFP4"" --system ""rtx_pro_6000_server"" --backend ""trtllm"" --backend-version ""1.3.0rc20"" --forward-model op_level --max-workers 8",silicon,16,4,PASS=16,"decode_end=5296.433177, decode_start=20.743481, mixed=28.373313, prefill=26.703727",26dae1f99b2b50fb17118f38d8a8e95dfac3357c
nvidia/Qwen3.6-27B-NVFP4,Qwen3_5ForConditionalGeneration,rtx_pro_6000_server,trtllm,1.3.0rc23,PASS,,"python python/aisimulate/tools/support_matrix/generate_fpe_support_matrix.py --model ""nvidia/Qwen3.6-27B-NVFP4"" --system ""rtx_pro_6000_server"" --backend ""trtllm"" --backend-version ""1.3.0rc23"" --forward-model op_level --max-workers 8",silicon,16,4,PASS=16,"decode_end=5296.433177, decode_start=20.743481, mixed=28.373313, prefill=26.703727",26dae1f99b2b50fb17118f38d8a8e95dfac3357c
nvidia/Qwen3.6-27B-NVFP4,Qwen3_5ForConditionalGeneration,rtx_pro_6000_server,vllm,0.1.dev19262,FAIL,Strict-native op-level FPE probes: PERF_DATA_MISSING=16; raw probes=16; topologies=4; source_sha=26dae1f99b2b50fb17118f38d8a8e95dfac3357c. Representative failure: perf database error: perf database error: no GEMM rows loaded from 1 source(s) (first: <repo>/python/aisimulate/src/aiconfigurator_core/systems/data/rtx_pro_6000_server/vllm/0.1.dev19262/gemm_perf.parquet),"python python/aisimulate/tools/support_matrix/generate_fpe_support_matrix.py --model ""nvidia/Qwen3.6-27B-NVFP4"" --system ""rtx_pro_6000_server"" --backend ""vllm"" --backend-version ""0.1.dev19262"" --forward-model op_level --max-workers 8",,16,4,PERF_DATA_MISSING=16,,26dae1f99b2b50fb17118f38d8a8e95dfac3357c
nvidia/Qwen3.6-27B-NVFP4,Qwen3_5ForConditionalGeneration,rtx_pro_6000_server,vllm,0.14.0,FAIL,Strict-native op-level FPE probes: PERF_DATA_MISSING=16; raw probes=16; topologies=4; source_sha=26dae1f99b2b50fb17118f38d8a8e95dfac3357c. Representative failure: perf database error: perf database error: no GEMM rows loaded from 1 source(s) (first: <repo>/python/aisimulate/src/aiconfigurator_core/systems/data/rtx_pro_6000_server/vllm/0.14.0/gemm_perf.parquet),"python python/aisimulate/tools/support_matrix/generate_fpe_support_matrix.py --model ""nvidia/Qwen3.6-27B-NVFP4"" --system ""rtx_pro_6000_server"" --backend ""vllm"" --backend-version ""0.14.0"" --forward-model op_level --max-workers 8",,16,4,PERF_DATA_MISSING=16,,26dae1f99b2b50fb17118f38d8a8e95dfac3357c
nvidia/Qwen3.6-27B-NVFP4,Qwen3_5ForConditionalGeneration,rtx_pro_6000_server,vllm,0.19.0,FAIL,"Strict-native op-level FPE probes: PERF_DATA_MISSING=16; raw probes=16; topologies=4; source_sha=26dae1f99b2b50fb17118f38d8a8e95dfac3357c. Representative failure: perf database error: custom_allreduce data missing for (""half"", 4) at <repo>/python/aisimulate/src/aiconfigurator_core/systems/data/rtx_pro_6000_server/vllm/0.19.0","python python/aisimulate/tools/support_matrix/generate_fpe_support_matrix.py --model ""nvidia/Qwen3.6-27B-NVFP4"" --system ""rtx_pro_6000_server"" --backend ""vllm"" --backend-version ""0.19.0"" --forward-model op_level --max-workers 8",,16,4,PERF_DATA_MISSING=16,,26dae1f99b2b50fb17118f38d8a8e95dfac3357c
nvidia/Qwen3.6-27B-NVFP4,Qwen3_5ForConditionalGeneration,rtx_pro_6000_server,vllm,0.22.0,PASS,,"python python/aisimulate/tools/support_matrix/generate_fpe_support_matrix.py --model ""nvidia/Qwen3.6-27B-NVFP4"" --system ""rtx_pro_6000_server"" --backend ""vllm"" --backend-version ""0.22.0"" --forward-model op_level --max-workers 8",silicon,16,4,"PASS=8, PERF_DATA_MISSING=8","decode_end=5242.333426, decode_start=20.558072, mixed=29.942765, prefill=25.164351",26dae1f99b2b50fb17118f38d8a8e95dfac3357c
nvidia/Qwen3.6-27B-NVFP4,Qwen3_5ForConditionalGeneration,rtx_pro_6000_server,vllm,0.24.0,PASS,,"python python/aisimulate/tools/support_matrix/generate_fpe_support_matrix.py --model ""nvidia/Qwen3.6-27B-NVFP4"" --system ""rtx_pro_6000_server"" --backend ""vllm"" --backend-version ""0.24.0"" --forward-model op_level --max-workers 8",silicon,16,4,PASS=16,"decode_end=5242.333426, decode_start=20.558072, mixed=29.955570, prefill=25.168237",26dae1f99b2b50fb17118f38d8a8e95dfac3357c
nvidia/Qwen3.6-35B-A3B-NVFP4,Qwen3_5MoeForConditionalGeneration,rtx_pro_6000_server,sglang,0.5.10,FAIL,"Strict-native op-level FPE probes: PERF_DATA_MISSING=220; raw probes=220; topologies=55; source_sha=26dae1f99b2b50fb17118f38d8a8e95dfac3357c. Representative failure: perf database error: custom_allreduce data missing for (""half"", 4) at <repo>/python/aisimulate/src/aiconfigurator_core/systems/data/rtx_pro_6000_server/sglang/0.5.10","python python/aisimulate/tools/support_matrix/generate_fpe_support_matrix.py --model ""nvidia/Qwen3.6-35B-A3B-NVFP4"" --system ""rtx_pro_6000_server"" --backend ""sglang"" --backend-version ""0.5.10"" --forward-model op_level --max-workers 8",,220,55,PERF_DATA_MISSING=220,,26dae1f99b2b50fb17118f38d8a8e95dfac3357c
nvidia/Qwen3.6-35B-A3B-NVFP4,Qwen3_5MoeForConditionalGeneration,rtx_pro_6000_server,sglang,0.5.10rc0,FAIL,Strict-native op-level FPE probes: PERF_DATA_MISSING=220; raw probes=220; topologies=55; source_sha=26dae1f99b2b50fb17118f38d8a8e95dfac3357c. Representative failure: perf database error: perf database error: no GEMM rows loaded from 1 source(s) (first: <repo>/python/aisimulate/src/aiconfigurator_core/systems/data/rtx_pro_6000_server/sglang/0.5.10rc0/gemm_perf.parquet),"python python/aisimulate/tools/support_matrix/generate_fpe_support_matrix.py --model ""nvidia/Qwen3.6-35B-A3B-NVFP4"" --system ""rtx_pro_6000_server"" --backend ""sglang"" --backend-version ""0.5.10rc0"" --forward-model op_level --max-workers 8",,220,55,PERF_DATA_MISSING=220,,26dae1f99b2b50fb17118f38d8a8e95dfac3357c
nvidia/Qwen3.6-35B-A3B-NVFP4,Qwen3_5MoeForConditionalGeneration,rtx_pro_6000_server,sglang,0.5.12,FAIL,"Strict-native op-level FPE probes: PERF_DATA_MISSING=220; raw probes=220; topologies=55; source_sha=26dae1f99b2b50fb17118f38d8a8e95dfac3357c. Representative failure: perf database error: MoE data missing for MoeKey { quant: ""w4a16_nvfp4"", distribution: ""uniform"", topk: 8, num_experts: 256, hidden_size: 2048, inter_size: 512, moe_tp_size: 1, moe_ep_size: 1 } at <repo>/python/aisimulate/src/aiconfigurator_core/systems/data/rtx_pro_6000_server/sglang/0.5.12","python python/aisimulate/tools/support_matrix/generate_fpe_support_matrix.py --model ""nvidia/Qwen3.6-35B-A3B-NVFP4"" --system ""rtx_pro_6000_server"" --backend ""sglang"" --backend-version ""0.5.12"" --forward-model op_level --max-workers 8",,220,55,PERF_DATA_MISSING=220,,26dae1f99b2b50fb17118f38d8a8e95dfac3357c
nvidia/Qwen3.6-35B-A3B-NVFP4,Qwen3_5MoeForConditionalGeneration,rtx_pro_6000_server,sglang,0.5.14,FAIL,"Strict-native op-level FPE probes: PERF_DATA_MISSING=220; raw probes=220; topologies=55; source_sha=26dae1f99b2b50fb17118f38d8a8e95dfac3357c. Representative failure: perf database error: MoE data missing for MoeKey { quant: ""w4a16_nvfp4"", distribution: ""uniform"", topk: 8, num_experts: 256, hidden_size: 2048, inter_size: 512, moe_tp_size: 1, moe_ep_size: 1 } at <repo>/python/aisimulate/src/aiconfigurator_core/systems/data/rtx_pro_6000_server/sglang/0.5.14","python python/aisimulate/tools/support_matrix/generate_fpe_support_matrix.py --model ""nvidia/Qwen3.6-35B-A3B-NVFP4"" --system ""rtx_pro_6000_server"" --backend ""sglang"" --backend-version ""0.5.14"" --forward-model op_level --max-workers 8",,220,55,PERF_DATA_MISSING=220,,26dae1f99b2b50fb17118f38d8a8e95dfac3357c
nvidia/Qwen3.6-35B-A3B-NVFP4,Qwen3_5MoeForConditionalGeneration,rtx_pro_6000_server,sglang,0.5.16,FAIL,"Strict-native op-level FPE probes: PERF_DATA_MISSING=220; raw probes=220; topologies=55; source_sha=26dae1f99b2b50fb17118f38d8a8e95dfac3357c. Representative failure: perf database error: MoE data missing for MoeKey { quant: ""w4a16_nvfp4"", distribution: ""uniform"", topk: 8, num_experts: 256, hidden_size: 2048, inter_size: 512, moe_tp_size: 1, moe_ep_size: 1 } at <repo>/python/aisimulate/src/aiconfigurator_core/systems/data/rtx_pro_6000_server/sglang/0.5.16","python python/aisimulate/tools/support_matrix/generate_fpe_support_matrix.py --model ""nvidia/Qwen3.6-35B-A3B-NVFP4"" --system ""rtx_pro_6000_server"" --backend ""sglang"" --backend-version ""0.5.16"" --forward-model op_level --max-workers 8",,220,55,PERF_DATA_MISSING=220,,26dae1f99b2b50fb17118f38d8a8e95dfac3357c
nvidia/Qwen3.6-35B-A3B-NVFP4,Qwen3_5MoeForConditionalGeneration,rtx_pro_6000_server,sglang,0.5.9,FAIL,Strict-native op-level FPE probes: PERF_DATA_MISSING=220; raw probes=220; topologies=55; source_sha=26dae1f99b2b50fb17118f38d8a8e95dfac3357c. Representative failure: perf database error: perf database error: no GEMM rows loaded from 1 source(s) (first: <repo>/python/aisimulate/src/aiconfigurator_core/systems/data/rtx_pro_6000_server/sglang/0.5.9/gemm_perf.parquet),"python python/aisimulate/tools/support_matrix/generate_fpe_support_matrix.py --model ""nvidia/Qwen3.6-35B-A3B-NVFP4"" --system ""rtx_pro_6000_server"" --backend ""sglang"" --backend-version ""0.5.9"" --forward-model op_level --max-workers 8",,220,55,PERF_DATA_MISSING=220,,26dae1f99b2b50fb17118f38d8a8e95dfac3357c
nvidia/Qwen3.6-35B-A3B-NVFP4,Qwen3_5MoeForConditionalGeneration,rtx_pro_6000_server,trtllm,1.3.0rc10,FAIL,"Strict-native op-level FPE probes: PERF_DATA_MISSING=116; raw probes=116; topologies=29; source_sha=26dae1f99b2b50fb17118f38d8a8e95dfac3357c. Representative failure: perf database error: MoE data missing for MoeKey { quant: ""w4a16_nvfp4"", distribution: ""uniform"", topk: 8, num_experts: 256, hidden_size: 2048, inter_size: 512, moe_tp_size: 1, moe_ep_size: 1 } at <repo>/python/aisimulate/src/aiconfigurator_core/systems/data/rtx_pro_6000_server/trtllm/1.3.0rc10","python python/aisimulate/tools/support_matrix/generate_fpe_support_matrix.py --model ""nvidia/Qwen3.6-35B-A3B-NVFP4"" --system ""rtx_pro_6000_server"" --backend ""trtllm"" --backend-version ""1.3.0rc10"" --forward-model op_level --max-workers 8",,116,29,PERF_DATA_MISSING=116,,26dae1f99b2b50fb17118f38d8a8e95dfac3357c
nvidia/Qwen3.6-35B-A3B-NVFP4,Qwen3_5MoeForConditionalGeneration,rtx_pro_6000_server,trtllm,1.3.0rc15,FAIL,"Strict-native op-level FPE probes: PERF_DATA_MISSING=116; raw probes=116; topologies=29; source_sha=26dae1f99b2b50fb17118f38d8a8e95dfac3357c. Representative failure: perf database error: MoE data missing for MoeKey { quant: ""w4a16_nvfp4"", distribution: ""uniform"", topk: 8, num_experts: 256, hidden_size: 2048, inter_size: 512, moe_tp_size: 1, moe_ep_size: 1 } at <repo>/python/aisimulate/src/aiconfigurator_core/systems/data/rtx_pro_6000_server/trtllm/1.3.0rc15","python python/aisimulate/tools/support_matrix/generate_fpe_support_matrix.py --model ""nvidia/Qwen3.6-35B-A3B-NVFP4"" --system ""rtx_pro_6000_server"" --backend ""trtllm"" --backend-version ""1.3.0rc15"" --forward-model op_level --max-workers 8",,116,29,PERF_DATA_MISSING=116,,26dae1f99b2b50fb17118f38d8a8e95dfac3357c
nvidia/Qwen3.6-35B-A3B-NVFP4,Qwen3_5MoeForConditionalGeneration,rtx_pro_6000_server,trtllm,1.3.0rc20,FAIL,"Strict-native op-level FPE probes: PERF_DATA_MISSING=116; raw probes=116; topologies=29; source_sha=26dae1f99b2b50fb17118f38d8a8e95dfac3357c. Representative failure: perf database error: MoE data missing for MoeKey { quant: ""w4a16_nvfp4"", distribution: ""uniform"", topk: 8, num_experts: 256, hidden_size: 2048, inter_size: 512, moe_tp_size: 1, moe_ep_size: 1 } at <repo>/python/aisimulate/src/aiconfigurator_core/systems/data/rtx_pro_6000_server/trtllm/1.3.0rc20","python python/aisimulate/tools/support_matrix/generate_fpe_support_matrix.py --model ""nvidia/Qwen3.6-35B-A3B-NVFP4"" --system ""rtx_pro_6000_server"" --backend ""trtllm"" --backend-version ""1.3.0rc20"" --forward-model op_level --max-workers 8",,116,29,PERF_DATA_MISSING=116,,26dae1f99b2b50fb17118f38d8a8e95dfac3357c
nvidia/Qwen3.6-35B-A3B-NVFP4,Qwen3_5MoeForConditionalGeneration,rtx_pro_6000_server,trtllm,1.3.0rc23,FAIL,"Strict-native op-level FPE probes: PERF_DATA_MISSING=116; raw probes=116; topologies=29; source_sha=26dae1f99b2b50fb17118f38d8a8e95dfac3357c. Representative failure: perf database error: MoE data missing for MoeKey { quant: ""w4a16_nvfp4"", distribution: ""uniform"", topk: 8, num_experts: 256, hidden_size: 2048, inter_size: 512, moe_tp_size: 1, moe_ep_size: 1 } at <repo>/python/aisimulate/src/aiconfigurator_core/systems/data/rtx_pro_6000_server/trtllm/1.3.0rc23","python python/aisimulate/tools/support_matrix/generate_fpe_support_matrix.py --model ""nvidia/Qwen3.6-35B-A3B-NVFP4"" --system ""rtx_pro_6000_server"" --backend ""trtllm"" --backend-version ""1.3.0rc23"" --forward-model op_level --max-workers 8",,116,29,PERF_DATA_MISSING=116,,26dae1f99b2b50fb17118f38d8a8e95dfac3357c
nvidia/Qwen3.6-35B-A3B-NVFP4,Qwen3_5MoeForConditionalGeneration,rtx_pro_6000_server,vllm,0.1.dev19262,FAIL,Strict-native op-level FPE probes: PERF_DATA_MISSING=116; raw probes=116; topologies=29; source_sha=26dae1f99b2b50fb17118f38d8a8e95dfac3357c. Representative failure: perf database error: perf database error: no GEMM rows loaded from 1 source(s) (first: <repo>/python/aisimulate/src/aiconfigurator_core/systems/data/rtx_pro_6000_server/vllm/0.1.dev19262/gemm_perf.parquet),"python python/aisimulate/tools/support_matrix/generate_fpe_support_matrix.py --model ""nvidia/Qwen3.6-35B-A3B-NVFP4"" --system ""rtx_pro_6000_server"" --backend ""vllm"" --backend-version ""0.1.dev19262"" --forward-model op_level --max-workers 8",,116,29,PERF_DATA_MISSING=116,,26dae1f99b2b50fb17118f38d8a8e95dfac3357c
nvidia/Qwen3.6-35B-A3B-NVFP4,Qwen3_5MoeForConditionalGeneration,rtx_pro_6000_server,vllm,0.14.0,FAIL,Strict-native op-level FPE probes: PERF_DATA_MISSING=116; raw probes=116; topologies=29; source_sha=26dae1f99b2b50fb17118f38d8a8e95dfac3357c. Representative failure: perf database error: perf database error: no GEMM rows loaded from 1 source(s) (first: <repo>/python/aisimulate/src/aiconfigurator_core/systems/data/rtx_pro_6000_server/vllm/0.14.0/gemm_perf.parquet),"python python/aisimulate/tools/support_matrix/generate_fpe_support_matrix.py --model ""nvidia/Qwen3.6-35B-A3B-NVFP4"" --system ""rtx_pro_6000_server"" --backend ""vllm"" --backend-version ""0.14.0"" --forward-model op_level --max-workers 8",,116,29,PERF_DATA_MISSING=116,,26dae1f99b2b50fb17118f38d8a8e95dfac3357c
nvidia/Qwen3.6-35B-A3B-NVFP4,Qwen3_5MoeForConditionalGeneration,rtx_pro_6000_server,vllm,0.19.0,FAIL,"Strict-native op-level FPE probes: PERF_DATA_MISSING=116; raw probes=116; topologies=29; source_sha=26dae1f99b2b50fb17118f38d8a8e95dfac3357c. Representative failure: perf database error: custom_allreduce data missing for (""half"", 4) at <repo>/python/aisimulate/src/aiconfigurator_core/systems/data/rtx_pro_6000_server/vllm/0.19.0","python python/aisimulate/tools/support_matrix/generate_fpe_support_matrix.py --model ""nvidia/Qwen3.6-35B-A3B-NVFP4"" --system ""rtx_pro_6000_server"" --backend ""vllm"" --backend-version ""0.19.0"" --forward-model op_level --max-workers 8",,116,29,PERF_DATA_MISSING=116,,26dae1f99b2b50fb17118f38d8a8e95dfac3357c
nvidia/Qwen3.6-35B-A3B-NVFP4,Qwen3_5MoeForConditionalGeneration,rtx_pro_6000_server,vllm,0.22.0,FAIL,"Strict-native op-level FPE probes: PERF_DATA_MISSING=116; raw probes=116; topologies=29; source_sha=26dae1f99b2b50fb17118f38d8a8e95dfac3357c. Representative failure: perf database error: MoE data missing for MoeKey { quant: ""w4a16_nvfp4"", distribution: ""uniform"", topk: 8, num_experts: 256, hidden_size: 2048, inter_size: 512, moe_tp_size: 1, moe_ep_size: 1 } at <repo>/python/aisimulate/src/aiconfigurator_core/systems/data/rtx_pro_6000_server/vllm/0.22.0","python python/aisimulate/tools/support_matrix/generate_fpe_support_matrix.py --model ""nvidia/Qwen3.6-35B-A3B-NVFP4"" --system ""rtx_pro_6000_server"" --backend ""vllm"" --backend-version ""0.22.0"" --forward-model op_level --max-workers 8",,116,29,PERF_DATA_MISSING=116,,26dae1f99b2b50fb17118f38d8a8e95dfac3357c
nvidia/Qwen3.6-35B-A3B-NVFP4,Qwen3_5MoeForConditionalGeneration,rtx_pro_6000_server,vllm,0.24.0,FAIL,"Strict-native op-level FPE probes: PERF_DATA_MISSING=116; raw probes=116; topologies=29; source_sha=26dae1f99b2b50fb17118f38d8a8e95dfac3357c. Representative failure: perf database error: MoE data missing for MoeKey { quant: ""w4a16_nvfp4"", distribution: ""uniform"", topk: 8, num_experts: 256, hidden_size: 2048, inter_size: 512, moe_tp_size: 1, moe_ep_size: 1 } at <repo>/python/aisimulate/src/aiconfigurator_core/systems/data/rtx_pro_6000_server/vllm/0.24.0","python python/aisimulate/tools/support_matrix/generate_fpe_support_matrix.py --model ""nvidia/Qwen3.6-35B-A3B-NVFP4"" --system ""rtx_pro_6000_server"" --backend ""vllm"" --backend-version ""0.24.0"" --forward-model op_level --max-workers 8",,116,29,PERF_DATA_MISSING=116,,26dae1f99b2b50fb17118f38d8a8e95dfac3357c
openai/gpt-oss-120b,GptOssForCausalLM,rtx_pro_6000_server,sglang,0.5.10,FAIL,"Strict-native op-level FPE probes: PERF_DATA_MISSING=220, SDK_UNREPRESENTABLE=320; raw probes=540; topologies=135; source_sha=26dae1f99b2b50fb17118f38d8a8e95dfac3357c. Representative failure: perf database error: MoE data missing for MoeKey { quant: ""w4a16_mxfp4"", distribution: ""uniform"", topk: 4, num_experts: 128, hidden_size: 2880, inter_size: 2880, moe_tp_size: 1, moe_ep_size: 1 } at <repo>/python/aisimulate/src/aiconfigurator_core/systems/data/rtx_pro_6000_server/sglang/0.5.10","python python/aisimulate/tools/support_matrix/generate_fpe_support_matrix.py --model ""openai/gpt-oss-120b"" --system ""rtx_pro_6000_server"" --backend ""sglang"" --backend-version ""0.5.10"" --forward-model op_level --max-workers 8",,540,135,"PERF_DATA_MISSING=220, SDK_UNREPRESENTABLE=320",,26dae1f99b2b50fb17118f38d8a8e95dfac3357c
openai/gpt-oss-120b,GptOssForCausalLM,rtx_pro_6000_server,sglang,0.5.10rc0,FAIL,"Strict-native op-level FPE probes: PERF_DATA_MISSING=220, SDK_UNREPRESENTABLE=320; raw probes=540; topologies=135; source_sha=26dae1f99b2b50fb17118f38d8a8e95dfac3357c. Representative failure: perf database error: perf database error: no GEMM rows loaded from 1 source(s) (first: <repo>/python/aisimulate/src/aiconfigurator_core/systems/data/rtx_pro_6000_server/sglang/0.5.10rc0/gemm_perf.parquet)","python python/aisimulate/tools/support_matrix/generate_fpe_support_matrix.py --model ""openai/gpt-oss-120b"" --system ""rtx_pro_6000_server"" --backend ""sglang"" --backend-version ""0.5.10rc0"" --forward-model op_level --max-workers 8",,540,135,"PERF_DATA_MISSING=220, SDK_UNREPRESENTABLE=320",,26dae1f99b2b50fb17118f38d8a8e95dfac3357c
openai/gpt-oss-120b,GptOssForCausalLM,rtx_pro_6000_server,sglang,0.5.12,PASS,,"python python/aisimulate/tools/support_matrix/generate_fpe_support_matrix.py --model ""openai/gpt-oss-120b"" --system ""rtx_pro_6000_server"" --backend ""sglang"" --backend-version ""0.5.12"" --forward-model op_level --max-workers 8",silicon,540,135,"PASS=60, PERF_DATA_MISSING=160, SDK_UNREPRESENTABLE=320","decode_end=3755.855406, decode_start=14.721059, mixed=52.134882, prefill=49.587390",26dae1f99b2b50fb17118f38d8a8e95dfac3357c
openai/gpt-oss-120b,GptOssForCausalLM,rtx_pro_6000_server,sglang,0.5.14,PASS,,"python python/aisimulate/tools/support_matrix/generate_fpe_support_matrix.py --model ""openai/gpt-oss-120b"" --system ""rtx_pro_6000_server"" --backend ""sglang"" --backend-version ""0.5.14"" --forward-model op_level --max-workers 8",silicon,540,135,"PASS=104, PERF_DATA_MISSING=116, SDK_UNREPRESENTABLE=320","decode_end=3755.855406, decode_start=14.721059, mixed=52.134882, prefill=49.587390",26dae1f99b2b50fb17118f38d8a8e95dfac3357c
openai/gpt-oss-120b,GptOssForCausalLM,rtx_pro_6000_server,sglang,0.5.16,PASS,,"python python/aisimulate/tools/support_matrix/generate_fpe_support_matrix.py --model ""openai/gpt-oss-120b"" --system ""rtx_pro_6000_server"" --backend ""sglang"" --backend-version ""0.5.16"" --forward-model op_level --max-workers 8",silicon,540,135,"PASS=104, PERF_DATA_MISSING=116, SDK_UNREPRESENTABLE=320","decode_end=3755.855406, decode_start=14.721059, mixed=52.134882, prefill=49.587390",26dae1f99b2b50fb17118f38d8a8e95dfac3357c
openai/gpt-oss-120b,GptOssForCausalLM,rtx_pro_6000_server,sglang,0.5.9,FAIL,"Strict-native op-level FPE probes: PERF_DATA_MISSING=220, SDK_UNREPRESENTABLE=320; raw probes=540; topologies=135; source_sha=26dae1f99b2b50fb17118f38d8a8e95dfac3357c. Representative failure: perf database error: perf database error: no GEMM rows loaded from 1 source(s) (first: <repo>/python/aisimulate/src/aiconfigurator_core/systems/data/rtx_pro_6000_server/sglang/0.5.9/gemm_perf.parquet)","python python/aisimulate/tools/support_matrix/generate_fpe_support_matrix.py --model ""openai/gpt-oss-120b"" --system ""rtx_pro_6000_server"" --backend ""sglang"" --backend-version ""0.5.9"" --forward-model op_level --max-workers 8",,540,135,"PERF_DATA_MISSING=220, SDK_UNREPRESENTABLE=320",,26dae1f99b2b50fb17118f38d8a8e95dfac3357c
openai/gpt-oss-120b,GptOssForCausalLM,rtx_pro_6000_server,trtllm,1.3.0rc10,FAIL,"Strict-native op-level FPE probes: PERF_DATA_MISSING=116; raw probes=116; topologies=29; source_sha=26dae1f99b2b50fb17118f38d8a8e95dfac3357c. Representative failure: perf database error: MoE data missing for MoeKey { quant: ""w4a8_mxfp4_mxfp8"", distribution: ""uniform"", topk: 4, num_experts: 128, hidden_size: 2880, inter_size: 2880, moe_tp_size: 1, moe_ep_size: 1 } at <repo>/python/aisimulate/src/aiconfigurator_core/systems/data/rtx_pro_6000_server/trtllm/1.3.0rc10","python python/aisimulate/tools/support_matrix/generate_fpe_support_matrix.py --model ""openai/gpt-oss-120b"" --system ""rtx_pro_6000_server"" --backend ""trtllm"" --backend-version ""1.3.0rc10"" --forward-model op_level --max-workers 8",,116,29,PERF_DATA_MISSING=116,,26dae1f99b2b50fb17118f38d8a8e95dfac3357c
openai/gpt-oss-120b,GptOssForCausalLM,rtx_pro_6000_server,trtllm,1.3.0rc15,FAIL,"Strict-native op-level FPE probes: PERF_DATA_MISSING=116; raw probes=116; topologies=29; source_sha=26dae1f99b2b50fb17118f38d8a8e95dfac3357c. Representative failure: perf database error: MoE data missing for MoeKey { quant: ""w4a8_mxfp4_mxfp8"", distribution: ""uniform"", topk: 4, num_experts: 128, hidden_size: 2880, inter_size: 2880, moe_tp_size: 1, moe_ep_size: 1 } at <repo>/python/aisimulate/src/aiconfigurator_core/systems/data/rtx_pro_6000_server/trtllm/1.3.0rc15","python python/aisimulate/tools/support_matrix/generate_fpe_support_matrix.py --model ""openai/gpt-oss-120b"" --system ""rtx_pro_6000_server"" --backend ""trtllm"" --backend-version ""1.3.0rc15"" --forward-model op_level --max-workers 8",,116,29,PERF_DATA_MISSING=116,,26dae1f99b2b50fb17118f38d8a8e95dfac3357c
openai/gpt-oss-120b,GptOssForCausalLM,rtx_pro_6000_server,trtllm,1.3.0rc20,PASS,,"python python/aisimulate/tools/support_matrix/generate_fpe_support_matrix.py --model ""openai/gpt-oss-120b"" --system ""rtx_pro_6000_server"" --backend ""trtllm"" --backend-version ""1.3.0rc20"" --forward-model op_level --max-workers 8",silicon,116,29,"PASS=36, PERF_DATA_MISSING=80","decode_end=4335.368198, decode_start=16.967631, mixed=46.646657, prefill=45.818970",26dae1f99b2b50fb17118f38d8a8e95dfac3357c
openai/gpt-oss-120b,GptOssForCausalLM,rtx_pro_6000_server,trtllm,1.3.0rc23,PASS,,"python python/aisimulate/tools/support_matrix/generate_fpe_support_matrix.py --model ""openai/gpt-oss-120b"" --system ""rtx_pro_6000_server"" --backend ""trtllm"" --backend-version ""1.3.0rc23"" --forward-model op_level --max-workers 8",silicon,116,29,"PASS=36, PERF_DATA_MISSING=80","decode_end=4335.368198, decode_start=16.967631, mixed=46.646657, prefill=45.818970",26dae1f99b2b50fb17118f38d8a8e95dfac3357c
openai/gpt-oss-120b,GptOssForCausalLM,rtx_pro_6000_server,vllm,0.1.dev19262,FAIL,Strict-native op-level FPE probes: PERF_DATA_MISSING=116; raw probes=116; topologies=29; source_sha=26dae1f99b2b50fb17118f38d8a8e95dfac3357c. Representative failure: perf database error: perf database error: no GEMM rows loaded from 1 source(s) (first: <repo>/python/aisimulate/src/aiconfigurator_core/systems/data/rtx_pro_6000_server/vllm/0.1.dev19262/gemm_perf.parquet),"python python/aisimulate/tools/support_matrix/generate_fpe_support_matrix.py --model ""openai/gpt-oss-120b"" --system ""rtx_pro_6000_server"" --backend ""vllm"" --backend-version ""0.1.dev19262"" --forward-model op_level --max-workers 8",,116,29,PERF_DATA_MISSING=116,,26dae1f99b2b50fb17118f38d8a8e95dfac3357c
openai/gpt-oss-120b,GptOssForCausalLM,rtx_pro_6000_server,vllm,0.14.0,FAIL,Strict-native op-level FPE probes: PERF_DATA_MISSING=116; raw probes=116; topologies=29; source_sha=26dae1f99b2b50fb17118f38d8a8e95dfac3357c. Representative failure: perf database error: perf database error: no GEMM rows loaded from 1 source(s) (first: <repo>/python/aisimulate/src/aiconfigurator_core/systems/data/rtx_pro_6000_server/vllm/0.14.0/gemm_perf.parquet),"python python/aisimulate/tools/support_matrix/generate_fpe_support_matrix.py --model ""openai/gpt-oss-120b"" --system ""rtx_pro_6000_server"" --backend ""vllm"" --backend-version ""0.14.0"" --forward-model op_level --max-workers 8",,116,29,PERF_DATA_MISSING=116,,26dae1f99b2b50fb17118f38d8a8e95dfac3357c
openai/gpt-oss-120b,GptOssForCausalLM,rtx_pro_6000_server,vllm,0.19.0,FAIL,"Strict-native op-level FPE probes: PERF_DATA_MISSING=116; raw probes=116; topologies=29; source_sha=26dae1f99b2b50fb17118f38d8a8e95dfac3357c. Representative failure: perf database error: MoE data missing for MoeKey { quant: ""w4a16_mxfp4"", distribution: ""uniform"", topk: 4, num_experts: 128, hidden_size: 2880, inter_size: 2880, moe_tp_size: 1, moe_ep_size: 1 } at <repo>/python/aisimulate/src/aiconfigurator_core/systems/data/rtx_pro_6000_server/vllm/0.19.0","python python/aisimulate/tools/support_matrix/generate_fpe_support_matrix.py --model ""openai/gpt-oss-120b"" --system ""rtx_pro_6000_server"" --backend ""vllm"" --backend-version ""0.19.0"" --forward-model op_level --max-workers 8",,116,29,PERF_DATA_MISSING=116,,26dae1f99b2b50fb17118f38d8a8e95dfac3357c
openai/gpt-oss-120b,GptOssForCausalLM,rtx_pro_6000_server,vllm,0.22.0,PASS,,"python python/aisimulate/tools/support_matrix/generate_fpe_support_matrix.py --model ""openai/gpt-oss-120b"" --system ""rtx_pro_6000_server"" --backend ""vllm"" --backend-version ""0.22.0"" --forward-model op_level --max-workers 8",silicon,116,29,"PASS=44, PERF_DATA_MISSING=72","decode_end=3847.532480, decode_start=15.068164, mixed=42.458272, prefill=41.201289",26dae1f99b2b50fb17118f38d8a8e95dfac3357c
openai/gpt-oss-120b,GptOssForCausalLM,rtx_pro_6000_server,vllm,0.24.0,PASS,,"python python/aisimulate/tools/support_matrix/generate_fpe_support_matrix.py --model ""openai/gpt-oss-120b"" --system ""rtx_pro_6000_server"" --backend ""vllm"" --backend-version ""0.24.0"" --forward-model op_level --max-workers 8",silicon,116,29,PASS=116,"decode_end=3847.532480, decode_start=15.068164, mixed=42.458272, prefill=41.201289",26dae1f99b2b50fb17118f38d8a8e95dfac3357c
openai/gpt-oss-20b,GptOssForCausalLM,rtx_pro_6000_server,sglang,0.5.10,FAIL,"Strict-native op-level FPE probes: PERF_DATA_MISSING=220, SDK_UNREPRESENTABLE=320; raw probes=540; topologies=135; source_sha=26dae1f99b2b50fb17118f38d8a8e95dfac3357c. Representative failure: perf database error: MoE data missing for MoeKey { quant: ""w4a16_mxfp4"", distribution: ""uniform"", topk: 4, num_experts: 32, hidden_size: 2880, inter_size: 2880, moe_tp_size: 1, moe_ep_size: 1 } at <repo>/python/aisimulate/src/aiconfigurator_core/systems/data/rtx_pro_6000_server/sglang/0.5.10","python python/aisimulate/tools/support_matrix/generate_fpe_support_matrix.py --model ""openai/gpt-oss-20b"" --system ""rtx_pro_6000_server"" --backend ""sglang"" --backend-version ""0.5.10"" --forward-model op_level --max-workers 8",,540,135,"PERF_DATA_MISSING=220, SDK_UNREPRESENTABLE=320",,26dae1f99b2b50fb17118f38d8a8e95dfac3357c
openai/gpt-oss-20b,GptOssForCausalLM,rtx_pro_6000_server,sglang,0.5.10rc0,FAIL,"Strict-native op-level FPE probes: PERF_DATA_MISSING=220, SDK_UNREPRESENTABLE=320; raw probes=540; topologies=135; source_sha=26dae1f99b2b50fb17118f38d8a8e95dfac3357c. Representative failure: perf database error: perf database error: no GEMM rows loaded from 1 source(s) (first: <repo>/python/aisimulate/src/aiconfigurator_core/systems/data/rtx_pro_6000_server/sglang/0.5.10rc0/gemm_perf.parquet)","python python/aisimulate/tools/support_matrix/generate_fpe_support_matrix.py --model ""openai/gpt-oss-20b"" --system ""rtx_pro_6000_server"" --backend ""sglang"" --backend-version ""0.5.10rc0"" --forward-model op_level --max-workers 8",,540,135,"PERF_DATA_MISSING=220, SDK_UNREPRESENTABLE=320",,26dae1f99b2b50fb17118f38d8a8e95dfac3357c
openai/gpt-oss-20b,GptOssForCausalLM,rtx_pro_6000_server,sglang,0.5.12,PASS,,"python python/aisimulate/tools/support_matrix/generate_fpe_support_matrix.py --model ""openai/gpt-oss-20b"" --system ""rtx_pro_6000_server"" --backend ""sglang"" --backend-version ""0.5.12"" --forward-model op_level --max-workers 8",silicon,540,135,"PASS=52, PERF_DATA_MISSING=168, SDK_UNREPRESENTABLE=320","decode_end=1717.432576, decode_start=6.729839, mixed=12.650029, prefill=12.216182",26dae1f99b2b50fb17118f38d8a8e95dfac3357c
openai/gpt-oss-20b,GptOssForCausalLM,rtx_pro_6000_server,sglang,0.5.14,PASS,,"python python/aisimulate/tools/support_matrix/generate_fpe_support_matrix.py --model ""openai/gpt-oss-20b"" --system ""rtx_pro_6000_server"" --backend ""sglang"" --backend-version ""0.5.14"" --forward-model op_level --max-workers 8",silicon,540,135,"PASS=80, PERF_DATA_MISSING=140, SDK_UNREPRESENTABLE=320","decode_end=1717.432576, decode_start=6.729839, mixed=12.650029, prefill=12.216182",26dae1f99b2b50fb17118f38d8a8e95dfac3357c
openai/gpt-oss-20b,GptOssForCausalLM,rtx_pro_6000_server,sglang,0.5.16,PASS,,"python python/aisimulate/tools/support_matrix/generate_fpe_support_matrix.py --model ""openai/gpt-oss-20b"" --system ""rtx_pro_6000_server"" --backend ""sglang"" --backend-version ""0.5.16"" --forward-model op_level --max-workers 8",silicon,540,135,"PASS=80, PERF_DATA_MISSING=140, SDK_UNREPRESENTABLE=320","decode_end=1717.432576, decode_start=6.729839, mixed=12.650029, prefill=12.216182",26dae1f99b2b50fb17118f38d8a8e95dfac3357c
openai/gpt-oss-20b,GptOssForCausalLM,rtx_pro_6000_server,sglang,0.5.9,FAIL,"Strict-native op-level FPE probes: PERF_DATA_MISSING=220, SDK_UNREPRESENTABLE=320; raw probes=540; topologies=135; source_sha=26dae1f99b2b50fb17118f38d8a8e95dfac3357c. Representative failure: perf database error: perf database error: no GEMM rows loaded from 1 source(s) (first: <repo>/python/aisimulate/src/aiconfigurator_core/systems/data/rtx_pro_6000_server/sglang/0.5.9/gemm_perf.parquet)","python python/aisimulate/tools/support_matrix/generate_fpe_support_matrix.py --model ""openai/gpt-oss-20b"" --system ""rtx_pro_6000_server"" --backend ""sglang"" --backend-version ""0.5.9"" --forward-model op_level --max-workers 8",,540,135,"PERF_DATA_MISSING=220, SDK_UNREPRESENTABLE=320",,26dae1f99b2b50fb17118f38d8a8e95dfac3357c
openai/gpt-oss-20b,GptOssForCausalLM,rtx_pro_6000_server,trtllm,1.3.0rc10,FAIL,"Strict-native op-level FPE probes: PERF_DATA_MISSING=116; raw probes=116; topologies=29; source_sha=26dae1f99b2b50fb17118f38d8a8e95dfac3357c. Representative failure: perf database error: MoE data missing for MoeKey { quant: ""w4a8_mxfp4_mxfp8"", distribution: ""uniform"", topk: 4, num_experts: 32, hidden_size: 2880, inter_size: 2880, moe_tp_size: 1, moe_ep_size: 1 } at <repo>/python/aisimulate/src/aiconfigurator_core/systems/data/rtx_pro_6000_server/trtllm/1.3.0rc10","python python/aisimulate/tools/support_matrix/generate_fpe_support_matrix.py --model ""openai/gpt-oss-20b"" --system ""rtx_pro_6000_server"" --backend ""trtllm"" --backend-version ""1.3.0rc10"" --forward-model op_level --max-workers 8",,116,29,PERF_DATA_MISSING=116,,26dae1f99b2b50fb17118f38d8a8e95dfac3357c
openai/gpt-oss-20b,GptOssForCausalLM,rtx_pro_6000_server,trtllm,1.3.0rc15,FAIL,"Strict-native op-level FPE probes: PERF_DATA_MISSING=116; raw probes=116; topologies=29; source_sha=26dae1f99b2b50fb17118f38d8a8e95dfac3357c. Representative failure: perf database error: MoE data missing for MoeKey { quant: ""w4a8_mxfp4_mxfp8"", distribution: ""uniform"", topk: 4, num_experts: 32, hidden_size: 2880, inter_size: 2880, moe_tp_size: 1, moe_ep_size: 1 } at <repo>/python/aisimulate/src/aiconfigurator_core/systems/data/rtx_pro_6000_server/trtllm/1.3.0rc15","python python/aisimulate/tools/support_matrix/generate_fpe_support_matrix.py --model ""openai/gpt-oss-20b"" --system ""rtx_pro_6000_server"" --backend ""trtllm"" --backend-version ""1.3.0rc15"" --forward-model op_level --max-workers 8",,116,29,PERF_DATA_MISSING=116,,26dae1f99b2b50fb17118f38d8a8e95dfac3357c
openai/gpt-oss-20b,GptOssForCausalLM,rtx_pro_6000_server,trtllm,1.3.0rc20,PASS,,"python python/aisimulate/tools/support_matrix/generate_fpe_support_matrix.py --model ""openai/gpt-oss-20b"" --system ""rtx_pro_6000_server"" --backend ""trtllm"" --backend-version ""1.3.0rc20"" --forward-model op_level --max-workers 8",silicon,116,29,"PASS=36, PERF_DATA_MISSING=80","decode_end=1927.891793, decode_start=7.537818, mixed=12.171420, prefill=11.695762",26dae1f99b2b50fb17118f38d8a8e95dfac3357c
openai/gpt-oss-20b,GptOssForCausalLM,rtx_pro_6000_server,trtllm,1.3.0rc23,PASS,,"python python/aisimulate/tools/support_matrix/generate_fpe_support_matrix.py --model ""openai/gpt-oss-20b"" --system ""rtx_pro_6000_server"" --backend ""trtllm"" --backend-version ""1.3.0rc23"" --forward-model op_level --max-workers 8",silicon,116,29,"PASS=36, PERF_DATA_MISSING=80","decode_end=1927.891793, decode_start=7.537818, mixed=12.171420, prefill=11.695762",26dae1f99b2b50fb17118f38d8a8e95dfac3357c
openai/gpt-oss-20b,GptOssForCausalLM,rtx_pro_6000_server,vllm,0.1.dev19262,FAIL,Strict-native op-level FPE probes: PERF_DATA_MISSING=116; raw probes=116; topologies=29; source_sha=26dae1f99b2b50fb17118f38d8a8e95dfac3357c. Representative failure: perf database error: perf database error: no GEMM rows loaded from 1 source(s) (first: <repo>/python/aisimulate/src/aiconfigurator_core/systems/data/rtx_pro_6000_server/vllm/0.1.dev19262/gemm_perf.parquet),"python python/aisimulate/tools/support_matrix/generate_fpe_support_matrix.py --model ""openai/gpt-oss-20b"" --system ""rtx_pro_6000_server"" --backend ""vllm"" --backend-version ""0.1.dev19262"" --forward-model op_level --max-workers 8",,116,29,PERF_DATA_MISSING=116,,26dae1f99b2b50fb17118f38d8a8e95dfac3357c
openai/gpt-oss-20b,GptOssForCausalLM,rtx_pro_6000_server,vllm,0.14.0,FAIL,Strict-native op-level FPE probes: PERF_DATA_MISSING=116; raw probes=116; topologies=29; source_sha=26dae1f99b2b50fb17118f38d8a8e95dfac3357c. Representative failure: perf database error: perf database error: no GEMM rows loaded from 1 source(s) (first: <repo>/python/aisimulate/src/aiconfigurator_core/systems/data/rtx_pro_6000_server/vllm/0.14.0/gemm_perf.parquet),"python python/aisimulate/tools/support_matrix/generate_fpe_support_matrix.py --model ""openai/gpt-oss-20b"" --system ""rtx_pro_6000_server"" --backend ""vllm"" --backend-version ""0.14.0"" --forward-model op_level --max-workers 8",,116,29,PERF_DATA_MISSING=116,,26dae1f99b2b50fb17118f38d8a8e95dfac3357c
openai/gpt-oss-20b,GptOssForCausalLM,rtx_pro_6000_server,vllm,0.19.0,FAIL,"Strict-native op-level FPE probes: PERF_DATA_MISSING=116; raw probes=116; topologies=29; source_sha=26dae1f99b2b50fb17118f38d8a8e95dfac3357c. Representative failure: perf database error: MoE data missing for MoeKey { quant: ""w4a16_mxfp4"", distribution: ""uniform"", topk: 4, num_experts: 32, hidden_size: 2880, inter_size: 2880, moe_tp_size: 1, moe_ep_size: 1 } at <repo>/python/aisimulate/src/aiconfigurator_core/systems/data/rtx_pro_6000_server/vllm/0.19.0","python python/aisimulate/tools/support_matrix/generate_fpe_support_matrix.py --model ""openai/gpt-oss-20b"" --system ""rtx_pro_6000_server"" --backend ""vllm"" --backend-version ""0.19.0"" --forward-model op_level --max-workers 8",,116,29,PERF_DATA_MISSING=116,,26dae1f99b2b50fb17118f38d8a8e95dfac3357c
openai/gpt-oss-20b,GptOssForCausalLM,rtx_pro_6000_server,vllm,0.22.0,PASS,,"python python/aisimulate/tools/support_matrix/generate_fpe_support_matrix.py --model ""openai/gpt-oss-20b"" --system ""rtx_pro_6000_server"" --backend ""vllm"" --backend-version ""0.22.0"" --forward-model op_level --max-workers 8",silicon,116,29,"PASS=44, PERF_DATA_MISSING=72","decode_end=1745.161095, decode_start=6.830303, mixed=11.530304, prefill=10.962756",26dae1f99b2b50fb17118f38d8a8e95dfac3357c
openai/gpt-oss-20b,GptOssForCausalLM,rtx_pro_6000_server,vllm,0.24.0,PASS,,"python python/aisimulate/tools/support_matrix/generate_fpe_support_matrix.py --model ""openai/gpt-oss-20b"" --system ""rtx_pro_6000_server"" --backend ""vllm"" --backend-version ""0.24.0"" --forward-model op_level --max-workers 8",silicon,116,29,PASS=116,"decode_end=1745.161095, decode_start=6.830303, mixed=11.530304, prefill=10.962756",26dae1f99b2b50fb17118f38d8a8e95dfac3357c
sgl-project/DeepSeek-V4-Flash-FP8,DeepseekV4ForCausalLM,rtx_pro_6000_server,sglang,0.5.10,FAIL,"Strict-native op-level FPE probes: PERF_DATA_MISSING=340, SDK_UNREPRESENTABLE=460; raw probes=800; topologies=200; source_sha=26dae1f99b2b50fb17118f38d8a8e95dfac3357c. Representative failure: perf database error: GEMM perf data missing for quant 'fp8_block' at <repo>/python/aisimulate/src/aiconfigurator_core/systems/data/rtx_pro_6000_server/sglang/0.5.10; available: [""bfloat16"", ""fp8"", ""nvfp4""]","python python/aisimulate/tools/support_matrix/generate_fpe_support_matrix.py --model ""sgl-project/DeepSeek-V4-Flash-FP8"" --system ""rtx_pro_6000_server"" --backend ""sglang"" --backend-version ""0.5.10"" --forward-model op_level --max-workers 8",,800,200,"PERF_DATA_MISSING=340, SDK_UNREPRESENTABLE=460",,26dae1f99b2b50fb17118f38d8a8e95dfac3357c
sgl-project/DeepSeek-V4-Flash-FP8,DeepseekV4ForCausalLM,rtx_pro_6000_server,sglang,0.5.10rc0,FAIL,"Strict-native op-level FPE probes: PERF_DATA_MISSING=340, SDK_UNREPRESENTABLE=460; raw probes=800; topologies=200; source_sha=26dae1f99b2b50fb17118f38d8a8e95dfac3357c. Representative failure: perf database error: perf database error: no DSV4 module rows loaded from 1 source(s) (first: <repo>/python/aisimulate/src/aiconfigurator_core/systems/data/rtx_pro_6000_server/sglang/0.5.10rc0/dsv4_csa_context_module_perf.parquet)","python python/aisimulate/tools/support_matrix/generate_fpe_support_matrix.py --model ""sgl-project/DeepSeek-V4-Flash-FP8"" --system ""rtx_pro_6000_server"" --backend ""sglang"" --backend-version ""0.5.10rc0"" --forward-model op_level --max-workers 8",,800,200,"PERF_DATA_MISSING=340, SDK_UNREPRESENTABLE=460",,26dae1f99b2b50fb17118f38d8a8e95dfac3357c
sgl-project/DeepSeek-V4-Flash-FP8,DeepseekV4ForCausalLM,rtx_pro_6000_server,sglang,0.5.12,FAIL,"Strict-native op-level FPE probes: PERF_DATA_MISSING=340, SDK_UNREPRESENTABLE=460; raw probes=800; topologies=200; source_sha=26dae1f99b2b50fb17118f38d8a8e95dfac3357c. Representative failure: perf database error: GEMM perf data missing for quant 'fp8_block' at <repo>/python/aisimulate/src/aiconfigurator_core/systems/data/rtx_pro_6000_server/sglang/0.5.12; available: [""bfloat16"", ""fp8"", ""nvfp4""]","python python/aisimulate/tools/support_matrix/generate_fpe_support_matrix.py --model ""sgl-project/DeepSeek-V4-Flash-FP8"" --system ""rtx_pro_6000_server"" --backend ""sglang"" --backend-version ""0.5.12"" --forward-model op_level --max-workers 8",,800,200,"PERF_DATA_MISSING=340, SDK_UNREPRESENTABLE=460",,26dae1f99b2b50fb17118f38d8a8e95dfac3357c
sgl-project/DeepSeek-V4-Flash-FP8,DeepseekV4ForCausalLM,rtx_pro_6000_server,sglang,0.5.14,FAIL,"Strict-native op-level FPE probes: PERF_DATA_MISSING=340, SDK_UNREPRESENTABLE=460; raw probes=800; topologies=200; source_sha=26dae1f99b2b50fb17118f38d8a8e95dfac3357c. Representative failure: perf database error: GEMM perf data missing for quant 'fp8_block' at <repo>/python/aisimulate/src/aiconfigurator_core/systems/data/rtx_pro_6000_server/sglang/0.5.14; available: [""bfloat16"", ""fp8"", ""nvfp4""]","python python/aisimulate/tools/support_matrix/generate_fpe_support_matrix.py --model ""sgl-project/DeepSeek-V4-Flash-FP8"" --system ""rtx_pro_6000_server"" --backend ""sglang"" --backend-version ""0.5.14"" --forward-model op_level --max-workers 8",,800,200,"PERF_DATA_MISSING=340, SDK_UNREPRESENTABLE=460",,26dae1f99b2b50fb17118f38d8a8e95dfac3357c
sgl-project/DeepSeek-V4-Flash-FP8,DeepseekV4ForCausalLM,rtx_pro_6000_server,sglang,0.5.16,FAIL,"Strict-native op-level FPE probes: PERF_DATA_MISSING=340, SDK_UNREPRESENTABLE=460; raw probes=800; topologies=200; source_sha=26dae1f99b2b50fb17118f38d8a8e95dfac3357c. Representative failure: perf database error: GEMM perf data missing for quant 'fp8_block' at <repo>/python/aisimulate/src/aiconfigurator_core/systems/data/rtx_pro_6000_server/sglang/0.5.16; available: [""bfloat16"", ""fp8"", ""nvfp4""]","python python/aisimulate/tools/support_matrix/generate_fpe_support_matrix.py --model ""sgl-project/DeepSeek-V4-Flash-FP8"" --system ""rtx_pro_6000_server"" --backend ""sglang"" --backend-version ""0.5.16"" --forward-model op_level --max-workers 8",,800,200,"PERF_DATA_MISSING=340, SDK_UNREPRESENTABLE=460",,26dae1f99b2b50fb17118f38d8a8e95dfac3357c
sgl-project/DeepSeek-V4-Flash-FP8,DeepseekV4ForCausalLM,rtx_pro_6000_server,sglang,0.5.9,FAIL,"Strict-native op-level FPE probes: PERF_DATA_MISSING=340, SDK_UNREPRESENTABLE=460; raw probes=800; topologies=200; source_sha=26dae1f99b2b50fb17118f38d8a8e95dfac3357c. Representative failure: perf database error: perf database error: no MHC module rows loaded from 1 source(s) (first: <repo>/python/aisimulate/src/aiconfigurator_core/systems/data/rtx_pro_6000_server/sglang/0.5.9/mhc_module_perf.parquet)","python python/aisimulate/tools/support_matrix/generate_fpe_support_matrix.py --model ""sgl-project/DeepSeek-V4-Flash-FP8"" --system ""rtx_pro_6000_server"" --backend ""sglang"" --backend-version ""0.5.9"" --forward-model op_level --max-workers 8",,800,200,"PERF_DATA_MISSING=340, SDK_UNREPRESENTABLE=460",,26dae1f99b2b50fb17118f38d8a8e95dfac3357c
sgl-project/DeepSeek-V4-Flash-FP8,DeepseekV4ForCausalLM,rtx_pro_6000_server,trtllm,1.3.0rc10,FAIL,Strict-native op-level FPE probes: PERF_DATA_MISSING=192; raw probes=192; topologies=48; source_sha=26dae1f99b2b50fb17118f38d8a8e95dfac3357c. Representative failure: perf database error: perf database error: no MHC module rows loaded from 1 source(s) (first: <repo>/python/aisimulate/src/aiconfigurator_core/systems/data/rtx_pro_6000_server/trtllm/1.3.0rc10/mhc_module_perf.parquet),"python python/aisimulate/tools/support_matrix/generate_fpe_support_matrix.py --model ""sgl-project/DeepSeek-V4-Flash-FP8"" --system ""rtx_pro_6000_server"" --backend ""trtllm"" --backend-version ""1.3.0rc10"" --forward-model op_level --max-workers 8",,192,48,PERF_DATA_MISSING=192,,26dae1f99b2b50fb17118f38d8a8e95dfac3357c
sgl-project/DeepSeek-V4-Flash-FP8,DeepseekV4ForCausalLM,rtx_pro_6000_server,trtllm,1.3.0rc15,FAIL,Strict-native op-level FPE probes: PERF_DATA_MISSING=192; raw probes=192; topologies=48; source_sha=26dae1f99b2b50fb17118f38d8a8e95dfac3357c. Representative failure: perf database error: perf database error: no MHC module rows loaded from 1 source(s) (first: <repo>/python/aisimulate/src/aiconfigurator_core/systems/data/rtx_pro_6000_server/trtllm/1.3.0rc15/mhc_module_perf.parquet),"python python/aisimulate/tools/support_matrix/generate_fpe_support_matrix.py --model ""sgl-project/DeepSeek-V4-Flash-FP8"" --system ""rtx_pro_6000_server"" --backend ""trtllm"" --backend-version ""1.3.0rc15"" --forward-model op_level --max-workers 8",,192,48,PERF_DATA_MISSING=192,,26dae1f99b2b50fb17118f38d8a8e95dfac3357c
sgl-project/DeepSeek-V4-Flash-FP8,DeepseekV4ForCausalLM,rtx_pro_6000_server,trtllm,1.3.0rc20,FAIL,Strict-native op-level FPE probes: PERF_DATA_MISSING=192; raw probes=192; topologies=48; source_sha=26dae1f99b2b50fb17118f38d8a8e95dfac3357c. Representative failure: perf database error: perf database error: no DSV4 module rows loaded from 1 source(s) (first: <repo>/python/aisimulate/src/aiconfigurator_core/systems/data/rtx_pro_6000_server/trtllm/1.3.0rc20/dsv4_csa_context_module_perf.parquet),"python python/aisimulate/tools/support_matrix/generate_fpe_support_matrix.py --model ""sgl-project/DeepSeek-V4-Flash-FP8"" --system ""rtx_pro_6000_server"" --backend ""trtllm"" --backend-version ""1.3.0rc20"" --forward-model op_level --max-workers 8",,192,48,PERF_DATA_MISSING=192,,26dae1f99b2b50fb17118f38d8a8e95dfac3357c
sgl-project/DeepSeek-V4-Flash-FP8,DeepseekV4ForCausalLM,rtx_pro_6000_server,trtllm,1.3.0rc23,FAIL,Strict-native op-level FPE probes: PERF_DATA_MISSING=192; raw probes=192; topologies=48; source_sha=26dae1f99b2b50fb17118f38d8a8e95dfac3357c. Representative failure: perf database error: perf database error: no DSV4 module rows loaded from 1 source(s) (first: <repo>/python/aisimulate/src/aiconfigurator_core/systems/data/rtx_pro_6000_server/trtllm/1.3.0rc23/dsv4_csa_context_module_perf.parquet),"python python/aisimulate/tools/support_matrix/generate_fpe_support_matrix.py --model ""sgl-project/DeepSeek-V4-Flash-FP8"" --system ""rtx_pro_6000_server"" --backend ""trtllm"" --backend-version ""1.3.0rc23"" --forward-model op_level --max-workers 8",,192,48,PERF_DATA_MISSING=192,,26dae1f99b2b50fb17118f38d8a8e95dfac3357c
sgl-project/DeepSeek-V4-Flash-FP8,DeepseekV4ForCausalLM,rtx_pro_6000_server,vllm,0.1.dev19262,FAIL,Strict-native op-level FPE probes: PERF_DATA_MISSING=192; raw probes=192; topologies=48; source_sha=26dae1f99b2b50fb17118f38d8a8e95dfac3357c. Representative failure: perf database error: perf database error: no MHC module rows loaded from 1 source(s) (first: <repo>/python/aisimulate/src/aiconfigurator_core/systems/data/rtx_pro_6000_server/vllm/0.1.dev19262/mhc_module_perf.parquet),"python python/aisimulate/tools/support_matrix/generate_fpe_support_matrix.py --model ""sgl-project/DeepSeek-V4-Flash-FP8"" --system ""rtx_pro_6000_server"" --backend ""vllm"" --backend-version ""0.1.dev19262"" --forward-model op_level --max-workers 8",,192,48,PERF_DATA_MISSING=192,,26dae1f99b2b50fb17118f38d8a8e95dfac3357c
sgl-project/DeepSeek-V4-Flash-FP8,DeepseekV4ForCausalLM,rtx_pro_6000_server,vllm,0.14.0,FAIL,Strict-native op-level FPE probes: PERF_DATA_MISSING=192; raw probes=192; topologies=48; source_sha=26dae1f99b2b50fb17118f38d8a8e95dfac3357c. Representative failure: perf database error: perf database error: no MHC module rows loaded from 1 source(s) (first: <repo>/python/aisimulate/src/aiconfigurator_core/systems/data/rtx_pro_6000_server/vllm/0.14.0/mhc_module_perf.parquet),"python python/aisimulate/tools/support_matrix/generate_fpe_support_matrix.py --model ""sgl-project/DeepSeek-V4-Flash-FP8"" --system ""rtx_pro_6000_server"" --backend ""vllm"" --backend-version ""0.14.0"" --forward-model op_level --max-workers 8",,192,48,PERF_DATA_MISSING=192,,26dae1f99b2b50fb17118f38d8a8e95dfac3357c
sgl-project/DeepSeek-V4-Flash-FP8,DeepseekV4ForCausalLM,rtx_pro_6000_server,vllm,0.19.0,FAIL,Strict-native op-level FPE probes: PERF_DATA_MISSING=192; raw probes=192; topologies=48; source_sha=26dae1f99b2b50fb17118f38d8a8e95dfac3357c. Representative failure: perf database error: perf database error: no MHC module rows loaded from 1 source(s) (first: <repo>/python/aisimulate/src/aiconfigurator_core/systems/data/rtx_pro_6000_server/vllm/0.19.0/mhc_module_perf.parquet),"python python/aisimulate/tools/support_matrix/generate_fpe_support_matrix.py --model ""sgl-project/DeepSeek-V4-Flash-FP8"" --system ""rtx_pro_6000_server"" --backend ""vllm"" --backend-version ""0.19.0"" --forward-model op_level --max-workers 8",,192,48,PERF_DATA_MISSING=192,,26dae1f99b2b50fb17118f38d8a8e95dfac3357c
sgl-project/DeepSeek-V4-Flash-FP8,DeepseekV4ForCausalLM,rtx_pro_6000_server,vllm,0.22.0,FAIL,Strict-native op-level FPE probes: PERF_DATA_MISSING=192; raw probes=192; topologies=48; source_sha=26dae1f99b2b50fb17118f38d8a8e95dfac3357c. Representative failure: perf database error: perf database error: no MHC module rows loaded from 1 source(s) (first: <repo>/python/aisimulate/src/aiconfigurator_core/systems/data/rtx_pro_6000_server/vllm/0.22.0/mhc_module_perf.parquet),"python python/aisimulate/tools/support_matrix/generate_fpe_support_matrix.py --model ""sgl-project/DeepSeek-V4-Flash-FP8"" --system ""rtx_pro_6000_server"" --backend ""vllm"" --backend-version ""0.22.0"" --forward-model op_level --max-workers 8",,192,48,PERF_DATA_MISSING=192,,26dae1f99b2b50fb17118f38d8a8e95dfac3357c
sgl-project/DeepSeek-V4-Flash-FP8,DeepseekV4ForCausalLM,rtx_pro_6000_server,vllm,0.24.0,FAIL,Strict-native op-level FPE probes: PERF_DATA_MISSING=192; raw probes=192; topologies=48; source_sha=26dae1f99b2b50fb17118f38d8a8e95dfac3357c. Representative failure: perf database error: perf database error: no MHC module rows loaded from 1 source(s) (first: <repo>/python/aisimulate/src/aiconfigurator_core/systems/data/rtx_pro_6000_server/vllm/0.24.0/mhc_module_perf.parquet),"python python/aisimulate/tools/support_matrix/generate_fpe_support_matrix.py --model ""sgl-project/DeepSeek-V4-Flash-FP8"" --system ""rtx_pro_6000_server"" --backend ""vllm"" --backend-version ""0.24.0"" --forward-model op_level --max-workers 8",,192,48,PERF_DATA_MISSING=192,,26dae1f99b2b50fb17118f38d8a8e95dfac3357c
sgl-project/DeepSeek-V4-Pro-FP8,DeepseekV4ForCausalLM,rtx_pro_6000_server,sglang,0.5.10,FAIL,"Strict-native op-level FPE probes: PERF_DATA_MISSING=340, SDK_UNREPRESENTABLE=460; raw probes=800; topologies=200; source_sha=26dae1f99b2b50fb17118f38d8a8e95dfac3357c. Representative failure: perf database error: GEMM perf data missing for quant 'fp8_block' at <repo>/python/aisimulate/src/aiconfigurator_core/systems/data/rtx_pro_6000_server/sglang/0.5.10; available: [""bfloat16"", ""fp8"", ""nvfp4""]","python python/aisimulate/tools/support_matrix/generate_fpe_support_matrix.py --model ""sgl-project/DeepSeek-V4-Pro-FP8"" --system ""rtx_pro_6000_server"" --backend ""sglang"" --backend-version ""0.5.10"" --forward-model op_level --max-workers 8",,800,200,"PERF_DATA_MISSING=340, SDK_UNREPRESENTABLE=460",,26dae1f99b2b50fb17118f38d8a8e95dfac3357c
sgl-project/DeepSeek-V4-Pro-FP8,DeepseekV4ForCausalLM,rtx_pro_6000_server,sglang,0.5.10rc0,FAIL,"Strict-native op-level FPE probes: PERF_DATA_MISSING=340, SDK_UNREPRESENTABLE=460; raw probes=800; topologies=200; source_sha=26dae1f99b2b50fb17118f38d8a8e95dfac3357c. Representative failure: perf database error: perf database error: no DSV4 module rows loaded from 1 source(s) (first: <repo>/python/aisimulate/src/aiconfigurator_core/systems/data/rtx_pro_6000_server/sglang/0.5.10rc0/dsv4_hca_context_module_perf.parquet)","python python/aisimulate/tools/support_matrix/generate_fpe_support_matrix.py --model ""sgl-project/DeepSeek-V4-Pro-FP8"" --system ""rtx_pro_6000_server"" --backend ""sglang"" --backend-version ""0.5.10rc0"" --forward-model op_level --max-workers 8",,800,200,"PERF_DATA_MISSING=340, SDK_UNREPRESENTABLE=460",,26dae1f99b2b50fb17118f38d8a8e95dfac3357c
sgl-project/DeepSeek-V4-Pro-FP8,DeepseekV4ForCausalLM,rtx_pro_6000_server,sglang,0.5.12,FAIL,"Strict-native op-level FPE probes: PERF_DATA_MISSING=340, SDK_UNREPRESENTABLE=460; raw probes=800; topologies=200; source_sha=26dae1f99b2b50fb17118f38d8a8e95dfac3357c. Representative failure: perf database error: GEMM perf data missing for quant 'fp8_block' at <repo>/python/aisimulate/src/aiconfigurator_core/systems/data/rtx_pro_6000_server/sglang/0.5.12; available: [""bfloat16"", ""fp8"", ""nvfp4""]","python python/aisimulate/tools/support_matrix/generate_fpe_support_matrix.py --model ""sgl-project/DeepSeek-V4-Pro-FP8"" --system ""rtx_pro_6000_server"" --backend ""sglang"" --backend-version ""0.5.12"" --forward-model op_level --max-workers 8",,800,200,"PERF_DATA_MISSING=340, SDK_UNREPRESENTABLE=460",,26dae1f99b2b50fb17118f38d8a8e95dfac3357c
sgl-project/DeepSeek-V4-Pro-FP8,DeepseekV4ForCausalLM,rtx_pro_6000_server,sglang,0.5.14,FAIL,"Strict-native op-level FPE probes: PERF_DATA_MISSING=340, SDK_UNREPRESENTABLE=460; raw probes=800; topologies=200; source_sha=26dae1f99b2b50fb17118f38d8a8e95dfac3357c. Representative failure: perf database error: GEMM perf data missing for quant 'fp8_block' at <repo>/python/aisimulate/src/aiconfigurator_core/systems/data/rtx_pro_6000_server/sglang/0.5.14; available: [""bfloat16"", ""fp8"", ""nvfp4""]","python python/aisimulate/tools/support_matrix/generate_fpe_support_matrix.py --model ""sgl-project/DeepSeek-V4-Pro-FP8"" --system ""rtx_pro_6000_server"" --backend ""sglang"" --backend-version ""0.5.14"" --forward-model op_level --max-workers 8",,800,200,"PERF_DATA_MISSING=340, SDK_UNREPRESENTABLE=460",,26dae1f99b2b50fb17118f38d8a8e95dfac3357c
sgl-project/DeepSeek-V4-Pro-FP8,DeepseekV4ForCausalLM,rtx_pro_6000_server,sglang,0.5.16,FAIL,"Strict-native op-level FPE probes: PERF_DATA_MISSING=340, SDK_UNREPRESENTABLE=460; raw probes=800; topologies=200; source_sha=26dae1f99b2b50fb17118f38d8a8e95dfac3357c. Representative failure: perf database error: GEMM perf data missing for quant 'fp8_block' at <repo>/python/aisimulate/src/aiconfigurator_core/systems/data/rtx_pro_6000_server/sglang/0.5.16; available: [""bfloat16"", ""fp8"", ""nvfp4""]","python python/aisimulate/tools/support_matrix/generate_fpe_support_matrix.py --model ""sgl-project/DeepSeek-V4-Pro-FP8"" --system ""rtx_pro_6000_server"" --backend ""sglang"" --backend-version ""0.5.16"" --forward-model op_level --max-workers 8",,800,200,"PERF_DATA_MISSING=340, SDK_UNREPRESENTABLE=460",,26dae1f99b2b50fb17118f38d8a8e95dfac3357c
sgl-project/DeepSeek-V4-Pro-FP8,DeepseekV4ForCausalLM,rtx_pro_6000_server,sglang,0.5.9,FAIL,"Strict-native op-level FPE probes: PERF_DATA_MISSING=340, SDK_UNREPRESENTABLE=460; raw probes=800; topologies=200; source_sha=26dae1f99b2b50fb17118f38d8a8e95dfac3357c. Representative failure: perf database error: perf database error: no MHC module rows loaded from 1 source(s) (first: <repo>/python/aisimulate/src/aiconfigurator_core/systems/data/rtx_pro_6000_server/sglang/0.5.9/mhc_module_perf.parquet)","python python/aisimulate/tools/support_matrix/generate_fpe_support_matrix.py --model ""sgl-project/DeepSeek-V4-Pro-FP8"" --system ""rtx_pro_6000_server"" --backend ""sglang"" --backend-version ""0.5.9"" --forward-model op_level --max-workers 8",,800,200,"PERF_DATA_MISSING=340, SDK_UNREPRESENTABLE=460",,26dae1f99b2b50fb17118f38d8a8e95dfac3357c
sgl-project/DeepSeek-V4-Pro-FP8,DeepseekV4ForCausalLM,rtx_pro_6000_server,trtllm,1.3.0rc10,FAIL,Strict-native op-level FPE probes: PERF_DATA_MISSING=192; raw probes=192; topologies=48; source_sha=26dae1f99b2b50fb17118f38d8a8e95dfac3357c. Representative failure: perf database error: perf database error: no MHC module rows loaded from 1 source(s) (first: <repo>/python/aisimulate/src/aiconfigurator_core/systems/data/rtx_pro_6000_server/trtllm/1.3.0rc10/mhc_module_perf.parquet),"python python/aisimulate/tools/support_matrix/generate_fpe_support_matrix.py --model ""sgl-project/DeepSeek-V4-Pro-FP8"" --system ""rtx_pro_6000_server"" --backend ""trtllm"" --backend-version ""1.3.0rc10"" --forward-model op_level --max-workers 8",,192,48,PERF_DATA_MISSING=192,,26dae1f99b2b50fb17118f38d8a8e95dfac3357c
sgl-project/DeepSeek-V4-Pro-FP8,DeepseekV4ForCausalLM,rtx_pro_6000_server,trtllm,1.3.0rc15,FAIL,Strict-native op-level FPE probes: PERF_DATA_MISSING=192; raw probes=192; topologies=48; source_sha=26dae1f99b2b50fb17118f38d8a8e95dfac3357c. Representative failure: perf database error: perf database error: no MHC module rows loaded from 1 source(s) (first: <repo>/python/aisimulate/src/aiconfigurator_core/systems/data/rtx_pro_6000_server/trtllm/1.3.0rc15/mhc_module_perf.parquet),"python python/aisimulate/tools/support_matrix/generate_fpe_support_matrix.py --model ""sgl-project/DeepSeek-V4-Pro-FP8"" --system ""rtx_pro_6000_server"" --backend ""trtllm"" --backend-version ""1.3.0rc15"" --forward-model op_level --max-workers 8",,192,48,PERF_DATA_MISSING=192,,26dae1f99b2b50fb17118f38d8a8e95dfac3357c
sgl-project/DeepSeek-V4-Pro-FP8,DeepseekV4ForCausalLM,rtx_pro_6000_server,trtllm,1.3.0rc20,FAIL,"Strict-native op-level FPE probes: PERF_DATA_MISSING=192; raw probes=192; topologies=48; source_sha=26dae1f99b2b50fb17118f38d8a8e95dfac3357c. Representative failure: perf database error: MoE data missing for MoeKey { quant: ""fp8_block"", distribution: ""power_law_1.01"", topk: 6, num_experts: 384, hidden_size: 7168, inter_size: 3072, moe_tp_size: 1, moe_ep_size: 1 } at <repo>/python/aisimulate/src/aiconfigurator_core/systems/data/rtx_pro_6000_server/trtllm/1.3.0rc20","python python/aisimulate/tools/support_matrix/generate_fpe_support_matrix.py --model ""sgl-project/DeepSeek-V4-Pro-FP8"" --system ""rtx_pro_6000_server"" --backend ""trtllm"" --backend-version ""1.3.0rc20"" --forward-model op_level --max-workers 8",,192,48,PERF_DATA_MISSING=192,,26dae1f99b2b50fb17118f38d8a8e95dfac3357c
sgl-project/DeepSeek-V4-Pro-FP8,DeepseekV4ForCausalLM,rtx_pro_6000_server,trtllm,1.3.0rc23,FAIL,"Strict-native op-level FPE probes: PERF_DATA_MISSING=192; raw probes=192; topologies=48; source_sha=26dae1f99b2b50fb17118f38d8a8e95dfac3357c. Representative failure: perf database error: MoE data missing for MoeKey { quant: ""fp8_block"", distribution: ""power_law_1.01"", topk: 6, num_experts: 384, hidden_size: 7168, inter_size: 3072, moe_tp_size: 1, moe_ep_size: 1 } at <repo>/python/aisimulate/src/aiconfigurator_core/systems/data/rtx_pro_6000_server/trtllm/1.3.0rc23","python python/aisimulate/tools/support_matrix/generate_fpe_support_matrix.py --model ""sgl-project/DeepSeek-V4-Pro-FP8"" --system ""rtx_pro_6000_server"" --backend ""trtllm"" --backend-version ""1.3.0rc23"" --forward-model op_level --max-workers 8",,192,48,PERF_DATA_MISSING=192,,26dae1f99b2b50fb17118f38d8a8e95dfac3357c
sgl-project/DeepSeek-V4-Pro-FP8,DeepseekV4ForCausalLM,rtx_pro_6000_server,vllm,0.1.dev19262,FAIL,Strict-native op-level FPE probes: PERF_DATA_MISSING=192; raw probes=192; topologies=48; source_sha=26dae1f99b2b50fb17118f38d8a8e95dfac3357c. Representative failure: perf database error: perf database error: no MHC module rows loaded from 1 source(s) (first: <repo>/python/aisimulate/src/aiconfigurator_core/systems/data/rtx_pro_6000_server/vllm/0.1.dev19262/mhc_module_perf.parquet),"python python/aisimulate/tools/support_matrix/generate_fpe_support_matrix.py --model ""sgl-project/DeepSeek-V4-Pro-FP8"" --system ""rtx_pro_6000_server"" --backend ""vllm"" --backend-version ""0.1.dev19262"" --forward-model op_level --max-workers 8",,192,48,PERF_DATA_MISSING=192,,26dae1f99b2b50fb17118f38d8a8e95dfac3357c
sgl-project/DeepSeek-V4-Pro-FP8,DeepseekV4ForCausalLM,rtx_pro_6000_server,vllm,0.14.0,FAIL,Strict-native op-level FPE probes: PERF_DATA_MISSING=192; raw probes=192; topologies=48; source_sha=26dae1f99b2b50fb17118f38d8a8e95dfac3357c. Representative failure: perf database error: perf database error: no MHC module rows loaded from 1 source(s) (first: <repo>/python/aisimulate/src/aiconfigurator_core/systems/data/rtx_pro_6000_server/vllm/0.14.0/mhc_module_perf.parquet),"python python/aisimulate/tools/support_matrix/generate_fpe_support_matrix.py --model ""sgl-project/DeepSeek-V4-Pro-FP8"" --system ""rtx_pro_6000_server"" --backend ""vllm"" --backend-version ""0.14.0"" --forward-model op_level --max-workers 8",,192,48,PERF_DATA_MISSING=192,,26dae1f99b2b50fb17118f38d8a8e95dfac3357c
sgl-project/DeepSeek-V4-Pro-FP8,DeepseekV4ForCausalLM,rtx_pro_6000_server,vllm,0.19.0,FAIL,Strict-native op-level FPE probes: PERF_DATA_MISSING=192; raw probes=192; topologies=48; source_sha=26dae1f99b2b50fb17118f38d8a8e95dfac3357c. Representative failure: perf database error: perf database error: no MHC module rows loaded from 1 source(s) (first: <repo>/python/aisimulate/src/aiconfigurator_core/systems/data/rtx_pro_6000_server/vllm/0.19.0/mhc_module_perf.parquet),"python python/aisimulate/tools/support_matrix/generate_fpe_support_matrix.py --model ""sgl-project/DeepSeek-V4-Pro-FP8"" --system ""rtx_pro_6000_server"" --backend ""vllm"" --backend-version ""0.19.0"" --forward-model op_level --max-workers 8",,192,48,PERF_DATA_MISSING=192,,26dae1f99b2b50fb17118f38d8a8e95dfac3357c
sgl-project/DeepSeek-V4-Pro-FP8,DeepseekV4ForCausalLM,rtx_pro_6000_server,vllm,0.22.0,FAIL,Strict-native op-level FPE probes: PERF_DATA_MISSING=192; raw probes=192; topologies=48; source_sha=26dae1f99b2b50fb17118f38d8a8e95dfac3357c. Representative failure: perf database error: perf database error: no MHC module rows loaded from 1 source(s) (first: <repo>/python/aisimulate/src/aiconfigurator_core/systems/data/rtx_pro_6000_server/vllm/0.22.0/mhc_module_perf.parquet),"python python/aisimulate/tools/support_matrix/generate_fpe_support_matrix.py --model ""sgl-project/DeepSeek-V4-Pro-FP8"" --system ""rtx_pro_6000_server"" --backend ""vllm"" --backend-version ""0.22.0"" --forward-model op_level --max-workers 8",,192,48,PERF_DATA_MISSING=192,,26dae1f99b2b50fb17118f38d8a8e95dfac3357c
sgl-project/DeepSeek-V4-Pro-FP8,DeepseekV4ForCausalLM,rtx_pro_6000_server,vllm,0.24.0,FAIL,Strict-native op-level FPE probes: PERF_DATA_MISSING=192; raw probes=192; topologies=48; source_sha=26dae1f99b2b50fb17118f38d8a8e95dfac3357c. Representative failure: perf database error: perf database error: no MHC module rows loaded from 1 source(s) (first: <repo>/python/aisimulate/src/aiconfigurator_core/systems/data/rtx_pro_6000_server/vllm/0.24.0/mhc_module_perf.parquet),"python python/aisimulate/tools/support_matrix/generate_fpe_support_matrix.py --model ""sgl-project/DeepSeek-V4-Pro-FP8"" --system ""rtx_pro_6000_server"" --backend ""vllm"" --backend-version ""0.24.0"" --forward-model op_level --max-workers 8",,192,48,PERF_DATA_MISSING=192,,26dae1f99b2b50fb17118f38d8a8e95dfac3357c
stepfun-ai/Step-3.7-Flash,Step3p7FlashForCausalLM,rtx_pro_6000_server,sglang,0.5.10,FAIL,"Strict-native op-level FPE probes: PERF_DATA_MISSING=220, SDK_UNREPRESENTABLE=320; raw probes=540; topologies=135; source_sha=26dae1f99b2b50fb17118f38d8a8e95dfac3357c. Representative failure: perf database error: MoE data missing for MoeKey { quant: ""bfloat16"", distribution: ""power_law_1.01"", topk: 8, num_experts: 288, hidden_size: 4096, inter_size: 1280, moe_tp_size: 1, moe_ep_size: 1 } at <repo>/python/aisimulate/src/aiconfigurator_core/systems/data/rtx_pro_6000_server/sglang/0.5.10","python python/aisimulate/tools/support_matrix/generate_fpe_support_matrix.py --model ""stepfun-ai/Step-3.7-Flash"" --system ""rtx_pro_6000_server"" --backend ""sglang"" --backend-version ""0.5.10"" --forward-model op_level --max-workers 8",,540,135,"PERF_DATA_MISSING=220, SDK_UNREPRESENTABLE=320",,26dae1f99b2b50fb17118f38d8a8e95dfac3357c
stepfun-ai/Step-3.7-Flash,Step3p7FlashForCausalLM,rtx_pro_6000_server,sglang,0.5.10rc0,FAIL,"Strict-native op-level FPE probes: PERF_DATA_MISSING=220, SDK_UNREPRESENTABLE=320; raw probes=540; topologies=135; source_sha=26dae1f99b2b50fb17118f38d8a8e95dfac3357c. Representative failure: perf database error: perf database error: no GEMM rows loaded from 1 source(s) (first: <repo>/python/aisimulate/src/aiconfigurator_core/systems/data/rtx_pro_6000_server/sglang/0.5.10rc0/gemm_perf.parquet)","python python/aisimulate/tools/support_matrix/generate_fpe_support_matrix.py --model ""stepfun-ai/Step-3.7-Flash"" --system ""rtx_pro_6000_server"" --backend ""sglang"" --backend-version ""0.5.10rc0"" --forward-model op_level --max-workers 8",,540,135,"PERF_DATA_MISSING=220, SDK_UNREPRESENTABLE=320",,26dae1f99b2b50fb17118f38d8a8e95dfac3357c
stepfun-ai/Step-3.7-Flash,Step3p7FlashForCausalLM,rtx_pro_6000_server,sglang,0.5.12,FAIL,"Strict-native op-level FPE probes: PERF_DATA_MISSING=220, SDK_UNREPRESENTABLE=320; raw probes=540; topologies=135; source_sha=26dae1f99b2b50fb17118f38d8a8e95dfac3357c. Representative failure: perf database error: MoE data missing for MoeKey { quant: ""bfloat16"", distribution: ""power_law_1.01"", topk: 8, num_experts: 288, hidden_size: 4096, inter_size: 1280, moe_tp_size: 1, moe_ep_size: 1 } at <repo>/python/aisimulate/src/aiconfigurator_core/systems/data/rtx_pro_6000_server/sglang/0.5.12","python python/aisimulate/tools/support_matrix/generate_fpe_support_matrix.py --model ""stepfun-ai/Step-3.7-Flash"" --system ""rtx_pro_6000_server"" --backend ""sglang"" --backend-version ""0.5.12"" --forward-model op_level --max-workers 8",,540,135,"PERF_DATA_MISSING=220, SDK_UNREPRESENTABLE=320",,26dae1f99b2b50fb17118f38d8a8e95dfac3357c
stepfun-ai/Step-3.7-Flash,Step3p7FlashForCausalLM,rtx_pro_6000_server,sglang,0.5.14,FAIL,"Strict-native op-level FPE probes: PERF_DATA_MISSING=220, SDK_UNREPRESENTABLE=320; raw probes=540; topologies=135; source_sha=26dae1f99b2b50fb17118f38d8a8e95dfac3357c. Representative failure: perf database error: MoE data missing for MoeKey { quant: ""bfloat16"", distribution: ""power_law_1.01"", topk: 8, num_experts: 288, hidden_size: 4096, inter_size: 1280, moe_tp_size: 1, moe_ep_size: 1 } at <repo>/python/aisimulate/src/aiconfigurator_core/systems/data/rtx_pro_6000_server/sglang/0.5.14","python python/aisimulate/tools/support_matrix/generate_fpe_support_matrix.py --model ""stepfun-ai/Step-3.7-Flash"" --system ""rtx_pro_6000_server"" --backend ""sglang"" --backend-version ""0.5.14"" --forward-model op_level --max-workers 8",,540,135,"PERF_DATA_MISSING=220, SDK_UNREPRESENTABLE=320",,26dae1f99b2b50fb17118f38d8a8e95dfac3357c
stepfun-ai/Step-3.7-Flash,Step3p7FlashForCausalLM,rtx_pro_6000_server,sglang,0.5.16,FAIL,"Strict-native op-level FPE probes: PERF_DATA_MISSING=220, SDK_UNREPRESENTABLE=320; raw probes=540; topologies=135; source_sha=26dae1f99b2b50fb17118f38d8a8e95dfac3357c. Representative failure: perf database error: MoE data missing for MoeKey { quant: ""bfloat16"", distribution: ""power_law_1.01"", topk: 8, num_experts: 288, hidden_size: 4096, inter_size: 1280, moe_tp_size: 1, moe_ep_size: 1 } at <repo>/python/aisimulate/src/aiconfigurator_core/systems/data/rtx_pro_6000_server/sglang/0.5.16","python python/aisimulate/tools/support_matrix/generate_fpe_support_matrix.py --model ""stepfun-ai/Step-3.7-Flash"" --system ""rtx_pro_6000_server"" --backend ""sglang"" --backend-version ""0.5.16"" --forward-model op_level --max-workers 8",,540,135,"PERF_DATA_MISSING=220, SDK_UNREPRESENTABLE=320",,26dae1f99b2b50fb17118f38d8a8e95dfac3357c
stepfun-ai/Step-3.7-Flash,Step3p7FlashForCausalLM,rtx_pro_6000_server,sglang,0.5.9,FAIL,"Strict-native op-level FPE probes: PERF_DATA_MISSING=220, SDK_UNREPRESENTABLE=320; raw probes=540; topologies=135; source_sha=26dae1f99b2b50fb17118f38d8a8e95dfac3357c. Representative failure: perf database error: perf database error: no GEMM rows loaded from 1 source(s) (first: <repo>/python/aisimulate/src/aiconfigurator_core/systems/data/rtx_pro_6000_server/sglang/0.5.9/gemm_perf.parquet)","python python/aisimulate/tools/support_matrix/generate_fpe_support_matrix.py --model ""stepfun-ai/Step-3.7-Flash"" --system ""rtx_pro_6000_server"" --backend ""sglang"" --backend-version ""0.5.9"" --forward-model op_level --max-workers 8",,540,135,"PERF_DATA_MISSING=220, SDK_UNREPRESENTABLE=320",,26dae1f99b2b50fb17118f38d8a8e95dfac3357c
stepfun-ai/Step-3.7-Flash,Step3p7FlashForCausalLM,rtx_pro_6000_server,trtllm,1.3.0rc10,FAIL,"Strict-native op-level FPE probes: PERF_DATA_MISSING=116; raw probes=116; topologies=29; source_sha=26dae1f99b2b50fb17118f38d8a8e95dfac3357c. Representative failure: perf database error: MoE data missing for MoeKey { quant: ""bfloat16"", distribution: ""power_law_1.01"", topk: 8, num_experts: 288, hidden_size: 4096, inter_size: 1280, moe_tp_size: 1, moe_ep_size: 1 } at <repo>/python/aisimulate/src/aiconfigurator_core/systems/data/rtx_pro_6000_server/trtllm/1.3.0rc10","python python/aisimulate/tools/support_matrix/generate_fpe_support_matrix.py --model ""stepfun-ai/Step-3.7-Flash"" --system ""rtx_pro_6000_server"" --backend ""trtllm"" --backend-version ""1.3.0rc10"" --forward-model op_level --max-workers 8",,116,29,PERF_DATA_MISSING=116,,26dae1f99b2b50fb17118f38d8a8e95dfac3357c
stepfun-ai/Step-3.7-Flash,Step3p7FlashForCausalLM,rtx_pro_6000_server,trtllm,1.3.0rc15,FAIL,"Strict-native op-level FPE probes: PERF_DATA_MISSING=116; raw probes=116; topologies=29; source_sha=26dae1f99b2b50fb17118f38d8a8e95dfac3357c. Representative failure: perf database error: MoE data missing for MoeKey { quant: ""bfloat16"", distribution: ""power_law_1.01"", topk: 8, num_experts: 288, hidden_size: 4096, inter_size: 1280, moe_tp_size: 1, moe_ep_size: 1 } at <repo>/python/aisimulate/src/aiconfigurator_core/systems/data/rtx_pro_6000_server/trtllm/1.3.0rc15","python python/aisimulate/tools/support_matrix/generate_fpe_support_matrix.py --model ""stepfun-ai/Step-3.7-Flash"" --system ""rtx_pro_6000_server"" --backend ""trtllm"" --backend-version ""1.3.0rc15"" --forward-model op_level --max-workers 8",,116,29,PERF_DATA_MISSING=116,,26dae1f99b2b50fb17118f38d8a8e95dfac3357c
stepfun-ai/Step-3.7-Flash,Step3p7FlashForCausalLM,rtx_pro_6000_server,trtllm,1.3.0rc20,FAIL,"Strict-native op-level FPE probes: PERF_DATA_MISSING=116; raw probes=116; topologies=29; source_sha=26dae1f99b2b50fb17118f38d8a8e95dfac3357c. Representative failure: perf database error: MoE data missing for MoeKey { quant: ""bfloat16"", distribution: ""power_law_1.01"", topk: 8, num_experts: 288, hidden_size: 4096, inter_size: 1280, moe_tp_size: 1, moe_ep_size: 1 } at <repo>/python/aisimulate/src/aiconfigurator_core/systems/data/rtx_pro_6000_server/trtllm/1.3.0rc20","python python/aisimulate/tools/support_matrix/generate_fpe_support_matrix.py --model ""stepfun-ai/Step-3.7-Flash"" --system ""rtx_pro_6000_server"" --backend ""trtllm"" --backend-version ""1.3.0rc20"" --forward-model op_level --max-workers 8",,116,29,PERF_DATA_MISSING=116,,26dae1f99b2b50fb17118f38d8a8e95dfac3357c
stepfun-ai/Step-3.7-Flash,Step3p7FlashForCausalLM,rtx_pro_6000_server,trtllm,1.3.0rc23,FAIL,"Strict-native op-level FPE probes: PERF_DATA_MISSING=116; raw probes=116; topologies=29; source_sha=26dae1f99b2b50fb17118f38d8a8e95dfac3357c. Representative failure: perf database error: MoE data missing for MoeKey { quant: ""bfloat16"", distribution: ""power_law_1.01"", topk: 8, num_experts: 288, hidden_size: 4096, inter_size: 1280, moe_tp_size: 1, moe_ep_size: 1 } at <repo>/python/aisimulate/src/aiconfigurator_core/systems/data/rtx_pro_6000_server/trtllm/1.3.0rc23","python python/aisimulate/tools/support_matrix/generate_fpe_support_matrix.py --model ""stepfun-ai/Step-3.7-Flash"" --system ""rtx_pro_6000_server"" --backend ""trtllm"" --backend-version ""1.3.0rc23"" --forward-model op_level --max-workers 8",,116,29,PERF_DATA_MISSING=116,,26dae1f99b2b50fb17118f38d8a8e95dfac3357c
stepfun-ai/Step-3.7-Flash,Step3p7FlashForCausalLM,rtx_pro_6000_server,vllm,0.1.dev19262,FAIL,Strict-native op-level FPE probes: PERF_DATA_MISSING=116; raw probes=116; topologies=29; source_sha=26dae1f99b2b50fb17118f38d8a8e95dfac3357c. Representative failure: perf database error: perf database error: no GEMM rows loaded from 1 source(s) (first: <repo>/python/aisimulate/src/aiconfigurator_core/systems/data/rtx_pro_6000_server/vllm/0.1.dev19262/gemm_perf.parquet),"python python/aisimulate/tools/support_matrix/generate_fpe_support_matrix.py --model ""stepfun-ai/Step-3.7-Flash"" --system ""rtx_pro_6000_server"" --backend ""vllm"" --backend-version ""0.1.dev19262"" --forward-model op_level --max-workers 8",,116,29,PERF_DATA_MISSING=116,,26dae1f99b2b50fb17118f38d8a8e95dfac3357c
stepfun-ai/Step-3.7-Flash,Step3p7FlashForCausalLM,rtx_pro_6000_server,vllm,0.14.0,FAIL,Strict-native op-level FPE probes: PERF_DATA_MISSING=116; raw probes=116; topologies=29; source_sha=26dae1f99b2b50fb17118f38d8a8e95dfac3357c. Representative failure: perf database error: perf database error: no GEMM rows loaded from 1 source(s) (first: <repo>/python/aisimulate/src/aiconfigurator_core/systems/data/rtx_pro_6000_server/vllm/0.14.0/gemm_perf.parquet),"python python/aisimulate/tools/support_matrix/generate_fpe_support_matrix.py --model ""stepfun-ai/Step-3.7-Flash"" --system ""rtx_pro_6000_server"" --backend ""vllm"" --backend-version ""0.14.0"" --forward-model op_level --max-workers 8",,116,29,PERF_DATA_MISSING=116,,26dae1f99b2b50fb17118f38d8a8e95dfac3357c
stepfun-ai/Step-3.7-Flash,Step3p7FlashForCausalLM,rtx_pro_6000_server,vllm,0.19.0,FAIL,"Strict-native op-level FPE probes: PERF_DATA_MISSING=116; raw probes=116; topologies=29; source_sha=26dae1f99b2b50fb17118f38d8a8e95dfac3357c. Representative failure: perf database error: MoE data missing for MoeKey { quant: ""bfloat16"", distribution: ""power_law_1.01"", topk: 8, num_experts: 288, hidden_size: 4096, inter_size: 1280, moe_tp_size: 1, moe_ep_size: 1 } at <repo>/python/aisimulate/src/aiconfigurator_core/systems/data/rtx_pro_6000_server/vllm/0.19.0","python python/aisimulate/tools/support_matrix/generate_fpe_support_matrix.py --model ""stepfun-ai/Step-3.7-Flash"" --system ""rtx_pro_6000_server"" --backend ""vllm"" --backend-version ""0.19.0"" --forward-model op_level --max-workers 8",,116,29,PERF_DATA_MISSING=116,,26dae1f99b2b50fb17118f38d8a8e95dfac3357c
stepfun-ai/Step-3.7-Flash,Step3p7FlashForCausalLM,rtx_pro_6000_server,vllm,0.22.0,FAIL,"Strict-native op-level FPE probes: PERF_DATA_MISSING=116; raw probes=116; topologies=29; source_sha=26dae1f99b2b50fb17118f38d8a8e95dfac3357c. Representative failure: perf database error: MoE data missing for MoeKey { quant: ""bfloat16"", distribution: ""power_law_1.01"", topk: 8, num_experts: 288, hidden_size: 4096, inter_size: 1280, moe_tp_size: 1, moe_ep_size: 1 } at <repo>/python/aisimulate/src/aiconfigurator_core/systems/data/rtx_pro_6000_server/vllm/0.22.0","python python/aisimulate/tools/support_matrix/generate_fpe_support_matrix.py --model ""stepfun-ai/Step-3.7-Flash"" --system ""rtx_pro_6000_server"" --backend ""vllm"" --backend-version ""0.22.0"" --forward-model op_level --max-workers 8",,116,29,PERF_DATA_MISSING=116,,26dae1f99b2b50fb17118f38d8a8e95dfac3357c
stepfun-ai/Step-3.7-Flash,Step3p7FlashForCausalLM,rtx_pro_6000_server,vllm,0.24.0,FAIL,"Strict-native op-level FPE probes: PERF_DATA_MISSING=116; raw probes=116; topologies=29; source_sha=26dae1f99b2b50fb17118f38d8a8e95dfac3357c. Representative failure: perf database error: MoE data missing for MoeKey { quant: ""bfloat16"", distribution: ""power_law_1.01"", topk: 8, num_experts: 288, hidden_size: 4096, inter_size: 1280, moe_tp_size: 1, moe_ep_size: 1 } at <repo>/python/aisimulate/src/aiconfigurator_core/systems/data/rtx_pro_6000_server/vllm/0.24.0","python python/aisimulate/tools/support_matrix/generate_fpe_support_matrix.py --model ""stepfun-ai/Step-3.7-Flash"" --system ""rtx_pro_6000_server"" --backend ""vllm"" --backend-version ""0.24.0"" --forward-model op_level --max-workers 8",,116,29,PERF_DATA_MISSING=116,,26dae1f99b2b50fb17118f38d8a8e95dfac3357c
stepfun-ai/Step-3.7-Flash-FP8,Step3p7FlashForCausalLM,rtx_pro_6000_server,sglang,0.5.10,FAIL,"Strict-native op-level FPE probes: BUILD_FAILED=104, PERF_DATA_MISSING=116, SDK_UNREPRESENTABLE=320; raw probes=540; topologies=135; source_sha=26dae1f99b2b50fb17118f38d8a8e95dfac3357c. Representative failure: Invalid quantized MoE configuration: (moe_intermediate_size=1280 / moe_tp_size=16) % weight_block_size=128 != 0.","python python/aisimulate/tools/support_matrix/generate_fpe_support_matrix.py --model ""stepfun-ai/Step-3.7-Flash-FP8"" --system ""rtx_pro_6000_server"" --backend ""sglang"" --backend-version ""0.5.10"" --forward-model op_level --max-workers 8",,540,135,"BUILD_FAILED=104, PERF_DATA_MISSING=116, SDK_UNREPRESENTABLE=320",,26dae1f99b2b50fb17118f38d8a8e95dfac3357c
stepfun-ai/Step-3.7-Flash-FP8,Step3p7FlashForCausalLM,rtx_pro_6000_server,sglang,0.5.10rc0,FAIL,"Strict-native op-level FPE probes: BUILD_FAILED=104, PERF_DATA_MISSING=116, SDK_UNREPRESENTABLE=320; raw probes=540; topologies=135; source_sha=26dae1f99b2b50fb17118f38d8a8e95dfac3357c. Representative failure: Invalid quantized MoE configuration: (moe_intermediate_size=1280 / moe_tp_size=16) % weight_block_size=128 != 0.","python python/aisimulate/tools/support_matrix/generate_fpe_support_matrix.py --model ""stepfun-ai/Step-3.7-Flash-FP8"" --system ""rtx_pro_6000_server"" --backend ""sglang"" --backend-version ""0.5.10rc0"" --forward-model op_level --max-workers 8",,540,135,"BUILD_FAILED=104, PERF_DATA_MISSING=116, SDK_UNREPRESENTABLE=320",,26dae1f99b2b50fb17118f38d8a8e95dfac3357c
stepfun-ai/Step-3.7-Flash-FP8,Step3p7FlashForCausalLM,rtx_pro_6000_server,sglang,0.5.12,FAIL,"Strict-native op-level FPE probes: BUILD_FAILED=104, PERF_DATA_MISSING=116, SDK_UNREPRESENTABLE=320; raw probes=540; topologies=135; source_sha=26dae1f99b2b50fb17118f38d8a8e95dfac3357c. Representative failure: Invalid quantized MoE configuration: (moe_intermediate_size=1280 / moe_tp_size=16) % weight_block_size=128 != 0.","python python/aisimulate/tools/support_matrix/generate_fpe_support_matrix.py --model ""stepfun-ai/Step-3.7-Flash-FP8"" --system ""rtx_pro_6000_server"" --backend ""sglang"" --backend-version ""0.5.12"" --forward-model op_level --max-workers 8",,540,135,"BUILD_FAILED=104, PERF_DATA_MISSING=116, SDK_UNREPRESENTABLE=320",,26dae1f99b2b50fb17118f38d8a8e95dfac3357c
stepfun-ai/Step-3.7-Flash-FP8,Step3p7FlashForCausalLM,rtx_pro_6000_server,sglang,0.5.14,FAIL,"Strict-native op-level FPE probes: BUILD_FAILED=104, PERF_DATA_MISSING=116, SDK_UNREPRESENTABLE=320; raw probes=540; topologies=135; source_sha=26dae1f99b2b50fb17118f38d8a8e95dfac3357c. Representative failure: Invalid quantized MoE configuration: (moe_intermediate_size=1280 / moe_tp_size=16) % weight_block_size=128 != 0.","python python/aisimulate/tools/support_matrix/generate_fpe_support_matrix.py --model ""stepfun-ai/Step-3.7-Flash-FP8"" --system ""rtx_pro_6000_server"" --backend ""sglang"" --backend-version ""0.5.14"" --forward-model op_level --max-workers 8",,540,135,"BUILD_FAILED=104, PERF_DATA_MISSING=116, SDK_UNREPRESENTABLE=320",,26dae1f99b2b50fb17118f38d8a8e95dfac3357c
stepfun-ai/Step-3.7-Flash-FP8,Step3p7FlashForCausalLM,rtx_pro_6000_server,sglang,0.5.16,FAIL,"Strict-native op-level FPE probes: BUILD_FAILED=104, PERF_DATA_MISSING=116, SDK_UNREPRESENTABLE=320; raw probes=540; topologies=135; source_sha=26dae1f99b2b50fb17118f38d8a8e95dfac3357c. Representative failure: Invalid quantized MoE configuration: (moe_intermediate_size=1280 / moe_tp_size=16) % weight_block_size=128 != 0.","python python/aisimulate/tools/support_matrix/generate_fpe_support_matrix.py --model ""stepfun-ai/Step-3.7-Flash-FP8"" --system ""rtx_pro_6000_server"" --backend ""sglang"" --backend-version ""0.5.16"" --forward-model op_level --max-workers 8",,540,135,"BUILD_FAILED=104, PERF_DATA_MISSING=116, SDK_UNREPRESENTABLE=320",,26dae1f99b2b50fb17118f38d8a8e95dfac3357c
stepfun-ai/Step-3.7-Flash-FP8,Step3p7FlashForCausalLM,rtx_pro_6000_server,sglang,0.5.9,FAIL,"Strict-native op-level FPE probes: BUILD_FAILED=104, PERF_DATA_MISSING=116, SDK_UNREPRESENTABLE=320; raw probes=540; topologies=135; source_sha=26dae1f99b2b50fb17118f38d8a8e95dfac3357c. Representative failure: Invalid quantized MoE configuration: (moe_intermediate_size=1280 / moe_tp_size=16) % weight_block_size=128 != 0.","python python/aisimulate/tools/support_matrix/generate_fpe_support_matrix.py --model ""stepfun-ai/Step-3.7-Flash-FP8"" --system ""rtx_pro_6000_server"" --backend ""sglang"" --backend-version ""0.5.9"" --forward-model op_level --max-workers 8",,540,135,"BUILD_FAILED=104, PERF_DATA_MISSING=116, SDK_UNREPRESENTABLE=320",,26dae1f99b2b50fb17118f38d8a8e95dfac3357c
stepfun-ai/Step-3.7-Flash-FP8,Step3p7FlashForCausalLM,rtx_pro_6000_server,trtllm,1.3.0rc10,FAIL,"Strict-native op-level FPE probes: BUILD_FAILED=48, PERF_DATA_MISSING=68; raw probes=116; topologies=29; source_sha=26dae1f99b2b50fb17118f38d8a8e95dfac3357c. Representative failure: Invalid quantized MoE configuration: (moe_intermediate_size=1280 / moe_tp_size=16) % weight_block_size=128 != 0.","python python/aisimulate/tools/support_matrix/generate_fpe_support_matrix.py --model ""stepfun-ai/Step-3.7-Flash-FP8"" --system ""rtx_pro_6000_server"" --backend ""trtllm"" --backend-version ""1.3.0rc10"" --forward-model op_level --max-workers 8",,116,29,"BUILD_FAILED=48, PERF_DATA_MISSING=68",,26dae1f99b2b50fb17118f38d8a8e95dfac3357c
stepfun-ai/Step-3.7-Flash-FP8,Step3p7FlashForCausalLM,rtx_pro_6000_server,trtllm,1.3.0rc15,FAIL,"Strict-native op-level FPE probes: BUILD_FAILED=48, PERF_DATA_MISSING=68; raw probes=116; topologies=29; source_sha=26dae1f99b2b50fb17118f38d8a8e95dfac3357c. Representative failure: Invalid quantized MoE configuration: (moe_intermediate_size=1280 / moe_tp_size=16) % weight_block_size=128 != 0.","python python/aisimulate/tools/support_matrix/generate_fpe_support_matrix.py --model ""stepfun-ai/Step-3.7-Flash-FP8"" --system ""rtx_pro_6000_server"" --backend ""trtllm"" --backend-version ""1.3.0rc15"" --forward-model op_level --max-workers 8",,116,29,"BUILD_FAILED=48, PERF_DATA_MISSING=68",,26dae1f99b2b50fb17118f38d8a8e95dfac3357c
stepfun-ai/Step-3.7-Flash-FP8,Step3p7FlashForCausalLM,rtx_pro_6000_server,trtllm,1.3.0rc20,FAIL,"Strict-native op-level FPE probes: BUILD_FAILED=48, PERF_DATA_MISSING=68; raw probes=116; topologies=29; source_sha=26dae1f99b2b50fb17118f38d8a8e95dfac3357c. Representative failure: Invalid quantized MoE configuration: (moe_intermediate_size=1280 / moe_tp_size=16) % weight_block_size=128 != 0.","python python/aisimulate/tools/support_matrix/generate_fpe_support_matrix.py --model ""stepfun-ai/Step-3.7-Flash-FP8"" --system ""rtx_pro_6000_server"" --backend ""trtllm"" --backend-version ""1.3.0rc20"" --forward-model op_level --max-workers 8",,116,29,"BUILD_FAILED=48, PERF_DATA_MISSING=68",,26dae1f99b2b50fb17118f38d8a8e95dfac3357c
stepfun-ai/Step-3.7-Flash-FP8,Step3p7FlashForCausalLM,rtx_pro_6000_server,trtllm,1.3.0rc23,FAIL,"Strict-native op-level FPE probes: BUILD_FAILED=48, PERF_DATA_MISSING=68; raw probes=116; topologies=29; source_sha=26dae1f99b2b50fb17118f38d8a8e95dfac3357c. Representative failure: Invalid quantized MoE configuration: (moe_intermediate_size=1280 / moe_tp_size=16) % weight_block_size=128 != 0.","python python/aisimulate/tools/support_matrix/generate_fpe_support_matrix.py --model ""stepfun-ai/Step-3.7-Flash-FP8"" --system ""rtx_pro_6000_server"" --backend ""trtllm"" --backend-version ""1.3.0rc23"" --forward-model op_level --max-workers 8",,116,29,"BUILD_FAILED=48, PERF_DATA_MISSING=68",,26dae1f99b2b50fb17118f38d8a8e95dfac3357c
stepfun-ai/Step-3.7-Flash-FP8,Step3p7FlashForCausalLM,rtx_pro_6000_server,vllm,0.1.dev19262,FAIL,"Strict-native op-level FPE probes: BUILD_FAILED=48, PERF_DATA_MISSING=68; raw probes=116; topologies=29; source_sha=26dae1f99b2b50fb17118f38d8a8e95dfac3357c. Representative failure: Invalid quantized MoE configuration: (moe_intermediate_size=1280 / moe_tp_size=16) % weight_block_size=128 != 0.","python python/aisimulate/tools/support_matrix/generate_fpe_support_matrix.py --model ""stepfun-ai/Step-3.7-Flash-FP8"" --system ""rtx_pro_6000_server"" --backend ""vllm"" --backend-version ""0.1.dev19262"" --forward-model op_level --max-workers 8",,116,29,"BUILD_FAILED=48, PERF_DATA_MISSING=68",,26dae1f99b2b50fb17118f38d8a8e95dfac3357c
stepfun-ai/Step-3.7-Flash-FP8,Step3p7FlashForCausalLM,rtx_pro_6000_server,vllm,0.14.0,FAIL,"Strict-native op-level FPE probes: BUILD_FAILED=48, PERF_DATA_MISSING=68; raw probes=116; topologies=29; source_sha=26dae1f99b2b50fb17118f38d8a8e95dfac3357c. Representative failure: Invalid quantized MoE configuration: (moe_intermediate_size=1280 / moe_tp_size=16) % weight_block_size=128 != 0.","python python/aisimulate/tools/support_matrix/generate_fpe_support_matrix.py --model ""stepfun-ai/Step-3.7-Flash-FP8"" --system ""rtx_pro_6000_server"" --backend ""vllm"" --backend-version ""0.14.0"" --forward-model op_level --max-workers 8",,116,29,"BUILD_FAILED=48, PERF_DATA_MISSING=68",,26dae1f99b2b50fb17118f38d8a8e95dfac3357c
stepfun-ai/Step-3.7-Flash-FP8,Step3p7FlashForCausalLM,rtx_pro_6000_server,vllm,0.19.0,FAIL,"Strict-native op-level FPE probes: BUILD_FAILED=48, PERF_DATA_MISSING=68; raw probes=116; topologies=29; source_sha=26dae1f99b2b50fb17118f38d8a8e95dfac3357c. Representative failure: Invalid quantized MoE configuration: (moe_intermediate_size=1280 / moe_tp_size=16) % weight_block_size=128 != 0.","python python/aisimulate/tools/support_matrix/generate_fpe_support_matrix.py --model ""stepfun-ai/Step-3.7-Flash-FP8"" --system ""rtx_pro_6000_server"" --backend ""vllm"" --backend-version ""0.19.0"" --forward-model op_level --max-workers 8",,116,29,"BUILD_FAILED=48, PERF_DATA_MISSING=68",,26dae1f99b2b50fb17118f38d8a8e95dfac3357c
stepfun-ai/Step-3.7-Flash-FP8,Step3p7FlashForCausalLM,rtx_pro_6000_server,vllm,0.22.0,FAIL,"Strict-native op-level FPE probes: BUILD_FAILED=48, PERF_DATA_MISSING=68; raw probes=116; topologies=29; source_sha=26dae1f99b2b50fb17118f38d8a8e95dfac3357c. Representative failure: Invalid quantized MoE configuration: (moe_intermediate_size=1280 / moe_tp_size=16) % weight_block_size=128 != 0.","python python/aisimulate/tools/support_matrix/generate_fpe_support_matrix.py --model ""stepfun-ai/Step-3.7-Flash-FP8"" --system ""rtx_pro_6000_server"" --backend ""vllm"" --backend-version ""0.22.0"" --forward-model op_level --max-workers 8",,116,29,"BUILD_FAILED=48, PERF_DATA_MISSING=68",,26dae1f99b2b50fb17118f38d8a8e95dfac3357c
stepfun-ai/Step-3.7-Flash-FP8,Step3p7FlashForCausalLM,rtx_pro_6000_server,vllm,0.24.0,FAIL,"Strict-native op-level FPE probes: BUILD_FAILED=48, PERF_DATA_MISSING=68; raw probes=116; topologies=29; source_sha=26dae1f99b2b50fb17118f38d8a8e95dfac3357c. Representative failure: Invalid quantized MoE configuration: (moe_intermediate_size=1280 / moe_tp_size=16) % weight_block_size=128 != 0.","python python/aisimulate/tools/support_matrix/generate_fpe_support_matrix.py --model ""stepfun-ai/Step-3.7-Flash-FP8"" --system ""rtx_pro_6000_server"" --backend ""vllm"" --backend-version ""0.24.0"" --forward-model op_level --max-workers 8",,116,29,"BUILD_FAILED=48, PERF_DATA_MISSING=68",,26dae1f99b2b50fb17118f38d8a8e95dfac3357c
zai-org/GLM-5.2,GlmMoeDsaForCausalLM,rtx_pro_6000_server,sglang,0.5.10,FAIL,"Strict-native op-level FPE probes: PERF_DATA_MISSING=340, SDK_UNREPRESENTABLE=460; raw probes=800; topologies=200; source_sha=26dae1f99b2b50fb17118f38d8a8e95dfac3357c. Representative failure: perf database error: custom_allreduce data missing for (""half"", 4) at <repo>/python/aisimulate/src/aiconfigurator_core/systems/data/rtx_pro_6000_server/sglang/0.5.10","python python/aisimulate/tools/support_matrix/generate_fpe_support_matrix.py --model ""zai-org/GLM-5.2"" --system ""rtx_pro_6000_server"" --backend ""sglang"" --backend-version ""0.5.10"" --forward-model op_level --max-workers 8",,800,200,"PERF_DATA_MISSING=340, SDK_UNREPRESENTABLE=460",,26dae1f99b2b50fb17118f38d8a8e95dfac3357c
zai-org/GLM-5.2,GlmMoeDsaForCausalLM,rtx_pro_6000_server,sglang,0.5.10rc0,FAIL,"Strict-native op-level FPE probes: PERF_DATA_MISSING=340, SDK_UNREPRESENTABLE=460; raw probes=800; topologies=200; source_sha=26dae1f99b2b50fb17118f38d8a8e95dfac3357c. Representative failure: perf database error: perf database error: no GEMM rows loaded from 1 source(s) (first: <repo>/python/aisimulate/src/aiconfigurator_core/systems/data/rtx_pro_6000_server/sglang/0.5.10rc0/gemm_perf.parquet)","python python/aisimulate/tools/support_matrix/generate_fpe_support_matrix.py --model ""zai-org/GLM-5.2"" --system ""rtx_pro_6000_server"" --backend ""sglang"" --backend-version ""0.5.10rc0"" --forward-model op_level --max-workers 8",,800,200,"PERF_DATA_MISSING=340, SDK_UNREPRESENTABLE=460",,26dae1f99b2b50fb17118f38d8a8e95dfac3357c
zai-org/GLM-5.2,GlmMoeDsaForCausalLM,rtx_pro_6000_server,sglang,0.5.12,FAIL,"Strict-native op-level FPE probes: PERF_DATA_MISSING=340, SDK_UNREPRESENTABLE=460; raw probes=800; topologies=200; source_sha=26dae1f99b2b50fb17118f38d8a8e95dfac3357c. Representative failure: perf database error: custom_allreduce data missing for (""half"", 4) at <repo>/python/aisimulate/src/aiconfigurator_core/systems/data/rtx_pro_6000_server/sglang/0.5.12","python python/aisimulate/tools/support_matrix/generate_fpe_support_matrix.py --model ""zai-org/GLM-5.2"" --system ""rtx_pro_6000_server"" --backend ""sglang"" --backend-version ""0.5.12"" --forward-model op_level --max-workers 8",,800,200,"PERF_DATA_MISSING=340, SDK_UNREPRESENTABLE=460",,26dae1f99b2b50fb17118f38d8a8e95dfac3357c
zai-org/GLM-5.2,GlmMoeDsaForCausalLM,rtx_pro_6000_server,sglang,0.5.14,FAIL,"Strict-native op-level FPE probes: PERF_DATA_MISSING=340, SDK_UNREPRESENTABLE=460; raw probes=800; topologies=200; source_sha=26dae1f99b2b50fb17118f38d8a8e95dfac3357c. Representative failure: perf database error: perf database error: perf database error: no DSA module rows loaded from 1 source(s) (first: <repo>/python/aisimulate/src/aiconfigurator_core/systems/data/rtx_pro_6000_server/sglang/0.5.14/dsa_context_module_perf.parquet)","python python/aisimulate/tools/support_matrix/generate_fpe_support_matrix.py --model ""zai-org/GLM-5.2"" --system ""rtx_pro_6000_server"" --backend ""sglang"" --backend-version ""0.5.14"" --forward-model op_level --max-workers 8",,800,200,"PERF_DATA_MISSING=340, SDK_UNREPRESENTABLE=460",,26dae1f99b2b50fb17118f38d8a8e95dfac3357c
zai-org/GLM-5.2,GlmMoeDsaForCausalLM,rtx_pro_6000_server,sglang,0.5.16,FAIL,"Strict-native op-level FPE probes: PERF_DATA_MISSING=340, SDK_UNREPRESENTABLE=460; raw probes=800; topologies=200; source_sha=26dae1f99b2b50fb17118f38d8a8e95dfac3357c. Representative failure: perf database error: perf database error: perf database error: no DSA module rows loaded from 1 source(s) (first: <repo>/python/aisimulate/src/aiconfigurator_core/systems/data/rtx_pro_6000_server/sglang/0.5.16/dsa_context_module_perf.parquet)","python python/aisimulate/tools/support_matrix/generate_fpe_support_matrix.py --model ""zai-org/GLM-5.2"" --system ""rtx_pro_6000_server"" --backend ""sglang"" --backend-version ""0.5.16"" --forward-model op_level --max-workers 8",,800,200,"PERF_DATA_MISSING=340, SDK_UNREPRESENTABLE=460",,26dae1f99b2b50fb17118f38d8a8e95dfac3357c
zai-org/GLM-5.2,GlmMoeDsaForCausalLM,rtx_pro_6000_server,sglang,0.5.9,FAIL,"Strict-native op-level FPE probes: PERF_DATA_MISSING=340, SDK_UNREPRESENTABLE=460; raw probes=800; topologies=200; source_sha=26dae1f99b2b50fb17118f38d8a8e95dfac3357c. Representative failure: perf database error: perf database error: no GEMM rows loaded from 1 source(s) (first: <repo>/python/aisimulate/src/aiconfigurator_core/systems/data/rtx_pro_6000_server/sglang/0.5.9/gemm_perf.parquet)","python python/aisimulate/tools/support_matrix/generate_fpe_support_matrix.py --model ""zai-org/GLM-5.2"" --system ""rtx_pro_6000_server"" --backend ""sglang"" --backend-version ""0.5.9"" --forward-model op_level --max-workers 8",,800,200,"PERF_DATA_MISSING=340, SDK_UNREPRESENTABLE=460",,26dae1f99b2b50fb17118f38d8a8e95dfac3357c
zai-org/GLM-5.2,GlmMoeDsaForCausalLM,rtx_pro_6000_server,trtllm,1.3.0rc10,FAIL,"Strict-native op-level FPE probes: PERF_DATA_MISSING=192; raw probes=192; topologies=48; source_sha=26dae1f99b2b50fb17118f38d8a8e95dfac3357c. Representative failure: perf database error: custom_allreduce data missing for (""half"", 4) at <repo>/python/aisimulate/src/aiconfigurator_core/systems/data/rtx_pro_6000_server/trtllm/1.3.0rc10","python python/aisimulate/tools/support_matrix/generate_fpe_support_matrix.py --model ""zai-org/GLM-5.2"" --system ""rtx_pro_6000_server"" --backend ""trtllm"" --backend-version ""1.3.0rc10"" --forward-model op_level --max-workers 8",,192,48,PERF_DATA_MISSING=192,,26dae1f99b2b50fb17118f38d8a8e95dfac3357c
zai-org/GLM-5.2,GlmMoeDsaForCausalLM,rtx_pro_6000_server,trtllm,1.3.0rc15,FAIL,"Strict-native op-level FPE probes: PERF_DATA_MISSING=192; raw probes=192; topologies=48; source_sha=26dae1f99b2b50fb17118f38d8a8e95dfac3357c. Representative failure: perf database error: custom_allreduce data missing for (""half"", 4) at <repo>/python/aisimulate/src/aiconfigurator_core/systems/data/rtx_pro_6000_server/trtllm/1.3.0rc15","python python/aisimulate/tools/support_matrix/generate_fpe_support_matrix.py --model ""zai-org/GLM-5.2"" --system ""rtx_pro_6000_server"" --backend ""trtllm"" --backend-version ""1.3.0rc15"" --forward-model op_level --max-workers 8",,192,48,PERF_DATA_MISSING=192,,26dae1f99b2b50fb17118f38d8a8e95dfac3357c
zai-org/GLM-5.2,GlmMoeDsaForCausalLM,rtx_pro_6000_server,trtllm,1.3.0rc20,FAIL,Strict-native op-level FPE probes: PERF_DATA_MISSING=192; raw probes=192; topologies=48; source_sha=26dae1f99b2b50fb17118f38d8a8e95dfac3357c. Representative failure: perf database error: perf database error: perf database error: no DSA module rows loaded from 1 source(s) (first: <repo>/python/aisimulate/src/aiconfigurator_core/systems/data/rtx_pro_6000_server/trtllm/1.3.0rc20/dsa_context_module_perf.parquet),"python python/aisimulate/tools/support_matrix/generate_fpe_support_matrix.py --model ""zai-org/GLM-5.2"" --system ""rtx_pro_6000_server"" --backend ""trtllm"" --backend-version ""1.3.0rc20"" --forward-model op_level --max-workers 8",,192,48,PERF_DATA_MISSING=192,,26dae1f99b2b50fb17118f38d8a8e95dfac3357c
zai-org/GLM-5.2,GlmMoeDsaForCausalLM,rtx_pro_6000_server,trtllm,1.3.0rc23,FAIL,Strict-native op-level FPE probes: PERF_DATA_MISSING=192; raw probes=192; topologies=48; source_sha=26dae1f99b2b50fb17118f38d8a8e95dfac3357c. Representative failure: perf database error: perf database error: perf database error: no DSA module rows loaded from 1 source(s) (first: <repo>/python/aisimulate/src/aiconfigurator_core/systems/data/rtx_pro_6000_server/trtllm/1.3.0rc23/dsa_context_module_perf.parquet),"python python/aisimulate/tools/support_matrix/generate_fpe_support_matrix.py --model ""zai-org/GLM-5.2"" --system ""rtx_pro_6000_server"" --backend ""trtllm"" --backend-version ""1.3.0rc23"" --forward-model op_level --max-workers 8",,192,48,PERF_DATA_MISSING=192,,26dae1f99b2b50fb17118f38d8a8e95dfac3357c
zai-org/GLM-5.2,GlmMoeDsaForCausalLM,rtx_pro_6000_server,vllm,0.1.dev19262,FAIL,Strict-native op-level FPE probes: PERF_DATA_MISSING=192; raw probes=192; topologies=48; source_sha=26dae1f99b2b50fb17118f38d8a8e95dfac3357c. Representative failure: perf database error: perf database error: no GEMM rows loaded from 1 source(s) (first: <repo>/python/aisimulate/src/aiconfigurator_core/systems/data/rtx_pro_6000_server/vllm/0.1.dev19262/gemm_perf.parquet),"python python/aisimulate/tools/support_matrix/generate_fpe_support_matrix.py --model ""zai-org/GLM-5.2"" --system ""rtx_pro_6000_server"" --backend ""vllm"" --backend-version ""0.1.dev19262"" --forward-model op_level --max-workers 8",,192,48,PERF_DATA_MISSING=192,,26dae1f99b2b50fb17118f38d8a8e95dfac3357c
zai-org/GLM-5.2,GlmMoeDsaForCausalLM,rtx_pro_6000_server,vllm,0.14.0,FAIL,Strict-native op-level FPE probes: PERF_DATA_MISSING=192; raw probes=192; topologies=48; source_sha=26dae1f99b2b50fb17118f38d8a8e95dfac3357c. Representative failure: perf database error: perf database error: no GEMM rows loaded from 1 source(s) (first: <repo>/python/aisimulate/src/aiconfigurator_core/systems/data/rtx_pro_6000_server/vllm/0.14.0/gemm_perf.parquet),"python python/aisimulate/tools/support_matrix/generate_fpe_support_matrix.py --model ""zai-org/GLM-5.2"" --system ""rtx_pro_6000_server"" --backend ""vllm"" --backend-version ""0.14.0"" --forward-model op_level --max-workers 8",,192,48,PERF_DATA_MISSING=192,,26dae1f99b2b50fb17118f38d8a8e95dfac3357c
zai-org/GLM-5.2,GlmMoeDsaForCausalLM,rtx_pro_6000_server,vllm,0.19.0,FAIL,"Strict-native op-level FPE probes: PERF_DATA_MISSING=192; raw probes=192; topologies=48; source_sha=26dae1f99b2b50fb17118f38d8a8e95dfac3357c. Representative failure: perf database error: custom_allreduce data missing for (""half"", 4) at <repo>/python/aisimulate/src/aiconfigurator_core/systems/data/rtx_pro_6000_server/vllm/0.19.0","python python/aisimulate/tools/support_matrix/generate_fpe_support_matrix.py --model ""zai-org/GLM-5.2"" --system ""rtx_pro_6000_server"" --backend ""vllm"" --backend-version ""0.19.0"" --forward-model op_level --max-workers 8",,192,48,PERF_DATA_MISSING=192,,26dae1f99b2b50fb17118f38d8a8e95dfac3357c
zai-org/GLM-5.2,GlmMoeDsaForCausalLM,rtx_pro_6000_server,vllm,0.22.0,FAIL,"Strict-native op-level FPE probes: PERF_DATA_MISSING=192; raw probes=192; topologies=48; source_sha=26dae1f99b2b50fb17118f38d8a8e95dfac3357c. Representative failure: perf database error: custom_allreduce data missing for (""half"", 4) at <repo>/python/aisimulate/src/aiconfigurator_core/systems/data/rtx_pro_6000_server/vllm/0.22.0","python python/aisimulate/tools/support_matrix/generate_fpe_support_matrix.py --model ""zai-org/GLM-5.2"" --system ""rtx_pro_6000_server"" --backend ""vllm"" --backend-version ""0.22.0"" --forward-model op_level --max-workers 8",,192,48,PERF_DATA_MISSING=192,,26dae1f99b2b50fb17118f38d8a8e95dfac3357c
zai-org/GLM-5.2,GlmMoeDsaForCausalLM,rtx_pro_6000_server,vllm,0.24.0,FAIL,Strict-native op-level FPE probes: PERF_DATA_MISSING=192; raw probes=192; topologies=48; source_sha=26dae1f99b2b50fb17118f38d8a8e95dfac3357c. Representative failure: perf database error: perf database error: perf database error: no DSA module rows loaded from 1 source(s) (first: <repo>/python/aisimulate/src/aiconfigurator_core/systems/data/rtx_pro_6000_server/vllm/0.24.0/dsa_context_module_perf.parquet),"python python/aisimulate/tools/support_matrix/generate_fpe_support_matrix.py --model ""zai-org/GLM-5.2"" --system ""rtx_pro_6000_server"" --backend ""vllm"" --backend-version ""0.24.0"" --forward-model op_level --max-workers 8",,192,48,PERF_DATA_MISSING=192,,26dae1f99b2b50fb17118f38d8a8e95dfac3357c
zai-org/GLM-5.2-FP8,GlmMoeDsaForCausalLM,rtx_pro_6000_server,sglang,0.5.10,FAIL,"Strict-native op-level FPE probes: PERF_DATA_MISSING=340, SDK_UNREPRESENTABLE=460; raw probes=800; topologies=200; source_sha=26dae1f99b2b50fb17118f38d8a8e95dfac3357c. Representative failure: perf database error: GEMM perf data missing for quant 'fp8_block' at <repo>/python/aisimulate/src/aiconfigurator_core/systems/data/rtx_pro_6000_server/sglang/0.5.10; available: [""bfloat16"", ""fp8"", ""nvfp4""]","python python/aisimulate/tools/support_matrix/generate_fpe_support_matrix.py --model ""zai-org/GLM-5.2-FP8"" --system ""rtx_pro_6000_server"" --backend ""sglang"" --backend-version ""0.5.10"" --forward-model op_level --max-workers 8",,800,200,"PERF_DATA_MISSING=340, SDK_UNREPRESENTABLE=460",,26dae1f99b2b50fb17118f38d8a8e95dfac3357c
zai-org/GLM-5.2-FP8,GlmMoeDsaForCausalLM,rtx_pro_6000_server,sglang,0.5.10rc0,FAIL,"Strict-native op-level FPE probes: PERF_DATA_MISSING=340, SDK_UNREPRESENTABLE=460; raw probes=800; topologies=200; source_sha=26dae1f99b2b50fb17118f38d8a8e95dfac3357c. Representative failure: perf database error: perf database error: no GEMM rows loaded from 1 source(s) (first: <repo>/python/aisimulate/src/aiconfigurator_core/systems/data/rtx_pro_6000_server/sglang/0.5.10rc0/gemm_perf.parquet)","python python/aisimulate/tools/support_matrix/generate_fpe_support_matrix.py --model ""zai-org/GLM-5.2-FP8"" --system ""rtx_pro_6000_server"" --backend ""sglang"" --backend-version ""0.5.10rc0"" --forward-model op_level --max-workers 8",,800,200,"PERF_DATA_MISSING=340, SDK_UNREPRESENTABLE=460",,26dae1f99b2b50fb17118f38d8a8e95dfac3357c
zai-org/GLM-5.2-FP8,GlmMoeDsaForCausalLM,rtx_pro_6000_server,sglang,0.5.12,FAIL,"Strict-native op-level FPE probes: PERF_DATA_MISSING=340, SDK_UNREPRESENTABLE=460; raw probes=800; topologies=200; source_sha=26dae1f99b2b50fb17118f38d8a8e95dfac3357c. Representative failure: perf database error: GEMM perf data missing for quant 'fp8_block' at <repo>/python/aisimulate/src/aiconfigurator_core/systems/data/rtx_pro_6000_server/sglang/0.5.12; available: [""bfloat16"", ""fp8"", ""nvfp4""]","python python/aisimulate/tools/support_matrix/generate_fpe_support_matrix.py --model ""zai-org/GLM-5.2-FP8"" --system ""rtx_pro_6000_server"" --backend ""sglang"" --backend-version ""0.5.12"" --forward-model op_level --max-workers 8",,800,200,"PERF_DATA_MISSING=340, SDK_UNREPRESENTABLE=460",,26dae1f99b2b50fb17118f38d8a8e95dfac3357c
zai-org/GLM-5.2-FP8,GlmMoeDsaForCausalLM,rtx_pro_6000_server,sglang,0.5.14,FAIL,"Strict-native op-level FPE probes: PERF_DATA_MISSING=340, SDK_UNREPRESENTABLE=460; raw probes=800; topologies=200; source_sha=26dae1f99b2b50fb17118f38d8a8e95dfac3357c. Representative failure: perf database error: GEMM perf data missing for quant 'fp8_block' at <repo>/python/aisimulate/src/aiconfigurator_core/systems/data/rtx_pro_6000_server/sglang/0.5.14; available: [""bfloat16"", ""fp8"", ""nvfp4""]","python python/aisimulate/tools/support_matrix/generate_fpe_support_matrix.py --model ""zai-org/GLM-5.2-FP8"" --system ""rtx_pro_6000_server"" --backend ""sglang"" --backend-version ""0.5.14"" --forward-model op_level --max-workers 8",,800,200,"PERF_DATA_MISSING=340, SDK_UNREPRESENTABLE=460",,26dae1f99b2b50fb17118f38d8a8e95dfac3357c
zai-org/GLM-5.2-FP8,GlmMoeDsaForCausalLM,rtx_pro_6000_server,sglang,0.5.16,FAIL,"Strict-native op-level FPE probes: PERF_DATA_MISSING=340, SDK_UNREPRESENTABLE=460; raw probes=800; topologies=200; source_sha=26dae1f99b2b50fb17118f38d8a8e95dfac3357c. Representative failure: perf database error: GEMM perf data missing for quant 'fp8_block' at <repo>/python/aisimulate/src/aiconfigurator_core/systems/data/rtx_pro_6000_server/sglang/0.5.16; available: [""bfloat16"", ""fp8"", ""nvfp4""]","python python/aisimulate/tools/support_matrix/generate_fpe_support_matrix.py --model ""zai-org/GLM-5.2-FP8"" --system ""rtx_pro_6000_server"" --backend ""sglang"" --backend-version ""0.5.16"" --forward-model op_level --max-workers 8",,800,200,"PERF_DATA_MISSING=340, SDK_UNREPRESENTABLE=460",,26dae1f99b2b50fb17118f38d8a8e95dfac3357c
zai-org/GLM-5.2-FP8,GlmMoeDsaForCausalLM,rtx_pro_6000_server,sglang,0.5.9,FAIL,"Strict-native op-level FPE probes: PERF_DATA_MISSING=340, SDK_UNREPRESENTABLE=460; raw probes=800; topologies=200; source_sha=26dae1f99b2b50fb17118f38d8a8e95dfac3357c. Representative failure: perf database error: perf database error: no GEMM rows loaded from 1 source(s) (first: <repo>/python/aisimulate/src/aiconfigurator_core/systems/data/rtx_pro_6000_server/sglang/0.5.9/gemm_perf.parquet)","python python/aisimulate/tools/support_matrix/generate_fpe_support_matrix.py --model ""zai-org/GLM-5.2-FP8"" --system ""rtx_pro_6000_server"" --backend ""sglang"" --backend-version ""0.5.9"" --forward-model op_level --max-workers 8",,800,200,"PERF_DATA_MISSING=340, SDK_UNREPRESENTABLE=460",,26dae1f99b2b50fb17118f38d8a8e95dfac3357c
zai-org/GLM-5.2-FP8,GlmMoeDsaForCausalLM,rtx_pro_6000_server,trtllm,1.3.0rc10,FAIL,"Strict-native op-level FPE probes: PERF_DATA_MISSING=192; raw probes=192; topologies=48; source_sha=26dae1f99b2b50fb17118f38d8a8e95dfac3357c. Representative failure: perf database error: MoE data missing for MoeKey { quant: ""fp8_block"", distribution: ""uniform"", topk: 8, num_experts: 256, hidden_size: 6144, inter_size: 2048, moe_tp_size: 1, moe_ep_size: 1 } at <repo>/python/aisimulate/src/aiconfigurator_core/systems/data/rtx_pro_6000_server/trtllm/1.3.0rc10","python python/aisimulate/tools/support_matrix/generate_fpe_support_matrix.py --model ""zai-org/GLM-5.2-FP8"" --system ""rtx_pro_6000_server"" --backend ""trtllm"" --backend-version ""1.3.0rc10"" --forward-model op_level --max-workers 8",,192,48,PERF_DATA_MISSING=192,,26dae1f99b2b50fb17118f38d8a8e95dfac3357c
zai-org/GLM-5.2-FP8,GlmMoeDsaForCausalLM,rtx_pro_6000_server,trtllm,1.3.0rc15,FAIL,"Strict-native op-level FPE probes: PERF_DATA_MISSING=192; raw probes=192; topologies=48; source_sha=26dae1f99b2b50fb17118f38d8a8e95dfac3357c. Representative failure: perf database error: MoE data missing for MoeKey { quant: ""fp8_block"", distribution: ""uniform"", topk: 8, num_experts: 256, hidden_size: 6144, inter_size: 2048, moe_tp_size: 1, moe_ep_size: 1 } at <repo>/python/aisimulate/src/aiconfigurator_core/systems/data/rtx_pro_6000_server/trtllm/1.3.0rc15","python python/aisimulate/tools/support_matrix/generate_fpe_support_matrix.py --model ""zai-org/GLM-5.2-FP8"" --system ""rtx_pro_6000_server"" --backend ""trtllm"" --backend-version ""1.3.0rc15"" --forward-model op_level --max-workers 8",,192,48,PERF_DATA_MISSING=192,,26dae1f99b2b50fb17118f38d8a8e95dfac3357c
zai-org/GLM-5.2-FP8,GlmMoeDsaForCausalLM,rtx_pro_6000_server,trtllm,1.3.0rc20,FAIL,Strict-native op-level FPE probes: PERF_DATA_MISSING=192; raw probes=192; topologies=48; source_sha=26dae1f99b2b50fb17118f38d8a8e95dfac3357c. Representative failure: perf database error: perf database error: perf database error: no DSA module rows loaded from 1 source(s) (first: <repo>/python/aisimulate/src/aiconfigurator_core/systems/data/rtx_pro_6000_server/trtllm/1.3.0rc20/dsa_context_module_perf.parquet),"python python/aisimulate/tools/support_matrix/generate_fpe_support_matrix.py --model ""zai-org/GLM-5.2-FP8"" --system ""rtx_pro_6000_server"" --backend ""trtllm"" --backend-version ""1.3.0rc20"" --forward-model op_level --max-workers 8",,192,48,PERF_DATA_MISSING=192,,26dae1f99b2b50fb17118f38d8a8e95dfac3357c
zai-org/GLM-5.2-FP8,GlmMoeDsaForCausalLM,rtx_pro_6000_server,trtllm,1.3.0rc23,FAIL,Strict-native op-level FPE probes: PERF_DATA_MISSING=192; raw probes=192; topologies=48; source_sha=26dae1f99b2b50fb17118f38d8a8e95dfac3357c. Representative failure: perf database error: perf database error: perf database error: no DSA module rows loaded from 1 source(s) (first: <repo>/python/aisimulate/src/aiconfigurator_core/systems/data/rtx_pro_6000_server/trtllm/1.3.0rc23/dsa_context_module_perf.parquet),"python python/aisimulate/tools/support_matrix/generate_fpe_support_matrix.py --model ""zai-org/GLM-5.2-FP8"" --system ""rtx_pro_6000_server"" --backend ""trtllm"" --backend-version ""1.3.0rc23"" --forward-model op_level --max-workers 8",,192,48,PERF_DATA_MISSING=192,,26dae1f99b2b50fb17118f38d8a8e95dfac3357c
zai-org/GLM-5.2-FP8,GlmMoeDsaForCausalLM,rtx_pro_6000_server,vllm,0.1.dev19262,FAIL,Strict-native op-level FPE probes: PERF_DATA_MISSING=192; raw probes=192; topologies=48; source_sha=26dae1f99b2b50fb17118f38d8a8e95dfac3357c. Representative failure: perf database error: perf database error: no GEMM rows loaded from 1 source(s) (first: <repo>/python/aisimulate/src/aiconfigurator_core/systems/data/rtx_pro_6000_server/vllm/0.1.dev19262/gemm_perf.parquet),"python python/aisimulate/tools/support_matrix/generate_fpe_support_matrix.py --model ""zai-org/GLM-5.2-FP8"" --system ""rtx_pro_6000_server"" --backend ""vllm"" --backend-version ""0.1.dev19262"" --forward-model op_level --max-workers 8",,192,48,PERF_DATA_MISSING=192,,26dae1f99b2b50fb17118f38d8a8e95dfac3357c
zai-org/GLM-5.2-FP8,GlmMoeDsaForCausalLM,rtx_pro_6000_server,vllm,0.14.0,FAIL,Strict-native op-level FPE probes: PERF_DATA_MISSING=192; raw probes=192; topologies=48; source_sha=26dae1f99b2b50fb17118f38d8a8e95dfac3357c. Representative failure: perf database error: perf database error: no GEMM rows loaded from 1 source(s) (first: <repo>/python/aisimulate/src/aiconfigurator_core/systems/data/rtx_pro_6000_server/vllm/0.14.0/gemm_perf.parquet),"python python/aisimulate/tools/support_matrix/generate_fpe_support_matrix.py --model ""zai-org/GLM-5.2-FP8"" --system ""rtx_pro_6000_server"" --backend ""vllm"" --backend-version ""0.14.0"" --forward-model op_level --max-workers 8",,192,48,PERF_DATA_MISSING=192,,26dae1f99b2b50fb17118f38d8a8e95dfac3357c
zai-org/GLM-5.2-FP8,GlmMoeDsaForCausalLM,rtx_pro_6000_server,vllm,0.19.0,FAIL,"Strict-native op-level FPE probes: PERF_DATA_MISSING=192; raw probes=192; topologies=48; source_sha=26dae1f99b2b50fb17118f38d8a8e95dfac3357c. Representative failure: perf database error: custom_allreduce data missing for (""half"", 4) at <repo>/python/aisimulate/src/aiconfigurator_core/systems/data/rtx_pro_6000_server/vllm/0.19.0","python python/aisimulate/tools/support_matrix/generate_fpe_support_matrix.py --model ""zai-org/GLM-5.2-FP8"" --system ""rtx_pro_6000_server"" --backend ""vllm"" --backend-version ""0.19.0"" --forward-model op_level --max-workers 8",,192,48,PERF_DATA_MISSING=192,,26dae1f99b2b50fb17118f38d8a8e95dfac3357c
zai-org/GLM-5.2-FP8,GlmMoeDsaForCausalLM,rtx_pro_6000_server,vllm,0.22.0,FAIL,"Strict-native op-level FPE probes: PERF_DATA_MISSING=192; raw probes=192; topologies=48; source_sha=26dae1f99b2b50fb17118f38d8a8e95dfac3357c. Representative failure: perf database error: custom_allreduce data missing for (""half"", 4) at <repo>/python/aisimulate/src/aiconfigurator_core/systems/data/rtx_pro_6000_server/vllm/0.22.0","python python/aisimulate/tools/support_matrix/generate_fpe_support_matrix.py --model ""zai-org/GLM-5.2-FP8"" --system ""rtx_pro_6000_server"" --backend ""vllm"" --backend-version ""0.22.0"" --forward-model op_level --max-workers 8",,192,48,PERF_DATA_MISSING=192,,26dae1f99b2b50fb17118f38d8a8e95dfac3357c
zai-org/GLM-5.2-FP8,GlmMoeDsaForCausalLM,rtx_pro_6000_server,vllm,0.24.0,FAIL,Strict-native op-level FPE probes: PERF_DATA_MISSING=192; raw probes=192; topologies=48; source_sha=26dae1f99b2b50fb17118f38d8a8e95dfac3357c. Representative failure: perf database error: perf database error: perf database error: no DSA module rows loaded from 1 source(s) (first: <repo>/python/aisimulate/src/aiconfigurator_core/systems/data/rtx_pro_6000_server/vllm/0.24.0/dsa_context_module_perf.parquet),"python python/aisimulate/tools/support_matrix/generate_fpe_support_matrix.py --model ""zai-org/GLM-5.2-FP8"" --system ""rtx_pro_6000_server"" --backend ""vllm"" --backend-version ""0.24.0"" --forward-model op_level --max-workers 8",,192,48,PERF_DATA_MISSING=192,,26dae1f99b2b50fb17118f38d8a8e95dfac3357c
