scenario,phase,study,selection,attempt,recorded_status,outcome,duration_kind,wall_seconds,native_replay_wall_seconds,detailed,failure_category,elapsed_seconds,goodput_per_gpu,average_gpus,request_sla_pass_fraction
1,formal,formal-v2,current,worker-1-6a3a75b23f56427ba9959675c2899789,failed,failed,measured,371.2490350479493,365.098415474,False,virtual_cap_incomplete,1526.2007110118866,,,
1,formal,formal-v2,current,worker-1-73cdff7078e04777b483f08df2062739,completed,completed,measured,139.98247254401213,128.475766034,False,,154.20358109474182,12.238938802083744,143.99999999999517,0.947710193452381
1,formal,formal-v2,current,worker-10-1e5279a9fd4f4f94ae0a083eac279be6,failed,failed,measured,679.9236893299967,667.931034835,False,virtual_cap_incomplete,694.14524102211,,,
1,formal,formal-v2,current,worker-10-65a9432685de4023bb8eda7c2fe59207,completed,completed,measured,106.52312061295379,100.159808895,False,,1261.4765150547028,0.717876880787311,47.99999999998168,0.0215625
1,formal,formal-v2,current,worker-11-2c049aa429e94c0aa7d6a5da58c94524,completed,completed,measured,464.1699664070038,457.36765061400007,False,,1619.1234979629517,5.055082925612463,175.99999999992363,0.5039732142857143
1,formal,formal-v2,current,worker-11-5f2c62110cc64a2db49b2f565030f7a3,completed,completed,measured,903.6836290109786,891.766119022,False,,917.9028029441833,0.01023781105324112,191.99999999999292,0.0020870535714285713
1,formal,formal-v2,current,worker-12-3efcc53739ad47afb32a61a6572a2257,completed,completed,measured,467.77970967895817,460.86860404,False,,1622.7328169345856,0.0053961226851855235,159.99999999998997,0.0007570684523809524
1,formal,formal-v2,current,worker-12-fab0deecedc04702b4d06a9b146d7aba,completed,completed,measured,526.0230158400373,514.384501758,False,,540.2427401542664,1.8831650270059233,72.00000000000954,0.10801897321428572
1,formal,formal-v2,current,worker-13-938114a5e52446399e66d766449d6013,completed,completed,measured,434.2718246849836,426.688337508,False,,1589.222629070282,3.173702437789773,127.99999999998302,0.3336532738095238
1,formal,formal-v2,current,worker-13-d8ae0004d5524cb288e10756331daa24,completed,completed,measured,89.21294678101549,77.695116044,False,,103.43548798561096,0.0,47.9999999999996,0.0
1,formal,formal-v2,current,worker-14-7a202a2200664dc5b260df65123e4a14,completed,completed,measured,77.80999841401353,71.028160097,False,,1232.7627379894257,0.001344184027777883,79.99999999999373,0.0001171875
1,formal,formal-v2,current,worker-14-eb2f6551cf10414290d70a15a657ab24,completed,completed,measured,304.61476632597623,292.684105483,False,,318.8328969478607,8.295300305884874,224.000000000037,0.9992057291666666
1,formal,formal-v2,current,worker-15-29635861fce84f8b96ccc3425a754ecf,completed,completed,measured,80.26309491001302,68.420142808,False,,94.48003005981445,7.709842592591679,40.000000000004746,0.22444940476190475
1,formal,formal-v2,current,worker-15-4bfc27f810a343c1854d8fb0943dd9ab,completed,completed,measured,154.78486453404184,149.519198425,False,,1090.4507060050964,12.214127375728513,152.00000000003087,0.9982310267857143
1,formal,formal-v2,current,worker-15-d6e6efdd8d7a4447bd571f83a9ba386c,completed,completed,measured,576.0932365790359,569.12924207,False,,1731.0468969345093,8.273974609376763,191.9999999999591,0.8587816220238095
1,formal,formal-v2,current,worker-16-1963ecf7e4bb43b98659732103fdba4e,completed,completed,measured,224.32777174102375,212.851132112,False,,238.5435230731964,8.018569604084881,232.00000000005684,1.0
1,formal,formal-v2,current,worker-16-e8dac7428db5420d880bb64b1a497ce7,completed,completed,measured,188.13266275200294,182.036565759,False,,1343.084990978241,1.0843938078701223,32.00000000000732,0.022297247023809523
1,formal,formal-v2,current,worker-17-59bb27447bbd40c29b8adf7cb0cb1fb3,completed,completed,measured,236.5982014440233,230.417856697,False,,1391.5495879650116,0.05306688850310397,95.99999999996824,0.01119047619047619
1,formal,formal-v2,current,worker-17-c52316cc25f645f3a36808128ab3ccff,completed,completed,measured,121.40212983899983,109.913316088,False,,135.6168200969696,0.0,80.00000000000036,0.0
1,formal,formal-v2,current,worker-18-1cf3ec3bd4964ca4abf1c4a8d5d51cff,completed,completed,measured,91.75294171803398,84.66868193,False,,1246.7053320407867,1.5283592988547448,152.0000000000031,0.19476190476190477
1,formal,formal-v2,current,worker-18-f25b7b09fe62446480c57cee0d406aae,completed,completed,measured,231.78077532199677,220.186163798,False,,245.9917860031128,13.084595162715232,136.00000000002737,0.9654371279761905
1,formal,formal-v2,current,worker-19-03a534b897994ba1993a6d71ac93b81f,completed,completed,measured,150.26584249699954,139.059030331,False,,164.4876639842987,1.542981113215256,88.00000000001324,0.10304873511904762
1,formal,formal-v2,current,worker-19-b4b2fcc47f1b412bab59c62d4f6ee472,completed,completed,measured,369.1205646210001,363.131897887,False,,1524.0723559856415,7.699253713354135,239.9999999998326,0.9945479910714285
1,formal,formal-v2,current,worker-2-371f97f0329848b29e29e0b0b18cebfd,completed,completed,measured,93.4953589499928,87.174141294,False,,1248.4481630325317,9.689104938276333,191.9999999999063,1.0
1,formal,formal-v2,current,worker-2-ad76d8a1d7c64af4b2982ba22423063e,completed,completed,measured,313.80585571198026,302.131506274,False,,328.01170206069946,3.6004418041091713,127.99999999998667,0.28191778273809526
1,formal,formal-v2,current,worker-20-9e2a80af3b3a4ed197eb92fd7d0c5f8d,completed,completed,measured,510.7603157660342,503.298969982,False,,1665.7131979465485,10.659624510328984,103.99999999998685,0.6176227678571429
1,formal,formal-v2,current,worker-20-e79456eedf6e4e02a292089e7865b8c4,failed,failed,measured,322.917022308975,311.317847774,False,virtual_cap_incomplete,337.1321539878845,,,
1,formal,formal-v2,current,worker-21-a70cc1c9e4e4478bbc31f2698b7cdd0d,completed,completed,measured,104.70930699602468,93.168760119,False,,118.94807600975037,0.00047805059523806873,112.00000000000621,3.348214285714286e-05
1,formal,formal-v2,current,worker-21-ed7569b8b36a44d3ad795d2d28d19daf,running,censored,observed_exit_upper_bound,7200.578712814022,,False,,8355.529775857925,,,
1,formal,formal-v2,current,worker-22-7fb0a540cee14d5184a545c44e4d2ba1,completed,completed,measured,128.1052225889871,116.069079642,False,,142.32543301582336,1.9557818829573077,127.99999999999139,0.1787779017857143
1,formal,formal-v2,current,worker-22-c46ce8ec1df24c46b5be68e49c24a76a,completed,completed,measured,105.39724670001306,99.00567044,False,,1260.348731994629,6.277324942130013,39.999999999997556,0.17261904761904762
1,formal,formal-v2,current,worker-23-4192bb1f90864612a20e6bc5dbde9049,completed,completed,measured,467.06059267400997,455.106551853,False,,481.28222012519836,3.387384760060178,208.00000000002234,0.45146205357142855
1,formal,formal-v2,current,worker-23-6856a915a5d841a1a1770409e3b3c61a,completed,completed,measured,646.3286567340256,639.155431578,False,,1801.2816309928894,4.808390118634649,223.99999999998184,0.6015383184523809
1,formal,formal-v2,current,worker-24-a1e152045a8f4a5f82b851397c4c534b,completed,completed,measured,415.92298321594717,408.557377858,False,,1570.8736979961395,2.058469413807362,135.99999999998863,0.2432440476190476
1,formal,formal-v2,current,worker-24-e4f23b07330748f3a1b08a00e83958de,completed,completed,measured,87.64696578501025,76.598773061,False,,101.86672902107239,1.8341984049478275,256.00000000001245,0.29439174107142857
1,formal,formal-v2,current,worker-25-06dd46ea0d3046e5a0c5e7404e70b034,completed,completed,measured,98.90498637896962,86.931618482,False,,113.12413001060486,1.0440058352623534,95.99999999999929,0.08781808035714286
1,formal,formal-v2,current,worker-25-d7e590a4953f4dc0912ac1c0630d70ca,completed,completed,measured,220.61494876799406,214.167868797,False,,1375.5658841133118,0.012222415123457522,239.99999999998562,0.0033147321428571427
1,formal,formal-v2,current,worker-26-2780d16d8b754e58a0c7fa5776b70df3,completed,completed,measured,2903.9811798449955,2896.903517601,False,,4058.9327580928802,0.002658534356725444,151.99999999998298,0.0003627232142857143
1,formal,formal-v2,current,worker-26-44d5bca38e144a6b8d5d415a57e8932a,completed,completed,measured,138.59222404600587,127.10573226,False,,152.83138799667358,12.273187692901507,143.99999999999682,0.9492838541666667
1,formal,formal-v2,current,worker-27-7f060880b8e7492c8a681de0747f7020,completed,completed,measured,87.81396306195529,81.373362998,False,,1242.7671620845795,3.3769277510692577,103.99999999997284,0.29975074404761903
1,formal,formal-v2,current,worker-27-ea03704fdd9f4c5a94811d677ae169f3,completed,completed,measured,571.4919056359795,559.544490815,False,,585.7369379997253,1.9204011468854418,88.00000000000367,0.13351748511904762
1,formal,formal-v2,current,worker-28-2e338629dd9d4a25ab44d5c229411b10,completed,completed,measured,221.52266036398942,209.51106967000004,False,,235.77008414268494,3.774668354552914,239.99999999997172,0.5296242559523809
1,formal,formal-v2,current,worker-28-4dda99ee938a44bd943ed8b3be9a9151,completed,completed,measured,332.4979476729641,325.527024748,False,,1487.4501299858093,0.0036062143874649286,207.9999999999688,0.0006733630952380953
1,formal,formal-v2,current,worker-29-00cb0218ef3a4bbca52a995f9c96faf3,completed,completed,measured,127.75284276902676,122.64185922,False,,1063.4185719490051,13.377523318353731,136.00000000001413,0.9802790178571429
1,formal,formal-v2,current,worker-29-68d0087f0b1348c9989fa5858dc070b5,completed,completed,measured,57.387959715968464,45.876193658,False,,71.62763500213623,7.607011959876721,23.99999999999944,0.13156622023809525
1,formal,formal-v2,current,worker-29-ccb3e0a7d64942a48e8e222027e689d8,completed,completed,measured,274.8866087780334,267.624540988,False,,1429.8401679992676,1.0081961805555881,79.9999999999974,0.06301525297619047
1,formal,formal-v2,current,worker-3-7b433051cd034680a6874fb8c02ca410,completed,completed,measured,279.3671193179907,267.892127375,False,,293.5821099281311,3.1877141892636356,168.00000000000176,0.33881510416666666
1,formal,formal-v2,current,worker-3-8fe158b7c79c4923b320efdd9f23f7c4,running,censored,observed_exit_upper_bound,7200.576832164952,,False,,8355.52947807312,,,
1,formal,formal-v2,current,worker-30-6ae729ffacb84df485ce7b0ad440ec82,completed,completed,measured,169.32275371899595,157.365943704,False,,183.56500101089478,4.040260639245882,207.99999999995532,0.4982552083333333
1,formal,formal-v2,current,worker-30-73f744522a874af3a384835565b05739,completed,completed,measured,152.68053159496048,145.533642999,False,,1307.632588148117,2.6072592089378253,183.99999999995575,0.3527827380952381
1,formal,formal-v2,current,worker-31-9386483148f349a8be19c67f69ce9d54,failed,failed,measured,259.4133491250104,247.46783576699997,False,virtual_cap_incomplete,273.6604940891266,,,
1,formal,formal-v2,current,worker-31-a1c9b8587bc445e48489421c2c1006bd,completed,completed,measured,192.78492622100748,185.336666651,False,,1347.7374501228333,0.8936775716149281,127.99999999995063,0.12280877976190477
1,formal,formal-v2,current,worker-32-86a77615891740ffb0f4f58f6ccd0b0d,completed,completed,measured,171.59101682400797,164.462300243,False,,1326.544338941574,0.3073025173610978,224.00000000000966,0.08136346726190476
1,formal,formal-v2,current,worker-32-8de0c54347a34e43a7734b8d369db2cc,completed,completed,measured,604.1501673250459,592.228080764,False,,618.3959360122681,3.1113663325968184,175.99999999999903,0.3749869791666667
1,formal,formal-v2,current,worker-33-483af134f2ce49dc9ebfe3ea88221b9a,completed,completed,measured,1536.6265933639952,1526.712119966,False,,9918.497946023941,0.022131558641965223,48.00000000002187,0.0010026041666666666
1,formal,formal-v2,current,worker-33-9909ddf7f24d44d5931722f9f9c2562d,completed,completed,measured,203.83925591496518,198.358149913,False,,11718.995176076889,13.397433810765882,95.9999999999857,0.7320703125
1,formal,formal-v2,current,worker-33-a3bbb4e0efd5487987443c57ed4b674d,completed,completed,measured,363.5839995550341,357.005867539,False,,12331.9009411335,20.494291614060252,87.99999999998707,0.9698418898809524
1,formal,formal-v2,current,worker-33-adda8b06edaa42d9b3e5742a160cdb43,completed,completed,measured,109.58774326503044,104.431646642,False,,10892.284805059433,15.664988942624923,112.00000000000527,0.9420163690476191
1,formal,formal-v2,current,worker-33-b660931cf1ab460aa50c6b92acf3835e,completed,completed,measured,80.85345564503223,75.105304182,False,,12934.667655944824,12.365389901627246,47.99999999997331,0.40119605654761903
1,formal,formal-v2,current,worker-33-db59d8b8d65e44818aef6318ac93073c,completed,completed,measured,250.15339925000444,244.564916005,False,,10372.868947029114,11.972467029117317,152.00000000000784,0.9845740327380952
1,formal,formal-v2,current,worker-33-f72ce960a8c8446b91bc34d8dd5f4a46,completed,completed,measured,143.93620531394845,137.43607832,False,,14248.481176137924,33.70476678241123,39.999999999995474,0.7676264880952381
1,formal,formal-v2,current,worker-34-5a617e1991d24f749a64680c8ba59ece,completed,completed,measured,376.57088829699205,370.868493641,False,,10499.286275148392,7.26682870370369,256.00000000000045,1.0
1,formal,formal-v2,current,worker-34-6753362265334a70ac6fddc2d2eac975,completed,completed,measured,108.93155769800069,103.918252847,False,,10891.628778934479,15.664988942624923,112.00000000000527,0.9420163690476191
1,formal,formal-v2,current,worker-34-a4d1c80b63b24cdbbdda06d0816c2c36,completed,completed,measured,144.03282378002768,137.915716108,False,,13586.979269981384,32.74915104166964,39.99999999999636,0.7414267113095238
1,formal,formal-v2,current,worker-34-d36bcdb9c5d14b37b9e92279f2268c8b,completed,completed,measured,241.49498024699278,236.055105791,False,,11756.65113902092,12.873868344908672,119.9999999999882,0.8576841517857143
1,formal,formal-v2,current,worker-34-e9e6e7cc9e374a5b8887f14564a6cab0,completed,completed,measured,554.5816468629637,548.182560366,False,,12522.898656129837,11.072533275464194,167.99999999998133,0.9999534970238095
1,formal,formal-v2,current,worker-34-f45ca3f029ef4646a6570325a7bbbfc1,completed,completed,measured,95.46610501100076,86.167359794,False,,8477.335828065872,0.5785570384836981,256.0000000000434,0.14891927083333334
1,formal,formal-v2,current,worker-34-fc0dd1b2a7cf4ce3a8f23e6d1addd907,completed,completed,measured,89.7791496309801,84.786524723,False,,11382.438482046127,18.871607638887387,80.00000000000637,0.8155989583333333
1,formal,formal-v2,current,worker-35-2d1f3dd8b12945ce9edc6fca46c12b10,completed,completed,measured,80.4354760160204,74.543922315,False,,12934.248502016068,12.929463011195766,47.999999999972175,0.4191238839285714
1,formal,formal-v2,current,worker-35-3eb45c5fa93f4a8d8a2510050168942f,completed,completed,measured,96.07318218,91.050082391,False,,10878.77012515068,16.974622034141216,96.00000000001302,0.8780915178571429
1,formal,formal-v2,current,worker-35-480d04494888466987fb1f638246da60,completed,completed,measured,89.85446847602725,84.840997499,False,,11382.513611078262,18.871607638887387,80.00000000000637,0.8155989583333333
1,formal,formal-v2,current,worker-35-7fe90393b1b64871b4da2f51ba208c2e,completed,completed,measured,89.53091053001117,83.009362007,False,,12057.847703933716,5.738316695603765,79.99999999997333,0.34541108630952383
1,formal,formal-v2,current,worker-35-a49c6ba492fc4b5dab5d7e2ad4948e01,completed,completed,measured,200.95523200399475,191.040954593,False,,8582.826874017715,4.2675506365740254,24.000000000000274,0.07985863095238095
1,formal,formal-v2,current,worker-35-b020ec3d472e4ee4acc8d59780c92c97,completed,completed,measured,214.21888548898278,208.944561081,False,,10336.934370040894,7.266828703704711,255.99999999996453,1.0
1,formal,formal-v2,current,worker-35-bd3a0028b7df4045a9406db481688611,completed,completed,measured,134.24720062699635,127.682524983,False,,14238.792062044144,33.30774233217327,32.00000000000256,0.6032384672619048
1,formal,formal-v2,current,worker-35-e1bf16c11ab34c3ab8421ebcaa35f180,completed,completed,measured,178.87788228300633,173.436173738,False,,11694.03409409523,13.130950376156418,80.00000000000604,0.6117671130952381
1,formal,formal-v2,current,worker-36-493fc79597d54bafb78ee47d6753cd02,completed,completed,measured,89.60576331696939,84.470991928,False,,11382.264996051788,18.319006076386646,80.00000000000979,0.7964099702380952
1,formal,formal-v2,current,worker-36-55f8902714a04ecbb8c45e92790b6bda,completed,completed,measured,157.75454763497692,152.145462579,False,,11672.910588979721,11.241819540893822,72.00000000000794,0.4885584077380952
1,formal,formal-v2,current,worker-36-94b3cac8e31c4c90a81e045138f78f93,completed,completed,measured,402.0923157230136,395.63007151,False,,12370.408977031708,13.739495804398056,80.00000000000054,0.6125725446428572
1,formal,formal-v2,current,worker-36-a75c5fb905444a1280569636ea715e47,failed,failed,measured,15.69147919001989,,False,runner_error,12869.50588607788,,,
1,formal,formal-v2,current,worker-36-e95aeed420e84f1986f5947def193848,completed,completed,measured,227.47079308499815,221.34853863,False,,13670.417636156082,18.337583622687802,39.99999999999429,0.4173623511904762
1,formal,formal-v2,current,worker-36-e983ff60e0264c9a9b4c9d4b473e0bbe,completed,completed,measured,107.08128370699706,98.318933984,False,,10890.314548969269,16.405415108617706,104.00000000000334,0.9160230654761905
1,formal,formal-v2,current,worker-37-16ee8765d7c244e192404ae54155ce5e,completed,completed,measured,104.77739808004117,98.905716286,False,,12958.59059214592,1.253975694444409,16.00000000000045,0.009929315476190477
1,formal,formal-v2,current,worker-37-9614f03ca0794ec49d7f0b049bc9cae5,completed,completed,measured,92.48393741203472,83.592937082,False,,11608.173701047897,14.013174058292082,87.99999999999474,0.6810546875
1,formal,formal-v2,current,worker-37-bda2e7d0fc664a03bd0d9b45eb0b7675,completed,completed,measured,122.02124805399217,115.276906598,False,,12090.337578058243,6.1830457621091615,103.99999999998488,0.4330059523809524
1,formal,formal-v2,current,worker-37-f0bd25d81d3c43df8ba63f9e192af496,completed,completed,measured,141.29354838101426,135.133770092,False,,14245.838958024979,34.386763888891686,39.999999999996746,0.7850948660714285
1,formal,formal-v2,current,worker-38-1b6a7beac10546a08a4c2da3944a68f9,completed,completed,measured,434.19082496804185,427.669853488,False,,13288.004457950592,0.08586275077168291,47.99999999995641,0.004224330357142857
1,formal,formal-v2,current,worker-38-5c29a9ca3d894958a03626ca493f1628,completed,completed,measured,94.26489496399881,85.442791565,False,,11609.959459066391,19.035391203702428,80.00000000000537,0.8221856398809524
1,formal,formal-v2,current,worker-38-d8d11b2d9df44799916ab07a81996f7d,completed,completed,measured,177.97989521099953,171.062317766,False,,12146.29643201828,12.682896752454774,135.99999999995933,0.9505636160714286
1,formal,formal-v2,current,worker-39-13fa0847b9364fb7aa8b624331966645,completed,completed,measured,92.92073728196556,84.09231931,False,,11608.615271091461,15.083081163195377,79.99999999999505,0.6678943452380952
1,formal,formal-v2,current,worker-39-2adce08dbdb941cead8a6f47ce76d84b,completed,completed,measured,487.8241507980274,481.08814124,False,,12456.140587091446,10.569932659935741,175.9999999999487,1.0
1,formal,formal-v2,current,worker-39-a664e2a5bd0e4c17ba5500eb276f60b0,completed,completed,measured,188.41658817999996,182.248206949,False,,14292.962522029877,32.661852575238704,47.99999999998939,0.8540625
1,formal,formal-v2,current,worker-39-eaec580360ac44149422ce30a59a7556,completed,completed,measured,160.7474806670216,154.188467838,False,,13014.56282711029,15.881395543982112,39.99999999999841,0.4348344494047619
1,formal,formal-v2,current,worker-4-8e8ce9d5e16e462a83c2e16f5390c6d9,completed,completed,measured,348.2965556199779,341.64432548,False,,1503.2477531433105,0.015977631843801902,183.99999999998178,0.002654389880952381
1,formal,formal-v2,current,worker-4-e39b8ba313ad4f8f9612692a5fd91357,completed,completed,measured,117.92865749401972,106.288999922,False,,132.14193105697632,0.09961733217593238,15.999999999998964,0.0012388392857142856
1,formal,formal-v2,current,worker-40-3c8bc41058534f698b34588b363a8c21,completed,completed,measured,347.1532058810117,340.429100092,False,,13200.968271017075,0.08581283757722526,47.99999999996378,0.004220610119047619
1,formal,formal-v2,current,worker-40-b34da6944a634c528788623b312c1771,completed,completed,measured,460.92635450395755,449.528761599,False,,12429.784681081772,9.30154074074085,199.99999999999767,1.0
1,formal,formal-v2,current,worker-40-ef85003ffbcd4ca6a757bb25a9fb1a68,completed,completed,measured,142.505203120003,136.046125896,False,,14247.051255941391,29.99251649305817,39.99999999999652,0.6774330357142857
1,formal,formal-v2,current,worker-41-1d4d5a88026c4e3185eae852a7d97eef,completed,completed,measured,140.16045177797787,133.989867685,False,,14244.706265926361,34.386763888891686,39.999999999996746,0.7850948660714285
1,formal,formal-v2,current,worker-41-b25c2b88f2c64033b26a45f57a16ffc8,completed,completed,measured,158.63544623699272,151.934985026,False,,13012.449943065643,13.618106915519405,47.99999999996424,0.45004464285714285
1,formal,formal-v2,current,worker-41-f2bbb63a87f840168fb13399e5f9ab03,completed,completed,measured,403.1912787060137,392.05220552,False,,12372.056975126266,17.811636173436654,103.99999999997894,0.9954947916666667
1,formal,formal-v2,current,worker-42-8769ac9d64d94235a59e5e3c3fa82b62,completed,completed,measured,294.6461635279702,283.552055444,False,,12263.51334309578,17.85157407407856,103.99999999997387,0.9988969494047619
1,formal,formal-v2,current,worker-42-bf17cae08cc1475883af26ac60a0e0f7,completed,completed,measured,111.4771216380177,105.338310096,False,,12965.29099202156,1.366132089120361,16.00000000000011,0.010608258928571429
1,formal,formal-v2,current,worker-42-e22038f30577443db020533487ae5ec2,completed,completed,measured,149.98012297099922,143.86395394,False,,14254.525589942932,26.93660855517064,47.99999999999842,0.7290569196428571
1,formal,formal-v2,current,worker-43-225025aa90dc4d09b588994bf607c28c,completed,completed,measured,185.00656908296514,178.480826205,False,,14289.552237987518,26.95219184028235,47.99999999999186,0.7111551339285714
1,formal,formal-v2,current,worker-43-268052c2bd00412fb42eb76aac08043f,completed,completed,measured,152.79697587701958,141.564913749,False,,12121.664284944534,19.998661908441253,71.99999999998185,0.8339155505952381
1,formal,formal-v2,current,worker-43-bb5cfe6fa92d4c57b64fec55e1578794,completed,completed,measured,158.26197217701701,151.570351674,False,,13012.075334072113,13.618106915519405,47.99999999996424,0.45004464285714285
1,formal,formal-v2,current,worker-44-0127d0ac443340dc91b306ecedee4f32,failed,failed,measured,392.3279810179956,386.149418086,False,virtual_cap_incomplete,13246.141241073608,,,
1,formal,formal-v2,current,worker-44-3aab603411044e65b83ea4ac442a3659,completed,completed,measured,151.06331417395268,139.804807082,False,,12119.930412054062,29.807836371527426,48.00000000000057,0.8264806547619048
1,formal,formal-v2,current,worker-44-f01e508cdf82469487abaa4a37ba47f8,completed,completed,measured,142.57142011402175,135.842531068,False,,14247.11791396141,34.386763888891686,39.999999999996746,0.7850948660714285
1,formal,formal-v2,current,worker-45-330e7612dc69481ba97d212e1079d562,completed,completed,measured,457.35825324000325,446.073254536,False,,12426.226792097092,11.6269259259304,159.9999999999384,1.0
1,formal,formal-v2,current,worker-45-a85a84c1131d47f8adeeb687ac9fb6ed,completed,completed,measured,393.0651243449538,386.430386293,False,,13246.88012099266,0.172723283179002,24.000000000001435,0.004244791666666667
1,formal,formal-v2,current,worker-46-586dfb9714d74828b1b1c604f7e80e5a,completed,completed,measured,563.7203523429926,552.309343905,False,,12532.589574098587,11.86985433418562,152.0000000000069,0.9700706845238095
1,formal,formal-v2,current,worker-46-cbc92d5968ed45969ae478be0242b4f9,completed,completed,measured,188.4100966900005,182.21726295,False,,13631.356657981873,32.8217742091108,47.99999999999143,0.8577883184523809
1,formal,formal-v2,current,worker-47-1fdf8c39fdcc4c1d804615ded7ccd64f,completed,completed,measured,208.7793625309714,202.552863515,False,,13651.726146936417,22.06322820215929,48.000000000002615,0.598173363095238
1,formal,formal-v2,current,worker-47-c37672ff1e694ffb90f939a02c4908d3,completed,completed,measured,572.3887087710318,561.345235258,False,,12541.253950119019,3.103942740483826,71.99999999999335,0.14264322916666666
1,formal,formal-v2,current,worker-48-3ded7d25ff644cbd8ab4a25d74b5018b,completed,completed,measured,487.57851176697295,476.243732929,False,,12456.445652961731,12.91880658436548,143.99999999996277,1.0
1,formal,formal-v2,current,worker-48-fa7a2d950661468b944c7838b3e9f0d8,completed,completed,measured,255.49523412098642,249.303719475,False,,13698.441164016724,21.777755249672005,55.99999999999308,0.6717987351190476
1,formal,formal-v2,current,worker-49-aac80e718854450dbb3d40e19be30688,completed,completed,measured,102.41942042298615,95.765540005,False,,12956.234313964844,13.80656298226329,47.99999999996453,0.45802269345238095
1,formal,formal-v2,current,worker-49-b5d5a2869b104061b05391f9fbcc97cc,completed,completed,measured,400.16026933596004,393.735384864,False,,14504.705567121506,7.305213879244225,47.999999999997385,0.20697916666666666
1,formal,formal-v2,current,worker-49-e085f2d2405e476e9d0d8a78fea126ac,completed,completed,measured,435.951802364958,424.698454452,False,,12404.819076061249,10.569932659933768,175.99999999998155,1.0
1,formal,formal-v2,current,worker-5-091c9798fddc45bd84c4ce08b8c4f2f2,completed,completed,measured,76.52577968599508,70.26802901,False,,1231.477648973465,13.230109230331696,63.99999999996313,0.5306956845238096
1,formal,formal-v2,current,worker-5-66244d4204dd4cc3a6e53acd04337da0,completed,completed,measured,155.748956995958,144.443508011,False,,169.96269512176514,0.0040015691773503965,208.0000000000016,0.0012202380952380952
1,formal,formal-v2,current,worker-50-3a800fb3aaa54186be4b1034e6d6ea91,completed,completed,measured,405.372024331009,394.056666844,False,,12374.246042966843,15.502567901236564,119.99999999998455,1.0
1,formal,formal-v2,current,worker-50-c9f58258c14444c5990e79f67ef9c305,completed,completed,measured,417.5839125160128,410.802316536,False,,13271.398525953293,0.24720558449070587,16.000000000002256,0.004006696428571429
1,formal,formal-v2,current,worker-51-126ee1ab6e8540a5a0beece608e32b6d,completed,completed,measured,433.0564039910096,421.940987728,False,,12401.923612117767,16.568850756451738,111.99999999997753,0.9976097470238096
1,formal,formal-v2,current,worker-51-693e8648bcfd457fbaabcb0b68c06030,completed,completed,measured,389.9986914540059,383.296535899,False,,13243.813431024551,0.07883342978402737,47.99999999995327,0.0039453125
1,formal,formal-v2,current,worker-51-dce44f0247674a518128c7001d5be4c7,completed,completed,measured,187.4586997659644,181.010513665,False,,14292.005049943924,32.8217742091108,47.99999999999143,0.8577883184523809
1,formal,formal-v2,current,worker-52-0c996bc77c1f499397117e8342c58781,completed,completed,measured,366.82751052401727,355.532316849,False,,12335.693177938461,19.330479721264563,95.999999999966,0.9976804315476191
1,formal,formal-v2,current,worker-52-64a9aab296e942a3981c7d4e8eea7e80,completed,completed,measured,157.75795869599096,151.114537958,False,,13011.572287082672,13.66184847609029,47.999999999964714,0.4515922619047619
1,formal,formal-v2,current,worker-52-e9e2d296b3304ef4944847f3586e0604,completed,completed,measured,190.47047148295678,183.931631601,False,,14295.016076087952,30.74898582176195,55.999999999995104,0.940210193452381
1,formal,formal-v2,current,worker-53-3a2fa5baebe4457990f618699978af71,completed,completed,measured,141.008194627997,134.794928371,False,,13583.954308986664,29.498664062504197,39.99999999999431,0.6657979910714286
1,formal,formal-v2,current,worker-53-7e18bbcda5eb4205a86e0ed59a232a71,completed,completed,measured,490.3026627340005,479.044327512,False,,12459.171849012375,11.073262786599095,167.99999999995487,1.0
1,formal,formal-v2,current,worker-54-8d4d96d996b44092bae3757402058cf9,completed,completed,measured,505.4125315749552,494.362615737,False,,12474.278162956238,11.073262786597466,167.99999999997956,1.0
1,formal,formal-v2,current,worker-54-d37d30ea8138443b959c809eb0c23913,completed,completed,measured,236.03078944794834,229.859942064,False,,13678.977010965347,25.867518807873825,63.99999999999146,0.8928087797619048
1,formal,formal-v2,current,worker-55-18808469286d4eb49c30fc9bb28e57be,completed,completed,measured,331.3138854849967,320.251389745,False,,12300.182507038116,22.291878761576932,79.99999999998974,0.9585435267857143
1,formal,formal-v2,current,worker-55-4f3eaa3b9c3c4610a5b4d64e41bfb031,failed,failed,measured,36.724393850017805,,False,runner_error,14141.268861055374,,,
1,formal,formal-v2,current,worker-55-90a3a45d51b44c0f9ac3925c28d75a4e,completed,completed,measured,77.40717725100694,71.21691388,False,,12931.221240997314,15.42603124999946,40.00000000000141,0.41566778273809524
1,formal,formal-v2,current,worker-56-68d17d2aa13b40b1af546bd573655ff3,completed,completed,measured,76.70807007001713,70.531678531,False,,12930.521837949753,13.289497974545364,47.99999999996992,0.43540736607142855
1,formal,formal-v2,current,worker-56-a6e206808ed3452381fde5a54a653db5,completed,completed,measured,198.6961458940059,187.269872691,False,,12167.567634105682,30.47509693287387,55.99999999999357,0.9309207589285714
1,formal,formal-v2,current,worker-56-ba5d4bd210ae4f42985d7ca724cb6b56,completed,completed,measured,188.91070645395666,182.384855953,False,,14293.455052137375,19.09683391203821,39.99999999999754,0.4353143601190476
1,formal,formal-v2,current,worker-57-41018f2c0a6045ae99bc52cf1e7c7aec,completed,completed,measured,109.67402610101271,103.498215044,False,,13552.62038898468,3.036192129629854,39.99999999999704,0.12939174107142856
1,formal,formal-v2,current,worker-57-5140a3d1304d4821b07fe6cfc90a0f0e,completed,completed,measured,551.7781919730478,540.737577166,False,,12520.643545150757,11.599333912037055,159.99999999999974,0.9977548363095238
1,formal,formal-v2,current,worker-58-36cf7997f5af44dcbe56b689699fb536,completed,completed,measured,76.46014050295344,70.318140585,False,,12930.274130105972,13.290103443296198,47.99999999996692,0.4354780505952381
1,formal,formal-v2,current,worker-58-3ab4f8beeb1042f3858473bb66b8131e,completed,completed,measured,302.97732090594945,296.924612057,False,,13745.92422914505,19.080840386285015,63.99999999999901,0.6725316220238096
1,formal,formal-v2,current,worker-58-93a7e6f043b5464984322f61c9e5c64b,completed,completed,measured,295.0541239629965,283.842424776,False,,12263.926718950272,12.214341115381274,151.99999999992497,0.9988988095238095
1,formal,formal-v2,current,worker-59-5a8c2e84ef5d4763bb4c595f2898494c,completed,completed,measured,194.36289519700222,188.165658745,False,,13637.309540987015,9.646313244048377,55.999999999995595,0.3951841517857143
1,formal,formal-v2,current,worker-59-de8adb6ee7b949f682ccd5fa6c499448,completed,completed,measured,569.352589112008,557.856881977,False,,12538.25251698494,11.072533275464194,167.99999999998133,0.9999534970238095
1,formal,formal-v2,current,worker-6-db306cd3b5ab4f6ebb0b8b58a87a4117,completed,completed,measured,181.4278497400228,169.914981616,False,,195.64363598823547,2.0164012896826433,111.99999999999424,0.16336495535714285
1,formal,formal-v2,current,worker-6-fffad115f3a4493392eff682bfafd244,completed,completed,measured,252.20003080699826,245.897702365,False,,1407.1521990299225,0.01862437307099122,95.99999999998163,0.0015755208333333333
1,formal,formal-v2,current,worker-60-5187a730a53c4a419a59316200589e1b,completed,completed,measured,92.11279234301765,85.414024803,False,,12945.927958011627,25.58808015046135,24.000000000001513,0.41733816964285714
1,formal,formal-v2,current,worker-60-6805efa1824e4d7aa3b528a03abf5f4d,failed,failed,measured,14.768579156021588,,False,runner_error,14119.313616991043,,,
1,formal,formal-v2,current,worker-60-7abe62cd5c1c4434969244ca548b43ef,completed,completed,measured,477.94251811900176,466.538472032,False,,12446.811182975769,14.408073020008134,111.99999999998818,0.8725334821428572
1,formal,formal-v2,current,worker-61-015a7685f23243eda86ce960c07105a0,completed,completed,measured,103.5112165749888,97.062715796,False,,14208.055794000626,13.748263406645844,47.99999999996494,0.4552436755952381
1,formal,formal-v2,current,worker-61-1d92c91897d04ea49bae6b6782bdfe1b,completed,completed,measured,406.8623740859912,395.508782799,False,,12375.731256008148,16.60871321097892,111.99999999999945,0.9999497767857143
1,formal,formal-v2,current,worker-61-4d22c499f080460186b5fe568aa7fc7d,completed,completed,measured,78.26944235200062,72.118195479,False,,12932.084088087082,11.453923128865316,47.99999999996945,0.39374255952380954
1,formal,formal-v2,current,worker-62-330dc7a1461847baa539392be4b0f7a3,completed,completed,measured,193.47911371698137,182.186834692,False,,12162.354371070862,32.8217742091108,47.99999999999143,0.8577883184523809
1,formal,formal-v2,current,worker-62-578376facba045ee976876831753f312,completed,completed,measured,80.26584113598801,74.031501119,False,,12934.07957816124,13.047519531258853,47.999999999967436,0.42164620535714287
1,formal,formal-v2,current,worker-62-e1019bdadc23424ab2e6c7ec987924cc,completed,completed,measured,184.76054219098296,178.201006024,False,,14289.305274963379,26.95219184028235,47.99999999999186,0.7111551339285714
1,formal,formal-v2,current,worker-63-6977cc5548f246579a5ad57ee9d29f88,completed,completed,measured,433.99097270105267,422.702184034,False,,12402.860247135162,16.695125385804758,95.99999999998684,0.8674813988095238
1,formal,formal-v2,current,worker-63-80e3d307278c4f2092e4f6d9ece1ff9b,completed,completed,measured,193.99996216897853,187.547026434,False,,14298.545150995255,30.74898582176195,55.999999999995104,0.940210193452381
1,formal,formal-v2,current,worker-63-a97e611fab6c49e49e2ce8fcbe7eddf3,completed,completed,measured,98.88003350497456,92.183670069,False,,12952.694818973541,20.546587456598907,31.999999999997375,0.4531138392857143
1,formal,formal-v2,current,worker-64-030e1fbaeeb842d9afb518bafb80189e,completed,completed,measured,364.3243076360086,357.361940793,False,,13218.13780093193,0.0789585744599323,47.9999999999661,0.003947172619047619
1,formal,formal-v2,current,worker-64-574b917a29c646beb1d3b8bbd210195d,completed,completed,measured,167.70348548603943,156.368058952,False,,12136.575006961823,7.046910445603147,143.99999999997354,0.6341369047619048
1,formal,formal-v2,current,worker-64-591c031e5eff4db2a940c5a7ab15be45,completed,completed,measured,138.36240859603276,131.843602745,False,,14242.908664941788,30.140097511577494,39.99999999999546,0.6810379464285714
1,formal,formal-v2,current,worker-7-3de52b413b774a659fe0157d25bf6ab3,completed,completed,measured,72.96039823198225,61.443838975,False,,87.18238115310669,0.8785405487163029,176.00000000000543,0.12205543154761905
1,formal,formal-v2,current,worker-7-69dab3d8efce48bfad2e2c2ad1dc8e73,completed,completed,measured,204.48943045100896,198.754304427,False,,1140.1552059650421,12.25855589313484,143.99999999997505,0.9589229910714285
1,formal,formal-v2,current,worker-7-c5173e151c8344ad84579e81136ddb57,completed,completed,measured,99.18951819703216,93.118020286,False,,1254.143273115158,0.08872793692128962,32.00000000000241,0.004295014880952381
1,formal,formal-v2,current,worker-8-3d2072aa400840578a04c0599d17b835,completed,completed,measured,525.7172551809927,513.781603258,False,,539.9418339729309,3.3750115740734636,240.0000000000434,0.5142912946428572
1,formal,formal-v2,current,worker-8-b5e3903fbaa2459889370a419d130ccc,completed,completed,measured,100.27923825394828,94.076848007,False,,1255.2323710918427,0.012098343460648519,63.99999999999803,0.0010435267857142856
1,formal,formal-v2,current,worker-9-07eaa03a9478445c80f625a1390e19e6,completed,completed,measured,302.6415024169837,295.065362606,False,,1457.592926979065,8.506664255402923,215.9999999999571,0.9874683779761905
1,formal,formal-v2,current,worker-9-71600324fa30481d9544119057200309,completed,completed,measured,126.40280988800805,115.325365876,False,,140.61947202682495,0.0016709346064815369,159.99999999999469,0.00045200892857142857
2,formal,formal-v2,current,worker-1-b2517de51ab44ebdb14144064a87cd20,completed,completed,measured,469.7521480820142,458.155307838,False,,483.9453480243683,2.340839391637802,127.99999999999613,0.20600818452380953
2,formal,formal-v2,current,worker-1-c7c5622dc34a42a7b2ae35aeb8e5711c,running,censored,observed_exit_upper_bound,7201.080822933,,False,,14489.392621994019,,,
2,formal,formal-v2,current,worker-10-c6b5d3995d344b1fa858c6f5dc9e11fc,completed,completed,measured,184.91540185100166,173.381298376,False,,199.11964011192322,12.001224279835172,144.00000000000261,0.929516369047619
2,formal,formal-v2,current,worker-10-e49ce625c87646ce977be19db3a51758,running,censored,observed_exit_upper_bound,7201.082617359993,,False,,14489.392901420593,,,
2,formal,formal-v2,current,worker-100-7a6a5534ef224e9dbe4eff59834e0231,completed,completed,measured,321.6197478750255,310.893014469,False,,32367.940664052963,13.520631558649463,119.99999999993355,0.8756343005952381
2,formal,formal-v2,current,worker-101-7604460542204446a658bf0aa3fc2168,completed,completed,measured,400.4765382439946,394.057520703,False,,32989.25431609154,17.886962807162952,103.9999999999719,0.9999795386904762
2,formal,formal-v2,current,worker-101-98094b72af22445d9a8dfc823f08064e,completed,completed,measured,302.61413738597184,291.794706816,False,,32348.941986083984,14.653295814045201,119.99999999998369,0.9457347470238096
2,formal,formal-v2,current,worker-102-eef25269c299443d9dc0708853137db0,completed,completed,measured,331.35276744602015,320.914417185,False,,32377.67680621147,12.297788525136994,111.99999999995703,0.7493136160714285
2,formal,formal-v2,current,worker-103-84841e58753947aaa3913a6484521b99,completed,completed,measured,229.70062259299448,224.117767555,False,,32818.47801113129,19.349243103789888,95.99999999995524,0.9983928571428572
2,formal,formal-v2,current,worker-103-e0e3eb98e077488193789e1384b252ef,completed,completed,measured,165.9157821299741,155.189985603,False,,32212.233117103577,15.16228269676058,39.99999999999652,0.35149181547619046
2,formal,formal-v2,current,worker-104-840acc9454a840c9a1dd3baee4afba66,completed,completed,measured,106.6586903409916,101.039383732,False,,32695.436554193497,17.662143540782463,103.99999999996403,0.9849906994047619
2,formal,formal-v2,current,worker-104-d57f94d412d74a7b84c0791e382aa46b,completed,completed,measured,306.447283585032,295.727966251,False,,32352.769267082214,14.691858796298735,119.99999999998009,0.9476785714285715
2,formal,formal-v2,current,worker-105-d3b5f522868841579c84f361c20b7fa6,completed,completed,measured,307.9094757299754,297.301402995,False,,32354.228691101074,15.378267264662172,119.99999999998691,0.9914769345238095
2,formal,formal-v2,current,worker-106-ee76760e0a024280ad1dcde81b51ec62,completed,completed,measured,338.2911416659481,327.625591608,False,,32384.61648416519,11.25745553626743,119.9999999999787,0.7373418898809524
2,formal,formal-v2,current,worker-107-a22cabe92b2240479827b109da005931,completed,completed,measured,309.33421455603093,298.619703571,False,,32355.662867069244,14.826876253859682,119.99999999998658,0.9555450148809523
2,formal,formal-v2,current,worker-108-db35473904124ba7b35ae14da4b4d7c6,running,censored,observed_exit_upper_bound,7201.816489946039,,False,,39790.59414601326,,,
2,formal,formal-v2,current,worker-108-f2b31e6e3eb24393a7590eb285ded16b,completed,completed,measured,300.1783756070072,289.426912844,False,,32346.50698518753,14.623825135033835,119.99999999997563,0.9443880208333333
2,formal,formal-v2,current,worker-109-02c79645cf384fc48489ec291d0dc2ea,completed,completed,measured,266.03636875603115,255.299590022,False,,32312.35613512993,16.299154782578363,111.99999999996143,0.9808035714285714
2,formal,formal-v2,current,worker-109-511d2d6812f44809886f280dec410701,completed,completed,measured,439.38131572003476,432.955345014,False,,33028.15890312195,17.886878449967853,103.99999999997985,0.9999758184523809
2,formal,formal-v2,current,worker-11-afe546db061b4fa19183fbc458fca1fa,completed,completed,measured,444.02426252601435,437.579629111,False,,7732.335281133652,7.729870659726709,239.9999999998607,0.9980505952380953
2,formal,formal-v2,current,worker-11-dc4b448768d14cbcb11696236a0a62d9,completed,completed,measured,283.2209771310445,271.300450548,False,,297.4248580932617,1.9702110460069857,127.99999999999731,0.18000558035714287
2,formal,formal-v2,current,worker-110-9a053e8f7f3c4e9a85e0868ddb48e7fa,completed,completed,measured,323.2523786749807,312.597642995,False,,32369.583774089813,13.603014660500367,119.9999999999423,0.8801395089285714
2,formal,formal-v2,current,worker-111-42de2f53b1f44c16b7428bb1593f7369,completed,completed,measured,314.3369201340247,303.615572871,False,,32360.657513141632,14.778345196761375,119.99999999998282,0.9524051339285714
2,formal,formal-v2,current,worker-112-49944bc808834f069d6189ca22d614d1,completed,completed,measured,265.31837867799914,254.571130753,False,,32311.64094018936,14.519146502463473,127.99999999996488,0.9992299107142857
2,formal,formal-v2,current,worker-112-cf7d9cf1925a4fa7b5666bb0ea400f73,completed,completed,measured,227.115569794958,221.506053232,False,,32815.893054008484,19.201221547077953,95.99999999994975,0.9898270089285715
2,formal,formal-v2,current,worker-113-4128272d2ebc4792b011a94b7b5b7181,completed,completed,measured,320.37289693101775,309.540577197,False,,32366.693885087967,13.714826208050054,127.99999999994331,0.9441889880952381
2,formal,formal-v2,current,worker-114-2782fb9f218f44e5a14c4256c08824a9,completed,completed,measured,321.42516785196494,310.628033314,False,,32367.750002145767,13.597019675934696,119.9999999999226,0.8800948660714286
2,formal,formal-v2,current,worker-115-72e79ec79f1846488be42689714c8b4c,completed,completed,measured,436.3922028269735,429.719805252,False,,40873.4962580204,19.357404996150116,95.99999999995963,0.999125744047619
2,formal,formal-v2,current,worker-115-d6a74070cab943368c56036759c86a1b,completed,completed,measured,259.70706678100396,250.118329116,False,,40066.61044001579,20.055668928879783,87.9999999999661,0.9468582589285715
2,formal,formal-v2,current,worker-116-420f81e966a0462f9b803c9a40e7d046,completed,completed,measured,187.83697018999374,177.829251579,False,,40625.48623299599,20.926905381948757,87.99999999998187,0.9906008184523809
2,formal,formal-v2,current,worker-117-4b5016de41ad46ad88c52e742ea5a930,completed,completed,measured,234.39207846601494,224.359060321,False,,40672.049099206924,20.885387152791466,79.99999999994758,0.9013002232142857
2,formal,formal-v2,current,worker-118-df219020db24476aad80bc71745d3ead,completed,completed,measured,234.51356597302947,224.595356495,False,,40672.16777420044,20.91507746739305,87.99999999995416,0.9884170386904761
2,formal,formal-v2,current,worker-119-c8dcc848d4564a119a9be3b6bcd67095,completed,completed,measured,268.7077004950261,258.66694949,False,,40706.36223697662,19.102679157025726,95.99999999997928,0.9842280505952381
2,formal,formal-v2,current,worker-12-01810569cf1748428a7ff92120141ac8,completed,completed,measured,212.66813425597502,200.987673759,False,,226.8676941394806,1.1170605468749775,96.00000000000193,0.09265252976190476
2,formal,formal-v2,current,worker-12-b70f3874a3c545518ac839ff4687d64e,completed,completed,measured,301.7674097099807,295.304438321,False,,7590.077884197235,0.07051613136576829,95.99999999996251,0.013969494047619048
2,formal,formal-v2,current,worker-120-afb289b065cc41079c95a62dafd444c5,completed,completed,measured,125.8359014709713,116.038086894,False,,40563.49273109436,18.07898497782387,95.99999999996012,0.9321186755952381
2,formal,formal-v2,current,worker-121-0c7b94e017ce476c82f9e4a799ed24aa,completed,completed,measured,477.3640023340122,466.729555247,False,,40915.01986408234,17.869708978815396,103.99999999997173,0.9992243303571429
2,formal,formal-v2,current,worker-122-2ae00b5a96c44422bae95324e3f6ed97,completed,completed,measured,218.99425918399356,208.899762539,False,,40656.65313100815,21.95041710071165,79.99999999993729,0.9426078869047619
2,formal,formal-v2,current,worker-123-39315709e61c4629b3a4ef55a7de6d6d,completed,completed,measured,236.75990889401874,226.645057025,False,,40674.4145860672,20.870901199504637,87.99999999995916,0.9859821428571428
2,formal,formal-v2,current,worker-124-56b88ef8087348b1b553e052f09cca39,completed,completed,measured,329.70484389102785,319.06598114,False,,40767.362169981,12.989281749795655,87.99999999995872,0.6838485863095238
2,formal,formal-v2,current,worker-125-fc0f5c103eeb4b8cae931942a8ca4e04,completed,completed,measured,205.4758583320072,194.909148729,False,,40643.13067603111,15.293442892468455,87.99999999998778,0.7900372023809524
2,formal,formal-v2,current,worker-126-70290b78c00f449ba186949c9bbf9ae8,completed,completed,measured,232.5999124890077,222.546494975,False,,40670.25375199318,19.322957175936608,95.99999999994692,0.9969791666666666
2,formal,formal-v2,current,worker-127-2d96965c6dec44cbaaccc80db1b5159c,completed,completed,measured,198.2401117690024,188.224393608,False,,40635.89421916008,17.887085559117622,103.99999999999527,0.9999832589285714
2,formal,formal-v2,current,worker-128-792f50ab193c45c8ae79226aed4f91bd,completed,completed,measured,232.78083528898424,222.71934968,False,,40670.4377720356,17.887578347584537,103.99999999996402,1.0
2,formal,formal-v2,current,worker-129-d016088edad44e67b513d177faa7c5cc,completed,completed,measured,355.96458247397095,345.371970533,False,,40793.61909008026,23.1995915798763,79.99999999994762,0.9978087797619047
2,formal,formal-v2,current,worker-13-0b55ed975b284cfa8e8b31acb66ce9a3,completed,completed,measured,377.04384954302805,365.808108675,False,,391.2395420074463,0.0,79.9999999999983,0.0
2,formal,formal-v2,current,worker-13-b5516526a8b3457d8969608019463dd0,completed,completed,measured,632.4114976369892,624.945756598,False,,7920.722983121872,0.01673839253918102,207.99999999991013,0.0029110863095238096
2,formal,formal-v2,current,worker-130-eeca0cc1c52446ea89795fa107cbce7a,completed,completed,measured,439.47701250598766,428.832312155,False,,40877.1312520504,20.51777843539844,87.9999999999879,0.9707589285714285
2,formal,formal-v2,current,worker-131-19f7e69f832e4c3f937ab6406346e4fe,completed,completed,measured,366.107132122037,355.482256999,False,,40803.761149168015,23.210100147901038,71.9999999999687,0.893539806547619
2,formal,formal-v2,current,worker-132-7d3632e2aec34819b6e4fb20e76dabde,completed,completed,measured,115.62532388797263,105.750840951,False,,40553.27455615997,19.081705246917387,95.99999999998086,0.9847767857142857
2,formal,formal-v2,current,worker-133-679fe106303f4039a249be57318734b1,completed,completed,measured,113.46955595799955,103.401796058,False,,40551.12733101845,16.866506196956244,95.99999999997675,0.8936235119047619
2,formal,formal-v2,current,worker-134-917baa78243045cea0c601d37d24b5ae,completed,completed,measured,121.17603551701177,111.161983642,False,,40558.833396196365,18.807154345104838,95.99999999997688,0.9706808035714286
2,formal,formal-v2,current,worker-14-37fb812f648943909e4792dca0832ab4,completed,completed,measured,123.40596029598964,117.227646692,False,,7411.718059062958,9.689104938273974,191.99999999995305,1.0
2,formal,formal-v2,current,worker-14-8ffe4a9ec9334290b7ea15cf3f6d9370,completed,completed,measured,721.7923740629922,709.824384218,False,,735.9979870319366,3.281583767361144,239.99999999999758,0.4937053571428571
2,formal,formal-v2,current,worker-15-58b17593da5342f082df7f29da61c33b,completed,completed,measured,139.1613331940025,127.175334868,False,,153.36083102226257,7.755241608795892,40.00000000000209,0.22567336309523808
2,formal,formal-v2,current,worker-15-eaff38323a224df58869b675181d80b9,completed,completed,measured,535.386559186969,528.239038208,False,,7823.696425199509,2.5928906249998156,136.00000000000966,0.2773251488095238
2,formal,formal-v2,current,worker-16-54780e4e697348128a136038f82397bd,completed,completed,measured,534.3932804249926,527.308080171,False,,7822.703822135925,8.523899819958167,216.00000000001722,0.9894996279761905
2,formal,formal-v2,current,worker-16-e8dfcb3f34804efd82125a62d9326fcc,completed,completed,measured,218.3693203459843,206.862707949,False,,232.57451915740967,1.481480955387101,88.0000000000062,0.1028218005952381
2,formal,formal-v2,current,worker-17-9ff1e06be804477eb7f8b87856290384,completed,completed,measured,247.5992932880181,236.256842613,False,,261.79655408859253,8.01841235632283,231.99999999997132,0.9996335565476191
2,formal,formal-v2,current,worker-17-ed4e6c838f7548b794019b3af59d7941,completed,completed,measured,6135.387913068,6128.48048671,False,,13423.69868516922,0.0036864948830416327,151.99999999997127,0.0005152529761904762
2,formal,formal-v2,current,worker-18-9838a646afb24e919be6d3deb13fdc74,completed,completed,measured,567.938477727992,556.116365133,False,,582.1432449817657,2.5473049657231432,207.99999999998298,0.349453125
2,formal,formal-v2,current,worker-18-f9759e5867464fbd938e4f140c8a5706,completed,completed,measured,110.04511019104393,103.602946739,False,,7398.356968164444,0.0006924189814815954,79.99999999998683,3.162202380952381e-05
2,formal,formal-v2,current,worker-19-8cae133998014046b160d0746d1b35e7,completed,completed,measured,106.8937161709764,95.400240119,False,,121.09892010688782,0.816875197285372,175.99999999999602,0.11288504464285715
2,formal,formal-v2,current,worker-19-ce83e926742e4cd391c955f64d4c010e,completed,completed,measured,199.89796443999512,194.734072836,False,,7273.582229137421,9.687798454379665,191.999999999984,0.9992559523809523
2,formal,formal-v2,current,worker-19-fbec299201c2402498c57bf9b0c9fc40,completed,completed,measured,145.0950848790235,138.664469048,False,,7433.4080901145935,0.09454282407407982,31.999999999998053,0.004637276785714285
2,formal,formal-v2,current,worker-2-31256e50fdcf4c4881c488b8613850a2,completed,completed,measured,369.5963636970264,358.252162415,False,,383.7924470901489,2.576069912918681,168.00000000001242,0.2807626488095238
2,formal,formal-v2,current,worker-2-bf692062bd3b43cc9242cdecb6f87f40,completed,completed,measured,303.0355986409704,296.991938461,False,,7591.346978187561,0.06393795814044029,95.99999999998771,0.005751488095238095
2,formal,formal-v2,current,worker-20-c8b530f4585f414fab279fb2d927effb,completed,completed,measured,1204.5805820929818,1192.5952305,False,,1218.781630039215,4.864436406893368,71.99999999999461,0.24627046130952382
2,formal,formal-v2,current,worker-20-ec9f072846f144bb97fe27cb0a97c866,completed,completed,measured,152.30766169301933,145.861743504,False,,7440.619887113571,0.004139539930555708,63.999999999997634,0.00032738095238095237
2,formal,formal-v2,current,worker-21-4a083645548640caa30b08b23e9b3e42,completed,completed,measured,98.16447972797323,86.479572288,False,,112.38869404792786,8.661135223766435,23.999999999997222,0.14644903273809523
2,formal,formal-v2,current,worker-21-7c0df5bce6434a1ab72768b82aecc555,completed,completed,measured,126.513050345995,121.306647751,False,,7200.197252035141,17.757847583910984,96.00000000000568,0.9129947916666666
2,formal,formal-v2,current,worker-21-eda94f47eff44a61af810295952a4c12,completed,completed,measured,714.5551055260003,707.075617772,False,,8002.86799120903,7.372747757524497,191.99999999996487,0.7910081845238095
2,formal,formal-v2,current,worker-22-3c870c6acaa74b84b76d0475e7d8c795,completed,completed,measured,123.90877781400923,112.40155769,False,,138.11044216156006,1.767523238570559,256.0000000000062,0.2848623511904762
2,formal,formal-v2,current,worker-22-4189df3a67f14a8fa85d5ef5b23e83ec,completed,completed,measured,99.30544854799518,94.161062248,False,,7172.989787101746,13.29661644345106,56.00000000000557,0.42529947916666666
2,formal,formal-v2,current,worker-22-95fee02d72304072a3320b4d16ba6799,completed,completed,measured,560.1311985090142,552.568359878,False,,7848.443984031677,0.9500988136573452,80.00000000000524,0.05907552083333333
2,formal,formal-v2,current,worker-23-44e73e2abd0c40ef84612d3760bfd609,failed,failed,measured,1591.3461512269569,1579.374185197,False,virtual_cap_incomplete,1605.5504341125488,,,
2,formal,formal-v2,current,worker-23-f74e6246f76b4484b3776f9f4c3ca66b,completed,completed,measured,152.74875491700368,146.49566298,False,,7441.061196088791,3.7789200498591184,103.99999999995684,0.31177269345238096
2,formal,formal-v2,current,worker-24-2187c6c3f7fc4aea8d9e4ae4aa646036,completed,completed,measured,396.78296570503153,385.142835516,False,,410.98250007629395,8.30030247602553,223.99999999998929,0.9995145089285714
2,formal,formal-v2,current,worker-24-89e4eb3faa644cc29f37917afe1a9e8b,completed,completed,measured,234.23666027298896,227.569656476,False,,7522.548187017441,0.2785217737268641,31.999999999998593,0.006095610119047619
2,formal,formal-v2,current,worker-25-3c86b391fa0c4148816ebb0f8bfb2b0a,completed,completed,measured,6294.112012799014,6282.698154189,False,,6308.317476987839,0.0,48.000000000000426,0.0
2,formal,formal-v2,current,worker-25-45f3ce466c234a84b05e2401fb367cc0,completed,completed,measured,152.0261741639697,145.736030619,False,,7440.338772058487,0.3791497878088033,47.99999999997957,0.011625744047619048
2,formal,formal-v2,current,worker-26-a7a9369f6a26435384ac0439e978d645,completed,completed,measured,159.7592394349631,148.305110976,False,,173.98044204711914,0.0002979290674603124,112.0000000000019,8.370535714285714e-05
2,formal,formal-v2,current,worker-26-ea3a8c31d93c4810a5ab087983bff20b,completed,completed,measured,628.5118531080079,621.074561763,False,,7916.8218450546265,6.118788972078762,127.99999999997456,0.5379668898809524
2,formal,formal-v2,current,worker-27-7540793f5eca445f907256bc03422975,completed,completed,measured,275.5358315250487,269.369156637,False,,7563.845997095108,0.10225694444445325,239.99999999997934,0.023214285714285715
2,formal,formal-v2,current,worker-27-e2d0532580334ea982192065f454236f,completed,completed,measured,181.3321946169599,169.933055818,False,,195.55373120307922,12.204149948563964,143.99999999994935,0.9417336309523809
2,formal,formal-v2,current,worker-28-5bc224818d21480bb488af1683e3146e,completed,completed,measured,345.10202157497406,333.140751164,False,,359.3279650211334,4.1165116964922985,207.99999999999326,0.5025799851190477
2,formal,formal-v2,current,worker-28-ba0dc57d68ed496b917bbaa1b75faf6c,completed,completed,measured,281.37354240199784,274.2336791,False,,7569.684732198715,2.0374183524562843,183.99999999994873,0.28583333333333333
2,formal,formal-v2,current,worker-29-266649edca4246789ddff672a50d93c5,completed,completed,measured,839.4710762010072,832.367842087,False,,8127.783284187317,4.9837618840936795,224.00000000001063,0.622241443452381
2,formal,formal-v2,current,worker-29-cda0b33330fc4c1790f24d1111860385,completed,completed,measured,1123.2250682439771,1111.2540757,False,,1137.454745054245,3.393309461805556,176.0,0.39813988095238095
2,formal,formal-v2,current,worker-3-2ae2b56204b04b28928d9a4820b9c764,completed,completed,measured,604.033356881002,597.029965158,False,,7892.346023082733,5.069708478011209,175.99999999993233,0.5049534970238095
2,formal,formal-v2,current,worker-3-727a8b85925a4336816ab1e04c491e42,completed,completed,measured,7040.323281308985,7028.665628232,False,,7054.516965150833,0.11239221643518336,16.00000000000026,0.001402529761904762
2,formal,formal-v2,current,worker-30-9d541c749b444dac89011750a08768af,completed,completed,measured,1495.5490882140002,1483.64415612,False,,1509.7775330543518,2.037429503367117,87.9999999999951,0.1400502232142857
2,formal,formal-v2,current,worker-30-dddd8bbea864496ab25bc5d95a92839c,completed,completed,measured,980.2637760550133,972.983652653,False,,8268.576128005981,0.008473307291667913,159.99999999997647,0.0011886160714285714
2,formal,formal-v2,current,worker-31-0283017310e944559b6055ddad5bb7e9,completed,completed,measured,460.38879333098885,453.632272499,False,,7748.700904130936,10.57463063123204,104.00000000000149,0.6135900297619048
2,formal,formal-v2,current,worker-31-ac6ce4b00bef4f979ecae0038698466e,failed,failed,measured,1115.360331707052,1103.418903964,False,virtual_cap_incomplete,1129.5907080173492,,,
2,formal,formal-v2,current,worker-32-0b6ccc48f6154902806f19937f3e77a3,completed,completed,measured,190.80178278597305,183.740065624,False,,7479.113384008408,2.6176546509507173,151.99999999997533,0.3090848214285714
2,formal,formal-v2,current,worker-32-77efbfc9e9c946348a75a28ce12e598c,completed,completed,measured,441.38788727100473,429.660198366,False,,455.6218421459198,3.7318624131947624,239.99999999997956,0.5205450148809524
2,formal,formal-v2,current,worker-33-1354404e37344db1a36f45e0a623622a,completed,completed,measured,550.6085452379775,541.269490686,False,,15067.307619094849,0.360214301215335,255.99999999995933,0.05917410714285714
2,formal,formal-v2,current,worker-33-6775fbe9c29349b9b704af1a51db1836,completed,completed,measured,231.34716649801703,224.3318996,False,,16975.773341178894,10.186193287039542,119.9999999999705,0.7366889880952381
2,formal,formal-v2,current,worker-33-6c4f4da2423742dba2b89e694d575038,completed,completed,measured,114.77654491201974,108.957764141,False,,15776.44705915451,19.268849681712656,80.00000000000126,0.8300223214285715
2,formal,formal-v2,current,worker-33-7a4a762fe796493c96d4a035c828c1ab,failed,failed,measured,73.19108738197247,67.686589394,False,virtual_cap_incomplete,15346.543615102768,,,
2,formal,formal-v2,current,worker-34-5ef13dfe1eaa44c6976b0eabe114da30,completed,completed,measured,138.55446825601393,133.45128784800002,False,,16088.333604097366,0.8765931230710059,47.999999999999,0.03722284226190476
2,formal,formal-v2,current,worker-34-92c0dcefefa64ce48cec95eb9c8bdfe7,completed,completed,measured,141.3790217450005,135.108339624,False,,16885.807700157166,12.236891066645914,151.99999999995512,0.9999069940476191
2,formal,formal-v2,current,worker-34-cb06132a16094ac8890fb871439e8f47,completed,completed,measured,112.79594600602286,107.363181693,False,,15774.466596126556,19.19391001157452,79.99999999999814,0.8265308779761905
2,formal,formal-v2,current,worker-34-cf4d8752810348fa87edd40d2b378607,failed,failed,measured,74.30537691200152,68.703769229,False,virtual_cap_incomplete,15347.657850980759,,,
2,formal,formal-v2,current,worker-34-fad1b8cfaa244abab47e1a757453d433,completed,completed,measured,544.4676796599524,534.490844024,False,,15061.165269136429,7.17235128312945,231.9999999998819,0.9234412202380953
2,formal,formal-v2,current,worker-35-0a63aee44e424ca48cec113474388744,completed,completed,measured,454.1530197079992,447.010038759,False,,17198.580663204193,15.435160590283058,103.99999999996442,0.8690048363095239
2,formal,formal-v2,current,worker-35-6c095dc1c1234231a3ae3c2b283ce470,failed,failed,measured,49.91531306901015,44.264314929,False,virtual_cap_incomplete,15323.267666101456,,,
2,formal,formal-v2,current,worker-35-82564f1bf2314e40a8efb3832f1f6ed3,completed,completed,measured,520.1276368190302,510.209042747,False,,15036.820459127426,10.11037037037295,183.99999999995305,1.0
2,formal,formal-v2,current,worker-35-dfd8151eff004f4ead3b4e7588788b8a,completed,completed,measured,119.74043214699486,114.320847513,False,,15781.409713983536,14.756712094905431,80.00000000001071,0.6567020089285714
2,formal,formal-v2,current,worker-36-1c45c71304874465b62bb32b4ac7feb7,completed,completed,measured,121.78272001299774,115.701922446,False,,15783.454585075378,18.98604398148085,80.00000000000266,0.8201618303571429
2,formal,formal-v2,current,worker-36-3fce4a25835e4da4891727bafaa51338,failed,failed,measured,86.6141251869849,76.953938212,False,virtual_cap_incomplete,15360.526974201202,,,
2,formal,formal-v2,current,worker-36-49446484753c4fd882c32121cef2dbd0,completed,completed,measured,145.17219763697358,138.895063355,False,,16889.599924087524,15.661195126493475,111.99999999996153,0.9420256696428572
2,formal,formal-v2,current,worker-37-409cbd812cc1416ab8c43dd2c7d7c420,completed,completed,measured,112.33782257599523,106.639276359,False,,15774.00917506218,19.214174334490462,80.00000000000115,0.8275037202380953
2,formal,formal-v2,current,worker-37-64a1d07bf15d4fef85ef805d5a83de2b,completed,completed,measured,580.7179420280154,574.873697007,False,,16530.49693799019,1.4835408528646032,127.99999999999828,0.13753348214285716
2,formal,formal-v2,current,worker-37-a617eda5c37240208a0ae03870e921f1,failed,failed,measured,79.85158334299922,70.405130989,False,virtual_cap_incomplete,15353.751164197922,,,
2,formal,formal-v2,current,worker-37-cd9d64c0d8e747fa873e12aab91096ea,running,censored,observed_exit_upper_bound,7201.726321908995,,False,,23946.155424118042,,,
2,formal,formal-v2,current,worker-38-77f6f50256214ea1846fbb6990ae877c,completed,completed,measured,124.74819374398794,118.988014051,False,,15786.417613983154,14.855017650463177,79.99999999999886,0.6589043898809523
2,formal,formal-v2,current,worker-38-9104bdab09e144c4948dca32cf13bfd1,failed,failed,measured,53.573113932972774,44.093077435,False,virtual_cap_incomplete,15327.472754001617,,,
2,formal,formal-v2,current,worker-38-ef67221e241f40f9b64271a867b09d1a,completed,completed,measured,538.1279366159579,531.242635515,False,,17282.555864095688,10.569898003472336,175.99999999999812,0.9999981398809524
2,formal,formal-v2,current,worker-39-17e96abadd5048cd9e7fd45d1aa391be,completed,completed,measured,112.33378616702976,106.268220689,False,,15774.00497508049,19.017183159722318,79.9999999999996,0.8193787202380952
2,formal,formal-v2,current,worker-39-65ffe1ffd968462ea056fc4361a9b1ed,failed,failed,measured,77.52509960200405,67.993336162,False,virtual_cap_incomplete,15351.42341709137,,,
2,formal,formal-v2,current,worker-39-6dfa500bbf774ad286d2923e9f00e05f,completed,completed,measured,390.27289008902153,384.667440096,False,,16340.051762104034,0.02086998456790249,95.99999999999422,0.0022563244047619046
2,formal,formal-v2,current,worker-39-94a5917a07fa4567b236cc41376fbd3f,completed,completed,measured,724.7706497210311,717.69478601,False,,17469.19963502884,7.238803213614419,255.99999999998533,0.9963039434523809
2,formal,formal-v2,current,worker-4-16a1d21987c84e708f9e38ae84e8efa2,completed,completed,measured,331.02859178802464,319.419254121,False,,345.2222261428833,13.1618937227685,135.99999999998332,0.9686681547619047
2,formal,formal-v2,current,worker-4-3f0d29890e4e4dd49957a82a2a07e6e4,completed,completed,measured,97.03498936101096,90.532763335,False,,7385.34609413147,13.211234085655935,63.99999999996227,0.5300465029761905
2,formal,formal-v2,current,worker-40-2bcfad782ffa42c3a6a485c9524fd8e3,completed,completed,measured,710.1819690880366,704.119609304,False,,17454.608604192734,0.5393991729357525,192.00000000007273,0.062232142857142854
2,formal,formal-v2,current,worker-40-5c11e55adfae49aa96fe34753f0b1131,failed,failed,measured,53.57844684203155,44.093033871,False,virtual_cap_incomplete,15327.483735084534,,,
2,formal,formal-v2,current,worker-40-ffe5b1e339df42d48bebc35bdafff36c,completed,completed,measured,116.21650857297936,110.628849191,False,,15777.886085987091,14.032671875001677,79.99999999999044,0.6221502976190476
2,formal,formal-v2,current,worker-41-07072c323777410aa7058078fe758f3a,completed,completed,measured,595.4468325310154,588.699075112,False,,17339.874684095383,8.303159877233705,223.99999999995785,0.9998828125
2,formal,formal-v2,current,worker-41-ea04dcb4bb95451eab0bb434e0804fc3,failed,failed,measured,70.44796407199465,60.871117387,False,virtual_cap_incomplete,15344.349078178406,,,
2,formal,formal-v2,current,worker-41-f7ef2851216e451aa34e203204362032,completed,completed,measured,122.13599187700311,116.54689464,False,,15783.806215047836,18.607065840698453,88.00000000000094,0.8780803571428571
2,formal,formal-v2,current,worker-42-07b023a5754a42c5a4a8529221f7eb29,completed,completed,measured,349.86335814301856,342.66924092,False,,17094.291763067245,7.232506646050703,255.99999999998744,0.9973009672619048
2,formal,formal-v2,current,worker-42-2d19ff0f0b4b44ddb79a4bac5a219930,failed,failed,measured,80.91810186696239,71.314258927,False,virtual_cap_incomplete,15354.82283616066,,,
2,formal,formal-v2,current,worker-42-6b56091dde2a4e3dacc1a4adc2cd08c9,completed,completed,measured,114.66312595800264,108.796140436,False,,15776.334676027298,19.378611834492368,79.99999999999329,0.8349032738095238
2,formal,formal-v2,current,worker-42-96a2eb0cadf34c1cb0dd7c5cb6875753,completed,completed,measured,120.55681114899926,115.488203776,False,,16070.33627820015,18.02231705071672,87.99999999999399,0.8528552827380952
2,formal,formal-v2,current,worker-43-6f370ee6d9e449e1ba5053f3e5bc0843,completed,completed,measured,116.61130479199346,110.99408595700001,False,,15778.282299041748,19.326122829860743,80.00000000000152,0.8322247023809524
2,formal,formal-v2,current,worker-43-d23dad56065541c692c6fea17e4aa923,failed,failed,measured,77.16029227804393,67.933931619,False,virtual_cap_incomplete,15351.059964179993,,,
2,formal,formal-v2,current,worker-43-fd544ec1fd154772ad7fcf1fc4ef0c51,completed,completed,measured,407.2351565019926,399.621307016,False,,17151.662298202515,2.1115173791951762,128.00000000002578,0.2275967261904762
2,formal,formal-v2,current,worker-44-24a34391c93d4a0f86a14541362e89bc,completed,completed,measured,165.76742732297862,160.14715796,False,,15827.437184095383,1.349295862268596,79.99999999999541,0.08354910714285714
2,formal,formal-v2,current,worker-44-79708085cc6547479451328d7d2b6ddf,failed,failed,measured,67.18758913804777,57.965075965,False,virtual_cap_incomplete,15341.08761715889,,,
2,formal,formal-v2,current,worker-44-f4e5aef213dc42989491e5c196f7f00f,completed,completed,measured,382.1005632120068,375.105581253,False,,17126.52874803543,14.532993797025874,127.99999999994542,0.9999720982142857
2,formal,formal-v2,current,worker-45-48ac5a6dd3ad436fbcb090b74dad4626,completed,completed,measured,114.4810748330201,108.47896923,False,,15776.151840209961,19.251474392361608,79.99999999999794,0.8288913690476191
2,formal,formal-v2,current,worker-45-58f508781531434eb8536105a98e391c,failed,failed,measured,74.49737605295377,65.212424724,False,virtual_cap_incomplete,15348.397593021393,,,
2,formal,formal-v2,current,worker-45-a7f524dcc2584dfe94ae0bcfd119491b,completed,completed,measured,565.6572945649968,558.685845216,False,,17310.086127996445,12.235957297754146,152.00000000005141,0.9998456101190476
2,formal,formal-v2,current,worker-45-ac3c1577a27d4912979e318c4c0d53b4,completed,completed,measured,215.22866424603853,209.58997052900003,False,,16165.008009195328,0.2927493851273192,63.99999999999904,0.018229166666666668
2,formal,formal-v2,current,worker-46-2270d3ceee904acb8cf5e845403c43e3,completed,completed,measured,166.64530977996765,160.374120795,False,,16911.071745157242,7.499400481631928,247.9999999999635,0.9998772321428572
2,formal,formal-v2,current,worker-46-55bf66fd19f5417080b06426d4cd174d,completed,completed,measured,78.69796138699166,69.283399325,False,,15352.596310138702,2.0499544270833687,15.999999999999723,0.025238095238095237
2,formal,formal-v2,current,worker-46-8cc145c464ee486db3d48f7a3cbd6c45,completed,completed,measured,115.29314180702204,109.654795466,False,,15776.96439409256,19.321021412038625,79.99999999999343,0.8320498511904761
2,formal,formal-v2,current,worker-47-16d0d83fcee44a5d8f7ef4767f5c87c0,completed,completed,measured,248.79671644902555,243.106387591,False,,16993.222987174988,12.238566870735417,152.0000000000056,0.9999888392857142
2,formal,formal-v2,current,worker-47-250c9edc2fa648f4aaac82cd3d776158,failed,failed,measured,81.53018164500827,72.146310929,False,virtual_cap_incomplete,15355.427555084229,,,
2,formal,formal-v2,current,worker-47-71ad0942c7e445bab83c50e94e29b43b,completed,completed,measured,115.2654237219831,109.673343574,False,,15776.937041044235,19.29879253472358,79.99999999999436,0.8309393601190476
2,formal,formal-v2,current,worker-48-6230674bb0294917af8bbd28a3430128,failed,failed,measured,69.32965857401723,60.018331126,False,virtual_cap_incomplete,15343.229271173477,,,
2,formal,formal-v2,current,worker-48-b3095f5333af4c8d9804934a5f783000,completed,completed,measured,217.69667868397664,211.875885785,False,,16962.124915122986,8.607369845248929,216.0000000000355,0.9994847470238095
2,formal,formal-v2,current,worker-48-eb31d5c5ba254658b555e2956dbda496,completed,completed,measured,202.95272432401543,196.574044232,False,,15864.622693061829,15.35771108217535,80.000000000003,0.7068433779761905
2,formal,formal-v2,current,worker-49-1e31dc03958e4881a0bfa7fbcffab49c,failed,failed,measured,70.64829846902285,61.125990328,False,virtual_cap_incomplete,15344.554485082626,,,
2,formal,formal-v2,current,worker-49-7972ff0be6e24a24b436e310344dd25a,completed,completed,measured,648.2103562859702,641.269587374,False,,17392.63687801361,9.301022280094328,199.9999999999627,0.9999739583333334
2,formal,formal-v2,current,worker-49-8bb7cfebb9814ddaa3c9fe11b5dffc90,completed,completed,measured,115.49436981399776,109.859897767,False,,15777.16473698616,19.28747612847328,79.99999999999561,0.830952380952381
2,formal,formal-v2,current,worker-5-6fe5b6ba7e0f43d7863d20b86b540b21,failed,failed,measured,427.179480219027,420.97421206599995,False,virtual_cap_incomplete,7715.490390062332,,,
2,formal,formal-v2,current,worker-5-f46bc46b13354077876f90183fd58a40,completed,completed,measured,251.48591837502318,239.986259016,False,,265.68329906463623,4.084622292493429,111.99999999999882,0.2773065476190476
2,formal,formal-v2,current,worker-50-0fbb4eedaeee47f2a423b5a9ddf54a53,completed,completed,measured,135.78888082801132,130.753971068,False,,16085.568129062653,0.0002084366732804206,112.00000000000145,4.836309523809524e-05
2,formal,formal-v2,current,worker-50-82a2ad1c022f4299aa3a2afe43067f1e,failed,failed,measured,69.65616959304316,60.2306765,False,virtual_cap_incomplete,15343.561489105225,,,
2,formal,formal-v2,current,worker-50-956356f598994b2b8c294468280737b7,completed,completed,measured,113.98027306603035,108.42064845400002,False,,15775.650361061096,19.255237123843475,79.99999999999633,0.8293954613095238
2,formal,formal-v2,current,worker-50-d534a0684e9b4e86915e5273d7182857,completed,completed,measured,131.35386698396178,125.056032467,False,,16875.782422065735,15.788142583693006,103.99999999997664,0.8845572916666666
2,formal,formal-v2,current,worker-51-235d9c0d700b4f91b62036cf0fcfb0b1,failed,failed,measured,80.16502185899299,70.674047049,False,virtual_cap_incomplete,15354.065087080002,,,
2,formal,formal-v2,current,worker-51-30ee02aa8aac4d798d246708b3359ab7,completed,completed,measured,488.27016118500615,481.277137014,False,,17232.697025060654,7.17701383721939,223.99999999998516,0.9027418154761905
2,formal,formal-v2,current,worker-51-59f6d818647e468080dc0fd64d1d318d,completed,completed,measured,116.49397488799877,110.921901399,False,,15778.165463209152,17.84688078703745,79.99999999999815,0.7748102678571429
2,formal,formal-v2,current,worker-52-026f4ebc103143849ed4707c2852d9d9,completed,completed,measured,114.76442155399127,109.184578133,False,,15776.436142206192,19.056047887733616,79.99999999999103,0.8228218005952381
2,formal,formal-v2,current,worker-52-5f9ce0f83db74d30b74db20e04413be3,completed,completed,measured,211.28500137402443,204.153946917,False,,16955.711074113846,12.120070334760904,103.99999999997367,0.7541796875
2,formal,formal-v2,current,worker-52-ad570c4d336f4066a1903438985e1f98,completed,completed,measured,83.51086861803196,74.020162822,False,,15357.415630102158,2.1753559027778278,15.999999999999632,0.026551339285714286
2,formal,formal-v2,current,worker-53-b9a1805cb43b43c7b6483c4f3d7a62c1,completed,completed,measured,118.98946309799794,109.501819847,False,,15781.207700014114,19.335084056711473,80.00000000000617,0.8323735119047619
2,formal,formal-v2,current,worker-53-fcf7728b5ac94cc69635f4bc294d5dab,completed,completed,measured,312.08210057596443,306.173888343,False,,17056.509625196457,12.238256502807516,151.99999999993327,0.9999702380952381
2,formal,formal-v2,current,worker-54-57ab98e81f77496aafac47186238cd3f,completed,completed,measured,117.86825520102866,108.413749783,False,,15780.081459999084,19.366038773148365,79.9999999999991,0.8337388392857142
2,formal,formal-v2,current,worker-54-827b6c09d75947cea78066411221628b,completed,completed,measured,165.6425868590013,159.282867754,False,,16910.06998515129,1.3823119212966246,111.9999999999734,0.12246837797619048
2,formal,formal-v2,current,worker-55-15bb44583d4a41f2b6868d0fec6ac75a,completed,completed,measured,117.64919091097545,108.170128873,False,,15779.866594076157,19.29390653935,80.00000000000767,0.8308463541666666
2,formal,formal-v2,current,worker-55-d57ae51d6d1d48fd965b507a2c22371b,completed,completed,measured,255.67783592600608,248.453742637,False,,17000.105135202408,12.63021141975495,119.99999999998228,0.8721223958333333
2,formal,formal-v2,current,worker-56-343268e58e4641aaa62ac5f471623c85,completed,completed,measured,116.95682447002036,107.512209926,False,,15779.175004005432,19.231204137730835,80.00000000000267,0.8279278273809524
2,formal,formal-v2,current,worker-56-7819aec3e17143fda49711a6b9c3744c,completed,completed,measured,282.1889726530062,275.230756391,False,,17026.616180181503,10.769670062746636,151.99999999995808,0.9181473214285715
2,formal,formal-v2,current,worker-57-b8f0b9f4c9b142f1a2fb5a4411b9ebcf,completed,completed,measured,280.94660037604626,270.812539997,False,,17025.91194009781,14.499907678678076,127.9999999999708,0.9980598958333333
2,formal,formal-v2,current,worker-58-f1d556e8aa2c4819ab32bfa76afe5586,completed,completed,measured,518.890537254978,508.220036787,False,,17263.86324119568,11.07311115245031,167.99999999995114,0.9999944196428572
2,formal,formal-v2,current,worker-59-10941efb93604d7db48e474a6b88f805,completed,completed,measured,544.676361345977,534.014341747,False,,17289.65243411064,10.569932659935361,175.999999999955,1.0
2,formal,formal-v2,current,worker-6-6da7ff4ee857451fb836fd6c28e444a0,completed,completed,measured,476.78358951502014,470.02832328700003,False,,7765.095329999924,0.471303801360128,127.99999999995266,0.0821000744047619
2,formal,formal-v2,current,worker-6-f64f4ad42107473a86642a11ad6e0b8b,failed,failed,measured,461.33567091001896,449.459918051,False,virtual_cap_incomplete,475.5328760147095,,,
2,formal,formal-v2,current,worker-60-e1b73ba6f6c24b53846c6e412c6c1484,completed,completed,measured,184.6943890590337,174.672502137,False,,16929.66920399666,10.08761555203327,183.99999999999525,0.9977976190476191
2,formal,formal-v2,current,worker-61-8c4981d220244b7688210e49af96cb48,completed,completed,measured,281.5973054339993,270.956130913,False,,17026.57003712654,12.776065266929038,127.99999999998043,0.9174107142857143
2,formal,formal-v2,current,worker-62-87ff9ab3a7bd4332834dc880f991c67a,completed,completed,measured,565.1297881379724,554.514590413,False,,17310.105830192566,10.566846393624424,175.99999999998857,0.9998084077380952
2,formal,formal-v2,current,worker-63-e9ea7f7e5a034da3bff7f6e1c909f367,completed,completed,measured,130.69481991796056,120.736995075,False,,16875.669459104538,10.110269914955774,183.99999999999895,0.9999962797619047
2,formal,formal-v2,current,worker-64-81db0ea751004f8ba81b3f28a7317e96,completed,completed,measured,239.95614875899628,229.087558965,False,,16984.929764032364,14.380488040130096,95.99999999995568,0.8141852678571428
2,formal,formal-v2,current,worker-65-c38c45f3d69b4fe2b570cfde20dd065b,completed,completed,measured,493.5052319590468,487.4357963460001,False,,25022.49559211731,0.008958695023148402,255.99999999999272,0.002771577380952381
2,formal,formal-v2,current,worker-65-e4dde88cf4454ba4a40bd12bb22d54b5,completed,completed,measured,118.6530965710408,109.079178909,False,,24077.843312978745,1.2973410790600273,103.99999999998411,0.14242931547619048
2,formal,formal-v2,current,worker-66-5bbfad5baeb14beea69d4d8ba02ae651,completed,completed,measured,619.0658006019657,608.704189074,False,,25148.60578918457,4.721416648582806,255.99999999996584,0.6924665178571429
2,formal,formal-v2,current,worker-67-61adf61ba5c348049f7485ded096d95d,failed,failed,measured,2632.686211797991,2622.275850361,False,virtual_cap_incomplete,27162.22302699089,,,
2,formal,formal-v2,current,worker-68-b3c2aecba91940c1ad0b3635733d2ef3,completed,completed,measured,619.2460613220464,608.815871714,False,,25148.785837173462,7.2667659957316015,256.00000000001614,0.9996391369047619
2,formal,formal-v2,current,worker-69-4a057e2fcb58487a9700cf28f4395a41,completed,completed,measured,226.1556734839687,216.320472404,False,,24755.69538116455,0.001905715811965911,207.9999999999892,0.0005970982142857143
2,formal,formal-v2,current,worker-7-22c03c6bd29a471f8b194bc10f181087,completed,completed,measured,209.9525702429819,198.533391142,False,,224.15203309059143,0.0019375723379629899,159.99999999999778,0.0004985119047619048
2,formal,formal-v2,current,worker-7-caedc586ce8e47438ba6b9229324e8b3,completed,completed,measured,372.89664494397584,366.636863156,False,,7661.207033157349,0.024514392109504627,183.99999999997132,0.003939732142857143
2,formal,formal-v2,current,worker-70-fe47182c5eec49b4b96ae2cce159f46f,completed,completed,measured,445.74339634302305,435.329766977,False,,24975.28576898575,11.891550088330604,151.9999999999726,0.978056175595238
2,formal,formal-v2,current,worker-71-3b8619bc5aa84782b596786bcf22ce49,completed,completed,measured,445.91336050996324,435.978693947,False,,24975.457116127014,0.03970949074073731,40.00000000000345,0.0012183779761904762
2,formal,formal-v2,current,worker-72-9c59497816bb42d39a90e5181018a704,failed,failed,measured,1717.6133053699741,1707.221436813,False,virtual_cap_incomplete,26247.15425801277,,,
2,formal,formal-v2,current,worker-73-64aee7f33e164b48b6a3c0af246cd8b1,completed,completed,measured,128.34976096701575,118.375141416,False,,24657.896420001984,15.970037856867213,96.00000000000043,0.8317057291666666
2,formal,formal-v2,current,worker-74-a8045f2a78bc4993b9e635945e4fd92b,completed,completed,measured,274.023730136978,264.235371245,False,,24803.568598031998,2.328995044849617,127.9999999999956,0.1997935267857143
2,formal,formal-v2,current,worker-75-c7852e6a76cc4605a42a5ba183f5b8c1,completed,completed,measured,108.13357360096416,98.16671896,False,,24637.67480301857,1.2605689897487078,223.99999999999454,0.19433221726190475
2,formal,formal-v2,current,worker-76-8d659b821e734bbab10614c669833d12,failed,failed,measured,2458.2766472219955,2447.832108125,False,virtual_cap_incomplete,26987.828332185745,,,
2,formal,formal-v2,current,worker-77-703dfd990e7f474fa999522ccb55904c,completed,completed,measured,177.09857935103355,167.126545595,False,,24706.640351057053,12.857668708206369,143.99999999998167,0.9947358630952381
2,formal,formal-v2,current,worker-78-200e985772784328922f099457b28347,completed,completed,measured,254.50075134797953,244.531230338,False,,24784.04227900505,0.0067981288580251705,239.9999999999831,0.0021651785714285714
2,formal,formal-v2,current,worker-79-fdbbb6ce18e64c82be82c9dcc5078700,completed,completed,measured,461.5359602890094,451.209901031,False,,24991.072748184204,0.003138283880471533,175.99999999999147,0.000703125
2,formal,formal-v2,current,worker-8-6173974011c74323af00758c666ef3f7,completed,completed,measured,182.59901070297929,176.640981459,False,,7470.909737110138,6.032158564815122,39.99999999999797,0.16643229166666668
2,formal,formal-v2,current,worker-8-c6b9ffe327024f60853cb39dddbf84b7,completed,completed,measured,247.2114593439619,236.099463932,False,,261.40596103668213,0.004788940081908943,207.99999999999514,0.0014304315476190476
2,formal,formal-v2,current,worker-80-19eb136c281345e8888bb771f7551417,completed,completed,measured,244.1362840119982,234.080236928,False,,24773.684717178345,7.266811297379277,256.00000000007356,0.999897693452381
2,formal,formal-v2,current,worker-81-f01dc7620e7e4d60893222b0d34fa8e2,completed,completed,measured,500.90463615301996,490.440209788,False,,25030.453099012375,0.008864965691137735,223.99999999999577,0.0023995535714285716
2,formal,formal-v2,current,worker-82-95bc599abe5d41b0871a86e0d508641d,completed,completed,measured,195.62352846201975,185.666281426,False,,24725.170210123062,9.298485937500287,199.99999999999383,0.9986625744047619
2,formal,formal-v2,current,worker-83-5fb0fd4cbaa24c71ae1fbf46d0b8bfe4,completed,completed,measured,440.37033364904346,430.008185273,False,,24969.91120815277,0.0036078960905349716,144.0000000000003,0.0007087053571428572
2,formal,formal-v2,current,worker-84-fcae3799998d459d9f5d0a189d6b44fd,running,censored,observed_exit_upper_bound,7199.503494785982,,False,,31729.047246932983,,,
2,formal,formal-v2,current,worker-85-a3e07aad92df427aa9a43d9ed1dabe4a,completed,completed,measured,314.4395551739726,304.015192305,False,,24843.98189997673,3.4313283661265324,192.0000000000006,0.400249255952381
2,formal,formal-v2,current,worker-86-fd2a7d3c87084f1ca345a14171cb5454,failed,failed,measured,1035.649663846998,1025.058877938,False,virtual_cap_incomplete,25565.212215185165,,,
2,formal,formal-v2,current,worker-87-3effbb30b09a4ce2a17455c1167d3415,completed,completed,measured,175.01088280195836,164.975170889,False,,24704.552145004272,12.17457457663063,152.00000000002404,0.9935584077380952
2,formal,formal-v2,current,worker-88-9e8385125e72470d8c5b87f6b0e1f819,completed,completed,measured,155.18483785900753,145.026012413,False,,24684.735283136368,15.109321469908057,119.99999999999484,0.9721205357142857
2,formal,formal-v2,current,worker-89-c97a9ac553c64aa1a3ce960d47f2e866,completed,completed,measured,5618.051273988036,5607.645582956,False,,30147.608870983124,0.0016739004629630846,191.99999999998604,0.0005152529761904762
2,formal,formal-v2,current,worker-9-4d23b3dc275a4609a9a9019f8a33bbd2,completed,completed,measured,433.6027438340243,426.424799659,False,,7721.9153690338135,0.1881637524801362,224.00000000002683,0.06234561011904762
2,formal,formal-v2,current,worker-9-b36234bc8c5048bbb8e1e873478d7405,completed,completed,measured,1719.8170114019886,1707.861717244,False,,1734.0171480178833,0.012560221354166247,192.00000000000642,0.0033537946428571427
2,formal,formal-v2,current,worker-90-d259ea128c3643b7a023a131bdb084d2,completed,completed,measured,445.55928026197944,435.04119083,False,,32491.878202199936,0.29979456018527684,55.999999999982876,0.007029389880952381
2,formal,formal-v2,current,worker-91-f44b0a957b94433ebcac3f5443db3e17,completed,completed,measured,331.5666561750113,320.760498478,False,,32377.88536810875,11.082727237656083,119.99999999998091,0.7273009672619047
2,formal,formal-v2,current,worker-92-56ca8bf008ab4d68bbcdc8fa1f738d23,completed,completed,measured,320.42643773398595,309.807013102,False,,32366.746224164963,12.579802846170326,87.99999999999795,0.6129241071428572
2,formal,formal-v2,current,worker-93-6c3597daafd3447fbef2d55193691f2d,completed,completed,measured,323.8368777179858,313.136242301,False,,32370.15832400322,13.743760579433165,127.99999999994337,0.9458575148809524
2,formal,formal-v2,current,worker-94-359ddb9a763f48669d74f24c4be11e6d,completed,completed,measured,307.6461143359775,296.892234792,False,,32353.971435070038,14.739934510032242,119.99999999998879,0.9504389880952381
2,formal,formal-v2,current,worker-95-1dfb02cc83d24c3f9bdcbe2d31774da7,completed,completed,measured,336.65793965698685,326.042724564,False,,32382.977191209793,12.749302752462995,127.99999999996481,0.880102306547619
2,formal,formal-v2,current,worker-96-18b2daa2e3d44eb48f7e87d7a87a2c80,completed,completed,measured,323.35360867501004,312.630490726,False,,32369.6756131649,13.81426052518039,127.99999999993717,0.9503962053571429
2,formal,formal-v2,current,worker-97-f5aec2a6c31149cfa98adde3059d4863,completed,completed,measured,312.84952062298544,302.478080185,False,,32359.165030002594,14.73509837963379,111.99999999996838,0.8886328125
2,formal,formal-v2,current,worker-98-661cd3be1c754408ab96c34f844f81ee,completed,completed,measured,108.39040869602468,97.64736819,False,,32154.714398145676,13.363812655807044,103.99999999998288,0.8117522321428572
2,formal,formal-v2,current,worker-98-b40a0a9c218e45e998152055d99e8320,completed,completed,measured,406.0460466219811,399.636824176,False,,32994.823300123215,17.887578347582934,103.99999999997333,1.0
2,formal,formal-v2,current,worker-99-3d389bcb27b24a2bafe5ac22bf935137,completed,completed,measured,343.0294802649878,332.184537728,False,,32389.365195035934,13.715642457570748,119.99999999992107,0.8863969494047619
3,formal,formal-v2,current,worker-10-0165dce39497474c9e56008d4fc65182,completed,completed,measured,839.6350095369853,798.257411539,False,,2628.23642206192,2.340048556857799,127.99999999999125,0.20576636904761905
3,formal,formal-v2,current,worker-10-c7aad413b8e849f38c02ad5a645d0a18,completed,completed,measured,206.75589530204888,177.516423395,False,,7350.306683063507,35.94721698747617,26.38873217395298,0.5322526041666666
3,formal,formal-v2,current,worker-11-2580ca88b9e94ced97d019d3d655415b,completed,completed,measured,254.65336438798113,213.034083383,False,,2043.2563400268555,12.884299207955126,35.24583933400349,0.29378162202380953
3,formal,formal-v2,current,worker-11-952e30e5643f442b8a1df0f9c7d6c01a,completed,completed,measured,693.4881944280351,661.700195002,False,,7837.034043073654,3.1834024349122165,61.76522047114747,0.1665531994047619
3,formal,formal-v2,current,worker-12-b92f94f0549e4bdb8e27b907588965de,completed,completed,measured,1085.4943634899682,1053.486515981,False,,8229.043719053268,0.013407033915271647,197.0393287327966,0.0024925595238095236
3,formal,formal-v2,current,worker-12-d8a2c6b89e6346de87af56c726c9127a,completed,completed,measured,630.7662680330104,589.95702268,False,,2419.372894048691,0.00701695148650046,255.98888313960933,0.0024386160714285716
3,formal,formal-v2,current,worker-13-49a9458cb42f4282a780af0f15878484,completed,completed,measured,568.1560975730536,536.118608617,False,,7711.7070100307465,21.965174043401948,44.24473577304471,0.5506696428571428
3,formal,formal-v2,current,worker-13-8000bcc6b00c46cda8c6ad23377f380b,completed,completed,measured,945.4025802980177,905.023942554,False,,2734.0136818885803,2.64515480856365,255.81591465593667,0.42758370535714285
3,formal,formal-v2,current,worker-14-8fc6dc4d54354a54ad9ba571d5808b4d,completed,completed,measured,410.63681811495917,378.295024023,False,,7554.186665058136,5.468842065953529,95.45730303711568,0.3708779761904762
3,formal,formal-v2,current,worker-14-c0a9fd0193df4b198fac735b0078d768,completed,completed,measured,746.8092841710313,705.905880153,False,,2535.4179010391235,0.01614634165676658,255.78692907302286,0.004906994047619047
3,formal,formal-v2,current,worker-15-4278cb07ea2444d3abccfd4a86a751c5,completed,completed,measured,325.3092482070206,284.422152333,False,,2113.9233701229095,14.892372319323155,116.32550272138198,0.9272228422619048
3,formal,formal-v2,current,worker-15-44ab5980e14b4f1db2943583da887db9,completed,completed,measured,497.80505117599387,465.671093383,False,,7641.352180957794,15.366138416208157,43.40567461393818,0.42265997023809526
3,formal,formal-v2,current,worker-16-b5befba836344d308b794475b71bb51d,completed,completed,measured,785.7530826150323,754.152647882,False,,7929.29909491539,10.374506075874399,52.5169568981148,0.4015159970238095
3,formal,formal-v2,current,worker-16-bd605346876147c6a6d4031178b413ba,completed,completed,measured,256.7292982339859,215.02417063,False,,2045.3461170196533,8.079840651639287,29.237481282119862,0.1754092261904762
3,formal,formal-v2,current,worker-17-475492699dc04da8848b3005287c2c75,completed,completed,measured,676.7395317259943,646.88874075,False,,7820.291136026382,0.02374226418884079,200.32889602456643,0.004618675595238095
3,formal,formal-v2,current,worker-17-8732e15991bd45b182454e6bbe852f51,completed,completed,measured,1136.1738285309984,1095.356725732,False,,2924.796103000641,2.161486927345762,255.77457618800608,0.3702083333333333
3,formal,formal-v2,current,worker-18-1be357d7e8a24e0dacc908e5681fe903,completed,completed,measured,468.5736452609999,426.899716209,False,,2257.190423965454,12.76151735065885,108.31609454623695,0.7724683779761905
3,formal,formal-v2,current,worker-18-52408104da554156a18da817a59af4d4,completed,completed,measured,223.3042895469698,192.651750838,False,,7366.852432012558,16.004131612040275,31.725762307589125,0.33074404761904763
3,formal,formal-v2,current,worker-19-7c1a8a1c8c074d6b9130ef26e0c75915,completed,completed,measured,801.3094617370516,769.471862415,False,,7944.859436035156,3.3310667427270393,98.876115446782,0.20654017857142856
3,formal,formal-v2,current,worker-19-f77dc3bee77f44e2a00a95ff6d97fb99,completed,completed,measured,780.1287079710164,739.151505558,False,,2568.7440938949585,0.006912099282633088,255.96387043086713,0.002302827380952381
3,formal,formal-v2,current,worker-20-08ecf976ad6241858aa096d75b2cbcc1,completed,completed,measured,340.7248957970296,300.246560938,False,,2129.3458580970764,16.834693675507573,97.84181126459579,0.8858072916666667
3,formal,formal-v2,current,worker-20-7a7ef88e50074dd1b756b80ecc238df4,completed,completed,measured,236.9647983799805,206.500925908,False,,7380.512541055679,14.679004228678224,35.87548845652718,0.34094122023809526
3,formal,formal-v2,current,worker-21-1073482f8aa941debfd01f91b8374d87,completed,completed,measured,835.8036671259906,804.320866415,False,,7979.356175899506,6.124095696938857,92.60842717625363,0.35593191964285714
3,formal,formal-v2,current,worker-21-ca609940d90845b59ebbdb952cce41a1,completed,completed,measured,2231.2933799879975,2189.927185348,False,,4019.9113340377808,4.8707907343109635,71.99999999999609,0.24679129464285715
3,formal,formal-v2,current,worker-22-1eed230eb5df4b879be7013490b5ca40,completed,completed,measured,266.80412449501455,236.830025575,False,,7410.355861902237,2.030216242394776,59.23804526595887,0.11144159226190477
3,formal,formal-v2,current,worker-22-fa3ca18b688e49079d2ad592ffb9e742,completed,completed,measured,1304.5038336589932,1262.846848148,False,,3093.1299760341644,3.218217257957109,255.98424910681405,0.5153497023809523
3,formal,formal-v2,current,worker-23-42bb1e085ca142aa8114d6e6bd3bcb61,completed,completed,measured,1601.4151936410344,1569.041363322,False,,8744.96175289154,0.0012276660798937748,187.2342283261586,0.0002659970238095238
3,formal,formal-v2,current,worker-23-61c6b53b427844fbabf968dc399bbecb,completed,completed,measured,267.7583449400263,226.92732086,False,,2056.3770151138306,1.9051201080294458,178.56046477631668,0.22649739583333334
3,formal,formal-v2,current,worker-24-0651426f27524e1f90f448b13fb27f96,completed,completed,measured,348.3842511869734,316.087662322,False,,7491.934633970261,3.128432306377044,68.76754776410597,0.14817150297619047
3,formal,formal-v2,current,worker-24-ec53313770224992a10b15899ef0aad1,completed,completed,measured,799.8670981129981,759.95426895,False,,2588.496468067169,0.00504396582732768,255.1499428524945,0.0015197172619047618
3,formal,formal-v2,current,worker-25-3d55cfc2bb294409b29b8c837d5adba2,completed,completed,measured,5661.431022935954,5629.953216535,False,,12804.98276090622,0.0014131421491769731,194.69188925901858,0.00026413690476190477
3,formal,formal-v2,current,worker-25-4d101955483f42fabf7eabf8ed7b0547,completed,completed,measured,1169.267760586983,1127.746478097,False,,2957.8800699710846,3.602447441727653,248.96903377614976,0.519663318452381
3,formal,formal-v2,current,worker-26-8041901be66749079953fb6e848d519d,completed,completed,measured,468.18175515701296,436.093279758,False,,7611.730377912521,3.432411284278589,88.55047659490312,0.24314360119047618
3,formal,formal-v2,current,worker-26-cadf52769ca6459f8c43674be2a5012f,completed,completed,measured,549.6852124839788,508.065309767,False,,2338.306093931198,1.9753993055557526,127.99999999998724,0.18047433035714286
3,formal,formal-v2,current,worker-27-2426ec659d4d4de0932502fccdb1d2bc,completed,completed,measured,592.4893092670245,550.835551767,False,,2381.1062400341034,3.5005865680055037,186.95590996199962,0.3948623511904762
3,formal,formal-v2,current,worker-27-70ec863a19d14942a7301251cb94801e,completed,completed,measured,448.2594515279634,418.14284482,False,,7591.808096885681,0.020044200593959123,175.01194525534046,0.0031510416666666666
3,formal,formal-v2,current,worker-28-6a7156f150ea405e809f334681e54a48,completed,completed,measured,1395.8025783920311,1353.660457083,False,,3184.424381017685,2.4871162389413426,255.9680351793396,0.41513206845238093
3,formal,formal-v2,current,worker-28-8aa6b61684684fa4be7edb441223954f,completed,completed,measured,1254.8404761700076,1223.002202707,False,,8398.392487049103,1.3678606054630449,189.86554175927242,0.22135974702380953
3,formal,formal-v2,current,worker-29-52ab2ecc3b504e419e04e4730096010c,running,censored,observed_exit_upper_bound,7201.13588528597,,False,,14344.683704137802,,,
3,formal,formal-v2,current,worker-29-f712534d112041a095d91dcad0d5b2e1,completed,completed,measured,376.088514417992,335.376670662,False,,2164.703861951828,3.6437792583120427,65.78568610370814,0.15560267857142857
3,formal,formal-v2,current,worker-30-3cd900cee51145099dff48b1dfd3c787,completed,completed,measured,1872.8692595760222,1840.857776894,False,,9016.42273902893,0.47573807036994853,178.99618767046866,0.05775669642857143
3,formal,formal-v2,current,worker-30-a6356e0ac12e46ea9c8e3e3e231f183b,completed,completed,measured,3240.093290269957,3198.524276485,False,,5028.7111120224,0.02264006892333995,255.93144504883236,0.00646391369047619
3,formal,formal-v2,current,worker-31-65b9b6906cd5470da92941718b4a8ed2,completed,completed,measured,265.98548996902537,225.180762958,False,,2054.6078131198883,0.08920240067525818,59.325005048190135,0.005202752976190476
3,formal,formal-v2,current,worker-31-c25fc423a37f4f2cba1dd6e08d9e4305,completed,completed,measured,723.4748310789582,693.199882168,False,,7867.021022081375,0.010665495758665476,170.16190828603322,0.0017020089285714286
3,formal,formal-v2,current,worker-32-1b35ee19d3bc4a33b0e551dfa86fb9a4,completed,completed,measured,283.4047909329529,253.736477312,False,,7426.951374053955,0.009551262666783284,83.45318950397775,0.0006063988095238095
3,formal,formal-v2,current,worker-32-56bc4c1865514ada84cd51fe5eccc80a,completed,completed,measured,281.7736196210026,240.845184789,False,,2070.39897108078,0.037806020145634424,60.3721456731836,0.003364955357142857
3,formal,formal-v2,current,worker-33-9456bdfd48bf47a5b3df9564381d22b4,completed,completed,measured,5334.774266225984,5293.340158667,False,,7123.395544052124,0.015743426744910898,255.6887221498898,0.004867931547619048
3,formal,formal-v2,current,worker-33-e7d8485365314cbc87712bbc6b0b0871,completed,completed,measured,212.47787908202736,181.219128093,False,,7356.031503915787,1.1290189814727265,48.68766148623814,0.04498697916666667
3,formal,formal-v2,current,worker-34-18aff58cc27047b2b0deab4439ca39cb,completed,completed,measured,303.98771769204177,262.916917155,False,,2092.6296010017395,16.071327688119705,109.83221402545689,0.9433705357142858
3,formal,formal-v2,current,worker-34-d40020b0ea114d72aee1f2a05bf0b63c,completed,completed,measured,348.13672344200313,317.443567412,False,,7491.683506011963,1.7664959363631687,150.9176244804912,0.21280319940476192
3,formal,formal-v2,current,worker-35-a25947c3bb4549f4a5163f95696160d7,completed,completed,measured,2090.099811860011,2048.883070378,False,,3878.747607946396,3.406390269885544,176.00000000004235,0.3997172619047619
3,formal,formal-v2,current,worker-35-c5d3515345834e28a449df47423ff240,completed,completed,measured,1569.6704240150284,1538.373593685,False,,8713.222598075867,0.18833295699290867,195.05883373257754,0.019879092261904763
3,formal,formal-v2,current,worker-36-2f5ca12e94fb4a62b7c5d9cfed30f486,completed,completed,measured,953.6965903610107,922.141039956,False,,8097.244486093521,0.052010266397441315,177.04882361330286,0.007881324404761905
3,formal,formal-v2,current,worker-36-c82f334705144d4dbbcf2199835e216b,completed,completed,measured,411.9456782549969,371.171061487,False,,2200.5910930633545,12.250905065868476,151.46134644031284,0.9958891369047619
3,formal,formal-v2,current,worker-37-5219947146c548e186d95dc5d53520a5,completed,completed,measured,1600.0800117799663,1558.495341076,False,,3388.7273728847504,1.5036336498281013,39.710031951335935,0.053316592261904765
3,formal,formal-v2,current,worker-37-c6342cc6c9154609b2246f9f04990dbe,completed,completed,measured,262.5122360920068,233.091310074,False,,7406.0643219947815,4.2533318541771585,82.99225173702145,0.2571856398809524
3,formal,formal-v2,current,worker-38-127d4f2ba5584d91ba8449db7a142152,completed,completed,measured,1036.3867386290221,994.683970271,False,,2825.0368580818176,0.007846033053827361,255.70541627650564,0.002395833333333333
3,formal,formal-v2,current,worker-38-8020cbb1d44a476eb95bbc41ec93f86c,completed,completed,measured,1162.6492203600355,1130.592297632,False,,8306.200680971146,2.1747292718841043,66.71318902803263,0.09626116071428571
3,formal,formal-v2,current,worker-39-084ef208a7bc480babd4ff4dd6ac20d5,completed,completed,measured,663.4201818709844,621.852867796,False,,2452.0674180984497,4.351743898536341,250.79592610465502,0.6236625744047619
3,formal,formal-v2,current,worker-39-8f765ba0d1304128bdf22a6c9ede9de4,completed,completed,measured,656.3695207940182,625.876424423,False,,7799.919150114059,2.0938187364304186,170.8888011104116,0.26739769345238096
3,formal,formal-v2,current,worker-40-51a9227abbbf42c998976787d469657a,completed,completed,measured,840.4531366759911,808.789901202,False,,7984.003752946854,0.0008187885084240717,208.27406058205722,0.00022507440476190476
3,formal,formal-v2,current,worker-40-bb3d03a1a2254e05aa796e86972d2952,completed,completed,measured,807.0648235600092,765.472786701,False,,2595.725723028183,3.7975515432977116,255.25558438745156,0.559404761904762
3,formal,formal-v2,current,worker-41-1c8c173a4c91486ba0dd3938802bd1cf,completed,completed,measured,287.80290185898775,258.227064106,False,,16926.39654302597,19.322774433518816,80.30935844097424,0.8248065476190476
3,formal,formal-v2,current,worker-41-1d5314cc39854d97aa615d3fa00ee181,completed,completed,measured,226.00337723101256,198.025908538,False,,19200.269305944443,25.138475878345723,55.99142817879108,0.742485119047619
3,formal,formal-v2,current,worker-41-9a98a6069ece46f386f13dff97291896,completed,completed,measured,206.54645197000355,175.632906147,False,,15865.045809984207,37.91303400302857,26.184200619412977,0.556806175595238
3,formal,formal-v2,current,worker-41-ddc9fa15f7e248449d59e5df687c8a7a,completed,completed,measured,263.56235226400895,235.852700363,False,,15149.869693994522,19.67949751612941,85.81014778927718,0.9044084821428572
3,formal,formal-v2,current,worker-41-f26e3804784848f9a846dabca3799fa6,completed,completed,measured,302.66042106895475,270.398419458,False,,20425.816133975983,35.97523310904806,22.477454537001716,0.46091145833333336
3,formal,formal-v2,current,worker-41-f7acbd430f544d0aaefa4300dbca35ad,completed,completed,measured,194.21391117502935,159.393754633,False,,14562.040744066238,28.367254034292028,30.326450489710584,0.4879073660714286
3,formal,formal-v2,current,worker-41-fc58d4d6f77c444f95bd3b559a1bc0da,completed,completed,measured,200.26600712898653,169.107698177,False,,17945.094289064407,32.41610735667756,22.479364217868962,0.41525111607142856
3,formal,formal-v2,current,worker-42-39cac1e29370440bac8c4ff1fddbe510,completed,completed,measured,378.08273315196857,336.760136541,False,,15265.156742095947,11.140773869923128,165.0919697962985,0.9884058779761905
3,formal,formal-v2,current,worker-42-47e5dcbcbfa7437ab5860784f0f92256,completed,completed,measured,190.99437617504736,159.998692802,False,,17935.82292509079,27.3238320649334,21.329690780703075,0.3421391369047619
3,formal,formal-v2,current,worker-42-895124504c2e4a9788ea069ef64723ba,completed,completed,measured,225.15698593697743,191.725606448,False,,20348.318778038025,38.949267587382714,25.58579229082073,0.5592373511904762
3,formal,formal-v2,current,worker-42-99b1d221acd14f3cb2d40405ce366d88,completed,completed,measured,316.7758123119711,285.622246503,False,,15975.282164096832,22.385196560060656,39.41396594989779,0.5019363839285714
3,formal,formal-v2,current,worker-42-c7e4c55ebf9f403c977e6b47cee7119c,completed,completed,measured,293.6992721889983,263.748501589,False,,16932.293371915817,20.59519209068403,78.56683799042092,0.8581510416666667
3,formal,formal-v2,current,worker-42-e4b8bacceae047a8805da1c1fe64b2b6,completed,completed,measured,296.47674154205015,268.161205031,False,,19270.74155807495,20.42870867634946,84.05752327755296,0.9334895833333333
3,formal,formal-v2,current,worker-43-0e2ee243e05b4df39a5c565b56c8d853,completed,completed,measured,184.24241142399842,154.136599288,False,,17929.071058034897,33.591155351817264,24.36197016643445,0.46065104166666665
3,formal,formal-v2,current,worker-43-2bec89697fe94ebd9bdfbb6eb4afc490,completed,completed,measured,228.01509354199516,186.573337184,False,,15115.06754207611,3.273646350466398,15.988577711400328,0.039447544642857144
3,formal,formal-v2,current,worker-43-93b4de7431d04b6eab00a2abff14cd88,completed,completed,measured,296.4298398650135,266.924678383,False,,16935.023602962494,18.4907264592296,83.67584329588821,0.8270070684523809
3,formal,formal-v2,current,worker-43-d072a5d64e0b4c16a42f4c496835a9f1,completed,completed,measured,246.47302800702164,218.987806995,False,,19220.737504005432,26.226448122521447,67.50862482361336,0.9472842261904761
3,formal,formal-v2,current,worker-43-d11cdf9c74d345ccad13ad1d29c74a94,completed,completed,measured,246.93191407900304,215.615791918,False,,15905.430969953537,36.24458289915872,20.548771263023855,0.427578125
3,formal,formal-v2,current,worker-43-fc0c7531a6b94d3389cd4e36b69a7ca7,completed,completed,measured,194.6742596969707,163.264081226,False,,20317.83098101616,28.77060944191888,27.90154989688212,0.4714099702380952
3,formal,formal-v2,current,worker-44-3aae6aa4e8914d43815b000690b0f5f0,completed,completed,measured,369.13615389500046,337.836793877,False,,16027.642496109009,27.692788778120228,34.686115360206266,0.5344066220238095
3,formal,formal-v2,current,worker-44-513b79b7403f4684a21f630feab40cc9,completed,completed,measured,274.47622884303564,244.443485909,False,,16913.07079100609,19.333565665078947,80.77900651677201,0.8300446428571429
3,formal,formal-v2,current,worker-44-54289f2920ed45aea8009c6e0d15bd8b,completed,completed,measured,231.6518123600399,203.26131179399997,False,,19205.917469978333,21.248340004331393,56.68506044493239,0.6610956101190476
3,formal,formal-v2,current,worker-44-5abba8b973674428a99983e861b4e7ff,completed,completed,measured,371.17967401305214,330.472758851,False,,15258.219369888306,10.97292027678045,168.28256598774357,0.9925762648809524
3,formal,formal-v2,current,worker-44-81b7d24442f04b65b39c8353e40c1f88,completed,completed,measured,197.98114895395702,166.923375307,False,,17942.808690071106,39.679109380361915,25.20121540082528,0.5639378720238095
3,formal,formal-v2,current,worker-44-9a7f83c94e8647b2a6326a0a0958b5a1,completed,completed,measured,239.44244836899452,204.930065844,False,,20362.598515033722,39.95916549626744,26.624782964891367,0.5941741071428571
3,formal,formal-v2,current,worker-45-02c5e2cae6774d768c5af237517955c5,completed,completed,measured,345.8646232349565,314.894893191,False,,16984.455756902695,6.59819279379904,27.705443322796178,0.13033854166666667
3,formal,formal-v2,current,worker-45-2338c6e9a03b45d0b0441defb4342638,completed,completed,measured,205.62338190199807,173.598114641,False,,20328.778043985367,39.309790591331364,26.581595879145155,0.5819828869047619
3,formal,formal-v2,current,worker-45-751ace9e5a254f71bda0d95c4bc1c1c7,completed,completed,measured,421.41378608101513,389.345599015,False,,18166.24449110031,22.669223199006993,35.577508416874004,0.47656622023809525
3,formal,formal-v2,current,worker-45-8e64e9f0f3664bd68c0628b6c44952c8,completed,completed,measured,183.92445066198707,152.399741523,False,,15842.428345918655,35.96219791092069,24.646616939242904,0.5027659970238095
3,formal,formal-v2,current,worker-45-968c5113b8714f6cab9459d9899cdc56,completed,completed,measured,332.56833818601444,291.34718644,False,,15219.61481499672,17.745124071610483,100.19596346949503,0.9507328869047619
3,formal,formal-v2,current,worker-46-0694bda54f704282b598ee16e4e8632e,completed,completed,measured,188.56243875797372,157.293754191,False,,15847.069878101349,35.37980555639117,25.53345946400573,0.5099255952380952
3,formal,formal-v2,current,worker-46-1340bcb18230448184e23483e84c20d7,completed,completed,measured,251.74540081701707,222.36326371,False,,16890.337333917618,23.66634500593298,59.86670030548056,0.7547619047619047
3,formal,formal-v2,current,worker-46-2da7e7fe66824dfb813d9629ff483cd3,completed,completed,measured,195.41566455701832,164.130904512,False,,17940.241254091263,32.963068020320264,23.062309924310096,0.4314918154761905
3,formal,formal-v2,current,worker-46-419a5624d48d4c839c3d97cda9a2eb59,completed,completed,measured,226.786385667976,198.70423613199998,False,,19201.051877975464,26.380501626659775,54.91335591344564,0.7639043898809523
3,formal,formal-v2,current,worker-46-a265eddb30314438b635bf2f79ae117b,completed,completed,measured,391.6517223700066,351.085484034,False,,15278.697804927826,11.762446525664839,157.22544713097622,0.9923902529761904
3,formal,formal-v2,current,worker-46-b5a15c8a4b404a3087861abfea213c84,completed,completed,measured,236.13357808301225,202.230173082,False,,20359.289451122284,37.21138978227823,25.283084270928377,0.5397377232142857
3,formal,formal-v2,current,worker-47-1a5186104d3042e5969f915745d049f4,completed,completed,measured,296.78171788796317,256.220905674,False,,15183.828232049942,13.863773827086316,111.31359414133547,0.836899181547619
3,formal,formal-v2,current,worker-47-985c48532e7d485a9a5f189443716d90,completed,completed,measured,242.09288421098609,213.591197134,False,,19216.357920885086,23.80132878706318,65.9788063909459,0.8345052083333333
3,formal,formal-v2,current,worker-47-bc4007e739624d4ba59ef86ef93512ab,completed,completed,measured,299.59169414796634,269.836351208,False,,16938.183506965637,21.238191975206206,84.8100170538939,0.9648121279761904
3,formal,formal-v2,current,worker-47-e199dd7f176a4bd5879c4fa8cab07141,completed,completed,measured,192.80182153795613,161.91763336,False,,17937.630908966064,33.129769673799416,21.856068874225212,0.41737723214285716
3,formal,formal-v2,current,worker-47-f19653f1e9e34e41ba7dc9767396bb03,completed,completed,measured,587.9988236320205,553.385367227,False,,20711.154923915863,27.105487216516952,36.66167395495784,0.5579241071428571
3,formal,formal-v2,current,worker-47-faa268494e374b32a28ea3e49079f43a,completed,completed,measured,188.56825189100346,157.248728582,False,,15847.068416118622,7.325222549114762,24.704182438952433,0.12254464285714285
3,formal,formal-v2,current,worker-48-0babb516d76b4aa38373b60953a0334f,completed,completed,measured,330.5617928740103,289.166847069,False,,15217.613756895065,13.66309178252988,132.81437447022122,0.9768526785714285
3,formal,formal-v2,current,worker-48-61d3f9c643d244df973217f46d3a9c91,completed,completed,measured,189.0669254240347,157.6708907,False,,15847.570410966873,34.88016514973906,25.252584148448193,0.4979092261904762
3,formal,formal-v2,current,worker-48-75b44dd872ee4d19ad02dea6e23da970,completed,completed,measured,244.7600936590461,216.498969618,False,,19219.0247130394,22.711557365653505,62.76604134452288,0.777397693452381
3,formal,formal-v2,current,worker-48-a7b3bc9102774666847e205eb2bd8e56,completed,completed,measured,269.85037389799254,239.72772813,False,,16908.442516088486,20.672031005769504,77.95515369132835,0.8534542410714285
3,formal,formal-v2,current,worker-48-e9a2374b97da48fa96e4a8a7036e7546,completed,completed,measured,187.6603751410148,156.707411298,False,,17932.48765206337,27.989806691635366,22.096152497611328,0.35530691964285716
3,formal,formal-v2,current,worker-48-fb1ed63de89447a59e457744b7b50aff,completed,completed,measured,281.23853363795206,248.864123397,False,,20404.39501595497,36.52006241787551,20.478105782832188,0.42492559523809526
3,formal,formal-v2,current,worker-49-12e17f22e7cd421cafeaa1182767f223,completed,completed,measured,297.00709644000744,263.067495733,False,,20420.15156197548,27.007755340845108,28.449729909444756,0.4378255208333333
3,formal,formal-v2,current,worker-49-2968b2a627d6466baf5e4c0be1cac50e,completed,completed,measured,348.6740442989976,307.712612314,False,,15235.724698066711,13.740006754586462,133.78243345755735,0.9848009672619048
3,formal,formal-v2,current,worker-49-50c6334a29dd46e0914cae5190b4f226,completed,completed,measured,207.23778148397105,176.834787214,False,,17952.06588792801,33.46113847866557,23.6938880037835,0.45590401785714285
3,formal,formal-v2,current,worker-49-8fc65baad7a1498ea6a088e1f875ab8b,completed,completed,measured,285.0307943089865,255.632632255,False,,16923.623745918274,20.900840373346345,74.39665691365721,0.8268619791666667
3,formal,formal-v2,current,worker-49-a903c88ea9fd435ba68f089cdd1db323,completed,completed,measured,196.1486858119606,164.428068223,False,,15854.654442071915,32.434213927938565,25.437354987513437,0.46183779761904764
3,formal,formal-v2,current,worker-50-2cc0b6b7c9b44d7a8b6546ecb4104f74,completed,completed,measured,374.67844434804283,344.229481817,False,,17013.27264904976,6.921198198871803,30.078555074125497,0.15444010416666668
3,formal,formal-v2,current,worker-50-351938fee15a406ab383bcc27a5fff36,completed,completed,measured,243.4634001639788,215.095855133,False,,19217.72952389717,25.426727880809754,66.11090051360873,0.8943712797619048
3,formal,formal-v2,current,worker-50-727ce226e1c14a7f97c987257c984a88,completed,completed,measured,328.76394519902533,297.788271208,False,,15987.266016960144,21.097721934877587,41.05373847801269,0.4895591517857143
3,formal,formal-v2,current,worker-50-94ecd3b98b6344fc8b3b89f70b42a8a7,completed,completed,measured,305.56905568100046,264.264885024,False,,15192.623322963715,15.537363735824535,111.74888013220888,0.9365662202380952
3,formal,formal-v2,current,worker-50-da4a45c2a1ce43fdb952d48c0bd33969,completed,completed,measured,202.0413174070418,170.894388764,False,,17946.872793912888,27.188818337698653,30.663388806213835,0.4761030505952381
3,formal,formal-v2,current,worker-50-daf921dd2cfd41058187376937e2e847,completed,completed,measured,297.54617709101876,264.670174141,False,,20420.702569007874,29.873481463748305,25.712495164559467,0.43588727678571426
3,formal,formal-v2,current,worker-51-420b9067244b487692a083fde899919b,completed,completed,measured,255.0297604589723,225.330710336,False,,16893.62284708023,20.774968929684757,69.72421623486423,0.7775260416666666
3,formal,formal-v2,current,worker-51-50931a61f65e4fa0b9fd8618cfc4812f,completed,completed,measured,316.3908606970217,281.41359792,False,,20439.534859895706,0.6651608816158517,107.09837639565916,0.0633891369047619
3,formal,formal-v2,current,worker-51-9ba3172241004049a07e0a43bb5bfa70,completed,completed,measured,196.61604787199758,165.917487671,False,,15855.12065410614,36.722458015297875,25.129344759164674,0.5222265625
3,formal,formal-v2,current,worker-51-eff08acd7a364f26b9848b82b6dcbd10,completed,completed,measured,347.43537036899943,306.058745785,False,,15234.48491191864,15.521606503436184,118.69003227494596,0.9866499255952381
3,formal,formal-v2,current,worker-51-f9917bbd8ee9494cb1a387e952fa20dc,completed,completed,measured,206.49054366903147,175.481451589,False,,17951.316179037094,35.50632872907991,23.976350638661494,0.4691703869047619
3,formal,formal-v2,current,worker-52-29a780bfc7c64ef0bb769ae4b496d28b,completed,completed,measured,214.59343482903205,183.667910011,False,,17959.41862988472,11.831173511788954,26.229274851107213,0.2115048363095238
3,formal,formal-v2,current,worker-52-3c5e9b24f4fb4b2fb29b37c06effc089,completed,completed,measured,187.5954265180044,156.167315778,False,,15846.098165988922,35.57170261675586,26.6373808684212,0.5334449404761905
3,formal,formal-v2,current,worker-52-7853e22414f94badb0395c92e3b50d52,completed,completed,measured,249.49461570201674,219.693750337,False,,16888.08602809906,24.909454249974115,63.74243556175292,0.8435360863095238
3,formal,formal-v2,current,worker-52-7c048931ce374bcfa09bd2c0521680b4,completed,completed,measured,315.4714031559997,274.095966999,False,,15202.524802923203,15.95713352643482,113.00009280848012,0.9622340029761904
3,formal,formal-v2,current,worker-52-88aca95f5b644238968c6e05eed55af7,completed,completed,measured,340.5596480980166,307.622295594,False,,20463.70536494255,29.932552956521718,32.55265282734029,0.548608630952381
3,formal,formal-v2,current,worker-53-0077e79d9ed7460fa67e86a508178c00,completed,completed,measured,195.23259051394416,164.053498835,False,,15853.739759922028,29.871886556336953,25.467147722673747,0.43954613095238093
3,formal,formal-v2,current,worker-53-0aad9572ae924265bb2902895ed8995e,completed,completed,measured,277.7220865180134,249.246141429,False,,16916.314961910248,21.90801774262476,79.27564431551087,0.9298065476190476
3,formal,formal-v2,current,worker-53-4fcc85e6f2fd44e39ce1f67f536aa829,completed,completed,measured,200.4727607939858,169.377512731,False,,17945.30037498474,37.77311639612728,28.45445614083599,0.5960788690476191
3,formal,formal-v2,current,worker-53-6ef1914407e8400f8e08a944f938c0c6,completed,completed,measured,218.77948769100476,185.161251165,False,,20341.936573028564,37.903261034058495,24.39842655555631,0.5245665922619047
3,formal,formal-v2,current,worker-53-7507bc79a32f4405abdd9a412f746a8c,completed,completed,measured,251.81442429695744,223.851573615,False,,19226.080461025238,26.133794341742995,67.58885871050006,0.9462760416666667
3,formal,formal-v2,current,worker-53-b80edf209e1a4e1fabe950c82289f323,completed,completed,measured,385.16236427699914,343.748057208,False,,15272.214662075043,10.500908081006859,175.56392148469163,0.9920256696428571
3,formal,formal-v2,current,worker-54-5c696edb3c0e4b63a51b1b12b6899414,completed,completed,measured,340.8199133540038,309.738428587,False,,16979.412755966187,5.836254988476818,28.98078839380463,0.12630952380952382
3,formal,formal-v2,current,worker-54-6ebaf0452aac4a74800a4d639a1e3b9f,completed,completed,measured,303.82129113399424,262.331640777,False,,15190.878367900848,20.68778006150695,88.14137865915102,0.9748381696428572
3,formal,formal-v2,current,worker-54-ac65492d328d4f77833ac6be972edb7b,completed,completed,measured,362.569449461007,330.429507598,False,,18107.39909005165,21.09668658433455,31.67399596469941,0.43005952380952384
3,formal,formal-v2,current,worker-54-c9b575b50ef44181be3e97299013b287,completed,completed,measured,192.81320564600173,161.34894997,False,,15851.314959049225,33.80515087233288,25.24953500433449,0.47929873511904764
3,formal,formal-v2,current,worker-54-e259f8c6f46d4726a5ed71222521f7c5,completed,completed,measured,228.96665113401832,194.485760793,False,,20352.120481967926,35.09088384167222,24.345636640615776,0.4854557291666667
3,formal,formal-v2,current,worker-55-121f43f09cbc4498bb6a6245cbb8c45a,completed,completed,measured,282.31159797898727,240.968968597,False,,15169.374476909637,3.8283768270791687,16.245458907287393,0.04992931547619048
3,formal,formal-v2,current,worker-55-44baa293f8c24c628f2c1a1a48bf2329,completed,completed,measured,274.2064401409589,245.184427409,False,,16912.7989089489,20.082885263646325,81.78299854961584,0.8768656994047619
3,formal,formal-v2,current,worker-55-48dff51f69d54ed1b28f1deb6bf2732f,completed,completed,measured,191.45308542001294,160.333457843,False,,15849.952721118927,34.17802460318002,25.895514249989738,0.49671130952380954
3,formal,formal-v2,current,worker-55-492ba77df21544d39d5710351a4196f2,completed,completed,measured,316.4359321780503,265.069716859,False,,20439.597362041473,34.624517159690726,25.28433707610387,0.4926599702380952
3,formal,formal-v2,current,worker-55-73993151044748ea8e0c09f7dd09e7a1,completed,completed,measured,253.2287876799819,225.800772709,False,,19227.493155002594,22.93932270021862,70.07257638493006,0.8529296875
3,formal,formal-v2,current,worker-55-efd28e764c274750bff7de86d07353a3,completed,completed,measured,183.81626495101955,153.504515019,False,,17928.643625974655,35.781851211102435,26.02043195149576,0.5252436755952381
3,formal,formal-v2,current,worker-56-0e161920b8cc4f35bbd2c26c96c22118,completed,completed,measured,203.9136627529515,173.024355041,False,,17948.745347976685,36.49582269209126,28.53933580671308,0.5794252232142857
3,formal,formal-v2,current,worker-56-34f79b31ba1747eea5b0ce8b36c1c4e7,completed,completed,measured,307.6726801939658,255.196655615,False,,20430.815865039825,32.92310852123902,27.79505342257841,0.5182142857142857
3,formal,formal-v2,current,worker-56-4da227ca5e9741b792bde4be9577ddd8,completed,completed,measured,176.6620329139987,145.439990921,False,,15835.163594961166,11.575735701844142,21.235174379848967,0.1630059523809524
3,formal,formal-v2,current,worker-56-bf604c7ddee0447ca216e567b2511061,completed,completed,measured,382.3245946440147,351.884641988,False,,17020.91548895836,12.29707506601953,42.37895566841995,0.3169475446428571
3,formal,formal-v2,current,worker-56-c34b0cf8420a46d5ace6747dbee6363e,completed,completed,measured,302.80323953798506,261.489371521,False,,15189.875631093979,20.137513277124558,87.29466966715043,0.9399981398809524
3,formal,formal-v2,current,worker-57-11d65ac321074cbdbdeb93f5c32124f7,completed,completed,measured,214.03565507300664,181.060085635,False,,20337.17904496193,36.62518005258391,25.460352649767053,0.5293154761904761
3,formal,formal-v2,current,worker-57-4661334fedf94dcf9a7b6d5d763d7135,completed,completed,measured,204.46203004400013,173.552228924,False,,17949.28885102272,32.75586359708517,24.051470232366178,0.4532291666666667
3,formal,formal-v2,current,worker-57-87ffdec477374c7f828028bac4597c6f,completed,completed,measured,188.74175218201708,157.809769534,False,,15847.249147891998,10.922229444948147,23.619514306115587,0.16577752976190477
3,formal,formal-v2,current,worker-57-e40eab5d3f52424e8d304517d07aa6c3,completed,completed,measured,421.32957960799104,380.697515207,False,,15308.379058122635,10.597324191717039,174.55962658475377,0.9941741071428571
3,formal,formal-v2,current,worker-57-f7bfe10318d04316bd68ad08f989363d,completed,completed,measured,268.1426460429793,238.023508862,False,,16906.734683036804,19.69900261305695,74.56939683240138,0.7848530505952381
3,formal,formal-v2,current,worker-58-a180150539654f168b5c5eafdc7cd692,completed,completed,measured,315.44073335803114,274.196955946,False,,15202.493911981583,15.781832909906338,109.72965723478934,0.929765625
3,formal,formal-v2,current,worker-58-d416f6d2b8ff428c82864eebdcda351a,completed,completed,measured,273.1385234420304,239.208700344,False,,20396.288379907608,33.50358862310435,27.1521787852125,0.5153180803571429
3,formal,formal-v2,current,worker-58-de7d1bdf45c7413b9b4e5d0a14153f4a,completed,completed,measured,260.04681771300966,229.294570696,False,,16898.63849401474,5.321982523372095,26.181715863841656,0.10415550595238095
3,formal,formal-v2,current,worker-58-eac54ab6ff2e454484e00df4f75db873,completed,completed,measured,328.4225417809794,296.633997656,False,,18073.248517036438,20.881117074406347,30.407449101842705,0.42378162202380953
3,formal,formal-v2,current,worker-58-fbc3fae84331448fa633d03990329882,completed,completed,measured,188.31818109401502,156.833373832,False,,15846.820590019226,23.591274862278873,24.59019360294401,0.33805245535714284
3,formal,formal-v2,current,worker-59-4be2bfa9aa24415886f5ab12b9662b31,completed,completed,measured,216.95738491701195,188.913458385,False,,19191.22289800644,26.85724365653749,52.258652244078704,0.7350297619047619
3,formal,formal-v2,current,worker-59-5cfab0e803074dafa0ec254394671aad,completed,completed,measured,307.20277440804057,266.115727949,False,,15194.266555070877,19.108985218362836,90.007007163921,0.914521949404762
3,formal,formal-v2,current,worker-59-66221f3628ef447b9089ca82f4ee6151,completed,completed,measured,227.60957278200658,196.601179575,False,,16866.201982975006,13.371023723439526,37.63714975241763,0.3087890625
3,formal,formal-v2,current,worker-59-a8299a28161442b1be20ca6f014ef988,completed,completed,measured,196.86353655398125,165.701092499,False,,17941.688591003418,28.03309372134223,21.628017965353553,0.3495796130952381
3,formal,formal-v2,current,worker-59-d7c7cd77654f4ca79cbc125e69074b19,completed,completed,measured,190.96701872796984,160.458156469,False,,15849.469377040863,33.23012504496959,27.70583066860786,0.5242392113095238
3,formal,formal-v2,current,worker-59-ff234b04d5fb4cbe9e3e00dda033a458,completed,completed,measured,229.02591729100095,196.367028123,False,,20352.18077492714,16.49068591268543,32.02838554398774,0.34220424107142855
3,formal,formal-v2,current,worker-60-1be2b00f7fea4f12b352f322da1027e2,completed,completed,measured,186.58918136399006,155.717093728,False,,15845.093003988266,34.379683223245806,26.080891204125653,0.5065662202380953
3,formal,formal-v2,current,worker-60-37de0f0bdde443f483542a9a691d65b4,completed,completed,measured,331.3112538490095,290.030621755,False,,15218.364682912827,14.534343333988438,125.71879799606256,0.9839081101190477
3,formal,formal-v2,current,worker-60-3bb1653192ad4201a203f6e7220ddcbf,completed,completed,measured,208.39764570398256,177.325331209,False,,17953.222539901733,25.795691718014286,24.672697322437777,0.38574590773809525
3,formal,formal-v2,current,worker-60-5a469deebbf142688b567409eab99a31,completed,completed,measured,201.82553466700483,170.775108791,False,,16840.416836977005,6.694136865387104,22.550135314704292,0.11459077380952382
3,formal,formal-v2,current,worker-60-84246971ff924c58959c882887c75cdd,completed,completed,measured,275.487288733013,242.589875409,False,,20398.63183403015,38.43328748734453,21.537517560506217,0.47049107142857144
3,formal,formal-v2,current,worker-61-0fbd01a0a2c44c02b6eec0862f28b600,completed,completed,measured,219.06522725900868,190.561820604,False,,19193.33043408394,26.24748566470235,53.20209592029263,0.7367950148809523
3,formal,formal-v2,current,worker-61-5e10416a98434f8e9f2c73926b9754a3,completed,completed,measured,194.52987444901373,163.200987678,False,,17939.35598897934,27.34993202623089,22.444139249839477,0.35429873511904764
3,formal,formal-v2,current,worker-61-63050bec03684dccb4a8e36a14247543,completed,completed,measured,205.9740690519684,173.571446498,False,,20329.129060983658,35.69235238323051,24.540176633355518,0.4826488095238095
3,formal,formal-v2,current,worker-61-a781f18029504275bbddbdca795d0070,completed,completed,measured,260.5248420070275,230.860417344,False,,16899.11636209488,19.800776304016047,73.07132664097102,0.7753608630952381
3,formal,formal-v2,current,worker-61-ce25dffe007d40e4b423c4de2a09c55a,completed,completed,measured,187.61261962901335,156.303523155,False,,15846.11905503273,35.26161136118149,26.008393031971007,0.5238597470238096
3,formal,formal-v2,current,worker-61-ddf1985bf8164ce3837f5965bacf37fa,completed,completed,measured,364.91679045400815,323.598495811,False,,15251.973828077316,14.676856695748674,124.41326567051769,0.9765587797619047
3,formal,formal-v2,current,worker-62-1b761801f8a04ac6b9780da1d39414c5,completed,completed,measured,264.35158286604565,234.66972759,False,,16902.94555902481,19.5389557482368,75.80608715698988,0.7880338541666667
3,formal,formal-v2,current,worker-62-2aba98b879224d31bae8bdc6dc172b88,completed,completed,measured,258.29206312500173,206.294030438,False,,20381.447159051895,38.702428006567615,26.031821541095745,0.5601264880952381
3,formal,formal-v2,current,worker-62-8c27156e520d40899bec2096cd44d168,completed,completed,measured,220.50463182898238,192.519839782,False,,19194.769560098648,27.603268792717937,50.667411987764034,0.734892113095238
3,formal,formal-v2,current,worker-62-8db5ac80ff204f1d96d7c9e3225af0b7,completed,completed,measured,255.27991204097634,224.062228757,False,,15913.782913923264,30.30618976034628,23.494915058518092,0.4052436755952381
3,formal,formal-v2,current,worker-62-e0fe427b8ecf4e9d9192fabfdb79d8c9,completed,completed,measured,192.56056658999296,161.305442968,False,,17937.386958122253,23.08974323719793,23.796807037102944,0.3380933779761905
3,formal,formal-v2,current,worker-62-e12bdfdc6cb042d485fab4ecec7d0c3c,completed,completed,measured,328.39259858900914,287.350859427,False,,15215.446810007095,17.392407442304393,104.1259467506907,0.9726450892857142
3,formal,formal-v2,current,worker-63-0ab3dc87c0794c19a13c3a82fbf12bbd,completed,completed,measured,191.63468079303857,160.73322167,False,,15850.13887310028,19.81052132959686,26.083479469916814,0.30306919642857144
3,formal,formal-v2,current,worker-63-2587d24c613e4d7db3e50c446ea5bc60,completed,completed,measured,338.52616547001526,297.224155184,False,,15225.584678888321,15.83014865625569,116.17170201198748,0.9849869791666667
3,formal,formal-v2,current,worker-63-4f05d8c6e3984294aec0d26c08990880,completed,completed,measured,254.73908935999498,226.51340325,False,,19229.003819942474,25.910551755193058,68.22042148214005,0.9461123511904762
3,formal,formal-v2,current,worker-63-73cdc80fe88a4898b2632e3a89776afe,completed,completed,measured,264.1584301990224,231.279378797,False,,20387.319962978363,1.2251805620794107,126.02392248464155,0.10810639880952382
3,formal,formal-v2,current,worker-63-9e48e66d387e4f6faef3fb411dc6c38a,completed,completed,measured,190.2912446249975,159.683066103,False,,17935.12228989601,33.057035762880375,22.51421486660452,0.4226060267857143
3,formal,formal-v2,current,worker-63-c5258f9b0eaa400a96a67503f959b00b,completed,completed,measured,349.215004305006,317.158829141,False,,16987.807776927948,7.124998957960848,28.003901106647728,0.1402232142857143
3,formal,formal-v2,current,worker-64-83ea4bbe5f51471ca7d961557ffe3b78,completed,completed,measured,252.85542564897332,223.202496187,False,,16891.446440935135,21.16998660080373,66.7338215860118,0.7524144345238095
3,formal,formal-v2,current,worker-64-a2deaa27014949ff857f534bd2227fed,completed,completed,measured,343.8231857549981,303.345207101,False,,15230.874536037445,16.050361677141904,114.41082971821584,0.9845349702380952
3,formal,formal-v2,current,worker-64-ab4a3c0620174d2082744454923df171,completed,completed,measured,183.2833075170056,152.199270891,False,,15841.78764295578,10.486517675181796,21.4575069086566,0.15504278273809524
3,formal,formal-v2,current,worker-64-bb6da6bd046d4ef197290b592a2cb9c3,completed,completed,measured,202.23019648401532,171.113151855,False,,17947.05575489998,34.88404967254297,23.755758187197333,0.47186941964285717
3,formal,formal-v2,current,worker-64-d00d155f527545f4b63828fd606f2f12,completed,completed,measured,229.71482041000854,196.582294609,False,,20352.85778903961,37.079337082424715,25.804745555977643,0.5336737351190476
3,formal,formal-v2,current,worker-65-60c2edfcc2d645559017c97bb5c4052f,completed,completed,measured,338.4020207930007,307.185901535,False,,15996.902000904083,27.388168459466616,34.61401603826988,0.5352362351190476
3,formal,formal-v2,current,worker-65-6a6e159e1087445295704c7a223522fc,completed,completed,measured,206.43370684003457,173.953850804,False,,20329.58846592903,38.30595010890219,24.94841779162989,0.5394642857142857
3,formal,formal-v2,current,worker-65-7c05b8dc4b494ba2977a0109a5667387,completed,completed,measured,286.9327613589703,246.215311619,False,,15173.98815202713,21.531239181531344,81.17973223671966,0.9345442708333334
3,formal,formal-v2,current,worker-65-84aefdbe05cd43739d0c00c2760ee7ca,completed,completed,measured,210.37566428398713,183.117758076,False,,19184.64190506935,27.564758355111806,50.75017658942188,0.7353571428571428
3,formal,formal-v2,current,worker-65-bac7f57e237d491fad4f09ee247ef652,completed,completed,measured,264.36161997402087,234.734159395,False,,16902.95596408844,20.36681043484519,78.08226217020479,0.840522693452381
3,formal,formal-v2,current,worker-65-f7dd0fe63f6140e987a6dad5147ffa00,completed,completed,measured,202.20661770895822,171.839654282,False,,17947.033221006393,28.729126289236607,24.68383656122714,0.40398623511904763
3,formal,formal-v2,current,worker-66-689f643fd28b4fad9e2049fc128e9aa2,completed,completed,measured,301.51318598602666,272.714117472,False,,19275.778903007507,22.339180292038392,79.68671853446014,0.9524348958333333
3,formal,formal-v2,current,worker-66-9173f85ebe044ed3b5c02ffe7cfd5e4c,completed,completed,measured,340.4814711830113,309.155516208,False,,15998.980143070221,25.727631028000854,35.7694349344679,0.518422619047619
3,formal,formal-v2,current,worker-66-9db05309ac1d49759488b5f4d7c55ea9,completed,completed,measured,223.12900242599426,181.767214898,False,,15110.197201013565,2.758739505998569,15.148684048377065,0.03282924107142857
3,formal,formal-v2,current,worker-66-b245af0b6e0a4c4cb63c4fea73092d5a,completed,completed,measured,325.4258329649456,294.635503699,False,,16964.020347118378,15.152914557129046,38.70935880157265,0.3653943452380952
3,formal,formal-v2,current,worker-66-eb8c9c49e53a4a22966b0e26235c014f,completed,completed,measured,199.59663814801024,169.060109636,False,,17944.42598605156,37.36246298133328,27.47967947020516,0.5717987351190477
3,formal,formal-v2,current,worker-67-35954accf93644f8905fb12517722a26,completed,completed,measured,256.43900751596084,225.732642756,False,,18001.265711069107,37.66373527665171,21.40180140091158,0.459672619047619
3,formal,formal-v2,current,worker-67-5b6547e4920c4d09868dcec8e3bc5855,completed,completed,measured,249.92640536505496,218.631960641,False,,15908.427812099457,29.400032391562217,22.162069309234983,0.3763690476190476
3,formal,formal-v2,current,worker-67-614a9bfbd57d4c3a87f9cbc262952848,completed,completed,measured,267.40123082196806,237.101073753,False,,16905.995110034943,19.394613621632214,76.50987220839214,0.7929854910714286
3,formal,formal-v2,current,worker-67-b47581c6f280420391bafea51c72db09,completed,completed,measured,332.8128494609846,280.199646477,False,,20455.962531089783,38.98801566211035,25.705380328122242,0.5605394345238095
3,formal,formal-v2,current,worker-67-bea2c94227034fe690d09910e145b71d,completed,completed,measured,297.065210011031,255.990598007,False,,15184.123936891556,16.97730738953766,96.65114464151286,0.8848846726190476
3,formal,formal-v2,current,worker-68-3d249265ddf744388f156aa039672cc9,completed,completed,measured,345.91694776603254,315.031131166,False,,16984.50925207138,5.963788224566612,29.16130186972591,0.12491443452380953
3,formal,formal-v2,current,worker-68-4200639322fd473cba037a253c4b67f7,completed,completed,measured,200.1436885150033,169.023441086,False,,17944.9748210907,32.393705711390794,22.466802784754275,0.4153050595238095
3,formal,formal-v2,current,worker-68-6be25fd8fc754108a7a8491fbdc0598b,completed,completed,measured,242.64374591998057,214.401870391,False,,19216.909578084946,27.289104139102903,64.1924267837849,0.9317764136904761
3,formal,formal-v2,current,worker-68-9fd7c6069511455c9b79950cbbcf7f22,completed,completed,measured,204.4779213879956,172.309130281,False,,20327.634221076965,29.52866278312011,25.32236466722321,0.43217261904761906
3,formal,formal-v2,current,worker-68-b2d9ccadfdcb415b90b3f1bb89f17427,completed,completed,measured,285.32911128998967,244.01245568,False,,15172.395097970963,18.266367278731835,95.198361787318,0.9308649553571429
3,formal,formal-v2,current,worker-68-d12db7ed1ccf4f5c9bedb05bb2a901e9,completed,completed,measured,190.4364640280255,159.2200787,False,,15848.936157941818,35.28232275092318,25.569994432203035,0.5085807291666666
3,formal,formal-v2,current,worker-69-1590550545d747dcbce8759fe33f797e,completed,completed,measured,275.7645686069736,248.254176747,False,,19250.029694080353,22.08073842805424,80.043839525211,0.94921875
3,formal,formal-v2,current,worker-69-2824c4b7b9dd4d5eb9637ed63b1c8bbf,completed,completed,measured,402.9614834749955,361.659540312,False,,15290.024390935898,11.146320490895462,166.2327603264824,0.9953497023809523
3,formal,formal-v2,current,worker-69-4e6bbc032f674967a2db30fbc655da60,completed,completed,measured,193.78031484800158,162.729704543,False,,17938.612188100815,33.082358342562436,22.210851883729312,0.4168768601190476
3,formal,formal-v2,current,worker-69-611007bbb4c14976ab60968a0e2e004e,completed,completed,measured,207.26471198204672,180.671003321,False,,17244.735555887222,27.933356003574644,49.4785252941754,0.7268638392857143
3,formal,formal-v2,current,worker-69-9e8ab295173345dfb30fde023797def3,completed,completed,measured,517.7615091929911,486.343383179,False,,16176.268831014633,28.837545739168853,35.13684604984684,0.5663392857142857
3,formal,formal-v2,current,worker-69-b8eb5c0f1a174a5b981d6f181e7a21ab,completed,completed,measured,276.6675226390362,243.953400458,False,,20399.82921910286,31.474964458314666,20.104418092209983,0.3649683779761905
3,formal,formal-v2,current,worker-70-028e4459c07f4f34b1a740cc3b8272a0,completed,completed,measured,328.8445035800105,287.505380409,False,,15215.909311056137,16.225866256673765,113.42487570849754,0.9856101190476191
3,formal,formal-v2,current,worker-70-53aa6344da6943af8901624ca413f329,completed,completed,measured,205.98721139098052,175.536602022,False,,17950.81331396103,34.28497091347839,23.670190196613856,0.46526971726190475
3,formal,formal-v2,current,worker-70-9bc62b1f49da444faa2b36588fa47e35,completed,completed,measured,198.10020447097486,166.774438443,False,,15856.603574037552,27.807529854376988,24.000750485325728,0.384140625
3,formal,formal-v2,current,worker-70-aab4c2e5aba042c8a202fa108bca2e91,completed,completed,measured,263.7004782439908,233.627392419,False,,16902.293850898743,20.111888173246648,74.1025597892805,0.7928329613095239
3,formal,formal-v2,current,worker-70-f687de7cd76f454bbd1f521a0de0ef5a,completed,completed,measured,271.30957237799885,238.869147323,False,,20394.45330309868,1.3758275821903851,128.65754702347388,0.12518973214285714
3,formal,formal-v2,current,worker-71-19e91caf66074e1bbdf165dd981232ef,completed,completed,measured,197.5193070139503,166.635764658,False,,15856.025269985199,33.10121841877771,28.975578249420252,0.5434337797619048
3,formal,formal-v2,current,worker-71-2871193887ff47bca6aee068213a4593,completed,completed,measured,283.64788479200797,254.138255815,False,,16922.24117898941,22.482688341899895,77.9151758500385,0.9370238095238095
3,formal,formal-v2,current,worker-71-7655d6de1ea64ce0a64871a81eb4e5fe,completed,completed,measured,326.60868116497295,275.44210665,False,,20449.753535985947,31.033002107268505,25.58362914375193,0.44691778273809524
3,formal,formal-v2,current,worker-71-d30fc0c9442c49a1a7c2615645a04ab1,completed,completed,measured,209.8511259740335,179.066064232,False,,17954.67918395996,28.951093412105557,27.42541982444448,0.44809895833333335
3,formal,formal-v2,current,worker-71-d7aa3f83e9684f88bc4e1e6bc287ece1,completed,completed,measured,360.2006012740312,318.91777565,False,,15247.268718957901,14.978376054783366,120.62069654078454,0.9675465029761905
3,formal,formal-v2,current,worker-72-2c39cca5257c4255b61f1da7b759dddc,completed,completed,measured,182.0802763190004,150.89069278,False,,17926.909459114075,34.11176508467161,24.08679459020183,0.4663076636904762
3,formal,formal-v2,current,worker-72-3c0106dcdadd4fae9df3bd57d872ad68,completed,completed,measured,327.6655899609905,280.585272058,False,,20450.82248401642,41.91012861163633,25.120195796339484,0.5859802827380952
3,formal,formal-v2,current,worker-72-a57b47a2c22f44f8ac671864165d47ce,completed,completed,measured,307.65223221102497,277.308814458,False,,16946.245840072632,5.521430769134097,25.28826972459762,0.10922619047619048
3,formal,formal-v2,current,worker-72-a5ab9479e7764728a41f3e51131191a6,completed,completed,measured,248.19552793295588,220.696241135,False,,19222.459742069244,26.073342428116245,67.51107273578671,0.9402306547619048
3,formal,formal-v2,current,worker-72-d8b7a4a68c35498699ced2c6e8971015,completed,completed,measured,199.1074590740027,167.930839164,False,,15857.610383033752,38.39134468032952,27.199052971114373,0.5820219494047619
3,formal,formal-v2,current,worker-72-fadab3dae7944758a9b16474b1676ded,completed,completed,measured,322.75562028295826,281.627544502,False,,15209.811710119247,15.462769451332402,116.76437517280249,0.9670145089285714
3,formal,formal-v2,current,worker-9-83e95ab7aca8425cb53db261467abb7c,completed,completed,measured,448.6295951420325,406.982136257,False,,2237.234941959381,14.426167842612184,87.45472003873202,0.7190550595238095
3,formal,formal-v2,current,worker-9-c324af3568df4e94b7a9003122a5cd9b,completed,completed,measured,959.4664498570492,929.170484514,False,,8103.014401912689,5.143433474400574,167.19471088044082,0.4852176339285714
2,formal,formal-v1,archived,worker-1-e9cb98987a6747b8ba3b394459ca0427,completed,completed,measured,106.92626047099475,95.535420322,False,,,,,
2,formal,formal-v1,archived,worker-10-da9fac9df76f4908a1ea2cd1e3a6e8ba,completed,completed,measured,457.4260182099533,446.268748099,False,,,,,
2,formal,formal-v1,archived,worker-11-cdee8f2ea1894d4cae9daac5a8b9d7d5,completed,completed,measured,221.2988751869998,209.310644507,False,,,,,
2,formal,formal-v1,archived,worker-12-1ddf366502164f1db197f963d53ecc34,failed,failed,measured,481.58768794697244,470.052955079,False,,,,,
2,formal,formal-v1,archived,worker-13-225e96589787446e8dca4fcfab51dbe0,completed,completed,measured,237.52235376700992,225.994008415,False,,,,,
2,formal,formal-v1,archived,worker-14-7da96ac5613841f2a669c54e0aa51336,completed,completed,measured,449.2928673309507,437.515072517,False,,,,,
2,formal,formal-v1,archived,worker-15-5c91b0c08132401b834f6c667d56e4e6,failed,failed,measured,1743.28575119999,1731.318836727,False,,,,,
2,formal,formal-v1,archived,worker-16-99424c67044d4529bf70db6cbb39e0e0,completed,completed,measured,736.7848985280143,724.933283547,False,,,,,
2,formal,formal-v1,archived,worker-17-71081ed54c144b91ae69287fc5ac3823,completed,completed,measured,1322.4818829990108,1310.508421942,False,,,,,
2,formal,formal-v1,archived,worker-18-126c6dd360c44a76afac6979c7752fa4,running,censored,observed_exit_upper_bound,7199.946514719981,,False,,,,,
2,formal,formal-v1,archived,worker-19-8be8028ec9ad473db8e30e1573a2d6e8,completed,completed,measured,330.75766471598763,318.854921413,False,,,,,
2,formal,formal-v1,archived,worker-2-a567878b4ca9407caca48f0d354cf4d3,completed,completed,measured,196.78661647596164,185.244954993,False,,,,,
2,formal,formal-v1,archived,worker-20-fa76d34946a640a09aa52efe820b35fb,completed,completed,measured,359.23488147900207,347.705233033,False,,,,,
2,formal,formal-v1,archived,worker-21-9b99132cadfa40c7b4846f3e68344ba7,completed,completed,measured,277.79646410100395,266.631636786,False,,,,,
2,formal,formal-v1,archived,worker-22-7734060f22ef4cc8bce7c2c8002cd7f7,completed,completed,measured,387.0654943710542,375.491535748,False,,,,,
2,formal,formal-v1,archived,worker-23-7fd24298768d431584c4e5f978fa228a,completed,completed,measured,183.08760087698465,171.543079747,False,,,,,
2,formal,formal-v1,archived,worker-24-442519a7e0394a518891812f6375a711,completed,completed,measured,6570.808840384008,6559.315092949,False,,,,,
2,formal,formal-v1,archived,worker-25-c81052d42c174a62aec0fe53b1f3575c,completed,completed,measured,621.8979993310058,610.170352116,False,,,,,
2,formal,formal-v1,archived,worker-26-1b694415b33548cdbd594a8b0eec774e,completed,completed,measured,172.2862685630098,160.715782897,False,,,,,
2,formal,formal-v1,archived,worker-27-9d9fa63775e743efaf2f9dfeb3a32be6,completed,completed,measured,361.8083729050122,350.230450471,False,,,,,
2,formal,formal-v1,archived,worker-28-ee24ff5c84ea44aba32d298de32fd400,completed,completed,measured,86.17500943300547,74.658820169,False,,,,,
2,formal,formal-v1,archived,worker-29-f4fc92da6f204b74bd6e4cde902858d9,failed,failed,measured,1276.7129310900345,1264.755310342,False,,,,,
2,formal,formal-v1,archived,worker-3-3355d861b5d74402965613bae422aee2,completed,completed,measured,225.1657941089943,213.862535511,False,,,,,
2,formal,formal-v1,archived,worker-30-ce9246809e7e4e17a413f6b7501ed8a7,completed,completed,measured,1598.989306049014,1587.006683897,False,,,,,
2,formal,formal-v1,archived,worker-31-72ef320650c841d184162622587a8e5e,completed,completed,measured,464.34632663201774,452.678979904,False,,,,,
2,formal,formal-v1,archived,worker-32-3eaf711b83b14fbe8e2f7f26ad566d97,completed,completed,measured,1253.9303183080046,1241.991066166,False,,,,,
2,formal,formal-v1,archived,worker-4-64f063d6ceab41149a368af765145978,completed,completed,measured,271.56189697800437,260.032719582,False,,,,,
2,formal,formal-v1,archived,worker-5-0e56268317934747ace3417301b54e98,completed,completed,measured,245.44390599097824,234.432479754,False,,,,,
2,formal,formal-v1,archived,worker-6-d6bcd30ef3714bfb90d6486e95f42026,completed,completed,measured,1774.6162829259993,1762.548273608,False,,,,,
2,formal,formal-v1,archived,worker-7-8996f265bb0c4a85ae206d69ed2ccc1c,completed,completed,measured,148.5190541089978,136.761180885,False,,,,,
2,formal,formal-v1,archived,worker-8-2b0edc189b9847aa889d30f182ecd942,completed,completed,measured,143.1655277380487,131.623155357,False,,,,,
2,formal,formal-v1,archived,worker-9-6c12ffd7a8bd44d4828a7a3e18ff2900,completed,completed,measured,349.4482268349966,337.65413854499997,False,,,,,
1,formal,formal-v1,archived,worker-1-43511b11139c4e408382d686cafa62c4,completed,completed,measured,496.2642962040263,488.809752515,False,,,,,
1,formal,formal-v1,archived,worker-1-ed400edf5b8b4807a4cd6731d2c8e19c,failed,failed,measured,326.8327882210142,315.015870454,False,,,,,
1,formal,formal-v1,archived,worker-10-0022bcb1d2ac4a09a43ee4fba37a2d7c,running,censored,observed_exit_upper_bound,7201.648025354021,,False,,,,,
1,formal,formal-v1,archived,worker-10-40e8c6c810ea4d4a911be11efb16764b,completed,completed,measured,289.0472470370005,277.757808247,False,,,,,
1,formal,formal-v1,archived,worker-11-32483ddfd67c44beaba7ef85b46a2ac0,completed,completed,measured,153.24987726396648,141.772886116,False,,,,,
1,formal,formal-v1,archived,worker-11-d7c7b5c43e424e8181bc42e941494078,completed,completed,measured,374.94356407102896,368.511305398,False,,,,,
1,formal,formal-v1,archived,worker-12-26e36ba985a24212a7ec1ec6a1f9475c,completed,completed,measured,225.8267785339849,214.264878875,False,,,,,
1,formal,formal-v1,archived,worker-12-5c86ea07eae94a60a54a3be08f0dd324,completed,completed,measured,198.4508559719543,191.615492205,False,,,,,
1,formal,formal-v1,archived,worker-13-406cccb840984690bc6c37e29308dca3,completed,completed,measured,241.76697832497302,235.347577689,False,,,,,
1,formal,formal-v1,archived,worker-13-65a53a59b90b4c7c8b044485949d7061,completed,completed,measured,123.70354441396194,111.809603868,False,,,,,
1,formal,formal-v1,archived,worker-14-2d48adfa38bb41cc8f114d1ad4d0063d,completed,completed,measured,951.1279036439955,939.145632001,False,,,,,
1,formal,formal-v1,archived,worker-14-40356f4ca90e4800bab40c9104058cbb,completed,completed,measured,484.5394466900034,477.583241102,False,,,,,
1,formal,formal-v1,archived,worker-15-b30354b8489645178a787a90422a1354,completed,completed,measured,233.91503526701126,222.256720791,False,,,,,
1,formal,formal-v1,archived,worker-15-b8a76584fadb475e9921ec61c5c03a7a,completed,completed,measured,102.12014625401935,95.133048536,False,,,,,
1,formal,formal-v1,archived,worker-16-2b1b7e12aabe432f8380e4c058363ee6,completed,completed,measured,148.77807572495658,136.786575134,False,,,,,
1,formal,formal-v1,archived,worker-16-ad57d5215f8645759bc9ffcac1274985,failed,failed,measured,382.8126128719887,375.426503988,False,,,,,
1,formal,formal-v1,archived,worker-17-72158353730440eba8348d3c124fe83b,completed,completed,measured,103.19894881098298,96.781012786,False,,,,,
1,formal,formal-v1,archived,worker-17-d7c11d4f7029455dbb797b8736deea83,completed,completed,measured,523.5154121530359,511.582984318,False,,,,,
1,formal,formal-v1,archived,worker-18-2587458ae7fb4adf8c4a01bf8c228c43,completed,completed,measured,662.3297905780491,654.853576095,False,,,,,
1,formal,formal-v1,archived,worker-18-5d7bc392373f48f285403e3430ce21ae,completed,completed,measured,482.9058662420139,471.030332017,False,,,,,
1,formal,formal-v1,archived,worker-19-02f4514900994494a1b75526a45f0f7d,completed,completed,measured,234.1387144800392,226.908364154,False,,,,,
1,formal,formal-v1,archived,worker-19-57e3faf0c1f34306b118789a158437f8,completed,completed,measured,101.65401940600714,90.388819052,False,,,,,
1,formal,formal-v1,archived,worker-2-56d972ca71e84dcdb567a856ac4aa4ac,completed,completed,measured,95.25371072202688,88.843617199,False,,,,,
1,formal,formal-v1,archived,worker-2-b7d03837d32a48c089d83eb9014fca3d,completed,completed,measured,316.99420774402097,305.316560506,False,,,,,
1,formal,formal-v1,archived,worker-20-273c63a9c3e047b7bc2dba354d0000d9,completed,completed,measured,440.98603666300187,433.356020788,False,,,,,
1,formal,formal-v1,archived,worker-20-8270bdafddf7419a9c7573f8943ae93d,completed,completed,measured,90.1227929390152,78.61674955,False,,,,,
1,formal,formal-v1,archived,worker-21-2ad8a5ffa37247a7a25a5a4018d0a9f0,completed,completed,measured,202.4334806400002,196.719916368,False,,,,,
1,formal,formal-v1,archived,worker-21-622156347dfc4b689f0f4bae4888757f,completed,completed,measured,74.4146899030311,62.980156885,False,,,,,
1,formal,formal-v1,archived,worker-21-934554e7fb2141f5b6f755298a09653e,completed,completed,measured,102.13743494899245,96.019431103,False,,,,,
1,formal,formal-v1,archived,worker-22-0160ece1e5c248b99707e0932ce0af9b,failed,failed,measured,664.7595620310167,652.917052956,False,,,,,
1,formal,formal-v1,archived,worker-22-9587da36f05c45369ba796bf1d99e13d,completed,completed,measured,110.13767496601213,103.237034915,False,,,,,
1,formal,formal-v1,archived,worker-23-607900febcf04bcdb0fae2a78729dc8c,completed,completed,measured,127.21008587500546,116.007492348,False,,,,,
1,formal,formal-v1,archived,worker-23-925c2212124840558dc5a562c3696133,completed,completed,measured,325.0532967929612,316.737266766,False,,,,,
1,formal,formal-v1,archived,worker-24-420f06b313a34db9a3f5f8c419a9911d,completed,completed,measured,110.04901221895125,97.997582414,False,,,,,
1,formal,formal-v1,archived,worker-24-51b38a7bfd064b018a31eecf0a39bb88,running,censored,observed_exit_upper_bound,7201.649961199961,,False,,,,,
1,formal,formal-v1,archived,worker-25-2142c7701ce54a70b9f0334a7337045a,completed,completed,measured,310.36386149097234,298.483597871,False,,,,,
1,formal,formal-v1,archived,worker-25-32769dc9449145348880496231df25d9,completed,completed,measured,77.59574109897949,71.184859069,False,,,,,
1,formal,formal-v1,archived,worker-26-2b53f8047bca4fab977bfb78a2f826a1,completed,completed,measured,173.46616249601357,166.405248204,False,,,,,
1,formal,formal-v1,archived,worker-26-bbc1c8d671734d42b9df3deb6fc520bf,completed,completed,measured,608.5122673419537,596.696451993,False,,,,,
1,formal,formal-v1,archived,worker-27-4839346e0a15493e94d385c961700e19,completed,completed,measured,148.316317135992,140.908867922,False,,,,,
1,formal,formal-v1,archived,worker-27-6ed89fb06d5b4ad5b7fb66050e14d437,completed,completed,measured,174.81116525904508,162.851218095,False,,,,,
1,formal,formal-v1,archived,worker-28-91564499117d4ed28162a7f733bdb8e2,completed,completed,measured,140.33241656201426,129.152079133,False,,,,,
1,formal,formal-v1,archived,worker-28-a9d9c36e0587419b9a2a2ec28887d179,completed,completed,measured,111.0309536420391,104.78383655,False,,,,,
1,formal,formal-v1,archived,worker-29-0094fa897eb748beaac8d75831da6e11,completed,completed,measured,128.65507799905026,123.506929791,False,,,,,
1,formal,formal-v1,archived,worker-29-7146e3add96144a5a688e625bda5e2ef,completed,completed,measured,59.84865668899147,48.399014836,False,,,,,
1,formal,formal-v1,archived,worker-29-cd6a946910d24a32a46691b363823d7f,completed,completed,measured,283.80396160896635,276.608829475,False,,,,,
1,formal,formal-v1,archived,worker-3-07e441764bfc462488cf3383a2dc2cd9,completed,completed,measured,364.7709789769724,358.041797066,False,,,,,
1,formal,formal-v1,archived,worker-3-3a652028bcb140b59bd48af91f08e6b8,completed,completed,measured,122.98925514804432,111.470758926,False,,,,,
1,formal,formal-v1,archived,worker-30-12ef16c25f824585baf53c4b3c209e02,completed,completed,measured,91.52984894404653,85.144931398,False,,,,,
1,formal,formal-v1,archived,worker-30-a90f9057920d473b98b3d0ea0b8e6cac,completed,completed,measured,606.615486167022,594.893451508,False,,,,,
1,formal,formal-v1,archived,worker-31-07c20cedc6bc4dc781752b6ab3d4b648,completed,completed,measured,219.25599553796928,207.334292142,False,,,,,
1,formal,formal-v1,archived,worker-31-cc1a6a5612354b6890abdb55105621fb,completed,completed,measured,378.5172406590427,371.301469859,False,,,,,
1,formal,formal-v1,archived,worker-32-5278a05669a145ab9b118788d8cbeb5f,failed,failed,measured,259.55926402297337,247.656038059,False,,,,,
1,formal,formal-v1,archived,worker-32-5503c3b6aa2246f4a8e70d54840f0118,completed,completed,measured,192.36803369398694,185.014539859,False,,,,,
1,formal,formal-v1,archived,worker-4-3016d88386b54a09b82a1acb546a5f7d,completed,completed,measured,79.53946788999019,72.694128937,False,,,,,
1,formal,formal-v1,archived,worker-4-7231661685174450a485a44b4a368308,completed,completed,measured,155.0276594979805,143.799018009,False,,,,,
1,formal,formal-v1,archived,worker-5-132a7e9d4f3849c6a1aa3fb5f997de24,completed,completed,measured,254.56407318799756,248.237719212,False,,,,,
1,formal,formal-v1,archived,worker-5-68f0a8ee6af24110a212dd779bab3c7b,completed,completed,measured,183.61531967303017,172.20099383999997,False,,,,,
1,formal,formal-v1,archived,worker-6-88acf3630c00452799f7b0af45f554c7,completed,completed,measured,2987.5106102090213,2979.746941694,False,,,,,
1,formal,formal-v1,archived,worker-6-e2b6096610e34be982ec2d6f34d20a7d,completed,completed,measured,141.47080762300175,129.965402128,False,,,,,
1,formal,formal-v1,archived,worker-7-2b7e02a2b1b54675870030ab437da2d6,completed,completed,measured,155.79221096099354,150.506369868,False,,,,,
1,formal,formal-v1,archived,worker-7-7f4fb3edfcff4097a893a0c353da4ceb,completed,completed,measured,80.40312160097528,68.496878377,False,,,,,
1,formal,formal-v1,archived,worker-7-c911e8c295fc413f8579a2db2ae05cad,completed,completed,measured,607.6533299399889,600.4901866600001,False,,,,,
1,formal,formal-v1,archived,worker-8-62c6b90458d74c5daa1e2bd865f4b01f,completed,completed,measured,88.97027067199815,77.522628809,False,,,,,
1,formal,formal-v1,archived,worker-8-da5e977315f547e2b4e95a6bcdd0f064,completed,completed,measured,416.30552269500913,408.515600802,False,,,,,
1,formal,formal-v1,archived,worker-9-059f2e0a84344979be02b4d68323978a,completed,completed,measured,493.7997210319736,486.753780276,False,,,,,
1,formal,formal-v1,archived,worker-9-adbec41024d54ba4b53ac6c79684b745,completed,completed,measured,569.6421460120473,557.650380167,False,,,,,
3,formal,formal-v1,archived,worker-10-15844b4a36ea49959483a66f89b71c27,completed,completed,measured,6014.758386225032,5982.920945441,False,,,,,
3,formal,formal-v1,archived,worker-10-174b0bf53eb84d38939e88a13c9bbb31,completed,completed,measured,1346.0603615529835,1300.827090643,False,,,,,
3,formal,formal-v1,archived,worker-11-224a650a036648eda84ea248a919db94,completed,completed,measured,2399.8290668450063,2354.684853093,False,,,,,
3,formal,formal-v1,archived,worker-11-eca66bfd360648ddb55915824d6be5db,completed,completed,measured,871.4545284549822,839.899837624,False,,,,,
3,formal,formal-v1,archived,worker-12-194087053f354c09885a3b3537314889,completed,completed,measured,418.5793608009699,374.92521396,False,,,,,
3,formal,formal-v1,archived,worker-12-8fdcca91799f47ec9dc92734d9809101,completed,completed,measured,967.2820950440364,936.958689658,False,,,,,
3,formal,formal-v1,archived,worker-13-54ec331385b04c60a274e384306e23e6,completed,completed,measured,986.516536162002,955.362601106,False,,,,,
3,formal,formal-v1,archived,worker-13-9ca2ec7f0d864d1db6b8e2068e1e12e6,completed,completed,measured,488.6899641909986,443.41129488,False,,,,,
3,formal,formal-v1,archived,worker-14-771a3fac3874415f96be89951e95122b,completed,completed,measured,886.9275794870337,855.424457973,False,,,,,
3,formal,formal-v1,archived,worker-14-c6056c1622b2447eac6d51cfb8d77ea6,completed,completed,measured,883.1123810440185,838.298461921,False,,,,,
3,formal,formal-v1,archived,worker-15-a52a76b732fa4e129f813c36cc4ca4de,completed,completed,measured,741.0663131480105,695.994829006,False,,,,,
3,formal,formal-v1,archived,worker-15-dba141840e8e4ae6a067779650c89959,completed,completed,measured,444.2182001679903,414.099148851,False,,,,,
3,formal,formal-v1,archived,worker-16-5003b2d449744315845bac1408e9c975,completed,completed,measured,784.5337075769785,740.089113303,False,,,,,
3,formal,formal-v1,archived,worker-16-fa1dc480dcb54c49bc6834e2ec8790c4,completed,completed,measured,696.5129814799875,666.277239478,False,,,,,
3,formal,formal-v1,archived,worker-17-1db73275df96482f944c5f427dc427e0,completed,completed,measured,406.6566184759722,374.218009144,False,,,,,
3,formal,formal-v1,archived,worker-17-bea4aa63b93c474d8f04607abee019e4,completed,completed,measured,870.5843419730081,825.610916407,False,,,,,
3,formal,formal-v1,archived,worker-18-568e6215045b4bb6bb33da286cd391ee,completed,completed,measured,486.1064823929919,454.075149319,False,,,,,
3,formal,formal-v1,archived,worker-18-ee6fb39dc107408fbf6529cb3b612b62,completed,completed,measured,367.3875799420057,323.013004351,False,,,,,
3,formal,formal-v1,archived,worker-19-3cceab55e0494fb795e1c4803f0d9ffd,completed,completed,measured,199.8663763119839,170.607768971,False,,,,,
3,formal,formal-v1,archived,worker-19-4766923ce57d4047b004838154d4b50e,completed,completed,measured,5373.663826550008,5328.370238,False,,,,,
3,formal,formal-v1,archived,worker-20-cfb717245ce04a2a9b541127fe3a2457,completed,completed,measured,1203.7565845379722,1172.00895187,False,,,,,
3,formal,formal-v1,archived,worker-20-df196819aed44e7da331ec3adc33c3fd,completed,completed,measured,1209.7269843979739,1165.782557047,False,,,,,
3,formal,formal-v1,archived,worker-21-c2b48d45c6794b9097f334ac497548ea,completed,completed,measured,527.1724909009645,482.426453988,False,,,,,
3,formal,formal-v1,archived,worker-21-c8c2b50d570642b3817e7afabf42fa81,completed,completed,measured,222.02080850698985,190.106665489,False,,,,,
3,formal,formal-v1,archived,worker-22-6c83501af2854556a64d0f6038c19fd4,completed,completed,measured,469.46856497001136,436.89978679,False,,,,,
3,formal,formal-v1,archived,worker-22-e508d8035be249cca2fdd12105e7f362,completed,completed,measured,686.306455545011,641.548122585,False,,,,,
3,formal,formal-v1,archived,worker-23-7d9533e2f3c14bb59097458c9ade77d5,completed,completed,measured,289.3951285139774,259.003319591,False,,,,,
3,formal,formal-v1,archived,worker-23-e2e62a47343445e9a50a30fa31dbf983,completed,completed,measured,338.3789109229692,293.291733961,False,,,,,
3,formal,formal-v1,archived,worker-24-0e09b8440e314a0799468942a8e4f1df,completed,completed,measured,679.8259405160206,648.203505425,False,,,,,
3,formal,formal-v1,archived,worker-24-42cce167bbd44937859edc82f0f1d4c0,completed,completed,measured,257.461948939017,212.14471067,False,,,,,
3,formal,formal-v1,archived,worker-25-30a4ebbd17e34d4bb617eed68e6aa433,completed,completed,measured,4132.565728653979,4100.367359196,False,,,,,
3,formal,formal-v1,archived,worker-25-e63672910f8b442b8382c0a1278cc1c1,completed,completed,measured,334.8852289780043,289.672957918,False,,,,,
3,formal,formal-v1,archived,worker-26-5a135a44498b49d2bc8b359468d1e92b,completed,completed,measured,1065.3784438899602,1021.039426348,False,,,,,
3,formal,formal-v1,archived,worker-26-9303a6ec010d49ada2ade8dc810b9cd8,completed,completed,measured,966.1006234480301,935.561925705,False,,,,,
3,formal,formal-v1,archived,worker-27-770da1c261ac403a986a4b9642a3ec9d,completed,completed,measured,3404.4749012569664,3359.175728323,False,,,,,
3,formal,formal-v1,archived,worker-27-d6dbffa565aa4140acf1d65657986655,completed,completed,measured,1896.2228775830008,1863.800875879,False,,,,,
3,formal,formal-v1,archived,worker-28-1d7be666f5ee4622b8ce8e73bba7bbf7,completed,completed,measured,823.2566565320012,790.942731041,False,,,,,
3,formal,formal-v1,archived,worker-28-d71c815c99e64b96be1c161502717a6e,completed,completed,measured,310.9019757049973,266.417607092,False,,,,,
3,formal,formal-v1,archived,worker-29-2aef29951fa8452c914417cd81cd3c9b,completed,completed,measured,1247.957661168999,1216.104269165,False,,,,,
3,formal,formal-v1,archived,worker-29-fa15252eeb41491392b2972bfb32f7d6,completed,completed,measured,1650.6928118350334,1605.526458664,False,,,,,
3,formal,formal-v1,archived,worker-30-31e601b5cdf4499cb6494af23c4e7249,completed,completed,measured,712.8117864549858,682.560481886,False,,,,,
3,formal,formal-v1,archived,worker-30-fde46c5935f64537a9891c5c7c4583a3,completed,completed,measured,1341.8141878959723,1298.321739369,False,,,,,
3,formal,formal-v1,archived,worker-31-60e058dd86b844eab47afa2b2dfc93dd,completed,completed,measured,1484.0949244169751,1438.862001847,False,,,,,
3,formal,formal-v1,archived,worker-31-85161d09245348b6950451b6bc14f189,completed,completed,measured,272.6571980030276,242.849148198,False,,,,,
3,formal,formal-v1,archived,worker-32-a418a51363f048ac9addf2df23682eb2,completed,completed,measured,999.949067442969,955.561811723,False,,,,,
3,formal,formal-v1,archived,worker-32-af32fcf822a546dd8eca9b9b54b045c9,completed,completed,measured,355.8463449020055,323.613550925,False,,,,,
3,formal,formal-v1,archived,worker-33-8207fe0bff87467d91a9965fe30bbf7d,completed,completed,measured,333.01305065699853,288.811465664,False,,,,,
3,formal,formal-v1,archived,worker-33-8f848aedd83547b9806f3a03b5e29351,completed,completed,measured,785.4228126410162,754.442854859,False,,,,,
3,formal,formal-v1,archived,worker-34-3a0f85b4a35843ffbf59670bd9a2cbfb,completed,completed,measured,773.2305360870087,728.825229926,False,,,,,
3,formal,formal-v1,archived,worker-34-ad9b59b20cac462fbcff678e29b39e35,completed,completed,measured,1430.8875508260098,1398.816667626,False,,,,,
3,formal,formal-v1,archived,worker-35-846990b15fa94bcf8821ece1c9064732,completed,completed,measured,357.51962638500845,313.735764408,False,,,,,
3,formal,formal-v1,archived,worker-35-e88f7f325a01470d95bb6fc9006d08e2,completed,completed,measured,359.4319819950033,330.133734565,False,,,,,
3,formal,formal-v1,archived,worker-36-ad2c78ab13e2480c96b325c33718826a,completed,completed,measured,1141.8315933829872,1096.984463451,False,,,,,
3,formal,formal-v1,archived,worker-36-e4002408ff784f2dbb270a11394635a4,completed,completed,measured,563.8551069099922,532.19965725,False,,,,,
3,formal,formal-v1,archived,worker-37-3fbfe06cdd08438590e9f41338e007c7,completed,completed,measured,399.57983003999107,355.107799824,False,,,,,
3,formal,formal-v1,archived,worker-37-4ed7a02f40a94f68b9c3e00267728fb8,completed,completed,measured,245.81412723503308,216.187143445,False,,,,,
3,formal,formal-v1,archived,worker-38-3196e2cfbc8a4b1a90588491c46f2041,completed,completed,measured,1597.2972881970345,1564.438607955,False,,,,,
3,formal,formal-v1,archived,worker-38-f8d39b53480d4be2b33886c3e5926768,completed,completed,measured,2054.9131191269844,2009.708981526,False,,,,,
3,formal,formal-v1,archived,worker-39-337ac59d0e2343b6b43043ba1a119894,completed,completed,measured,278.6670536500169,248.093232841,False,,,,,
3,formal,formal-v1,archived,worker-39-cba9ad51a26d41d3b5b15cf6eb746ed1,completed,completed,measured,1757.8806121529778,1712.133188091,False,,,,,
3,formal,formal-v1,archived,worker-40-2efaf935c8e54a67b8360a6a5f6fef7b,completed,completed,measured,207.6505739680142,176.50473489,False,,,,,
3,formal,formal-v1,archived,worker-40-dfb13bcfdf354ea9844e3efa76e92ab5,completed,completed,measured,1116.3463432759745,1071.705936749,False,,,,,
3,formal,formal-v1,archived,worker-9-6d8417599c7c4f038724374122a09489,completed,completed,measured,413.5049662379897,369.051866154,False,,,,,
3,formal,formal-v1,archived,worker-9-ba637469ded347b18f18b42ceba2a18c,running,censored,observed_exit_upper_bound,7200.147732140962,,False,,,,,
1,fresh_validation,winner-validation-v2,validation,worker-0-6773963e98be4aa2a40b030fef713e78,functional_pass,functional_pass,measured,234.83965933299623,180.657728539,True,,,,,
2,fresh_validation,winner-validation-v2-r1,validation,worker-0-ea3e8c172ba548bf83152a59baf54348,functional_pass,functional_pass,measured,441.85575191903627,384.766238174,True,,,,,
2,fresh_validation,winner-validation-v2-r2,validation,worker-0-2d3cd54c4ca141a2b49bf96039c17db1,functional_pass,functional_pass,measured,366.76476707099937,354.69281676,False,,,,,
2,fresh_validation,winner-validation-v2-r3,validation,worker-0-a90ecd8c5cd04677aa3fc0e2b04564b8,functional_pass,functional_pass,measured,367.81452999502653,355.803622991,False,,,,,
3,fresh_validation,winner-validation-v2-r1,validation,worker-0-218961f5b84a4273bc234dd012217e4f,functional_pass,functional_pass,measured,275.45444556104485,166.689617787,True,,,,,
3,fresh_validation,winner-validation-v2-r2,validation,worker-0-d524610895ad47fc96d1bb5348a2b1ef,functional_pass,functional_pass,measured,192.27744513901416,153.97822924,False,,,,,
3,fresh_validation,winner-validation-v2-r3,validation,worker-0-21d42aacf6d74164a97a7073d9e3bab6,functional_pass,functional_pass,measured,193.04197109199595,154.348965939,False,,,,,
